"constant","comparison","feature","clr_padj","tss_padj","clr_log10","tss_log10","clr_est","tss_est","clr_se","tss_se","direction"
-1,"cent vs mage","7",0.000232417603674582,2.98357355528271e-08,3.6337309808893,7.52526325084498,2.93495700284703,3.719233904497,0.416027022353428,0.415593106137952,"TSS_more_sig"
-1,"cent vs mage","12",0.000128453835306135,0.0182232031228741,3.89125292427094,1.73937528398629,-2.59866037490074,-1.80475192085995,0.350550387040939,0.350793275952832,"CLR_more_sig"
-1,"cent vs mage","22",3.0497560633059e-06,0.00151404662758785,5.51573489658663,2.81986074980801,-2.84009289258291,-2.05750628569176,0.322374234606711,0.322966946416033,"CLR_more_sig"
-1,"cent vs mage","24",0.000281129436809517,7.21387410360984e-08,3.55109367742849,7.14183144125035,3.24702317407253,4.06259864764441,0.491473538941561,0.495012232099229,"TSS_more_sig"
-1,"cent vs mage","33",0.0013715515521148,0.0394014277170819,2.86278786405054,1.40448804115878,-2.47660080790144,-1.70800389246252,0.390653271097551,0.392846424390923,"CLR_more_sig"
-1,"cent vs mage","39",0.0429832852941503,2.68007466449943e-05,1.36670039362369,4.57185310674419,2.3794095849062,3.15169420543882,0.413824202724567,0.416035548290877,"TSS_more_sig"
-1,"cent vs mage","51",1.60761409900974e-05,0.00253912015955901,4.79381819363746,2.59531674638952,-3.02116355418968,-2.20715229261386,0.387945693394749,0.385277067042603,"CLR_more_sig"
-1,"cent vs mage","53",7.08458981186139e-05,0.0118522888557712,4.14968528974992,1.92619777273883,-2.96227222313714,-2.10227837607989,0.44978156999325,0.442150620813895,"CLR_more_sig"
-1,"cent vs mage","57",1.74430489309527e-05,0.00189580621888078,4.75837760093116,2.72220605643454,-3.19150312457496,-2.40704467282952,0.448545772859186,0.455283789829389,"CLR_more_sig"
-1,"cent vs mage","72",0.000224567435969602,0.0377200520563843,3.64865321959744,1.42342771657668,-2.64452071646898,-1.86674802583071,0.383155570849102,0.391495991844138,"CLR_more_sig"
-1,"cent vs mage","100",9.44255667362987e-07,0.000482790003041057,6.02491039988451,3.31624173126121,-4.02899788346792,-3.174787119002,0.580383304757138,0.572321066729667,"CLR_more_sig"
-1,"cent vs mage","103",0.000213162426551412,0.0209404072199783,3.67128934457726,1.67901487701869,-2.76412675821155,-1.97112722139176,0.441302555410965,0.437063190770475,"CLR_more_sig"
-1,"cent vs mage","114",1.57659616072269e-11,5.71609507808778e-09,10.8022795353521,8.24290055602777,-4.83600607012915,-4.10112986096228,0.481259705162503,0.48133242275359,"CLR_more_sig"
-1,"cent vs mage","124",0.000400595764381456,0.0190670104312603,3.39729364694331,1.71971739583642,-2.80799855589565,-2.0307723908955,0.421865880402327,0.420059394006498,"CLR_more_sig"
-1,"cent vs mage","132",1.55014889813287e-14,3.55500813971806e-13,13.8096265840673,12.4491594005515,-5.51521672969572,-4.80763670124481,0.483774987041004,0.493256568227831,"CLR_more_sig"
-1,"cent vs mage","143",1.55014889813287e-14,1.84541092592324e-09,13.8096265840673,8.73390691243723,-5.05084391596776,-4.26911260149408,0.446113178868813,0.451471291851736,"CLR_more_sig"
-1,"cent vs mage","145",0.00117551299937318,0.0473980097430112,2.92977256388075,1.32423989410176,-2.96959360237893,-2.15433027965071,0.51873583737171,0.514183679506023,"CLR_more_sig"
-1,"cent vs mage","146",1.6197508071589e-05,0.00184293091006076,4.7905517949637,2.73449094581283,-3.20115698493193,-2.37983207939003,0.422846666674836,0.426765327164187,"CLR_more_sig"
-1,"cent vs mage","147",0.000630324842669051,0.0287534010781846,3.20043557591187,1.54131077768296,-2.90485192569818,-2.1750200749635,0.516903537310109,0.516437694590814,"CLR_more_sig"
-1,"cent vs mage","148",6.31326767757e-07,0.000119397790177846,6.19974579653878,3.92300371108311,-3.94504415681495,-3.04150513594192,0.501661057361434,0.500815694630844,"CLR_more_sig"
-1,"cent vs mage","156",7.3544431665617e-05,0.0273137631130023,4.13345020381263,1.56361846146316,-2.72310605384087,-1.87320029113038,0.430903454361887,0.430430943304578,"CLR_more_sig"
-1,"cent vs mage","169",1.03154107062005e-06,0.000129736985814671,5.98651347599081,3.88693619627216,-3.54508772793699,-2.87300798594588,0.436513087327597,0.447223265809324,"CLR_more_sig"
-1,"cent vs mage","173",0.00049687208128497,0.00628112032497409,3.30375540511504,2.20196288690611,-3.12430327003925,-2.37095980422556,0.489101791587732,0.494003897098044,"CLR_more_sig"
-1,"cent vs mage","186",0.0122031506554167,0.0388413258106314,1.91352802706225,1.41070595429405,-2.88447188433424,-2.1030300169904,0.523620893042043,0.542270172020611,"CLR_more_sig"
-1,"cent vs mage","191",2.40675523396709e-06,0.00437935546186281,5.61856807505219,2.35858980272744,-3.17957608154556,-2.48494297105101,0.459298419861103,0.464479501994029,"CLR_more_sig"
-1,"cent vs mage","194",0.0007401040678452,0.0286854992324447,3.1307072087647,1.54233758740576,-3.04105474025367,-2.25241719593613,0.483082802374461,0.480631412115788,"CLR_more_sig"
-1,"cent vs mage","199",8.3191188643867e-05,0.0264008275866346,4.07992267041597,1.57838245908944,-2.83324859262076,-2.05203249952882,0.472874781562019,0.489333304251712,"CLR_more_sig"
-1,"cent vs mage","210",0,2.20172815164806e-12,14.9345653206756,11.6572363045865,-5.45496922281774,-4.76915095718277,0.457989894344384,0.463368385875509,"CLR_more_sig"
-1,"cent vs mage","219",1.16261167359966e-14,2.2285973992157e-11,13.9345653206756,10.651968380641,-5.16009622993802,-4.31350902718235,0.462456165292022,0.467707838255673,"CLR_more_sig"
-1,"cent vs mage","242",0.000293742063011002,0.0352495989550679,3.53203385931457,1.45284581973902,-2.77635284157626,-1.93527825848308,0.43676489416665,0.43471911848274,"CLR_more_sig"
-1,"cent vs mage","255",0.00020028634765841,0.012254981967162,3.69834865299644,1.91168732346272,-3.2801332030018,-2.39104905952188,0.524743342904473,0.524714678276494,"CLR_more_sig"
-1,"cent vs mage","269",8.21953637745583e-05,0.017635756125514,4.08515267812796,1.75360591540683,-2.61819367788469,-1.81548543234052,0.339758685790173,0.344013114039958,"CLR_more_sig"
-1,"cent vs mage","274",0.000214833674329545,0.00703253873292224,3.66789764369282,2.15288786720427,-3.0937054915604,-2.3200305684591,0.512601302982876,0.494820472407999,"CLR_more_sig"
-1,"cent vs mage","287",0.000196150309075357,0.00766588663168859,3.70741100321318,2.11543760767443,-3.11965618480714,-2.35249206065156,0.446964248198496,0.44835328380378,"CLR_more_sig"
-1,"cent vs mage","289",6.36975969507111e-07,0.00145441016344285,6.19587695150659,2.83731309925431,-3.69311825435608,-2.89219352454209,0.480965006591906,0.484470377288458,"CLR_more_sig"
-1,"cent vs mage","337",0.00172552900279272,0.0260893452324115,2.76307773666402,1.58353682030641,-2.84867501169079,-2.05565859286811,0.469490912424747,0.476567379791361,"CLR_more_sig"
-1,"cent vs mage","339",0.00581816724514273,0.0314862362675371,2.23521379897094,1.50187924999956,-2.86159053981109,-2.19254488525347,0.460219746306567,0.473174088315498,"CLR_more_sig"
-1,"cent vs mage","353",8.5395349977445e-09,0.000255806330990322,8.06856577725149,3.59208871130327,-4.44312991326048,-3.52604178275117,0.451144661443926,0.456450763125968,"CLR_more_sig"
-1,"cent vs mage","363",1.16357921079515e-06,0.00676911678986022,5.93420404672165,2.1694679928086,-3.15687381544099,-2.42009330148813,0.438641447078578,0.4535619433461,"CLR_more_sig"
-1,"cent vs mage","372",1.05676866335881e-05,0.00318481171491925,4.97602007345194,2.49691623792477,-3.27546329308241,-2.42972334807275,0.480803246638691,0.476036332453548,"CLR_more_sig"
-1,"cent vs mage","381",0.000192384075770013,0.0382390318423709,3.71583087871934,1.41749311197226,-3.05892994672916,-2.09995493750801,0.495184588617574,0.490359571075499,"CLR_more_sig"
-1,"cent vs mage","387",0.00032067510584119,0.0478505142135517,3.49393475324723,1.32011339082532,-2.63092699559499,-1.81897733190621,0.443235171701417,0.445176015463935,"CLR_more_sig"
-1,"cent vs mage","401",0.000100442006860184,0.0127111118765747,3.99808461854377,1.89581645882909,-3.2688997074399,-2.20618644345081,0.444730726393375,0.431558158341393,"CLR_more_sig"
-1,"cent vs mage","409",0.0003593173548249,0.00912938798630313,3.44452180611106,2.03955833561798,-2.96338692928572,-2.19200799700172,0.484187215113082,0.485580141556476,"CLR_more_sig"
-1,"cent vs mage","433",0.000273781900508035,0.0072332328193425,3.56259526609723,2.14066755584462,-2.97465266392104,-2.26837392529853,0.431342614695484,0.444363963732628,"CLR_more_sig"
-1,"cent vs mage","453",2.03124008382869e-05,0.043814601647611,4.69223874182425,1.35838113245943,-3.23867632062647,-2.36807688122127,0.450647164480534,0.451863813565502,"CLR_more_sig"
-1,"cent vs mage","464",2.09319076691917e-05,0.000882446482513654,4.6791911896045,3.05431162367813,-3.34893726213119,-2.58611932655369,0.47428743784494,0.479676238447289,"CLR_more_sig"
-1,"cent vs mage","473",0.00113821205741656,0.030300840058545,2.94377681809359,1.51854533097845,-2.5902122778969,-1.81238624641982,0.432562370718334,0.438172345647019,"CLR_more_sig"
-1,"cent vs mage","488",3.72185215153603e-05,0.0350893216358738,4.42924088296436,1.45482502769923,-3.13842335380769,-2.4182566381619,0.461398793710101,0.462941748400168,"CLR_more_sig"
-1,"cent vs mage","528",2.42984260621223e-05,0.00581050106618326,4.61442185704668,2.23578641478774,-3.02905343641138,-2.4970430884931,0.424160424515559,0.451437625392813,"CLR_more_sig"
-1,"cent vs mage","531",0.000157730379130518,0.00705192488301223,3.80208465278319,2.15169232244575,-3.29874402782443,-2.48747372284261,0.474763128758415,0.466082884638376,"CLR_more_sig"
-1,"cent vs mage","537",0.00318698187003097,0.0466437102580174,2.49662040711551,1.33120691106862,-2.49018217104542,-1.84507367151685,0.442107615246321,0.456973087588602,"CLR_more_sig"
-1,"cent vs mage","546",4.82693491884614e-05,0.00100539940834237,4.31632855669748,2.99766137468156,-3.43340426708287,-2.5504112115265,0.452864323378468,0.440393800123773,"CLR_more_sig"
-1,"cent vs mage","562",0.00194678387450277,0.0337039746983888,2.71068225973872,1.47231887990644,-2.8439877274904,-2.02836175719266,0.432511766355638,0.429937494342123,"CLR_more_sig"
-1,"cent vs mage","675",3.02983322194275e-10,2.2108526053111e-06,9.51858127670674,5.65544021030859,-4.21055678927215,-3.40328678931554,0.476769722219314,0.4706375775615,"CLR_more_sig"
-1,"cent vs mage","737",1.19056739319674e-05,0.00991850415341284,4.92424601591214,2.0035538204772,-3.25963754990557,-2.5397061907924,0.475362033723269,0.477767034795176,"CLR_more_sig"
-1,"cent vs mage","753",0.00108292819986519,0.0290727702682263,2.96540033694444,1.53651358347272,-2.89325242986438,-2.15244434588734,0.506867678107295,0.513174421281613,"CLR_more_sig"
-1,"cent vs mage","769",6.13241760580638e-05,0.00236931430306664,4.21236827819439,2.62537732381361,-3.24265854331597,-2.44227274491579,0.450601597599459,0.456890054353533,"CLR_more_sig"
-1,"cent vs mage","770",1.98677800038577e-07,0.000106987805336347,6.70185065759767,3.97066572116479,-3.29429590813097,-2.51840650752621,0.351877292821543,0.352197487064246,"CLR_more_sig"
-1,"cent vs mage","816",6.28333120377861e-05,0.00559091930981298,4.20181004736947,2.25251677559249,-2.86657203166329,-2.23315605874482,0.405032058896997,0.423793647228384,"CLR_more_sig"
-1,"cent vs mage","819",0.00074228688760545,0.0108596724987447,3.12942821113113,1.96418327181279,-3.22740433297781,-2.46752423803286,0.448353719562252,0.44625320933691,"CLR_more_sig"
-1,"cent vs mage","837",0.000375669652498373,0.0177601682992778,3.42519388687654,1.75055292306748,-3.01884115654025,-2.3055438459661,0.455894275511367,0.452689613015529,"CLR_more_sig"
-1,"cent vs mage","849",2.03521193812785e-05,0.00208479247573021,4.69139035854355,2.68093716905031,-3.09176566546958,-2.28496455941703,0.415667471086009,0.420019858961468,"CLR_more_sig"
-1,"cent vs mage","859",3.95004933833242e-05,0.00567115592741846,4.40339747975792,2.2463284117007,-2.93144401685588,-2.19549414613914,0.447486355252969,0.459481919506038,"CLR_more_sig"
-1,"cent vs mage","884",1.48847569866519e-05,0.00327254966163899,4.8272582513913,2.48511375421582,-2.96150381111159,-2.17853136283179,0.392139749973164,0.397692927629751,"CLR_more_sig"
-1,"cent vs mage","912",0.00103072721992691,0.00445514003883932,2.98685625475058,2.35113864019292,-3.39803769721421,-2.52526987142524,0.464482737339379,0.461394843286215,"CLR_more_sig"
-1,"cent vs mage","917",1.77212357679775e-07,0.00162519348208359,6.75150599641621,2.78909492810098,-3.60595763401593,-2.76676935555742,0.491327584351165,0.493086593289886,"CLR_more_sig"
-1,"cent vs mage","921",8.32448412450903e-13,8.49159036026929e-10,12.0796426705929,9.0710109646433,-4.96458012110075,-4.30092155939692,0.462388115774242,0.470657134091645,"CLR_more_sig"
-1,"cent vs mage","925",0.00117096237127165,0.0171379947940626,2.93145706070189,1.76603999342904,-2.92580211601853,-2.16070836067464,0.433078298601022,0.421541846326633,"CLR_more_sig"
-1,"cent vs mage","966",7.57586763970491e-06,0.003681563577156,5.12056762162991,2.43396769526344,-3.5018870138887,-2.68651074211143,0.521071722764147,0.524834724653437,"CLR_more_sig"
-1,"cent vs mage","975",7.92249949565756e-05,0.00220985033976897,4.10113777978463,2.65563713754266,-3.06073615527516,-2.43754917038783,0.438583947040145,0.447457739507109,"CLR_more_sig"
-1,"cent vs mage","978",0.0362569628651675,0.000164613050651787,1.4406085782367,3.7835357365516,2.18389300684902,2.85392474083586,0.449004008119411,0.456816494052138,"TSS_more_sig"
-1,"cent vs mage","1004",6.8822775726438e-06,0.000852217181997059,5.16226781560981,3.06944971400873,-3.46226574964769,-2.83455701443407,0.454588299159863,0.473767363828718,"CLR_more_sig"
-1,"cent vs mage","1019",1.50425384885293e-09,1.75791446896571e-06,8.82267886862909,5.75500225927355,-3.83906604296624,-3.10089463651534,0.388647430757132,0.403715037708051,"CLR_more_sig"
-1,"cent vs mage","1040",2.48402180244277e-07,0.0352332107289707,6.604844596644,1.45304777866552,-3.08792062548663,-2.19342594983017,0.439382041908775,0.430066759938286,"CLR_more_sig"
-1,"cent vs mage","1058",3.99439201770292e-06,6.76352478290594e-05,5.39854931483574,4.16982691429309,-3.8359026497292,-3.00854596938033,0.453384977062492,0.458013519437337,"CLR_more_sig"
-1,"cent vs mage","1079",3.19927518336539e-06,0.000776725996995187,5.49494840278018,3.10973215877928,-3.26269690464799,-2.49663311776406,0.41856055581659,0.427103901067103,"CLR_more_sig"
-1,"cent vs mage","1087",0.0480893661380012,9.28845613925657e-05,1.31795094728848,4.03205646533043,2.66418065793026,3.43650241551441,0.49853071002289,0.497096549720357,"TSS_more_sig"
-1,"cent vs mage","1098",0.000177334823088697,3.65872752655705e-08,3.7512059739858,7.43666993216929,3.32438310893002,4.07836853570665,0.441366451501973,0.443137740659168,"TSS_more_sig"
-1,"cent vs mage","1104",6.49455086832098e-06,0.000486851243831125,5.18745087725519,3.3126037160997,-3.57316231519887,-2.76017696593458,0.443614156717926,0.447320052178192,"CLR_more_sig"
-1,"eld vs kin","3",0,5.78205539003562e-11,30.3115368949102,10.2379177522586,-5.82340555944607,-4.67020016974992,0.446812670459568,0.446294498523068,"CLR_more_sig"
-1,"eld vs kin","4",0.0492070876903638,1.95494345953059e-14,1.30797233781965,13.7088657986614,1.40312624719775,2.55275129293265,0.219960825087791,0.220073106196585,"TSS_more_sig"
-1,"eld vs kin","5",6.3430840266023e-14,0.00030008992272084,13.1976995354813,3.52274858831461,-3.85243669595233,-2.71197824303318,0.384882956064386,0.384638192501714,"CLR_more_sig"
-1,"eld vs kin","7",1.98741027885005e-22,4.88048637963343e-30,21.7017124683469,29.3115368949102,6.53187142408593,7.66407354736794,0.476270656257591,0.471092104957268,"TSS_more_sig"
-1,"eld vs kin","10",3.89770409585063e-10,0.00194731242058266,9.4091911345404,2.710564366071,-3.79890885383838,-2.67463794277139,0.470416452111105,0.475719445207389,"CLR_more_sig"
-1,"eld vs kin","11",0.00629256079760533,1.19867451878684e-11,2.20117257968314,10.9212987267297,2.11240545229096,3.2354460297517,0.348960218611952,0.344838657916122,"TSS_more_sig"
-1,"eld vs kin","12",8.17161894248023e-10,0.032038690838966,9.0876918935125,1.4943252383128,-3.06289167341346,-1.91082559456513,0.369352287638823,0.369540636662729,"CLR_more_sig"
-1,"eld vs kin","14",0.0107395764505036,5.19302320405495e-13,1.96901284608863,12.2845797368368,1.73900648736057,2.89519356312953,0.275377176430394,0.277457103228132,"TSS_more_sig"
-1,"eld vs kin","16",0.00256044558792676,5.61458703795927e-15,2.59168444893103,14.2506821812958,1.90132052125122,3.0556753698457,0.266632226367429,0.267824692314151,"TSS_more_sig"
-1,"eld vs kin","21",1.36816402471619e-09,4.23221048553081e-23,8.8638618333477,22.3734327411545,2.99016041854708,4.12870914110101,0.295380198998339,0.293598695995573,"TSS_more_sig"
-1,"eld vs kin","31",0.0343503906530374,2.93965199551896e-07,1.46406831952164,6.53170407957812,2.47609179334051,3.62650586145841,0.538499249583938,0.531279933722425,"TSS_more_sig"
-1,"eld vs kin","33",2.12793324126156e-12,7.80284561974461e-05,11.6720420010981,4.10774698556893,-4.26795904517515,-3.12721860740762,0.459021903530705,0.455868472834669,"CLR_more_sig"
-1,"eld vs kin","38",2.08430323007348e-08,0.0343260677300944,7.68103909843979,1.46437594492657,-2.87218041428033,-1.72889405119648,0.378582892217484,0.377350007902431,"CLR_more_sig"
-1,"eld vs kin","57",1.22246307903896e-06,0.00858617360917381,5.9127642486148,2.0662003344981,-3.46188811200786,-2.35314372216812,0.486310254723277,0.480037038658362,"CLR_more_sig"
-1,"eld vs kin","62",1.06980052911309e-09,0.0339557144258526,8.97069719164306,1.46908712757564,-2.71321009453184,-1.55907240398995,0.318704642951046,0.317644477177317,"CLR_more_sig"
-1,"eld vs kin","65",2.12799917347193e-13,7.87156735280544e-05,12.6720285450596,4.10393878417184,-3.74413748770051,-2.6096519688237,0.370259708372685,0.367462827234982,"CLR_more_sig"
-1,"eld vs kin","67",0,7.00664718374562e-10,30.3115368949102,9.15448975063974,-6.46492242377836,-5.40664267996755,0.562622521710975,0.570728135055072,"CLR_more_sig"
-1,"eld vs kin","74",0.00906566056923658,5.16449220883706e-09,2.04260054555388,8.28697237341665,2.74347114206928,3.85918386091749,0.509449945011154,0.504129437852204,"TSS_more_sig"
-1,"eld vs kin","79",2.8357435247186e-13,8.74867520397056e-06,12.5473330509348,5.05805770642514,-4.8222316373267,-3.68576499866103,0.484359755671805,0.481904963635968,"CLR_more_sig"
-1,"eld vs kin","82",1.92858200278837e-08,2.11501084938938e-05,7.71476189032071,4.67468740047908,-4.81819683790015,-3.67869373754791,0.620436223306715,0.602008805294986,"CLR_more_sig"
-1,"eld vs kin","83",8.82110530531112e-12,0.000144288601162536,11.0544769933351,3.84076797692971,-4.55533431187566,-3.34928114770059,0.52203209822763,0.521475892652336,"CLR_more_sig"
-1,"eld vs kin","84",1.65519561833602e-14,7.06287207957126e-07,13.7811506720131,6.15101865947719,-4.88510297207141,-3.66094469172497,0.480982005125895,0.476524833966854,"CLR_more_sig"
-1,"eld vs kin","85",1.00026808014526e-07,0.025673157862009,6.99988358987513,1.59052070874592,-3.34830712435467,-2.20041699281491,0.479182742760988,0.491839493107216,"CLR_more_sig"
-1,"eld vs kin","87",6.486872527289e-08,0.00462365359815422,7.18796463625182,2.33501471049701,-3.98313372489342,-2.75004444123117,0.530931831279844,0.524941054058346,"CLR_more_sig"
-1,"eld vs kin","89",4.78228259800353e-09,1.25521284193334e-17,8.32036476382727,16.9012826261832,3.8679519553016,5.02876581109756,0.447728024542718,0.438721395705001,"TSS_more_sig"
-1,"eld vs kin","91",1.28734284798567e-12,1.01209313027789e-05,11.8903057754272,4.99477952296573,-5.34264698083,-4.21796695249321,0.584354761963372,0.590504592933346,"CLR_more_sig"
-1,"eld vs kin","100",3.03796782623352e-10,1.4360585732104e-05,9.51741682986864,4.84282784595494,-4.75603025786262,-3.64010794612436,0.55910227497964,0.563893799297346,"CLR_more_sig"
-1,"eld vs kin","102",6.55876886575725e-08,0.00369190783293739,7.18317767357958,2.43274914950591,-3.94298230083345,-2.78152868077742,0.547096180321807,0.554099509925684,"CLR_more_sig"
-1,"eld vs kin","108",8.77162509159096e-05,0.00992521908856969,4.05691993879716,2.003259897874,-3.73206107248526,-2.67977019121403,0.648978585479122,0.656345805770324,"CLR_more_sig"
-1,"eld vs kin","110",4.94487209664013e-07,0.00923411831941524,6.30584493732096,2.03460456500906,-3.53155705264329,-2.37501111636313,0.521491669036541,0.52551689858636,"CLR_more_sig"
-1,"eld vs kin","111",1.12550211130286e-10,0.000866208341994573,9.94865368597992,3.0623776381255,-4.2771221655281,-3.09835175745743,0.462695280462388,0.45363460173149,"CLR_more_sig"
-1,"eld vs kin","115",2.22066632856607e-06,0.0123454655424079,5.65351669248665,1.90849252835767,-3.72567766030976,-2.5661865085476,0.569975992647631,0.560772534073999,"CLR_more_sig"
-1,"eld vs kin","118",3.65658395861798e-09,0.0314456129206059,8.43692445031415,1.50243993582356,-3.25921596367324,-2.13775488213492,0.397381313629154,0.395371310053601,"CLR_more_sig"
-1,"eld vs kin","121",2.84985104153262e-06,1.1352269565179e-12,5.54517783947608,11.9449173048938,3.51036349749924,4.66399121962163,0.492994202893638,0.498992328553882,"TSS_more_sig"
-1,"eld vs kin","128",2.13994513508933e-06,0.0331382535286624,5.6695973611524,1.47967038375167,-3.65084916339687,-2.64752855245891,0.576004858591334,0.581020851508391,"CLR_more_sig"
-1,"eld vs kin","130",6.71725611818389e-07,0.000373126210023215,6.17280809243476,3.42814424313646,-4.35908468560956,-3.25973130735696,0.594468031514695,0.595655597635362,"CLR_more_sig"
-1,"eld vs kin","133",1.11310621586783e-07,0.00480755552661586,6.95346339203156,2.31807569101801,-3.58087992943802,-2.40727578541402,0.489329642399519,0.49674837515593,"CLR_more_sig"
-1,"eld vs kin","138",0.000696072678626517,1.29653178567604e-11,3.15734541228806,10.8872168316332,2.83490940609003,3.91854110097978,0.441031894931545,0.431980484078673,"TSS_more_sig"
-1,"eld vs kin","139",5.66623954525452e-12,7.75892598037267e-05,11.2467050692467,4.11019839125204,-4.96161265626406,-3.81239839056127,0.540969486192211,0.536308612259996,"CLR_more_sig"
-1,"eld vs kin","145",3.11821695651993e-05,0.0476687373341338,4.50609367114158,1.32176635166181,-3.48556804172624,-2.28719421509552,0.534706307451205,0.540167842333106,"CLR_more_sig"
-1,"eld vs kin","147",3.1865735578801e-06,0.00827035188635207,5.49667605194868,2.08247601172318,-3.99134225895467,-2.61554216759198,0.563203098266375,0.556717164423046,"CLR_more_sig"
-1,"eld vs kin","148",1.70338317828819e-05,0.039285746871846,4.76868764593205,1.405764985952,-3.01571843751316,-1.97529086518647,0.53700574900459,0.541989716765376,"CLR_more_sig"
-1,"eld vs kin","150",1.41913283128818e-07,0.0446434041623861,6.84797695253717,1.35024269685336,-2.91155082228294,-1.70953735342959,0.405458329326831,0.403514015157194,"CLR_more_sig"
-1,"eld vs kin","151",1.09314124558067e-08,3.87021697275237e-17,7.96132371891665,16.4122646868086,4.34456728234016,5.52053009690849,0.485514823828618,0.490624414031102,"TSS_more_sig"
-1,"eld vs kin","162",3.58358683811564e-06,0.00759484040418168,5.44568206716556,2.11948134784615,-3.77282859440833,-2.63906782732811,0.599157957436897,0.606250520258182,"CLR_more_sig"
-1,"eld vs kin","163",6.95232919908952e-07,0.034643182883102,6.15786967183512,1.46038221350616,-4.04153625344964,-2.78265928838808,0.567762436839337,0.577019521783594,"CLR_more_sig"
-1,"eld vs kin","164",0.0446044682571846,1.56242120396205e-06,1.35062163361434,5.80620187577421,2.12333519062411,3.36797773590647,0.456542005916792,0.475440145475096,"TSS_more_sig"
-1,"eld vs kin","169",8.21647740279043e-11,0.000138233431841972,10.0853143348229,3.8593869098663,-4.40870140414434,-3.34155704364572,0.51037253328165,0.526710020861305,"CLR_more_sig"
-1,"eld vs kin","172",2.0792742534081e-08,0.000880021583378624,7.68208822404687,3.05550667622791,-3.80724202151121,-2.67197580994429,0.454908738441502,0.448863834391756,"CLR_more_sig"
-1,"eld vs kin","181",5.24832317462019e-08,0.00176873720645627,7.27997943037155,2.75233668843795,-3.62447514321524,-2.44073160531343,0.48448577577872,0.487173927300782,"CLR_more_sig"
-1,"eld vs kin","200",2.11827919539374e-05,0.0443730250196569,4.67401679917293,1.35288096333747,-3.22322749184742,-2.17351283833944,0.529633195760551,0.533727061792976,"CLR_more_sig"
-1,"eld vs kin","203",1.03565849480263e-07,0.0394260282089415,6.98478342825206,1.40421697169223,-3.29617849811957,-2.02117851422465,0.43654641763745,0.432043622507985,"CLR_more_sig"
-1,"eld vs kin","207",0.0105851632064175,5.48577212151194e-09,1.97530244146128,8.26076223691111,2.49997926723453,3.62697100163921,0.461427884549288,0.458061203819848,"TSS_more_sig"
-1,"eld vs kin","216",5.42634613481034e-07,0.0192356422160481,6.26549250699101,1.7158933094232,-3.46826943422168,-2.29816547176992,0.513579174154493,0.519557112982102,"CLR_more_sig"
-1,"eld vs kin","222",0.0425359202677991,9.35170193605892e-06,1.37124416676401,5.02910934376108,2.25423382211598,3.36069273469245,0.500328764525738,0.512976425391732,"TSS_more_sig"
-1,"eld vs kin","251",1.66836330510508e-07,0.0249995728073172,6.7777093708315,1.60206741248836,-3.98091218395712,-2.73894918522854,0.583248860769026,0.59557487064922,"CLR_more_sig"
-1,"eld vs kin","252",3.77012257211934e-08,0.00984559793082402,7.42364453002505,2.0067579036831,-3.53832970268357,-2.38858204744224,0.47723339570481,0.476448222641116,"CLR_more_sig"
-1,"eld vs kin","267",3.14373204123699e-07,0.00298028380339101,6.5025544785269,2.52574237740767,-4.25411487264233,-3.04615868142462,0.610330645856558,0.618232843499149,"CLR_more_sig"
-1,"eld vs kin","282",3.44372292171092e-08,0.00349438616001096,7.46297179868552,2.45662910339001,-3.93349333671682,-2.82128736495536,0.47257325767987,0.46762024279418,"CLR_more_sig"
-1,"eld vs kin","349",2.56863376570399e-06,0.0459782469278762,5.59029781277226,1.33744759165882,-3.3809779975737,-2.13078942709192,0.498924301321507,0.498455810094115,"CLR_more_sig"
-1,"eld vs kin","363",1.6078047958726e-06,0.0255550320620692,5.79376668022781,1.59252356983021,-3.3197403917843,-2.20141391447997,0.489142937608939,0.479277295185967,"CLR_more_sig"
-1,"eld vs kin","473",1.32080534450333e-07,0.0020164958995474,6.87916118241364,2.69540265677352,-3.78452301171572,-2.58585002147206,0.538645958537406,0.531007699649214,"CLR_more_sig"
-1,"eld vs kin","614",2.70932705271575e-08,0.0315239441741496,7.56713856653697,1.50135945025907,-4.07744682140665,-2.7652871064952,0.499629131322235,0.499753668731117,"CLR_more_sig"
-1,"eld vs kin","616",4.58525967687248e-10,0.00093836024988725,9.33863606391123,3.02763039775982,-3.75714585028829,-2.56559359590677,0.43518701750422,0.433410561107481,"CLR_more_sig"
-1,"eld vs kin","666",1.93768612266609e-15,7.16751305890329e-08,14.7127165710593,7.14463150711472,-4.9231899495333,-3.857765407425,0.421355196702652,0.428251078064827,"CLR_more_sig"
-1,"eld vs kin","728",1.0991314547225e-06,3.536285098226e-16,5.95895036340315,15.4514527290676,3.08347823731158,4.17586814711966,0.385015236643904,0.376117264221557,"TSS_more_sig"
-1,"eld vs kin","744",9.52355003207527e-12,1.59866889353404e-05,11.0212011322931,4.79624147534151,-4.74240641834498,-3.59020091391523,0.531699968075278,0.521178231097688,"CLR_more_sig"
-1,"eld vs kin","757",5.38090277464437e-07,0.0427496064979911,6.26914485497393,1.36906787851564,-3.06026784532582,-1.90365297176972,0.443009420750941,0.451178293022303,"CLR_more_sig"
-1,"eld vs kin","770",4.27552516504495e-09,0.00830047567624949,8.36901053303565,2.08089701875033,-3.70836557362241,-2.51942138570108,0.436577963018687,0.442312306525416,"CLR_more_sig"
-1,"eld vs kin","786",9.08878000427108e-12,7.95584953571308e-05,11.0414944086341,4.09931343902516,-4.83555446330464,-3.61248496571952,0.51193069130332,0.496499284494327,"CLR_more_sig"
-1,"eld vs kin","849",1.35909749939534e-09,0.00066114727255642,8.86674938658574,3.17970178932759,-3.84676620238001,-2.72004485775163,0.442150527783864,0.435026994699316,"CLR_more_sig"
-1,"eld vs kin","854",0.0339826651360885,2.17421212751821e-06,1.46874256400411,5.66269808613918,2.28045215646809,3.34245345161006,0.474728560198213,0.462620838182233,"TSS_more_sig"
-1,"eld vs kin","875",1.66854819269697e-05,0.0274999668420492,4.77766124509543,1.56066782981787,-3.45580250261123,-2.32403459851608,0.55820692913907,0.559341918156153,"CLR_more_sig"
-1,"eld vs kin","879",1.34989095330287e-08,0.00567154932441752,7.8697013132025,2.24629828658642,-3.56037619857105,-2.49286883352379,0.419572360881166,0.418661861069023,"CLR_more_sig"
-1,"eld vs kin","886",3.42878304670744e-05,2.37529684816014e-10,4.46485999362481,9.62428210752886,3.42706879537824,4.67136721765539,0.521322402596718,0.524375858935937,"TSS_more_sig"
-1,"eld vs kin","891",1.47037163232088e-08,0.000168760752768242,7.83257288466127,3.77272854608724,-4.42381680604321,-3.29194183026615,0.564950445480888,0.575048331859671,"CLR_more_sig"
-1,"eld vs kin","895",1.03745396247221e-09,0.00030671103123831,8.98403116621865,3.51327060380306,-4.27728072488852,-3.11829913134482,0.507367931773933,0.513726539988119,"CLR_more_sig"
-1,"eld vs kin","914",2.72558500841701e-06,0.00594532110859714,5.56454026819116,2.22582468403507,-3.8518881214319,-2.83334946731756,0.556277620816612,0.560478811096641,"CLR_more_sig"
-1,"eld vs kin","917",3.72131263666754e-05,0.043695463008404,4.42930384229345,1.35956365439585,-3.18199175852752,-2.10624508936133,0.531796416947994,0.536376546321366,"CLR_more_sig"
-1,"eld vs kin","935",4.56782687983126e-06,0.014454300383835,5.34029036416648,1.84000292417963,-3.60159886609726,-2.51067573179927,0.544103525236478,0.544113666009534,"CLR_more_sig"
-1,"eld vs kin","947",0.000117295594298238,1.4169169632958e-12,3.93071829997226,11.8486556003094,3.06122009606673,4.26829825882908,0.426549033998481,0.435421748919382,"TSS_more_sig"
-1,"eld vs kin","965",2.33383644899437e-05,0.0363679952353154,4.63192958179022,1.43928063851738,-3.7187183139539,-2.85366209749472,0.609272719198832,0.595631565605126,"CLR_more_sig"
-1,"eld vs kin","978",1.40738561196349e-14,1.49485018463525e-26,13.8515868931813,25.8254023305814,4.97277173846041,6.0028642308312,0.411312571548809,0.392334337578504,"TSS_more_sig"
-1,"eld vs kin","984",8.5129112754395e-09,1.44189145054857e-15,8.06992189295414,14.8410674332381,3.88374939254417,5.02550955032308,0.43304600400877,0.429498877364412,"TSS_more_sig"
-1,"eld vs kin","991",4.2729541271707e-10,8.82651483896451e-05,9.36927176958008,4.05421074432591,-4.84764455358004,-3.70987920013839,0.582774690993072,0.585695404737629,"CLR_more_sig"
-1,"eld vs kin","1000",1.71926396719839e-05,0.045314529773966,4.76465743878902,1.34376252229426,-3.23375863985026,-2.19367990824422,0.563453841620418,0.557187651198081,"CLR_more_sig"
-1,"eld vs kin","1014",1.60182052807064e-15,8.36377899260473e-06,14.7953861449527,5.07759745165068,-5.39126468646326,-4.21312498099186,0.511094218456167,0.521817273027656,"CLR_more_sig"
-1,"eld vs kin","1021",1.49181793038554e-11,4.35799378625603e-05,10.8262841773016,4.360713393318,-4.81944450795441,-3.72351203883765,0.54910720749113,0.55605173170128,"CLR_more_sig"
-1,"eld vs kin","1030",3.06785341881081e-05,1.34894905625299e-09,4.51316539469777,8.87000445137034,3.02502270289648,4.11250165089735,0.42575359226301,0.429010169739079,"TSS_more_sig"
-1,"eld vs kin","1047",7.10388917792392e-12,0.0321544392057119,11.1485038222564,1.49275906039279,-2.78079880151043,-1.63883193939327,0.292340160057071,0.291180806285762,"CLR_more_sig"
-1,"eld vs kin","1074",1.52763578673355e-10,1.16489553846971e-21,9.81598017630104,20.9337130180717,3.93187413759901,5.07106943419599,0.385734641151026,0.37864400898703,"TSS_more_sig"
-1,"eld vs kin","1076",2.39374985968514e-07,1.90850381623516e-14,6.62092123414442,13.7193069673008,3.42043395589658,4.59549819545154,0.429903197011629,0.426311365013971,"TSS_more_sig"
-1,"eld vs kin","1079",2.9288062591864e-07,0.0156168804169227,6.53330935598968,1.80640571521061,-3.48709421787331,-2.29874433825576,0.495431432521183,0.487422758651874,"CLR_more_sig"
-1,"eld vs kin","1089",0.00593702499514839,1.47415694632973e-13,2.22643112267034,12.8314562767915,1.88933136775116,3.03815666556885,0.288299866669773,0.289446546974202,"TSS_more_sig"
-1,"eld vs kin","1098",1.2967353513392e-17,1.19692792917801e-26,16.8871486493444,25.9219319990527,5.88468803334303,7.00517505703831,0.4459697451941,0.448908198323159,"TSS_more_sig"
-1,"eld vs kin","1101",1.03696292063917e-06,0.00350512387358465,5.98423677268493,2.4552966291485,-3.80607372711307,-2.59058730050804,0.588660094382894,0.589595689965333,"CLR_more_sig"
-1,"eld vs kin","1104",3.2976433079212e-09,0.00597545873298339,8.48179632194171,2.22362874852946,-3.82669691856967,-2.65778718408357,0.468163805746966,0.466352361712517,"CLR_more_sig"
-1,"eld vs kin","1105",4.84421530666523e-16,2.68535372391508e-09,15.3147765623872,8.57099849945184,-5.66326071767454,-4.56984975885917,0.504880984052663,0.51568191116469,"CLR_more_sig"
-1,"eld vs kin","1112",1.33828325252564e-09,0.000181181784610399,8.87345195683003,3.74188546692875,-4.70561885578526,-3.49745889203543,0.531459914205128,0.525993361015363,"CLR_more_sig"
-0.9,"cent vs mage","7",8.47885674709929e-05,3.77065719683407e-07,4.07166270221242,6.42358294897614,2.8829086982391,3.64889512647996,0.416421379870787,0.417251689478398,"TSS_more_sig"
-0.9,"cent vs mage","12",3.95999136890962e-05,0.0408282241938099,4.40230576064999,1.3890395091194,-2.65756272543176,-1.89539089396541,0.351466764430268,0.350725526093117,"CLR_more_sig"
-0.9,"cent vs mage","21",0.0376641695055605,0.000170820322583213,1.4240716043134,3.76746046233138,1.56948045802474,2.32612632464166,0.260976362293954,0.260807096989994,"TSS_more_sig"
-0.9,"cent vs mage","22",9.94011438582414e-07,0.00594607194321678,6.00260861793202,2.22576984044675,-2.89675771800698,-2.14042250042716,0.323122730811969,0.322459008957371,"CLR_more_sig"
-0.9,"cent vs mage","24",0.000122839034860109,5.92219266191688e-07,3.91066360444466,6.22751746816483,3.21284055808083,3.95629928691092,0.493111250824733,0.490438296749759,"TSS_more_sig"
-0.9,"cent vs mage","26",0.0485253255894809,0.000784533884832527,1.31403154195216,3.10538829404265,1.80813785682649,2.54873560488128,0.373896715046157,0.374406969748157,"TSS_more_sig"
-0.9,"cent vs mage","39",0.00848808771735655,3.13731814973297e-05,2.07119014100975,4.50344143805476,2.2696993449284,3.06513699467558,0.413431836188997,0.414937217662429,"TSS_more_sig"
-0.9,"cent vs mage","42",0.0120464666661663,0.000161287688124388,1.91914031677433,3.79239878316104,2.16377047981172,2.90825289970643,0.409533253328716,0.411319159918668,"TSS_more_sig"
-0.9,"cent vs mage","51",5.36949651880642e-06,0.00597619003583303,5.27006643485078,2.22357560091799,-3.05304181854272,-2.29667766579301,0.38606086480652,0.388343010321966,"CLR_more_sig"
-0.9,"cent vs mage","53",0.000213394006865248,0.0197695044756213,3.67081778182767,1.70400421617952,-2.95679478978995,-2.24492465371676,0.440435718935711,0.450726262978507,"CLR_more_sig"
-0.9,"cent vs mage","57",6.5171977122848e-06,0.00643943327179637,5.185939103609,2.19115235278956,-3.29971012315647,-2.54648346240575,0.46119328539493,0.46479862274436,"CLR_more_sig"
-0.9,"cent vs mage","72",5.85890940542634e-05,0.0499324003836919,4.23218321730698,1.30161755574873,-2.71832922876883,-1.97553346003859,0.385399609124053,0.390119966747915,"CLR_more_sig"
-0.9,"cent vs mage","100",3.8513249569455e-06,0.00218102682545212,5.41438983607623,2.66133899280086,-3.96982188754251,-3.28671249443258,0.573391531451072,0.573901043594094,"CLR_more_sig"
-0.9,"cent vs mage","103",0.000203226113668257,0.0411577245473054,3.69202048785781,1.3855486437217,-2.80305832981993,-2.04947144588208,0.435709959449449,0.435826585075556,"CLR_more_sig"
-0.9,"cent vs mage","114",1.04442896750138e-10,8.94565401789447e-09,9.98112109141483,8.04838790261149,-4.99990496902766,-4.20474745235507,0.492005867407954,0.490693898451943,"CLR_more_sig"
-0.9,"cent vs mage","132",0,9.02948815254915e-12,14.684687847459,11.0443368674964,-5.57415423803272,-4.80882118089392,0.489877005906411,0.490530868803441,"CLR_more_sig"
-0.9,"cent vs mage","142",0.0415271149189685,0.00525471852870972,1.38166824029142,2.27945054218609,2.33171102044823,3.12538614983025,0.540969396454129,0.536914536590882,"TSS_more_sig"
-0.9,"cent vs mage","143",2.0668651975105e-14,1.83630767651895e-09,13.684687847459,8.73605455024837,-5.07499655986972,-4.36908906897321,0.446029238008459,0.439598771426401,"CLR_more_sig"
-0.9,"cent vs mage","145",0.000975150873909908,0.0302167387242885,3.01092818569899,1.51975241062823,-2.96476224536845,-2.29231634871122,0.5093615482555,0.526089581262738,"CLR_more_sig"
-0.9,"cent vs mage","146",1.53116209802038e-06,0.0056611555564453,5.81497882984435,2.24709491146806,-3.25999739455113,-2.49411446289714,0.431980130780323,0.42834138178957,"CLR_more_sig"
-0.9,"cent vs mage","148",1.02035243884649e-06,3.40963916006656e-05,5.99124979313155,4.46729157968315,-3.92321444372884,-3.17237609040629,0.498170778465106,0.500976753798646,"CLR_more_sig"
-0.9,"cent vs mage","156",0.000233217692783171,0.0433303382445886,3.63223850542834,1.3632079207698,-2.71109670062123,-2.01785568566744,0.431326126559898,0.431867664306733,"CLR_more_sig"
-0.9,"cent vs mage","169",7.4938829261828e-09,0.000572345773179865,8.12529309599135,3.24234152013302,-3.69556821402485,-2.876692045437,0.441242209363403,0.440671379885942,"CLR_more_sig"
-0.9,"cent vs mage","173",0.000267808041210523,0.0428021064374549,3.57217638699194,1.36853485735009,-3.27720808108765,-2.46362064710175,0.499266131449804,0.485776390452244,"CLR_more_sig"
-0.9,"cent vs mage","191",0.000144629271075238,0.0107491864612563,3.83974380261569,1.96862440353972,-3.15449534670209,-2.42254678289771,0.454972117860553,0.455940501971876,"CLR_more_sig"
-0.9,"cent vs mage","194",0.000412551175919452,0.0303238165612665,3.38452217065135,1.51821613921458,-3.07956359929773,-2.45431326400007,0.473739364553014,0.487253161427585,"CLR_more_sig"
-0.9,"cent vs mage","199",0.000980799310136787,0.0493677144245775,3.00841984829455,1.30655697883214,-2.99105853775996,-2.08273132074226,0.494567892505231,0.483327079449689,"CLR_more_sig"
-0.9,"cent vs mage","210",0,8.52581893973081e-14,14.684687847459,13.0692638945731,-5.5351794704783,-4.93280912849951,0.460611676456355,0.467651797345781,"CLR_more_sig"
-0.9,"cent vs mage","219",0,1.11139032500849e-11,14.684687847459,10.9541333882,-5.17534482108994,-4.3672313718141,0.464720497073171,0.456782188688727,"CLR_more_sig"
-0.9,"cent vs mage","242",4.36533843685192e-05,0.0384807849898573,4.35998208058166,1.41475607714134,-2.9330339451378,-2.14300933204124,0.451606600981204,0.449630867007662,"CLR_more_sig"
-0.9,"cent vs mage","255",0.000142759857633469,0.0323294344658773,3.84539389381409,1.49040189237258,-3.35408599984907,-2.43764898410813,0.526952569710025,0.52210066233104,"CLR_more_sig"
-0.9,"cent vs mage","269",9.30015975333586e-06,0.036764990718938,5.03150959129592,1.4345655393268,-2.70409283432253,-1.92625109874411,0.343272817966128,0.341281673659994,"CLR_more_sig"
-0.9,"cent vs mage","274",5.87709179979675e-05,0.00809879052467552,4.23083752558068,2.09157983392127,-3.23684137040797,-2.40521913624332,0.504134885874558,0.504472346817272,"CLR_more_sig"
-0.9,"cent vs mage","287",4.66863760969467e-06,0.00588690632433714,5.33080983568967,2.23011287486341,-3.17216553212532,-2.47311040523717,0.439551757310694,0.456831031544495,"CLR_more_sig"
-0.9,"cent vs mage","289",7.41407644026298e-06,0.00166146348334756,5.12994294064079,2.77950919946798,-3.74608976331563,-3.08166206871896,0.492818411918516,0.493245660599061,"CLR_more_sig"
-0.9,"cent vs mage","293",0.000316036326121828,0.0196014501407175,3.500262995459,1.70771179778563,-2.7783618422607,-2.06201556993874,0.456767981627827,0.456079801796744,"CLR_more_sig"
-0.9,"cent vs mage","328",0.00119673441282338,0.0403479054313808,2.92200222038988,1.39417900575491,-2.78131682109301,-2.11368776827556,0.464311036436252,0.465645458067981,"CLR_more_sig"
-0.9,"cent vs mage","339",0.00197896148414159,0.0420898022449081,2.70356265823805,1.37582311474014,-2.88604499261706,-2.00713538686264,0.469492353711939,0.462959662956044,"CLR_more_sig"
-0.9,"cent vs mage","353",2.2041158115481e-11,3.32311836706433e-05,10.6567655899496,4.47845418919154,-4.40943027658753,-3.71345960900353,0.44773595265501,0.448893422459896,"CLR_more_sig"
-0.9,"cent vs mage","363",1.05267656818877e-05,0.0329432503556969,4.97770504403518,1.48223355325665,-3.26670373556149,-2.51318586482647,0.445121018022714,0.438355982704033,"CLR_more_sig"
-0.9,"cent vs mage","372",5.14508798968056e-06,0.0206327506258541,5.28860719367007,1.68544287081503,-3.38667396702255,-2.61332857101322,0.481652237672412,0.477746273047839,"CLR_more_sig"
-0.9,"cent vs mage","381",0.000640546361991362,0.0188121105513362,3.1934494310585,1.72556247774149,-2.98777566040871,-2.37400496119178,0.505601406555313,0.501006929675217,"CLR_more_sig"
-0.9,"cent vs mage","400",0.000251426727722224,0.0167923307443158,3.59958855685977,1.77488902041085,-2.81245572184799,-2.04384585963105,0.433482302464108,0.432951420195625,"CLR_more_sig"
-0.9,"cent vs mage","401",2.15327193838683e-05,0.0074191766091662,4.66690111932517,2.12964429066949,-3.18813544823335,-2.33626511888665,0.434841302559304,0.438056823858208,"CLR_more_sig"
-0.9,"cent vs mage","404",0.000594797084994693,0.046272026528405,3.22563116855261,1.33468147973436,-2.64695397909793,-1.90058184098209,0.471092728485168,0.473577933718382,"CLR_more_sig"
-0.9,"cent vs mage","409",7.35812188415417e-05,0.0463414988971902,4.13323302254224,1.33402992323808,-2.97174633637999,-2.32890610944903,0.482245967205655,0.491832072309115,"CLR_more_sig"
-0.9,"cent vs mage","431",0.00327432266197361,0.018936688729915,2.48487852608168,1.72269595944303,-2.88286507680384,-2.15475650027492,0.446242357769695,0.445810813146017,"CLR_more_sig"
-0.9,"cent vs mage","453",7.74561784482614e-06,0.0414396899406395,5.11094393414796,1.38258350272163,-3.19871411824279,-2.43300368461041,0.44553046303644,0.462374866965157,"CLR_more_sig"
-0.9,"cent vs mage","464",3.16383550765027e-06,0.00311552261475881,5.49978610418095,2.50646909196842,-3.35557602605882,-2.55542302714881,0.478088636956629,0.476412483290245,"CLR_more_sig"
-0.9,"cent vs mage","488",3.94509129527994e-05,0.0126030420626845,4.40394294211805,1.89952461428101,-3.12584392264204,-2.51925014504271,0.457615005072259,0.451597392276395,"CLR_more_sig"
-0.9,"cent vs mage","528",1.45711678741052e-05,0.0341777790444995,4.83650563828129,1.46625616221379,-3.24446358723911,-2.47377133842478,0.438523135280753,0.428396884509903,"CLR_more_sig"
-0.9,"cent vs mage","531",3.91986315892344e-06,0.0126205979801884,5.40672909378612,1.89892006717243,-3.43941875002949,-2.62559880658732,0.474689199129827,0.471182974482007,"CLR_more_sig"
-0.9,"cent vs mage","546",8.3827234384399e-07,0.00715810949075616,6.07661486178364,2.1452016629078,-3.3762172434126,-2.65248393453513,0.432810221642253,0.435991753832152,"CLR_more_sig"
-0.9,"cent vs mage","675",4.45266856376672e-09,7.14422714110598e-05,8.35137963055578,4.14604474609029,-4.22138400353295,-3.46399458340144,0.474115117366058,0.468009715005398,"CLR_more_sig"
-0.9,"cent vs mage","737",2.27138976871077e-06,0.0079202658422582,5.64370833479136,2.1012602411519,-3.3463135788427,-2.62811996389752,0.476760690036578,0.470437450689965,"CLR_more_sig"
-0.9,"cent vs mage","753",0.00036703541386415,0.0399145032360631,3.43529203028802,1.39886927145817,-2.96698160640538,-2.20553210626232,0.513511859684728,0.503787917342017,"CLR_more_sig"
-0.9,"cent vs mage","769",4.16046374699941e-05,0.00751419633435315,4.38085825794592,2.12411746167984,-3.39873490430583,-2.59489695051587,0.462906239744873,0.460236685597502,"CLR_more_sig"
-0.9,"cent vs mage","770",2.14799469565601e-08,0.000467096957408397,7.66796679543532,3.33059296162476,-3.36648049886152,-2.62467868595462,0.359189192494513,0.363415749932597,"CLR_more_sig"
-0.9,"cent vs mage","815",0.000696247515599236,0.0351342131031196,3.15723634149645,1.45426976886079,-2.85906779488653,-2.0206859558314,0.457565437351096,0.461484532212382,"CLR_more_sig"
-0.9,"cent vs mage","816",2.77903307136416e-05,0.00908198691589493,4.55610628495149,2.04181912810767,-2.98221706799281,-2.24241205680858,0.405501467776965,0.41836302112514,"CLR_more_sig"
-0.9,"cent vs mage","819",1.13492903737393e-05,0.0070820137415792,4.94503129233904,2.14984323489417,-3.19924564054451,-2.60464193144864,0.437659756494296,0.450082760505844,"CLR_more_sig"
-0.9,"cent vs mage","837",2.83230793515386e-06,0.0167491781990451,5.5478595309018,1.77600649682866,-3.13441986767208,-2.37934940570781,0.452409304035307,0.454937731790535,"CLR_more_sig"
-0.9,"cent vs mage","849",7.1487677383203e-06,0.00732642273734611,5.145768812824,2.13510802599362,-3.14944763426301,-2.37513027950793,0.419079900142212,0.415987786921116,"CLR_more_sig"
-0.9,"cent vs mage","859",2.88811032354863e-05,0.0398527102515012,4.53938622107703,1.39954213832691,-3.13021558345885,-2.34789011746722,0.459747307110026,0.454658635452495,"CLR_more_sig"
-0.9,"cent vs mage","884",2.92925269961635e-06,0.00869810497036803,5.53324316115723,2.0605753554915,-2.99319593761403,-2.2464083739856,0.384878390049396,0.391191082594042,"CLR_more_sig"
-0.9,"cent vs mage","912",0.000299262602722103,0.0108708232403891,3.5239475512727,1.96373756582905,-3.41024443741511,-2.49416871854474,0.467838237065049,0.450136204134724,"CLR_more_sig"
-0.9,"cent vs mage","917",1.97983388948294e-05,0.00314146863428558,4.70337124605525,2.50286727210106,-3.61508131954136,-2.84223304943913,0.49671966701855,0.493624985891332,"CLR_more_sig"
-0.9,"cent vs mage","921",3.79786480042554e-13,2.62289377120692e-09,12.4204604997028,8.58121929824414,-5.10756038623662,-4.33124594899991,0.481720981412818,0.466387201988355,"CLR_more_sig"
-0.9,"cent vs mage","925",0.000139879267547131,0.0106530964153581,3.85424665046254,1.97252414239874,-3.00844594105574,-2.31575559138028,0.429020088514861,0.431647818750645,"CLR_more_sig"
-0.9,"cent vs mage","926",0.000792640099918946,0.0406899194059034,3.10092396034778,1.39051317034839,-2.70668111517874,-1.95572841997612,0.409371001588696,0.411134628399456,"CLR_more_sig"
-0.9,"cent vs mage","966",7.5486755885195e-05,0.0063600767435775,4.12212923844402,2.19653764392531,-3.63898399144694,-2.83226880101921,0.536439289566601,0.524191641542804,"CLR_more_sig"
-0.9,"cent vs mage","975",0.00106451063197871,0.032800299051158,2.97284999661492,1.48412219666406,-3.10003376959588,-2.42818302894885,0.437063838469942,0.437602296300442,"CLR_more_sig"
-0.9,"cent vs mage","1004",1.51143276843205e-08,0.00123575923871318,7.82061116634813,2.90806613400726,-3.6660823621382,-2.86129106034226,0.468797459529316,0.462147703175107,"CLR_more_sig"
-0.9,"cent vs mage","1019",2.92523985028268e-11,3.17128003020767e-06,10.5338385188523,5.49876540723045,-3.91673369208966,-3.13341418623919,0.402283974126411,0.387833034607824,"CLR_more_sig"
-0.9,"cent vs mage","1040",4.55698502122527e-05,0.00979485776532114,4.34132239893783,2.009001866171,-3.16863006837725,-2.33987534559033,0.456734001717158,0.446049134920966,"CLR_more_sig"
-0.9,"cent vs mage","1058",7.79557139894053e-08,0.00204806710050659,7.10815204643897,2.68865581873998,-3.88593346598403,-3.13265184638156,0.459552262052159,0.457580286423569,"CLR_more_sig"
-0.9,"cent vs mage","1074",0.0418442837361235,0.000308873570082718,1.37836386171895,3.51021925213336,1.99668267656748,2.76256670678373,0.377570756897712,0.384056409500707,"TSS_more_sig"
-0.9,"cent vs mage","1079",2.20079424267599e-06,0.0030449657878708,5.65742055874038,2.51641758257869,-3.34739348180879,-2.57226654699707,0.430290422995055,0.415767676295527,"CLR_more_sig"
-0.9,"cent vs mage","1087",0.0091089679669099,0.000706781398009941,2.0405308251857,3.15071488934064,2.56391745664594,3.36193258375109,0.49567039115319,0.50161717736997,"TSS_more_sig"
-0.9,"cent vs mage","1098",0.000115149834608257,4.73768060160266e-07,3.93873668148414,6.324434221291,3.24104850424202,3.99006937325898,0.444522638322295,0.442230089548606,"TSS_more_sig"
-0.9,"cent vs mage","1104",5.46902146243595e-07,0.00486821089581401,6.26209037229199,2.31263061595875,-3.62279981764302,-2.9710845262584,0.443007368682616,0.45328246963497,"CLR_more_sig"
-0.9,"eld vs kin","3",0,1.08510422869301e-13,25.8490715833973,12.9645285440531,-5.5521747395767,-4.78771578246811,0.446341074552446,0.446920306316242,"CLR_more_sig"
-0.9,"eld vs kin","4",0.0313184083740806,0.00200026323948773,1.50420031723728,2.69891284636903,1.67714197705104,2.43892521578837,0.220744501044751,0.220653159284522,"TSS_more_sig"
-0.9,"eld vs kin","5",4.91666242027523e-10,3.29046113744972e-06,9.30832960949399,5.48274323414246,-3.59173703147355,-2.829954135444,0.385552332640363,0.384208615388258,"CLR_more_sig"
-0.9,"eld vs kin","7",4.78772468494213e-22,1.41556043833999e-25,21.3198708313751,24.8490715833973,6.75528782762578,7.47374058386344,0.463276077037746,0.460876448713386,"TSS_more_sig"
-0.9,"eld vs kin","10",1.47101724024005e-07,0.0002467709188282,6.83238223733553,3.60770602185355,-3.51695812430708,-2.77269128947891,0.469675174485882,0.47019885438032,"CLR_more_sig"
-0.9,"eld vs kin","11",0.00246997001356411,0.000125084871650867,2.60730831921916,3.9027952127354,2.39777679824466,3.12494030803996,0.356693082491013,0.346238703273264,"TSS_more_sig"
-0.9,"eld vs kin","12",1.08099319281286e-06,0.0041977106701282,5.96617704085994,2.37698749874482,-2.7850776649564,-2.02939426564232,0.369540021352919,0.369291841237353,"CLR_more_sig"
-0.9,"eld vs kin","14",0.00779682334908248,0.000226386580622941,2.10808230538274,3.6451493201257,2.00294403377991,2.76105195998292,0.276241112778383,0.274922179382514,"TSS_more_sig"
-0.9,"eld vs kin","15",0.0235852310663397,0.00777539454253401,1.62735986458068,2.10927756457791,2.13412256015435,2.87088043253372,0.43533628592015,0.4296806996211,"TSS_more_sig"
-0.9,"eld vs kin","16",0.00059041055291984,1.21326851092784e-05,3.22884588859373,4.91604307389894,2.17085812365731,2.93897313623104,0.267041209117062,0.267038263532102,"TSS_more_sig"
-0.9,"eld vs kin","21",5.02287357220493e-10,2.217371603208e-12,9.29904775307373,11.6541615185685,3.24843765148673,4.0128009892249,0.293423124771066,0.293589725947374,"TSS_more_sig"
-0.9,"eld vs kin","23",0.0459746375901855,0.0312509638627015,1.33748168554183,1.5051365833184,1.56576001093068,2.32858180332886,0.310065850674634,0.310637190784501,"TSS_more_sig"
-0.9,"eld vs kin","25",0.0153735028809783,0.00268152174143683,1.81322716642654,2.57161867748228,2.20791454002469,2.94947604851594,0.421121920849134,0.419361132690498,"TSS_more_sig"
-0.9,"eld vs kin","29",0.0393242089256599,0.0188943873263161,1.40534000519994,1.72366718604991,1.59237743982916,2.36536042841566,0.291431611501288,0.291174383840844,"TSS_more_sig"
-0.9,"eld vs kin","31",0.00642950428667952,0.00250126339413476,2.19182250979097,2.60184057272525,2.77055998969275,3.54945790374482,0.53848065068838,0.53595183639365,"TSS_more_sig"
-0.9,"eld vs kin","33",7.36044607679282e-10,2.41316493060684e-06,9.1330958646273,5.61741299470761,-4.02596109532803,-3.25115720542181,0.460808534002814,0.457376921477102,"CLR_more_sig"
-0.9,"eld vs kin","38",2.17692597530186e-05,0.0131885004722474,4.66215633855859,1.87980458077279,-2.62609430641121,-1.88412886767017,0.379752416677741,0.378220252801732,"CLR_more_sig"
-0.9,"eld vs kin","57",3.12285900238982e-05,0.0113501906752811,4.50544762379619,1.94499684256541,-3.22470317342424,-2.41680107273763,0.476108815995122,0.482257894424307,"CLR_more_sig"
-0.9,"eld vs kin","62",3.07736799330234e-06,0.0128732150540765,5.51182056748193,1.89031297556095,-2.4516968917198,-1.68680737342897,0.317859201478358,0.318520770139254,"CLR_more_sig"
-0.9,"eld vs kin","65",1.71857516760515e-09,5.8234418340632e-05,8.76483146779664,4.23482025800875,-3.4653067358039,-2.70452900135054,0.358421789209402,0.366635783676632,"CLR_more_sig"
-0.9,"eld vs kin","67",0,3.91800134003084e-12,25.8490715833973,11.4069354198043,-6.25173384250921,-5.48411838377283,0.568933466006243,0.568875850450489,"CLR_more_sig"
-0.9,"eld vs kin","68",0.000138343911691652,0.036171103040166,3.85903994875216,1.44163824719765,-2.5035789993551,-1.70940378562262,0.383216131007743,0.382645168630413,"CLR_more_sig"
-0.9,"eld vs kin","74",0.00265328687637616,7.36782594028704e-05,2.57621579106872,4.13266064259212,2.95532802768388,3.72857324142681,0.492053044692342,0.493577822555625,"TSS_more_sig"
-0.9,"eld vs kin","79",1.05031694263504e-10,2.87283401205687e-07,9.97867962886591,6.54168946615225,-4.49777302634835,-3.75654188683974,0.480907222434078,0.485785255447002,"CLR_more_sig"
-0.9,"eld vs kin","80",0.0488681122389573,0.0312511849459418,1.31097443731803,1.50513351093663,1.68020096034082,2.41840196371177,0.35198198625301,0.347511693784358,"TSS_more_sig"
-0.9,"eld vs kin","82",1.47190402042832e-07,5.66386563478814e-05,6.83212050844782,4.24688705806586,-4.65100004998291,-3.83371124493188,0.6023139791503,0.600860577039636,"CLR_more_sig"
-0.9,"eld vs kin","83",5.67646745428657e-09,1.41472270659522e-05,8.24592184780618,4.84932867589726,-4.24032820271043,-3.47159504008246,0.524896221695247,0.524789011576063,"CLR_more_sig"
-0.9,"eld vs kin","84",1.07374516592754e-11,1.20413692827957e-06,10.9690987783791,5.91932412452757,-4.58878620757288,-3.74408314540735,0.479193870376999,0.481771934583284,"CLR_more_sig"
-0.9,"eld vs kin","85",4.00548159806896e-05,0.00838407104004081,4.39734525915291,2.07654505047402,-3.06416821750988,-2.32678683078856,0.485786980854952,0.487915776830399,"CLR_more_sig"
-0.9,"eld vs kin","87",3.01789588794324e-06,0.00197821347932118,5.52029574669153,2.70372684323002,-3.62650468341044,-2.81703786733172,0.528936255602696,0.533495475588818,"CLR_more_sig"
-0.9,"eld vs kin","88",0.000441386992541,0.0334611556434983,3.35518046943196,1.47545906394364,-3.23651083409287,-2.30025148345656,0.589109723883899,0.599953719465721,"CLR_more_sig"
-0.9,"eld vs kin","89",6.34167983355379e-08,9.1123318665428e-11,7.19779568757395,10.0403704718544,4.0127587156251,4.82296706865328,0.433623185767075,0.437155840078409,"TSS_more_sig"
-0.9,"eld vs kin","91",1.22634023086847e-09,3.38292186953832e-07,8.91138902419784,6.47070803236875,-5.07221128571176,-4.26931887302373,0.586748224170593,0.579583321438125,"CLR_more_sig"
-0.9,"eld vs kin","100",5.76037621165975e-08,9.16894064424604e-06,7.23954915176562,5.03768083869585,-4.50893093563418,-3.67077631522017,0.568583422846676,0.560862253389391,"CLR_more_sig"
-0.9,"eld vs kin","102",0.00031319910805529,0.00115175791546693,3.50417948341875,2.93863879437218,-3.63238595008844,-2.88040532452374,0.549874672007972,0.54664373092546,"CLR_more_sig"
-0.9,"eld vs kin","108",0.00154511672192313,0.0173841464320221,2.81103870732497,1.75984662847588,-3.50810265830993,-2.74505577532119,0.657686615456827,0.637326097040582,"CLR_more_sig"
-0.9,"eld vs kin","110",9.08874420944194e-05,0.0086481466336269,4.0414961190427,2.0630769553134,-3.23274478790046,-2.41716671919484,0.529837135223938,0.512658508832381,"CLR_more_sig"
-0.9,"eld vs kin","111",1.6860741681573e-08,2.2242573244929e-05,7.77312332525518,4.65281497062297,-3.98306718393624,-3.27557505472622,0.464604846441894,0.462916400689263,"CLR_more_sig"
-0.9,"eld vs kin","114",0.00201830578939575,0.0342384120569814,2.69501303404244,1.46548638566786,-2.78280201937829,-2.06423207941124,0.540634209756862,0.537731989830167,"CLR_more_sig"
-0.9,"eld vs kin","115",5.69744155502436e-05,0.00288488708330226,4.24432012116481,2.53987118079541,-3.42987961131324,-2.71047028428722,0.558775328280729,0.550667146686573,"CLR_more_sig"
-0.9,"eld vs kin","118",3.25526490068244e-06,0.000777916829846807,5.48741366447718,3.1090668326625,-2.93842606407177,-2.27148573266352,0.385367315498764,0.395413638217993,"CLR_more_sig"
-0.9,"eld vs kin","119",0.0378425008866742,0.0312511260185135,1.42202017022499,1.50513432984577,1.63902187915605,2.35308985400259,0.311136889705951,0.315225969853799,"TSS_more_sig"
-0.9,"eld vs kin","121",1.7721820815425e-06,1.81790626500847e-08,5.7514916588899,7.7404285136548,3.78019298056929,4.61817832382647,0.492938079092237,0.501420335001255,"TSS_more_sig"
-0.9,"eld vs kin","126",0.000403838580894931,0.0450091437084948,3.39379219289763,1.34669924936352,-2.89637744890605,-2.11800227936945,0.537703164213037,0.529783404971621,"CLR_more_sig"
-0.9,"eld vs kin","128",0.000109792008780285,0.00579094909662997,3.95942926889253,2.2372502525679,-3.36676975797075,-2.67152057534163,0.585328672569764,0.58204857774423,"CLR_more_sig"
-0.9,"eld vs kin","130",7.52661918066744e-07,0.000602464202725488,6.1234000571182,3.22006875293675,-4.04997896717639,-3.24536811144393,0.590270058531522,0.591515348773367,"CLR_more_sig"
-0.9,"eld vs kin","133",2.73097593488368e-05,0.00395136517109395,4.56368212680764,2.40325283251481,-3.2582343494389,-2.54274050475241,0.499881754647557,0.48755063045155,"CLR_more_sig"
-0.9,"eld vs kin","138",3.13490132046447e-05,2.12507626181719e-06,4.50377612521676,5.67262547997033,3.06305226558491,3.84647684702815,0.438893153670562,0.43277144111823,"TSS_more_sig"
-0.9,"eld vs kin","139",1.11561381614112e-08,1.52185808234696e-06,7.95248611592204,5.81762584488955,-4.79274055919361,-3.98065452852569,0.533308999676016,0.53689485950912,"CLR_more_sig"
-0.9,"eld vs kin","145",0.000649233187686783,0.0428285295893369,3.18759928788949,1.36826683576451,-3.13836952233348,-2.3026749788038,0.551480381742538,0.531176115153185,"CLR_more_sig"
-0.9,"eld vs kin","147",2.35453097253232e-05,0.00620865733995726,4.62809559228373,2.20700230850194,-3.63324760565443,-3.04744596391291,0.557662272515978,0.567751695728711,"CLR_more_sig"
-0.9,"eld vs kin","150",4.27625872700907e-05,0.0196126622378741,4.36893602649574,1.70746345086341,-2.65556071899495,-1.8208073662592,0.402765678937934,0.40506691086636,"CLR_more_sig"
-0.9,"eld vs kin","151",2.52409703716971e-08,2.21757844762546e-12,7.59789395295514,11.6541210079029,4.61210177537853,5.33309840069218,0.481992899044361,0.471496454050914,"TSS_more_sig"
-0.9,"eld vs kin","162",0.000180158361522065,0.00475074607709037,3.74434557656877,2.32323818159206,-3.62360099953808,-2.71238829030845,0.599671024041785,0.615377138328183,"CLR_more_sig"
-0.9,"eld vs kin","163",4.82062882929157e-05,0.00151545657429261,4.31689630630918,2.8194565039122,-3.703216778034,-2.92182411531323,0.57732066284005,0.570584503955963,"CLR_more_sig"
-0.9,"eld vs kin","164",0.0164078912927841,0.00200088872359478,1.78494722996175,2.69877706332408,2.41827912594251,3.20655419082923,0.456581254853026,0.465334490320777,"TSS_more_sig"
-0.9,"eld vs kin","169",1.08467235017113e-07,2.9041547089307e-06,6.9647014304813,5.53698025179934,-4.21894621872349,-3.51541565601521,0.528984978764329,0.520853531659747,"CLR_more_sig"
-0.9,"eld vs kin","172",1.00636044138032e-06,0.000751442134595178,5.9972464430712,3.1241044569847,-3.60081166304437,-2.72148347283573,0.463371697769935,0.449892441303496,"CLR_more_sig"
-0.9,"eld vs kin","181",6.82534874776387e-05,0.0184088825695585,4.16587515302569,1.73497257263684,-3.29739685044543,-2.53443015216319,0.492554903214131,0.493431714395245,"CLR_more_sig"
-0.9,"eld vs kin","203",1.08642417727857e-05,0.0164385821982823,4.96400057816866,1.784135642393,-3.04453230078875,-2.1975282053005,0.443168555819712,0.446994081906042,"CLR_more_sig"
-0.9,"eld vs kin","207",9.55736455129897e-05,0.0025757241037939,4.01966184816536,2.58910065785604,2.70050279554339,3.59587262409806,0.452844017214264,0.457506996827816,"CLR_more_sig"
-0.9,"eld vs kin","216",0.000125648764314579,0.0258324585711799,3.90084177809407,1.5878342584382,-3.14840302227162,-2.37250177519249,0.522921713762099,0.518192645112358,"CLR_more_sig"
-0.9,"eld vs kin","222",0.00999932809409092,0.0020035702188635,2.00002918148324,2.69819543230263,2.56254523923296,3.33138606338428,0.507690509795009,0.518301519481218,"TSS_more_sig"
-0.9,"eld vs kin","251",3.67033538011263e-05,0.00463449093339801,4.43529424989575,2.33399796312855,-3.74840231997429,-2.80687221224999,0.59292527523084,0.594692697773319,"CLR_more_sig"
-0.9,"eld vs kin","252",0.00041305848988066,0.00447262641729036,3.38398844705096,2.34943737539877,-3.21274708442921,-2.48954771731011,0.468661857193964,0.479297008584501,"CLR_more_sig"
-0.9,"eld vs kin","267",2.61320404799885e-05,0.00068087203343778,4.58282667773532,3.16693450393751,-4.01782553801847,-3.24723568509213,0.609935351326543,0.618511532417028,"CLR_more_sig"
-0.9,"eld vs kin","282",1.31788707850164e-06,0.000184728706126564,5.88012180012485,3.73346561163253,-3.71647684018134,-2.97672476016228,0.475520156610044,0.46438619888108,"CLR_more_sig"
-0.9,"eld vs kin","344",0.0330831734133035,0.00261623069135993,1.48039283860605,2.58232396387706,2.17101247893872,3.06072344773394,0.411343812930675,0.435522261051733,"TSS_more_sig"
-0.9,"eld vs kin","349",0.00011831727535649,0.00511516495663776,3.92695183995155,2.29114035635996,-3.05644106479805,-2.33666553450442,0.493754393050055,0.488289195474619,"CLR_more_sig"
-0.9,"eld vs kin","473",4.60033148495329e-06,0.000791675141662676,5.33721087334034,3.10145299154913,-3.48556423197389,-2.75551739050501,0.529200686480472,0.534455729563865,"CLR_more_sig"
-0.9,"eld vs kin","614",3.78033533657494e-07,0.00103136455669698,6.4224696741404,2.98658779739644,-3.68995440470891,-2.91799688686037,0.492341995689749,0.489479437742663,"CLR_more_sig"
-0.9,"eld vs kin","616",4.01656053026297e-07,0.00016986269670379,6.39614568375819,3.76990198543035,-3.50542118085728,-2.63747891939823,0.429187897497863,0.435832223376033,"CLR_more_sig"
-0.9,"eld vs kin","637",0.00376560534241598,0.042256843950803,2.42416519854995,1.37410294235079,-2.65314808773266,-1.94766239053181,0.503235229848458,0.492675426706252,"CLR_more_sig"
-0.9,"eld vs kin","666",1.55014889813287e-15,1.30813564760505e-09,14.8096265840673,8.88334721935131,-4.64729770416132,-3.85028626892343,0.424569523052468,0.418457825326662,"CLR_more_sig"
-0.9,"eld vs kin","728",2.78787623535129e-07,3.52585002204691e-09,6.55472651016408,8.45273616508908,3.31917908729018,4.08435320137772,0.379970718910489,0.382201202221793,"TSS_more_sig"
-0.9,"eld vs kin","744",7.5908081286522e-10,5.22665847856123e-06,9.11971198601078,5.2817758767383,-4.46066299498662,-3.68746913331938,0.530759378764939,0.52428286033568,"CLR_more_sig"
-0.9,"eld vs kin","757",5.03921067197618e-05,0.0214430175659948,4.29763748491389,1.66871409864134,-2.78532192635663,-2.06390902353493,0.445210183744848,0.449883560239424,"CLR_more_sig"
-0.9,"eld vs kin","770",2.84115303569298e-07,0.000796624908827514,6.54650537283567,3.09874611821641,-3.4105481251723,-2.65193703426479,0.432138498521574,0.437618046528404,"CLR_more_sig"
-0.9,"eld vs kin","786",1.30046288686075e-09,5.09686304881554e-07,8.88590203736397,6.29269703561725,-4.62464786851751,-3.79517880234907,0.504737317065405,0.499594016824622,"CLR_more_sig"
-0.9,"eld vs kin","849",2.66027482253537e-07,5.82307923185827e-05,6.57507349579547,4.23484730061416,-3.58692336954395,-2.84584802910558,0.434667096516865,0.439792597325595,"CLR_more_sig"
-0.9,"eld vs kin","854",0.0350060829790154,0.00128917265561158,1.45585648208759,2.88968891479711,2.46176788626752,3.21211413720532,0.463064956906285,0.469008020781232,"TSS_more_sig"
-0.9,"eld vs kin","875",0.0015928522771234,0.0189545282505177,2.79782449928046,1.72228702003452,-3.31753978176153,-2.47835170160227,0.5723567484449,0.564694686085361,"CLR_more_sig"
-0.9,"eld vs kin","879",2.2593871477383e-07,0.000503129160593798,6.64600934600727,3.2983205109033,-3.36409857824442,-2.60348951625518,0.408792694794578,0.419267177770692,"CLR_more_sig"
-0.9,"eld vs kin","886",2.92762057766004e-05,1.16463553097515e-07,4.53348520893399,6.93380996446751,3.78273140363049,4.60430868592796,0.524825657329766,0.523255936051321,"TSS_more_sig"
-0.9,"eld vs kin","891",1.6928151946578e-07,5.49762352642501e-05,6.77139045141333,4.25982500366939,-4.12260245546368,-3.53838568531038,0.562441126948896,0.572289286636059,"CLR_more_sig"
-0.9,"eld vs kin","895",2.16289456251476e-07,0.000671789028967216,6.66496465117308,3.17276709292946,-3.86141590197386,-3.17873736964966,0.499835627904127,0.515409922254328,"CLR_more_sig"
-0.9,"eld vs kin","914",7.54887738384516e-05,0.00247019817969043,4.12211762880151,2.60726820265397,-3.70733224287433,-2.87726532524706,0.57610065928334,0.553775344623929,"CLR_more_sig"
-0.9,"eld vs kin","917",0.00211587529759694,0.0240856063343783,2.67450993170369,1.6182424162227,-2.8842349780033,-2.24624616929888,0.533542943630132,0.539535843943651,"CLR_more_sig"
-0.9,"eld vs kin","935",6.5900898616724e-05,0.00796831394338767,4.18110866337832,2.09863356349061,-3.33589479824364,-2.48346829051246,0.537594281395454,0.547673058460207,"CLR_more_sig"
-0.9,"eld vs kin","947",1.97408418608402e-06,2.94425707500227e-06,5.70463433050522,5.53102427266992,3.41232140590422,4.16079757878551,0.440784756088888,0.433401845627415,"CLR_more_sig"
-0.9,"eld vs kin","965",0.000141949555455232,0.0114787385638522,3.84786596322014,1.94010583535781,-3.60541281368799,-2.95619576250803,0.605233608609158,0.596893271405922,"CLR_more_sig"
-0.9,"eld vs kin","978",1.40789063240626e-12,9.42459921191425e-20,11.8514310806962,19.0257371094251,5.1635958890889,6.00659478237468,0.401002609509817,0.411601168992573,"TSS_more_sig"
-0.9,"eld vs kin","984",8.01453667133894e-09,2.0753374177201e-11,8.09612157959768,10.6829112836551,4.14129379122884,4.84236232343414,0.42975680788653,0.429867466456169,"TSS_more_sig"
-0.9,"eld vs kin","988",0.0143932829221531,0.0144131036433819,1.84184013779619,1.84124249038242,2.45639741412733,3.14164022301674,0.528237208472896,0.531472733262207,"CLR_more_sig"
-0.9,"eld vs kin","991",1.37018002692092e-08,8.51528858187238e-06,7.86322236747001,5.06980062927613,-4.70427863087136,-3.81569183757685,0.569304338379177,0.566632600937726,"CLR_more_sig"
-0.9,"eld vs kin","1000",0.000254338259793372,0.0220717030734364,3.59458830452223,1.65616415497339,-3.04373526465138,-2.26634789781261,0.562593189988604,0.56553064308521,"CLR_more_sig"
-0.9,"eld vs kin","1014",3.99451226064583e-12,8.48008609630918e-09,11.3985362414918,8.07159973843171,-5.105577957633,-4.34685981968099,0.518229265186116,0.513076339225879,"CLR_more_sig"
-0.9,"eld vs kin","1021",5.1692218468586e-09,2.19000942376331e-06,8.28657482886945,5.65955401635641,-4.6328426381021,-3.85939084413057,0.561567738541959,0.552885950185086,"CLR_more_sig"
-0.9,"eld vs kin","1030",4.82909600335593e-07,2.12492894100756e-06,6.31613416065613,5.67265558845805,3.24212019487619,4.086672989699,0.421681503617358,0.433149137901264,"CLR_more_sig"
-0.9,"eld vs kin","1047",2.23637101680118e-07,0.0027845220947035,6.65045614480045,2.5552493317086,-2.51985855779209,-1.76109103741019,0.291414110665678,0.291437550555002,"CLR_more_sig"
-0.9,"eld vs kin","1074",2.44793714585792e-11,7.20198119962727e-14,10.6111997374895,13.1425480166649,4.24495858213923,4.95627802461685,0.398121328074162,0.387359330135231,"TSS_more_sig"
-0.9,"eld vs kin","1076",3.13639892234654e-07,1.08604152692046e-09,6.50356870403753,8.96415356833133,3.76544221955633,4.44276218148363,0.437047328173199,0.427371045138353,"TSS_more_sig"
-0.9,"eld vs kin","1079",2.88650575093397e-05,0.00363050452549466,4.53962757289724,2.44003301754991,-3.2442107583496,-2.48693623627134,0.501990123797365,0.495122608125042,"CLR_more_sig"
-0.9,"eld vs kin","1089",0.00246254407207802,7.44780554688162e-05,2.60861598820537,4.12797167077789,2.1626374529516,2.93546571094024,0.289429558905883,0.289590141468813,"TSS_more_sig"
-0.9,"eld vs kin","1098",2.21620549182944e-20,1.83535710167106e-22,19.6543899732622,21.7362794234028,6.15043095287756,6.85678747828256,0.444434747829602,0.435257185075547,"TSS_more_sig"
-0.9,"eld vs kin","1101",7.33361988809366e-05,0.0169270635818976,4.13468160389021,1.77141837448324,-3.47735922799227,-2.71943768943098,0.582406474429125,0.588315369602282,"CLR_more_sig"
-0.9,"eld vs kin","1104",7.80957949241307e-08,0.00022336642717936,7.10737235012286,3.65098210242203,-3.72407641829147,-2.87084170349043,0.478118485844257,0.477456995318533,"CLR_more_sig"
-0.9,"eld vs kin","1105",3.39768648071112e-13,2.38903070532333e-10,12.4688166978563,9.62177826838876,-5.32423375473125,-4.6329931601307,0.512136150919186,0.504832892956383,"CLR_more_sig"
-0.9,"eld vs kin","1112",1.11317338825951e-07,1.08472530891748e-05,6.95343718454262,4.96468022672347,-4.40349485611417,-3.74313714693453,0.542325240411374,0.527527140625128,"CLR_more_sig"
-0.8,"cent vs mage","7",0.000211132347717926,4.11754201652927e-07,3.67544522306772,6.38536196047546,2.94522844004245,3.75136035553536,0.416646425245167,0.415342607102365,"TSS_more_sig"
-0.8,"cent vs mage","14",0.0387953915968679,0.00312325831278755,1.41121986004798,2.50539209544352,1.47622795348705,2.29412049984677,0.25960301235071,0.260067617995076,"TSS_more_sig"
-0.8,"cent vs mage","20",0.0406162138116357,0.00330657197181844,1.39130056338696,2.48062201987564,1.45813477012128,2.27142408814705,0.268679950674423,0.268353519315787,"TSS_more_sig"
-0.8,"cent vs mage","21",0.0324918752507442,0.000340932519360186,1.48822522286406,3.46733157223807,1.63998446585908,2.44969818634656,0.261037022957115,0.261298748822787,"TSS_more_sig"
-0.8,"cent vs mage","22",4.61205061742873e-08,0.00789662299532597,7.33610593495293,2.10255859580459,-2.82929071328156,-2.01731383954476,0.322191440773325,0.322052357092515,"CLR_more_sig"
-0.8,"cent vs mage","24",0.000110959296868332,4.45046596876883e-07,3.9548363039821,6.35159451552005,3.25555205068424,4.07018633526802,0.494723248607776,0.493845566234368,"TSS_more_sig"
-0.8,"cent vs mage","26",0.0401684852982503,0.00203925001084351,1.39611454464409,2.69052952671148,1.85453959616826,2.67734093836529,0.370256078254375,0.372451739317487,"TSS_more_sig"
-0.8,"cent vs mage","39",0.00701015679523441,0.000242140288131017,2.15427226811843,3.61593294514188,2.36100579934555,3.14951703670073,0.413032011746034,0.415574687464525,"TSS_more_sig"
-0.8,"cent vs mage","42",0.0287331048756048,0.000288304226452062,1.54161744196892,3.54014899094043,2.21548716401334,3.05306470489103,0.411681631853819,0.412043591117938,"TSS_more_sig"
-0.8,"cent vs mage","51",2.00059694726736e-07,0.0092812262096079,6.69884039822496,2.03239464222012,-3.0095309614596,-2.18500746726147,0.386797377752864,0.385492624803976,"CLR_more_sig"
-0.8,"cent vs mage","53",4.1378826670253e-06,0.0234375728605439,5.3832218282633,1.63008736483187,-2.92775599220338,-2.08682602470729,0.447808262636977,0.449524021250231,"CLR_more_sig"
-0.8,"cent vs mage","56",0.0478134473625799,0.00753485346576786,1.32044994242487,2.12292518921892,1.77345339663799,2.58355614040376,0.366163646491836,0.374742271786295,"TSS_more_sig"
-0.8,"cent vs mage","57",6.77749945760294e-07,0.00572530714230793,6.16893050850366,2.24220121001314,-3.21526217217781,-2.42941276271074,0.459390880544239,0.45157263015269,"CLR_more_sig"
-0.8,"cent vs mage","100",1.53027055147068e-06,0.00160019639925509,5.81523177923255,2.7958267111702,-3.9434439957674,-3.03578491046636,0.57380781047254,0.565047825977228,"CLR_more_sig"
-0.8,"cent vs mage","114",4.39208854470981e-14,6.00391039356721e-09,13.3573289130727,8.22156579808595,-4.85032043663947,-4.05930775778292,0.483792706651989,0.482395913219234,"CLR_more_sig"
-0.8,"cent vs mage","132",0,1.80917877901088e-11,15.1633629302473,10.7425185150078,-5.37008353992185,-4.76683263832109,0.474156733678207,0.485884114649737,"CLR_more_sig"
-0.8,"cent vs mage","142",0.0489209476847086,0.0140132391912422,1.31050513850711,1.85346146497964,2.46054120230227,3.24819378459491,0.535038071136228,0.527146651767628,"TSS_more_sig"
-0.8,"cent vs mage","143",0,1.42157203029958e-08,15.1633629302473,7.84723112994533,-5.01987669886618,-4.26548707136584,0.442413888901707,0.450497470688626,"CLR_more_sig"
-0.8,"cent vs mage","146",9.10351896548635e-08,0.00888490248449068,7.04079069868124,2.05134733439554,-3.19533871239289,-2.35203877198035,0.428626999732097,0.418647944774902,"CLR_more_sig"
-0.8,"cent vs mage","148",5.24787792755933e-09,0.0007206703237213,8.2800162757673,3.14226336126155,-3.93532393963611,-3.04210206825615,0.500372844213485,0.501806062057517,"CLR_more_sig"
-0.8,"cent vs mage","169",4.95607399881851e-09,0.00242247247912594,8.3048622178249,2.61574114811894,-3.6684669454292,-2.79456182669032,0.450443724647596,0.438004614075453,"CLR_more_sig"
-0.8,"cent vs mage","173",1.73149493017893e-05,0.017486493137514,4.76157877572788,1.75729727821337,-3.27819480384997,-2.54096445354147,0.503508400576822,0.50623497181612,"CLR_more_sig"
-0.8,"cent vs mage","186",0.00108486395312474,0.0464257407673422,2.96462472090465,1.33324115794677,-2.96290018813473,-2.12122825400041,0.532076507570971,0.536538629959594,"CLR_more_sig"
-0.8,"cent vs mage","191",3.65308380282378e-06,0.0251672896156873,5.43734036482984,1.59916355315774,-3.19652005132109,-2.29422129785502,0.464265376568165,0.452826965176201,"CLR_more_sig"
-0.8,"cent vs mage","194",8.44801293266519e-06,0.0222468046347797,5.07324542996878,1.6527323590264,-3.08065732696307,-2.2522314729666,0.485374544367249,0.477476213571025,"CLR_more_sig"
-0.8,"cent vs mage","210",0,7.97034891789986e-12,15.1633629302473,11.0985226660817,-5.49905134376893,-4.79368590946989,0.451517084200281,0.467030439449405,"CLR_more_sig"
-0.8,"cent vs mage","219",3.41032757589232e-14,1.1753801208945e-09,13.4672039032451,8.92982165874569,-5.12312173809913,-4.31916540777229,0.476206430844919,0.469325710287196,"CLR_more_sig"
-0.8,"cent vs mage","242",0.000156996456163535,0.0405131018047762,3.80411015068626,1.39240450465329,-2.69962184311904,-1.9989592323667,0.439223887522517,0.438212981121765,"CLR_more_sig"
-0.8,"cent vs mage","255",8.51445657744168e-05,0.0117997710523222,4.06984306501783,1.92812641910724,-3.16709199519196,-2.42094417937977,0.521521596468179,0.52757143254064,"CLR_more_sig"
-0.8,"cent vs mage","269",2.7897090206487e-06,0.0480942042733513,5.55444109325576,1.31790725634464,-2.62062081820004,-1.81404377750692,0.346635649270266,0.348024004998921,"CLR_more_sig"
-0.8,"cent vs mage","287",7.72800740049265e-06,0.0102033462555073,5.11193247070338,1.99125737510351,-3.19526855720465,-2.3874927231171,0.460621809673721,0.461930055731174,"CLR_more_sig"
-0.8,"cent vs mage","289",1.52148958383081e-07,0.000553506449865843,6.81773101649036,3.2568773140358,-3.81313663336615,-2.89085069220224,0.495882119162768,0.493359780011667,"CLR_more_sig"
-0.8,"cent vs mage","293",0.000169881831388917,0.0333293709279452,3.76985306580113,1.47717288331218,-2.75400454578923,-1.95352890260558,0.467014947087076,0.468759519477391,"CLR_more_sig"
-0.8,"cent vs mage","353",6.48069944570256e-12,9.32685770566581e-07,11.1883781192812,6.03026464895984,-4.38045885841298,-3.58395602182843,0.459379524910795,0.459374515817106,"CLR_more_sig"
-0.8,"cent vs mage","363",8.60341650474829e-07,0.0115544352189305,6.06532905172031,1.93725127799072,-3.18066439750108,-2.34140035884995,0.449399638122469,0.435766468320345,"CLR_more_sig"
-0.8,"cent vs mage","372",3.05507019063604e-06,0.0323478776976186,5.51497880733444,1.49015420755937,-3.31582561906833,-2.41713056454838,0.481905509317674,0.472977177696615,"CLR_more_sig"
-0.8,"cent vs mage","401",0.000316488345850268,0.0203357497843676,3.49964227751426,1.69173981041403,-3.17291549282798,-2.28361502043562,0.447283732844624,0.428666470454814,"CLR_more_sig"
-0.8,"cent vs mage","431",3.47555332642646e-05,0.038742776000489,4.45897604359656,1.41180926439902,-2.80444285060639,-1.99971245743545,0.438687608103874,0.438327711304519,"CLR_more_sig"
-0.8,"cent vs mage","433",6.71010456989356e-06,0.0309767950583439,5.1732707117574,1.50896351751541,-2.98723534563039,-2.24121761327057,0.457849386776192,0.456709233905216,"CLR_more_sig"
-0.8,"cent vs mage","453",3.48562312838538e-05,0.0239436294988281,4.45771957135988,1.62081001634242,-3.1926411155661,-2.49109329340171,0.449019296623042,0.45784201723124,"CLR_more_sig"
-0.8,"cent vs mage","464",2.38180866820349e-05,0.0227996280094977,4.6230931285295,1.64207223873377,-3.4014195834779,-2.53276205690303,0.480232633499778,0.474953976083129,"CLR_more_sig"
-0.8,"cent vs mage","488",1.81997352444772e-06,0.0304137235421769,5.73993492974564,1.5169304060701,-3.23632545519792,-2.24504726216702,0.459687722660694,0.458275740239277,"CLR_more_sig"
-0.8,"cent vs mage","528",1.3389641245485e-05,0.0185383610510747,4.87323105907414,1.73192866382353,-3.12769751605216,-2.3705693919616,0.430572616020322,0.443493731028969,"CLR_more_sig"
-0.8,"cent vs mage","531",1.44169544870188e-06,0.017399732016277,5.84112647256903,1.75945744049604,-3.29050179966926,-2.48308885806049,0.469345176224085,0.470030858910565,"CLR_more_sig"
-0.8,"cent vs mage","546",1.95693680393917e-06,0.0279944114912978,5.70842319894274,1.55292865796962,-3.32269811708509,-2.37104843027396,0.44124612354664,0.44810004433809,"CLR_more_sig"
-0.8,"cent vs mage","675",7.28898893691984e-12,2.60232124597817e-06,11.1373327089343,5.58463909257689,-4.09143387094837,-3.34095914798917,0.4638187612439,0.468098895825356,"CLR_more_sig"
-0.8,"cent vs mage","737",2.16196201011361e-05,0.0133734356405563,4.66515194171619,1.87375700799149,-3.19321754190693,-2.43491951525721,0.462830092107925,0.464666270289049,"CLR_more_sig"
-0.8,"cent vs mage","769",6.25238266411451e-06,0.00443486997046116,5.20395444974632,2.35311910907669,-3.25914318705545,-2.3518152713662,0.454062887751453,0.446914871026514,"CLR_more_sig"
-0.8,"cent vs mage","770",1.00601238286081e-10,0.000414521085186265,9.99739667357927,3.38245337356451,-3.27203310499048,-2.50100354726668,0.348243704273444,0.355559395571155,"CLR_more_sig"
-0.8,"cent vs mage","816",1.40903191091636e-06,0.0283069179989135,5.85107917113624,1.54810741318272,-2.96682986458092,-2.09073794801404,0.423051964188248,0.413708920139859,"CLR_more_sig"
-0.8,"cent vs mage","819",1.50346519448945e-06,0.00663037347218757,5.82290662144849,2.17846200819522,-3.23470720678444,-2.39784924468381,0.454722400894224,0.447696857588431,"CLR_more_sig"
-0.8,"cent vs mage","837",1.72191419704958e-05,0.0351125397775181,4.76398849322865,1.45453775579615,-3.0430688518038,-2.22987776606109,0.446939745400431,0.457649513831977,"CLR_more_sig"
-0.8,"cent vs mage","849",1.2328335328394e-06,0.00892144608315487,5.90909556140105,2.0495647448354,-3.0445171604703,-2.23905829685803,0.412277824105493,0.413825786346872,"CLR_more_sig"
-0.8,"cent vs mage","854",0.0443943348062178,0.00202961718321409,1.35267244698845,2.69258586893203,2.11587058865116,3.00323213924997,0.459782927115608,0.467189952314369,"TSS_more_sig"
-0.8,"cent vs mage","859",7.56318666812835e-05,0.0381372356541741,4.1212951805853,1.41865078962371,-3.01390265230655,-2.25935917086586,0.452652917202155,0.465827924703167,"CLR_more_sig"
-0.8,"cent vs mage","884",1.13916660950929e-06,0.0105230701684206,5.94341275327041,1.97785753369205,-2.98077572549435,-2.16524128671475,0.398768109765021,0.403266374795298,"CLR_more_sig"
-0.8,"cent vs mage","912",4.57219830726182e-07,0.0132733740287726,6.33987494146971,1.87701866750309,-3.39680334445761,-2.59126570241519,0.455676854990338,0.468054630586625,"CLR_more_sig"
-0.8,"cent vs mage","917",2.91826944695061e-06,0.00801366240530943,5.53487461171557,2.09616895721146,-3.46481562761327,-2.70549459134521,0.478227394171795,0.49105237512084,"CLR_more_sig"
-0.8,"cent vs mage","921",6.86494512030273e-15,7.46792230935937e-09,14.1633629302473,8.12680020877224,-5.04434629499601,-4.26493065489522,0.475279911003993,0.475530199202078,"CLR_more_sig"
-0.8,"cent vs mage","925",5.07015239155048e-06,0.0431690898537538,5.29497898705427,1.36482710760176,-2.96426819317466,-2.08599599172289,0.438740761190399,0.418371536940419,"CLR_more_sig"
-0.8,"cent vs mage","966",3.47380523216242e-06,0.00532756498069416,5.45919453504504,2.27347124446035,-3.53809684914624,-2.71250222866499,0.52050140687005,0.524323276313506,"CLR_more_sig"
-0.8,"cent vs mage","975",3.45752455006907e-05,0.0374894899058221,4.46123472751029,1.42609046869005,-3.2079969971393,-2.32260985915174,0.440754842438427,0.439499613733948,"CLR_more_sig"
-0.8,"cent vs mage","1004",2.04017418946824e-07,0.000340153861003762,6.69033275105679,3.46832459510438,-3.56248877650747,-2.81955501895978,0.475680433914435,0.460251685629046,"CLR_more_sig"
-0.8,"cent vs mage","1019",8.22392325887796e-10,1.41011970840457e-05,9.08492095092678,4.8507440174916,-3.8251302162443,-2.96406632939181,0.39942519396471,0.383215220036855,"CLR_more_sig"
-0.8,"cent vs mage","1040",0.000176986167965536,0.0280319193010228,3.7520606738132,1.55234716576783,-3.12461610161925,-2.18291004437618,0.45483862013173,0.441628882731643,"CLR_more_sig"
-0.8,"cent vs mage","1058",1.33546192559701e-08,8.16319857836613e-05,7.8743684893265,4.08813963870336,-3.86101668554724,-2.96892619123228,0.458178778908281,0.44873216073469,"CLR_more_sig"
-0.8,"cent vs mage","1074",0.0031257415022152,0.000818080704412308,2.5050469408413,3.08720385066603,2.08644202439376,2.92633378413259,0.378013920064765,0.381444528515372,"TSS_more_sig"
-0.8,"cent vs mage","1079",1.3122255232848e-07,0.00399145096070534,6.88199151930395,2.39886920213786,-3.23238672943533,-2.45261738576716,0.417832419178476,0.427307197817717,"CLR_more_sig"
-0.8,"cent vs mage","1087",0.00120615662678499,0.000146601461046026,2.91859629275001,3.83386170144752,2.70924857469014,3.43016372098847,0.497941519158668,0.501600493856278,"TSS_more_sig"
-0.8,"cent vs mage","1098",1.09653013225549e-05,4.02393559780517e-07,4.95997942956559,6.39534897868316,3.32627156121637,4.11319724032846,0.440301232960682,0.44159470534961,"TSS_more_sig"
-0.8,"cent vs mage","1104",5.83078946809614e-08,0.000934565548061326,7.23427263933608,3.02939023290152,-3.61626556940848,-2.82722995371524,0.44786388328563,0.443190250595522,"CLR_more_sig"
-0.8,"eld vs kin","3",0,3.33282013098568e-13,25.2223637374339,12.4771881241517,-5.70859729894688,-4.86458941231868,0.446237498954473,0.44633503418819,"CLR_more_sig"
-0.8,"eld vs kin","5",1.5087223431855e-11,9.3992941909322e-06,10.8213906779962,5.02690475709094,-3.76628729203525,-2.91548985262962,0.384495599193188,0.384323350709098,"CLR_more_sig"
-0.8,"eld vs kin","7",2.99416782507942e-22,5.99288939709067e-25,21.5237238608189,24.2223637374339,6.55967378792027,7.43482310439529,0.459623795976792,0.4646598722165,"TSS_more_sig"
-0.8,"eld vs kin","10",2.05088408680835e-08,0.000353941866831878,7.68805888467409,3.45106806279725,-3.72237075472507,-2.85565916452784,0.476501592880396,0.471580825030496,"CLR_more_sig"
-0.8,"eld vs kin","11",0.0174598068749343,1.20674482418239e-05,1.75796056438842,4.91838455522636,2.22224558319896,3.05096804460873,0.351419853680919,0.349729806639157,"TSS_more_sig"
-0.8,"eld vs kin","12",2.34768331433992e-07,0.00537950350997212,6.62936048668783,2.26925780478516,-2.948612610376,-2.11903234130807,0.36943180843982,0.368634313469164,"CLR_more_sig"
-0.8,"eld vs kin","16",0.0117477822749941,5.32764398724167e-07,1.93004411097839,6.27346480402211,2.01563655625899,2.84479620665269,0.266344794957074,0.266707172469809,"TSS_more_sig"
-0.8,"eld vs kin","21",1.26317484888425e-08,3.33603696825769e-14,7.89853653016532,13.476769145378,3.0891967260696,3.92407726889309,0.294117703554259,0.293518896039135,"TSS_more_sig"
-0.8,"eld vs kin","31",0.0467790028719418,0.000358278426014026,1.32994903972714,3.4457793423925,2.60337162619358,3.41101498628107,0.533725420926517,0.535148216757297,"TSS_more_sig"
-0.8,"eld vs kin","33",4.55228716844568e-11,1.93651193421977e-05,10.3417703494826,4.71297982222563,-4.20021055007283,-3.36725833032237,0.458649080360551,0.460643092452742,"CLR_more_sig"
-0.8,"eld vs kin","38",2.09431464269048e-06,0.0207562567888281,5.6789580708334,1.68285096501116,-2.77972527389378,-1.93871158457631,0.377467412390429,0.376866731098675,"CLR_more_sig"
-0.8,"eld vs kin","57",7.73576223239622e-06,0.00671902085160156,5.11149688726337,2.17269401113211,-3.37184391283079,-2.53253469897728,0.474502037178986,0.483747813929789,"CLR_more_sig"
-0.8,"eld vs kin","62",2.71437752230061e-07,0.0280176114242193,6.56632974973091,1.55256889223005,-2.59825789566978,-1.77396080032256,0.317275077109895,0.317856132792946,"CLR_more_sig"
-0.8,"eld vs kin","65",3.94475986267718e-12,0.000355631205352443,11.4039794293338,3.44900013825927,-3.63429614384657,-2.81738990286617,0.367469315708362,0.37508564036717,"CLR_more_sig"
-0.8,"eld vs kin","67",0,1.0142107524184e-10,25.2223637374339,9.99387178947812,-6.35091599815853,-5.56122163360731,0.566577150050252,0.567369259378196,"CLR_more_sig"
-0.8,"eld vs kin","68",1.30612305914865e-05,0.0328784321721852,4.88401590315937,1.48308890023183,-2.65639920226897,-1.82257706083869,0.379261530126196,0.381968376171508,"CLR_more_sig"
-0.8,"eld vs kin","74",0.0128033118491885,2.8153227364632e-05,1.89267767630638,4.55047181231141,2.73972398151322,3.66192777291936,0.489098901890761,0.497830497714471,"TSS_more_sig"
-0.8,"eld vs kin","79",5.36655065920688e-12,1.52689867531328e-07,11.2703047666277,6.81618978168121,-4.764205085483,-3.85952747833012,0.490214955834676,0.479482562019662,"CLR_more_sig"
-0.8,"eld vs kin","81",2.43127658601217e-06,0.0471089617466619,5.61416563229361,1.32689646724689,-2.41163496901972,-1.56300806493827,0.310681546373752,0.308385180997738,"CLR_more_sig"
-0.8,"eld vs kin","82",3.88521927285037e-08,2.3557078198648e-05,7.41058446558851,4.62787857640165,-4.80518783371551,-3.97297930124059,0.61341077862028,0.613524626930683,"CLR_more_sig"
-0.8,"eld vs kin","83",1.81632331632538e-09,2.68845295761534e-05,8.7408068419394,4.57049755837854,-4.36785005640751,-3.53084100632734,0.518918180811168,0.516495345177274,"CLR_more_sig"
-0.8,"eld vs kin","84",1.9681397097687e-12,9.05449999333981e-08,11.705944076114,7.04313552725263,-4.71757928243499,-3.88178129579418,0.482284327924781,0.478143303338414,"CLR_more_sig"
-0.8,"eld vs kin","85",1.0730785695248e-05,0.00690257451815731,4.96936847834921,2.16098889614834,-3.25519851741757,-2.40706675445153,0.478962655188522,0.485842079390137,"CLR_more_sig"
-0.8,"eld vs kin","87",1.38051035088121e-06,0.00183899954582911,5.85996033273081,2.73541837801801,-3.79488522429345,-2.98088124042799,0.525022178267744,0.538730722284677,"CLR_more_sig"
-0.8,"eld vs kin","89",9.79868153403698e-08,7.65854983125474e-12,7.00883235706403,11.1158534575094,3.93318765512975,4.79796937626926,0.441305291908077,0.444418645435935,"TSS_more_sig"
-0.8,"eld vs kin","91",2.88084399142094e-11,7.84004390515018e-06,10.5404802597687,5.10568150520956,-5.24239663063192,-4.4312862319631,0.583205778008819,0.584919011850729,"CLR_more_sig"
-0.8,"eld vs kin","93",0.00265232574018649,0.0496730011391429,2.5763731399663,1.30387960004515,-2.72392731080914,-1.90299546380991,0.467227824752832,0.469916137691309,"CLR_more_sig"
-0.8,"eld vs kin","100",2.26343566665886e-09,0.000255674619748547,8.64523184488957,3.59231238128234,-4.55476455922543,-3.83683356039203,0.567808103454656,0.556264604607241,"CLR_more_sig"
-0.8,"eld vs kin","102",1.42611390844363e-06,0.00286634744278318,5.84584578455933,2.54267116797288,-3.77283380173803,-2.94435769144138,0.547654487585289,0.5488205833847,"CLR_more_sig"
-0.8,"eld vs kin","108",8.95474341533317e-05,0.00359566485603676,4.04794685369004,2.44422079467989,-3.69988055299802,-2.94739209102383,0.639080751018926,0.63839229259788,"CLR_more_sig"
-0.8,"eld vs kin","110",8.71418846131273e-05,0.00507604994514197,4.05977305183392,2.29447411337149,-3.3488741499611,-2.50143395796962,0.522957428821776,0.518949752357666,"CLR_more_sig"
-0.8,"eld vs kin","111",5.14118121728374e-11,0.000129451439347297,10.2889370877729,3.88789311635994,-4.14557372450728,-3.29928964810642,0.446036127797499,0.469412693277395,"CLR_more_sig"
-0.8,"eld vs kin","115",8.22338890914062e-05,0.00594582562364932,4.08494917014462,2.22578783172667,-3.66340820984926,-2.72179558282739,0.570023158950103,0.567699890172418,"CLR_more_sig"
-0.8,"eld vs kin","118",6.55969484897725e-08,0.00151833219675276,7.18311636313772,2.8186331985111,-3.12570115173277,-2.36359333868377,0.392208367959972,0.399034740496908,"CLR_more_sig"
-0.8,"eld vs kin","121",1.51634510180696e-05,3.17684495982744e-08,4.81920194728299,7.49800397961239,3.64067723329032,4.49263561205574,0.493056290652255,0.512617081570007,"TSS_more_sig"
-0.8,"eld vs kin","126",0.00070352232665139,0.0317016367982059,3.15272211544652,1.49891831399432,-3.07631100299199,-2.27311462293631,0.52734111295816,0.518331951446929,"CLR_more_sig"
-0.8,"eld vs kin","128",7.668238591258e-05,0.0146390334792922,4.11530438284995,1.83448759598709,-3.58279115498805,-2.82867016845981,0.587635173999842,0.587498965056863,"CLR_more_sig"
-0.8,"eld vs kin","130",1.43066653253764e-07,0.000533392543108526,6.84446158214208,3.27295306009244,-4.20927855118807,-3.41188590786382,0.584894492773543,0.575390362827472,"CLR_more_sig"
-0.8,"eld vs kin","133",2.25102916442845e-05,0.00346417653445133,4.64761887822547,2.46039998444206,-3.43266652189754,-2.58696096768953,0.501417145095484,0.487862764920267,"CLR_more_sig"
-0.8,"eld vs kin","138",0.00235438217879729,4.65112872595389e-07,2.628123038234,6.33244164066526,2.95136910784757,3.81805487787441,0.436694607038398,0.439138043263707,"TSS_more_sig"
-0.8,"eld vs kin","139",3.22277062257853e-09,2.41142415644074e-06,8.49177060385577,5.61772639285769,-4.84448383656461,-3.99561101526717,0.546511619303487,0.53799055723103,"CLR_more_sig"
-0.8,"eld vs kin","145",0.000883698188367164,0.0489501545552019,3.05369603533463,1.31024593261742,-3.25680927815582,-2.42243604415676,0.543087976916474,0.544307100232864,"CLR_more_sig"
-0.8,"eld vs kin","147",9.70735421478773e-06,0.00293039054793033,5.01289912297493,2.53307449517218,-3.71273737662239,-2.88566285911022,0.557339901994173,0.563960460160919,"CLR_more_sig"
-0.8,"eld vs kin","151",6.03562692978977e-09,5.43227531197316e-12,8.2192776123923,11.2650182277848,4.5043399221246,5.24351448421357,0.482985627220682,0.475188025233702,"TSS_more_sig"
-0.8,"eld vs kin","162",0.000266864777259294,0.0104881061220001,3.57370874375235,1.97930292696577,-3.71384022738571,-2.84182962353623,0.595890130582633,0.591232194209311,"CLR_more_sig"
-0.8,"eld vs kin","163",3.94804233823193e-06,0.00763674184824468,5.40361819866656,2.11709189000206,-3.93705907307884,-2.93171928065454,0.578099833643673,0.577196560632302,"CLR_more_sig"
-0.8,"eld vs kin","169",4.08774971007394e-10,0.00010203233291426,9.38851570359289,3.991262183325,-4.42845540932125,-3.5190676010495,0.530422229335855,0.537825266196308,"CLR_more_sig"
-0.8,"eld vs kin","172",3.74415972082451e-08,0.0102485858638225,7.42664563311951,1.98933605596511,-3.76549786579749,-2.87876574488699,0.464804373853298,0.47252273607099,"CLR_more_sig"
-0.8,"eld vs kin","181",2.61870290607243e-06,0.00445893853180802,5.58191376983446,2.35076851452651,-3.4881303279006,-2.62747838598762,0.493603399615547,0.482200929678847,"CLR_more_sig"
-0.8,"eld vs kin","203",1.84202344258563e-05,0.0275703795605164,4.73470484703776,1.5595572549351,-3.10187602485224,-2.36055903431227,0.446976803005573,0.441988600418842,"CLR_more_sig"
-0.8,"eld vs kin","207",0.0215141029619152,3.20676358059912e-05,1.66727675726499,4.49393305735438,2.58316696605098,3.42952382017501,0.451374293759198,0.455498028092371,"TSS_more_sig"
-0.8,"eld vs kin","209",0.000701914593342104,0.0250885276545256,3.15371572817895,1.60052482494595,-2.82091346491073,-2.17986026789128,0.548935321625615,0.541190072605988,"CLR_more_sig"
-0.8,"eld vs kin","216",0.00016792297698419,0.00731881065546339,3.77488987506676,2.13555948830446,-3.28939814714691,-2.53288042186445,0.525556568573154,0.520621027985231,"CLR_more_sig"
-0.8,"eld vs kin","251",2.84963435398141e-05,0.0130364196736201,4.54521086217946,1.88484166700072,-3.66058214305797,-2.85883041923271,0.595104128411015,0.594017895534955,"CLR_more_sig"
-0.8,"eld vs kin","252",3.19623678615239e-06,0.00255307706565446,5.49536105441745,2.5929360756449,-3.42566966409154,-2.64952315914438,0.474682885551267,0.479499323861008,"CLR_more_sig"
-0.8,"eld vs kin","267",4.48936568600894e-07,0.000890627669413456,6.34781501724317,3.05030381663022,-4.24432140342692,-3.24748751432172,0.602286810803952,0.61318076255569,"CLR_more_sig"
-0.8,"eld vs kin","282",3.54511617870371e-07,4.50328891944479e-05,6.4503695277748,4.34647018892528,-3.7890647651588,-3.00961721924315,0.463521812438433,0.464449973955367,"CLR_more_sig"
-0.8,"eld vs kin","349",0.000313673770872742,0.0127122786385288,3.50352179510997,1.89577659646074,-3.11269234718836,-2.39578002630352,0.500858429664101,0.488165145760763,"CLR_more_sig"
-0.8,"eld vs kin","363",0.000160807418981629,0.0239377433242715,3.79369391859468,1.62091679411388,-3.2848111434823,-2.45677912520155,0.488800602740607,0.490701363690882,"CLR_more_sig"
-0.8,"eld vs kin","473",1.39783229390221e-06,0.00443322233696472,5.85454493030838,2.35328048722187,-3.59841303423136,-2.83642531527637,0.526350781067366,0.534116518558216,"CLR_more_sig"
-0.8,"eld vs kin","614",6.96122720674455e-07,0.00201330053938596,6.15731419111709,2.69609139011163,-3.90110672765045,-2.92424102959328,0.496923543810362,0.498099997096061,"CLR_more_sig"
-0.8,"eld vs kin","616",1.3508787729823e-08,0.000455930007190445,7.86938362254502,3.34110182361649,-3.597282913615,-2.78956345002483,0.435089589726641,0.438667710504073,"CLR_more_sig"
-0.8,"eld vs kin","637",0.000449623686027061,0.0256885245829419,3.3471508183467,1.59026083866427,-2.87481844859568,-2.04655446962247,0.495608589545031,0.499512781844542,"CLR_more_sig"
-0.8,"eld vs kin","666",0,7.3050986428939e-10,25.2223637374339,9.13637391528406,-4.84349013037787,-3.98583970579783,0.42701347563674,0.422930428700767,"CLR_more_sig"
-0.8,"eld vs kin","728",6.90937730237362e-06,4.21380585132354e-10,5.16056109102362,9.37532547813496,3.19496295825757,3.99876087256907,0.38708780754686,0.389359283399834,"TSS_more_sig"
-0.8,"eld vs kin","744",1.57656564901666e-10,4.72078326970558e-06,9.8022879402906,5.32598593749112,-4.63184330773547,-3.77533120802934,0.51579454671894,0.52193707855874,"CLR_more_sig"
-0.8,"eld vs kin","757",2.15229852699055e-05,0.0409387328606556,4.66709749154048,1.38786560378738,-2.89143905010225,-2.1126268105803,0.442797801999587,0.450994907645128,"CLR_more_sig"
-0.8,"eld vs kin","769",0.000689749512670944,0.0445922792090079,3.16130859769096,1.3507403293414,-2.93411984925903,-2.14161174023424,0.54226431540501,0.540438584848507,"CLR_more_sig"
-0.8,"eld vs kin","770",8.49101133256961e-06,0.000152493800404776,5.07104057948554,3.81674781208589,-3.54197706171385,-2.7509261917175,0.447552184789786,0.429240075857783,"CLR_more_sig"
-0.8,"eld vs kin","786",1.07974551538565e-10,5.80094336142278e-07,9.96667859107515,6.23650137482574,-4.74664995742979,-3.84895816431766,0.50611047671181,0.501819433935377,"CLR_more_sig"
-0.8,"eld vs kin","849",5.62984160892296e-09,4.73650468458066e-05,8.2495038235036,4.32454202882506,-3.75136012161683,-2.90932631675568,0.433394764535323,0.436324023551878,"CLR_more_sig"
-0.8,"eld vs kin","875",0.000514589713883343,0.0148800896303891,3.28853889913685,1.82739445280451,-3.31933343645245,-2.566055138999,0.564704262034493,0.566384986262418,"CLR_more_sig"
-0.8,"eld vs kin","877",0.000946617930043532,0.0478617017831671,3.023825273748,1.32001186356004,-3.22656873436426,-2.49196380263412,0.556886334801539,0.558633467539084,"CLR_more_sig"
-0.8,"eld vs kin","879",1.8466540421408e-09,0.00096080891768706,8.73361445900603,3.01736297470974,-3.6841407295492,-2.73657116874083,0.424931170294809,0.423626656344418,"CLR_more_sig"
-0.8,"eld vs kin","886",8.91688911269922e-05,2.6774767386474e-08,4.04978663405818,7.57227429353848,3.57636052377912,4.51541799293305,0.513148819915573,0.520207536292373,"TSS_more_sig"
-0.8,"eld vs kin","891",6.57275863427441e-08,0.000124743231107877,7.18225231564712,3.90398301101322,-4.32448239465807,-3.4902905792466,0.574580962561541,0.573034789201464,"CLR_more_sig"
-0.8,"eld vs kin","895",2.64062434808857e-07,0.002088474601386,6.57829337658785,2.68017080196217,-4.06216645445295,-3.23904662907308,0.507261103064526,0.507315424218607,"CLR_more_sig"
-0.8,"eld vs kin","914",2.82763900073636e-06,0.00437091472583508,5.54857603688208,2.35942766627643,-3.80495957479079,-3.02885215910524,0.564481540097309,0.560528102075461,"CLR_more_sig"
-0.8,"eld vs kin","917",0.000789642272081865,0.0292413264348652,3.10256961054044,1.53400293095232,-3.0125814412902,-2.33933209758745,0.547371968188027,0.544231599460876,"CLR_more_sig"
-0.8,"eld vs kin","935",1.31908412811169e-05,0.0107414478811499,4.87972750528036,1.968937174464,-3.50274162581254,-2.61505329984708,0.539452439022025,0.550351384075654,"CLR_more_sig"
-0.8,"eld vs kin","947",0.000142709111269945,3.3137789351655e-09,3.84554829844849,8.47967646708145,3.27618443120257,4.03231039763539,0.438357994400606,0.436079656116286,"TSS_more_sig"
-0.8,"eld vs kin","965",1.77084287041873e-05,0.00467748579215018,4.75181997271029,2.32998752299421,-3.73933381374046,-2.92584432959064,0.611653639257003,0.594448612979693,"CLR_more_sig"
-0.8,"eld vs kin","978",4.4017707301616e-14,7.18437175069838e-23,13.3563725817778,22.1436112034705,5.10309105143899,5.94533576929428,0.413370149995347,0.415348242975954,"TSS_more_sig"
-0.8,"eld vs kin","984",3.18066235233437e-09,4.69972938179806e-15,8.49748243158457,14.3279271487399,3.91918215014198,4.85229813012935,0.403153827103693,0.414152920422199,"TSS_more_sig"
-0.8,"eld vs kin","991",3.39018502548526e-08,5.10651997352436e-06,7.46977659874251,5.29187496506354,-4.7481776169961,-4.0501708435787,0.565187988166613,0.557393022990447,"CLR_more_sig"
-0.8,"eld vs kin","1000",0.000105998096774738,0.0207060203427569,3.97470193254325,1.68390336364938,-3.20491066055141,-2.33116843833184,0.566486879221672,0.559021794911602,"CLR_more_sig"
-0.8,"eld vs kin","1014",2.10165797498664e-11,5.48682566531834e-08,10.6774379598882,7.26067883856336,-5.2510588760922,-4.4490763747948,0.515073561660615,0.508683376437872,"CLR_more_sig"
-0.8,"eld vs kin","1021",1.60009795548588e-10,6.02114900637848e-06,9.79585342970357,5.2203206251019,-4.75383090799153,-3.9164713971251,0.546876525645324,0.554055369661711,"CLR_more_sig"
-0.8,"eld vs kin","1030",0.000763852193074326,9.23327584953394e-07,3.11699067014476,6.03464418944308,3.15101202017057,4.08096437487246,0.417445142267186,0.440690213247322,"TSS_more_sig"
-0.8,"eld vs kin","1047",5.74468790359743e-09,0.010465370289492,8.24073356060968,1.98024540069003,-2.68281149977422,-1.84501621238716,0.291068974826755,0.290394533663375,"CLR_more_sig"
-0.8,"eld vs kin","1074",4.7012895787464e-10,1.65065382514048e-15,9.32778299735922,14.782343997358,4.12746389648575,4.92895787479469,0.393344965018745,0.405092402260842,"TSS_more_sig"
-0.8,"eld vs kin","1076",6.74925726584488e-06,2.60628904889161e-10,5.17074401725684,9.5839774207887,3.58859565458879,4.37455199967833,0.418272643674118,0.425622118609549,"TSS_more_sig"
-0.8,"eld vs kin","1079",2.69537911572579e-06,0.0104649764067495,5.56938014094552,1.98026174643949,-3.41126626076862,-2.5565131446576,0.498800037906689,0.498993002113609,"CLR_more_sig"
-0.8,"eld vs kin","1089",0.0260883417350792,5.18984733491478e-06,1.58355352527665,5.28484541721498,2.00494052210305,2.84133857771144,0.288929009730253,0.289472300466308,"TSS_more_sig"
-0.8,"eld vs kin","1098",1.2569871401156e-18,1.75948136588371e-24,17.9006691654369,23.7546153282813,5.95121901173056,6.81026626808027,0.435190479242077,0.440543421428035,"TSS_more_sig"
-0.8,"eld vs kin","1101",6.110810440396e-05,0.018457596382364,4.21390118804697,1.73382485508919,-3.57954265306617,-2.88318362480596,0.581125338765569,0.586662645547832,"CLR_more_sig"
-0.8,"eld vs kin","1104",1.1519621779999e-07,0.000207361178006355,6.93856177972842,3.68327254860172,-3.68444577371439,-2.96216581888125,0.46958837714533,0.466745627744844,"CLR_more_sig"
-0.8,"eld vs kin","1105",2.85227397256449e-13,3.75186641129694e-08,12.5448087610578,7.42575263347779,-5.576587861182,-4.6972189348914,0.512851485343559,0.501984536378574,"CLR_more_sig"
-0.8,"eld vs kin","1112",4.60745102926357e-09,1.03375164622161e-05,8.33653927202503,4.9855837858366,-4.48801776222817,-3.74928252563602,0.535389725383408,0.539453411655742,"CLR_more_sig"
-0.7,"cent vs mage","7",1.98500872832843e-05,1.65228373761568e-06,4.70223757925022,5.78191537160416,3.00662760727736,3.80415058280315,0.417119601542384,0.415153902187549,"TSS_more_sig"
-0.7,"cent vs mage","12",4.19362413370902e-06,0.0416499544989449,5.37741049708746,1.3803854687078,-2.52457114224013,-1.72187228348865,0.350956893421375,0.349920064406802,"CLR_more_sig"
-0.7,"cent vs mage","14",0.0157448596250127,0.0021458626774028,1.80286120700928,2.66839807377474,1.53610218382128,2.3430151910117,0.259698901318804,0.258821937023822,"TSS_more_sig"
-0.7,"cent vs mage","20",0.0253706899244946,0.00361321646598184,1.59566772251706,2.44210601928851,1.50896241706483,2.31476452465356,0.268674534944031,0.268215616800843,"TSS_more_sig"
-0.7,"cent vs mage","21",0.00279217450765832,0.000261226437925719,2.55405744230078,3.58298287156154,1.68129792968483,2.49342781166324,0.25993714659181,0.260824968257608,"TSS_more_sig"
-0.7,"cent vs mage","22",2.92831315980094e-08,0.0108010667707517,7.53338248078954,1.96653334916383,-2.77916651075085,-1.96562358090066,0.322195178885317,0.321344038052941,"CLR_more_sig"
-0.7,"cent vs mage","24",6.53824076125672e-06,1.34789337574697e-05,5.18453909119522,4.8703444610323,3.33549129795593,4.11075776577375,0.490626246002297,0.49562293068429,"CLR_more_sig"
-0.7,"cent vs mage","26",0.0182329926976527,0.00273286315522377,1.73914204196457,2.56338211452729,1.91962192674663,2.7179014989715,0.37093687941645,0.373842634477156,"TSS_more_sig"
-0.7,"cent vs mage","39",0.00092320998257714,8.04904607125923e-05,3.03469950818019,4.09425558677955,2.44489036430491,3.25218579944787,0.418256156820172,0.418218725305904,"TSS_more_sig"
-0.7,"cent vs mage","42",0.00352373382522306,0.000635188296835832,2.4529969046308,3.19709751225987,2.28607343045391,3.09390445258556,0.412112788985571,0.409138516049863,"TSS_more_sig"
-0.7,"cent vs mage","51",6.8058267829186e-07,0.0147743441943446,6.16711910845501,1.83049178754305,-2.96689902268671,-2.14181532376201,0.39168898256251,0.385063307301192,"CLR_more_sig"
-0.7,"cent vs mage","53",1.11731496796941e-05,0.042026055261142,4.95182438322362,1.37648137275257,-2.87236403447064,-2.0772100150178,0.449844274882305,0.454752160456429,"CLR_more_sig"
-0.7,"cent vs mage","56",0.0347348994034849,0.013291814423856,1.45923395455772,1.87641573083434,1.8133470617539,2.62131833504506,0.374951293693361,0.369744431506967,"TSS_more_sig"
-0.7,"cent vs mage","57",4.07637867235366e-06,0.00853210260854057,5.38972547930866,2.0689439302907,-3.15883574644769,-2.35657017433027,0.450584916592234,0.452615484699469,"CLR_more_sig"
-0.7,"cent vs mage","72",4.51217340202502e-05,0.0465903861542025,4.34561421884396,1.33170368998225,-2.59055015779161,-1.80353158811961,0.386246984938124,0.394063611855095,"CLR_more_sig"
-0.7,"cent vs mage","100",8.39962884708623e-07,0.0013443562781573,6.07573990360759,2.87148562032023,-3.89320476862821,-3.03186071137748,0.569893680825731,0.564857180506316,"CLR_more_sig"
-0.7,"cent vs mage","114",1.61833330466646e-11,1.18041892134821e-07,10.7909320281687,6.92796383765797,-4.82197227488189,-3.95359906070017,0.490239118099614,0.481583889183444,"CLR_more_sig"
-0.7,"cent vs mage","124",1.03317677433885e-05,0.0275131155017632,4.98582536526474,1.56046022863562,-2.75805101171186,-2.00415461442367,0.42106973775041,0.428421203057585,"CLR_more_sig"
-0.7,"cent vs mage","132",0,3.68097969813408e-10,14.524927352853,9.4340365778298,-5.51792350297328,-4.67772783604595,0.487744404352192,0.495472510310791,"CLR_more_sig"
-0.7,"cent vs mage","142",0.0413479385458186,0.000252259576275663,1.38354613787668,3.59815233809507,2.48030366288678,3.34345271158417,0.540870616147834,0.538883796059029,"TSS_more_sig"
-0.7,"cent vs mage","143",0,2.99841994381526e-09,14.524927352853,8.52310754209831,-5.01351736538822,-4.19774302034158,0.443968786199413,0.440452705642532,"CLR_more_sig"
-0.7,"cent vs mage","145",8.75582582789331e-05,0.0287129581696629,4.0577028860645,1.54192206175012,-2.88531170232819,-2.17621692740351,0.50546189024581,0.51311668684249,"CLR_more_sig"
-0.7,"cent vs mage","146",5.53308511882739e-07,0.0269009000271888,6.25703264871722,1.57023318950307,-3.11859664655275,-2.31281941263315,0.42405570568036,0.419844075733058,"CLR_more_sig"
-0.7,"cent vs mage","148",1.29003198867072e-07,0.0015397370152476,6.88939952045197,2.81255344966998,-3.79090545809977,-2.93204667711155,0.500087756661803,0.498108412892202,"CLR_more_sig"
-0.7,"cent vs mage","168",0.00524818211645485,0.00453656304985442,2.27999110297708,2.34327304885293,2.44029885511984,3.18856110031514,0.442292175055291,0.453163130517804,"TSS_more_sig"
-0.7,"cent vs mage","169",3.17156787770089e-08,0.000210634455575472,7.49872598942323,3.67647058546612,-3.51686907001733,-2.76672500397359,0.434115794588903,0.446079472716908,"CLR_more_sig"
-0.7,"cent vs mage","173",0.000229656945342404,0.00349330584081269,3.63892041600582,2.4567633899814,-3.21351234149562,-2.43605433774905,0.486085514436634,0.501239840056884,"CLR_more_sig"
-0.7,"cent vs mage","191",9.06090485962419e-05,0.0191632482280488,4.0428284297052,1.71753087480064,-3.10120673456622,-2.28371045284104,0.455451442997972,0.460976728538512,"CLR_more_sig"
-0.7,"cent vs mage","194",1.84149902075665e-05,0.0419636727772397,4.73482850775129,1.37712650815522,-3.04559707198508,-2.2140075372924,0.48103218474629,0.484012032488511,"CLR_more_sig"
-0.7,"cent vs mage","210",0,9.19755012892172e-14,14.524927352853,13.0363278364781,-5.50792285194105,-4.57601337227435,0.458765204303977,0.453979790149219,"CLR_more_sig"
-0.7,"cent vs mage","219",3.84178568587264e-13,3.33397340301217e-08,12.415466865929,7.47703786910643,-5.02871551841469,-4.08036401618897,0.458651272717203,0.467897859206138,"CLR_more_sig"
-0.7,"cent vs mage","242",9.78779854997627e-05,0.0434786509356656,4.00931497776876,1.36172393975331,-2.71830205272746,-1.91550305558732,0.442535768961274,0.432603041972814,"CLR_more_sig"
-0.7,"cent vs mage","255",3.70534425076528e-05,0.0291461761056971,4.43117143700652,1.53541841535195,-3.16136572151678,-2.3188343591289,0.524989657286553,0.523964887668991,"CLR_more_sig"
-0.7,"cent vs mage","269",7.02600609706589e-07,0.0414510047948537,6.1532914776694,1.38246493745216,-2.56624420754873,-1.75868512599316,0.339595579823405,0.342297394639854,"CLR_more_sig"
-0.7,"cent vs mage","274",2.79526546820733e-05,0.0438307958657588,4.55357694058516,1.3582206434923,-3.04166822464627,-2.28516983684738,0.494655074813734,0.486073149853691,"CLR_more_sig"
-0.7,"cent vs mage","287",2.45317127428932e-05,0.0159407305173737,4.61027212937941,1.79749178002932,-3.0947929543667,-2.29362756433003,0.449761153900828,0.447907220641392,"CLR_more_sig"
-0.7,"cent vs mage","289",9.26548237389601e-08,0.00230493873145472,7.0331319657819,2.63734061428508,-3.64883503515162,-2.84522837757474,0.483144256560189,0.494968900115148,"CLR_more_sig"
-0.7,"cent vs mage","353",2.22327491376288e-11,9.52671349162139e-07,10.653006832331,6.0210568956493,-4.29743573309644,-3.70886679278161,0.444152542716835,0.455230828025192,"CLR_more_sig"
-0.7,"cent vs mage","363",4.73717739090399e-07,0.0361923931783198,6.32448035214173,1.44138269874383,-3.19780907306622,-2.25987657263791,0.449430369857798,0.441044018294866,"CLR_more_sig"
-0.7,"cent vs mage","372",3.34163946815949e-05,0.0163381547989974,4.47604040825327,1.7867969934501,-3.2257245946762,-2.49545999762958,0.488507066836447,0.485827330415393,"CLR_more_sig"
-0.7,"cent vs mage","381",0.000651809344779027,0.0353835902487158,3.18587941748721,1.45119810285369,-2.94966375414899,-2.29677510246286,0.500321810812362,0.507523610714496,"CLR_more_sig"
-0.7,"cent vs mage","401",1.64661241770588e-06,0.0254893788729196,5.78340861373878,1.59364074732203,-3.1218148641476,-2.22502064157097,0.43615402249743,0.431151816384175,"CLR_more_sig"
-0.7,"cent vs mage","431",7.28822935451083e-05,0.038741373779738,4.13737796893419,1.41182498314243,-2.87150477203338,-1.93023543812305,0.446055603558105,0.442213250699884,"CLR_more_sig"
-0.7,"cent vs mage","453",1.24902121578881e-05,0.0255337926014771,4.90343018466689,1.59288467350115,-3.14491166596398,-2.53375788327992,0.453118487086491,0.464226128232614,"CLR_more_sig"
-0.7,"cent vs mage","464",7.71502839789439e-05,0.00640680986277003,4.11266247102324,2.19335816453242,-3.33547175254957,-2.44097204138521,0.486753537336945,0.466522524166509,"CLR_more_sig"
-0.7,"cent vs mage","488",1.15170742023244e-05,0.0290997017099456,4.93865783507695,1.53611146278002,-3.20225494126701,-2.23804603041989,0.478632229416331,0.46207101912123,"CLR_more_sig"
-0.7,"cent vs mage","528",1.17008954319527e-06,0.00482222527258834,5.93178090182002,2.31675250520767,-3.12140187680109,-2.26266533076495,0.432538404004688,0.428378658850492,"CLR_more_sig"
-0.7,"cent vs mage","531",4.8857049060671e-05,0.00407495618482754,4.31107276772217,2.3898770565657,-3.29099395860036,-2.39818302892885,0.484334440295054,0.464926211102423,"CLR_more_sig"
-0.7,"cent vs mage","546",3.00763343622156e-06,0.0325635991813368,5.52177509571574,1.48726759953813,-3.20810747000494,-2.41951921471569,0.436052451378363,0.437304917638066,"CLR_more_sig"
-0.7,"cent vs mage","562",5.36820570214841e-05,0.0208068257690986,4.27017085096195,1.68179416948147,-2.78799790574018,-1.96671769638191,0.435952872107248,0.431125862164494,"CLR_more_sig"
-0.7,"cent vs mage","675",1.02456665830166e-09,4.55521659728704e-05,8.98945978114678,4.34149096780841,-4.17064702386505,-3.27864802666349,0.472077199623313,0.463938095063065,"CLR_more_sig"
-0.7,"cent vs mage","737",1.81548856782105e-05,0.0186024787350335,4.74100648150618,1.73042918324319,-3.17894581966699,-2.36895323452772,0.47673161854987,0.461428185080893,"CLR_more_sig"
-0.7,"cent vs mage","769",2.09533097850645e-06,0.00387956821101183,5.67874736611743,2.41121660791354,-3.20460680346733,-2.43309677193063,0.45044492190825,0.459866067898919,"CLR_more_sig"
-0.7,"cent vs mage","770",1.08725843400095e-09,0.000958300726184075,8.96366721477243,3.01849818275062,-3.24589500225201,-2.43711259475826,0.353830006430346,0.354887689320024,"CLR_more_sig"
-0.7,"cent vs mage","816",1.88455239542742e-06,0.023173616479421,5.72479178353745,1.63500618483347,-2.8397377156827,-2.02149878402003,0.405747002914619,0.401404578424071,"CLR_more_sig"
-0.7,"cent vs mage","819",1.9283923034727e-05,0.0134404646274174,4.71480461052548,1.87158571776763,-3.10437720281948,-2.32587641155716,0.440814673845369,0.450940825603152,"CLR_more_sig"
-0.7,"cent vs mage","837",0.000117095490937369,0.0178431541719824,3.93145982823014,1.74852837202239,-2.98050714551508,-2.17303766713199,0.450698838158096,0.458174095217013,"CLR_more_sig"
-0.7,"cent vs mage","849",1.08018876725407e-06,0.00934770435072333,5.96650034320455,2.02929503193235,-3.01904423972736,-2.21975959218315,0.41788157888943,0.415130686277217,"CLR_more_sig"
-0.7,"cent vs mage","854",0.0384154147518351,0.0313649805422026,1.41549447359235,1.50355497754851,2.1971997558221,2.93716510468007,0.464011425991155,0.473085961279211,"TSS_more_sig"
-0.7,"cent vs mage","884",2.98971480717221e-06,0.014845133731313,5.52437023762162,1.8284158857399,-2.91318012428194,-2.12981430039108,0.396504422373212,0.401553275493096,"CLR_more_sig"
-0.7,"cent vs mage","912",3.48573206215304e-05,0.0264982945028996,4.45770599886704,1.57678207745245,-3.21523532165938,-2.55906527682142,0.465723123024716,0.468937404743686,"CLR_more_sig"
-0.7,"cent vs mage","917",9.17791858572549e-07,0.00312847094800314,6.03725579910671,2.50466787366728,-3.53473840838458,-2.8317493090703,0.50127148234866,0.511574977374185,"CLR_more_sig"
-0.7,"cent vs mage","921",2.9858820442607e-14,5.6029106056617e-09,13.524927352853,8.25158630663783,-4.96545088574042,-4.07183315768544,0.468996873871738,0.46500888208561,"CLR_more_sig"
-0.7,"cent vs mage","925",4.33221092393551e-06,0.0313240938513812,5.3632904068779,1.50412148349541,-2.93082426467143,-2.12190293103591,0.425073052004904,0.431511635375568,"CLR_more_sig"
-0.7,"cent vs mage","966",5.96224487611226e-06,0.00801262975297293,5.22459019097357,2.09622492464394,-3.45524832511234,-2.72950100797837,0.530429050713623,0.538350350409181,"CLR_more_sig"
-0.7,"cent vs mage","975",1.12766246746002e-06,0.0094479543851924,5.94782087416107,2.02466221216709,-3.18704515029442,-2.36088365572398,0.439233834005024,0.434629050328025,"CLR_more_sig"
-0.7,"cent vs mage","978",0.038397671003992,0.00408348707445112,1.41569511679885,2.38896881475491,2.21197202430447,2.89338289636059,0.452380372015332,0.453174039093437,"TSS_more_sig"
-0.7,"cent vs mage","1004",3.9768909488846e-07,0.0122641849101232,6.40045631772586,1.91136131013992,-3.46521440305664,-2.67644392641621,0.467163145996264,0.46407519058361,"CLR_more_sig"
-0.7,"cent vs mage","1019",8.55939627211358e-12,5.05043035888135e-05,11.0675568667406,4.29667161306471,-3.80066263870551,-3.032920047682,0.396756727397247,0.399692145746555,"CLR_more_sig"
-0.7,"cent vs mage","1040",3.37924905766213e-05,0.0421225801692175,4.47117979864171,1.37548503447293,-2.99044745783567,-2.09255259837251,0.447048387447319,0.445028909448339,"CLR_more_sig"
-0.7,"cent vs mage","1058",2.75944213440628e-08,8.17575034333518e-05,7.55917870867302,4.08747237872689,-3.82903149833152,-3.02890053502873,0.45657026118445,0.450267106604666,"CLR_more_sig"
-0.7,"cent vs mage","1074",0.00536801066634113,0.00146150931626968,2.27018662988666,2.83519841192364,2.24506788411788,2.88860027526839,0.370768447598897,0.379286191879062,"TSS_more_sig"
-0.7,"cent vs mage","1079",1.54389937628632e-07,0.00466016713584952,6.81138100824099,2.33159850715646,-3.20728082266246,-2.38097175526757,0.422378755668964,0.415611143711754,"CLR_more_sig"
-0.7,"cent vs mage","1087",0.00724732527643205,8.20562137764078e-05,2.13982224612076,4.0858885260475,2.72489300996792,3.54946024222382,0.494982834361205,0.497020440278803,"TSS_more_sig"
-0.7,"cent vs mage","1098",5.88175042116033e-07,1.41437615216894e-07,6.23049340774675,6.8494350749192,3.39314489168987,4.16769487492398,0.442597620741079,0.438352025875607,"TSS_more_sig"
-0.7,"cent vs mage","1104",6.38013494487883e-08,0.000389594972505682,7.19517013551137,3.4093866560725,-3.50818060348872,-2.74595970039668,0.446885163467542,0.447395852579393,"CLR_more_sig"
-0.7,"eld vs kin","3",0,2.3717278141433e-12,32.5217240444042,11.6249351532497,-5.54872188123749,-4.63747672457739,0.446320048340037,0.447502702551232,"CLR_more_sig"
-0.7,"eld vs kin","4",0.00222591061761447,2.48898525240979e-09,2.65249227893042,8.60397767664011,1.67175167585404,2.59215763126832,0.220460217929947,0.220648848049674,"TSS_more_sig"
-0.7,"eld vs kin","5",1.19907957382919e-11,3.03415593991245e-05,10.9211519951095,4.51796210248695,-3.59144845274211,-2.68290732066395,0.385098822725453,0.38395279577797,"CLR_more_sig"
-0.7,"eld vs kin","7",2.21262114528228e-24,3.00798700427901e-32,23.6550929415173,31.5217240444042,6.73185068053587,7.6360310807773,0.462995664665688,0.459197837416557,"TSS_more_sig"
-0.7,"eld vs kin","10",2.77808621778489e-08,0.00114475106726697,7.5562542800789,2.94128894290143,-3.53569717184762,-2.60638152261196,0.474259477372624,0.472327765949872,"CLR_more_sig"
-0.7,"eld vs kin","11",0.000196665167919432,4.7869283071606e-09,3.70627255273922,8.31994307680836,2.38693110436858,3.2861365830223,0.353110137048255,0.348766447344294,"TSS_more_sig"
-0.7,"eld vs kin","12",5.57941610186634e-08,0.014916040942699,7.25341124855454,1.82634643322412,-2.80015171458607,-1.88667238949274,0.369673234546847,0.371298176922245,"CLR_more_sig"
-0.7,"eld vs kin","14",0.000339643818667565,6.51367235980009e-09,3.46897628492426,8.18617409039956,2.00589182280742,2.92370831570087,0.275128046158046,0.277655141052409,"TSS_more_sig"
-0.7,"eld vs kin","15",0.0184325099772648,1.78682435252608e-05,1.73441552234715,4.74791813718541,2.10698922509974,3.0394540292213,0.429786308592975,0.430806177787541,"TSS_more_sig"
-0.7,"eld vs kin","16",3.17738349654581e-05,5.52382115745664e-11,4.49793036453001,10.2577603908441,2.16321628838346,3.07665368506339,0.266468660350888,0.266373082823079,"TSS_more_sig"
-0.7,"eld vs kin","21",5.55457964921288e-12,7.09100008282633e-19,11.2553488013378,18.1492925095527,3.23236807736388,4.14928338411015,0.292219245937463,0.292062052392088,"TSS_more_sig"
-0.7,"eld vs kin","25",0.00939967313896295,8.85971110827237e-06,2.02688724814635,5.05258043907555,2.18861343773007,3.12030087510863,0.419010399416118,0.422271354200317,"TSS_more_sig"
-0.7,"eld vs kin","31",0.00271626666692232,1.52060101804853e-05,2.56602759584668,4.81798472308726,2.74884224282577,3.66087751969652,0.536546914914719,0.532134761985352,"TSS_more_sig"
-0.7,"eld vs kin","33",1.13051676474989e-10,1.26441500687877e-05,9.9467229929963,4.89811035831967,-3.9973384183446,-3.12179479245403,0.454999669594356,0.46194186046578,"CLR_more_sig"
-0.7,"eld vs kin","38",7.64343440967546e-07,0.0415308976713958,6.11671145686621,1.38162868171169,-2.61511434162771,-1.70678446373457,0.377120683358883,0.376358785766572,"CLR_more_sig"
-0.7,"eld vs kin","57",3.10624448496904e-06,0.0103044492925189,5.50776436499692,1.98697521355106,-3.2087828106576,-2.27385256833541,0.482972220090159,0.478873427386097,"CLR_more_sig"
-0.7,"eld vs kin","65",1.96705316357579e-11,5.88099456608556e-05,10.7061839022385,4.23054922187668,-3.49297901931003,-2.57265759349147,0.366521514972801,0.37063508369743,"CLR_more_sig"
-0.7,"eld vs kin","67",0,1.36646917161161e-10,32.5217240444042,9.86440016181251,-6.2979730382612,-5.34029222191161,0.574404718497187,0.567997465506526,"CLR_more_sig"
-0.7,"eld vs kin","74",0.000386546141434357,2.51070607110125e-07,3.41279865756902,6.60020412725944,2.90185592079566,3.86313934192369,0.495643254293222,0.496833458706147,"TSS_more_sig"
-0.7,"eld vs kin","79",1.47956627755805e-12,3.73784034373609e-07,11.8298655757328,6.42737925280075,-4.53162587636508,-3.62047397383927,0.488606009953008,0.488418649452479,"CLR_more_sig"
-0.7,"eld vs kin","82",1.05092746044394e-07,8.93476561885127e-05,6.97842725981966,4.04891683563451,-4.55444718999176,-3.77864264598157,0.6172382997198,0.596595148951142,"CLR_more_sig"
-0.7,"eld vs kin","83",2.18394004628422e-09,5.05836540272734e-05,8.66075928809428,4.2959898015918,-4.1814217815293,-3.25634292942092,0.523701454397909,0.516452092762888,"CLR_more_sig"
-0.7,"eld vs kin","84",3.48146780226689e-11,6.37526279181245e-07,10.4582376169648,6.19550190866942,-4.6279885367025,-3.7026499297553,0.48655202097438,0.485556906994277,"CLR_more_sig"
-0.7,"eld vs kin","85",2.70125385647859e-06,0.0119933334832349,5.56843460008235,1.921060090282,-3.06728717031519,-2.1893802974491,0.48479824042705,0.488716726372639,"CLR_more_sig"
-0.7,"eld vs kin","87",5.94130385189336e-07,0.00307691115038349,6.22611823624036,2.51188504436199,-3.66238098190053,-2.72300108113044,0.523784792286246,0.524859625340316,"CLR_more_sig"
-0.7,"eld vs kin","89",1.54062228484183e-10,1.03296546115117e-13,9.81230382443286,12.9859141995668,4.047765027209,4.96002264840614,0.43500777749947,0.428609785415466,"TSS_more_sig"
-0.7,"eld vs kin","91",1.9205392381173e-10,1.08183956639578e-06,9.71657681543255,5.96583713904008,-5.08548259042619,-4.16160048066471,0.581182025627092,0.582826048419953,"CLR_more_sig"
-0.7,"eld vs kin","100",2.47940587831267e-08,0.000516303833931364,7.60565237348107,3.28709464998851,-4.44652285719481,-3.54934295340539,0.555991999976215,0.564871538727959,"CLR_more_sig"
-0.7,"eld vs kin","102",5.70589628370029e-07,0.00186488940814834,6.24367612679496,2.72934691766495,-3.70387732381083,-2.74429343994934,0.547671735673792,0.535064370948634,"CLR_more_sig"
-0.7,"eld vs kin","108",0.000605652441559734,0.0464969471734957,3.21777652767249,1.33257556042679,-3.42190642876775,-2.59238954249907,0.63817993136802,0.646908852131853,"CLR_more_sig"
-0.7,"eld vs kin","110",1.85046046353932e-05,0.0151155524314541,4.73272018949356,1.82057597593916,-3.21589391781736,-2.33072796320502,0.521144964713532,0.533731478909701,"CLR_more_sig"
-0.7,"eld vs kin","111",5.49551288696761e-11,2.82010232195848e-05,10.259991769376,4.54973513385945,-3.96332641574468,-3.0689008607996,0.446389689067565,0.453268171297353,"CLR_more_sig"
-0.7,"eld vs kin","115",4.53730375182366e-06,0.0100307247740317,5.34320214572293,1.99866768572429,-3.4121546737892,-2.53819486020088,0.560348783664542,0.555596464560898,"CLR_more_sig"
-0.7,"eld vs kin","118",8.30791133003553e-09,0.00427251743255665,8.0805081473177,2.36931615661244,-3.01264121548687,-2.10574517918027,0.386572601992533,0.387922835349347,"CLR_more_sig"
-0.7,"eld vs kin","121",6.19205999621411e-07,6.4746292583965e-11,6.20816484433122,10.1887850945274,3.7529716956438,4.67613175403611,0.491765076922954,0.49439959003216,"TSS_more_sig"
-0.7,"eld vs kin","128",1.00637539324873e-05,0.00903747277831442,4.99723999064576,2.04395299782971,-3.46474357795445,-2.4946137245393,0.579021659218315,0.570957502603113,"CLR_more_sig"
-0.7,"eld vs kin","130",3.44771787121852e-07,0.0023248601540749,6.46246827996626,2.63360316584508,-4.07561442312719,-3.1216995894257,0.589347338797785,0.589814722431395,"CLR_more_sig"
-0.7,"eld vs kin","133",2.69655844632113e-06,0.00693804092617515,5.56919016219589,2.1587631426664,-3.32003956498965,-2.4029918684861,0.50323789261197,0.503015385413807,"CLR_more_sig"
-0.7,"eld vs kin","138",3.84166175683532e-05,4.16963571298886e-09,4.41548087570718,8.3799018862132,3.1381115073823,4.07809399055952,0.447624690068595,0.444705283894593,"TSS_more_sig"
-0.7,"eld vs kin","139",8.16971585787315e-12,2.23111895087111e-06,11.0877930479356,5.65147727492916,-4.802717819839,-3.83794719175731,0.536792759176356,0.532324615262519,"CLR_more_sig"
-0.7,"eld vs kin","147",0.000117779353196228,0.00547665165758226,3.928930835006,2.26148488149242,-3.5430486551136,-2.77650836858297,0.550420924946885,0.550870447621563,"CLR_more_sig"
-0.7,"eld vs kin","151",1.624865588751e-10,1.31998730579296e-14,9.78918255867161,13.8794302453476,4.64983722499622,5.52426676463415,0.486938689421027,0.482365928541747,"TSS_more_sig"
-0.7,"eld vs kin","162",9.19856846055642e-06,0.00980618841417482,5.0362797550518,2.00849976656095,-3.60996073800542,-2.78814971095568,0.606273849699694,0.592315979396544,"CLR_more_sig"
-0.7,"eld vs kin","163",7.85359541781944e-06,0.00998911194567938,5.10493147540253,2.00047311980548,-3.7450771996297,-2.77463314631377,0.584369896696668,0.576287469956202,"CLR_more_sig"
-0.7,"eld vs kin","164",0.00169817468695406,4.81428609892163e-06,2.77001763701431,5.31746810444509,2.45273697623162,3.36247659795792,0.458693772598821,0.469594964298559,"TSS_more_sig"
-0.7,"eld vs kin","169",2.98119322718872e-09,5.30013863410375e-05,8.52560987409076,4.27571277054283,-4.18690107865266,-3.28375267291386,0.531536746597218,0.521870097375636,"CLR_more_sig"
-0.7,"eld vs kin","172",1.46265479810034e-06,0.00122061339779143,5.8348581598419,2.91342186741649,-3.54555777446715,-2.66607120026986,0.469853735538683,0.452289060947484,"CLR_more_sig"
-0.7,"eld vs kin","181",8.59748254703107e-05,0.0121166395527925,4.06562869712686,1.91661781136112,-3.38909028658907,-2.39711407424463,0.496119512995404,0.496022745701315,"CLR_more_sig"
-0.7,"eld vs kin","200",0.000346406884890624,0.0454986165967919,3.46041348489865,1.34200180803549,-2.94784539100113,-2.05523158030662,0.540901313859021,0.529767483101547,"CLR_more_sig"
-0.7,"eld vs kin","203",4.73093468942527e-07,0.0165276302734593,6.32505304734733,1.78178941097405,-2.96414218023347,-1.99656651648852,0.431416874752397,0.435549257089213,"CLR_more_sig"
-0.7,"eld vs kin","207",0.00240536723370004,5.3547056849148e-06,2.61881860935494,5.27126439466034,2.7671710456231,3.74112095201587,0.465042106845226,0.468276202524683,"TSS_more_sig"
-0.7,"eld vs kin","216",9.663387220664e-06,0.0179311121692816,5.01487061753937,1.74639277267973,-3.17403653035203,-2.33622292072635,0.519932332583978,0.513036215525136,"CLR_more_sig"
-0.7,"eld vs kin","222",0.0186769972927862,4.71780178960436e-05,1.72869294416562,4.32626030920908,2.38573619995817,3.42371677676971,0.509931757278413,0.51148321039961,"TSS_more_sig"
-0.7,"eld vs kin","246",0.0481141618116546,0.000119806098102542,1.3177270755717,3.92152107589594,2.0804565417065,3.02229340386238,0.47280171480591,0.477879376538418,"TSS_more_sig"
-0.7,"eld vs kin","251",6.13300740994064e-06,0.00608537928477607,5.21232651059469,2.21571234822243,-3.6423537669989,-2.66985067237368,0.584980624388953,0.5844371164717,"CLR_more_sig"
-0.7,"eld vs kin","252",1.38307166840689e-06,0.00844945294934418,5.85915531491079,2.07317140806474,-3.26356917919402,-2.33144805668237,0.475811135071589,0.462538551500927,"CLR_more_sig"
-0.7,"eld vs kin","267",3.18161456066309e-06,0.00936032212170204,5.49735243446828,2.02870920539966,-4.02081296173263,-3.0444381903693,0.604056469457057,0.607950488850331,"CLR_more_sig"
-0.7,"eld vs kin","282",2.17613045393739e-07,0.0107697650975204,6.66231507325376,1.967793769122,-3.7689134605368,-2.72922133259573,0.483356619637257,0.470714499851879,"CLR_more_sig"
-0.7,"eld vs kin","344",0.0224007646432644,2.93544960065618e-07,1.64973715690322,6.53232537171446,2.26910588820547,3.14026374467265,0.437301579304626,0.410098188972468,"TSS_more_sig"
-0.7,"eld vs kin","473",6.29421811309994e-06,0.0148292048324571,5.20105821158574,1.82888213596654,-3.50789349400181,-2.59726452868685,0.53612330661444,0.53844958935401,"CLR_more_sig"
-0.7,"eld vs kin","614",7.29498485646428e-07,0.000971252835985019,6.13697560531417,3.01266770008205,-3.66071546583992,-2.67868866347384,0.497081752412645,0.490119900695546,"CLR_more_sig"
-0.7,"eld vs kin","616",4.14463329909683e-09,0.0030296364361224,8.38251388808686,2.5186094847846,-3.47393267814206,-2.4840237566584,0.439356911726497,0.434599767036153,"CLR_more_sig"
-0.7,"eld vs kin","666",0,8.461022636436e-08,32.5217240444042,7.07257714304601,-4.65545260852615,-3.76729304864319,0.417168584442052,0.426917018038867,"CLR_more_sig"
-0.7,"eld vs kin","728",6.99829334061002e-09,4.45689883044219e-14,8.155007857575,13.3509672240873,3.31800443030153,4.17536972756546,0.383113030196519,0.369151840994171,"TSS_more_sig"
-0.7,"eld vs kin","744",1.0153411731538e-09,5.13117232866338e-06,8.99338800236019,5.28978339946841,-4.44568912224132,-3.49021495407516,0.525888160349489,0.511685767404794,"CLR_more_sig"
-0.7,"eld vs kin","770",4.63072015596631e-08,0.000807047276398744,7.33435146353037,3.09310102379377,-3.39973521737243,-2.51796514836977,0.432640394747057,0.438406469324074,"CLR_more_sig"
-0.7,"eld vs kin","786",1.56926345518238e-12,8.05827270802915e-07,11.8043041389325,6.09375803930702,-4.60575592377691,-3.62388887965096,0.496689198871202,0.496058174264344,"CLR_more_sig"
-0.7,"eld vs kin","849",2.98072617384099e-09,0.000566104132846175,8.52567791885233,3.2471036745347,-3.6018582605074,-2.65622085228716,0.440222812028916,0.437540893160048,"CLR_more_sig"
-0.7,"eld vs kin","854",0.00676133761527979,4.46208764375248e-05,2.1699673778056,4.35046190361196,2.43578099137537,3.47109252942656,0.462764459594034,0.482362485567712,"TSS_more_sig"
-0.7,"eld vs kin","877",0.00045214869811038,0.0289199598171737,3.34471871530226,1.53880231480738,-3.00944415912374,-2.09168694702233,0.567405605928414,0.556788546531963,"CLR_more_sig"
-0.7,"eld vs kin","879",2.8209765647926e-09,0.000542094016222831,8.54960052172253,3.26592538655034,-3.44699352875906,-2.50129214433289,0.40949008685765,0.410291865487842,"CLR_more_sig"
-0.7,"eld vs kin","886",4.4697565995367e-06,5.44209264070559e-10,5.34971612571733,9.26423406950136,3.76051272169785,4.71918696114653,0.525760326156067,0.519778487573553,"TSS_more_sig"
-0.7,"eld vs kin","891",9.85997826230377e-08,0.00109850074049838,7.00612404252044,2.95919964598584,-4.27231938862746,-3.34274854594138,0.571052441956063,0.570445732886723,"CLR_more_sig"
-0.7,"eld vs kin","895",4.30210802289634e-08,0.000253538250837884,7.3663186889837,3.59595651019795,-3.95609464255208,-3.07111290123914,0.513548493490798,0.51421755357125,"CLR_more_sig"
-0.7,"eld vs kin","914",3.78923085585406e-06,0.0101309625761527,5.42144893487561,1.99434928892885,-3.69716399787736,-2.76133554587492,0.563238756113199,0.56277110846731,"CLR_more_sig"
-0.7,"eld vs kin","935",4.20558752901268e-06,0.0204423091323259,5.37617332381753,1.68947004851848,-3.42129325980887,-2.31137758218988,0.533397620765106,0.54943463317958,"CLR_more_sig"
-0.7,"eld vs kin","947",5.06064084563155e-07,1.06030310344479e-10,6.29579448353594,9.97456996743651,3.31634745959585,4.34566448474648,0.420437352758235,0.437825247234992,"TSS_more_sig"
-0.7,"eld vs kin","965",1.52276992085751e-05,0.0183687445339344,4.81736571035427,1.73592052581815,-3.71801006875693,-2.60966328034878,0.597871221436454,0.599861323199844,"CLR_more_sig"
-0.7,"eld vs kin","978",5.91248681961342e-18,2.76221388737864e-24,17.2282298144022,23.5587426955938,5.27357529437929,6.16098774044269,0.416649612336353,0.41880675808652,"TSS_more_sig"
-0.7,"eld vs kin","984",9.72939583272581e-11,1.20409571337431e-14,10.0119141273226,13.9193389897076,4.05152953565479,5.06088000215435,0.428034381084673,0.434675483268636,"TSS_more_sig"
-0.7,"eld vs kin","991",4.55511964585895e-09,2.00489548360367e-05,8.34150021125873,4.69790826248385,-4.60945518077527,-3.65332241154077,0.569991781605806,0.573561303827271,"CLR_more_sig"
-0.7,"eld vs kin","1014",7.56615709939688e-12,3.61224856761717e-08,11.1211246455052,7.44222237246977,-5.1141454188618,-4.21396408964355,0.528293784524247,0.5176073027945,"CLR_more_sig"
-0.7,"eld vs kin","1021",2.2472736421331e-10,2.96703554328321e-06,9.64834404194104,5.52767725106795,-4.59066382144439,-3.78870949960348,0.55050145424062,0.551753379964906,"CLR_more_sig"
-0.7,"eld vs kin","1030",3.61549414703073e-06,9.37866625766799e-11,5.44183233719035,10.0278589183501,3.29760881991414,4.17085638582975,0.430700999013201,0.420985782228788,"TSS_more_sig"
-0.7,"eld vs kin","1047",2.81842921761964e-09,0.0250492702723103,8.54999286763223,1.60120492134664,-2.52512252242744,-1.60450032314648,0.289919348555,0.291942831776363,"CLR_more_sig"
-0.7,"eld vs kin","1074",7.2510827023172e-13,1.39663264914563e-18,12.1395971414931,17.8549178096543,4.22203510577888,5.14200925571835,0.399988672758559,0.398047660266524,"TSS_more_sig"
-0.7,"eld vs kin","1076",1.85373278175687e-06,4.29103687609075e-14,5.73195286985309,13.3674377532338,3.6685472222707,4.61365016582039,0.428655361948731,0.411277201398156,"TSS_more_sig"
-0.7,"eld vs kin","1079",1.66302303347837e-06,0.0168364092173356,5.77910173560112,1.77375052705142,-3.26564693625976,-2.28670224946097,0.491135113697527,0.50710894128186,"CLR_more_sig"
-0.7,"eld vs kin","1089",0.000131332058205459,1.15202821160339e-09,3.88162924952115,8.93853688550165,2.16516442479105,3.07603477813328,0.289933568864398,0.288760749898977,"TSS_more_sig"
-0.7,"eld vs kin","1098",3.17599983501086e-22,2.99598107348971e-25,21.498119528806,24.5234609345323,6.14081557298165,7.08361527833789,0.445585743105361,0.448407466295353,"TSS_more_sig"
-0.7,"eld vs kin","1101",2.84064637662641e-06,0.0489997532416601,5.5465828269031,1.30980610703384,-3.61862711379231,-2.44393568648475,0.577035769157613,0.598363004943694,"CLR_more_sig"
-0.7,"eld vs kin","1104",1.13305973251432e-07,0.000995187036877261,6.94574719444591,3.00209528965621,-3.61454157907619,-2.79054155298558,0.460172296479295,0.478164898121786,"CLR_more_sig"
-0.7,"eld vs kin","1105",5.49195609624218e-14,3.73328921434342e-09,13.2602729432554,8.42790836439245,-5.33069495944147,-4.45411768016328,0.501193176746125,0.510489648037724,"CLR_more_sig"
-0.7,"eld vs kin","1112",2.33154509702145e-09,0.00015004753940309,8.63235617995294,3.82377112208133,-4.44914619579869,-3.53923510456223,0.539859606073742,0.543029177243928,"CLR_more_sig"
-0.6,"cent vs mage","4",0.0318800890499571,0.000586897724177075,1.49648047416893,3.23143757455399,1.37856131623271,1.8974117890122,0.182836168343881,0.182934097644686,"TSS_more_sig"
-0.6,"cent vs mage","7",1.89318770535836e-07,3.43041891098111e-08,6.72280632456764,7.46465284216753,3.36775559324477,3.85720985369368,0.417279512597799,0.417321200355923,"TSS_more_sig"
-0.6,"cent vs mage","12",0.00263258099331701,0.0373650671933925,2.57961825854341,1.42753423241776,-2.19450988947804,-1.67321307689785,0.351565097601593,0.351377388628573,"CLR_more_sig"
-0.6,"cent vs mage","14",0.00217175852620518,2.84856118075727e-05,2.66318846479525,4.54537444842779,1.8835955948252,2.39874437024015,0.259384483491181,0.259736689282274,"TSS_more_sig"
-0.6,"cent vs mage","19",0.0403881849018436,0.00319830167375825,1.39374566415674,2.49508057465186,1.68249739646363,2.20533856955961,0.345437301213474,0.34695217857244,"TSS_more_sig"
-0.6,"cent vs mage","20",0.00424711161050619,8.88451564128012e-05,2.37190632596716,4.05136624372285,1.85554547792492,2.37172467385113,0.268571027479944,0.268750182250489,"TSS_more_sig"
-0.6,"cent vs mage","21",0.000390588390592148,5.21669357220023e-06,3.40828066933464,5.28260467292129,2.03806527106121,2.54797076637477,0.260227295387768,0.261308814445769,"TSS_more_sig"
-0.6,"cent vs mage","22",0.000199711640120223,0.0118546613574201,3.69959662169586,1.92611084764989,-2.43191193472401,-1.91698212940188,0.323153211234296,0.322862413860368,"CLR_more_sig"
-0.6,"cent vs mage","24",3.2321933868633e-07,6.20201084791279e-09,6.49050266264528,8.20746747847526,3.66685302101025,4.15532660551028,0.49270429379466,0.492358546489332,"TSS_more_sig"
-0.6,"cent vs mage","26",0.00153572994408892,9.25737606290717e-05,2.81368514765312,4.03351209354326,2.2609373414035,2.78050233260924,0.370057615915673,0.373746447779511,"TSS_more_sig"
-0.6,"cent vs mage","32",0.0443791844103767,0.00969686386708057,1.35282068338674,2.01336870134671,1.32190773706518,1.83300140623953,0.228823624550697,0.229734784977213,"TSS_more_sig"
-0.6,"cent vs mage","39",0.000108265438378532,1.27326310263438e-05,3.96551016126061,4.89508184598035,2.78238349092776,3.26951488692397,0.41447935930768,0.417357270528455,"TSS_more_sig"
-0.6,"cent vs mage","42",0.000719554519776754,6.7484666074543e-05,3.14293629451242,4.17079489673544,2.61991626795487,3.15185524489049,0.407932983575596,0.411595507993115,"TSS_more_sig"
-0.6,"cent vs mage","51",0.000227062615071668,0.0130408338117814,3.64385436469972,1.88469463956432,-2.60678454636193,-2.06066038188364,0.38978742984435,0.382080765049728,"CLR_more_sig"
-0.6,"cent vs mage","53",0.00119413730703355,0.0414979933907398,2.92294573329165,1.38197290281557,-2.50713808160015,-1.98527019516931,0.444383833194098,0.446442928758283,"CLR_more_sig"
-0.6,"cent vs mage","55",0.0460483906612013,0.0159405936376511,1.33678554329934,1.79749550924132,1.6783566887294,2.1640220981161,0.358310202680394,0.35442115418021,"TSS_more_sig"
-0.6,"cent vs mage","56",0.00151084771549212,0.000169466476116245,2.82077930776846,3.77091620116407,2.1697016070058,2.69574697938751,0.371680517206875,0.373685178925865,"TSS_more_sig"
-0.6,"cent vs mage","57",0.000399533450595506,0.0082011203179861,3.39844685389472,2.0861268165571,-2.80092680785571,-2.25987905485469,0.447326984344951,0.454678377747161,"CLR_more_sig"
-0.6,"cent vs mage","69",0.0404483992090289,0.00853985975426794,1.39309866140504,2.06854926144772,1.89044862817804,2.33512255241833,0.384759323151899,0.387570556303272,"TSS_more_sig"
-0.6,"cent vs mage","72",0.00214503394835456,0.04060645700124,2.66856583006835,1.39140490196371,-2.22154857285453,-1.70843024741277,0.389463253033801,0.380211059255148,"CLR_more_sig"
-0.6,"cent vs mage","90",0.0417867424605033,0.00286744758285709,1.37896148352424,2.54250451228772,1.52653866787995,2.04438752918173,0.281556574593876,0.279251339625246,"TSS_more_sig"
-0.6,"cent vs mage","100",8.38166807749127e-05,0.00151785124258512,4.07666954166111,2.81877078950122,-3.52122453147651,-2.93362975090175,0.567334845872738,0.561361274788176,"CLR_more_sig"
-0.6,"cent vs mage","103",0.0123184253202549,0.0416270816356188,1.90944480503137,1.38062403528123,-2.32077748467343,-1.85329522595488,0.432856903722035,0.447533269818118,"CLR_more_sig"
-0.6,"cent vs mage","106",0.0200436890324776,0.000919884505659421,1.69802234373273,3.03626669624516,1.91473443485663,2.44800896476476,0.337768092661179,0.3356719535741,"TSS_more_sig"
-0.6,"cent vs mage","114",8.44672562176045e-09,6.23538621169351e-08,8.07331161294305,7.20513664171828,-4.46941794401255,-3.97129662875261,0.490654555069794,0.484591662361075,"CLR_more_sig"
-0.6,"cent vs mage","124",0.000906154092836463,0.026611931507514,3.04279794362761,1.57492360299042,-2.38279888841672,-1.90326845640334,0.422344376642676,0.42206552588937,"CLR_more_sig"
-0.6,"cent vs mage","132",0,9.69553546244691e-11,14.8096265840673,10.0134282008231,-5.16375400889782,-4.5962367348302,0.486730762186756,0.485451142914061,"CLR_more_sig"
-0.6,"cent vs mage","142",0.000524740585349557,0.00127588354807911,3.28005534458437,2.89418896255418,2.88606322012171,3.27328523506855,0.529654963221837,0.540556134524383,"CLR_more_sig"
-0.6,"cent vs mage","143",3.38707534242033e-12,1.9790400353545e-11,11.4701751427609,10.7035454200646,-4.69112654384415,-4.12213020873346,0.445449254316576,0.451742735500897,"CLR_more_sig"
-0.6,"cent vs mage","145",0.00259394207344715,0.0396107150536512,2.58603972658006,1.40218731762974,-2.57665194562333,-2.11448707353709,0.50891220352958,0.521045973011447,"CLR_more_sig"
-0.6,"cent vs mage","146",0.000609507048618569,0.0105471631306843,3.21502126763633,1.97686433679901,-2.78510394925605,-2.20481925311431,0.428012787871571,0.423524942153179,"CLR_more_sig"
-0.6,"cent vs mage","148",7.34563408341907e-05,0.000528876069293761,4.13397070946608,3.27664608359322,-3.45535766367606,-2.91326988102074,0.500541002139221,0.49863446510378,"CLR_more_sig"
-0.6,"cent vs mage","168",0.000537265472144747,2.249110142861e-05,3.26981106886522,4.64798927588252,2.71437996386473,3.25720831551769,0.448857568145578,0.453471665844997,"TSS_more_sig"
-0.6,"cent vs mage","169",8.08394443387861e-05,0.00147083711618052,4.09237668033027,2.83243541936001,-3.2153127654409,-2.63385012091253,0.4467584663313,0.439008249995146,"CLR_more_sig"
-0.6,"cent vs mage","173",0.000154085465255464,0.00913142248750189,3.81223832596074,2.03946156306246,-2.76312851301719,-2.30914167710846,0.488350033914633,0.498061670646591,"CLR_more_sig"
-0.6,"cent vs mage","191",0.00276058803448827,0.0342425296427874,2.55899839875646,1.46543415961044,-2.7761847210249,-2.24975195504629,0.461699019049844,0.46450110609861,"CLR_more_sig"
-0.6,"cent vs mage","194",0.00273047329333705,0.0317108268815109,2.56376206692667,1.49879243329945,-2.69086053315716,-2.21062481545037,0.485029701372746,0.484822907984686,"CLR_more_sig"
-0.6,"cent vs mage","210",1.55014889813287e-14,1.66863194558016e-11,13.8096265840673,10.7776394462032,-5.0152760279465,-4.61848508072371,0.45627298230705,0.468323503678192,"CLR_more_sig"
-0.6,"cent vs mage","219",6.45120299772965e-13,4.00986556277416e-10,12.1903592920996,9.39687018756038,-4.69931922559356,-4.04970506489023,0.470508719866475,0.456395511136222,"CLR_more_sig"
-0.6,"cent vs mage","242",0.00473170933818844,0.0253392039704804,2.32498194128374,1.59620703257247,-2.38650103225462,-1.95887351786615,0.450447481371443,0.452951070580467,"CLR_more_sig"
-0.6,"cent vs mage","255",0.0037484000053102,0.0194877801116364,2.42615407017768,1.71023762933672,-2.83104519582548,-2.28000164727107,0.526704728056207,0.521303332926386,"CLR_more_sig"
-0.6,"cent vs mage","269",0.00121603302016383,0.0343740818463514,2.91505463206967,1.46376889328935,-2.24966138758526,-1.68524413918319,0.347880762851242,0.340947669968863,"CLR_more_sig"
-0.6,"cent vs mage","274",0.00111087892811356,0.0355887724017362,2.95433327113782,1.44868699228126,-2.68921976630276,-2.23850430823603,0.50325796128895,0.498746199324618,"CLR_more_sig"
-0.6,"cent vs mage","287",0.000523160446741734,0.0309571402527294,3.28136509803843,1.50923916523148,-2.7646476089525,-2.22733624068329,0.453002650626447,0.446552132087663,"CLR_more_sig"
-0.6,"cent vs mage","289",8.40584803961664e-05,0.0011948493405672,4.07541846540749,2.92268685177462,-3.28747501036241,-2.78095706378475,0.488645785045033,0.482603731199939,"CLR_more_sig"
-0.6,"cent vs mage","294",0.0380367784064298,0.00167581602710325,1.41979627353166,2.77577366040705,2.00091084766798,2.56978717047269,0.388406731901889,0.393975441124101,"TSS_more_sig"
-0.6,"cent vs mage","298",0.016930217662254,0.0397745793124021,1.77133745837611,1.40039440510108,-2.26271759596245,-2.00146395593511,0.492821895835992,0.501318780819559,"CLR_more_sig"
-0.6,"cent vs mage","339",0.0326125303735399,0.0107692014114124,1.48661550341324,1.96781650055307,-2.53682842036179,-2.12295394691917,0.484022311247433,0.477487573438613,"TSS_more_sig"
-0.6,"cent vs mage","353",1.11532943448896e-08,8.66208817667675e-07,7.9525968362489,6.06237739963536,-3.98117864525607,-3.64857102181289,0.450319432193281,0.466162752405098,"CLR_more_sig"
-0.6,"cent vs mage","363",0.00312667145438436,0.001754621942819,2.50491775132638,2.75581644377626,-2.76737179461128,-2.22349989613222,0.448496830751144,0.44687164583986,"TSS_more_sig"
-0.6,"cent vs mage","372",0.00129102421711922,0.00148791098318525,2.88906561113203,2.82742305042176,-2.80925730907615,-2.2925493251974,0.473790713887317,0.474016835672031,"CLR_more_sig"
-0.6,"cent vs mage","381",0.00103878803712094,0.0425989744480569,2.98347306043114,1.37060085622383,-2.65467317611387,-2.11721866159076,0.506112440062616,0.500153980042802,"CLR_more_sig"
-0.6,"cent vs mage","400",0.0118982812095174,0.0454103738953461,1.92451577097178,1.34284492223431,-2.31796418172643,-1.85839400616978,0.433973577699962,0.442202566740854,"CLR_more_sig"
-0.6,"cent vs mage","401",0.000146885468313619,0.0341000843858675,3.83302116774534,1.46724454627814,-2.84464551266055,-2.17721544314376,0.442194061474878,0.42784797411612,"CLR_more_sig"
-0.6,"cent vs mage","451",0.0111285683461648,0.0397426997908917,1.95356070263318,1.4007426338427,-2.29063894964474,-1.89622806593845,0.454479071935878,0.463404997495652,"CLR_more_sig"
-0.6,"cent vs mage","453",0.000152583405591389,0.00848469840706068,3.81649269607951,2.07136359029117,-2.64690406271858,-2.2757774756523,0.447719353622097,0.450132642822218,"CLR_more_sig"
-0.6,"cent vs mage","464",7.74331386431282e-05,0.00357744981180521,4.11107313686503,2.44642645026111,-2.88316651659658,-2.45625257630781,0.469783137857775,0.467432269346388,"CLR_more_sig"
-0.6,"cent vs mage","528",9.30506848467044e-05,0.00419126164392151,4.03128042614364,2.37765522702955,-2.83493409297017,-2.24151582040632,0.435047440154658,0.421929962783245,"CLR_more_sig"
-0.6,"cent vs mage","531",0.000240239280281013,0.00730379539505927,3.61935598188489,2.13645140141589,-2.91954131902588,-2.33844908130943,0.475114952271299,0.464930535380992,"CLR_more_sig"
-0.6,"cent vs mage","546",8.38334177533522e-05,0.00464436574560335,4.07658282799416,2.33307358672788,-2.94113460011235,-2.39634846985255,0.436771597861991,0.441061464001426,"CLR_more_sig"
-0.6,"cent vs mage","562",0.00168291170751264,0.0446886264624008,2.77393866830576,1.34980299349286,-2.34973272155996,-2.02198393175098,0.427828681624185,0.435392211584341,"CLR_more_sig"
-0.6,"cent vs mage","671",0.0451228442772995,0.0031457252728953,1.34560353280566,2.50227920850086,1.71539299651196,2.25104202603296,0.360200615698078,0.361616057356508,"TSS_more_sig"
-0.6,"cent vs mage","675",1.26883882443585e-05,6.04462564202459e-05,4.89659354110758,4.21863059085572,-3.7837400962536,-3.27311423367163,0.478738325986882,0.47272191194687,"CLR_more_sig"
-0.6,"cent vs mage","728",0.0327380392441775,0.00143660464133258,1.48494733503202,2.84266273479687,1.70324385060037,2.22044961543201,0.306558098247393,0.306376862521772,"TSS_more_sig"
-0.6,"cent vs mage","737",0.000217510759777728,0.0233105948611553,3.66251925458745,1.6324466436128,-2.90881921939837,-2.3189351157245,0.474220759511918,0.475418764496719,"CLR_more_sig"
-0.6,"cent vs mage","762",0.0452438328653509,0.00786703129840856,1.3444406106042,2.1041891220186,1.72827835943534,2.26143242971981,0.383092350362884,0.388827422512285,"TSS_more_sig"
-0.6,"cent vs mage","769",0.000259497325858976,0.00487810628240556,3.58586711323238,2.31174874166898,-2.89990379601581,-2.38530517309877,0.461451574789775,0.461216604428584,"CLR_more_sig"
-0.6,"cent vs mage","770",1.26563522647415e-05,0.00265180892757464,4.89769144594308,2.5764577716283,-2.88971531686043,-2.38296631248748,0.349668728409309,0.356916331634342,"CLR_more_sig"
-0.6,"cent vs mage","815",0.0017581352223897,0.0431284326218111,2.75494772534915,1.36523632474455,-2.36527286784923,-1.81827904684256,0.44313459009683,0.452770802449486,"CLR_more_sig"
-0.6,"cent vs mage","816",0.00107386620597049,0.0170226314152003,2.96904982443564,1.76897330437088,-2.50965423138969,-1.98315986423936,0.412387112285642,0.409469909757606,"CLR_more_sig"
-0.6,"cent vs mage","819",0.00165208994916285,0.0154688016665339,2.78196631091296,1.81054332881967,-2.7662464401324,-2.29268131648678,0.440181839254097,0.440727869491666,"CLR_more_sig"
-0.6,"cent vs mage","829",0.0469625430340698,0.0320529226455933,1.32824839396315,1.4941323645544,1.77976760603624,2.29420351477957,0.392499348720626,0.398227570611058,"TSS_more_sig"
-0.6,"cent vs mage","837",0.00145310415249504,0.0203063805179256,2.8377032561543,1.69236747990274,-2.69556600601412,-2.3275045956973,0.450145157072534,0.46150166850618,"CLR_more_sig"
-0.6,"cent vs mage","849",0.00044503206207973,0.0105828099995519,3.35160869939501,1.97539900099022,-2.65985839316229,-2.15387280556339,0.413113340893899,0.421439295133683,"CLR_more_sig"
-0.6,"cent vs mage","854",0.0336831435236201,0.000964360780049158,1.47258738417789,3.01576046042087,2.57455194013385,3.06883638805866,0.466685151865984,0.472945855426664,"TSS_more_sig"
-0.6,"cent vs mage","857",0.0392370864893635,0.0163821149649806,1.40630324819751,1.78563003063868,1.75192910797348,2.17234159575882,0.335981188778852,0.346732525953488,"TSS_more_sig"
-0.6,"cent vs mage","859",0.00104473692177812,0.0369878592570553,2.98099305673389,1.43194080357923,-2.50601818405792,-2.10567081050905,0.458126695073256,0.462779501276755,"CLR_more_sig"
-0.6,"cent vs mage","884",0.000605773980078104,0.0155408560197731,3.21768938493381,1.80852506311394,-2.57712018822311,-2.04938561376063,0.398168320354523,0.398543986286776,"CLR_more_sig"
-0.6,"cent vs mage","886",0.00982192671753471,0.0106377851136079,2.00780331051077,1.97314878680327,2.54878352538847,3.01158464929828,0.518318340119398,0.51953379763459,"CLR_more_sig"
-0.6,"cent vs mage","912",0.000162271820387928,0.00460917720641435,3.78975689183484,2.33637659448158,-2.97922775758052,-2.40208933334205,0.472707957983009,0.466338632278202,"CLR_more_sig"
-0.6,"cent vs mage","917",8.40970253672526e-05,0.00235600110348167,4.0752193655509,2.62782451047412,-3.1719806986462,-2.64572595220664,0.495794967367761,0.500978994873813,"CLR_more_sig"
-0.6,"cent vs mage","921",4.61183765250913e-10,1.43877630801929e-08,9.33612598929157,7.84200672221661,-4.62494703085253,-4.12154677798786,0.474171174101437,0.479174755245721,"CLR_more_sig"
-0.6,"cent vs mage","925",0.00344901916286444,0.033031478127744,2.46230439267141,1.48107199160197,-2.5929253851731,-2.06308831702635,0.433044125028704,0.432619402731488,"CLR_more_sig"
-0.6,"cent vs mage","926",0.0050556598951995,0.0484545676051832,2.29622214963988,1.31466527759718,-2.22599650885769,-1.75438310141249,0.421326211600326,0.415708295437444,"CLR_more_sig"
-0.6,"cent vs mage","966",0.00076620717810098,0.0144016532290517,3.11565378370893,1.84158765047125,-3.13784882773372,-2.67157301868037,0.53037053830527,0.532911427111316,"CLR_more_sig"
-0.6,"cent vs mage","975",0.000655291100950996,0.00223111903181757,3.18356572985268,2.65147725917267,-2.82662027149702,-2.3399595839415,0.441970633632173,0.444033683124966,"CLR_more_sig"
-0.6,"cent vs mage","978",0.0172463717670136,0.0019898060343755,1.76330225637627,2.70118925640739,2.57137567893059,3.03199421670337,0.452946268077453,0.444601157965483,"TSS_more_sig"
-0.6,"cent vs mage","1004",0.000823701455814773,0.032444784419554,3.08423016644103,1.48885510717973,-3.15041989380377,-2.54802087099971,0.46291394249032,0.466606956263033,"CLR_more_sig"
-0.6,"cent vs mage","1019",2.28130728459146e-07,3.70104359665735e-05,6.64181621274428,4.43167579907776,-3.44083137438285,-2.86559984603403,0.395485778006552,0.387691917627671,"CLR_more_sig"
-0.6,"cent vs mage","1040",0.000772284409458804,0.0348427549955487,3.11222273242092,1.45788751290488,-2.70225687316513,-2.08917232216377,0.447594742253315,0.441054849442156,"CLR_more_sig"
-0.6,"cent vs mage","1043",0.00157644630341336,0.00227118521088834,2.80232081751261,2.6437474484368,1.98458332187706,2.47614426884746,0.325746410968887,0.316582873934282,"CLR_more_sig"
-0.6,"cent vs mage","1058",1.27334236768988e-05,0.000117948333910255,4.89505481048025,3.92830818940062,-3.46101385780794,-2.95363200657923,0.456817104271337,0.459203590009524,"CLR_more_sig"
-0.6,"cent vs mage","1074",0.000324990834918459,0.00014369240941185,3.48812888640717,3.84256617297654,2.49450695709962,3.06171007623817,0.382376777371428,0.382624530661534,"TSS_more_sig"
-0.6,"cent vs mage","1079",0.000147296662043875,0.00867546474929909,3.83180709478908,2.0617072505256,-2.84112076782646,-2.27361056059215,0.422973150007856,0.409217459457306,"CLR_more_sig"
-0.6,"cent vs mage","1087",7.56514045934823e-05,1.5363124357381e-05,4.1211830041704,4.81352045401889,3.13695363031277,3.55723905738181,0.490890154855828,0.498081884302134,"TSS_more_sig"
-0.6,"cent vs mage","1098",2.29025212440126e-08,6.27006467399306e-10,7.64011670534177,9.20272797951802,3.74369141763267,4.23974101737515,0.443739698903616,0.442137911542763,"TSS_more_sig"
-0.6,"cent vs mage","1104",1.32343452914764e-05,0.00819332245427191,4.87829753855848,2.08653995282335,-3.17097783315259,-2.71730756041185,0.444141136692541,0.461220224532678,"CLR_more_sig"
-0.6,"eld vs kin","3",0,1.55014889813287e-14,30.8517611985907,13.8096265840673,-5.32714177535328,-4.79360965397753,0.447341709902472,0.446984244693539,"CLR_more_sig"
-0.6,"eld vs kin","4",0.0205131651334048,7.64383646182692e-10,1.68796732383846,9.11668861315103,1.90365654925126,2.42988454043681,0.219832609610708,0.220538618936622,"TSS_more_sig"
-0.6,"eld vs kin","5",1.19079565575041e-07,1.32427084616198e-06,6.9241627584115,5.87802318184197,-3.35510076370947,-2.84044758232346,0.383559634412188,0.384835290984468,"CLR_more_sig"
-0.6,"eld vs kin","7",4.81318208327712e-22,1.40682086681206e-30,21.3175677085976,29.8517611985907,7.01498312717947,7.47277843017881,0.476612607272449,0.455552812584313,"TSS_more_sig"
-0.6,"eld vs kin","10",8.94175591800726e-06,8.79797206854674e-05,5.04857718918834,4.05561742113789,-3.32444536881307,-2.78144121431971,0.4724319918564,0.472094288124476,"CLR_more_sig"
-0.6,"eld vs kin","11",0.00122277777474786,3.26976557548921e-09,2.91265246362609,8.48548338278955,2.60284796715596,3.12820049751826,0.348944517493989,0.353144277786541,"TSS_more_sig"
-0.6,"eld vs kin","12",0.000176527774161703,0.00107126042445115,3.75318695477354,2.97010493892211,-2.57303874220875,-2.04091629425773,0.369867988116886,0.370119543151924,"CLR_more_sig"
-0.6,"eld vs kin","14",0.00308159169024571,1.90475512731234e-09,2.5112249056632,8.7201608486984,2.24139085082738,2.76060924344905,0.276772692754295,0.276370805221897,"TSS_more_sig"
-0.6,"eld vs kin","15",0.0440714890497767,1.91880246359994e-05,1.35584227567169,4.7169697326039,2.35398664593772,2.88050685884192,0.433649001788529,0.435990925877348,"TSS_more_sig"
-0.6,"eld vs kin","16",0.000267199842404731,1.07938266456664e-11,3.5731638023446,10.9668245612046,2.39713461513597,2.92778727239084,0.266217263613966,0.267164566785326,"TSS_more_sig"
-0.6,"eld vs kin","21",1.25435594245695e-10,1.6598167187715e-18,9.90157920839358,17.7799398652254,3.47394011611614,3.99836575921778,0.292857813482091,0.292961948464531,"TSS_more_sig"
-0.6,"eld vs kin","25",0.0281102686002582,1.22973792693891e-05,1.55113500458635,4.91018743247227,2.42323566500524,2.95758250708731,0.420643623765145,0.422389973026775,"TSS_more_sig"
-0.6,"eld vs kin","31",0.00689932338521932,1.26641037018762e-05,2.16119349831695,4.89742554184688,2.95829123815514,3.51391285170511,0.53172914914015,0.538867361845953,"TSS_more_sig"
-0.6,"eld vs kin","33",1.50875868691459e-07,9.11770286954693e-07,6.82138021636885,6.04011456482311,-3.78583276266939,-3.29087912955962,0.461346177802293,0.462569304997967,"CLR_more_sig"
-0.6,"eld vs kin","38",0.000718142658490215,0.00480797265929409,3.14378927492072,2.31803801062917,-2.40047391233374,-1.87703701709477,0.379681530026591,0.379607489668777,"CLR_more_sig"
-0.6,"eld vs kin","46",0.00673526130186755,0.0354709289120393,2.17164555068222,1.45012743808316,-2.13736535060456,-1.61140041478733,0.392505796402447,0.393910037614638,"CLR_more_sig"
-0.6,"eld vs kin","57",0.000371998474122834,0.00107830634383924,3.4294588415197,2.9672578397629,-2.99169283589795,-2.45183976135026,0.494564606031838,0.478176315378315,"CLR_more_sig"
-0.6,"eld vs kin","62",0.000612412647773632,0.00624355260188651,3.21295584867009,2.20456822500318,-2.22279209478843,-1.68675882441996,0.317645784009861,0.319546017016002,"CLR_more_sig"
-0.6,"eld vs kin","65",1.59080910649336e-07,1.28543909897197e-05,6.79838193158567,4.89094849436686,-3.23431294824351,-2.70578247347198,0.368160315745245,0.367068109462338,"CLR_more_sig"
-0.6,"eld vs kin","67",1.43388773077291e-13,1.56371270099154e-12,12.8434848513283,11.8058430363372,-6.00028369084634,-5.52299889080519,0.567492761094977,0.574534672206711,"CLR_more_sig"
-0.6,"eld vs kin","68",0.00319368681239771,0.0279573846541428,2.49570767502171,1.55350345822677,-2.27665789046249,-1.73272116135676,0.381703529225654,0.382177296694193,"CLR_more_sig"
-0.6,"eld vs kin","74",0.00105481650275076,6.06719393653395e-08,2.97682308422793,7.21701212270547,3.18171025482035,3.66027704152575,0.494275498695729,0.483370956667111,"TSS_more_sig"
-0.6,"eld vs kin","79",7.03595215643017e-08,1.69389632363007e-08,7.15267712235116,7.77111317455624,-4.29309161401325,-3.79491156737103,0.484577275413371,0.4857669170338,"TSS_more_sig"
-0.6,"eld vs kin","81",0.00641431347139834,0.0263986524822031,2.19284981965362,1.57841824110288,-2.00728161116584,-1.48084512271336,0.312940167625462,0.314312621573498,"CLR_more_sig"
-0.6,"eld vs kin","82",4.49323296892354e-06,6.91010419717377e-06,5.34744106315749,5.160515403868,-4.40774682640473,-3.90463186445254,0.604955845446625,0.597884806091896,"CLR_more_sig"
-0.6,"eld vs kin","83",1.52441918151202e-07,3.28347914392718e-06,6.81689559521054,5.48366573792857,-4.02805892061465,-3.44992368885975,0.523448938621146,0.52774028554685,"CLR_more_sig"
-0.6,"eld vs kin","84",3.51124197258446e-07,1.88771789917756e-08,6.45453924067502,7.72406290621612,-4.32075472300282,-3.80933472473761,0.483146774026371,0.478030497782214,"TSS_more_sig"
-0.6,"eld vs kin","85",0.000336750545805948,0.00289013892270366,3.47269169169905,2.5390812811488,-2.86681314622369,-2.31649615374639,0.481680834758947,0.487712198150946,"CLR_more_sig"
-0.6,"eld vs kin","87",0.000106583188922341,0.000867050010821649,3.97231128999999,3.06195585200766,-3.36772448688939,-2.96048460392438,0.535133525756844,0.530100269636329,"CLR_more_sig"
-0.6,"eld vs kin","88",0.00291080299770353,0.0196286460707173,2.53598718649023,1.70710965578947,-2.92723437908471,-2.31489146602886,0.599832496548567,0.59702728024707,"CLR_more_sig"
-0.6,"eld vs kin","89",1.55358819366384e-08,5.03053699388286e-14,7.80866408780047,13.2983856529098,4.29598655480368,4.87660121775627,0.437343168788346,0.451446935612987,"TSS_more_sig"
-0.6,"eld vs kin","91",1.3690366095425e-07,1.64185449085651e-07,6.86358493819931,6.78466533480383,-4.84726475753878,-4.35636995400269,0.579718584777899,0.573984627815171,"CLR_more_sig"
-0.6,"eld vs kin","93",0.00791330828485246,0.0422894965104143,2.10164191479792,1.37376748543835,-2.30399916839895,-1.86512384353746,0.469946431867087,0.469146829189033,"CLR_more_sig"
-0.6,"eld vs kin","100",7.7655641262204e-07,8.96904015286243e-06,6.10982698964495,5.04725403171846,-4.26354190205551,-3.71636650011665,0.565321084347281,0.568089449550443,"CLR_more_sig"
-0.6,"eld vs kin","102",0.000374281701003637,0.000347160260617645,3.42680140544613,3.45946999427385,-3.41101814639137,-2.89298853505597,0.546762495593215,0.543560639887418,"TSS_more_sig"
-0.6,"eld vs kin","108",0.00491345393354486,0.00515141004126987,2.30861311135329,2.28807387982757,-3.32288936421727,-2.79854799646437,0.634092015097942,0.643914922669505,"CLR_more_sig"
-0.6,"eld vs kin","110",0.000802828964623974,0.00348272007169249,3.09537696733871,2.45808143114179,-3.02274649381582,-2.48045598535282,0.525478073001656,0.528047559316445,"CLR_more_sig"
-0.6,"eld vs kin","111",3.83430397425088e-07,1.25273132113559e-06,6.4163134602877,5.90214206408995,-3.80163884379477,-3.24062543109235,0.46658497508421,0.452911786565458,"CLR_more_sig"
-0.6,"eld vs kin","114",0.0225711281629158,0.0358202754096156,1.64644673322688,1.44587107933521,-2.5316181313844,-2.0688355366275,0.53936383593803,0.543722788064011,"CLR_more_sig"
-0.6,"eld vs kin","115",0.000309189308992478,0.00728580509465822,3.50977553133148,2.13752245091549,-3.23049353299223,-2.68146916112331,0.563403103915551,0.556988610060904,"CLR_more_sig"
-0.6,"eld vs kin","118",0.000220367247458591,0.00115271361382339,3.65685295294641,2.93827857768814,-2.74170873350071,-2.25755808504672,0.393555782160444,0.395772322689683,"CLR_more_sig"
-0.6,"eld vs kin","121",3.8103322568682e-06,2.37858941099738e-10,5.41903715266218,9.62368051884027,4.07122347535056,4.55548908543149,0.508508139507777,0.501423844611294,"TSS_more_sig"
-0.6,"eld vs kin","126",0.00187119433179701,0.0139999499274668,2.72788110675737,1.85387351762631,-2.63659024308634,-2.22261466412796,0.521429789168375,0.527933771902485,"CLR_more_sig"
-0.6,"eld vs kin","128",0.000956699578710942,0.00300233823383655,3.01922441728182,2.52254038310732,-3.22656191156742,-2.75841553732547,0.590778029259244,0.577900123502026,"CLR_more_sig"
-0.6,"eld vs kin","130",3.6231441923706e-05,0.000250073925664847,4.44091438175217,3.60193158827833,-3.78121047542384,-3.36026685791516,0.581927507375328,0.586098428341212,"CLR_more_sig"
-0.6,"eld vs kin","133",0.000266158396148353,0.0034362986296246,3.57485982915914,2.46390910107989,-3.05748906207027,-2.52500892080066,0.489031383300333,0.489778019275208,"CLR_more_sig"
-0.6,"eld vs kin","138",6.33549653894121e-06,7.2493434723543e-10,5.1982193420005,9.13970132297996,3.35909278373075,3.86968597663801,0.439238449876485,0.432347024479903,"TSS_more_sig"
-0.6,"eld vs kin","139",8.69369655815741e-08,7.84265515043105e-06,7.06079552234827,5.10553688094267,-4.50679376158059,-3.95394971530429,0.546450465735504,0.537949619577411,"CLR_more_sig"
-0.6,"eld vs kin","145",0.00246036575219602,0.0315726825010565,2.60900032689939,1.50068851769871,-2.93953734757114,-2.33646098197598,0.528990430346005,0.530840794707627,"CLR_more_sig"
-0.6,"eld vs kin","147",0.00387063209838558,0.00166558616500091,2.41221810618923,2.77843289523551,-3.43422913173623,-2.87114354102046,0.5615390068205,0.551198935397486,"TSS_more_sig"
-0.6,"eld vs kin","148",0.0154984183589036,0.0294339453287782,1.80971262009093,1.53115152112573,-2.46672122283862,-2.13483767962712,0.530347274866397,0.54887018093196,"CLR_more_sig"
-0.6,"eld vs kin","150",0.00190774607748924,0.02739991342556,2.71947943072412,1.56225080940082,-2.38366282387925,-1.81029691690571,0.401496902849474,0.409603786438512,"CLR_more_sig"
-0.6,"eld vs kin","151",3.18964229861718e-10,5.91955312693092e-13,9.49625801802342,12.2277110773705,4.85993984744715,5.31131236542104,0.481902148833137,0.489646157405201,"TSS_more_sig"
-0.6,"eld vs kin","152",0.00988008144245734,0.0263149284050867,2.00523947546662,1.57979780722824,-2.72720891811008,-2.38542014183549,0.616435563319319,0.626928772312011,"CLR_more_sig"
-0.6,"eld vs kin","162",0.000455044860316068,0.00361413307837943,3.34194578657947,2.44199586003691,-3.3908069391891,-2.90360245411043,0.597472387044262,0.600995445797018,"CLR_more_sig"
-0.6,"eld vs kin","163",0.000545224354491774,0.00846986945209505,3.26342475301133,2.07212328349121,-3.49580176776899,-2.92963755796255,0.580827803121376,0.575990540151051,"CLR_more_sig"
-0.6,"eld vs kin","164",0.0210456003449127,3.73077873700424e-06,1.67683868109372,5.42820050709629,2.59266883485382,3.13284768786917,0.455312912922363,0.452161988422386,"TSS_more_sig"
-0.6,"eld vs kin","169",4.87111417188178e-06,3.23120026794637e-05,5.31237169107345,4.49063612382432,-4.04113147324473,-3.44066354413348,0.539787555746801,0.521815429425384,"CLR_more_sig"
-0.6,"eld vs kin","172",0.000485342819555243,0.000359358267199002,3.3139513911982,3.44447235955189,-3.2813906519833,-2.85981973228958,0.461236842464855,0.455496258016936,"TSS_more_sig"
-0.6,"eld vs kin","175",0.005869246863906,0.0285472966215768,2.23141762342604,1.54443501238909,-2.63407400031784,-2.07176537086754,0.570214701831602,0.564003642696128,"CLR_more_sig"
-0.6,"eld vs kin","181",9.40214863161797e-06,0.00101434113576731,5.02677288765305,2.99381596170327,-3.18531326205599,-2.55975812078241,0.499560499957446,0.487365770117011,"CLR_more_sig"
-0.6,"eld vs kin","200",0.00109432214238781,0.0148055248407106,2.96085481322463,1.82957619270667,-2.77215211967779,-2.18601203737414,0.518055329767283,0.529783158332754,"CLR_more_sig"
-0.6,"eld vs kin","203",0.000533511786821981,0.00328751340412198,3.27285598130943,2.48313246775714,-2.72464928155303,-2.20034828415391,0.441691251696035,0.450807867406883,"CLR_more_sig"
-0.6,"eld vs kin","207",0.00123990859109211,8.88532280177945e-08,2.90661033084388,7.0513267897512,2.95225802582727,3.5661366962014,0.45750566791764,0.460038704402585,"TSS_more_sig"
-0.6,"eld vs kin","216",0.000878836308540646,0.00625908608808924,3.05609200879169,2.20348907507636,-2.93912668199292,-2.3811612617743,0.514327904757697,0.506280894471963,"CLR_more_sig"
-0.6,"eld vs kin","222",0.0436874285905932,1.58098930092755e-05,1.3596435167869,4.80107106907086,2.78758166106836,3.27626856512751,0.51631831352296,0.507792369503804,"TSS_more_sig"
-0.6,"eld vs kin","246",0.0434703668538642,4.21965124717026e-05,1.36180669470825,4.3747234418555,2.33682353812747,2.8589734240677,0.476986222300751,0.470597807325653,"TSS_more_sig"
-0.6,"eld vs kin","251",0.000126631027643938,0.00258921659950625,3.89745986869822,2.58683161737678,-3.41467154439769,-2.88840019992377,0.582720194803683,0.596226331335738,"CLR_more_sig"
-0.6,"eld vs kin","252",3.04178063001004e-05,0.00109372555693749,4.51687211001066,2.96109163966635,-3.02446183105336,-2.47004525255965,0.470232136783319,0.474484123440194,"CLR_more_sig"
-0.6,"eld vs kin","267",0.00229637286397148,0.00179985328561338,2.63895759379235,2.7447628948108,-3.64558660828662,-3.22977599071045,0.612914519322469,0.609973817980752,"TSS_more_sig"
-0.6,"eld vs kin","282",7.40820401731502e-06,5.05303541815008e-05,5.13028706596245,4.29644765765862,-3.5663645469734,-2.87730015925138,0.473975419747861,0.484240042715003,"CLR_more_sig"
-0.6,"eld vs kin","293",0.0121084655034232,0.0409385702982586,1.91691089117748,1.38786732831785,-2.62528965825005,-2.15257387719862,0.56917172052024,0.573710104489608,"CLR_more_sig"
-0.6,"eld vs kin","344",0.0324053144045142,1.09964457505378e-06,1.48938376055605,5.95874766396542,2.53716139619086,2.97941134505746,0.411715867036637,0.41083987275089,"TSS_more_sig"
-0.6,"eld vs kin","349",0.000806836328884087,0.0485875904876878,3.09321455532952,1.31347463754633,-2.95642179675335,-2.32619279955464,0.487346038195302,0.506556275605527,"CLR_more_sig"
-0.6,"eld vs kin","363",0.000460356539613295,0.00441907329150319,3.33690568308099,2.35466879548875,-2.85467183878417,-2.28846604745289,0.485772278287219,0.482137629078784,"CLR_more_sig"
-0.6,"eld vs kin","375",0.0215806333561736,0.0335092099663255,1.66593581363574,1.47483581123695,-2.37350462861564,-1.96599067959565,0.526721027861481,0.520545373105346,"CLR_more_sig"
-0.6,"eld vs kin","473",0.000105937859294468,0.00418934590515036,3.9749488071791,2.37785377941056,-3.26510929081353,-2.65224425072651,0.529770971261188,0.538935094702669,"CLR_more_sig"
-0.6,"eld vs kin","614",4.20192111978613e-05,0.014653932950377,4.3765521046105,1.83404579992325,-3.41581881731128,-2.80059965686886,0.489712030113559,0.50041112182407,"CLR_more_sig"
-0.6,"eld vs kin","616",2.95609935742403e-05,8.50901545635575e-05,4.52928097296469,4.0701206874604,-3.19569083662692,-2.6767124516774,0.437230741148424,0.430139665706096,"CLR_more_sig"
-0.6,"eld vs kin","666",4.11680793621638e-12,1.91352013178111e-09,11.3854393939175,8.71816696428586,-4.3880182712069,-3.91672048726281,0.412863284123351,0.424557131333595,"CLR_more_sig"
-0.6,"eld vs kin","728",5.17118223279276e-07,2.42968002375936e-13,6.28641015739293,12.6144509169637,3.53896348625003,4.05402133654075,0.382213429947097,0.382989284816137,"TSS_more_sig"
-0.6,"eld vs kin","744",5.69233854069623e-08,1.14972693356319e-05,7.24470927900516,4.93940529471475,-4.24783871251776,-3.69495047608584,0.524082281482223,0.521242564456097,"CLR_more_sig"
-0.6,"eld vs kin","754",0.0259742551832845,0.0452706540956081,1.58545689706924,1.34418323053101,-2.42946376282031,-1.84881926019259,0.498847383566835,0.49226662064672,"CLR_more_sig"
-0.6,"eld vs kin","757",0.00142158443285596,0.0125712397427494,2.84722734094401,1.90062189121733,-2.55374616462411,-2.04467836445798,0.435842943868307,0.448378306351937,"CLR_more_sig"
-0.6,"eld vs kin","770",1.50030547842534e-05,0.000434295735273237,4.82382030488614,3.36221443533129,-3.19223748882465,-2.61622841987487,0.428607182542895,0.427763816083969,"CLR_more_sig"
-0.6,"eld vs kin","786",9.09659654394742e-08,2.36554582643997e-08,7.04112106687249,7.6260686341818,-4.35859018546253,-3.83658784110085,0.513155309025275,0.500482241366552,"TSS_more_sig"
-0.6,"eld vs kin","849",2.40796921496601e-06,2.07763720807125e-05,5.61834906967993,4.68243028559895,-3.34377938704298,-2.82440258752903,0.438268740366716,0.440843206866785,"CLR_more_sig"
-0.6,"eld vs kin","854",0.0239279941286841,5.23224837013641e-06,1.62109370654145,5.28131164862501,2.63176046678791,3.11355098947133,0.461536700245043,0.457205789743346,"TSS_more_sig"
-0.6,"eld vs kin","875",0.0109593622277673,0.00914646552082358,1.96021471857251,2.03874669843097,-3.1094862735579,-2.47618616966274,0.561966023758966,0.546441829695588,"TSS_more_sig"
-0.6,"eld vs kin","879",2.44082706736932e-06,0.00020562831441269,5.61246298926275,3.68691708448934,-3.12661683114972,-2.60227873211763,0.403006144428792,0.418086605448292,"CLR_more_sig"
-0.6,"eld vs kin","886",5.41218334084909e-07,2.54596501222721e-10,6.26662749984781,9.59414756890745,4.0497592233477,4.53432444292072,0.518950839430673,0.522868156678668,"TSS_more_sig"
-0.6,"eld vs kin","891",3.75017394884366e-05,0.000587780327753103,4.42594858740005,3.23078495329444,-3.93465209020195,-3.42642341966992,0.559606482861342,0.566858326909479,"CLR_more_sig"
-0.6,"eld vs kin","895",1.24438464993402e-05,1.44639140004819e-05,4.90504535475561,4.83971416908851,-3.68361875471683,-3.22756311792301,0.507011306682889,0.510620558057522,"CLR_more_sig"
-0.6,"eld vs kin","914",0.00038149324820551,0.00106569869382457,3.41851314392938,2.9723655665159,-3.49195252306987,-2.91156616937949,0.5584225563329,0.569002683189506,"CLR_more_sig"
-0.6,"eld vs kin","917",0.0161439077987346,0.0335208994438917,1.79199133144755,1.47468433675184,-2.64701953791187,-2.19144332094821,0.543666120541464,0.540047722624887,"CLR_more_sig"
-0.6,"eld vs kin","935",0.000853710698307605,0.005334146708046,3.06868927616665,2.27293504383575,-3.09053782744519,-2.57932165525285,0.544554062314297,0.543344887553157,"CLR_more_sig"
-0.6,"eld vs kin","947",4.74029373364978e-05,1.4953768889371e-11,4.32419474631098,10.8252493356625,3.51939355082948,4.19939011869101,0.437365912089474,0.44535359317908,"TSS_more_sig"
-0.6,"eld vs kin","965",0.00115705189765889,0.012698129567232,2.93664716104704,1.89626024585146,-3.56263105140769,-2.75564366116031,0.60753479233599,0.606872040270708,"CLR_more_sig"
-0.6,"eld vs kin","978",8.50764980504272e-15,1.16667682376835e-19,14.0701903949879,18.9330494293802,5.53033812863216,6.05980436617367,0.425125100116198,0.428086881746928,"TSS_more_sig"
-0.6,"eld vs kin","984",9.32770417084888e-11,2.55010397848798e-14,10.0302252360633,13.5934421111884,4.34520492347393,4.8391637119999,0.425207592829658,0.440076204948727,"TSS_more_sig"
-0.6,"eld vs kin","991",2.19110750459708e-06,3.00749788702692e-05,5.65933631367256,4.5217946691096,-4.39167738764835,-3.84736676583025,0.558007237150684,0.549120563627615,"CLR_more_sig"
-0.6,"eld vs kin","1000",0.00334159891344895,0.0168602078199278,2.47604567895768,1.77313707653858,-2.85786805451387,-2.34996375108777,0.561952913373982,0.569844180936933,"CLR_more_sig"
-0.6,"eld vs kin","1014",9.52651523340141e-10,1.02658356306977e-07,9.02106593374486,6.98860569363579,-4.90355523495319,-4.42595559594365,0.533441395348745,0.519869650321511,"CLR_more_sig"
-0.6,"eld vs kin","1021",6.38495496234334e-08,1.11897594837364e-05,7.19484216177954,4.95117924823561,-4.40952505328209,-3.89372894460272,0.562145873719368,0.557724363151994,"CLR_more_sig"
-0.6,"eld vs kin","1030",3.68917544671922e-07,4.58564705197898e-10,6.43307069046846,9.33859937509163,3.59955470070011,4.05272831675045,0.435244345855446,0.434338552052161,"TSS_more_sig"
-0.6,"eld vs kin","1047",0.000116493905900487,0.000812578583569592,3.93369679311878,3.09013462818253,-2.29182587523438,-1.7613532752885,0.291165578985701,0.290386206201669,"CLR_more_sig"
-0.6,"eld vs kin","1074",2.25688788966594e-10,2.71527763376004e-20,9.64649001385477,19.5661857577343,4.45476055588983,4.93733472763768,0.390934773788313,0.386391438151084,"TSS_more_sig"
-0.6,"eld vs kin","1076",4.63534509095849e-09,5.03856382929987e-13,8.33391792807394,12.2976932353587,3.98491667146876,4.49635485035382,0.429308993985893,0.441325282712595,"TSS_more_sig"
-0.6,"eld vs kin","1079",0.000328603887251,0.00198940052956897,3.48332730334261,2.70127777078715,-2.95115865327071,-2.46544227333568,0.497117497044887,0.490870238599495,"CLR_more_sig"
-0.6,"eld vs kin","1089",0.000935180624545149,3.96743030530229e-10,3.02910449964379,9.40149069363133,2.39764151932559,2.91135914048978,0.290042105914512,0.288416519723229,"TSS_more_sig"
-0.6,"eld vs kin","1092",0.00480229172894599,0.0325410417137816,2.3185514610172,1.48756854840882,-2.21827098697807,-1.7883909553133,0.408581352046678,0.420453592771313,"CLR_more_sig"
-0.6,"eld vs kin","1098",1.03048598474951e-22,2.81132832036362e-24,21.9869579105197,23.5510884324446,6.3030596653022,6.920788431851,0.427855349201862,0.452330978801837,"TSS_more_sig"
-0.6,"eld vs kin","1101",0.00131144278821348,0.00709649017484028,2.88225065078857,2.14895639418027,-3.17541604345665,-2.74458375496578,0.59295825372342,0.588057902365988,"CLR_more_sig"
-0.6,"eld vs kin","1104",5.56644921751523e-06,0.000211555641208951,5.25442174862796,3.67457538955625,-3.4102277808858,-2.86875499868951,0.472990464258573,0.465397732278968,"CLR_more_sig"
-0.6,"eld vs kin","1105",1.76735232255609e-10,2.22087722710608e-10,9.75267686504362,9.6534754491346,-5.18530550412481,-4.62309337258301,0.510044639104947,0.508795095533422,"CLR_more_sig"
-0.6,"eld vs kin","1112",2.56210655883747e-07,4.21575380856397e-05,6.59140281176825,4.37512475896819,-4.22811382628455,-3.60397038308757,0.533090734781806,0.54494257197156,"CLR_more_sig"
-0.5,"cent vs mage","7",1.34697402091935e-06,1.97106657280824e-07,5.87064078043156,6.70529870716906,3.23081862101698,3.6769891114383,0.417511444571584,0.417056440806863,"TSS_more_sig"
-0.5,"cent vs mage","12",0.000454159160984169,0.0125752106404904,3.34279192109963,1.90048473158126,-2.31937002203553,-1.86073758465013,0.350246500553367,0.350139753104904,"CLR_more_sig"
-0.5,"cent vs mage","14",0.00339107200511439,0.000330038462626844,2.46966298843134,3.48143544456692,1.74455703497716,2.20625510167278,0.259963416010321,0.259482930363806,"TSS_more_sig"
-0.5,"cent vs mage","20",0.00537403112062028,0.00074299060245607,2.26969982292806,3.12901667927749,1.72432545562257,2.17755573572374,0.268196366690154,0.268569666591754,"TSS_more_sig"
-0.5,"cent vs mage","21",0.000655106120491042,5.48161884686848e-05,3.18368834304544,4.26109116552338,1.90545790985399,2.35956365553864,0.260654266137818,0.26035989497126,"TSS_more_sig"
-0.5,"cent vs mage","22",1.38007742381993e-05,0.00123777890497419,4.86009654853025,2.90735692310659,-2.55854241748413,-2.10846849525305,0.321673643566048,0.321723319456687,"CLR_more_sig"
-0.5,"cent vs mage","24",1.83522393476663e-05,3.24781704438034e-07,4.73631093539023,6.48840844336374,3.54455731763188,3.97642170028129,0.492572543643167,0.491140835173651,"TSS_more_sig"
-0.5,"cent vs mage","26",0.00371963265169333,0.000608303570953346,2.42949994861815,3.21587963407007,2.12978467217347,2.58443881641792,0.373739721416133,0.371340446234939,"TSS_more_sig"
-0.5,"cent vs mage","33",0.00340700710253299,0.0380044919956986,2.46762696106445,1.42016506828718,-2.21176228827617,-1.76147773574019,0.395229731609834,0.394222704937828,"CLR_more_sig"
-0.5,"cent vs mage","39",0.000289039790931394,2.84153957809005e-05,3.53904236557432,4.54644629055136,2.61733177395796,3.13802728162052,0.412809590967825,0.420252055405313,"TSS_more_sig"
-0.5,"cent vs mage","42",0.000847063750452841,0.000309199336529144,3.07208390321355,3.50976144664906,2.48937493150712,2.95775262727182,0.412538531379098,0.410599648965463,"TSS_more_sig"
-0.5,"cent vs mage","51",4.50300864337957e-05,0.00247818729614731,4.34649721942204,2.60586587366239,-2.73690283287992,-2.3000722916408,0.386478723703509,0.392031677511064,"CLR_more_sig"
-0.5,"cent vs mage","53",0.00139545107655985,0.0121057510005235,2.85528538493855,1.91700826320149,-2.65352004967472,-2.15939650317923,0.451329940189416,0.447428829939947,"CLR_more_sig"
-0.5,"cent vs mage","56",0.0235903967243409,0.00110466126790805,1.62726475543728,2.95677087313798,2.00974871647403,2.50721661925345,0.37531684076719,0.375403377390397,"TSS_more_sig"
-0.5,"cent vs mage","57",8.87798314496276e-05,0.00213411822895342,4.05168568382705,2.67078152457426,-2.93914435281004,-2.41928108168856,0.458725119042338,0.446870656458159,"CLR_more_sig"
-0.5,"cent vs mage","68",0.00306960414781563,0.041250670863736,2.51291762696708,1.38456898408255,-2.06317134703961,-1.6291706837743,0.344873488578456,0.347405076289969,"CLR_more_sig"
-0.5,"cent vs mage","72",0.000837200833962405,0.0256862832657995,3.07717034771858,1.59029873239891,-2.36452450308802,-1.88712952290564,0.385600289427728,0.37994212206779,"CLR_more_sig"
-0.5,"cent vs mage","100",4.12130711907922e-05,0.00108567712151608,4.38496502072134,2.9642993139673,-3.61336246038159,-3.1412849377497,0.564849755298631,0.565926141669864,"CLR_more_sig"
-0.5,"cent vs mage","103",0.00145170100883041,0.0167681612239502,2.8381228213674,1.77551455898458,-2.49446208845027,-2.03958175847428,0.444402763100648,0.442632814503124,"CLR_more_sig"
-0.5,"cent vs mage","106",0.0251905853487423,0.00146614722015346,1.59876174076806,2.83382241871937,1.79452380955346,2.24222444732508,0.335922733052685,0.331551293673666,"TSS_more_sig"
-0.5,"cent vs mage","114",2.49173517467375e-11,1.96828736477848e-08,10.6034981170247,7.70591149542356,-4.61971793266491,-4.19356376187677,0.484547788080113,0.486710483062691,"CLR_more_sig"
-0.5,"cent vs mage","124",0.00350848713624199,0.00922749404131471,2.45488011145934,2.03491622657934,-2.54057155538927,-2.14501970532071,0.426067156090671,0.424936257653242,"CLR_more_sig"
-0.5,"cent vs mage","132",2.0202057156767e-11,1.34382666337289e-10,10.6946044044968,9.87165674615979,-5.20122099329359,-4.83972886316845,0.48833441658856,0.496465440622464,"CLR_more_sig"
-0.5,"cent vs mage","142",0.010959009453862,0.000848592518405834,1.96022869842125,3.07130080149868,2.71333082664404,3.18063897677558,0.531261573832425,0.539853521524227,"TSS_more_sig"
-0.5,"cent vs mage","143",2.1130005813835e-12,1.55471201977268e-09,11.6751003834533,8.80835004381151,-4.9265487864125,-4.35204529447337,0.464588880156286,0.451463876462969,"CLR_more_sig"
-0.5,"cent vs mage","145",0.00206722502641825,0.0101466088375552,2.6846122459598,1.99367908181189,-2.74320495501048,-2.28967373554892,0.515915574848262,0.507597864011235,"CLR_more_sig"
-0.5,"cent vs mage","146",0.000126969245679666,0.000771405962529614,3.89630146053281,3.11271700860752,-2.8682098128491,-2.4673958898395,0.417882217877638,0.425108587605584,"CLR_more_sig"
-0.5,"cent vs mage","147",0.00734634323039385,0.0354859700890184,2.13392878473238,1.44994331785375,-2.66333427266526,-2.18620086371872,0.518494110937399,0.523689162402836,"CLR_more_sig"
-0.5,"cent vs mage","148",3.05853966355901e-05,6.26489240038225e-05,4.51448588313966,4.2030863836198,-3.63389894216833,-3.13163757529758,0.508660642790824,0.50540546037221,"CLR_more_sig"
-0.5,"cent vs mage","156",0.00192852143857433,0.0440043220936477,2.71477552889917,1.35650466512208,-2.46059544255993,-1.8756583408555,0.435549260009513,0.424514499561189,"CLR_more_sig"
-0.5,"cent vs mage","168",0.0292416952573152,4.51448519003684e-05,1.5339974532068,4.34539176736015,2.50916510991898,3.09537346186301,0.451707519949985,0.447276600927034,"TSS_more_sig"
-0.5,"cent vs mage","169",6.39245226506579e-06,5.55641815040342e-05,5.1943325063358,4.25520507870486,-3.3576413255188,-2.91147747937718,0.444404184530623,0.447538020450063,"CLR_more_sig"
-0.5,"cent vs mage","173",0.00122185128293426,0.00276254068169804,2.91298165082951,2.55869131775683,-2.95213963984081,-2.5170838695623,0.493217437804007,0.501833019270762,"CLR_more_sig"
-0.5,"cent vs mage","191",0.000242800847124645,0.00881486597129165,3.61474980235412,2.05478428669659,-2.84776889131496,-2.43982360099791,0.460732045149878,0.459618466454704,"CLR_more_sig"
-0.5,"cent vs mage","194",0.00273706293007607,0.0127857723212799,2.5627152172517,1.89327303339912,-2.77151575929553,-2.30703007571226,0.479027378693621,0.486214857423217,"CLR_more_sig"
-0.5,"cent vs mage","199",0.00231249465346184,0.036734893120571,2.6359192626861,1.43492121938878,-2.56075967410917,-2.23140621242312,0.474864314309187,0.480788909063948,"CLR_more_sig"
-0.5,"cent vs mage","210",9.30089338879725e-14,4.18540202495876e-14,13.0314753336837,13.3782628199084,-5.20253749377772,-4.78208079817011,0.459174946090739,0.464232682849298,"TSS_more_sig"
-0.5,"cent vs mage","219",3.52503859435416e-12,4.49506272151435e-12,11.4528361237156,11.3472642439936,-4.80501751980749,-4.35946656622816,0.466357672761446,0.4622023638026,"CLR_more_sig"
-0.5,"cent vs mage","242",0.00112163675506246,0.0289161573497782,2.95014776769119,1.53885942066755,-2.45010681222181,-2.08772500627699,0.429253524039473,0.450099594594339,"CLR_more_sig"
-0.5,"cent vs mage","255",0.00115721491833321,0.0110340225209909,2.93658597624421,1.95726613396065,-2.83660871354002,-2.51344411233368,0.513740926021715,0.529820102046712,"CLR_more_sig"
-0.5,"cent vs mage","269",0.00030906339675518,0.0151398274590606,3.50995242660459,1.81987907424182,-2.37026882714509,-1.86638542105274,0.348338451927349,0.338076373786572,"CLR_more_sig"
-0.5,"cent vs mage","274",0.0019748373418555,0.0128932322390957,2.70446866937611,1.88963819454461,-2.76935837852903,-2.48207479308279,0.485974386417055,0.49416764024871,"CLR_more_sig"
-0.5,"cent vs mage","287",0.0003437508692978,0.00744124771093988,3.46375619489038,2.12835423803688,-2.83652161322764,-2.40552586343697,0.447910774795426,0.437885446784848,"CLR_more_sig"
-0.5,"cent vs mage","289",1.43762017163105e-05,0.0025466206509925,4.84235584215493,2.59403574347405,-3.42401009611744,-2.87143171408766,0.483660374350841,0.487343294238541,"CLR_more_sig"
-0.5,"cent vs mage","293",0.00367780909294602,0.0278632743307625,2.43441081779286,1.55496784913873,-2.58735061343841,-2.04914703244141,0.462793517224168,0.464487567845688,"CLR_more_sig"
-0.5,"cent vs mage","294",0.0378172866633345,0.0451064321015597,1.42230963438612,1.34576152404142,2.03752765273633,2.36278954666807,0.380690237654379,0.393198467027101,"CLR_more_sig"
-0.5,"cent vs mage","298",0.00206921662403927,0.0295853676330888,2.68419404113696,1.52892302973225,-2.53102912988604,-2.03099608694145,0.50067354340348,0.498827002628356,"CLR_more_sig"
-0.5,"cent vs mage","310",0.00300081118948973,0.0299992874897301,2.52276132944765,1.52288906004544,-2.44373502272862,-1.9103851768266,0.460157719913134,0.455881387262808,"CLR_more_sig"
-0.5,"cent vs mage","328",0.00274982098028575,0.03478073542563,2.56069557882601,1.45866123924198,-2.56047144263349,-2.03106899159049,0.463720144090343,0.46567950298007,"CLR_more_sig"
-0.5,"cent vs mage","337",0.00218053580966387,0.0122122971240403,2.6614367767678,1.91320263790094,-2.49278399319025,-2.20028608100573,0.472992550474404,0.484608186208326,"CLR_more_sig"
-0.5,"cent vs mage","339",0.00568276978976529,0.0305649141447398,2.24543993696243,1.51477681978319,-2.54217809535325,-2.04987396193079,0.457622031444231,0.467750993469857,"CLR_more_sig"
-0.5,"cent vs mage","353",1.96619533214189e-10,5.51351362871829e-07,9.70637333927224,6.25857154756652,-4.19648841433531,-3.73124592446221,0.453554120392806,0.458099087107258,"CLR_more_sig"
-0.5,"cent vs mage","362",0.0033504380333354,0.0426537461268552,2.47489840997083,1.37004282028131,-2.35241082604812,-1.89485132968944,0.425498029763184,0.425788201030308,"CLR_more_sig"
-0.5,"cent vs mage","363",2.31114189099783e-05,0.00072193622759073,4.63617339048553,3.14150116424293,-2.93157524757078,-2.45599147212801,0.44233352078044,0.444204524310148,"CLR_more_sig"
-0.5,"cent vs mage","372",0.00109065970160121,0.00789573530049229,2.96231073316092,2.10260741954086,-2.96958999340468,-2.5238904315632,0.475986214865064,0.477711753274296,"CLR_more_sig"
-0.5,"cent vs mage","381",0.00300211275622253,0.0188601449194382,2.52257300013885,1.72445497451118,-2.72935132919682,-2.27392041289586,0.505783506485026,0.500577721498464,"CLR_more_sig"
-0.5,"cent vs mage","401",0.000285778106878162,0.0196710396820295,3.54397104505589,1.7061726855186,-2.83141816704461,-2.54430940596005,0.447001651233464,0.438956956311203,"CLR_more_sig"
-0.5,"cent vs mage","409",0.0014531234018183,0.00760735068372475,2.83769750307769,2.11876656317233,-2.66465469587451,-2.21183106608792,0.48003359122235,0.49076148761674,"CLR_more_sig"
-0.5,"cent vs mage","423",0.00722991610400106,0.0319843114715656,2.14086674223255,1.49506299393245,-2.29535401749486,-1.82398816586743,0.439075939240187,0.433989611361609,"CLR_more_sig"
-0.5,"cent vs mage","431",0.00120203057829746,0.0172683813882277,2.92008448423266,1.7627483681132,-2.61395325371251,-2.14989616686603,0.448909170057438,0.449430977159068,"CLR_more_sig"
-0.5,"cent vs mage","433",0.00684685231243316,0.0414694041388682,2.16450903982467,1.38227220483518,-2.66361840497722,-2.2173173917631,0.445001114537404,0.451900270012181,"CLR_more_sig"
-0.5,"cent vs mage","451",0.00176580325314012,0.0113818894659393,2.75305768741509,1.94378563631386,-2.54995571406163,-2.19391160039054,0.468322628164275,0.469639269041558,"CLR_more_sig"
-0.5,"cent vs mage","453",0.00675175446095042,0.00547893572943351,2.17058335995368,2.26130379401977,-2.92447760739851,-2.51732577196987,0.453579605160605,0.45441364341973,"TSS_more_sig"
-0.5,"cent vs mage","464",1.58427118956701e-05,0.004676802781806,4.80017047549167,2.33005094366415,-3.02112134472855,-2.51115579342741,0.475175955669213,0.473495838921216,"CLR_more_sig"
-0.5,"cent vs mage","473",0.00273722593046752,0.0274468352650196,2.56268935446938,1.56150772429856,-2.28501030494826,-1.90538946476853,0.427549167204294,0.44004386369119,"CLR_more_sig"
-0.5,"cent vs mage","488",0.00239156511425541,0.00282331263710457,2.62131779025643,2.54924102796306,-2.93606545023977,-2.3854792314542,0.461950170156774,0.462226079766019,"CLR_more_sig"
-0.5,"cent vs mage","528",1.88136698583628e-05,0.00330339390578097,4.72552648122898,2.48103963675147,-2.96923979573661,-2.38423901289186,0.438560355074783,0.423234456989263,"CLR_more_sig"
-0.5,"cent vs mage","531",0.00384003275220948,0.0028473412202329,2.41566507145456,2.54556048466741,-2.9913613036314,-2.60287421736093,0.471598914962643,0.475651848317478,"TSS_more_sig"
-0.5,"cent vs mage","546",0.000185882131742225,0.00756699237639752,3.73076235556816,2.12107670357573,-3.05310062645275,-2.61762717260719,0.438164581627659,0.443842985094125,"CLR_more_sig"
-0.5,"cent vs mage","562",0.00130760708325502,0.0315078307937561,2.88352273552954,1.50158149548453,-2.55745576416717,-2.0746169478349,0.434738466074025,0.42193953030228,"CLR_more_sig"
-0.5,"cent vs mage","675",2.44308677503416e-06,3.61114286792989e-06,5.61206110721845,5.44235532920646,-3.86152833520915,-3.39386100167724,0.473880936536692,0.478480184333965,"CLR_more_sig"
-0.5,"cent vs mage","737",9.94243493869291e-05,0.00375533295813678,4.00250724226897,2.42535155121083,-3.02310362895454,-2.4949648486435,0.466190794391243,0.475932124350465,"CLR_more_sig"
-0.5,"cent vs mage","753",0.00765372665780303,0.0220637209018903,2.11612705205764,1.656321244802,-2.60152744350556,-2.14271690303246,0.510257763216153,0.504456353319944,"CLR_more_sig"
-0.5,"cent vs mage","769",0.000239906340787032,0.00280805258098318,3.61995827336428,2.5515947642712,-2.93024795439236,-2.52586761793404,0.445071068785697,0.451072728521383,"CLR_more_sig"
-0.5,"cent vs mage","770",4.07571796790792e-07,1.69542042876513e-05,6.38979587599512,4.77072258816791,-3.00613256884027,-2.59236269804722,0.348154646975094,0.364542676193145,"CLR_more_sig"
-0.5,"cent vs mage","815",0.00350052677110491,0.0292676457038348,2.45586659662975,1.53361221090941,-2.45018513950146,-2.02913753854851,0.44051493480843,0.447440207187946,"CLR_more_sig"
-0.5,"cent vs mage","816",0.000327632136157286,0.0148561303559594,3.48461350657192,1.82809429850996,-2.66309494200003,-2.19088452532903,0.410178130732271,0.410424842026273,"CLR_more_sig"
-0.5,"cent vs mage","819",0.000501593539111971,0.0189318849448156,3.29964806616875,1.72280614354397,-2.90154037508093,-2.45005657061028,0.451772825655613,0.447989184861321,"CLR_more_sig"
-0.5,"cent vs mage","837",7.04929803291179e-05,0.0311958501301937,4.15185412777617,1.50590317474523,-2.79425497874821,-2.40261944690481,0.4512558037244,0.461584160794767,"CLR_more_sig"
-0.5,"cent vs mage","839",0.0161139436714832,0.0446676742205899,1.79279815882569,1.35000666000768,-2.35615939582144,-1.79931155399505,0.465522675981655,0.446867767272382,"CLR_more_sig"
-0.5,"cent vs mage","849",8.36485508236377e-05,0.00257567194610502,4.07754157860773,2.58910945228623,-2.79775176469623,-2.33624970606697,0.413231428545396,0.416607775724375,"CLR_more_sig"
-0.5,"cent vs mage","854",0.0340990458369465,0.00251348977512578,1.46725777331092,2.59972287714189,2.44900726382917,2.82043082985237,0.464506824665885,0.463902850157126,"TSS_more_sig"
-0.5,"cent vs mage","859",0.00195030093344313,0.0321385040174966,2.70989837138099,1.49297434263388,-2.69095499945057,-2.1959780158094,0.465590701617772,0.453792280408372,"CLR_more_sig"
-0.5,"cent vs mage","884",0.000123861069300429,0.00215611546221353,3.90706517501859,2.66632798594377,-2.67235271089282,-2.22763655065452,0.393407448810933,0.395558838082937,"CLR_more_sig"
-0.5,"cent vs mage","886",0.0496670164068708,0.0167930886593657,1.30393192812539,1.77486941914757,2.27021249121442,2.79997571931529,0.525917654068122,0.515099056643182,"TSS_more_sig"
-0.5,"cent vs mage","912",0.000314728966324148,0.00321136019970465,3.50206328461833,2.49331097940058,-3.15880325225995,-2.51616042596309,0.473570319073191,0.452679964133415,"CLR_more_sig"
-0.5,"cent vs mage","917",1.24963683714327e-05,0.00135717744338041,4.90321618102419,2.86736336704698,-3.30081257961065,-2.90092068359899,0.49727906283056,0.504699274514162,"CLR_more_sig"
-0.5,"cent vs mage","921",3.64740882470505e-10,5.73889666113011e-11,9.43801555547903,10.2411715954142,-4.78874177119913,-4.29340832077743,0.483946628700631,0.469252955095196,"TSS_more_sig"
-0.5,"cent vs mage","925",0.00040155194867373,0.0339212251288708,3.39625826218375,1.46952847076969,-2.71803645198412,-2.16525579884426,0.42739950294023,0.42842391269079,"CLR_more_sig"
-0.5,"cent vs mage","926",0.00249643789789047,0.0166519241682673,2.60267923310935,1.77853557552836,-2.36988668866764,-1.88530765683274,0.416667525574964,0.415204578029713,"CLR_more_sig"
-0.5,"cent vs mage","966",0.000227604847929009,0.00284642437642446,3.6428184918095,2.54570035000028,-3.32764386995641,-2.80467209276215,0.527425398326971,0.531423165544676,"CLR_more_sig"
-0.5,"cent vs mage","975",3.33479592769968e-05,0.00272711445212181,4.47693073751525,2.56429663511231,-2.9146465049521,-2.3928561463118,0.442913484562564,0.443625294972826,"CLR_more_sig"
-0.5,"cent vs mage","978",0.00667632109075247,0.00690207661294004,2.17546278454692,2.16102022435597,2.42802120237612,2.85917284053491,0.449978214639989,0.441594152983838,"CLR_more_sig"
-0.5,"cent vs mage","992",0.0146312432253401,0.0489688835161336,1.8347187700493,1.31007979772387,-2.35259383034177,-2.03557633079404,0.518389957962099,0.519687663184031,"CLR_more_sig"
-0.5,"cent vs mage","1004",3.21983848234455e-05,0.000384839263497123,4.49216591339294,3.41472062517309,-3.21516156839525,-2.74346007086157,0.449303685200869,0.455412699452979,"CLR_more_sig"
-0.5,"cent vs mage","1019",5.64321224713626e-09,2.13890770339882e-06,8.24847361515144,5.66980795538612,-3.5695221524936,-3.14819712750163,0.39584840888516,0.395286601734162,"CLR_more_sig"
-0.5,"cent vs mage","1040",0.000190174707911171,0.0208322286680294,3.72084724210417,1.68126426598833,-2.75229205326723,-2.30129596598326,0.45873600941483,0.448272446916137,"CLR_more_sig"
-0.5,"cent vs mage","1043",0.0495304964767726,0.00171574707828606,1.30512731877623,2.7655467319887,1.77614743203395,2.31948149792674,0.327521261968443,0.326652856184683,"TSS_more_sig"
-0.5,"cent vs mage","1058",1.24335368213515e-06,6.02478966150804e-05,5.90540531516296,4.22005811065201,-3.50505017155259,-3.11949827207631,0.443884167755338,0.468335295389389,"CLR_more_sig"
-0.5,"cent vs mage","1074",0.00138604860644071,0.000240588168611647,2.85822153946531,3.61872573374188,2.36335252031658,2.8205793584584,0.376746144683205,0.380454958245136,"TSS_more_sig"
-0.5,"cent vs mage","1079",3.44218132604436e-05,0.000718510022758443,4.46316625579047,3.14356716935533,-2.94713002675622,-2.54953949076954,0.413894243689924,0.429172919927623,"CLR_more_sig"
-0.5,"cent vs mage","1087",0.00116526036296674,6.09861086303308e-05,2.9335770260832,4.21476907699302,2.9078246944778,3.46115654209192,0.496016894016362,0.500070247465514,"TSS_more_sig"
-0.5,"cent vs mage","1098",6.47687927000466e-07,8.15693205128043e-08,6.18863419818456,7.08847315542937,3.54773007894199,4.01372849554458,0.442746667314255,0.439307057664125,"TSS_more_sig"
-0.5,"cent vs mage","1104",2.14211280378938e-05,0.00105265290782929,4.66915766292838,2.97771480551306,-3.32953570333592,-2.83539448936416,0.453168669274633,0.438035021088532,"CLR_more_sig"
-0.5,"eld vs kin","3",0,2.39916544964025e-10,26.2553063928724,9.61993980147437,-5.18983606065905,-4.71814108931581,0.445704088054823,0.446664924990857,"CLR_more_sig"
-0.5,"eld vs kin","4",0.000754648525461471,1.92201982476496e-07,3.12225527220344,6.71624213709327,2.03175487454828,2.5144910500907,0.22053387243668,0.220602762660884,"TSS_more_sig"
-0.5,"eld vs kin","5",3.69926709507677e-09,0.00170567933376634,8.43188431055261,2.76810261248016,-3.2412050914835,-2.75136293907755,0.385318496408624,0.384014917303966,"CLR_more_sig"
-0.5,"eld vs kin","7",5.55512207540124e-26,8.03371626659034e-26,25.2553063928724,25.0950835106713,7.0798753539193,7.59994990134271,0.460001023226747,0.468725909694558,"CLR_more_sig"
-0.5,"eld vs kin","10",2.1682215428217e-06,0.0162196885943909,5.6638963448692,1.78995748816653,-3.17489571232383,-2.69610890692342,0.475135192448916,0.475272071836576,"CLR_more_sig"
-0.5,"eld vs kin","11",0.000119177550308938,1.01266936016957e-06,3.92380554572986,5.99453233005278,2.7401659357297,3.22227713018012,0.354355551017958,0.35263688746116,"TSS_more_sig"
-0.5,"eld vs kin","14",0.000145207030165471,1.79074403333949e-07,3.83801235685796,6.74696648721223,2.35360527182729,2.84934429728662,0.274234635805091,0.277356091478477,"TSS_more_sig"
-0.5,"eld vs kin","15",0.00972659140434652,0.000236021924630298,2.01203932762866,3.62704765252272,2.45442402112232,2.97738773876942,0.430213020726187,0.438636377102699,"TSS_more_sig"
-0.5,"eld vs kin","16",6.31093390862168e-06,1.44346172084522e-09,5.19990636795883,8.84059472868394,2.52534429002766,3.00533475480361,0.266871143266339,0.266802566905011,"TSS_more_sig"
-0.5,"eld vs kin","21",6.18114914455871e-13,1.18327819550856e-16,12.2089307772175,15.9269131382372,3.59398953101382,4.08194106425025,0.291033872521293,0.292868509186248,"TSS_more_sig"
-0.5,"eld vs kin","23",0.0406072935313549,0.000663249745252905,1.39139595519273,3.17832290815344,1.91573519354683,2.40210481881328,0.312731455045533,0.310440278817682,"TSS_more_sig"
-0.5,"eld vs kin","25",0.00465146897805042,0.000169818189543703,2.33240987112889,3.77001579350684,2.56678915869209,3.05498090903453,0.426535586419175,0.424935471579082,"TSS_more_sig"
-0.5,"eld vs kin","29",0.0231116138215088,0.000199057364085998,1.63616972785255,3.70102175114819,1.94796574741193,2.43566539092395,0.291469733127367,0.29209041449583,"TSS_more_sig"
-0.5,"eld vs kin","31",0.000881415256898634,0.000121778431939119,3.05481943632038,3.91442962237028,3.14925089151941,3.64381839551522,0.536357953751308,0.540408026772346,"TSS_more_sig"
-0.5,"eld vs kin","33",2.49652020533428e-09,0.000883029241396798,8.6026649146761,3.05402491457985,-3.68349305968619,-3.18676071073482,0.459297542932769,0.459703013856823,"CLR_more_sig"
-0.5,"eld vs kin","65",8.37422705214161e-10,0.00874552759797815,9.07705526816948,2.05821398538726,-3.18076567617125,-2.63884942379301,0.37082972258583,0.364033282492807,"CLR_more_sig"
-0.5,"eld vs kin","67",5.16716299377625e-15,5.13358935222419e-10,14.286747838787,9.28957887450288,-5.85779402365077,-5.42906537545054,0.567993781670277,0.573602043331099,"CLR_more_sig"
-0.5,"eld vs kin","74",3.41389759481468e-05,9.12500840296307e-06,4.46674951036655,5.03976672694175,3.30226202980856,3.82734778680256,0.498499710854114,0.493773025466598,"TSS_more_sig"
-0.5,"eld vs kin","79",2.71672715807695e-10,4.55355824443783e-05,9.56595397574906,4.34164910400388,-4.19301615757455,-3.75147382255636,0.480327308833222,0.496330463162859,"CLR_more_sig"
-0.5,"eld vs kin","82",9.96071932453104e-07,0.00136351896908174,6.0017092973801,2.86533881583733,-4.27644879372836,-3.79320555224008,0.610902190343228,0.602448613555885,"CLR_more_sig"
-0.5,"eld vs kin","83",4.76311551713405e-08,0.00298458554107065,7.3221088856634,2.52511596929951,-3.86848241680384,-3.35968840762765,0.527768836170184,0.525422532056102,"CLR_more_sig"
-0.5,"eld vs kin","84",2.42988301742833e-10,7.99192060374872e-05,9.61441463426518,4.09734883928722,-4.21201910725584,-3.69329020229737,0.485002617744177,0.479197242374955,"CLR_more_sig"
-0.5,"eld vs kin","87",7.78028043775212e-05,0.0174044846833462,4.10900474872069,1.75933883089692,-3.3043041976839,-2.84259550092623,0.512656859100843,0.524341358970175,"CLR_more_sig"
-0.5,"eld vs kin","89",8.37526051810135e-11,2.32038201682312e-14,10.0770016750596,13.6344405090141,4.49992208593617,4.9691941631261,0.460552267961605,0.446253166353872,"TSS_more_sig"
-0.5,"eld vs kin","91",8.97812925365708e-10,6.04432033103506e-06,9.04681414656792,5.21865252740475,-4.72147405113954,-4.19850854852858,0.576075284309778,0.571044111690877,"CLR_more_sig"
-0.5,"eld vs kin","100",8.99998866570969e-07,0.00120412581267758,6.04575803749655,2.91932813359562,-4.1338142849928,-3.52247900410181,0.561236455048021,0.566381488142665,"CLR_more_sig"
-0.5,"eld vs kin","102",3.75795792725925e-05,0.0131778717490234,4.42504808641256,1.88015472345129,-3.25060509982727,-2.78918305524722,0.539356958786505,0.543606995020036,"CLR_more_sig"
-0.5,"eld vs kin","108",0.00264438627423517,0.0368425920311036,2.57767510572352,1.4336498229593,-3.10728898399309,-2.75360531891611,0.653331272622111,0.651199694781601,"CLR_more_sig"
-0.5,"eld vs kin","111",6.96203236019006e-09,0.000927914371332984,8.15726396240489,3.03249209896799,-3.62978311979207,-3.15677496403479,0.448843504890789,0.455778533739087,"CLR_more_sig"
-0.5,"eld vs kin","119",0.0366858509340124,0.00069340963683817,1.43550140294439,3.1590101269188,1.94886822847773,2.44250597232878,0.317572885585763,0.314096680720626,"TSS_more_sig"
-0.5,"eld vs kin","121",2.4382256787765e-07,1.60689733492106e-08,6.61292609916419,7.79401186953508,4.13520219414731,4.57572102141662,0.501450395594954,0.499996734299622,"TSS_more_sig"
-0.5,"eld vs kin","124",0.0250145005322476,0.0139573573438742,1.60180816430783,1.85519680231578,2.14410725158444,2.53383705480194,0.434634002946128,0.425229161031193,"TSS_more_sig"
-0.5,"eld vs kin","128",0.000181142944631537,0.0162913554054093,3.74197857671232,1.78804278183008,-3.12140014970587,-2.66595152064049,0.584717286463099,0.595027227082902,"CLR_more_sig"
-0.5,"eld vs kin","130",0.000401695720535452,0.0106209611375089,3.39610279499907,1.97383618025747,-3.60078223587227,-3.17595809416132,0.591275859123909,0.594723916196695,"CLR_more_sig"
-0.5,"eld vs kin","133",4.69512692449823e-05,0.0426364093779431,4.32835266285173,1.37021937651915,-2.94885889425748,-2.44480696824794,0.489696851026299,0.492300902866601,"CLR_more_sig"
-0.5,"eld vs kin","138",1.46918535061543e-06,4.26440287572842e-08,5.83292341069606,7.37014177245227,3.36964304956246,3.94043321282109,0.42865511851964,0.437418774394184,"TSS_more_sig"
-0.5,"eld vs kin","139",6.12269087450207e-09,0.000310612495501925,8.2130576668891,3.50778107720251,-4.41630096188911,-3.9473969784718,0.530837852405354,0.5329177914307,"CLR_more_sig"
-0.5,"eld vs kin","147",0.000704166710641012,0.0198959063671746,3.15232450997678,1.70123627158186,-3.21955425720179,-2.75583657950097,0.558205756588693,0.559603484379297,"CLR_more_sig"
-0.5,"eld vs kin","151",5.02029869271832e-12,4.90291465998391e-12,11.2992704428669,11.3095456660075,4.88308777229507,5.50228468164136,0.480476688865437,0.48952229864916,"TSS_more_sig"
-0.5,"eld vs kin","162",0.000225866026268071,0.0260663903631364,3.64614908875166,1.58391910515346,-3.23223270512776,-2.75851852970239,0.609209553435414,0.589291665178967,"CLR_more_sig"
-0.5,"eld vs kin","163",6.41735219578197e-05,0.0422257701481901,4.19264412519575,1.37442242066615,-3.27460979803519,-2.79345718858755,0.574657845236005,0.576254724276177,"CLR_more_sig"
-0.5,"eld vs kin","164",0.00169005998911146,0.000128241717283515,2.77209787971905,3.89197067498204,2.76907527189421,3.2576230646847,0.462859235759915,0.464232323362597,"TSS_more_sig"
-0.5,"eld vs kin","169",3.94709887749704e-07,0.00246129603805841,6.40372199409765,2.60883614738497,-3.90252952807433,-3.41871897636566,0.530800607021206,0.539645294149601,"CLR_more_sig"
-0.5,"eld vs kin","172",6.43394778206648e-06,0.00346782077907869,5.19152246815466,2.45994335544854,-3.18540356309546,-2.72746604362061,0.455453831975975,0.455134643047198,"CLR_more_sig"
-0.5,"eld vs kin","181",6.32834303395054e-05,0.035389363204048,4.19870998752018,1.45112725198402,-2.92410659890239,-2.5346672438556,0.494880890237157,0.492839909621133,"CLR_more_sig"
-0.5,"eld vs kin","207",0.000570918774280712,2.00494738421618e-06,3.24342567527594,5.69789702007343,3.15949137853142,3.6158432461741,0.468153692773518,0.457236434412932,"TSS_more_sig"
-0.5,"eld vs kin","222",0.00648349777108595,0.000494997042218558,2.18819063412175,3.30539739612097,2.83717084637256,3.33180930830878,0.497041907473336,0.52065530230175,"TSS_more_sig"
-0.5,"eld vs kin","223",0.0419383225272453,0.0188267522243217,1.3773889446797,1.72522459303216,2.18531792279543,2.63493660547824,0.530246204781454,0.53382786879744,"TSS_more_sig"
-0.5,"eld vs kin","246",0.021697082449967,0.00303991940209274,1.66359866067066,2.51713793076309,2.41892118973828,3.0038171956829,0.460255131505026,0.471599382135232,"TSS_more_sig"
-0.5,"eld vs kin","267",3.33660440772198e-05,0.0249425653845878,4.47669528082727,1.60305888064604,-3.63941214815522,-3.12728421097908,0.611258851458393,0.602266787198752,"CLR_more_sig"
-0.5,"eld vs kin","282",8.68644201670129e-07,0.0161682931526654,6.06115807498184,1.79133582508462,-3.39878111044047,-2.9185106250141,0.479905610649978,0.483775688254389,"CLR_more_sig"
-0.5,"eld vs kin","294",0.037572617211714,0.0252355530830913,1.42512855204823,1.59798717247171,2.18424775676376,2.73051692660316,0.449790030465594,0.451415388470423,"TSS_more_sig"
-0.5,"eld vs kin","329",0.0214476651675004,0.0263860364910319,1.66861997900662,1.57862584128241,2.09176415249245,2.46673446708231,0.421233568064981,0.419321935503528,"CLR_more_sig"
-0.5,"eld vs kin","344",0.000569265212668972,0.000749907797905865,3.24468535475777,3.12499213037132,2.61543424942396,3.07037808040624,0.420885710043105,0.414013791577786,"CLR_more_sig"
-0.5,"eld vs kin","435",0.0496131929178264,0.0407464736155881,1.30440282251084,1.38990997110953,2.30172299775736,2.76387162874704,0.557525598055601,0.551864146501073,"TSS_more_sig"
-0.5,"eld vs kin","473",3.16324864302805e-05,0.0388511940696345,4.49986666959204,1.4105956288609,-3.20961237339619,-2.74268529805499,0.546050413307341,0.527582122857471,"CLR_more_sig"
-0.5,"eld vs kin","614",8.51799732368577e-07,0.0387638285820754,6.06966250071551,1.41157333559561,-3.32543692470393,-2.79189547500719,0.502297288873589,0.506265842774075,"CLR_more_sig"
-0.5,"eld vs kin","616",3.65744200832047e-07,0.0149382848207948,6.43682255123576,1.82569926434298,-3.15344171758572,-2.55876453954582,0.440117179819481,0.436342919505281,"CLR_more_sig"
-0.5,"eld vs kin","666",3.02537393285599e-13,1.71832977286362e-06,12.5192209393786,5.76489348498021,-4.32279665902262,-3.82161023238779,0.419365441965698,0.421800594068479,"CLR_more_sig"
-0.5,"eld vs kin","728",3.71500073084058e-08,4.20661456379137e-11,7.43004109646599,10.3760672789236,3.7060801971684,4.16805215883424,0.389623868413039,0.385913477490051,"TSS_more_sig"
-0.5,"eld vs kin","744",4.91717211716089e-08,7.54374040197607e-05,7.30828458971168,4.12241326511818,-4.02124369994595,-3.62172937579298,0.514549360953977,0.525563415542681,"CLR_more_sig"
-0.5,"eld vs kin","770",8.21201010885489e-07,0.0171726484025465,6.08555052469146,1.76516272185043,-3.03423094827083,-2.63062108136048,0.431936406667242,0.431019247428736,"CLR_more_sig"
-0.5,"eld vs kin","786",6.20810220549271e-10,0.000205956755244002,9.2070411417956,3.68622395890504,-4.31149180666708,-3.72738152044455,0.50392315367612,0.508606840337094,"CLR_more_sig"
-0.5,"eld vs kin","849",9.91074128909325e-08,0.00898796668085477,7.00389386057805,2.04633854621594,-3.20492685503992,-2.76349605047357,0.435836901826743,0.438905609361652,"CLR_more_sig"
-0.5,"eld vs kin","854",0.000875225590643203,0.000103749338069293,3.05787999252727,3.98401466544739,2.86502794854629,3.30112484562195,0.469087272336701,0.467830344723329,"TSS_more_sig"
-0.5,"eld vs kin","879",4.85634995149034e-06,0.00964957287113458,5.3136900252843,2.01549190984944,-3.07297763914947,-2.59704796939858,0.421170083962917,0.403561676763991,"CLR_more_sig"
-0.5,"eld vs kin","886",2.93754640771574e-07,1.37566561266156e-08,6.53201526362892,7.86148711858912,4.08940523728813,4.55379494149611,0.518551335605611,0.514101011350006,"TSS_more_sig"
-0.5,"eld vs kin","891",8.45112025488354e-06,0.0020316894031692,5.07308571847433,2.69214268457707,-3.7813424153431,-3.306800468127,0.574938821741278,0.574578758482816,"CLR_more_sig"
-0.5,"eld vs kin","895",8.3342558783202e-07,0.0301417464904117,6.07913316996506,1.52083158715166,-3.65456926048491,-3.17254828739819,0.500922642366803,0.50720803133228,"CLR_more_sig"
-0.5,"eld vs kin","914",0.000133381817806622,0.0486969560513431,3.87490336805393,1.31249818481044,-3.35047037445851,-2.79147029860144,0.549315383949512,0.56402698739758,"CLR_more_sig"
-0.5,"eld vs kin","947",4.18170331950419e-07,1.61409639986851e-06,6.37864678243962,5.79207053115005,3.78126299100855,4.19147007019842,0.43415831614354,0.433175492299612,"CLR_more_sig"
-0.5,"eld vs kin","965",0.000344772163707663,0.0486135168265227,3.46246780559725,1.31324295981199,-3.27299264190006,-2.68814059314289,0.598321250630671,0.599277808339724,"CLR_more_sig"
-0.5,"eld vs kin","978",2.39419854734695e-17,7.03530863244854e-19,16.6208398370367,18.1527168457162,5.59766949767979,6.06047505340977,0.413209070839308,0.400704360253521,"TSS_more_sig"
-0.5,"eld vs kin","984",3.95987086426099e-12,4.90210300313135e-12,11.4023189766637,11.3096175675797,4.41826377597616,4.97855912127426,0.421607504451903,0.424738338010711,"CLR_more_sig"
-0.5,"eld vs kin","988",0.00699957512576598,0.000949487532786614,2.15492832086223,3.02251073337828,2.66995811613364,3.193304695239,0.523441204341011,0.522872152405197,"TSS_more_sig"
-0.5,"eld vs kin","991",7.46761436886889e-06,0.000841092723044188,5.12681811731596,3.07515612443194,-4.24991659390626,-3.77220831910721,0.571339977226041,0.573895491459193,"CLR_more_sig"
-0.5,"eld vs kin","1014",2.11934048217616e-11,5.32353418892185e-05,10.6737992662002,4.27379995245191,-4.75355249834683,-4.27080232856005,0.517532638352882,0.520418550807402,"CLR_more_sig"
-0.5,"eld vs kin","1021",9.08463593568293e-09,6.95995042898602e-05,8.0416924722406,4.15739385356393,-4.29875938586049,-3.88280270718225,0.558371723792451,0.554781723611871,"CLR_more_sig"
-0.5,"eld vs kin","1030",3.45392631565514e-05,3.78909870613702e-06,4.46168693169204,5.42146408119313,3.57857818037524,4.07428412126407,0.427688455626124,0.430751139880732,"TSS_more_sig"
-0.5,"eld vs kin","1074",3.24533300849836e-12,2.41101292875585e-15,11.4887407329675,14.6178004607664,4.63533719446031,5.00617942266613,0.401463295082179,0.390842192644885,"TSS_more_sig"
-0.5,"eld vs kin","1076",8.62724915322823e-10,2.39663062336769e-09,9.06412765944332,8.62039889570961,4.03186086103697,4.47825891107867,0.423562162148628,0.42079379232613,"CLR_more_sig"
-0.5,"eld vs kin","1082",0.00841787540230833,0.0022262237100296,2.07479750677645,2.65243119617844,2.48617941349806,2.98656906433294,0.494737664531453,0.493611342354702,"TSS_more_sig"
-0.5,"eld vs kin","1089",5.06705959072283e-05,5.04682619294684e-08,4.29524398819602,7.29698165162531,2.51830613320751,3.00367713505939,0.28838156958824,0.289104613809116,"TSS_more_sig"
-0.5,"eld vs kin","1098",3.23448453861907e-22,3.21990869213734e-24,21.4901949205193,23.4921564435412,6.5119465190259,6.9628050076963,0.445743821905029,0.436822874799136,"TSS_more_sig"
-0.5,"eld vs kin","1104",1.56798040371736e-06,0.00174336366805517,5.80465936933691,2.75861200901433,-3.32221148222924,-2.77953227311686,0.468724588472407,0.468167313533376,"CLR_more_sig"
-0.5,"eld vs kin","1105",1.78008765135592e-13,6.05700051648558e-06,12.7495586125434,5.21774238930404,-5.06947447627887,-4.56338764262196,0.506972066018554,0.512840982263035,"CLR_more_sig"
-0.5,"eld vs kin","1112",6.45637358955151e-07,0.000586225086980293,6.19001134768089,3.23193560025449,-4.053929097777,-3.60932527007807,0.534280140707138,0.520503362005087,"CLR_more_sig"
-0.4,"cent vs mage","4",0.0305654389656258,2.78399496163305e-05,1.51476936270816,4.5553315550302,1.36773414972226,1.90544103837745,0.182702859521999,0.182812391085125,"TSS_more_sig"
-0.4,"cent vs mage","7",1.12541907797568e-06,1.8864760574925e-09,5.94868572700917,8.72434870234471,3.3246321145023,3.87952965937461,0.416127133932599,0.415306741432219,"TSS_more_sig"
-0.4,"cent vs mage","12",0.00964746602580666,0.0105008752697666,2.01558674215078,1.97877450007413,-2.19707919262843,-1.66640744632471,0.350713629369148,0.351751229432439,"CLR_more_sig"
-0.4,"cent vs mage","14",0.00138808347364144,2.8568782842716e-06,2.85758441640868,5.54410826210071,1.86685680421354,2.4035438240664,0.258746289349838,0.258916105431278,"TSS_more_sig"
-0.4,"cent vs mage","20",0.00270125801475626,9.57019841166976e-06,2.56843393153517,5.01907905823151,1.83889853091919,2.38265956337985,0.267977311908064,0.269014885266067,"TSS_more_sig"
-0.4,"cent vs mage","21",0.000217156517234565,3.79532397088544e-07,3.66322713219383,6.42075114657677,2.0296658238828,2.56002980299445,0.260878128840977,0.261460976287748,"TSS_more_sig"
-0.4,"cent vs mage","22",0.00100903457689484,0.000877397872287761,2.99609395140695,3.056803423105,-2.43564307940361,-1.90289362841109,0.322102576416129,0.322462488554807,"TSS_more_sig"
-0.4,"cent vs mage","24",6.97115145740851e-06,5.37304152952732e-09,5.15669548154377,8.26977980265207,3.65014651696604,4.17919289873977,0.495701025796982,0.487073017369397,"TSS_more_sig"
-0.4,"cent vs mage","26",0.00152123451138224,2.24553084721181e-05,2.81780383055677,4.64868097458842,2.24614389407558,2.78465070667125,0.371196683523653,0.371681779906644,"TSS_more_sig"
-0.4,"cent vs mage","33",0.0363095365585999,0.0480974144582776,1.43997929422473,1.31787826908736,-2.09682679633482,-1.54221612083975,0.394103584317791,0.392842477609669,"CLR_more_sig"
-0.4,"cent vs mage","39",0.000161690432873415,1.08774081102539e-06,3.79131567627915,5.96347457683582,2.77102816213885,3.29158094882096,0.419491041811096,0.41473665227114,"TSS_more_sig"
-0.4,"cent vs mage","42",0.000352747700093899,1.01247604195349e-05,3.45253580915344,4.99461524462737,2.63620382311832,3.14807898424628,0.413697368525336,0.411256733631538,"TSS_more_sig"
-0.4,"cent vs mage","51",0.00168111443426148,0.00148149950229134,2.77440272292176,2.82929849008481,-2.61725519462996,-2.09773128298992,0.38873758761769,0.393150367048486,"TSS_more_sig"
-0.4,"cent vs mage","53",0.00467176975985313,0.0149961602495707,2.33051856882571,1.82401992733741,-2.52238451166327,-1.91746382288071,0.450609672901165,0.442985018206932,"CLR_more_sig"
-0.4,"cent vs mage","56",0.00324008069268681,3.30397373504335e-05,2.48944417375875,4.48096341376421,2.15141080821352,2.6770179227682,0.373694361719967,0.381237412608728,"TSS_more_sig"
-0.4,"cent vs mage","57",0.00288458260756046,0.00224114571102295,2.53991701937044,2.64952990632259,-2.83288055659055,-2.2698622589694,0.453804151692413,0.455369410136228,"TSS_more_sig"
-0.4,"cent vs mage","69",0.0264806214013376,0.00068899810160009,1.5770718278424,3.16178197470448,1.84354960159621,2.42156779192682,0.383949517029657,0.387409484739423,"TSS_more_sig"
-0.4,"cent vs mage","72",0.0120032868093623,0.0222459663179638,1.92069981664272,1.65274872466781,-2.23788439065747,-1.72521029509465,0.383095942910329,0.39237285645033,"CLR_more_sig"
-0.4,"cent vs mage","100",0.000547953960221414,0.002814565025482,3.2612559299495,2.550588713292,-3.55019232435781,-2.97211901722611,0.568076309905018,0.559728339924226,"CLR_more_sig"
-0.4,"cent vs mage","103",0.00732246048572103,0.0311352377085861,2.13534296322842,1.50674781421645,-2.32731102442449,-1.77338077177351,0.437056062884258,0.439272605511282,"CLR_more_sig"
-0.4,"cent vs mage","106",0.025980775311233,3.00449362465106e-05,1.58534789297176,4.52222871319569,1.89202132857244,2.46371593521524,0.34083736626235,0.336744485072676,"TSS_more_sig"
-0.4,"cent vs mage","114",8.16720417188911e-10,8.31097410935658e-09,9.08792658735059,8.08034807061721,-4.53455720491425,-3.94311494858015,0.493252623863956,0.493648177273791,"CLR_more_sig"
-0.4,"cent vs mage","124",0.0208527596062088,0.0199887322507006,1.68083646335482,1.69921474935284,-2.4719321281879,-1.84612547525515,0.430782841294565,0.428480085059393,"TSS_more_sig"
-0.4,"cent vs mage","132",1.90497798091549e-11,1.90022419096122e-12,10.7201100398425,11.7211951573874,-5.15462981826071,-4.64047123801879,0.490223798661623,0.493549464273304,"TSS_more_sig"
-0.4,"cent vs mage","142",0.00248332592435109,0.000228133748813133,2.60496627768341,3.64181046290779,2.89197419285658,3.26945372362869,0.526453817443958,0.536418408032652,"TSS_more_sig"
-0.4,"cent vs mage","143",5.35422721205843e-11,4.20372866030694e-10,10.2713032030315,9.37636532431233,-4.66143819855313,-4.13914930598023,0.44899356497329,0.445663317620759,"CLR_more_sig"
-0.4,"cent vs mage","145",0.0233556712685153,0.0189201768090833,1.63160764608022,1.72307480943262,-2.51260395810756,-2.01882091982869,0.507515004455089,0.508519718786965,"TSS_more_sig"
-0.4,"cent vs mage","146",0.00263242741313745,0.00146299673535806,2.57964359526441,2.83475664299127,-2.75081491218088,-2.24022573469322,0.427010670813904,0.42190895582983,"TSS_more_sig"
-0.4,"cent vs mage","148",0.00043031659481469,0.00011519069052138,3.36621190537578,3.93858261829619,-3.40032663419427,-2.9842766626012,0.499091251743826,0.51036767933547,"TSS_more_sig"
-0.4,"cent vs mage","156",0.0397391853753095,0.042241500860869,1.40078103985917,1.37426065950801,-2.34615492405466,-1.75876100236027,0.436019842170028,0.4352422559688,"CLR_more_sig"
-0.4,"cent vs mage","168",0.00144023923976682,6.62994289636818e-05,2.84156536076545,4.17849021215314,2.74642190580836,3.26935446767873,0.44732858804006,0.455903362972872,"TSS_more_sig"
-0.4,"cent vs mage","169",1.04835467310891e-05,9.38811439328659e-05,4.97949176457038,4.02742162720399,-3.2420047127486,-2.68485798339233,0.438877207997901,0.435342513756246,"CLR_more_sig"
-0.4,"cent vs mage","173",0.00653424363947915,0.0232161809986075,2.18480467621065,1.63420921903496,-2.8106714557999,-2.23997154517057,0.489962604278247,0.495690511461645,"CLR_more_sig"
-0.4,"cent vs mage","191",0.0276938587515588,0.00693143577971526,1.55761652718142,2.1591767961787,-2.63844719211438,-2.30844824466713,0.456302224756008,0.465739800098092,"TSS_more_sig"
-0.4,"cent vs mage","194",0.0133949870712901,0.013546750849606,1.87305770123233,1.86816485661956,-2.68906267129008,-2.14285649063343,0.483184773875564,0.490655631205648,"CLR_more_sig"
-0.4,"cent vs mage","199",0.0243962636184443,0.0256739434096094,1.61267668243775,1.59050742040131,-2.45998395605922,-2.00375685108238,0.477218564744736,0.486563249043842,"CLR_more_sig"
-0.4,"cent vs mage","210",2.36991930709548e-11,2.9666380529396e-11,10.6252664409434,10.5277354368985,-5.21757092035749,-4.67294979327442,0.453031940622889,0.46534555732707,"CLR_more_sig"
-0.4,"cent vs mage","219",4.8551180205821e-11,2.52118155985543e-08,10.3138002085851,7.598395878003,-4.75257569354468,-4.17961276218323,0.47415477951713,0.463415403433744,"CLR_more_sig"
-0.4,"cent vs mage","242",0.0258633909159347,0.0137833706053312,1.58731453593142,1.86064456644166,-2.39102292126881,-1.90189702578625,0.437957785082669,0.448952181502511,"TSS_more_sig"
-0.4,"cent vs mage","255",0.0102209505732244,0.0161597424906325,1.9905087118815,1.79156556409289,-2.85512387546849,-2.31532415840162,0.528365659138511,0.518959406393634,"CLR_more_sig"
-0.4,"cent vs mage","269",0.00662867597688793,0.00877721170707411,2.17857320965782,2.05664342629816,-2.28444991883485,-1.71663314324313,0.352771237946902,0.347442020025941,"CLR_more_sig"
-0.4,"cent vs mage","274",0.0332880260453239,0.032762623238388,1.4777119574129,1.48462133241997,-2.73702733349937,-2.2561925616281,0.502989214567247,0.505390916279681,"TSS_more_sig"
-0.4,"cent vs mage","287",0.000629929952058549,0.0051921914893235,3.2007077412223,2.28464929902298,-2.79763049499067,-2.21835426513668,0.448308785043444,0.44295382336576,"CLR_more_sig"
-0.4,"cent vs mage","289",8.82973309621378e-05,0.000868124459352134,4.05405242400946,3.0614180073868,-3.40281411623941,-2.66895633036732,0.50475417667993,0.482895102553886,"CLR_more_sig"
-0.4,"cent vs mage","294",0.00369495952781211,0.000165916238831018,2.43239031422291,3.78011110590108,2.10277961185547,2.57041394275594,0.381962443753871,0.383790165204517,"TSS_more_sig"
-0.4,"cent vs mage","310",0.0108875236453324,0.0351413860877958,1.96307088879014,1.45418111255019,-2.25648695731935,-1.73471006817257,0.456303304825602,0.449684022830825,"CLR_more_sig"
-0.4,"cent vs mage","339",0.00658931776570414,0.0258220121377346,2.18115954836926,1.58800991906933,-2.46394989402924,-2.01281989194797,0.462152342149108,0.466486396553502,"CLR_more_sig"
-0.4,"cent vs mage","353",3.2834236583045e-08,9.02005704440766e-07,7.48367307688287,6.04479071589563,-4.00596657964693,-3.57191844886492,0.446014117937563,0.454764750996181,"CLR_more_sig"
-0.4,"cent vs mage","362",0.0250175456734656,0.0319233021302299,1.60175529866952,1.49589219179613,-2.22138025738351,-1.70162312400037,0.420963390036564,0.42455125484696,"CLR_more_sig"
-0.4,"cent vs mage","363",0.00502471122742962,0.0013472981860827,2.298888892303,2.87053627492393,-2.75633114827395,-2.327192933231,0.439727517529367,0.451408391759322,"TSS_more_sig"
-0.4,"cent vs mage","372",0.000800186032979904,0.0180629183747001,3.09680903337778,1.7432120806208,-2.92717655222435,-2.32790741648697,0.46999993028522,0.478389843303018,"CLR_more_sig"
-0.4,"cent vs mage","381",0.016020762005166,0.0182155118566969,1.79531683115013,1.73955862055626,-2.63478553704326,-2.10714083346322,0.50378204954398,0.500224337579054,"CLR_more_sig"
-0.4,"cent vs mage","401",0.00673784227747041,0.0276437602603962,2.17147915940209,1.55840288209138,-2.90075750601589,-2.23029710975129,0.444176624579076,0.436774778989427,"CLR_more_sig"
-0.4,"cent vs mage","409",0.00619029366276336,0.0248363808684739,2.20828874789547,1.60491168882411,-2.63110367180879,-1.93270359725289,0.480484781056453,0.480798649369277,"CLR_more_sig"
-0.4,"cent vs mage","431",0.0162153097614879,0.0297989953290257,1.79007475057288,1.525798377884,-2.45095218902395,-1.80376735973508,0.444896409877005,0.435618489162147,"CLR_more_sig"
-0.4,"cent vs mage","433",0.0193686501897065,0.0195191170180036,1.71290064441194,1.70953983230878,-2.48878293330087,-1.94416073483499,0.449333756722618,0.44289423199041,"CLR_more_sig"
-0.4,"cent vs mage","451",0.0220709727881307,0.0492495746430413,1.65617852469033,1.30759751604917,-2.31314225257558,-1.88210475997474,0.461080241356421,0.45243911239824,"CLR_more_sig"
-0.4,"cent vs mage","453",0.00494645670065068,0.0233987634787026,2.30570578821414,1.63080709252855,-2.81851704238914,-2.33601726293605,0.456995057168929,0.455102293311394,"CLR_more_sig"
-0.4,"cent vs mage","464",0.0104495992731244,0.00246198885937821,1.9809003637929,2.60871391660434,-2.9731634656824,-2.46648313831181,0.476847317703868,0.480706517484158,"TSS_more_sig"
-0.4,"cent vs mage","473",0.0204951407887758,0.0446933752669522,1.68834909400625,1.34975684595589,-2.24131466281006,-1.63051408819918,0.444982205604403,0.431174290540191,"CLR_more_sig"
-0.4,"cent vs mage","488",0.00297875484982558,0.0111961780326685,2.52596523755333,1.95093020434746,-2.77278949129525,-2.36317087096076,0.464932927119192,0.472302692809862,"CLR_more_sig"
-0.4,"cent vs mage","528",0.00172654768718405,0.00181502671806685,2.76282142195115,2.74111697755702,-2.77784966963931,-2.35549286042606,0.433525105361763,0.448972764943484,"CLR_more_sig"
-0.4,"cent vs mage","531",0.00247637842482753,0.00590042157331729,2.60618298838517,2.2291169577774,-2.87547611886449,-2.33837759282373,0.472706629461324,0.473879804598066,"CLR_more_sig"
-0.4,"cent vs mage","546",0.000386328026461044,0.00181035442202151,3.4130437844882,2.74223639283245,-2.94716060944398,-2.38786601501458,0.443091333615649,0.428558350751815,"CLR_more_sig"
-0.4,"cent vs mage","562",0.0272051486060037,0.00613553622750587,1.56534889745184,2.21214747524015,-2.43160022022536,-2.0217120531309,0.433136704080583,0.440750492108295,"TSS_more_sig"
-0.4,"cent vs mage","671",0.0478904619321617,0.00170709790243418,1.31975097390704,2.7677415712885,1.73889462422177,2.24150977392415,0.362213471668908,0.361114129015737,"TSS_more_sig"
-0.4,"cent vs mage","675",1.00146402058525e-05,8.39132938400276e-06,4.99936464890857,5.07616923125689,-3.7447746388151,-3.20931283573292,0.481748832387492,0.472585305865625,"TSS_more_sig"
-0.4,"cent vs mage","728",0.0328470622970481,0.0001579386702535,1.48350346583729,3.80151152280009,1.69330671148605,2.22600819773235,0.304270270292205,0.303193796237346,"TSS_more_sig"
-0.4,"cent vs mage","737",0.00408135928940973,0.00677297783181607,2.38919517181832,2.16922034585174,-2.91582073342086,-2.32317369545319,0.476741014543231,0.481087614047634,"CLR_more_sig"
-0.4,"cent vs mage","753",0.0192506155425302,0.0364404187331784,1.71555537927495,1.43841664123625,-2.59694723145451,-1.94942908357593,0.514873034334462,0.509444803088728,"CLR_more_sig"
-0.4,"cent vs mage","762",0.0476614384027897,0.00659149563113819,1.32183285496128,2.18101603143742,1.75098358219226,2.25509647276625,0.386413467800091,0.385263632875951,"TSS_more_sig"
-0.4,"cent vs mage","769",0.00116845480588714,0.00396293555112712,2.93238808081853,2.4019829905014,-2.83136609669855,-2.37737076962062,0.447433106739431,0.459825814153865,"CLR_more_sig"
-0.4,"cent vs mage","770",7.68434624962156e-05,0.000330350456361052,4.11439307445687,3.48102508890122,-2.8968450653924,-2.39159777621352,0.355594634657407,0.366730521467435,"CLR_more_sig"
-0.4,"cent vs mage","815",0.0194194584232462,0.033387203015011,1.71176288601789,1.47641996207849,-2.36583607408393,-1.87782728356241,0.465288120959997,0.458782060879387,"CLR_more_sig"
-0.4,"cent vs mage","816",0.00568455250035347,0.00848352005113778,2.2453037181841,2.07142390934907,-2.51937339871061,-1.96210835239926,0.410099402645568,0.396871185969307,"CLR_more_sig"
-0.4,"cent vs mage","819",0.0223053359295679,0.0130422864569566,1.65159123167997,1.88464626530711,-2.79289300889219,-2.17780049969319,0.44601785137206,0.427929479932187,"TSS_more_sig"
-0.4,"cent vs mage","837",0.0201263649108462,0.0360997364544688,1.69623465738751,1.44249596864248,-2.59227730456202,-2.04797561221397,0.453347251150479,0.460720510958621,"CLR_more_sig"
-0.4,"cent vs mage","849",0.0017064107809819,0.00256145342141062,2.76791641370832,2.59151353711665,-2.68001101375319,-2.12644083064704,0.41637018106608,0.414019304824564,"CLR_more_sig"
-0.4,"cent vs mage","854",0.0262664576975498,0.000135613025498676,1.58059849235049,3.86769859490465,2.51649014429693,3.11287918096044,0.47321727475457,0.461881257382383,"TSS_more_sig"
-0.4,"cent vs mage","857",0.0317823769244357,0.00300562937340309,1.49781362611655,2.5220645736525,1.66180227307732,2.18603307872818,0.33891668249202,0.349972132943616,"TSS_more_sig"
-0.4,"cent vs mage","884",0.0022190259331587,0.00260768536586191,2.65383762225564,2.58374481022276,-2.58860532302043,-2.04345195485417,0.396044171343339,0.403346718535727,"CLR_more_sig"
-0.4,"cent vs mage","886",0.0190477060844616,0.0118977412564805,1.72015731893042,1.92453548003239,2.52196868026297,2.88473090284151,0.526205740334747,0.534322061593685,"TSS_more_sig"
-0.4,"cent vs mage","912",0.000199414058291815,0.00422195252231012,3.70024422805373,2.37448665483098,-2.95513956203966,-2.36114907941196,0.468850056252552,0.470627060245932,"CLR_more_sig"
-0.4,"cent vs mage","917",0.000936589947974529,0.000917295308206973,3.0284505076287,3.03749082782134,-3.12863739333776,-2.63698705403862,0.49791959910257,0.49435168818425,"TSS_more_sig"
-0.4,"cent vs mage","921",2.99718807831693e-08,1.06009039863152e-09,7.52328600353005,8.97465709893063,-4.67014869646279,-4.13974593050896,0.482359802947972,0.475110231543571,"TSS_more_sig"
-0.4,"cent vs mage","925",0.00563124242880807,0.00837918063069448,2.24939577558436,2.07679844735612,-2.54372871454409,-2.00631910223919,0.426338694300249,0.421862311974892,"CLR_more_sig"
-0.4,"cent vs mage","926",0.0105601312946379,0.0256879648761152,1.97633068216373,1.59027030126434,-2.30441412329427,-1.8143510233271,0.41895952354601,0.420547164868427,"CLR_more_sig"
-0.4,"cent vs mage","966",0.00118075647155623,0.00294401107604371,2.92783966543921,2.53106056041619,-3.11415377849277,-2.63530027986701,0.530168965666159,0.528647966453031,"CLR_more_sig"
-0.4,"cent vs mage","975",0.00115064803462263,0.00341647146484933,2.93905749999928,2.46642220225294,-2.75560478820183,-2.25066652181534,0.434591234527658,0.447503043881627,"CLR_more_sig"
-0.4,"cent vs mage","978",0.0100229785746494,9.55470478654904e-05,1.99900319799914,4.01978272687724,2.57822982026779,3.0541652224857,0.443564308145458,0.452129487423934,"TSS_more_sig"
-0.4,"cent vs mage","1004",0.000831344682957025,0.00091750766108465,3.08021887649298,3.03739030075119,-3.1416094541915,-2.65707810504702,0.459062028849892,0.468414664011443,"CLR_more_sig"
-0.4,"cent vs mage","1019",1.62160446434941e-06,6.5831844987239e-07,5.79005506868132,6.18156397330608,-3.49022055133872,-2.92024110827311,0.395691441062202,0.398365809288464,"TSS_more_sig"
-0.4,"cent vs mage","1040",0.00843482202556456,0.00952932778795468,2.07392407657582,2.0209377340184,-2.63100584519941,-2.15656190687933,0.442936096853239,0.449456115013441,"CLR_more_sig"
-0.4,"cent vs mage","1043",0.00192040177067771,2.52688758318467e-05,2.71660790226796,4.59741407865332,1.9423968655204,2.58323049496232,0.320870082794768,0.320987336783558,"TSS_more_sig"
-0.4,"cent vs mage","1058",9.17400666322938e-06,0.000347551415391504,5.03744094876882,3.458980938501,-3.49605576283828,-2.90018037153984,0.459136979101064,0.457528444654984,"CLR_more_sig"
-0.4,"cent vs mage","1074",0.000547684377619796,2.95405582669673e-05,3.26146964689353,4.52958130150977,2.4986153670692,3.00799400389535,0.378944491856761,0.389398002068134,"TSS_more_sig"
-0.4,"cent vs mage","1079",0.000929917475811981,0.000394415867431198,3.03155559057478,3.40404562162334,-2.88318266830893,-2.32763088143894,0.426645752105225,0.421658588898063,"TSS_more_sig"
-0.4,"cent vs mage","1087",0.000218597679791625,3.00394671089443e-05,3.66035445198852,4.52230777585221,3.09029837559937,3.60530320679696,0.49110628358217,0.492957445605949,"TSS_more_sig"
-0.4,"cent vs mage","1098",9.44997086117181e-06,2.28196474279685e-10,5.02456953062849,9.64169106987708,3.67919509455619,4.24060999889424,0.440105158627114,0.435943316166118,"TSS_more_sig"
-0.4,"cent vs mage","1104",0.00018925336256631,0.00077120396315375,3.72295639541563,3.11283074729586,-3.2284185939741,-2.57806204403324,0.453367574709335,0.444331202176744,"CLR_more_sig"
-0.4,"eld vs kin","3",1.08510422869301e-13,3.10029779626575e-14,12.9645285440531,13.5085965884034,-5.21285130675227,-4.81293772472442,0.44633422962161,0.447332685231237,"TSS_more_sig"
-0.4,"eld vs kin","4",7.43158176587556e-06,3.95339204324931e-07,5.12891873952617,6.40303011614592,2.00588857608031,2.41756268780784,0.220817262528029,0.220151294634357,"TSS_more_sig"
-0.4,"eld vs kin","5",4.14428281452121e-06,9.84767599834938e-07,5.38255061508836,6.00666624870832,-3.27479754285095,-2.85424504542962,0.3852714771801,0.384391006819198,"TSS_more_sig"
-0.4,"eld vs kin","7",1.14622920394074e-26,1.00392563163412e-28,25.9407285306639,27.998298457477,7.06282187339521,7.47268817072322,0.464278687359653,0.4622070483726,"TSS_more_sig"
-0.4,"eld vs kin","10",0.000105143448418278,7.63570773905499e-05,3.97821778340976,4.11715070282221,-3.23202676807119,-2.77909867420777,0.475070037939608,0.469805666803081,"TSS_more_sig"
-0.4,"eld vs kin","11",2.08778414551224e-06,2.475464127962e-07,5.6803144047401,6.60634336266356,2.70492112092997,3.11153305196138,0.350555713777152,0.348378433665071,"TSS_more_sig"
-0.4,"eld vs kin","12",0.00256351643564981,0.00109270265214496,2.59116389379248,2.96149800282749,-2.46858723993138,-2.03632608247563,0.368731891117053,0.369035590978461,"TSS_more_sig"
-0.4,"eld vs kin","14",3.87827661950947e-06,2.99027965885811e-07,5.41136121793856,6.52428819340823,2.33306547815364,2.74836004334268,0.276743806759691,0.27635402329848,"TSS_more_sig"
-0.4,"eld vs kin","15",0.000562704311794016,0.000348558714488478,3.24971975699604,3.45772405478102,2.44342179881941,2.84756145164225,0.429314261222133,0.427173907948163,"TSS_more_sig"
-0.4,"eld vs kin","16",5.22741592951292e-08,7.42868072999793e-09,7.28171294304252,8.12908830636792,2.50030155084011,2.90467248509863,0.266825746391692,0.266319166637343,"TSS_more_sig"
-0.4,"eld vs kin","21",3.65882191656491e-15,1.35933378217589e-16,14.436658728129,15.8666738898765,3.57400020848211,3.98721019010634,0.292731925097206,0.29409532330268,"TSS_more_sig"
-0.4,"eld vs kin","23",0.0031193765408327,0.000726614399718343,2.50593219826767,3.13869599973473,1.88973374691144,2.29117231458191,0.313827216117796,0.306403402250016,"TSS_more_sig"
-0.4,"eld vs kin","25",0.000354987326853077,0.000122795176833706,3.44978715110271,3.91081869113983,2.52180590571297,2.91464471073252,0.419749965645176,0.417778979875161,"TSS_more_sig"
-0.4,"eld vs kin","26",0.00942401063509681,0.00115731175268951,2.02576423245073,2.93654963652331,1.92054999224813,2.33828171795778,0.364040209103504,0.364021020523636,"TSS_more_sig"
-0.4,"eld vs kin","29",0.000957381067063299,0.000232098985207344,3.01891516527191,3.63432675837999,1.93062215529657,2.35046643551821,0.293271300444841,0.293176170787896,"TSS_more_sig"
-0.4,"eld vs kin","31",8.09199550828919e-05,3.89587570571402e-05,4.09194436696967,4.40939490733337,3.09445821593901,3.50987874154355,0.531021421400654,0.538492189932375,"TSS_more_sig"
-0.4,"eld vs kin","33",6.82254383180424e-07,9.50386849520256e-07,6.16605366550056,6.0220995816435,-3.68820266606535,-3.32427806041047,0.458242551856427,0.463489890339027,"CLR_more_sig"
-0.4,"eld vs kin","34",0.0419404067561349,0.0437130030256774,1.37736736187525,1.35938935702713,-2.00054748350793,-1.59588441411983,0.420926400104181,0.421245517529267,"CLR_more_sig"
-0.4,"eld vs kin","36",0.0142736781620842,0.0030639105558654,1.84546409978917,2.51372391712726,1.60279679402046,2.01368837139774,0.263145149696304,0.262371963598944,"TSS_more_sig"
-0.4,"eld vs kin","38",0.00852292598522456,0.00474233744005886,2.06941128304023,2.32400754712257,-2.2979951628268,-1.88257928394953,0.37765341587499,0.379529406023654,"TSS_more_sig"
-0.4,"eld vs kin","46",0.0349385447983264,0.0339293220983859,1.45669518748182,1.46942481739206,-2.03340292398519,-1.63584599909771,0.392200585799532,0.39350452628272,"TSS_more_sig"
-0.4,"eld vs kin","47",0.0229336783104704,0.00260289618492432,1.63952628361176,2.58454315314071,2.29522287038191,2.79855388060215,0.530706363175003,0.540682432034197,"TSS_more_sig"
-0.4,"eld vs kin","55",0.0196922882337658,0.0019243690282877,1.70570381613421,2.7157116414556,2.00390674114413,2.45847904336775,0.413960324656076,0.419759115279786,"TSS_more_sig"
-0.4,"eld vs kin","57",0.00519863513469076,0.000984059573592523,2.28411066238004,3.00697860919128,-2.8531167883172,-2.47595029253376,0.48257953388692,0.476966069547947,"TSS_more_sig"
-0.4,"eld vs kin","61",0.0385261005865947,0.00644411165014124,1.41424494581246,2.19083694363764,1.68316698232522,2.09582124672222,0.358770499010131,0.354673011447193,"TSS_more_sig"
-0.4,"eld vs kin","62",0.00797082912183983,0.00780541463209047,2.09849650114951,2.1076040217949,-2.12156058909282,-1.69951347995948,0.319569935800885,0.317541411622216,"TSS_more_sig"
-0.4,"eld vs kin","65",3.25975983029644e-06,6.63003997884724e-06,5.48681439631835,5.17848385281085,-3.15668541744548,-2.75696828365275,0.368273739723297,0.362895344087868,"CLR_more_sig"
-0.4,"eld vs kin","67",1.09673034542901e-12,3.17780524117239e-13,11.959900139871,12.4978727230116,-5.92309343695019,-5.43055164446922,0.566782247860814,0.561294202048279,"TSS_more_sig"
-0.4,"eld vs kin","68",0.0144539182474233,0.0117741384488066,1.84001440601717,1.92907086174627,-2.14620665521465,-1.75455453520142,0.379482490492541,0.385006562069175,"TSS_more_sig"
-0.4,"eld vs kin","70",0.0344873222753424,0.0213126088556164,1.4623405245711,1.67136338546881,2.05787948451871,2.44752637335209,0.503772680031322,0.509535198683227,"TSS_more_sig"
-0.4,"eld vs kin","74",4.28274014192968e-06,1.07492954993467e-06,5.36827827590689,5.96861999814579,3.32746845926856,3.68349892852714,0.504268808466486,0.49046446648092,"TSS_more_sig"
-0.4,"eld vs kin","77",0.0065270943367121,0.00531829065403438,2.18528011035942,2.27422793139071,1.84953307961947,2.26043794136195,0.367021811553384,0.366872113595061,"TSS_more_sig"
-0.4,"eld vs kin","79",4.22134905985147e-07,5.02366790457034e-08,6.37454873491037,7.29897907786553,-4.22864309249505,-3.81008185772395,0.484739662207354,0.486661648619605,"TSS_more_sig"
-0.4,"eld vs kin","80",0.00649905562688366,0.000430859966273865,2.18714974579255,3.36566385688416,1.96833952440496,2.40774886722727,0.350649687816214,0.350462129228473,"TSS_more_sig"
-0.4,"eld vs kin","81",0.0327819364461739,0.03257870508638,1.48436539600504,1.4870661816916,-1.90262097010266,-1.4780424548136,0.309296417472302,0.311107509739378,"TSS_more_sig"
-0.4,"eld vs kin","82",1.6624375847748e-06,1.89851505290213e-05,5.77925465104545,4.72158595508651,-4.32205566333195,-3.78794142913515,0.596492444413561,0.596502804804227,"CLR_more_sig"
-0.4,"eld vs kin","83",1.84047031474961e-05,1.10639049183505e-06,4.73507118296842,5.95609156514867,-3.87058828615932,-3.53140328312433,0.526619388573672,0.522823961341666,"TSS_more_sig"
-0.4,"eld vs kin","84",7.52585787692631e-08,1.93651146581839e-07,7.12344398743118,6.71297992727231,-4.27398198327241,-3.80052666150453,0.480367173746516,0.481589359270386,"CLR_more_sig"
-0.4,"eld vs kin","85",0.00154561609805597,0.00209863834309056,2.81089836759753,2.67806239664048,-2.76861624247657,-2.32228868216075,0.487765531977101,0.484392978879582,"CLR_more_sig"
-0.4,"eld vs kin","87",0.000161544722487773,0.000149259871668572,3.79170722540169,3.82605693611543,-3.26264293982272,-2.95942388509616,0.524563748642188,0.523230845038525,"TSS_more_sig"
-0.4,"eld vs kin","88",0.0164975014324294,0.0117277447810775,1.78258182525733,1.93078549370702,-2.85921328637771,-2.38090872429448,0.603156425295566,0.602359262537788,"TSS_more_sig"
-0.4,"eld vs kin","89",4.92011895323674e-13,8.05679456752064e-14,12.3080243972103,13.0938377098733,4.39012480082527,4.84326242936279,0.435337959509925,0.442777206355017,"TSS_more_sig"
-0.4,"eld vs kin","91",5.79111880648032e-07,1.58249614532786e-07,6.2372375252981,6.80065733917151,-4.74465139724194,-4.31645542934522,0.580725969977914,0.584672329432655,"TSS_more_sig"
-0.4,"eld vs kin","93",0.0306437718823856,0.0203719425072856,1.51365777928465,1.69096755813909,-2.2384746032029,-1.83219795940013,0.465645173236689,0.456275853582044,"TSS_more_sig"
-0.4,"eld vs kin","97",0.0405039935889977,0.0485754963553465,1.39250215436166,1.31358275298682,-1.89025985865932,-1.47663270041495,0.361907737671182,0.370695221939658,"CLR_more_sig"
-0.4,"eld vs kin","100",2.98941123834913e-06,2.60911832447837e-06,5.52441433713176,5.58350622503823,-4.18274819516627,-3.7104678643804,0.55449044985633,0.563018882338549,"TSS_more_sig"
-0.4,"eld vs kin","102",0.000376760289813167,0.000397217383309315,3.42393487770463,3.40097175385713,-3.38008855086703,-2.85591212718788,0.540649841555327,0.54334788616841,"CLR_more_sig"
-0.4,"eld vs kin","108",0.0046598322742661,0.00707252186032951,2.33162971499919,2.15042570151596,-3.23685887950761,-2.78675105481866,0.653589852543714,0.648676008426052,"CLR_more_sig"
-0.4,"eld vs kin","110",0.0023914360174777,0.00123595454339006,2.62134123412218,2.90799750167268,-2.86929607733877,-2.49464730214757,0.525434944391605,0.531157232219192,"TSS_more_sig"
-0.4,"eld vs kin","111",9.31778631586641e-07,1.84966889324386e-06,6.03068725341819,5.73290600711422,-3.71233721684683,-3.26781469579356,0.464291841477413,0.452719636418023,"CLR_more_sig"
-0.4,"eld vs kin","115",0.00862050495730596,0.00198598333205176,2.06446729406525,2.7020244007693,-3.14809562307807,-2.6342637639504,0.563438610684038,0.570826300523324,"TSS_more_sig"
-0.4,"eld vs kin","118",0.000630398261304796,0.000365195679487833,3.20038499334016,3.43747436910513,-2.6490030426152,-2.27458011227569,0.384666187100639,0.39847614837696,"TSS_more_sig"
-0.4,"eld vs kin","119",0.00328812328248943,0.000738479016787323,2.48305190770706,3.13166184026123,1.96515266266673,2.36983714339407,0.315682747001962,0.317671794668478,"TSS_more_sig"
-0.4,"eld vs kin","121",8.12497615622964e-09,1.81908805106239e-08,8.09017790483932,7.74014627885569,4.13226853319424,4.56821439331836,0.497081657653938,0.498277395134133,"CLR_more_sig"
-0.4,"eld vs kin","124",0.0161458519360708,0.000642244051815154,1.79193903448869,3.19229990928944,2.04160996000523,2.44705701969457,0.424508915848709,0.42965262164501,"TSS_more_sig"
-0.4,"eld vs kin","125",0.0118097408177182,0.000945212497586094,1.92775963351857,3.02447054476629,2.49062421320229,2.93320391293311,0.537224930178356,0.532251354751245,"TSS_more_sig"
-0.4,"eld vs kin","126",0.0185336544648518,0.0144070388864999,1.73203893807799,1.84142527160802,-2.52205647048302,-2.1365814661296,0.527849426795124,0.531619634346942,"TSS_more_sig"
-0.4,"eld vs kin","128",0.00203080460973005,0.00499631847643795,2.69233185945984,2.30134988652061,-3.12919212737195,-2.66860139401097,0.580494263447999,0.581332247397445,"CLR_more_sig"
-0.4,"eld vs kin","130",0.000876193694140519,0.0001548750199329,3.05739987671118,3.81001862472082,-3.69233823626513,-3.30636561295793,0.586062897721999,0.581684854665869,"TSS_more_sig"
-0.4,"eld vs kin","133",0.00103521300778531,0.00120845240307091,2.98497027959086,2.91777045033762,-2.99641928199491,-2.52367098676713,0.487875863710496,0.496351266441224,"CLR_more_sig"
-0.4,"eld vs kin","138",7.6801630299646e-07,8.24078564229022e-09,6.11462956092389,8.08403138249626,3.48963743589725,3.89540784211415,0.45364836924976,0.440112581381018,"TSS_more_sig"
-0.4,"eld vs kin","139",2.30967337561554e-07,4.829173750022e-07,6.6364494318816,6.3161271687313,-4.40290010539394,-3.91983433659431,0.530726907438947,0.529944871329703,"CLR_more_sig"
-0.4,"eld vs kin","145",0.0297326098859579,0.0291259574890336,1.52676696737354,1.53571978870005,-2.75897165114448,-2.33311471695501,0.548987710966499,0.537349451287095,"TSS_more_sig"
-0.4,"eld vs kin","147",0.00129514416882751,0.000622192602368596,2.88768188545044,3.20607515679144,-3.29029192699109,-2.94196171731159,0.56783690853639,0.562916403054139,"TSS_more_sig"
-0.4,"eld vs kin","150",0.00583765347139369,0.00367064793634202,2.23376168871221,2.43525726808012,-2.26902396465255,-1.86218194545371,0.400313850905399,0.405832569196082,"TSS_more_sig"
-0.4,"eld vs kin","151",4.81473694653298e-13,3.56089466481307e-13,12.3174274355986,12.4484408730449,4.94951827684655,5.34228153656783,0.491029652361394,0.481521191023296,"TSS_more_sig"
-0.4,"eld vs kin","162",0.00138161954917545,0.0103526482722509,2.85961153036318,1.98494854074742,-3.18166051963074,-2.75004372733021,0.611594476595195,0.59642099437174,"CLR_more_sig"
-0.4,"eld vs kin","163",0.00236170564940905,0.00152813561940475,2.62677423153342,2.81583810116251,-3.28693689608596,-2.86509564526623,0.586593221042717,0.582042207027383,"TSS_more_sig"
-0.4,"eld vs kin","164",0.000449080049603963,3.47958469997703e-05,3.34767623805544,4.45847258745322,2.7323063472086,3.17527079157442,0.457137306139786,0.462548749591906,"TSS_more_sig"
-0.4,"eld vs kin","169",1.89262457283726e-05,1.0674136381363e-05,4.72293552555825,4.97166725260092,-3.87181852825222,-3.46562746555101,0.519988176264645,0.532305469204203,"TSS_more_sig"
-0.4,"eld vs kin","172",0.000133790510791356,0.000413798994491394,3.87357468819073,3.38321056898051,-3.27011647267851,-2.81038983918769,0.465897008824103,0.453006275556117,"CLR_more_sig"
-0.4,"eld vs kin","175",0.036855327600979,0.0170079460658147,1.43349972407446,1.76934813001717,-2.47025880547728,-2.08047541865044,0.565368359897056,0.570303797453306,"TSS_more_sig"
-0.4,"eld vs kin","181",0.000457154619744595,0.00423468441219066,3.33993688714087,2.3731789497137,-2.9336995303188,-2.55800862176862,0.49400080822568,0.498360704368998,"CLR_more_sig"
-0.4,"eld vs kin","200",0.0160324620482702,0.0131223191120962,1.79499977946289,1.88198940515993,-2.62618568742534,-2.2309607516536,0.523320119981666,0.532819046744207,"TSS_more_sig"
-0.4,"eld vs kin","203",0.00201583014959365,0.00281340725371595,2.69554606359645,2.5507673971488,-2.65825685743291,-2.17013026479846,0.440546073103858,0.440911746333637,"CLR_more_sig"
-0.4,"eld vs kin","206",0.0495608996037895,0.00294183561440041,1.30486081913585,2.53138159868986,2.31419736002306,2.64113971911487,0.536129433269343,0.543642624423904,"TSS_more_sig"
-0.4,"eld vs kin","207",6.21297131125178e-05,1.79557289555027e-07,4.20670065176171,6.74579695896308,2.98754034582738,3.54197922790772,0.454670285118068,0.46754824651168,"TSS_more_sig"
-0.4,"eld vs kin","216",0.00196242713524999,0.00164872665012816,2.70720645959995,2.78285134203985,-2.75293714659798,-2.44201421306025,0.519859348099409,0.51484433055869,"TSS_more_sig"
-0.4,"eld vs kin","222",0.00089096927508476,0.00012708765824715,3.05013727227201,3.89589662265929,2.76502124859597,3.2056758006556,0.513996587576238,0.495677348207921,"TSS_more_sig"
-0.4,"eld vs kin","246",0.000823808838208348,0.00199372698095644,3.08417355303932,2.70033431381884,2.44152189522273,2.92923459608725,0.472503760962265,0.483599295305307,"CLR_more_sig"
-0.4,"eld vs kin","251",0.00835517752828407,0.00149895350153699,2.07804431791481,2.82421183902571,-3.34107779883496,-2.83398640032079,0.597035252011251,0.585786221879664,"TSS_more_sig"
-0.4,"eld vs kin","252",0.00844371804702023,0.00566030505892512,2.07346627710144,2.24716016212663,-2.81611864335578,-2.48712084679463,0.482557970733358,0.481296048763667,"TSS_more_sig"
-0.4,"eld vs kin","255",0.00627255866028334,0.0457454785645592,2.20255526851981,1.33965182469045,-2.5426628131544,-2.30382544047174,0.576372155365249,0.571734452362758,"CLR_more_sig"
-0.4,"eld vs kin","265",0.0312678740581955,0.00116622778660292,1.50490164597745,2.93321661526915,2.16007937742314,2.65920243401616,0.479231016341779,0.488470887102979,"TSS_more_sig"
-0.4,"eld vs kin","267",0.000108327646624135,0.00153400955000785,3.96526069162923,2.81417193666944,-3.69943237106116,-3.19922590423268,0.614187229781914,0.610938091076471,"CLR_more_sig"
-0.4,"eld vs kin","282",7.73932046808804e-05,2.87802210837376e-05,4.11129716979712,4.54090587422573,-3.44057307446188,-3.04175497055475,0.468204520905231,0.47483226707697,"TSS_more_sig"
-0.4,"eld vs kin","294",0.0346276272351888,0.000120705848172204,1.46057726628967,3.91827168791931,2.09023698658424,2.63457650645964,0.43866868765128,0.438327831042962,"TSS_more_sig"
-0.4,"eld vs kin","329",0.0263796233840263,0.000479076697851648,1.57873140907042,3.3195949525828,2.1814886686551,2.63126957193728,0.437949405168483,0.433212051315795,"TSS_more_sig"
-0.4,"eld vs kin","344",0.000135234830012199,3.23847232113348e-05,3.8689114405393,4.48965981046137,2.58139603843336,2.93304990839862,0.409351629406527,0.408252565871167,"TSS_more_sig"
-0.4,"eld vs kin","349",0.00248648053447247,0.00842478008181386,2.60441493631283,2.07444142701464,-2.7281046525406,-2.25256039310094,0.495009459050633,0.491995537217326,"CLR_more_sig"
-0.4,"eld vs kin","363",0.0316111017356971,0.00513663242309878,1.50016036751393,2.28932151123333,-2.75504139350857,-2.42181011577494,0.48691373308586,0.505941559645618,"TSS_more_sig"
-0.4,"eld vs kin","435",0.0131858562840231,0.00497738165498459,1.87989166205173,2.30299905720676,2.37011324454722,2.68067591027303,0.558381456935201,0.548369751989863,"TSS_more_sig"
-0.4,"eld vs kin","473",0.000758003331755172,0.00138131963922682,3.12032888545013,2.85970581346345,-3.19889283394924,-2.78133754932522,0.537527069539471,0.532988307664004,"CLR_more_sig"
-0.4,"eld vs kin","614",0.00014504712343846,0.000253154805572103,3.83849087966512,3.59661382409923,-3.35976967904447,-2.84568504976928,0.494465996216793,0.48828530507103,"CLR_more_sig"
-0.4,"eld vs kin","616",0.000142977451895374,3.53858828152332e-05,3.84473244707714,4.45116996504384,-3.17455241956175,-2.6776294750259,0.439973187753284,0.4316522840169,"TSS_more_sig"
-0.4,"eld vs kin","666",1.04851554753408e-10,7.27454391632095e-10,9.97942512537203,9.13819422994813,-4.38783461702533,-3.89116716959384,0.426807582106282,0.416658515127792,"CLR_more_sig"
-0.4,"eld vs kin","728",1.3524407276344e-10,2.51520138487927e-11,9.86888175929007,10.5994272365165,3.65858003001382,4.04237183470404,0.384431835417366,0.376322241421346,"TSS_more_sig"
-0.4,"eld vs kin","744",1.29670322274024e-05,1.91314210296132e-07,4.88715940978682,6.71825277056867,-4.07567678449951,-3.76986874409286,0.514741745412138,0.521182516723102,"TSS_more_sig"
-0.4,"eld vs kin","753",0.0364128896217317,0.0443833443373112,1.43874485534298,1.35277997626991,-2.47083882671686,-2.18374098317341,0.573460120886658,0.571082468958426,"CLR_more_sig"
-0.4,"eld vs kin","757",0.0325370667458394,0.0114803781523076,1.48762160178379,1.94004380647152,-2.4058402851018,-2.04272003509939,0.44402598975773,0.450366284045531,"TSS_more_sig"
-0.4,"eld vs kin","770",0.000191668707035519,0.000110636499467855,3.71744878681499,3.95610157373248,-3.05821090748967,-2.66026904781292,0.428307440956658,0.433146784803768,"TSS_more_sig"
-0.4,"eld vs kin","786",9.5951938523118e-08,7.81321872823595e-08,7.01794624676083,7.1071700176031,-4.25705374043823,-3.91812550927495,0.511113295953507,0.507748073558339,"TSS_more_sig"
-0.4,"eld vs kin","849",1.03178824823028e-05,1.05618771458759e-05,4.98640942292308,4.9762588884645,-3.26797632437217,-2.84858053831649,0.43555537309768,0.43146626484239,"CLR_more_sig"
-0.4,"eld vs kin","854",0.000209970504152124,3.79771093585734e-06,3.67784170899785,5.42047809482272,2.7651752260466,3.23412789782915,0.458035511262345,0.460329667750478,"TSS_more_sig"
-0.4,"eld vs kin","875",0.00320998921088019,0.0235152931204705,2.49349642730325,1.6286496033602,-2.90395066651281,-2.36265980356321,0.559218408359224,0.554624207468222,"CLR_more_sig"
-0.4,"eld vs kin","877",0.0160887303389914,0.0468433516855972,1.79347822740668,1.32935203831182,-2.73878419700567,-2.31345187585621,0.571183791289455,0.571150554068955,"CLR_more_sig"
-0.4,"eld vs kin","879",0.000225925375929533,5.05577696216529e-05,3.64603498640045,4.29621209339605,-3.02450740266831,-2.65798655745455,0.412424864734057,0.417321398149305,"TSS_more_sig"
-0.4,"eld vs kin","886",1.1522012050434e-08,2.66340557365531e-08,7.93847167489718,7.57456269575071,4.21772555854764,4.48692687598961,0.525982040025386,0.518418475550128,"CLR_more_sig"
-0.4,"eld vs kin","888",0.00333454626527344,0.000764556766134034,2.47696325257024,3.11659026394227,2.26455582662681,2.73848356563807,0.43801290602947,0.451464101287149,"TSS_more_sig"
-0.4,"eld vs kin","891",3.0001048101487e-05,0.00116970112093631,4.5228635727223,2.9319250939034,-3.89773048349571,-3.46984710047168,0.578801829812538,0.574139467496921,"CLR_more_sig"
-0.4,"eld vs kin","895",0.00601481863489813,7.38224933949592e-05,2.22077746342812,4.13181129035975,-3.66596079069909,-3.16565735706041,0.504954599253976,0.513663897795073,"TSS_more_sig"
-0.4,"eld vs kin","903",0.0398515440659337,0.041358242085986,1.39955484700755,1.38343792901907,-2.40617171981698,-2.06025282481238,0.525713471866783,0.537681138885506,"CLR_more_sig"
-0.4,"eld vs kin","914",0.000894062477506788,0.000139359434831435,3.04863213144081,3.85586362360282,-3.32561636319962,-2.91260829773403,0.571293974146038,0.559835660547694,"TSS_more_sig"
-0.4,"eld vs kin","917",0.00588149833241671,0.00729227211060535,2.23051202177976,2.13713713404758,-2.73487066363182,-2.2514922077747,0.53767999137083,0.528743319763632,"CLR_more_sig"
-0.4,"eld vs kin","935",0.013316461271669,0.00117340214116373,1.87561116963801,2.93055312364078,-2.94399597999721,-2.61325141180492,0.540051922554222,0.53274101464955,"TSS_more_sig"
-0.4,"eld vs kin","944",0.0339754867494361,0.0090089543368726,1.46883431263579,2.04532561435725,1.50744157322267,1.91317077055914,0.289674621361988,0.296886413951959,"TSS_more_sig"
-0.4,"eld vs kin","947",8.38822812600468e-09,1.34364739050503e-10,8.07632976698616,9.87171468697396,3.77081192560612,4.13503764912804,0.420840316959867,0.433325398242435,"TSS_more_sig"
-0.4,"eld vs kin","965",0.00271108185013222,0.0199484956130427,2.56685737045929,1.70008985043283,-3.21445301934699,-2.77897251497043,0.59791786599243,0.605191760501186,"CLR_more_sig"
-0.4,"eld vs kin","978",3.42774964713038e-22,9.96448039065552e-24,21.464990905197,23.0015453431607,5.54408538846459,5.95399571209157,0.407938092263586,0.406157881833792,"TSS_more_sig"
-0.4,"eld vs kin","984",4.71127505105498e-10,2.28862504548989e-14,9.32686154028131,13.6404253536834,4.34808720618243,4.9116592893283,0.419484851954696,0.42769176543036,"TSS_more_sig"
-0.4,"eld vs kin","988",0.00745091447775133,0.000669876239214378,2.12779042144389,3.17400542653953,2.63386758528077,3.09652024111814,0.520144742009937,0.523230122911386,"TSS_more_sig"
-0.4,"eld vs kin","991",2.87662067796889e-07,8.28487292207176e-06,6.54111740203944,5.08171414864069,-4.27077613524071,-3.85482732578053,0.582252921674262,0.571820351396609,"CLR_more_sig"
-0.4,"eld vs kin","1000",0.00852079767369436,0.0112362816098074,2.06951974689198,1.9493773848093,-2.68523650407967,-2.32150408503901,0.560219481270078,0.56793584064932,"CLR_more_sig"
-0.4,"eld vs kin","1014",6.63042044840887e-10,6.90436054685295e-08,9.17845893122806,7.1608765377708,-4.84149542097552,-4.34020445576319,0.517514149972958,0.516490927929938,"CLR_more_sig"
-0.4,"eld vs kin","1020",0.0308476091434695,0.0122792888836145,1.51077849049737,1.91082678326526,1.81788163822467,2.14069021586703,0.413381803541252,0.411153061894681,"TSS_more_sig"
-0.4,"eld vs kin","1021",3.51036059637543e-07,1.84010786903191e-07,6.45464826901216,6.73515671745123,-4.27586994379592,-3.92473757648927,0.55655633588921,0.549613353347988,"TSS_more_sig"
-0.4,"eld vs kin","1030",2.43757176127152e-09,8.71074192681652e-10,8.61304258996154,9.05994485291428,3.61895215264961,4.00838044063294,0.427804540643358,0.433804105270048,"TSS_more_sig"
-0.4,"eld vs kin","1047",0.0037747043960911,0.0013963943821121,2.42311705308728,2.85499190708116,-2.19033237235131,-1.77844172936343,0.291729783402626,0.291173963278383,"TSS_more_sig"
-0.4,"eld vs kin","1074",5.47928850812088e-15,3.11046449205231e-17,14.2612758314897,16.5071747520431,4.59030629057114,4.92070746181892,0.397249277410859,0.383836894006441,"TSS_more_sig"
-0.4,"eld vs kin","1076",8.84130267023395e-11,1.99790350518688e-10,10.0534837416821,9.69942549117353,4.01863878807754,4.52153341519817,0.411752931289723,0.436381800149307,"CLR_more_sig"
-0.4,"eld vs kin","1079",0.00057135694353686,0.000770949510978738,3.24309249039518,3.11297406270301,-2.9069806963501,-2.54676947106472,0.497955932048227,0.50350968977244,"CLR_more_sig"
-0.4,"eld vs kin","1082",0.0031314995184226,0.0063889921045119,2.50424765075061,2.19456764856672,2.47718719091165,2.87785501341617,0.497825217847427,0.485582915834135,"CLR_more_sig"
-0.4,"eld vs kin","1089",5.89956213935238e-07,2.66209608603158e-08,6.22918022014086,7.57477627309868,2.49731918403476,2.90936059953319,0.289456759712363,0.289652205604971,"TSS_more_sig"
-0.4,"eld vs kin","1092",0.0397983632573318,0.027828923307464,1.40013478830133,1.55550359606167,-2.13564723148094,-1.74838533133403,0.418449603629394,0.415107232101997,"TSS_more_sig"
-0.4,"eld vs kin","1098",6.50829732787883e-26,3.53393192180002e-25,25.1865326147844,24.4517418210634,6.43661367296994,6.8810055725584,0.434433785912991,0.440996386667848,"CLR_more_sig"
-0.4,"eld vs kin","1101",0.00204281313593328,0.00433763670880112,2.68977135815691,2.36274682437575,-3.2025953352426,-2.77690268330475,0.584182897956333,0.590197901296021,"CLR_more_sig"
-0.4,"eld vs kin","1104",0.00154916190378509,0.000135898281492968,2.80990319150738,3.86678603512063,-3.16336083536396,-2.85795755197374,0.46598646904159,0.47859738285587,"TSS_more_sig"
-0.4,"eld vs kin","1105",5.95505200706725e-10,2.8692015985321e-10,9.22511444135439,9.54223893587596,-5.03452678361877,-4.61630279758462,0.510532100704912,0.498365569258144,"TSS_more_sig"
-0.4,"eld vs kin","1108",0.0380968652530945,0.0267867202285893,1.41911075816407,1.57208045824036,1.95577610570573,2.36355122702214,0.441225206124159,0.438002504210068,"TSS_more_sig"
-0.4,"eld vs kin","1112",3.91366235937694e-05,2.73648811302265e-06,4.40741664464239,5.56280643404071,-4.10399927359804,-3.68803557763783,0.53744612940681,0.528544743331436,"TSS_more_sig"
-0.3,"cent vs mage","4",1.52670209624595e-06,0.0033296429359412,5.81624569809642,2.47760233684349,1.57883248682401,1.68307390911633,0.182890216923442,0.182851542466485,"CLR_more_sig"
-0.3,"cent vs mage","7",9.90454782816944e-10,3.87003679016685e-08,9.00416534649731,7.41228490637889,3.53681797023504,3.65870748277221,0.416002684425268,0.415714518876391,"CLR_more_sig"
-0.3,"cent vs mage","12",0.0017476430852173,0.00775553707480407,2.7575472570264,2.11038812169985,-1.99311708648119,-1.88347059454224,0.351867348893293,0.350912421072928,"CLR_more_sig"
-0.3,"cent vs mage","14",3.74019247715565e-07,0.000150101520100829,6.4271060476349,3.82361490956846,2.07471824653454,2.18134622005221,0.259599180959993,0.25910292106907,"CLR_more_sig"
-0.3,"cent vs mage","19",0.00113324093477989,0.0191491966317996,2.94567774634015,1.71784944131389,1.89082344769421,1.98918553556427,0.345204319728283,0.346518577541996,"CLR_more_sig"
-0.3,"cent vs mage","20",1.36707060957525e-06,0.000360962527682976,5.8642090534227,3.44253788082343,2.05554139686943,2.15805500712062,0.26904994660026,0.268453130934551,"CLR_more_sig"
-0.3,"cent vs mage","21",2.79015898312784e-08,2.23758060739807e-05,7.55437104994217,4.65022131055166,2.22924897607473,2.34502542504628,0.260919593836033,0.261128489849244,"CLR_more_sig"
-0.3,"cent vs mage","22",8.4889826711091e-05,0.000669711472353892,4.07114435295942,3.17411226140828,-2.2327085177039,-2.12515210622247,0.322316174319697,0.322154121686362,"CLR_more_sig"
-0.3,"cent vs mage","24",2.04772331025898e-08,2.40159733020501e-07,7.68872872589237,6.61949980789472,3.85543760362245,3.96509943847579,0.48909877838465,0.493920519013938,"CLR_more_sig"
-0.3,"cent vs mage","26",4.71625178884418e-05,0.0003248771984887,4.32640301706579,3.48828076855048,2.44753977820652,2.57539118470204,0.376263973497241,0.374773404001041,"CLR_more_sig"
-0.3,"cent vs mage","32",0.000390733415720356,0.0327390322469705,3.40811944610208,1.48493416230991,1.51219170561473,1.6299166787613,0.229431039835825,0.230876412368913,"CLR_more_sig"
-0.3,"cent vs mage","33",0.0099410981469679,0.033204333818017,2.00256563845722,1.47880522863283,-1.85270067314697,-1.77705324657414,0.391000047262042,0.393827987994124,"CLR_more_sig"
-0.3,"cent vs mage","39",6.99801260024527e-07,2.1586231172886e-05,6.15502527988511,4.66582317627145,2.96242529273035,3.06857534021164,0.417459440357096,0.417739729969843,"CLR_more_sig"
-0.3,"cent vs mage","42",2.77219749214064e-06,0.000100979768434196,5.55717583369526,3.99576562955919,2.82935370310987,2.92794869762688,0.412866624064203,0.411467381111001,"CLR_more_sig"
-0.3,"cent vs mage","51",0.000140946526143731,0.00131639175753137,3.850945623554,2.880614845665,-2.3872231418901,-2.30140060682607,0.382214001869191,0.382697619907201,"CLR_more_sig"
-0.3,"cent vs mage","53",0.00111085062117745,0.00370441347796555,2.95434433778286,2.43128054435058,-2.28860431703592,-2.17612016924468,0.44292159070894,0.442765637926838,"CLR_more_sig"
-0.3,"cent vs mage","55",0.00188938921187655,0.0313341116043614,2.72367856872781,1.50398261405777,1.8573070295726,1.97179206647399,0.356210562470094,0.359421272196997,"CLR_more_sig"
-0.3,"cent vs mage","56",0.0001185542041309,0.000729673046247254,3.92608304060206,3.13687169606923,2.34918580095598,2.4653699002917,0.37472838646143,0.372450778485725,"CLR_more_sig"
-0.3,"cent vs mage","57",0.000246250190641736,0.00132900551235717,3.60862342460854,2.87647321771691,-2.59955176578465,-2.48070180428722,0.456909057988203,0.449427823301346,"CLR_more_sig"
-0.3,"cent vs mage","68",0.0155658180065593,0.0238185098200499,1.80782805156996,1.6230854131796,-1.70601801339643,-1.6477911495497,0.345216376026385,0.344611750193589,"CLR_more_sig"
-0.3,"cent vs mage","69",0.00201266104414826,0.0124781770189477,2.69622935926484,1.90384885763763,2.03253566084454,2.16542521981547,0.385350433375533,0.386011437584223,"CLR_more_sig"
-0.3,"cent vs mage","72",0.00338132876488107,0.017377418357014,2.47091260094904,1.76001474322584,-2.03541096168113,-1.95768465748702,0.390385411858741,0.38461285728274,"CLR_more_sig"
-0.3,"cent vs mage","90",0.0002055501208017,0.013749984140054,3.68708226364891,1.86169780277125,1.73593192896929,1.82905083950226,0.279002105426363,0.281702210838987,"CLR_more_sig"
-0.3,"cent vs mage","100",7.15357564705249e-05,0.00112296435020823,4.14547682594405,2.94963403069633,-3.43425924289073,-3.15636352137974,0.588539464782779,0.563803165858869,"CLR_more_sig"
-0.3,"cent vs mage","103",0.00833069300505258,0.0133483685497074,2.07931886945136,1.87457181094033,-2.13065525525213,-1.98842785571689,0.442412429073683,0.428252521297261,"CLR_more_sig"
-0.3,"cent vs mage","106",0.0001358820748256,0.00536103266044676,3.86683783037406,2.27075154696074,2.17829464528472,2.20082249560951,0.338506631550079,0.337955409310183,"CLR_more_sig"
-0.3,"cent vs mage","114",4.76219951204652e-10,1.81875962190902e-09,9.32219241381022,8.740224696086,-4.33077702937576,-4.19361898911416,0.488262860528744,0.487435577079647,"CLR_more_sig"
-0.3,"cent vs mage","124",0.00187480570079919,0.00700231367715884,2.72704373457264,2.15475843838563,-2.20238159313608,-2.14661913258339,0.414126510668449,0.42647268215401,"CLR_more_sig"
-0.3,"cent vs mage","132",5.07673764138516e-14,1.14478496127113e-11,13.2944152797395,10.9412760844194,-4.93111602330682,-4.8985183840312,0.492303101320681,0.48182703562822,"CLR_more_sig"
-0.3,"cent vs mage","142",0.00143735959195612,0.0033823019482298,2.84243456849357,2.47078762423784,2.98781971782887,3.13750022645211,0.540124197132119,0.533347695727112,"CLR_more_sig"
-0.3,"cent vs mage","143",8.41644732302921e-13,7.9506491089861e-11,12.0748711904003,10.0995974131117,-4.35193906109915,-4.330679368914,0.441636727296099,0.444267382857994,"CLR_more_sig"
-0.3,"cent vs mage","145",0.00254837965723465,0.0139286141012499,2.5937358703872,1.85609209377867,-2.35095869427201,-2.26215583455883,0.506619354833492,0.514141420425601,"CLR_more_sig"
-0.3,"cent vs mage","146",9.84827105511364e-05,0.00116579995615401,4.00664000677453,2.93337596535049,-2.6146866678958,-2.4321416954194,0.423358944784835,0.422131392388216,"CLR_more_sig"
-0.3,"cent vs mage","147",0.0124189471689553,0.00790272456354973,1.9059152204311,2.10222315441596,-2.29162746895181,-2.33267744996865,0.52184611912968,0.530249376374455,"TSS_more_sig"
-0.3,"cent vs mage","148",5.18538722176555e-06,0.000190687138654158,5.28521880687439,3.71967859798646,-3.25761628306665,-3.13789838486662,0.498972704096656,0.497719313168169,"CLR_more_sig"
-0.3,"cent vs mage","156",0.00674166500102674,0.0203603108376609,2.17123283173498,1.69121559597917,-2.08749821807242,-1.97235453819669,0.430980072319373,0.432068593979818,"CLR_more_sig"
-0.3,"cent vs mage","168",1.54080046968698e-05,0.00203210222835116,4.81225359783219,2.69205444791762,2.9457574844495,3.13612947723836,0.4483585896166,0.445281071672811,"CLR_more_sig"
-0.3,"cent vs mage","169",1.35431627557417e-05,3.71595299064638e-05,4.86827990234452,4.42992978876667,-3.0307034867446,-2.90700466901162,0.439477599629584,0.436534513597518,"CLR_more_sig"
-0.3,"cent vs mage","173",0.00767969716591669,0.00889141603804208,2.11465590519823,2.05102906821596,-2.73784314437365,-2.52248406839486,0.503410952016559,0.488706992499965,"CLR_more_sig"
-0.3,"cent vs mage","186",0.0162150712563003,0.0137873023597415,1.79008113850195,1.86052070009582,-2.22942968583903,-2.14176911878831,0.518051646580535,0.529273333588942,"TSS_more_sig"
-0.3,"cent vs mage","191",0.00147905083407131,0.00476950878384855,2.83001689931124,2.32152634704988,-2.5974873033995,-2.41356305468542,0.478112214146976,0.460349066072688,"CLR_more_sig"
-0.3,"cent vs mage","192",0.0370915478724452,0.0441645388556093,1.43072504269094,1.35492629989276,-1.88553876939963,-1.77956696546471,0.462355774725804,0.457610742937776,"CLR_more_sig"
-0.3,"cent vs mage","194",0.00356896088444969,0.00520542942531709,2.44745821185402,2.28354343726722,-2.41431098947848,-2.34845302263248,0.485756822340556,0.481700936966162,"CLR_more_sig"
-0.3,"cent vs mage","199",0.0160827467714036,0.0126625201582448,1.79363977612305,1.89747985025101,-2.21193004304129,-2.17237864047067,0.485779228408912,0.480708389552116,"TSS_more_sig"
-0.3,"cent vs mage","210",1.49847726819511e-14,1.88950232774913e-11,13.824349840888,10.7236525687229,-4.9498926736653,-4.84076190140616,0.462429112958186,0.466891067065033,"CLR_more_sig"
-0.3,"cent vs mage","219",2.90980968660481e-10,2.1366521627383e-10,9.53613541471175,9.67026617324957,-4.39738966113815,-4.26424356160343,0.467542684236176,0.458756873942712,"TSS_more_sig"
-0.3,"cent vs mage","242",0.0147515600001972,0.0102565992140379,1.83116204994664,1.98899661460488,-2.17972620331763,-2.15350931321775,0.436823574927185,0.444851769468676,"TSS_more_sig"
-0.3,"cent vs mage","255",0.00877324321152885,0.0029380597195584,2.05683983097874,2.53193938090414,-2.61203856192712,-2.50421847479522,0.530895588972975,0.528107119098545,"TSS_more_sig"
-0.3,"cent vs mage","269",0.0021611159695953,0.00605542498115683,2.66532192742312,2.2178553718447,-2.0451049265549,-1.91637083319467,0.345675423519532,0.346537856092416,"CLR_more_sig"
-0.3,"cent vs mage","274",0.0157629856079371,0.00219771621388602,1.8023615209677,2.65802838775433,-2.51424028502514,-2.41126045290966,0.496545628602628,0.507447565962256,"TSS_more_sig"
-0.3,"cent vs mage","287",0.000401284071689399,0.000604632788246716,3.39654807852853,3.21850830544051,-2.43936947080531,-2.48144592815754,0.432524114471597,0.446864948635441,"CLR_more_sig"
-0.3,"cent vs mage","289",1.40739442674021e-05,0.000407242433966599,4.85158417310454,3.39014697556968,-3.07994406626118,-3.02088615359765,0.477230845225299,0.490243767812125,"CLR_more_sig"
-0.3,"cent vs mage","293",0.00877154442144305,0.0135671613262972,2.05692393289869,1.86751101079924,-2.11179511050708,-2.11079376271836,0.461615725257923,0.468090664945103,"CLR_more_sig"
-0.3,"cent vs mage","294",0.000647992249904242,0.00246452529641768,3.18843018833303,2.60826671979441,2.26817605083253,2.41924013943938,0.388467745007173,0.388236020112747,"CLR_more_sig"
-0.3,"cent vs mage","298",0.00710981739713615,0.0491027912330651,2.14814155319914,1.30889381983908,-2.15186980807527,-2.06027597852303,0.498437223980578,0.495819629387368,"CLR_more_sig"
-0.3,"cent vs mage","310",0.0099090499638325,0.0462054572542112,2.00396798176532,1.33530672757325,-2.07024467324115,-1.96864276769909,0.450412279471358,0.460704305477329,"CLR_more_sig"
-0.3,"cent vs mage","328",0.00530968875942137,0.0231682864467782,2.27493093542087,1.63510608594366,-2.12014160131227,-1.99505755521771,0.468245743518352,0.461935135753137,"CLR_more_sig"
-0.3,"cent vs mage","337",0.013130900599078,0.0192322385057147,1.88170548626416,1.71597016380623,-2.1338769944658,-2.27294163865545,0.466478618245846,0.482436365515686,"CLR_more_sig"
-0.3,"cent vs mage","339",0.00992634815757918,0.0490710476892857,2.00321049638998,1.30917466953451,-2.15177618486743,-2.07864003558664,0.462668266047577,0.473584435414709,"CLR_more_sig"
-0.3,"cent vs mage","353",1.51907257497576e-09,2.22299787548014e-08,8.81842147685574,7.6530609523562,-3.92105783074492,-3.74373296578454,0.456360552837767,0.446184848915367,"CLR_more_sig"
-0.3,"cent vs mage","362",0.00706876976126814,0.0384789534975924,2.15065616362646,1.41477674787126,-2.05654273298697,-1.93753380157499,0.429941565142265,0.430971646151547,"CLR_more_sig"
-0.3,"cent vs mage","363",0.000188114886665283,0.00206377040175913,3.72557683474859,2.68533862041474,-2.62518944340619,-2.42606392674654,0.445263788492144,0.427804644276632,"CLR_more_sig"
-0.3,"cent vs mage","372",0.00184233684116985,0.00177419474655121,2.734630963234,2.75099871104853,-2.64431343300495,-2.53172889066408,0.469922842895531,0.47090472254628,"TSS_more_sig"
-0.3,"cent vs mage","381",0.0197542946749404,0.00690488463945507,1.70433847214552,2.16084357282273,-2.31597271928116,-2.25175704494094,0.494291014483208,0.503278534810538,"TSS_more_sig"
-0.3,"cent vs mage","400",0.0360959005098961,0.0441093576825396,1.44254211906465,1.35546926634219,-2.05356921197324,-1.99291468235247,0.43266889008503,0.433965398509371,"CLR_more_sig"
-0.3,"cent vs mage","401",0.00162724233630293,0.00176841090545284,2.78854776514431,2.75241681554665,-2.48787035349121,-2.40666129104725,0.428349670989924,0.431751357307695,"CLR_more_sig"
-0.3,"cent vs mage","404",0.0243866983880973,0.0248092916483555,1.61284699299866,1.60538563546992,-2.0749860279739,-1.95247902889304,0.473525296381689,0.458650961269634,"CLR_more_sig"
-0.3,"cent vs mage","409",0.0147338396204887,0.00952406371691065,1.83168406179998,2.0211777077852,-2.36322351488178,-2.3143262960438,0.49139614643629,0.474401907325635,"TSS_more_sig"
-0.3,"cent vs mage","431",0.00987256512665537,0.00842898682441852,2.00556999265814,2.07422462502039,-2.24753925067117,-2.1839630689932,0.455159641496044,0.451088974146575,"TSS_more_sig"
-0.3,"cent vs mage","433",0.00726794137949019,0.00586328823982331,2.13858858420751,2.2318587553312,-2.39094211839211,-2.31113790307724,0.449747621914569,0.455806340785607,"TSS_more_sig"
-0.3,"cent vs mage","451",0.0408914084731912,0.0154756769504038,1.38836793024781,1.81035034460867,-2.13595819397035,-2.11630224372727,0.463830129132571,0.46265186082552,"TSS_more_sig"
-0.3,"cent vs mage","453",0.000892667360110006,0.00143091261845389,3.04931034467418,2.84438688649319,-2.60677217381063,-2.59286008930878,0.450085019764772,0.460272271312903,"CLR_more_sig"
-0.3,"cent vs mage","464",2.92226771400588e-05,0.000804492227835004,4.53428000010959,3.0944781472451,-2.79333706083587,-2.59823182998704,0.47405599676161,0.475500564659006,"CLR_more_sig"
-0.3,"cent vs mage","473",0.0112264092477722,0.0298169879819637,1.94975913004708,1.52553622972543,-2.02337792022543,-1.85081612812713,0.442838733819593,0.43255574733298,"CLR_more_sig"
-0.3,"cent vs mage","488",0.00799103447856782,0.00784127090148393,2.09739699549797,2.1056135418092,-2.46633769774508,-2.56494040596223,0.463444533085536,0.46012343726293,"TSS_more_sig"
-0.3,"cent vs mage","528",0.000656574577807313,0.0055560044720163,3.18271593691546,2.25523741337157,-2.62725641819233,-2.43020126641968,0.438144538573341,0.439999009564009,"CLR_more_sig"
-0.3,"cent vs mage","531",0.00325395381315915,0.000876924567306299,2.48758861576071,3.05703776286154,-2.72994225552611,-2.61117720425413,0.47150974678554,0.471987703919416,"TSS_more_sig"
-0.3,"cent vs mage","546",0.000979165515404422,0.00469566969384947,3.00914389006503,2.32830246013858,-2.77159159948629,-2.59312551946478,0.444636461335405,0.433436439456909,"CLR_more_sig"
-0.3,"cent vs mage","562",0.00517893204492099,0.0389880746825775,2.28575978751647,1.40906821070526,-2.22938304233326,-2.05552447153164,0.427281638174935,0.430847959886408,"CLR_more_sig"
-0.3,"cent vs mage","652",0.00677774346449012,0.0203764296313333,2.16891487310041,1.69087191096993,1.76834028977006,1.83774010284605,0.313612938375094,0.311419835109612,"CLR_more_sig"
-0.3,"cent vs mage","671",0.00107284524453091,0.0269013306029137,2.96946291950044,1.57022623824252,1.8994971938096,2.05349681278564,0.359536736019727,0.3645919622663,"CLR_more_sig"
-0.3,"cent vs mage","675",3.54474136843187e-06,7.04754333885108e-07,5.45041544633717,6.15196224475526,-3.50606741868972,-3.44469534492036,0.466553322794772,0.474680164868552,"TSS_more_sig"
-0.3,"cent vs mage","728",0.000208407130464949,0.00948257341103651,3.68108742611817,2.02307378644382,1.90537012200244,2.00845571248098,0.307439834545742,0.304630927467685,"CLR_more_sig"
-0.3,"cent vs mage","737",0.00160318035983319,0.00181157353892925,2.79501761621474,2.74194403154226,-2.61488778963676,-2.61602282403569,0.466875943708065,0.471261219241725,"CLR_more_sig"
-0.3,"cent vs mage","753",0.00410667202640728,0.0400608189473255,2.38650998008016,1.39728017684302,-2.22057725939829,-2.12434471112452,0.501451802769845,0.506776324871173,"CLR_more_sig"
-0.3,"cent vs mage","762",0.00485794457417578,0.0293989745983851,2.31354744450556,1.5316678170038,1.94110773124383,2.01854937338509,0.38509636561146,0.38719806058382,"CLR_more_sig"
-0.3,"cent vs mage","769",8.88795793089354e-05,0.000660728425758642,4.05119800969546,3.17997700863808,-2.64239933580511,-2.48675444425106,0.451196825210655,0.449847276021342,"CLR_more_sig"
-0.3,"cent vs mage","770",1.25765244912973e-05,3.07515398017107e-05,4.90043935911268,4.51213313320097,-2.67569921836577,-2.58518950857331,0.349915853652513,0.354821888289244,"CLR_more_sig"
-0.3,"cent vs mage","815",0.0143612066263154,0.0433963335703014,1.84280906920685,1.36254696121213,-2.09526943561676,-2.01258182584829,0.454901571482924,0.44778283371688,"CLR_more_sig"
-0.3,"cent vs mage","816",0.000698883164262212,0.00438306636974855,3.15559542133199,2.35822195307469,-2.29718204347043,-2.20249716772761,0.403750921310097,0.410971916195125,"CLR_more_sig"
-0.3,"cent vs mage","819",0.0055846841775691,0.0285185507420551,2.25300138187106,1.5448725482704,-2.59778108692876,-2.51713895498022,0.445534071952051,0.447743701029686,"CLR_more_sig"
-0.3,"cent vs mage","829",0.00252921483655263,0.0380881213067447,2.59701427924928,1.41921044834813,1.97360281083005,2.08642876593473,0.399798090186286,0.392173520282271,"CLR_more_sig"
-0.3,"cent vs mage","837",0.00171192585875331,0.00258529210128564,2.76651504797169,2.58749038069009,-2.48873674007856,-2.394686021248,0.46206176367111,0.4516705296561,"CLR_more_sig"
-0.3,"cent vs mage","839",0.0138275303739696,0.0243952943142087,1.85925537887341,1.61269393802453,-1.99802931433499,-1.90277853199859,0.46008551888354,0.452305442507536,"CLR_more_sig"
-0.3,"cent vs mage","849",0.000167665799496633,0.00187203953941837,3.77555551583551,2.72768498275076,-2.47898682453784,-2.34239573984808,0.418245079761945,0.411436916021946,"CLR_more_sig"
-0.3,"cent vs mage","854",0.00164320938297367,0.00305328479298171,2.78430709385265,2.51523268530108,2.76909257978303,2.87323123439359,0.469327534004932,0.466576103191931,"CLR_more_sig"
-0.3,"cent vs mage","857",0.0113383113614558,0.0378363807647433,1.94545162101718,1.42209041267918,1.85378505283777,2.01445601228369,0.342616533901107,0.343392333498135,"CLR_more_sig"
-0.3,"cent vs mage","859",0.00131375622668608,0.030220558409891,2.88148521257436,1.51969751510971,-2.47704859475987,-2.25420316878875,0.45655758906041,0.452915702539575,"CLR_more_sig"
-0.3,"cent vs mage","884",0.000277966248822727,0.00148658291933008,3.55600793372188,2.82781086149897,-2.40150894550645,-2.24956724503753,0.404425066855312,0.395172487364439,"CLR_more_sig"
-0.3,"cent vs mage","886",0.00551775701441293,0.0061226403887581,2.2582374284714,2.21306124795679,2.61624034691478,2.72899829892342,0.536824181437606,0.528250959639692,"CLR_more_sig"
-0.3,"cent vs mage","912",0.000388653694051681,0.00186998908922916,3.41043720008345,2.72816092742147,-2.77793822618446,-2.6513872096074,0.46490322416821,0.458935745067831,"CLR_more_sig"
-0.3,"cent vs mage","917",0.000112781503894365,0.000345251956207421,3.94776211857308,3.46186385201745,-2.99695201212724,-2.89657532726375,0.504073798802065,0.500140547774778,"CLR_more_sig"
-0.3,"cent vs mage","921",3.71423242195592e-11,4.05657837711171e-10,10.4301309233171,9.39184012860557,-4.39086344261347,-4.40473333599217,0.475431409669278,0.485802133983176,"CLR_more_sig"
-0.3,"cent vs mage","925",0.00045740727813653,0.00288792449525993,3.3396969293021,2.5394141655763,-2.46445594431997,-2.2234320970197,0.433302652434282,0.427602392071316,"CLR_more_sig"
-0.3,"cent vs mage","926",0.00181781171736756,0.017892738442507,2.74045110150068,1.74732318657315,-2.07320730618546,-2.04945907829318,0.409593428997553,0.437715584145911,"CLR_more_sig"
-0.3,"cent vs mage","966",0.000190507169830549,0.000591795000453995,3.72008867479546,3.22782870812505,-2.88247920139314,-2.88687115074358,0.520192933176957,0.538511236468304,"CLR_more_sig"
-0.3,"cent vs mage","975",0.000697240360289245,0.00128677063967488,3.15661748136758,2.89049885698102,-2.64958714703134,-2.56666893087928,0.454839325541977,0.43505173475464,"CLR_more_sig"
-0.3,"cent vs mage","978",0.000140758057502992,0.000587022925612329,3.85152673516984,3.23134493747043,2.74593252984923,2.80088244456073,0.44396844302525,0.448020087212918,"CLR_more_sig"
-0.3,"cent vs mage","984",0.0290587879538549,0.0185096170090099,1.53672250414434,1.7326025673408,2.16535734967811,2.29722372272588,0.420351907615368,0.406778780095562,"TSS_more_sig"
-0.3,"cent vs mage","989",0.0310938595643738,0.046167427009198,1.50732536726281,1.33566432875934,1.84361551244717,1.91729860457994,0.385516284023125,0.384682384517098,"CLR_more_sig"
-0.3,"cent vs mage","1004",2.98958426579719e-05,0.00100757497173817,4.52438920084729,2.99672262895777,-2.98896345774842,-2.79235277956314,0.469767368554484,0.456433497444033,"CLR_more_sig"
-0.3,"cent vs mage","1019",5.36750893413799e-08,2.94775491628998e-08,7.27022722401447,7.5305086276405,-3.26663364516068,-3.12605726524075,0.398484369770364,0.391286081232338,"TSS_more_sig"
-0.3,"cent vs mage","1030",0.0287130282508592,0.046950499101015,1.54192100174649,1.3283597866638,1.85489285775068,1.95097697578729,0.41652350046443,0.410679362480309,"CLR_more_sig"
-0.3,"cent vs mage","1040",0.000220558162180689,0.0325418766073478,3.65647686568226,1.4875574060176,-2.41359125806233,-2.35167526404944,0.438266430313565,0.442326092899041,"CLR_more_sig"
-0.3,"cent vs mage","1043",0.000479794611784051,0.00198454448297665,3.31894463357868,2.70233916206557,2.16591523056145,2.33148946556211,0.324421723675427,0.326028934038232,"CLR_more_sig"
-0.3,"cent vs mage","1058",2.66117462466316e-05,8.87476707195818e-05,4.57492662637333,4.05184303666056,-3.12057214667194,-3.1317566920202,0.445388103123525,0.459594564321942,"CLR_more_sig"
-0.3,"cent vs mage","1074",0.000198874663061762,9.53571456583446e-05,3.7014205431369,4.02064675721985,2.65315072413626,2.80974173591291,0.389142279708664,0.375387390446134,"TSS_more_sig"
-0.3,"cent vs mage","1079",6.15917139160558e-05,0.000483474338502068,4.21047771060484,3.31562657213467,-2.64897571573877,-2.56312568005493,0.419105371208122,0.425965979721147,"CLR_more_sig"
-0.3,"cent vs mage","1087",6.97096286432173e-06,3.62103112902644e-05,5.15670723082871,4.4411677416546,3.3035521484155,3.36364577547115,0.498024653220991,0.494242442579532,"CLR_more_sig"
-0.3,"cent vs mage","1098",1.76538337930583e-10,2.41786100947108e-08,9.75316096651595,7.61656866813806,3.93254222601916,4.01230514793764,0.44448720215555,0.446876509519831,"CLR_more_sig"
-0.3,"cent vs mage","1104",7.57324058297579e-05,0.000969834219109035,4.1207182465031,3.01330249653721,-3.00205198500439,-2.87294294435466,0.451832740057474,0.448077462128512,"CLR_more_sig"
-0.3,"eld vs kin","3",0,2.32522334719931e-13,30.0903745710217,12.6335353250117,-5.18373600684216,-4.79858358920896,0.447180740590293,0.446986768318582,"CLR_more_sig"
-0.3,"eld vs kin","4",0.031254056615439,3.90437594539839e-08,1.50509360547634,7.40844837155063,2.04274016247962,2.43038526720872,0.220059937828414,0.220155771022826,"TSS_more_sig"
-0.3,"eld vs kin","5",3.48292227428129e-08,6.27757954481072e-06,7.45805621725218,5.20220777552408,-3.23008869335554,-2.8422830844635,0.385504695359781,0.384561989178898,"CLR_more_sig"
-0.3,"eld vs kin","7",1.33643311978244e-22,8.12129766993836e-30,21.8740527701182,29.0903745710217,7.08405265548978,7.47892052068173,0.459986979303406,0.458449959275315,"TSS_more_sig"
-0.3,"eld vs kin","10",7.97277424079135e-06,0.000396274702936201,5.09839053333129,3.40200365092061,-3.18748611900684,-2.80533098865584,0.477100110423207,0.477091946807797,"CLR_more_sig"
-0.3,"eld vs kin","11",0.00460122779665547,5.48662308227179e-08,2.33712626523955,7.26069487375909,2.7446027545245,3.13213858860545,0.351932167342053,0.349420288114014,"TSS_more_sig"
-0.3,"eld vs kin","12",9.30855032218566e-05,0.00452212208231301,4.03111794910432,2.34465771732034,-2.42696855496987,-2.03568848733985,0.367933990586113,0.36879643645575,"CLR_more_sig"
-0.3,"eld vs kin","14",0.0148996871086083,4.33065619547009e-08,1.8268228516167,7.36344629291225,2.37313980521133,2.75842863616777,0.276641302322612,0.27654636292512,"TSS_more_sig"
-0.3,"eld vs kin","15",0.0328255043561314,7.52558595397013e-05,1.48378859235495,4.12345967956553,2.51125968233673,2.87805897586626,0.438315296924911,0.434518866984743,"TSS_more_sig"
-0.3,"eld vs kin","16",0.00310031450725521,4.32709326024518e-10,2.50859424750857,9.36380374451161,2.53545563433248,2.92539354684941,0.266611003796189,0.266569400413548,"TSS_more_sig"
-0.3,"eld vs kin","21",2.99103702776565e-09,1.52164253055714e-17,8.52417821055452,16.8176873615212,3.61297478163301,4.00738495335484,0.293883895203531,0.293491186478427,"TSS_more_sig"
-0.3,"eld vs kin","23",0.0344821721104884,0.000135370146203043,1.46240538478795,3.8684771020381,1.93583008837016,2.3214057625554,0.316247672974519,0.310101973411028,"TSS_more_sig"
-0.3,"eld vs kin","25",0.0316626157274477,2.35934934903066e-05,1.49945320984411,4.62720774833734,2.55840482990519,2.97194213591429,0.41849845369134,0.423673746887289,"TSS_more_sig"
-0.3,"eld vs kin","26",0.0399605123873524,0.000479678798049743,1.39836895173802,3.31904947705942,1.96404733718117,2.35120812680721,0.363683250315265,0.364023250063527,"TSS_more_sig"
-0.3,"eld vs kin","29",0.0327111164491587,9.38762865443981e-05,1.4853046329024,4.02744409808041,1.96465097853518,2.35337652861589,0.291937835927421,0.290892725961419,"TSS_more_sig"
-0.3,"eld vs kin","31",0.0150819559945766,5.56502878698972e-05,1.82154233071001,4.25453258478867,3.15121950143394,3.47562237267714,0.542379318113371,0.531742678576609,"TSS_more_sig"
-0.3,"eld vs kin","33",5.98402698232017e-08,5.8436481533159e-06,7.2230064568805,5.23331594086804,-3.68525134158269,-3.3134161927585,0.459983425671584,0.465783169730758,"CLR_more_sig"
-0.3,"eld vs kin","36",0.0440296454402485,0.000572264245660175,1.35625481179152,3.24240338740904,1.62957279702376,2.02747906350214,0.2612575044184,0.261761769655138,"TSS_more_sig"
-0.3,"eld vs kin","38",0.000809538225238918,0.0144320451742118,3.09176263966121,1.84067212040079,-2.24442239078955,-1.88367991426424,0.376671800069063,0.378763745588612,"CLR_more_sig"
-0.3,"eld vs kin","47",0.0484230963049465,0.0015161219755745,1.31494744403184,2.81926585728711,2.36473225162343,2.76212313197911,0.533879424984922,0.534311803438483,"TSS_more_sig"
-0.3,"eld vs kin","55",0.0491469053641674,0.000826367632518273,1.30850382321492,3.08282670176675,1.99130314310298,2.41039636145009,0.405277427885763,0.414177214371857,"TSS_more_sig"
-0.3,"eld vs kin","57",0.000196410588432867,0.00232104865821709,3.70683510323943,2.63431575494534,-2.82734202482421,-2.47424068407541,0.479591331269149,0.472061322502797,"CLR_more_sig"
-0.3,"eld vs kin","62",0.000490783536801985,0.0182538731154713,3.30911001398899,1.7386449726205,-2.07646481224933,-1.69177800416497,0.317870201352895,0.315811697908761,"CLR_more_sig"
-0.3,"eld vs kin","65",2.46861555565046e-08,4.79638438144391e-06,7.6075465386868,5.3190860198912,-3.13310219564637,-2.76687658358562,0.367629874558033,0.373439209232465,"CLR_more_sig"
-0.3,"eld vs kin","67",8.51290103224637e-13,4.96306005552209e-12,12.069922415521,11.3042504695893,-5.84824418135299,-5.48704126628795,0.566557248061444,0.56994634785046,"CLR_more_sig"
-0.3,"eld vs kin","68",0.00255297971174825,0.0205346821373249,2.59295263647299,1.68751201533647,-2.09994150119242,-1.7335586434539,0.380902784241597,0.385678495689854,"CLR_more_sig"
-0.3,"eld vs kin","74",0.00274042750462795,1.88089964330348e-06,2.56218168228234,5.7256343759128,3.33961271778021,3.71907141941222,0.506393689504972,0.5012633304032,"TSS_more_sig"
-0.3,"eld vs kin","79",1.5432002992161e-09,2.494493089016e-07,8.8115777011574,6.60301769493441,-4.20013762132294,-3.83054377771502,0.48967936268009,0.488096326324525,"CLR_more_sig"
-0.3,"eld vs kin","80",0.0356643004035061,0.000298773243972201,1.44776629074821,3.52465829747082,1.99555878495255,2.35395836410628,0.345961449724726,0.343416880388947,"TSS_more_sig"
-0.3,"eld vs kin","82",4.94051370864943e-07,3.5477731476453e-06,6.3062278913127,5.45004415768913,-4.27849584234789,-3.92350845762217,0.597177932280512,0.611315326411371,"CLR_more_sig"
-0.3,"eld vs kin","83",1.86200564863526e-07,2.93406188822897e-05,6.73001900586413,4.5325307298135,-3.85535061113633,-3.51632037236904,0.520523234997685,0.52171033660508,"CLR_more_sig"
-0.3,"eld vs kin","84",7.18072420573533e-09,5.14945502361301e-07,8.1438317531541,6.2882387307183,-4.21959557884953,-3.78046547614268,0.486744150387321,0.485973683392016,"CLR_more_sig"
-0.3,"eld vs kin","85",0.000734703652153361,0.00617394910171536,3.13388780130696,2.20943695518034,-2.71869125261883,-2.35833614559211,0.484453912357606,0.488889268579851,"CLR_more_sig"
-0.3,"eld vs kin","87",7.71993394723431e-05,0.000939745187689723,4.11238641552882,3.02698988957281,-3.23980319140467,-2.82730259938172,0.524914674561353,0.528240693269461,"CLR_more_sig"
-0.3,"eld vs kin","89",5.97387835235534e-09,4.6691644293071e-15,8.22374362529378,14.3307608316842,4.46052495806575,4.74849612984944,0.439654251477596,0.427120874527973,"TSS_more_sig"
-0.3,"eld vs kin","91",9.94781145530564e-09,3.13394198241558e-07,8.00227245467435,6.5039090477366,-4.74314533106402,-4.32885554942448,0.582567536054699,0.58207349493259,"CLR_more_sig"
-0.3,"eld vs kin","100",7.37021442263312e-07,0.000563770790156109,6.13251987696975,3.24889742935595,-4.1245444612759,-3.75479981416352,0.573544871717782,0.568609647471598,"CLR_more_sig"
-0.3,"eld vs kin","102",0.000195714731631855,0.00289592418309422,3.70837648335768,2.53821281239714,-3.25334819519112,-2.85567191102398,0.545569922081164,0.543706606271262,"CLR_more_sig"
-0.3,"eld vs kin","108",0.00290574502694676,0.0466122235584305,2.53674249679926,1.33150017927889,-3.0344618635758,-2.75443750504353,0.64830743720087,0.648414213458134,"CLR_more_sig"
-0.3,"eld vs kin","110",0.00170263274779079,0.00784419848689791,2.76887901780841,2.10545142562717,-2.87605330921642,-2.46266148097926,0.535492110167456,0.525391606600564,"CLR_more_sig"
-0.3,"eld vs kin","111",1.69109668883565e-07,6.0169265577186e-06,6.77183156080715,5.22062528945104,-3.63960058740719,-3.27010432309943,0.450859093756121,0.465071471818194,"CLR_more_sig"
-0.3,"eld vs kin","115",0.00111961986475065,0.00394298167440068,2.95092940470832,2.40417524137089,-3.06276813940854,-2.71833226234492,0.566443709261731,0.557176670620874,"CLR_more_sig"
-0.3,"eld vs kin","118",0.000224966623619958,0.00158584324122066,3.64788190967925,2.79973974440652,-2.65969357031338,-2.20320332371633,0.401679673428569,0.390310796247357,"CLR_more_sig"
-0.3,"eld vs kin","119",0.0329279833419544,0.000328694019634902,1.48243486662427,3.48320819754049,2.01043205691428,2.34331766889352,0.319929657748827,0.312408285278636,"TSS_more_sig"
-0.3,"eld vs kin","121",8.71988772365255e-06,2.06065464396517e-09,5.05948910696102,8.68599478783651,4.17283957745741,4.58632130588091,0.500026772727265,0.505634034871716,"TSS_more_sig"
-0.3,"eld vs kin","124",0.04771098198601,0.00582544167473935,1.321381644713,2.23467114161005,2.07177428493896,2.54249884302313,0.421771540035407,0.432883262996204,"TSS_more_sig"
-0.3,"eld vs kin","126",0.0142999729120613,0.029588985017741,1.84466478520301,1.52886993205987,-2.48302543259514,-2.20127501232479,0.52889055154401,0.526533981396794,"CLR_more_sig"
-0.3,"eld vs kin","128",0.00103461806075212,0.0111683782572674,2.98521994462351,1.95200988552839,-3.03846976860301,-2.62447416080263,0.588823043654432,0.589911150339229,"CLR_more_sig"
-0.3,"eld vs kin","130",6.38451895022599e-05,0.000270639382720911,4.19487181964297,3.56760900576548,-3.63656271483799,-3.35888975702543,0.58911540876994,0.594269471422253,"CLR_more_sig"
-0.3,"eld vs kin","133",0.000910874719062116,0.00779436213889252,3.04054135141505,2.10821942003819,-2.8956170076687,-2.55187635534903,0.492662760202469,0.494504277513599,"CLR_more_sig"
-0.3,"eld vs kin","138",0.000364679781314923,1.73847233444613e-10,3.43808831430281,9.7598322161645,3.45247891093617,3.84889455520882,0.434284348994622,0.434141580957544,"TSS_more_sig"
-0.3,"eld vs kin","139",8.73491150857051e-08,3.0023935473387e-06,7.05874149039876,5.52253238196768,-4.30969978452879,-3.91093126910882,0.534321447926459,0.543448883367062,"CLR_more_sig"
-0.3,"eld vs kin","145",0.000728566340068246,0.0106170147855505,3.13753089713514,1.97399757783181,-2.73886541095974,-2.41996221357871,0.52910309512572,0.535181256166436,"CLR_more_sig"
-0.3,"eld vs kin","147",0.000673784615992698,0.00554370774408548,3.17147890915447,2.25619967314311,-3.19209942264079,-2.85290197857325,0.555821169726254,0.56659060563542,"CLR_more_sig"
-0.3,"eld vs kin","150",0.00363303540350896,0.0315273483859214,2.43973036996727,1.5013125541423,-2.21471863715632,-1.85917209128879,0.401269279992253,0.40755160586318,"CLR_more_sig"
-0.3,"eld vs kin","151",1.5998207076284e-11,1.35631800917086e-13,10.7959286861258,12.8676384716519,4.9458756406374,5.33918532903066,0.486891090313519,0.491255503252435,"TSS_more_sig"
-0.3,"eld vs kin","152",0.0116086231614912,0.0317908432452899,1.93521928662021,1.49769795236458,-2.66968558378447,-2.31423191212944,0.618032316404656,0.630111938808186,"CLR_more_sig"
-0.3,"eld vs kin","162",0.00162864794321308,0.00672903876715777,2.78817278484073,2.17204696964443,-3.1231124157007,-2.88140333232243,0.601071880806376,0.598212708987724,"CLR_more_sig"
-0.3,"eld vs kin","163",0.000282136822030885,0.00335889800039524,3.54954022982748,2.47380318417206,-3.43520934964093,-2.9792488860744,0.574220312616942,0.581667282554522,"CLR_more_sig"
-0.3,"eld vs kin","164",0.0315103699787844,6.61341369542065e-05,1.5015464975305,4.17957430959318,2.80408975182663,3.13674423768337,0.467112325938192,0.457924376678695,"TSS_more_sig"
-0.3,"eld vs kin","169",1.41040627086836e-07,6.0310097789694e-06,6.85065576976895,5.21960996734251,-3.87845031890579,-3.46939444236814,0.521156886664496,0.52494129799633,"CLR_more_sig"
-0.3,"eld vs kin","172",4.53461102514532e-06,0.000809422430332804,5.34345996039619,3.09182476481375,-3.24845046167235,-2.78476558287847,0.459207220516687,0.466065467927295,"CLR_more_sig"
-0.3,"eld vs kin","181",0.000177993805027301,0.0080363425532025,3.74959511279941,2.09494155950531,-2.99254766998453,-2.61531354993476,0.499673573528783,0.506604829888606,"CLR_more_sig"
-0.3,"eld vs kin","200",0.0121294567209117,0.0178348416386597,1.9161586507735,1.74873074254999,-2.68085577765743,-2.27991628065467,0.542556367820636,0.531805752059227,"CLR_more_sig"
-0.3,"eld vs kin","203",0.000456555493330828,0.00997044965852354,3.34050642736819,2.00128525494693,-2.54726449491653,-2.17212886682511,0.443037711948619,0.435600855564082,"CLR_more_sig"
-0.3,"eld vs kin","207",0.00613565520645375,9.30349880359136e-07,2.21213905358023,6.03135369388339,3.15523828351198,3.58430314557423,0.457479458011309,0.470351657423642,"TSS_more_sig"
-0.3,"eld vs kin","216",0.00522161461994203,0.0138484955256271,2.28219518433398,1.85859740496836,-2.82702954850348,-2.3798894239915,0.50960958020616,0.504255893584348,"CLR_more_sig"
-0.3,"eld vs kin","222",0.0330283499644642,0.000266819734526887,1.48111312231912,3.57378205226983,2.88068565794881,3.23585773333153,0.505257990929373,0.501659468365898,"TSS_more_sig"
-0.3,"eld vs kin","246",0.0352569182598897,0.000841845810302201,1.45275565123169,3.07476744515946,2.51869732073931,2.82380550483443,0.47693760529135,0.482128459507703,"TSS_more_sig"
-0.3,"eld vs kin","251",0.00348090775163011,0.00700629315065599,2.45830748590527,2.1545116953014,-3.22898133601798,-2.84260485881034,0.591428753701269,0.590868620685642,"CLR_more_sig"
-0.3,"eld vs kin","252",0.00025769725642827,0.00662125375717667,3.58889020513713,2.1790597676194,-2.86544036023738,-2.50588729759881,0.479975389085092,0.467261096812334,"CLR_more_sig"
-0.3,"eld vs kin","265",0.0499120617351,0.00151167532122726,1.30179449020834,2.8205414769175,2.38834869438648,2.65792786247416,0.490405763083531,0.471825996650487,"TSS_more_sig"
-0.3,"eld vs kin","267",0.00175724654866354,0.0136437662500688,2.75516730099062,1.86506572969082,-3.62625112995714,-3.12431748904793,0.607641339925401,0.627685861671095,"CLR_more_sig"
-0.3,"eld vs kin","282",1.23090957695732e-05,0.000788526603819364,4.90977384931957,3.10318364958043,-3.37405848206085,-2.94244672485158,0.481438803444094,0.481295761064096,"CLR_more_sig"
-0.3,"eld vs kin","294",0.0398379714893826,7.74612522241707e-05,1.3997027835364,4.11091548656951,2.22339827116406,2.57601563897746,0.447922471100284,0.445990648912287,"TSS_more_sig"
-0.3,"eld vs kin","344",0.0313661105939952,6.19176624338857e-06,1.50353933059422,5.20818544785532,2.66163615432975,2.94813334481569,0.419443428312505,0.407020869380852,"TSS_more_sig"
-0.3,"eld vs kin","349",0.00175652997335973,0.0377846618955206,2.75534443502443,1.42268445958003,-2.60615448774353,-2.32875822531212,0.496024593162755,0.503900531807901,"CLR_more_sig"
-0.3,"eld vs kin","363",0.000903727574915119,0.0367333343727005,3.04396246614162,1.43493964791556,-2.80522977760445,-2.283417927778,0.476963737999873,0.482758852502419,"CLR_more_sig"
-0.3,"eld vs kin","473",0.000247283148033238,0.0059782035605653,3.60680547913222,2.22342930111924,-3.16424876923008,-2.72475269226404,0.538614125547723,0.535542220071753,"CLR_more_sig"
-0.3,"eld vs kin","614",0.000176050435436442,0.00820908012406622,3.75436289642504,2.08570550541701,-3.28795290676059,-2.9109474648248,0.491879863936322,0.505104898810103,"CLR_more_sig"
-0.3,"eld vs kin","616",7.30806172998176e-06,0.000210817075258406,5.13619779289076,3.67609421608674,-3.11682420718726,-2.69065546869597,0.443600934028457,0.434042128245282,"CLR_more_sig"
-0.3,"eld vs kin","666",1.31969342861045e-12,1.02144013016299e-09,11.8795269458596,8.99078708365888,-4.33650571551755,-3.93882052339857,0.420915837594245,0.422501028935393,"CLR_more_sig"
-0.3,"eld vs kin","728",1.16020123214272e-05,5.38575616925022e-13,4.93546667764406,12.2687533124073,3.6791992201123,4.08911403277855,0.384223798829907,0.383125935612799,"TSS_more_sig"
-0.3,"eld vs kin","744",8.24040068782443e-08,6.34934047232898e-06,7.0840516703077,5.19727138401572,-4.01002078106285,-3.70259082749697,0.513217117114017,0.528394917904901,"CLR_more_sig"
-0.3,"eld vs kin","757",0.000936797498228612,0.012737274653656,3.02835427774244,1.89492348640373,-2.466253068753,-2.02045759873338,0.446830763960566,0.439034140115889,"CLR_more_sig"
-0.3,"eld vs kin","770",4.76288278300118e-06,0.00130592695424236,5.32213010656781,2.88408111422225,-3.05358110900821,-2.69392120004652,0.430874931883974,0.433123796515857,"CLR_more_sig"
-0.3,"eld vs kin","786",8.89115422531806e-08,9.57608742966004e-07,7.05104185644845,6.01881189747575,-4.1809365474456,-3.82434693056267,0.510661867534891,0.497855530821391,"CLR_more_sig"
-0.3,"eld vs kin","849",2.37454638018955e-06,0.00012557085912886,5.62441934325877,3.9011111343879,-3.23954067784714,-2.8338695405566,0.4400191801628,0.438697191178968,"CLR_more_sig"
-0.3,"eld vs kin","854",0.0149988613777747,5.45148485706344e-05,1.82394170868555,4.26348518994391,2.80551745386171,3.22732317242633,0.464332124293064,0.47007593910634,"TSS_more_sig"
-0.3,"eld vs kin","875",0.00454254537403898,0.0315768842477273,2.342700725969,1.50063072489061,-2.82130206477963,-2.42911531274155,0.555196962517622,0.568323673004146,"CLR_more_sig"
-0.3,"eld vs kin","877",0.015945813820737,0.0298897638655959,1.79735331092487,1.52447751595014,-2.69818013055494,-2.30486019406096,0.55193156197478,0.566877831807365,"CLR_more_sig"
-0.3,"eld vs kin","879",4.88652507810267e-06,0.000226539222964921,5.31099986804816,3.64485659346358,-3.04266583328119,-2.58414433909124,0.427723801696906,0.41354952743367,"CLR_more_sig"
-0.3,"eld vs kin","886",1.57664133520356e-06,2.58479388919423e-08,5.8022670916159,7.58757408172067,4.1847504048013,4.54083423142295,0.523494044434474,0.53040384590733,"TSS_more_sig"
-0.3,"eld vs kin","888",0.0361071890184086,0.00114566493868852,1.44240632052672,2.94094237761759,2.35712927788016,2.73165872080777,0.445970902426195,0.44450674100865,"TSS_more_sig"
-0.3,"eld vs kin","891",2.17147158492799e-05,0.000424034335514476,4.66324584928113,3.3725989756697,-3.74620363706087,-3.35165919304501,0.576946788989477,0.570544342891409,"CLR_more_sig"
-0.3,"eld vs kin","895",3.82263717968679e-07,0.000168856463663558,6.41763692048412,3.77248231033394,-3.69544206400582,-3.20004864636489,0.50360076390681,0.503018162566222,"CLR_more_sig"
-0.3,"eld vs kin","914",6.24174477976421e-05,0.00110274240537386,4.20469399328141,2.95752592454079,-3.38512759457516,-2.866781052783,0.55755319348053,0.572550559922707,"CLR_more_sig"
-0.3,"eld vs kin","917",0.00241409045608633,0.0403152273405387,2.61724646089851,1.39453088683913,-2.58518226858899,-2.22788431781692,0.535882300681571,0.536354118283498,"CLR_more_sig"
-0.3,"eld vs kin","935",0.00340117584303883,0.0165377861537139,2.4683709141751,1.7815226281315,-2.82707302006257,-2.67904849247237,0.551600107189651,0.54388144914698,"CLR_more_sig"
-0.3,"eld vs kin","947",6.37146730409911e-05,5.60286998171128e-10,4.19576054118244,9.25158945550504,3.83807969856606,4.11139700574279,0.439323074384211,0.435394890848506,"TSS_more_sig"
-0.3,"eld vs kin","965",0.00179173726091195,0.0267582624172769,2.74672567464149,1.57254209146808,-3.29520370172896,-2.99258387507956,0.598873412002206,0.590050101451222,"CLR_more_sig"
-0.3,"eld vs kin","978",1.27005239957918e-17,2.03147946263445e-19,16.8961783606357,18.6921875638419,5.65766853316402,6.05612865762848,0.410824877625304,0.418513780473044,"TSS_more_sig"
-0.3,"eld vs kin","984",6.74620475619598e-09,3.83496895262415e-15,8.17094048153749,14.4162381476886,4.46367793278151,4.8552661973756,0.419294813966705,0.411113366333662,"TSS_more_sig"
-0.3,"eld vs kin","988",0.0339432542496144,0.00247488278880062,1.46924652280505,2.60644536456173,2.72372604939115,3.07708610532765,0.527977527516357,0.521852489878449,"TSS_more_sig"
-0.3,"eld vs kin","991",1.01222401473219e-05,5.04787696321395e-06,4.99472336338966,5.29689123911425,-4.14747638406272,-3.85864285553007,0.572599832916147,0.582611820680261,"TSS_more_sig"
-0.3,"eld vs kin","1000",0.00332880489515842,0.0199397452414456,2.47771165856493,1.7002803947175,-2.72788740612453,-2.31042096530789,0.563383056532629,0.559594459215969,"CLR_more_sig"
-0.3,"eld vs kin","1014",7.84079854548605e-10,4.36466764310012e-08,9.10563970437711,7.3600488209763,-4.72049529104804,-4.33155401099815,0.505537381884207,0.525171884229172,"CLR_more_sig"
-0.3,"eld vs kin","1021",1.60655609427378e-07,8.81136221489866e-06,6.79410410608615,5.05495694554015,-4.28287878272658,-3.86577377492342,0.552485078199897,0.549982710473687,"CLR_more_sig"
-0.3,"eld vs kin","1030",0.000155594861657991,6.20417973337127e-09,3.80800474918712,8.20731562928514,3.7719398227497,3.93975583649403,0.433453807526796,0.42190727578452,"TSS_more_sig"
-0.3,"eld vs kin","1047",4.46091884978897e-05,0.00590374392195,4.35057567709674,2.2288724885319,-2.15861047346751,-1.76962154442577,0.290554500684025,0.291451504366573,"CLR_more_sig"
-0.3,"eld vs kin","1074",9.84357619985588e-09,1.16264787412724e-15,8.00684709245258,14.9345517981513,4.56355459168805,5.00619594346265,0.389686305884288,0.388625150223862,"TSS_more_sig"
-0.3,"eld vs kin","1076",8.62550902914679e-06,5.48382862958543e-08,5.06421526587482,7.260916125434,3.97597437566783,4.4299230502769,0.42134758839853,0.42544542984519,"TSS_more_sig"
-0.3,"eld vs kin","1079",0.000198114845129585,0.00664039588008622,3.70308298071432,2.17780602855187,-2.82554088236502,-2.44169128653637,0.495053618590599,0.487385427165308,"CLR_more_sig"
-0.3,"eld vs kin","1082",0.0338456281006971,0.000338186451076039,1.47049742193795,3.47084379573527,2.53736919893732,2.82605491988274,0.489552990274836,0.496595385934824,"TSS_more_sig"
-0.3,"eld vs kin","1089",0.00525956840296013,1.40193608028727e-08,2.27904989232976,7.85327178709073,2.52631530879976,2.91876470292116,0.288553849333497,0.289531925435181,"TSS_more_sig"
-0.3,"eld vs kin","1098",8.1904630229191e-20,1.32841392039045e-24,19.0866915460278,23.8766665820972,6.48743763742108,6.92654109415881,0.43700613412611,0.450295067021616,"TSS_more_sig"
-0.3,"eld vs kin","1101",0.000791689458948925,0.0279692143716143,3.1014451374915,1.55331973237229,-3.09926267337557,-2.61608213630185,0.586590000230268,0.588262159158031,"CLR_more_sig"
-0.3,"eld vs kin","1104",5.92015898018302e-06,0.000127028677239149,5.22766663055932,3.89609822423459,-3.22900630700849,-2.86676258396079,0.467144396623286,0.469235308621225,"CLR_more_sig"
-0.3,"eld vs kin","1105",1.1639034643481e-12,5.65704732297641e-10,11.9340830391359,9.24741018823474,-5.09604784724606,-4.66185587957209,0.506105145889758,0.509009549614546,"CLR_more_sig"
-0.3,"eld vs kin","1112",3.23228334651895e-07,6.29397703570908e-06,6.4904905753616,5.20107484599271,-4.06199674474101,-3.73601901932574,0.533497942587133,0.544001588874437,"CLR_more_sig"
-0.2,"cent vs mage","4",0.0260731854529352,2.3099689079992e-06,1.5838059063031,5.63639386563827,1.57376901755618,1.99896307707655,0.182818730001734,0.182918904752155,"TSS_more_sig"
-0.2,"cent vs mage","7",6.42856618014555e-07,1.02936384231655e-09,6.19188588080654,8.98743109095101,3.52912783858698,3.96037286945316,0.414849038628627,0.415104116540172,"TSS_more_sig"
-0.2,"cent vs mage","8",0.0469521613000497,0.00258269612442571,1.32834441151116,2.58792668916101,1.63579221414659,2.07173915724675,0.314386073360245,0.314546737409052,"TSS_more_sig"
-0.2,"cent vs mage","11",0.0458674217664992,0.00280807076933264,1.33849567111833,2.55159195126326,1.59345053891291,2.01552862572885,0.296664840125544,0.297117043963847,"TSS_more_sig"
-0.2,"cent vs mage","12",0.00103044549410925,0.0412946185491732,2.9869749754846,1.38410654124137,-1.99774347670021,-1.57402129239191,0.351333232640616,0.350853374637925,"CLR_more_sig"
-0.2,"cent vs mage","14",0.000970738686053169,4.86528955428552e-07,3.01289766244899,6.31289130789587,2.07282977095269,2.49967790275145,0.259130767481098,0.259731996237501,"TSS_more_sig"
-0.2,"cent vs mage","19",0.0350401947214085,0.00100558673208128,1.45543348908506,2.99758046545525,1.87046692884162,2.29755082697969,0.345921524053406,0.344264980517802,"TSS_more_sig"
-0.2,"cent vs mage","20",0.00188181067844153,1.7621403272652e-06,2.72542407136784,5.75395950969794,2.05132534737812,2.47697046309277,0.268215734110096,0.268329953928734,"TSS_more_sig"
-0.2,"cent vs mage","21",9.99860514931673e-05,1.03415381770723e-07,4.00006058182071,6.9854148604556,2.23173962002769,2.65092661589272,0.261608951786652,0.260814079062274,"TSS_more_sig"
-0.2,"cent vs mage","22",3.81184032696081e-05,0.00618728309802039,4.41886529968434,2.20850001245982,-2.2324670786808,-1.8157980425252,0.321395921914287,0.322573930933237,"CLR_more_sig"
-0.2,"cent vs mage","23",0.0445972697064339,0.00154374582498574,1.35069172845659,2.81142420393107,1.51787740476572,1.93528317278229,0.266618272700097,0.266687331983309,"TSS_more_sig"
-0.2,"cent vs mage","24",1.46082432323715e-06,2.99590070867722e-07,5.83540200859419,6.52347258429305,3.82528101060481,4.30056283113867,0.489199405421575,0.493893699404148,"TSS_more_sig"
-0.2,"cent vs mage","26",0.00139985170392768,4.0533952714347e-06,2.85391796973403,5.39218104347453,2.44703045407996,2.87367707614893,0.373449561540239,0.371752089542668,"TSS_more_sig"
-0.2,"cent vs mage","32",0.0359908677771065,0.000571513024677074,1.44380768193099,3.24297386766428,1.51233494237436,1.93108286454448,0.229494375161855,0.228987477464329,"TSS_more_sig"
-0.2,"cent vs mage","39",4.89672824705882e-05,3.87830437112507e-07,4.31009399728414,6.41135811028751,2.9562527371849,3.41303157824858,0.417135150432984,0.418916645885063,"TSS_more_sig"
-0.2,"cent vs mage","42",0.000707294404154559,1.28636327072623e-06,3.15039977787741,5.89063636874227,2.82104266667013,3.22542848897921,0.411047741425658,0.408687700976886,"TSS_more_sig"
-0.2,"cent vs mage","51",8.19258715501014e-05,0.00719081671841702,4.08657892977608,2.14322178052697,-2.42175916368869,-1.96192518546266,0.387157034854497,0.381554061222902,"CLR_more_sig"
-0.2,"cent vs mage","53",0.00162241586348098,0.0284807909206733,2.78983781592875,1.54544795437105,-2.32053936255978,-1.90514181466661,0.442498243141782,0.455375367981181,"CLR_more_sig"
-0.2,"cent vs mage","55",0.0401449966493102,0.00121247573537728,1.39636857399671,2.91632694393988,1.846434031986,2.29110341173211,0.355417037835435,0.357574071634108,"TSS_more_sig"
-0.2,"cent vs mage","56",0.00195418519551712,3.8081629030587e-05,2.70903428115975,4.41928448192983,2.3775547375691,2.7759127204534,0.373326810624494,0.370035011960643,"TSS_more_sig"
-0.2,"cent vs mage","57",0.000317282308513793,0.0100082597509441,3.49855414324482,1.9996414316382,-2.63045784542589,-2.19896091914185,0.458842152629657,0.454710226243418,"CLR_more_sig"
-0.2,"cent vs mage","69",0.0369084198127341,0.000458332655176117,1.43287454817472,3.33881919914281,2.03062297828242,2.51995606677298,0.391596544892455,0.388606542831796,"TSS_more_sig"
-0.2,"cent vs mage","72",0.00253944281194804,0.0472110351463503,2.59526156300276,1.32595647714936,-2.04613257491329,-1.62936433230769,0.381036231570481,0.386737253402106,"CLR_more_sig"
-0.2,"cent vs mage","90",0.0339901931566794,0.000213584687536669,1.4686463674369,3.67042988627225,1.69814157555036,2.16685179700496,0.275230372814227,0.280255464687208,"TSS_more_sig"
-0.2,"cent vs mage","100",0.000125464403360703,0.00267296237559265,3.90147947431745,2.57300715429528,-3.2445766159862,-2.87297075985199,0.560791891850669,0.568134456035504,"CLR_more_sig"
-0.2,"cent vs mage","106",0.00456412020288035,6.10463544404516e-05,2.34064292631337,4.21434026609532,2.12034821171282,2.53129731388198,0.339463249913113,0.335712614579343,"TSS_more_sig"
-0.2,"cent vs mage","114",6.05259389620536e-11,8.95837186820625e-08,10.2180584644575,7.04777091365312,-4.40603128042286,-3.87802681184361,0.497485627490013,0.48949373259977,"CLR_more_sig"
-0.2,"cent vs mage","132",4.68920041685195e-13,1.77323082606318e-10,12.3289012050789,9.75123472747829,-5.06100087327215,-4.48159332352867,0.496926634175024,0.482735483682303,"CLR_more_sig"
-0.2,"cent vs mage","142",0.00156704975416957,3.10742948786323e-06,2.80491721436851,5.50759871735385,2.9945644728371,3.42050874267389,0.54069666013822,0.537470892670369,"TSS_more_sig"
-0.2,"cent vs mage","143",1.55494697805567e-12,2.62988444447535e-10,11.8082844153384,9.58006333372668,-4.54678502564261,-4.07658477491802,0.451991887072586,0.447023154807134,"CLR_more_sig"
-0.2,"cent vs mage","145",0.00219162174046746,0.0362629559895706,2.65923440009797,1.44053679710664,-2.46189918318972,-1.97600814667053,0.512529290882972,0.511722730101932,"CLR_more_sig"
-0.2,"cent vs mage","146",0.000518827037363563,0.013291886762927,3.28497739983576,1.87641336724628,-2.55872302717355,-2.14288995233179,0.422409836260322,0.43142090225388,"CLR_more_sig"
-0.2,"cent vs mage","148",8.15928797492309e-06,0.00024715410682513,5.08834773855668,3.60703216870847,-3.30987613624832,-2.8876392827146,0.506226856105154,0.504641791192198,"CLR_more_sig"
-0.2,"cent vs mage","168",0.0202053504597426,0.000129595660488912,1.69453361236252,3.88740954057401,2.89417241686296,3.24570617458182,0.447292399974858,0.452018829426736,"TSS_more_sig"
-0.2,"cent vs mage","169",1.8126185576134e-05,0.000864648203108868,4.74169357800751,3.06316055672667,-2.96811825104352,-2.62135752147121,0.433346696080305,0.444293428711626,"CLR_more_sig"
-0.2,"cent vs mage","173",0.00206842665140722,0.0303109028887968,2.68435987503625,1.51840112685303,-2.74910265721923,-2.24773246777353,0.504576292610229,0.503061575482555,"CLR_more_sig"
-0.2,"cent vs mage","191",0.000646822836510623,0.0368388162360999,3.18921465543931,1.43369433369749,-2.48351294134458,-2.16770889178546,0.462926075318273,0.460406787499797,"CLR_more_sig"
-0.2,"cent vs mage","194",0.00110209172608348,0.0374515646798874,2.95778225804858,1.42653003330107,-2.44776966004227,-2.05037593915107,0.477576347634417,0.487766002061718,"CLR_more_sig"
-0.2,"cent vs mage","210",1.47264145322623e-13,3.16474708212098e-10,12.8319029787785,9.49966099187987,-4.93169364819572,-4.47617108961427,0.456942494067402,0.449906360613309,"CLR_more_sig"
-0.2,"cent vs mage","212",0.0413975912010139,0.0307292384703251,1.38302492840911,1.51244820226343,1.73853099141952,2.14287258376001,0.375353422281672,0.375740604056639,"TSS_more_sig"
-0.2,"cent vs mage","219",5.66992795307068e-12,7.60566367101148e-08,11.2464224595873,7.11886288337531,-4.47665941194578,-4.00307884717717,0.455653938892169,0.464344531431624,"CLR_more_sig"
-0.2,"cent vs mage","255",0.000876051385979817,0.0447229991665249,3.05747041895411,1.34946907994728,-2.68032112860795,-2.28706669938307,0.533210360450231,0.53084855472251,"CLR_more_sig"
-0.2,"cent vs mage","269",0.00145632154116554,0.0388720970626046,2.83674272657737,1.41036202952179,-2.02368563135474,-1.62171970500282,0.342940676834594,0.347455124415233,"CLR_more_sig"
-0.2,"cent vs mage","274",0.00129675699668371,0.0269739805740464,2.88714140008168,1.56905495959898,-2.54333027207148,-2.16031672642532,0.502582536686232,0.491275213550831,"CLR_more_sig"
-0.2,"cent vs mage","287",0.000111653105430569,0.020968021987552,3.95212919330366,1.67844253665,-2.58096952970415,-2.11016261022814,0.445556678389781,0.443241275810721,"CLR_more_sig"
-0.2,"cent vs mage","289",6.22517954515722e-05,0.0011710764542049,4.20584811823278,2.93141475090934,-2.9920576926603,-2.58126464218968,0.472883964031198,0.482541138346374,"CLR_more_sig"
-0.2,"cent vs mage","294",0.0317341169458895,4.95931178660188e-06,1.49847358214168,5.30457858722327,2.21655709377485,2.7112341555111,0.380551628863617,0.378795464499498,"TSS_more_sig"
-0.2,"cent vs mage","353",4.08484663405992e-10,7.44854920855417e-06,9.38882424445148,5.12792830873847,-3.79274725822505,-3.31921464414553,0.44170473454552,0.447005264438846,"CLR_more_sig"
-0.2,"cent vs mage","363",0.000501992343527498,0.00643473764877694,3.29930290673768,2.19146915505503,-2.58174186475591,-2.13694032187839,0.452923057867062,0.441622793888261,"CLR_more_sig"
-0.2,"cent vs mage","372",0.00188075144693654,0.0439348490161089,2.72566859538871,1.35719086173076,-2.58121403537686,-2.25014853652277,0.483817533403163,0.473083703521833,"CLR_more_sig"
-0.2,"cent vs mage","401",0.000174361291373532,0.0444389849816693,3.75854992312349,1.35223586921574,-2.60675340567293,-2.158760509974,0.436424329604083,0.445104848242067,"CLR_more_sig"
-0.2,"cent vs mage","453",0.000666290131937115,0.0409086574155466,3.17633661878498,1.38818477341259,-2.67195495426005,-2.21559811747905,0.458814032943496,0.449523752551186,"CLR_more_sig"
-0.2,"cent vs mage","464",0.000201325663917158,0.0152241782276616,3.69610086004836,1.81746614045692,-2.74205320319849,-2.31509416008508,0.478074934198634,0.482385030585684,"CLR_more_sig"
-0.2,"cent vs mage","488",0.00803328103529197,0.0236758849362794,2.09510703946737,1.62569377934642,-2.64892298770145,-2.08596415344986,0.459517027076872,0.449643114104119,"CLR_more_sig"
-0.2,"cent vs mage","528",5.49685633480526e-05,0.037506417586079,4.25988561355577,1.425894415372,-2.73100992506376,-2.14845022388999,0.440908491688366,0.429560157881254,"CLR_more_sig"
-0.2,"cent vs mage","531",8.7341883694565e-05,0.00391600008205156,4.05877744592357,2.40715730776917,-2.83752001559871,-2.35430805852716,0.484326623410558,0.478863462505584,"CLR_more_sig"
-0.2,"cent vs mage","546",0.000409377532335588,0.0392345492018873,3.38787599618849,1.40633133299377,-2.64340277573034,-2.19228409592395,0.429708168390671,0.42775810111183,"CLR_more_sig"
-0.2,"cent vs mage","652",0.0484105070567382,0.000443209483302441,1.31506036848925,3.35339095563103,1.709873607302,2.15668852484233,0.320073377310055,0.306548406715962,"TSS_more_sig"
-0.2,"cent vs mage","671",0.0428401782628295,0.000574345142045753,1.36814873068794,3.24082704795198,1.91586478782452,2.35509755272314,0.361815830381392,0.360110305932202,"TSS_more_sig"
-0.2,"cent vs mage","675",9.84561732838717e-08,3.08924955907456e-05,7.00675704804727,4.51014700663829,-3.62066580309198,-3.08746122863176,0.478761525119201,0.467886635487015,"CLR_more_sig"
-0.2,"cent vs mage","728",0.0241095312064469,0.000187849243708217,1.61781123410337,3.72619054909146,1.89474979229981,2.33453140281671,0.306732178268896,0.304414188708614,"TSS_more_sig"
-0.2,"cent vs mage","737",0.00201181721809116,0.0242286088452249,2.69641147927235,1.61567152140468,-2.58450465231779,-2.33817890451228,0.469997205285846,0.48769953090325,"CLR_more_sig"
-0.2,"cent vs mage","769",0.000119501698375874,0.0113112497961831,3.92262592241435,1.9464894066043,-2.64939706193182,-2.19091365374787,0.454980835322463,0.458513954532872,"CLR_more_sig"
-0.2,"cent vs mage","770",3.36861019819822e-07,0.000324997835592226,6.47254924089358,3.48811953130877,-2.69420014123149,-2.25370439850395,0.352993251551873,0.351074862874576,"CLR_more_sig"
-0.2,"cent vs mage","816",0.000345778871126095,0.0136074110083856,3.46120154788597,1.86622449726027,-2.36506758951399,-1.89481609206592,0.413533610608117,0.40916900161129,"CLR_more_sig"
-0.2,"cent vs mage","819",0.000160732380283114,0.0387257858640123,3.79389662378614,1.41199976032302,-2.59997387075516,-2.1171669074657,0.43565532991649,0.447419853192533,"CLR_more_sig"
-0.2,"cent vs mage","829",0.0428672107890929,0.00241447873832571,1.36787477350625,2.61717661460345,1.93395493985291,2.36462982354392,0.394466500547462,0.39555561111624,"TSS_more_sig"
-0.2,"cent vs mage","837",0.00123234995086395,0.039372626346586,2.90926594789565,1.40480561467924,-2.47191449003543,-2.06024343670469,0.456382217347556,0.45813418431469,"CLR_more_sig"
-0.2,"cent vs mage","849",0.000138907328033363,0.0119348797278932,3.85727484252369,1.923181953178,-2.46775085616243,-2.03791596818854,0.41803793455599,0.413527382665388,"CLR_more_sig"
-0.2,"cent vs mage","854",0.00135435040828849,4.53046155221029e-05,2.8682689569967,4.34385755088628,2.7590571619176,3.14291032527426,0.468406924431286,0.46993364252336,"TSS_more_sig"
-0.2,"cent vs mage","857",0.0319859603546384,0.00199949331541337,1.49504060538228,2.69908004343541,1.93228563860735,2.28932761389263,0.335518587543122,0.341140711635192,"TSS_more_sig"
-0.2,"cent vs mage","884",0.000257560523288554,0.0124088521121532,3.58912070121813,1.90626839129861,-2.40184184509264,-1.94330491808307,0.403704149842126,0.399336891287821,"CLR_more_sig"
-0.2,"cent vs mage","886",0.00626490289095055,0.00113652359248056,2.20308565639388,2.94442154456041,2.67951577060346,3.08593198968806,0.528912969040194,0.530669948264885,"TSS_more_sig"
-0.2,"cent vs mage","912",0.000483942109088625,0.0181072509012144,3.31520658713053,1.74214748061142,-2.74579909846151,-2.23620280461625,0.457677290104011,0.455217976767914,"CLR_more_sig"
-0.2,"cent vs mage","917",6.61626341767471e-05,0.00390706088269511,4.17938721225763,2.40814982122658,-3.01883608185112,-2.47048282449271,0.505878019403796,0.490526322770361,"CLR_more_sig"
-0.2,"cent vs mage","921",1.56273647626878e-11,8.73919632657174e-09,10.8061142507405,8.05852850409139,-4.46649352299032,-3.95937145585182,0.480917288454809,0.467935572726072,"CLR_more_sig"
-0.2,"cent vs mage","925",0.00124424208009082,0.0101695001158571,2.90509511496714,1.99270039439884,-2.29139102145854,-2.00946011793857,0.429622573954305,0.440626674853765,"CLR_more_sig"
-0.2,"cent vs mage","947",0.0403512809061923,0.0208286445455786,1.39414267453146,1.6813389914795,2.01982300510538,2.3971799268286,0.418646608704708,0.423809076126619,"TSS_more_sig"
-0.2,"cent vs mage","966",0.000292276243317489,0.0159366697333091,3.53420648336107,1.79760242745397,-2.96188376956766,-2.55431042082406,0.536359516984453,0.530722784142225,"CLR_more_sig"
-0.2,"cent vs mage","975",0.000405477455904903,0.0192364625637345,3.39203328707125,1.71587478834277,-2.53459481111318,-2.19301478405902,0.436231748466759,0.434097226874219,"CLR_more_sig"
-0.2,"cent vs mage","978",0.00397885746973215,5.61560814652509e-05,2.40024161783213,4.25060320460675,2.70920608979583,3.13322009981451,0.44298975502119,0.455367975596894,"TSS_more_sig"
-0.2,"cent vs mage","984",0.0472453963682333,0.000259474064809006,1.32564050311828,3.58590604464877,2.06568606628314,2.57102514602143,0.423171922690793,0.427248590320889,"TSS_more_sig"
-0.2,"cent vs mage","1004",1.94796659539828e-05,0.00824974521191136,4.71041849486941,2.08355946414943,-3.12766740066584,-2.60073384878425,0.46280968359073,0.462857721735679,"CLR_more_sig"
-0.2,"cent vs mage","1019",6.0789948019335e-08,0.000123165859548666,7.21616822797476,3.90950965795398,-3.26997063618258,-2.86969531820923,0.3991244231969,0.398867423068736,"CLR_more_sig"
-0.2,"cent vs mage","1030",0.028071556552971,0.00231397378476801,1.55173350529845,2.63564156552044,1.9918538836296,2.35423028071675,0.402214037184024,0.405121865808353,"TSS_more_sig"
-0.2,"cent vs mage","1040",0.000555483264044269,0.0315060400231322,3.25532902122845,1.50160617963075,-2.45079201207337,-1.96997860258978,0.446984501253597,0.445900623786495,"CLR_more_sig"
-0.2,"cent vs mage","1043",0.00803381964817053,0.000322673234572967,2.09507792200483,3.49123705740166,2.16402631096005,2.56828492402454,0.329686035321955,0.328358384396624,"TSS_more_sig"
-0.2,"cent vs mage","1058",2.61205316029829e-06,0.000180287196506269,5.58301798858025,3.74403511456499,-3.29312196946936,-2.79200510176388,0.459835689303227,0.451290330799966,"CLR_more_sig"
-0.2,"cent vs mage","1074",9.80829017362958e-05,6.24402108578778e-07,4.00840669423859,6.20453563901356,2.75414078986112,3.14125197133469,0.368423833649702,0.373438602850023,"TSS_more_sig"
-0.2,"cent vs mage","1079",4.14080739616638e-05,0.00448137602383011,4.382914969625,2.34858861372521,-2.64576281985981,-2.2441922013367,0.413709879941931,0.424169091611784,"CLR_more_sig"
-0.2,"cent vs mage","1087",7.06260698550323e-05,5.37655355795141e-05,4.15103496036022,4.26949602366193,3.25449132833136,3.7142504603789,0.494440557260154,0.498637966681976,"TSS_more_sig"
-0.2,"cent vs mage","1098",7.50025901264765e-08,9.69456459065969e-11,7.1249237384988,10.0134716914971,3.88719134897155,4.35194395645533,0.437038828331497,0.439025231734802,"TSS_more_sig"
-0.2,"cent vs mage","1104",3.33934347773794e-05,0.000872176177096312,4.47633890804527,3.05939577996128,-2.94590037295212,-2.4715352904252,0.446780290437842,0.449784578115653,"CLR_more_sig"
-0.2,"eld vs kin","3",0,2.43373377006861e-12,29.1895174342776,11.6137269316581,-5.05672112651311,-4.694606698225,0.445965206506175,0.446201532149452,"CLR_more_sig"
-0.2,"eld vs kin","4",3.64279777169776e-05,2.11653182840802e-07,4.43856493775439,6.67437519621996,2.15678935962669,2.52672264376075,0.219927114646304,0.220232989374321,"TSS_more_sig"
-0.2,"eld vs kin","5",3.10727706139754e-08,3.70447396492165e-05,7.5076200210059,4.43127345309661,-3.11486083673212,-2.74847971223284,0.38497323877451,0.385429460369868,"CLR_more_sig"
-0.2,"eld vs kin","7",3.72730192927562e-24,6.46372045578955e-29,23.4286054258919,28.1895174342776,7.24144938069123,7.60779149666948,0.470800343305735,0.461553001459065,"TSS_more_sig"
-0.2,"eld vs kin","10",8.42903178698674e-06,0.000792475921223378,5.07422230837859,3.10101392461644,-3.03458792344855,-2.68530742328804,0.469770990019676,0.473153387856662,"CLR_more_sig"
-0.2,"eld vs kin","11",6.5601681538922e-06,1.04569828373794e-06,5.18308502840307,5.9805936047704,2.85071251374408,3.24374924449133,0.348564482192209,0.352440493948488,"TSS_more_sig"
-0.2,"eld vs kin","12",7.90080019681949e-05,0.0181458664215901,4.10232892092931,1.7412222904487,-2.3193891476571,-1.93915523840937,0.370559109344334,0.370059446388071,"CLR_more_sig"
-0.2,"eld vs kin","14",8.1186793833276e-06,9.80608808047503e-08,5.09051460908122,7.00850421014221,2.49330469391046,2.86318431448187,0.276634761748839,0.27721986169076,"TSS_more_sig"
-0.2,"eld vs kin","15",0.00150976660777112,0.000149787049228564,2.82109018435672,3.82452573464531,2.62747050219676,2.97149064896285,0.438217164072291,0.43418391482312,"TSS_more_sig"
-0.2,"eld vs kin","16",3.5350038401422e-07,1.46714360199384e-09,6.45161011008443,8.83352737593089,2.641366943372,3.0225094598825,0.265383152295557,0.267942115868411,"TSS_more_sig"
-0.2,"eld vs kin","21",1.10412778140932e-14,2.58656689601029e-16,13.956980662522,15.5872762850135,3.72886516300418,4.09228014892599,0.292602560800897,0.294007837336944,"TSS_more_sig"
-0.2,"eld vs kin","23",0.00695825965643992,0.000564279574194779,2.15749936902692,3.24850567004725,2.04555466818317,2.42186694076952,0.309267348025791,0.31382148454945,"TSS_more_sig"
-0.2,"eld vs kin","25",0.000617121354057258,0.000112785433038326,3.20962942556944,3.947746988647,2.684191174188,3.06395135100436,0.420979649502421,0.423955563673712,"TSS_more_sig"
-0.2,"eld vs kin","26",0.0203304703757887,0.00148178708598042,1.69185257319441,2.82921419448537,2.07672540191169,2.44234402171752,0.361544181397516,0.363201045507123,"TSS_more_sig"
-0.2,"eld vs kin","29",0.00304656806235594,0.000169281334946521,2.51618911500368,3.77139092480073,2.07523880245965,2.45046594906503,0.291049124981218,0.291912985518954,"TSS_more_sig"
-0.2,"eld vs kin","31",0.000431384560476822,3.4776980210385e-05,3.36513540262641,4.45870813179002,3.25501622333218,3.59863186939353,0.540630318660405,0.530403709913487,"TSS_more_sig"
-0.2,"eld vs kin","33",6.44189658126793e-08,3.99079951127353e-05,7.19098625165933,4.39894008963885,-3.54443749398869,-3.17205580454507,0.458758992664467,0.457964393462828,"CLR_more_sig"
-0.2,"eld vs kin","36",0.0205716475952627,0.00132317834747568,1.68673092401378,2.87838161453939,1.75687469501237,2.12300293570229,0.262539417658642,0.261764612807752,"TSS_more_sig"
-0.2,"eld vs kin","38",0.000585840170058715,0.0373250391195027,3.23222085280342,1.42799972842878,-2.13729716254409,-1.78807445924117,0.376193530702115,0.378750069799306,"CLR_more_sig"
-0.2,"eld vs kin","47",0.0159743644011852,0.00818577716972491,1.79657641282837,2.08694008173766,2.49692469882603,2.92020582424403,0.535783726999603,0.541657035307923,"TSS_more_sig"
-0.2,"eld vs kin","55",0.0202939570538283,0.00436647280751446,1.69263326301661,2.35986924009344,2.1337124024937,2.49421384013259,0.412804263135132,0.411302588348957,"TSS_more_sig"
-0.2,"eld vs kin","57",0.000163976605340481,0.0102487865320208,3.78521810863694,1.98932755252481,-2.73306501678241,-2.4058591679857,0.476329538937716,0.494674364581956,"CLR_more_sig"
-0.2,"eld vs kin","61",0.0430369679232747,0.0120642780536508,1.36615833354464,1.9184986618776,1.85676836672128,2.21394665425632,0.360096117254401,0.358448974583715,"TSS_more_sig"
-0.2,"eld vs kin","62",0.000341431069589633,0.0390145046567922,3.46669696143634,1.40877390268379,-1.97830243739987,-1.59959102432779,0.317873578588219,0.319067973594108,"CLR_more_sig"
-0.2,"eld vs kin","65",7.71166739734497e-08,6.41033555774893e-05,7.11285170973447,4.19311923614976,-3.01795147643603,-2.64068139741073,0.369855648849428,0.358729620112491,"CLR_more_sig"
-0.2,"eld vs kin","67",6.58813281706472e-14,3.72193204844125e-10,13.181237654017,9.42923156007586,-5.80418888205032,-5.39878680382651,0.566449107135899,0.573700822344918,"CLR_more_sig"
-0.2,"eld vs kin","70",0.0487357411579062,0.0156142812025053,1.31215242493449,1.80647800355487,2.19640982117632,2.5860491980501,0.513460680722579,0.50984051166604,"TSS_more_sig"
-0.2,"eld vs kin","71",0.0345108941122073,0.032160589287708,1.46204378881145,1.49267600214824,2.37490872991553,2.6808982168437,0.522738228472283,0.542255025656073,"TSS_more_sig"
-0.2,"eld vs kin","74",1.2959062838593e-05,1.30120019638856e-06,4.88742640423271,5.88565587984264,3.42293382303468,3.69127838589018,0.493577254526996,0.488982592320908,"TSS_more_sig"
-0.2,"eld vs kin","77",0.0132414159851444,0.00120364919350948,1.8780655706627,2.91950007082136,1.99699183849479,2.36973700206864,0.358574824855633,0.370191374848281,"TSS_more_sig"
-0.2,"eld vs kin","79",3.63727992725786e-07,2.84832791114753e-06,6.4392232740937,5.54541001440168,-4.0082071710705,-3.68573993617456,0.481148052604473,0.488168884866792,"CLR_more_sig"
-0.2,"eld vs kin","80",0.00601933464231144,0.0011135311534255,2.22045151158976,2.95329762813913,2.14718909240776,2.51503535716119,0.351917337328239,0.357462481677766,"TSS_more_sig"
-0.2,"eld vs kin","81",0.00247937643531033,0.0493113203290409,2.60565753076875,1.30705336891603,-1.7377965184102,-1.38171953539849,0.312244791319681,0.307683929680793,"CLR_more_sig"
-0.2,"eld vs kin","82",1.96174437974738e-05,6.20066314948892e-05,4.70735758293853,4.20756186102392,-4.21333773369431,-3.70563783013329,0.595589971838021,0.603386057001712,"CLR_more_sig"
-0.2,"eld vs kin","83",3.94736264278037e-07,0.000269859824204808,6.40369297329444,3.5688617668881,-3.71140512936367,-3.38004675836755,0.52271046473933,0.52097651262382,"CLR_more_sig"
-0.2,"eld vs kin","84",4.02503076339301e-09,2.72843879855328e-07,8.39523079596176,6.564085783405,-4.12669075164627,-3.75317920471651,0.483470175990732,0.475923040246808,"CLR_more_sig"
-0.2,"eld vs kin","85",0.0012643390981429,0.018513249939456,2.89813643182762,1.73251733560263,-2.59937200228554,-2.23053524936106,0.487494128045767,0.486236738331135,"CLR_more_sig"
-0.2,"eld vs kin","87",9.0936699801111e-05,0.0046063377408833,4.04126081089816,2.33664422233695,-3.15560440203337,-2.83345925960784,0.522233656240077,0.534922712559182,"CLR_more_sig"
-0.2,"eld vs kin","88",0.0127396214999464,0.0496651516567319,1.89484347489914,1.30394823403537,-2.64471275826382,-2.328399375948,0.589968850808373,0.598565189410425,"CLR_more_sig"
-0.2,"eld vs kin","89",6.37120170126718e-11,4.63650348940169e-13,10.1957786456854,12.3338094090338,4.56194623604915,4.97513522245781,0.439705098792536,0.450538590186524,"TSS_more_sig"
-0.2,"eld vs kin","91",5.81994768873527e-09,1.3339647179721e-06,8.23508091888889,5.87485565692071,-4.64040945404924,-4.22411384616083,0.583799569572944,0.575289335008065,"CLR_more_sig"
-0.2,"eld vs kin","100",1.6108962128866e-06,0.000165514723376133,5.7929324394831,3.78116336746772,-3.94449483031942,-3.57155655253287,0.572417534660267,0.566530341494139,"CLR_more_sig"
-0.2,"eld vs kin","102",0.000661733674959823,0.00225926686804112,3.17931676398554,2.6460324665244,-3.06279010684692,-2.70212822157656,0.550291497134508,0.542825740129477,"CLR_more_sig"
-0.2,"eld vs kin","108",0.00168838710371713,0.0152812327867401,2.77252797374452,1.81584160839894,-3.06155173299675,-2.62221249544066,0.642551245254053,0.646621476799513,"CLR_more_sig"
-0.2,"eld vs kin","110",0.000449276643119799,0.0160520935831678,3.34748615881151,1.79446831700854,-2.75191559701051,-2.37493286540298,0.526944521097507,0.524524732772174,"CLR_more_sig"
-0.2,"eld vs kin","111",5.50833833124207e-07,3.15437058785249e-05,6.25897939251118,4.50108728538732,-3.52778427777078,-3.13907121385673,0.456734987764804,0.451733971289235,"CLR_more_sig"
-0.2,"eld vs kin","115",0.000635367723622722,0.0146206886024772,3.19697485090104,1.83503217257559,-2.940917708422,-2.56348364571017,0.556388734717793,0.562263073299424,"CLR_more_sig"
-0.2,"eld vs kin","118",7.69299959624855e-05,0.0267313362554404,4.11390429035532,1.57297933103549,-2.46240742169668,-2.10753063631081,0.393597759453624,0.394583376970998,"CLR_more_sig"
-0.2,"eld vs kin","119",0.00177042163584645,0.00237090843657508,2.75192329165236,2.62508521795688,2.10017150225749,2.48286092599772,0.31761511444321,0.321877711662303,"CLR_more_sig"
-0.2,"eld vs kin","121",1.34334919725994e-07,9.01680141379998e-11,6.87181107986259,10.0449474951293,4.2625935822041,4.64795380882552,0.492586327482922,0.502034651081663,"TSS_more_sig"
-0.2,"eld vs kin","124",0.0355163416595705,0.000691896742879954,1.44957177484403,3.15995871384309,2.20578443335962,2.60426984318796,0.424459613009837,0.427393202154153,"TSS_more_sig"
-0.2,"eld vs kin","125",0.0292370703161629,0.0211357675205743,1.53406614776306,1.67498197665456,2.65634339673343,2.93903735414637,0.53746140822611,0.533511889327545,"TSS_more_sig"
-0.2,"eld vs kin","126",0.00164317920214324,0.0469387736025172,2.78431507061363,1.32846826166153,-2.53042133923784,-2.076324509121,0.5242409189678,0.534287496683642,"CLR_more_sig"
-0.2,"eld vs kin","128",0.00301512491650679,0.0106107903392126,2.52069469034778,1.97425226669475,-2.94098954046689,-2.4709768459936,0.585896486475089,0.588102236615808,"CLR_more_sig"
-0.2,"eld vs kin","130",0.000572222859133475,0.00168632108872133,3.24243479700745,2.77305972877229,-3.55891291176109,-3.22992281002145,0.593493289282899,0.593823392319509,"CLR_more_sig"
-0.2,"eld vs kin","133",0.000485408537746968,0.0026085597884175,3.31389258922413,2.58359920476019,-2.79686688630001,-2.42160982684602,0.486670544941113,0.486489658137526,"CLR_more_sig"
-0.2,"eld vs kin","138",3.53630723374837e-07,1.83762614227776e-07,6.45145001059188,6.73574283944656,3.64319746439213,3.95920629705673,0.445382271109493,0.446696176340219,"TSS_more_sig"
-0.2,"eld vs kin","139",9.81269823506737e-08,1.29353668013235e-06,7.00821155658796,5.88822125171496,-4.21010432584711,-3.89615351889154,0.531639499900548,0.531196785459844,"CLR_more_sig"
-0.2,"eld vs kin","145",0.00659071212601547,0.0250071320872652,2.18106765738021,1.60193611195174,-2.53714721875423,-2.33431849103191,0.544950039354642,0.524244796359447,"CLR_more_sig"
-0.2,"eld vs kin","147",0.00388545023494348,0.0124798615680875,2.41055864913538,1.90379023200529,-3.10081984493159,-2.74669878145285,0.566315355935031,0.555848869929401,"CLR_more_sig"
-0.2,"eld vs kin","151",1.37121605044979e-12,1.099964689564e-14,11.8628941118583,13.9586212560905,5.09941359064614,5.45659167359908,0.48141215662334,0.484071053909398,"TSS_more_sig"
-0.2,"eld vs kin","162",0.00263824865816539,0.00921917681651896,2.57868427407403,2.03530785551945,-3.13132190609006,-2.74284621459245,0.608610217783302,0.587209533270153,"CLR_more_sig"
-0.2,"eld vs kin","163",0.000162676087073766,0.00132324570354505,3.78867628243606,2.87835950744794,-3.2661405592029,-2.95006599330038,0.580267316231408,0.561895834922724,"CLR_more_sig"
-0.2,"eld vs kin","164",0.000973998761593208,9.37546413535068e-06,3.01144159531192,5.02800722318081,2.90847799060548,3.28362211734185,0.460310479114495,0.465630141666804,"TSS_more_sig"
-0.2,"eld vs kin","169",4.44531938208189e-07,7.98051969661947e-05,6.35209703089335,4.09796882618999,-3.7759277289277,-3.4128745889353,0.530488765075386,0.531619240590168,"CLR_more_sig"
-0.2,"eld vs kin","172",1.64114491417246e-05,0.000526689993251039,4.78485306876607,3.27844493286169,-3.03137550344155,-2.77529076093543,0.462283845353593,0.453070558226698,"CLR_more_sig"
-0.2,"eld vs kin","181",0.000366163284489059,0.0188678883661691,3.43632520493657,1.72427670196737,-2.845641167009,-2.53077062900616,0.4862310330108,0.493577053553421,"CLR_more_sig"
-0.2,"eld vs kin","200",0.00798268250996347,0.0468957186390571,2.09785114329727,1.32886680454091,-2.58086887040475,-2.02541244867074,0.53688956707153,0.537068157610814,"CLR_more_sig"
-0.2,"eld vs kin","203",0.000705767966146788,0.0400274773778351,3.15133805756773,1.39764177925307,-2.48989098367506,-2.11220408254421,0.435365292587537,0.438832258251141,"CLR_more_sig"
-0.2,"eld vs kin","206",0.0113643537746373,0.00400164470257073,1.94445525506338,2.39776147406135,2.5037916065683,2.84873291970255,0.543684100748098,0.547470147478542,"TSS_more_sig"
-0.2,"eld vs kin","207",4.22649643252232e-05,8.36201550948278e-06,4.37401949326505,5.07768903127537,3.16396499438107,3.55510921739712,0.454467860765652,0.468544048359091,"TSS_more_sig"
-0.2,"eld vs kin","216",0.000536140891601733,0.0306497976114289,3.27072106776121,1.51357238889532,-2.67703102555301,-2.29858272134868,0.511752447267856,0.516857009383236,"CLR_more_sig"
-0.2,"eld vs kin","222",0.00203420968864936,0.000989347090898476,2.69160428153641,3.00465131890134,3.03913806006382,3.36218260228445,0.512854961894878,0.498144059938149,"TSS_more_sig"
-0.2,"eld vs kin","246",0.00802903670807229,0.000133311469326169,2.09533655652254,3.87513248486379,2.55213603019699,2.98875501502096,0.468988651949872,0.484339643686064,"TSS_more_sig"
-0.2,"eld vs kin","251",0.000492709246235422,0.0261622517391049,3.30740928763103,1.58232487977503,-3.13765550368882,-2.65041717972656,0.593249940404573,0.595527979037068,"CLR_more_sig"
-0.2,"eld vs kin","252",0.00031908908302287,0.00470237519798262,3.49608805404538,2.32768272189066,-2.74606155458851,-2.37931285417608,0.481800587009163,0.468596540638407,"CLR_more_sig"
-0.2,"eld vs kin","255",0.0149394626834147,0.044857747932146,1.82566502218758,1.3481625338113,-2.48617101492211,-2.07147610881556,0.566224043572675,0.571521986850419,"CLR_more_sig"
-0.2,"eld vs kin","267",0.000677245159239161,0.000805177694091964,3.16925409050038,3.09410826491473,-3.50527209866553,-3.18683929079163,0.612472147402235,0.600635571729731,"CLR_more_sig"
-0.2,"eld vs kin","282",0.000237026869979066,0.000169964268996312,3.62520241845331,3.7696423692614,-3.21022240699075,-2.95808361618045,0.471028929033337,0.479698779590512,"TSS_more_sig"
-0.2,"eld vs kin","294",0.0176922859696435,0.0151700246580445,1.75221604951754,1.8190137132908,2.29370400821921,2.71083593675854,0.443357660897132,0.463471990911899,"TSS_more_sig"
-0.2,"eld vs kin","329",0.00728372429455736,0.001349634900427,2.13764650159465,2.86978369978253,2.31655606519442,2.58460642236034,0.430447204477861,0.408028258134669,"TSS_more_sig"
-0.2,"eld vs kin","344",0.00612015479773351,5.38844831239441e-05,2.21323759305848,4.26853627866927,2.729813521626,3.1767139139432,0.429781754184897,0.419801979407526,"TSS_more_sig"
-0.2,"eld vs kin","349",0.00406920971025596,0.0230064050070023,2.39048992782671,1.63815123911487,-2.6126223363943,-2.26545469254614,0.496397865693626,0.494347648577784,"CLR_more_sig"
-0.2,"eld vs kin","435",0.0429393543442714,0.00624036745597929,1.36714449010071,2.20478983669488,2.52025488606094,2.80598244376641,0.562324994875869,0.551518202145527,"TSS_more_sig"
-0.2,"eld vs kin","473",0.00027604898480495,0.0104850690316913,3.55901384567805,1.97942870587733,-3.06195823006898,-2.61805297256807,0.538342314498272,0.530699874410512,"CLR_more_sig"
-0.2,"eld vs kin","614",0.000162132666575104,0.000318582262271474,3.79012947445426,3.49677840810823,-3.15493475209389,-2.88866622270726,0.514548862623793,0.500690331938224,"CLR_more_sig"
-0.2,"eld vs kin","616",6.35889672892288e-06,0.000586963565389353,5.19661822807868,3.23138885589284,-2.93596975954918,-2.55449151603321,0.437129866135506,0.429435389086182,"CLR_more_sig"
-0.2,"eld vs kin","666",6.46877135190849e-12,1.85462315079506e-08,11.1891781993556,7.73174432333026,-4.1706295630575,-3.85580774091523,0.427626306962573,0.426370194822221,"CLR_more_sig"
-0.2,"eld vs kin","728",1.4910854034154e-10,1.10032828082237e-10,9.82649748118159,9.95847772458748,3.76631907753448,4.17880546606966,0.37615734274175,0.391511362621402,"TSS_more_sig"
-0.2,"eld vs kin","744",5.1340333941328e-08,1.26519429176312e-05,7.28954131080278,4.89784277617883,-3.9703304240902,-3.62989919276019,0.521048105903501,0.525660685711119,"CLR_more_sig"
-0.2,"eld vs kin","757",0.00114625998560388,0.0387992019224916,2.94071686796421,1.41117720750432,-2.28742035166945,-1.94739507356415,0.445627322436183,0.444769168909939,"CLR_more_sig"
-0.2,"eld vs kin","770",6.05340026383348e-06,0.000523071901493322,5.21800060865362,3.28143860888512,-2.93260654738066,-2.56750785981413,0.428389258516723,0.435942838442642,"CLR_more_sig"
-0.2,"eld vs kin","786",1.36674979310606e-08,3.6041790151632e-05,7.86431098317842,4.44319364628155,-4.11500924550585,-3.76501745976168,0.495394657371606,0.519193262525876,"CLR_more_sig"
-0.2,"eld vs kin","849",4.49181160353587e-07,0.000345584758439008,6.34757846729495,3.46144541975738,-3.09854757932717,-2.71375261673257,0.430194906326873,0.437950975157898,"CLR_more_sig"
-0.2,"eld vs kin","854",0.000259116282667523,0.00037358112051038,3.58650529542611,3.42761507961898,2.95063394428683,3.26221507383956,0.458988840800045,0.463345495871947,"CLR_more_sig"
-0.2,"eld vs kin","875",0.00320724914446014,0.0118486436378844,2.49386730204179,1.92633136225279,-2.65511706498863,-2.35139657228918,0.567443694728447,0.56232649692346,"CLR_more_sig"
-0.2,"eld vs kin","879",7.2430787321229e-05,0.000112611797226748,4.14007679400118,3.94841611035411,-2.8766858593745,-2.5509989898204,0.419562911888243,0.419573921474728,"CLR_more_sig"
-0.2,"eld vs kin","886",7.68052185154704e-09,4.14336231361467e-09,8.1146092709128,8.38264708844352,4.25795726102684,4.58444734124524,0.526610893854894,0.515549072258837,"TSS_more_sig"
-0.2,"eld vs kin","888",0.00434129992911778,0.000658970664213541,2.3623802088489,3.18113391871974,2.56058303270832,2.83755530057232,0.462536574323095,0.44530389724704,"TSS_more_sig"
-0.2,"eld vs kin","891",2.70002343887851e-05,0.000300806968027172,4.56863246571827,3.52171210777222,-3.68000339784555,-3.33487250311162,0.562782163358248,0.572482945596141,"CLR_more_sig"
-0.2,"eld vs kin","895",0.000235258416942439,0.00277766348684591,3.62845482968067,2.55632037006648,-3.48196176340672,-3.09819889603366,0.510688781415388,0.502636081379598,"CLR_more_sig"
-0.2,"eld vs kin","914",0.000359738057534127,0.00723864115364215,3.44401361471761,2.14034295243025,-3.14652223737055,-2.77099607445054,0.559695524048608,0.558041749605744,"CLR_more_sig"
-0.2,"eld vs kin","917",0.00797193848735217,0.0418466941204341,2.09843606103861,1.37833884548345,-2.46065079766904,-2.10903164826731,0.53542548278986,0.536318617702555,"CLR_more_sig"
-0.2,"eld vs kin","935",0.0169665847034957,0.0112270572708952,1.77040557039305,1.94973406194757,-2.80209169569234,-2.38096173658731,0.550850989921348,0.538957501730984,"TSS_more_sig"
-0.2,"eld vs kin","944",0.0450734010288613,0.00848274786375671,1.34607967085424,2.07146344152203,1.66138305122041,2.03059612328102,0.294286693921506,0.296255042029914,"TSS_more_sig"
-0.2,"eld vs kin","947",7.13386568581166e-08,1.2751490599995e-08,7.14667507168115,7.89443904491519,3.86264245707127,4.19140745865904,0.439294110363118,0.428233712968933,"TSS_more_sig"
-0.2,"eld vs kin","965",0.00139703878102494,0.0357735628394282,2.85479153794354,1.44643780448483,-3.13583216645254,-2.81819218533697,0.599697230391939,0.588733527710788,"CLR_more_sig"
-0.2,"eld vs kin","978",1.16705267351398e-19,4.5710952102454e-24,18.932909542155,23.3399797328009,5.74940510881782,6.0409277999306,0.411887569422309,0.401830782610572,"TSS_more_sig"
-0.2,"eld vs kin","984",1.0676783047431e-12,1.81518846084131e-16,11.9715595820644,15.7410782779257,4.48939271587394,4.89953752409352,0.408996999076732,0.417372730320199,"TSS_more_sig"
-0.2,"eld vs kin","988",0.00211859223865153,0.000337491014554584,2.67395262306477,3.47173778544424,2.87940556346997,3.19259115149032,0.525605340966619,0.521191545441522,"TSS_more_sig"
-0.2,"eld vs kin","991",1.01743323456545e-07,0.000189036486008899,6.99249408019725,3.72345436438208,-4.17399073898301,-3.70515515163524,0.564093855768133,0.567406660488944,"CLR_more_sig"
-0.2,"eld vs kin","1014",4.29445384537485e-10,1.90948792704089e-08,9.36709206047581,7.71908308315927,-4.58918806116637,-4.27083748406929,0.521045428731674,0.525372819149584,"CLR_more_sig"
-0.2,"eld vs kin","1021",2.26570315376641e-06,1.01589454236712e-05,5.64479699082132,4.99315137280518,-4.17730082493325,-3.8097578632455,0.553839580879859,0.561080449633789,"CLR_more_sig"
-0.2,"eld vs kin","1030",1.05121427721384e-07,1.00839271097117e-06,6.97830874931295,5.99637030222253,3.81944037756646,4.13365195044157,0.433301323666514,0.442939163911897,"CLR_more_sig"
-0.2,"eld vs kin","1043",0.0466939596094891,0.00635347045924895,1.33073929669165,2.1969889850093,2.05331061967202,2.36774790673959,0.428124238620091,0.418317532808219,"TSS_more_sig"
-0.2,"eld vs kin","1047",3.85089609399627e-05,0.0249774527385539,4.4144381994798,1.60245185411231,-2.03530318390001,-1.67661762276127,0.291484134158766,0.291262355160422,"CLR_more_sig"
-0.2,"eld vs kin","1074",1.47712988713085e-14,7.53637674063594e-18,13.8305813145838,17.1228373994549,4.6353188704986,5.10912953814451,0.390470934376903,0.388877403159068,"TSS_more_sig"
-0.2,"eld vs kin","1076",1.34643352348164e-11,1.25752239639597e-14,10.8708150838401,13.9004842714453,4.12219369026508,4.46540714255853,0.404738867721739,0.4171303960728,"TSS_more_sig"
-0.2,"eld vs kin","1079",0.000180796004230386,0.00740580496708855,3.74281117209003,2.13042772934201,-2.74633954237122,-2.34657244459833,0.491551703415773,0.492250201554922,"CLR_more_sig"
-0.2,"eld vs kin","1089",1.0415674469904e-06,3.0427742993864e-08,5.9823126019454,7.51673026064425,2.65947547205278,3.02537181676756,0.29070312045484,0.290133637628139,"TSS_more_sig"
-0.2,"eld vs kin","1098",3.07346904694897e-25,1.11800137559867e-25,24.5123711563212,24.9515576620895,6.59861040787304,6.98216182304001,0.437982767392489,0.442851782096108,"TSS_more_sig"
-0.2,"eld vs kin","1101",0.00435909049421393,0.0121588001279121,2.36060411498557,1.91510928061738,-3.04026336525985,-2.64896894936451,0.594497348575005,0.591603363881459,"CLR_more_sig"
-0.2,"eld vs kin","1104",1.86004508539239e-06,0.000501746905853307,5.73047652884669,3.29951529701682,-3.14194284961714,-2.84497354003162,0.462252580736475,0.472187509838703,"CLR_more_sig"
-0.2,"eld vs kin","1105",4.21600572214463e-12,1.13907940572922e-08,11.3750988083519,7.94344600000518,-4.91224597216993,-4.54004353078163,0.511629347666467,0.50819383239883,"CLR_more_sig"
-0.2,"eld vs kin","1108",0.0465312029032066,0.00298096035725282,1.33225572014087,2.52564379945909,2.12373257454985,2.57959679532433,0.437745755041205,0.448577344054624,"TSS_more_sig"
-0.2,"eld vs kin","1112",3.60603083219296e-07,9.23000609754845e-05,6.44297056430413,4.03479801206935,-3.99735766431312,-3.53779839916101,0.529678357399642,0.539679892832549,"CLR_more_sig"
-0.1,"cent vs mage","4",6.8799340663551e-05,3.08156763599172e-07,4.16241572379288,6.51122829568745,1.7870345382003,1.96246619551593,0.182732641449187,0.182809144511515,"TSS_more_sig"
-0.1,"cent vs mage","7",1.98401724182593e-09,2.13998601661764e-10,8.70245455798964,9.66958906446653,3.76102561299229,3.92602937696042,0.415699774484426,0.417216293405619,"TSS_more_sig"
-0.1,"cent vs mage","8",0.00759398812384371,0.00114528309707714,2.11953008638416,2.94108714886838,1.8671515527111,2.04003495233416,0.314446982446642,0.314319190588,"TSS_more_sig"
-0.1,"cent vs mage","9",0.02808458895436,0.00299967108078565,1.55153192806911,2.52292636382409,1.60459904413453,1.78032528932695,0.271435502124679,0.271827887525849,"TSS_more_sig"
-0.1,"cent vs mage","11",0.00856031516002627,0.000564739292679055,2.06751024586715,3.2481519944483,1.81109490558705,1.99244272471071,0.298103148006332,0.299172010484376,"TSS_more_sig"
-0.1,"cent vs mage","14",5.0016578029851e-06,1.72673726375972e-07,5.30088602459253,6.7627737386224,2.28708984979738,2.46411390669643,0.259037196546653,0.259701165499879,"TSS_more_sig"
-0.1,"cent vs mage","19",0.00274252491331281,0.000331931064838131,2.56184941856997,3.47895210084102,2.10370291442356,2.27903086195449,0.344315080917575,0.346108641951695,"TSS_more_sig"
-0.1,"cent vs mage","20",1.15728306735253e-05,3.13868046267817e-07,4.93656040115776,6.50325289594678,2.26681458506002,2.43866303985594,0.268418599575093,0.268785488843325,"TSS_more_sig"
-0.1,"cent vs mage","21",4.30743143062094e-07,6.36104929032029e-09,6.36578162729606,8.19647123916153,2.44360177825971,2.62288594644124,0.260973818536312,0.261292019181423,"TSS_more_sig"
-0.1,"cent vs mage","22",0.00317430416492266,0.0156997052642116,2.49835146106622,1.80410850066899,-2.02085237748442,-1.84413595972475,0.322367999216619,0.322093001869531,"CLR_more_sig"
-0.1,"cent vs mage","23",0.00828407390628627,0.000853747219756532,2.08175603520723,3.06867069759605,1.73451474986416,1.90103683233655,0.266219688062493,0.266340063794776,"TSS_more_sig"
-0.1,"cent vs mage","24",1.31973538824941e-07,4.27594473620495e-09,6.87951313769054,8.36896791639973,4.07987698609095,4.26419099143686,0.496173045206393,0.490786411203918,"TSS_more_sig"
-0.1,"cent vs mage","26",9.38501165165814e-05,1.52180153310382e-06,4.02756518385801,5.8176419827153,2.68479481164787,2.83732948029237,0.373642172832627,0.371675450420022,"TSS_more_sig"
-0.1,"cent vs mage","28",0.0470859185924863,0.045985358735973,1.32710895257238,1.3373804211951,1.82462557545133,1.98362866567218,0.462227779041388,0.460137573929333,"TSS_more_sig"
-0.1,"cent vs mage","32",0.00334038989751063,5.25030040754449e-05,2.47620283844152,4.27981584676425,1.72755822715611,1.90548079742985,0.229288629745402,0.228754570394009,"TSS_more_sig"
-0.1,"cent vs mage","36",0.0345276277707059,0.00776482517662763,1.46183325893647,2.1098683178724,1.3233261242026,1.49987968627327,0.203231353014642,0.203200197243297,"TSS_more_sig"
-0.1,"cent vs mage","39",1.95329166200992e-06,3.3093367959558e-07,5.70923290379655,6.48025903181812,3.20336214672149,3.38257854124331,0.417742971019683,0.417024912851211,"TSS_more_sig"
-0.1,"cent vs mage","42",3.64018991262527e-06,1.15163611112663e-06,5.43887595814938,5.9386847256825,3.0402424113643,3.20635868081469,0.41288939386326,0.411985598875743,"TSS_more_sig"
-0.1,"cent vs mage","47",0.0421714294805391,0.0169797695408191,1.37498167750095,1.77006820854612,2.07675553602005,2.28282655333395,0.496809974669582,0.497266676511116,"TSS_more_sig"
-0.1,"cent vs mage","51",0.00414794483865593,0.0186618260839515,2.38216702769925,1.72904586223038,-2.1980811784523,-2.00922810251597,0.38558341192007,0.386239373493695,"CLR_more_sig"
-0.1,"cent vs mage","55",0.00196779529360449,0.000428464820777091,2.70602008247075,3.36808483014587,2.05341683543517,2.25552773988553,0.355906585289707,0.355997191126856,"TSS_more_sig"
-0.1,"cent vs mage","56",0.00015489959598261,8.4292362652447e-06,3.80994971498935,5.07421177304023,2.56635740796199,2.78889858512953,0.376401601630933,0.37642681762254,"TSS_more_sig"
-0.1,"cent vs mage","57",0.00318587324104091,0.0212199860763314,2.4967715078229,1.67325490540048,-2.37231203504781,-2.21601081059305,0.451801662905323,0.456095049340279,"CLR_more_sig"
-0.1,"cent vs mage","61",0.0377973577720409,0.00880437887303617,1.42253855849954,2.05530127700822,1.46437479032454,1.64152420232964,0.282555623556163,0.282677146353542,"TSS_more_sig"
-0.1,"cent vs mage","69",0.00160237971819559,0.000229498108246694,2.79523456067621,3.63922089000214,2.26885551856157,2.47456613265103,0.386186240398586,0.388003082931136,"TSS_more_sig"
-0.1,"cent vs mage","90",0.0014830197597138,0.000129146376240689,2.82885306240554,3.88891777532692,1.97996298923452,2.13083714724012,0.283250888905065,0.283721357282579,"TSS_more_sig"
-0.1,"cent vs mage","92",0.027615353682747,0.00432207056783652,1.55884939019219,2.36430814652918,1.51829039581088,1.6813178602907,0.238368937447408,0.238684860398882,"TSS_more_sig"
-0.1,"cent vs mage","95",0.0421673083132116,0.0236758444893468,1.37502412063628,1.62569452127834,1.68102062132392,1.83353528912338,0.372934463242095,0.372963581951676,"TSS_more_sig"
-0.1,"cent vs mage","100",0.000522077341179785,0.0108489804617122,3.2822651553128,1.96461107293592,-3.06298516101879,-2.89244917762836,0.565780857925921,0.561762230448137,"CLR_more_sig"
-0.1,"cent vs mage","106",9.37054214164318e-05,1.33150275885611e-05,4.02823528186432,4.87565792937168,2.29988949579923,2.5056039677185,0.335218590892389,0.333737363970834,"TSS_more_sig"
-0.1,"cent vs mage","114",5.17104343168673e-09,4.97350002969329e-08,8.28642181456545,7.30333787512939,-4.08337514973078,-3.98496993726463,0.484665596588879,0.4916740641459,"CLR_more_sig"
-0.1,"cent vs mage","119",0.0282021836895164,0.0102123027916798,1.54971726304268,1.99087631697725,1.43805992120568,1.62324445237603,0.239109805026596,0.238252916782373,"TSS_more_sig"
-0.1,"cent vs mage","132",6.17951356751689e-11,2.74785206741401e-10,10.2090457099043,9.56100665153793,-4.73550031257362,-4.47917273981727,0.485449910781647,0.487658738227943,"CLR_more_sig"
-0.1,"cent vs mage","142",0.000325166067671628,1.84740926766144e-05,3.4878947810111,4.73343688203819,3.29383776893123,3.36856905408396,0.535440886440885,0.542998496174436,"TSS_more_sig"
-0.1,"cent vs mage","143",1.82291051466684e-12,2.36923594978955e-08,11.7392346500177,7.62539168617934,-4.26075119474104,-4.09972536586232,0.449642888137935,0.44848898125675,"CLR_more_sig"
-0.1,"cent vs mage","146",0.00855840527087045,0.0162925719121807,2.06760715197976,1.78801035343843,-2.37420023435534,-2.20820143099636,0.424415775415203,0.423280285615513,"CLR_more_sig"
-0.1,"cent vs mage","148",0.00028697284394196,0.000973422242521562,3.54215919833275,3.01169873442905,-3.00580619875756,-2.91845214378767,0.491380687966348,0.500286966346941,"CLR_more_sig"
-0.1,"cent vs mage","155",0.0220826558995321,0.0451068442191852,1.65594869484022,1.34575755610193,2.213172728966,2.2461211524853,0.458390064538971,0.475467546705608,"CLR_more_sig"
-0.1,"cent vs mage","168",7.5756706249774e-05,5.02711238005138e-05,4.12057891585067,4.29868140610062,3.08911816880426,3.30292221088054,0.455452772273402,0.452911317028817,"TSS_more_sig"
-0.1,"cent vs mage","169",0.000226929260302299,0.000536385805633055,3.64410950249086,3.27052272339464,-2.77110086663409,-2.60942838138226,0.438354791850649,0.433192268291983,"CLR_more_sig"
-0.1,"cent vs mage","194",0.0166206507179594,0.0333939250837866,1.77935197708098,1.4763325314684,-2.12676220903844,-2.11948915648155,0.472880019818681,0.496479447165646,"CLR_more_sig"
-0.1,"cent vs mage","210",9.29133413725876e-11,2.06839726133815e-10,10.031921921437,9.68436604592729,-4.68282046094386,-4.48560733671065,0.463941094541273,0.449300811311135,"CLR_more_sig"
-0.1,"cent vs mage","212",0.0335080739300776,0.0192613885860135,1.47485053502893,1.71531240706065,1.9769208479504,2.09025471744875,0.373861531925227,0.378459846935229,"TSS_more_sig"
-0.1,"cent vs mage","219",1.13242818000658e-09,6.5000947443566e-07,8.94598933193402,6.18708031310309,-4.16321741400951,-4.15885726554636,0.46004108952497,0.466330752435744,"CLR_more_sig"
-0.1,"cent vs mage","255",0.0207517969705251,0.0471341135400612,1.68294429024862,1.32666465636192,-2.33351382092494,-2.206067083565,0.518719470595196,0.516865266761855,"CLR_more_sig"
-0.1,"cent vs mage","287",0.00592211256441648,0.0259844011842281,2.22752334202603,1.58528728712983,-2.32691775541872,-2.14358463427951,0.450922014019042,0.449925453628754,"CLR_more_sig"
-0.1,"cent vs mage","289",0.00419464790234239,0.00466784186920755,2.37730448787161,2.33088386481472,-2.83835677764451,-2.72798921215417,0.493569791456199,0.490069508703306,"CLR_more_sig"
-0.1,"cent vs mage","294",0.000189152169148005,7.26424221477666e-05,3.72318867396623,4.1388096833764,2.47741220561634,2.64477722582397,0.381263510915786,0.384831524317902,"TSS_more_sig"
-0.1,"cent vs mage","353",2.2422932646107e-08,2.13103363464731e-05,7.649307587605,4.67140969565114,-3.6627994219041,-3.39255053859389,0.446823495305909,0.450756645176255,"CLR_more_sig"
-0.1,"cent vs mage","363",0.00710133202195337,0.0228617493089734,2.14866018148852,1.6408905418249,-2.33914037724875,-2.08795955855263,0.438582835627697,0.442745514687849,"CLR_more_sig"
-0.1,"cent vs mage","372",0.00237436603046161,0.0295805279731434,2.62445232971332,1.52899407869016,-2.44761174580254,-2.25722380504433,0.481947641383214,0.467458162735753,"CLR_more_sig"
-0.1,"cent vs mage","401",0.00244802280222652,0.0176113976209957,2.61118454125073,1.75420617753636,-2.46028329539171,-2.1872369916216,0.44035889453951,0.434090418365197,"CLR_more_sig"
-0.1,"cent vs mage","464",0.00193300582190112,0.00898282382461013,2.71376683794469,2.04658711782425,-2.51834701949864,-2.37648551020639,0.472007739349303,0.470581442441176,"CLR_more_sig"
-0.1,"cent vs mage","488",0.0325709159241503,0.0449061014158839,1.48717002850263,1.34769464716535,-2.51116500203313,-2.25217437675855,0.466890024663324,0.47362383266897,"CLR_more_sig"
-0.1,"cent vs mage","528",0.00581350510290824,0.00510573424684684,2.2355619419884,2.29194179394454,-2.31942025125644,-2.20394574535989,0.422505571445394,0.438028603581775,"TSS_more_sig"
-0.1,"cent vs mage","531",0.0121689483584731,0.0350900340577203,1.91474695191344,1.45481621026642,-2.53783882249126,-2.23853378006696,0.474547119740382,0.469459375487064,"CLR_more_sig"
-0.1,"cent vs mage","546",0.0026971455927017,0.0434140595095217,2.5690956095722,1.36236960277787,-2.43330397084922,-2.26093232543543,0.438749703918761,0.452746627643061,"CLR_more_sig"
-0.1,"cent vs mage","652",0.0189026457677784,0.00165696068504096,1.72347740419035,2.78068779602986,1.96421094022221,2.11495645261948,0.308907390931997,0.313711986320918,"TSS_more_sig"
-0.1,"cent vs mage","671",0.00303518665903517,0.000185371792566416,2.51781459536426,3.73195635036819,2.12563719278214,2.31768904906376,0.359997761562544,0.361363002728901,"TSS_more_sig"
-0.1,"cent vs mage","675",1.50740393201064e-05,0.000122674151036332,4.82177035622072,3.91124693886172,-3.3136130753541,-3.14731279178133,0.473163459384602,0.468908424835532,"CLR_more_sig"
-0.1,"cent vs mage","728",0.000496797692972567,8.5585413628167e-05,3.30382042960203,4.06760024607737,2.1043582103591,2.29318898973248,0.305746869079932,0.304361846618878,"TSS_more_sig"
-0.1,"cent vs mage","737",0.0153649007224248,0.0106644551270456,1.81347024151514,1.97206132880925,-2.48673220005811,-2.32984772774576,0.483759066445099,0.474927551207568,"TSS_more_sig"
-0.1,"cent vs mage","762",0.0159355533411649,0.00161324361381345,1.79763285162281,2.79230004541567,2.1158677542907,2.31244514973682,0.390440243377318,0.385640413054164,"TSS_more_sig"
-0.1,"cent vs mage","769",0.0117342891927964,0.0294833797080923,1.93054321275442,1.53042273436642,-2.34747492225755,-2.24189031971328,0.442988043528092,0.455158181764458,"CLR_more_sig"
-0.1,"cent vs mage","770",0.000163611442635775,0.00257791040643997,3.78618632597158,2.58873218033594,-2.48286272241559,-2.29930842574789,0.350712542240438,0.354139088222175,"CLR_more_sig"
-0.1,"cent vs mage","816",0.00646070934274265,0.0449278676305933,2.18971979675312,1.34748419343108,-2.1702570583986,-1.93929764130547,0.420641080457465,0.41811478265696,"CLR_more_sig"
-0.1,"cent vs mage","819",0.0288948459103602,0.0405753864860297,1.53917961718509,1.3917373347685,-2.33841993072278,-2.16631137725554,0.448564759586479,0.426738865436769,"CLR_more_sig"
-0.1,"cent vs mage","829",0.00424351316011791,0.00119945724470102,2.37227444663739,2.92101522808077,2.15072936656226,2.35018890466777,0.395649836192887,0.396841943806315,"TSS_more_sig"
-0.1,"cent vs mage","834",0.0259820313065177,0.00355109944976212,1.5853268982697,2.44963716496165,1.85988070651685,2.02049071569766,0.398450709706777,0.39923831351972,"TSS_more_sig"
-0.1,"cent vs mage","837",0.00635188487788831,0.0426882362547306,2.19709738170044,1.36969178852381,-2.26845003874342,-2.06784922557717,0.452352714542969,0.465560411623067,"CLR_more_sig"
-0.1,"cent vs mage","848",0.0108509903275938,0.000901862888936749,1.96453062364198,3.04485948363811,1.95737727133661,2.16137581968562,0.341074951218716,0.342929394102451,"TSS_more_sig"
-0.1,"cent vs mage","849",0.00314546313552832,0.0202199396109009,2.50231540033129,1.69422014581187,-2.23292345700505,-2.05260974857768,0.413059648510133,0.412138672530534,"CLR_more_sig"
-0.1,"cent vs mage","854",0.000126526164203843,0.000110404018026437,3.89781965793161,3.95701512067425,2.9833224129021,3.12428934886609,0.468278170022873,0.468745215211368,"TSS_more_sig"
-0.1,"cent vs mage","857",0.00667194160813625,0.0202566876537707,2.1757477632359,1.69343156841783,2.07103533237327,2.22571721675276,0.338830051934314,0.350037926502151,"CLR_more_sig"
-0.1,"cent vs mage","884",0.00508151782198376,0.0301117680590074,2.2940065469178,1.52126374346674,-2.13375924297342,-1.96480395724368,0.392986069163544,0.396084032889531,"CLR_more_sig"
-0.1,"cent vs mage","886",0.00626132994367242,0.000406182410127962,2.20333341026364,3.39127888779918,2.81956930579103,3.05445017119268,0.527941048483688,0.5271979898163,"TSS_more_sig"
-0.1,"cent vs mage","912",0.002039333985493,0.0245949298927641,2.69051164318772,1.6091544110485,-2.54746478866284,-2.40100811055651,0.464546992652482,0.462738694792667,"CLR_more_sig"
-0.1,"cent vs mage","917",0.00246644854084108,0.00938327559774256,2.6079279410824,2.02764552775172,-2.80144483435799,-2.67574657657365,0.504969212056706,0.506765149665855,"CLR_more_sig"
-0.1,"cent vs mage","921",4.30282912573997e-10,8.73192393404064e-08,9.36624590030874,7.05889005619358,-4.27349709516482,-4.05225578266416,0.478965902854014,0.479033757738678,"CLR_more_sig"
-0.1,"cent vs mage","925",0.0477574245080128,0.0178675185902057,1.32095910214916,1.74793575736618,-2.15371373218848,-2.05858767557015,0.430125952939335,0.425964186327202,"TSS_more_sig"
-0.1,"cent vs mage","947",0.0386737365718782,0.00469762124686744,1.41258386531636,2.32812200182543,2.20001724496595,2.38475169848675,0.42561628033164,0.415477310345193,"TSS_more_sig"
-0.1,"cent vs mage","966",0.000780832737254157,0.00909559758861576,3.10744198669538,2.04116876214064,-2.69196296224354,-2.55114358264898,0.522900037236155,0.529392182095523,"CLR_more_sig"
-0.1,"cent vs mage","975",0.00535095979613162,0.0103964615333491,2.27156831203897,1.98311444897311,-2.29656876060899,-2.26281432480134,0.441816740673991,0.438657235772255,"CLR_more_sig"
-0.1,"cent vs mage","978",8.62401375205638e-05,4.11998809800026e-06,4.06429055962053,5.38510403857373,2.90308893176903,3.11639559086665,0.449217084382779,0.442505125500871,"TSS_more_sig"
-0.1,"cent vs mage","984",0.00471383915247514,0.00191643007117689,2.32662524073072,2.7175070231386,2.33476040262648,2.47041409510946,0.419230609999224,0.412742105173243,"TSS_more_sig"
-0.1,"cent vs mage","989",0.0345440449637648,0.00165759550042287,1.46162680971624,2.78052144083458,2.07717749830642,2.24921627179973,0.381458332482968,0.372935179894086,"TSS_more_sig"
-0.1,"cent vs mage","1004",0.000958397566710942,0.0438918475462428,3.01845429758973,1.35761613794631,-2.72245089072795,-2.59364266781569,0.459605068556901,0.470231102051524,"CLR_more_sig"
-0.1,"cent vs mage","1017",0.0364548904686944,0.0328427688207534,1.43824420229527,1.48356023666571,1.8868336888198,2.08525672388893,0.399427566142648,0.385792942074047,"TSS_more_sig"
-0.1,"cent vs mage","1019",1.84929570211965e-06,0.000160568794820977,5.73299363966236,3.79433885229427,-3.05584444043526,-2.86163834502776,0.391099257362784,0.396116546644155,"CLR_more_sig"
-0.1,"cent vs mage","1030",0.0274332130710893,0.00839712261217301,1.56172332337167,2.07586950533491,2.11666149283722,2.30756698249691,0.411091376054621,0.408151395365258,"TSS_more_sig"
-0.1,"cent vs mage","1043",7.31760885461587e-05,1.57142753156522e-06,4.13563080840802,5.80370564224235,2.36741855167831,2.62350401206005,0.329961124965588,0.326119067458236,"TSS_more_sig"
-0.1,"cent vs mage","1058",7.59003140206139e-05,0.000353639213134603,4.11975642730429,3.45143958442888,-3.0714243019983,-2.83120225747075,0.46827988271276,0.458695687840093,"CLR_more_sig"
-0.1,"cent vs mage","1074",2.12074830601846e-05,7.02470448894956e-07,4.67351087122581,6.15337194067811,2.93642064582693,3.10828381911752,0.384219942286816,0.369949566049187,"TSS_more_sig"
-0.1,"cent vs mage","1076",0.0319307966539585,0.00143921462755688,1.49579024594217,2.84187443565823,2.20432997614305,2.31982813411798,0.421070431112635,0.422556580934534,"TSS_more_sig"
-0.1,"cent vs mage","1079",0.0039925797395649,0.00869596935931257,2.39874640139932,2.06068199917762,-2.42293716764363,-2.25179252896691,0.415727430524767,0.414930474946023,"CLR_more_sig"
-0.1,"cent vs mage","1087",4.97145611643335e-05,1.46580409274696e-06,4.30351638979546,5.83392407002528,3.47613198756108,3.67401844188458,0.501942678200578,0.498782145197477,"TSS_more_sig"
-0.1,"cent vs mage","1091",0.0417666580615987,0.00168376970207882,1.37917027320198,2.77371730948481,2.25375874270564,2.53668542361335,0.483646535487239,0.466289881310652,"TSS_more_sig"
-0.1,"cent vs mage","1098",2.56293917485092e-09,1.36820790575582e-10,8.59126170062031,9.86384790447118,4.11940063290148,4.29575090518409,0.443387568494725,0.440769597574441,"TSS_more_sig"
-0.1,"cent vs mage","1104",0.000693660110532718,0.00440594318191334,3.15885327922632,2.35596110771648,-2.79799784340615,-2.63614399826629,0.451763578181991,0.459865122433469,"CLR_more_sig"
-0.1,"eld vs kin","3",1.13470899343326e-11,1.55014889813287e-14,10.9451155030089,13.8096265840673,-4.88939172936794,-4.86116260536865,0.446601358547133,0.446671868877054,"TSS_more_sig"
-0.1,"eld vs kin","4",0.000329240652560739,2.72033830082802e-10,3.48248654620344,9.56537708381623,2.33742257112047,2.36180986794241,0.220012165965161,0.220461137079532,"TSS_more_sig"
-0.1,"eld vs kin","5",9.86855409770066e-05,8.42343205844834e-07,4.00574647381364,6.07451092271015,-2.94036075727685,-2.91139840917649,0.385954157342845,0.384306499550661,"TSS_more_sig"
-0.1,"eld vs kin","7",4.48609747977983e-25,3.88744875236721e-26,24.3481312937333,25.410335323164,7.39565704614566,7.48929155298422,0.46113164713661,0.478595912627702,"TSS_more_sig"
-0.1,"eld vs kin","10",0.00268092643336705,6.97463557035287e-05,2.57171510322007,4.15647847965574,-2.88131386991785,-2.84628703272927,0.471037648383162,0.470534980722075,"TSS_more_sig"
-0.1,"eld vs kin","11",4.07678797790324e-05,4.85827699712538e-09,4.38968187437591,8.31351772730496,3.03669636964363,3.07054016271693,0.347784501867132,0.351393159068898,"TSS_more_sig"
-0.1,"eld vs kin","12",0.0383646795805385,0.00103559360146375,1.4160684246491,2.98481064156815,-2.13561137038511,-2.11687526308514,0.368197859396981,0.369367728575063,"TSS_more_sig"
-0.1,"eld vs kin","14",0.000129923745909272,7.00797295537456e-10,3.88631146651828,9.15440758283231,2.66618083314054,2.69214287505766,0.275748947213517,0.275488567308951,"TSS_more_sig"
-0.1,"eld vs kin","15",0.0066061087446627,2.85682693068171e-05,2.18005428156525,4.54411606879702,2.77139823589631,2.78878850493489,0.429864093916867,0.428145559315135,"TSS_more_sig"
-0.1,"eld vs kin","16",4.56286223605751e-06,9.21542759627739e-12,5.34076264343931,11.0354845086928,2.83939779526162,2.85232742548274,0.26762067505142,0.266057753777749,"TSS_more_sig"
-0.1,"eld vs kin","21",5.31916450981582e-13,1.42238574936921e-19,12.2741565777185,18.8469826074715,3.91398204005681,3.93653724003287,0.293090658851321,0.294102823016646,"TSS_more_sig"
-0.1,"eld vs kin","23",0.018701248993881,3.8006624005052e-05,1.72812938741877,4.42014070553745,2.21879298861578,2.2538338054119,0.31248655424665,0.31597306524505,"TSS_more_sig"
-0.1,"eld vs kin","25",0.00199503415545055,1.40522008627346e-05,2.70004966469066,4.85225565101253,2.88226982437311,2.88136766761616,0.423878921916322,0.420089564268435,"TSS_more_sig"
-0.1,"eld vs kin","26",0.0284034691568182,0.000342658017468849,1.54662861264134,3.46513910216048,2.27332188297188,2.26808384514404,0.365192126537986,0.364794085606962,"TSS_more_sig"
-0.1,"eld vs kin","29",0.00968697496547074,9.31189855542098e-06,2.01381182263047,5.03096176390777,2.2632613913471,2.27757574533951,0.292283032204372,0.291334285877345,"TSS_more_sig"
-0.1,"eld vs kin","31",0.0010899991148311,1.21293703850586e-05,2.96257385474206,4.91616174203462,3.48398777434974,3.43958841322821,0.544902327084501,0.536727488637458,"TSS_more_sig"
-0.1,"eld vs kin","33",4.80727704127176e-05,8.94497923639583e-07,4.31810084894924,6.04842066320496,-3.33972486842057,-3.35144936739586,0.45720018518195,0.463534834575213,"TSS_more_sig"
-0.1,"eld vs kin","36",0.0316070401061692,8.98604849118022e-05,1.50021617248518,4.04643124216463,1.9384848159451,1.95184411211672,0.262858858702009,0.262479356607745,"TSS_more_sig"
-0.1,"eld vs kin","47",0.0335163593916175,0.00183921096575457,1.47474316134245,2.73536845237791,2.65297302743153,2.69979058723307,0.527611753759694,0.532587076542185,"TSS_more_sig"
-0.1,"eld vs kin","49",0.0454293235791766,0.0142828628485731,1.34266372957362,1.84518473410576,1.80836734931215,1.80949418831065,0.364077816248674,0.359099529233205,"TSS_more_sig"
-0.1,"eld vs kin","55",0.0335066597149102,0.00112012474683872,1.47486886490387,2.95073360782377,2.31552774031434,2.36173306668985,0.415987857786205,0.415435924453914,"TSS_more_sig"
-0.1,"eld vs kin","57",0.0173126253774333,0.00196476693476622,1.76163706843449,2.70668895925707,-2.56224922498188,-2.50406077648697,0.493994871012801,0.473872825450327,"TSS_more_sig"
-0.1,"eld vs kin","61",0.0337723077024835,0.00210669441230219,1.47143926248534,2.67639845664437,2.03152626636759,2.0528441585727,0.362646358479639,0.359492749555364,"TSS_more_sig"
-0.1,"eld vs kin","65",0.000298371000364367,9.20571566207915e-07,3.52524338962349,6.03594244333484,-2.82551932673151,-2.78955948221279,0.362926384948018,0.367014434350344,"TSS_more_sig"
-0.1,"eld vs kin","67",6.00908761407467e-11,6.93691631914461e-13,10.2211914638131,12.1588335444154,-5.54019297132564,-5.55148424681185,0.562615222303816,0.56608602809682,"TSS_more_sig"
-0.1,"eld vs kin","70",0.0350026228233312,0.0104919675616706,1.45589941179196,1.97914306080083,2.48597742508461,2.42630130471989,0.51981020151124,0.513710301674376,"TSS_more_sig"
-0.1,"eld vs kin","71",0.0387975422723596,0.00876051517027809,1.41119578500784,2.05747035398827,2.71682520690728,2.46833762740982,0.537200945531954,0.527472344122509,"TSS_more_sig"
-0.1,"eld vs kin","74",7.56158356650872e-05,1.02918812312159e-05,4.12138724389325,4.98750523421113,3.66162136196337,3.64005537404789,0.503530915730156,0.495951210195852,"TSS_more_sig"
-0.1,"eld vs kin","77",0.0316537926978341,0.000710373512893633,1.49957424618192,3.14851324010472,2.17409613692261,2.20742112908344,0.359620736029601,0.368258528314132,"TSS_more_sig"
-0.1,"eld vs kin","79",3.59569544678787e-06,2.40668398797736e-08,5.44421709985892,7.61858093144812,-3.90904850774003,-3.88443909850614,0.491457970291411,0.485318820735872,"TSS_more_sig"
-0.1,"eld vs kin","80",0.0163134355726954,0.000123197724708709,1.78745456789035,3.90939731291492,2.29881367815044,2.34907564646818,0.346777998687559,0.350208646277614,"TSS_more_sig"
-0.1,"eld vs kin","82",4.01215372198562e-05,0.000395473480517557,4.39662243573857,3.40288263391356,-3.94947679683452,-3.92285476541531,0.596965521329583,0.611656927634232,"CLR_more_sig"
-0.1,"eld vs kin","83",4.70480694380595e-05,3.56805504059975e-06,4.32745819263204,5.44756845484401,-3.56249839529723,-3.51994328380565,0.517239075212936,0.519653402439546,"TSS_more_sig"
-0.1,"eld vs kin","84",4.88154001913999e-06,9.63580918952443e-08,5.31144314596776,7.01611180858622,-3.91355682850379,-3.83316771330859,0.483036684954787,0.474736440589886,"TSS_more_sig"
-0.1,"eld vs kin","85",0.0246746800983154,0.00338018596367394,1.60774846915223,2.4710594060017,-2.43347694424136,-2.38896380691335,0.486457592046123,0.48623734292645,"TSS_more_sig"
-0.1,"eld vs kin","87",0.0212367823807891,0.00303550048818575,1.67291128326493,2.51776969294542,-2.9840620954526,-2.92560299735399,0.530302830755733,0.528258776338918,"TSS_more_sig"
-0.1,"eld vs kin","89",4.70371641852772e-11,3.61867728566096e-14,10.3275588692408,13.4414501456307,4.74822146761573,4.7370090158308,0.455248020450485,0.436377344918509,"TSS_more_sig"
-0.1,"eld vs kin","91",4.54081497367464e-06,3.15145138511715e-07,5.34286619410195,6.5014893879952,-4.40040511802648,-4.38801497689017,0.57767744693363,0.577596549769457,"TSS_more_sig"
-0.1,"eld vs kin","100",0.000547200124462719,7.73962543424837e-06,3.26185381250602,5.11128005685914,-3.79391963672018,-3.83256439795974,0.553561383962845,0.563439111514831,"TSS_more_sig"
-0.1,"eld vs kin","102",0.0132463449599609,0.000705454967714869,1.87790393928938,3.15153070394669,-2.99775799634523,-2.94379407192451,0.557263759787111,0.545113343484205,"TSS_more_sig"
-0.1,"eld vs kin","108",0.0452104949918005,0.0153461141648217,1.34476073802143,1.8140015752629,-2.87341170181287,-2.82297999914884,0.65269894314718,0.645673333690837,"TSS_more_sig"
-0.1,"eld vs kin","110",0.0418386287861212,0.0019283648425388,1.37842255741945,2.71481079506425,-2.53525608053487,-2.5153920592357,0.522544877920485,0.529904657742866,"TSS_more_sig"
-0.1,"eld vs kin","111",3.71370179970416e-05,3.85180567500769e-06,4.43019297187851,5.41433563130884,-3.36772193803865,-3.3431437494209,0.460720309170219,0.45730645753174,"TSS_more_sig"
-0.1,"eld vs kin","115",0.0203715402503629,0.000766522295943836,1.69097613364368,3.11547520824007,-2.85052626767573,-2.77874018258828,0.556482480114953,0.566902396662296,"TSS_more_sig"
-0.1,"eld vs kin","118",0.0297953883613705,0.000638422141747705,1.52585094948736,3.19489205920104,-2.33101763514021,-2.29770289164596,0.400578343782415,0.385603466321216,"TSS_more_sig"
-0.1,"eld vs kin","119",0.0118159083964386,2.54146344070038e-05,1.92753288457792,4.59491613330194,2.28933113500095,2.31003899294487,0.314494927648178,0.320879653770494,"TSS_more_sig"
-0.1,"eld vs kin","121",7.13177702533544e-08,4.96969689499262e-11,7.14680224348045,10.3036700983585,4.38682907445908,4.4773152157337,0.490676469034404,0.490973665536859,"TSS_more_sig"
-0.1,"eld vs kin","124",0.0324739995692425,0.00157270203497277,1.48846421941583,2.80335355126412,2.40362231158744,2.42671323141494,0.434021867896473,0.43489805792188,"TSS_more_sig"
-0.1,"eld vs kin","125",0.0332302910023157,0.00173905055245551,1.47846585552699,2.75968779330875,2.79759174065041,2.89785604558039,0.537814452727955,0.540041748028366,"TSS_more_sig"
-0.1,"eld vs kin","128",0.0264370029943691,0.00569811788200252,1.57778777977571,2.24426857036968,-2.80829715099229,-2.73545936514139,0.586465585258913,0.57699486093454,"TSS_more_sig"
-0.1,"eld vs kin","130",0.00118602342491886,4.44404615736088e-05,2.92590673322089,4.35222143897891,-3.42587353691702,-3.42776309711353,0.583948934342611,0.583879443412649,"TSS_more_sig"
-0.1,"eld vs kin","133",0.0168299859227944,0.000497154564415438,1.77391624728355,3.30350856893891,-2.65754471660872,-2.59795771364326,0.493659847467491,0.497433553868896,"TSS_more_sig"
-0.1,"eld vs kin","138",1.06696359892838e-05,4.87767744025026e-09,4.97185039693374,8.31178692287248,3.73560554951642,3.75898972409725,0.43210845518567,0.431401335662459,"TSS_more_sig"
-0.1,"eld vs kin","139",4.14459599074036e-06,2.10340998129896e-07,5.38251779745232,6.67707606955698,-4.02938377335152,-4.06146554917964,0.532744043480316,0.526320258143237,"TSS_more_sig"
-0.1,"eld vs kin","147",0.023210963802311,0.00182582141704466,1.63430682570803,2.73854170291611,-2.9346994252924,-2.86037605800902,0.560986808380461,0.566190690923981,"TSS_more_sig"
-0.1,"eld vs kin","151",1.67716330593238e-12,1.67728203034664e-14,11.7754246479411,13.7753939058346,5.17222568556229,5.26825998449942,0.476880300730596,0.49079980559563,"TSS_more_sig"
-0.1,"eld vs kin","163",0.0202941888623039,0.00100259911066565,1.69262830230015,2.99887268495453,-3.03137300625289,-3.06770174803545,0.581633807284103,0.58257618756685,"TSS_more_sig"
-0.1,"eld vs kin","164",0.000553506383378596,2.26240529544644e-05,3.2568773662033,4.64542959136071,3.05005672914267,3.12812614718637,0.457226549244605,0.467039211254744,"TSS_more_sig"
-0.1,"eld vs kin","169",2.89721743308431e-05,1.02131719024877e-05,4.53801891023456,4.99083935822511,-3.56949568474657,-3.49398791754064,0.524403238630614,0.525959361329159,"TSS_more_sig"
-0.1,"eld vs kin","172",0.00687452867154968,0.00026899518482005,2.16275707238673,3.57025549406748,-2.87957335659354,-2.88830142320581,0.450722762594217,0.457016762843406,"TSS_more_sig"
-0.1,"eld vs kin","181",0.00452533742833153,0.000824008095198682,2.34434903241484,3.08406852169749,-2.68597205894647,-2.68097671413614,0.48201806054393,0.497469234944276,"TSS_more_sig"
-0.1,"eld vs kin","203",0.0393647246569064,0.00154639270199724,1.4048927819561,2.81068020857198,-2.29609356072406,-2.32104428324858,0.442524634673965,0.440550621012037,"TSS_more_sig"
-0.1,"eld vs kin","206",0.0458473133139641,0.0105670964410737,1.33868610922204,1.9760443289507,2.58530314641187,2.78455414377429,0.555653723671831,0.546026178124515,"TSS_more_sig"
-0.1,"eld vs kin","207",0.000232370935959858,3.7643708856265e-06,3.63381819272577,5.42430759415928,3.48736975680285,3.40621909143646,0.45861958146751,0.459199081156943,"TSS_more_sig"
-0.1,"eld vs kin","216",0.0247012833860105,0.00971271281079307,1.60728048184224,2.01265945245969,-2.53961321962844,-2.46529933593237,0.51464295811742,0.512503971712301,"TSS_more_sig"
-0.1,"eld vs kin","222",0.000734480626211566,0.0001664928115884,3.13401965534054,3.77860451263745,3.1460349837797,3.21177157218238,0.515185493091391,0.509187687831525,"TSS_more_sig"
-0.1,"eld vs kin","246",0.00673335661356832,0.00117007364207928,2.17176838371956,2.93178680377333,2.74537113524831,2.75713343442532,0.47242768603396,0.472218183200455,"TSS_more_sig"
-0.1,"eld vs kin","252",0.00515103362403126,0.00200858940612481,2.28810561519735,2.6971088322308,-2.59141352933766,-2.50527474005969,0.466990210876437,0.466986477271877,"TSS_more_sig"
-0.1,"eld vs kin","265",0.0330181394357857,0.00422212961676639,1.48124740277332,2.37446843825187,2.57506564162828,2.50840555498534,0.476891864329943,0.473667117312526,"TSS_more_sig"
-0.1,"eld vs kin","267",0.0027106360798517,0.00126078509263936,2.56692878530454,2.89935893486621,-3.31755900101636,-3.31668550847764,0.613065343167007,0.611184046367987,"TSS_more_sig"
-0.1,"eld vs kin","282",0.00242070287657238,0.000580084613370865,2.61605851373218,3.23650865395449,-3.15000740618173,-3.01486525782861,0.486271841122124,0.481258941713638,"TSS_more_sig"
-0.1,"eld vs kin","329",0.0162971224541559,0.00222677666776122,1.78788907121589,2.65232333789305,2.53880626393222,2.4215601804956,0.432190126435213,0.418288874261177,"TSS_more_sig"
-0.1,"eld vs kin","344",0.00966957685820232,4.02739018362356e-05,2.01459253027776,4.39497629281974,2.9736758028308,2.9300355027067,0.421459966862049,0.424245718270436,"TSS_more_sig"
-0.1,"eld vs kin","349",0.0430633883240972,0.03098532833045,1.36589180190303,1.50884389756668,-2.49011546022523,-2.40634257480933,0.485772994511655,0.498638878932746,"TSS_more_sig"
-0.1,"eld vs kin","473",0.013794634546285,0.00182357740468612,1.86028980055878,2.73907579762873,-2.84753044480947,-2.80992506601925,0.529730194199663,0.531709540743864,"TSS_more_sig"
-0.1,"eld vs kin","614",0.0195215644549775,0.00168441459105359,1.70948538098601,2.77355100520795,-2.99707413733854,-2.85862219424393,0.497555593780643,0.501014430896603,"TSS_more_sig"
-0.1,"eld vs kin","616",0.0010933213161129,0.00027951491786875,2.96125218452128,3.55359500861767,-2.78877157632229,-2.77099279567997,0.43840441592342,0.434305185196384,"TSS_more_sig"
-0.1,"eld vs kin","666",3.61514505528108e-08,6.54258612068994e-11,7.44187427224379,10.1842505519905,-3.98984904040723,-3.974279098945,0.418854375032828,0.42129930609973,"TSS_more_sig"
-0.1,"eld vs kin","670",0.0405096883884463,0.0298009942286822,1.39244109751497,1.52576924663423,2.03948092513365,2.00185366454231,0.42561932595826,0.436349453830805,"TSS_more_sig"
-0.1,"eld vs kin","728",1.57336855269992e-08,2.24965449199215e-13,7.80316953442962,12.6478841768857,3.96520605370382,3.99009038537822,0.381981017469826,0.380956257216431,"TSS_more_sig"
-0.1,"eld vs kin","744",5.60978500666946e-05,3.92367315627706e-07,4.25105378263087,6.40630717670933,-3.74118691139192,-3.74325496559814,0.520287786865835,0.522945541359179,"TSS_more_sig"
-0.1,"eld vs kin","770",0.01001220066109,9.3975936691473e-05,1.99947045499561,4.02698333682553,-2.78250362500843,-2.76171127152008,0.437972851068029,0.43186763873667,"TSS_more_sig"
-0.1,"eld vs kin","786",1.06112342920474e-06,7.53145962029615e-07,5.97423409630151,6.12312084802109,-3.91967453235226,-3.87123017781727,0.502384053177797,0.501034855161352,"TSS_more_sig"
-0.1,"eld vs kin","849",0.00241247980443582,3.09314009840147e-05,2.61753631357331,4.50960040893806,-2.92502769101202,-2.86703072363106,0.436181488045777,0.437490643824909,"TSS_more_sig"
-0.1,"eld vs kin","854",0.00401387861164809,1.51685040239516e-05,2.39643576565236,4.81905724888891,3.06641963310786,3.14331063348375,0.466110670860341,0.472066285001708,"TSS_more_sig"
-0.1,"eld vs kin","879",0.005656076401585,3.5520796304511e-05,2.24748473277504,4.44951730677917,-2.72526846944855,-2.6938771358989,0.414862065986777,0.41034949621585,"TSS_more_sig"
-0.1,"eld vs kin","886",2.4346284784621e-07,3.851580225706e-09,6.61356730223747,8.41436105166009,4.44727063964119,4.48418351816172,0.524212501769213,0.525855566078259,"TSS_more_sig"
-0.1,"eld vs kin","888",0.0211349038769985,0.000199961044526939,1.67499972303175,3.69905460331022,2.58806312415228,2.63135956361341,0.432093180417326,0.442539110765364,"TSS_more_sig"
-0.1,"eld vs kin","891",0.00199707741237084,0.000297139841547153,2.69960510032014,3.52703911257195,-3.48695201381899,-3.50152566948598,0.585204527915759,0.583714374027377,"TSS_more_sig"
-0.1,"eld vs kin","895",0.00117764636396035,9.62156834785123e-06,2.92898510448775,5.01675413073748,-3.22237118391356,-3.15117640827516,0.509417460157314,0.502036738624502,"TSS_more_sig"
-0.1,"eld vs kin","914",0.026512740539558,0.0012373877237736,1.57654537827627,2.90749419696628,-2.99683926868062,-2.9488548854726,0.574134833085996,0.569891866048667,"TSS_more_sig"
-0.1,"eld vs kin","917",0.0435994972242608,0.015685513631404,1.36051851885041,1.80450125550419,-2.34775852703682,-2.31484595623735,0.535259301133841,0.532558735609047,"TSS_more_sig"
-0.1,"eld vs kin","929",0.0389346272249893,0.0208344059737032,1.40966397904938,1.6812188775451,1.96085660919166,2.01956870766824,0.454999378842467,0.469477045971573,"TSS_more_sig"
-0.1,"eld vs kin","935",0.0323288365283944,0.00536596209045123,1.49040992478499,2.27035239986497,-2.64978712866067,-2.61770928117142,0.531355757036656,0.557584535932715,"TSS_more_sig"
-0.1,"eld vs kin","944",0.0347227258026327,0.00168483247342261,1.45938618918173,2.773443275496,1.8400899192528,1.84731760601527,0.294991729796569,0.290526978831492,"TSS_more_sig"
-0.1,"eld vs kin","947",2.42757361819196e-07,2.19108348572213e-10,6.61482759087835,9.65934107442575,4.14881141185315,4.05990959476324,0.438001568982891,0.425845832196438,"TSS_more_sig"
-0.1,"eld vs kin","965",0.0240729185911003,0.00396176816778762,1.61847125284215,2.40211094182028,-2.86165994977035,-2.91221682586143,0.59213927074289,0.612538748555452,"TSS_more_sig"
-0.1,"eld vs kin","978",1.11844173580375e-19,2.57062212578915e-22,18.9513866351507,21.5899617587308,5.972066501981,5.95932550692576,0.414905090514097,0.415941013397169,"TSS_more_sig"
-0.1,"eld vs kin","984",2.80500649463363e-13,2.40728995758396e-15,12.5520661288534,14.6184715958926,4.73063957124572,4.77577456984937,0.43336602613365,0.412528372344269,"TSS_more_sig"
-0.1,"eld vs kin","988",0.00252655452608826,0.000694113163354851,2.59747132472687,3.15856971943834,3.05448219341814,3.02206412022368,0.520022184177292,0.52594946885277,"TSS_more_sig"
-0.1,"eld vs kin","991",0.000951696592724748,4.44272498486076e-06,3.02150148555193,5.35235056977828,-3.83388626872381,-3.96125250487739,0.579417134145478,0.579319488130383,"TSS_more_sig"
-0.1,"eld vs kin","1000",0.0380474942554689,0.0138230234141383,1.41967393986205,1.85939695634902,-2.46565402512006,-2.37667201569668,0.565964814319166,0.560658445710428,"TSS_more_sig"
-0.1,"eld vs kin","1014",3.3599090310732e-09,3.0516651040637e-09,8.4736724808952,8.51546312846207,-4.50219736570072,-4.42065093544553,0.521196715267203,0.521230950126006,"TSS_more_sig"
-0.1,"eld vs kin","1020",0.047528149746505,0.00735081832413913,1.32304909230158,2.13366431072868,2.1928443068833,2.1655549680284,0.418915070559803,0.420813864139518,"TSS_more_sig"
-0.1,"eld vs kin","1021",1.86314716064553e-06,4.71315786044196e-07,5.72975284100701,6.32668801392788,-4.05637846911478,-3.8990934142384,0.559220966533703,0.547177965447582,"TSS_more_sig"
-0.1,"eld vs kin","1027",0.0481667741713044,0.0157181365407487,1.31725243831321,1.8035989429048,2.35795525517972,2.39250760790096,0.51342784052605,0.497849552496941,"TSS_more_sig"
-0.1,"eld vs kin","1030",4.66530874746359e-09,1.58990679485668e-09,8.33111960960607,8.79862833458892,3.94578060107085,4.02630208687052,0.419934762600335,0.429932623591068,"TSS_more_sig"
-0.1,"eld vs kin","1043",0.0335939001082712,0.00366606830745555,1.47373957349754,2.43579944737308,2.29138255205261,2.25667870675361,0.432018118148375,0.422646893119353,"TSS_more_sig"
-0.1,"eld vs kin","1047",0.0431681461684787,0.000727680734259385,1.36483660147316,3.1380591231074,-1.85884006903411,-1.83433380800378,0.291156217545144,0.291513982192357,"TSS_more_sig"
-0.1,"eld vs kin","1059",0.0471478749248403,0.0140466935328673,1.32653787724721,1.85242589279987,2.59349130746121,2.56400778946906,0.59343086810075,0.585776092937455,"TSS_more_sig"
-0.1,"eld vs kin","1074",8.63809337605845e-13,1.09068204658388e-17,12.0635821056268,16.9623018356072,4.91765733403926,4.83305805499859,0.394483747089348,0.381335066148942,"TSS_more_sig"
-0.1,"eld vs kin","1076",1.14003881172752e-09,2.98566849895881e-11,8.94308036319671,10.5249584139804,4.3951330251221,4.32911118123136,0.423355078240944,0.432914156789258,"TSS_more_sig"
-0.1,"eld vs kin","1079",0.0127820161705863,0.00119795735526006,1.89340063735921,2.92155864163358,-2.5819369627436,-2.53925052270242,0.496327469360998,0.50133991069872,"TSS_more_sig"
-0.1,"eld vs kin","1082",0.0315451822289682,0.000924295908994249,1.50106695943547,3.03418896918038,2.82099770287398,2.73774990781778,0.491391377297223,0.506200191440917,"TSS_more_sig"
-0.1,"eld vs kin","1089",2.09757657157869e-05,1.92653100917143e-10,4.67828217638383,9.71522399625199,2.83751602342426,2.85072624409043,0.290571898691516,0.289200097498883,"TSS_more_sig"
-0.1,"eld vs kin","1098",2.40998225652982e-22,1.51066899348304e-24,21.6179861549021,23.8208306846033,6.76184898024812,6.8116160174396,0.440357518227994,0.443382402601212,"TSS_more_sig"
-0.1,"eld vs kin","1101",0.0307941473397834,0.000960041827462213,1.51153181660226,3.01770984504345,-2.8293556146494,-2.82618129776686,0.584985371193001,0.583330918993998,"TSS_more_sig"
-0.1,"eld vs kin","1104",0.00643552999158392,3.0782479967433e-05,2.1914156814026,4.51169639448554,-2.93570521575835,-2.92568532196657,0.464016713193831,0.471828440547281,"TSS_more_sig"
-0.1,"eld vs kin","1105",4.44226060194082e-08,1.14020814664939e-10,7.35239596747483,9.94301586033922,-4.73221178238814,-4.68886421666221,0.51500832080545,0.502426208632318,"TSS_more_sig"
-0.1,"eld vs kin","1108",0.0342201589317833,0.00304413437663249,1.46571797775704,2.51653618050137,2.26111443981029,2.35050849963612,0.42890637825623,0.43477074345816,"TSS_more_sig"
-0.1,"eld vs kin","1112",4.61892120790521e-05,2.69561129851877e-05,4.33545944612406,4.56934273197311,-3.74472461194329,-3.7777807846928,0.535953380035866,0.534151159619657,"TSS_more_sig"
0,"cent vs mage","4",0.000123750345509407,1.78020793723713e-05,3.90745357984797,4.74952926694933,1.69779509829369,1.78561866742239,0.182883741500018,0.182762477246194,"TSS_more_sig"
0,"cent vs mage","7",5.85696770331765e-09,1.12976904458266e-08,8.23232717076623,7.94701032900765,3.6803525517918,3.76298011442331,0.418586733798463,0.415971932299396,"CLR_more_sig"
0,"cent vs mage","8",0.0158403328640025,0.00494814001101814,1.80023569651669,2.30555802020858,1.77551426699445,1.86493062098782,0.313873487145787,0.313833365042367,"TSS_more_sig"
0,"cent vs mage","11",0.0170566742499648,0.00681107358738397,1.7681056446627,2.16678442753972,1.72291233956278,1.79907963869105,0.297902690042526,0.296798303587598,"TSS_more_sig"
0,"cent vs mage","14",1.09783900461362e-05,3.62267659922201e-06,4.95946134343276,5.44097043423548,2.19870261420417,2.2955392003385,0.258865053409675,0.259287663771176,"TSS_more_sig"
0,"cent vs mage","19",0.00709741745248125,0.00229093862785582,2.1488996498962,2.63998654500553,2.00685094549381,2.10218050991672,0.345327197710331,0.343886093063075,"TSS_more_sig"
0,"cent vs mage","20",2.55427360124815e-05,7.91880842644875e-06,4.59273258508819,5.1013401634548,2.17572875244348,2.26807027160735,0.268102767039797,0.268345432494942,"TSS_more_sig"
0,"cent vs mage","21",9.26708950558017e-07,3.78890802268219e-07,6.03305664235367,6.42148593727619,2.3518034628266,2.43885562885706,0.26086666581017,0.260652980805735,"TSS_more_sig"
0,"cent vs mage","22",0.00150112874149894,0.0387199438674998,2.82358205970548,1.41206528096211,-2.11213169562108,-2.0195503524084,0.322362654659769,0.321906594737481,"CLR_more_sig"
0,"cent vs mage","23",0.0174669427648126,0.00512324057031109,1.75778310283402,2.29045525062266,1.63213959333732,1.72856088754391,0.266921445168256,0.266633031463745,"TSS_more_sig"
0,"cent vs mage","24",2.83997079991847e-08,4.35220185763044e-08,7.54668612526968,7.36129097001438,3.98291607231012,4.03459863339337,0.488115405648893,0.489174900233654,"CLR_more_sig"
0,"cent vs mage","26",7.48348064197793e-05,2.56267786256572e-05,4.12589636042239,4.59130598269709,2.58346285485179,2.66093724870587,0.376550952779316,0.372726451490671,"TSS_more_sig"
0,"cent vs mage","32",0.00731250407661111,0.00152217903989108,2.13593387879705,2.81753426250388,1.63350534210744,1.73249894875891,0.228137897910634,0.230863506175509,"TSS_more_sig"
0,"cent vs mage","39",6.3154217267511e-06,1.27144263169814e-06,5.19959764313153,5.89570323069001,3.07637400736939,3.16102981906863,0.41444141656822,0.414922160508485,"TSS_more_sig"
0,"cent vs mage","42",5.88415230562336e-06,5.12966007827471e-06,5.23031609450404,5.28991141286494,2.94723959351396,3.04832749800659,0.411069096909015,0.412564225432782,"TSS_more_sig"
0,"cent vs mage","51",0.00178371121474684,0.0354172448780401,2.74867545713143,1.45078522577729,-2.30057567809548,-2.19262342431011,0.388823879940196,0.386700214772821,"CLR_more_sig"
0,"cent vs mage","55",0.00885587913406718,0.00436695548955518,2.05276831938384,2.35982123462757,1.95382796067337,2.06257156407854,0.354585242924118,0.353175746118719,"TSS_more_sig"
0,"cent vs mage","56",0.000148211342353463,5.5149886536213e-05,3.82911855929171,4.25845537672782,2.47912137288215,2.60377933802876,0.370790531384247,0.372993544780298,"TSS_more_sig"
0,"cent vs mage","57",0.000712720679849504,0.0101125173524961,3.14708063980803,1.99514072015477,-2.48393149630998,-2.40282742501987,0.448245061325167,0.44964963651135,"CLR_more_sig"
0,"cent vs mage","69",0.00967343114427285,0.00142037980083107,2.01441945531506,2.84759551241237,2.16380228365838,2.25443849715616,0.386532371401522,0.384840614451603,"TSS_more_sig"
0,"cent vs mage","90",0.00123358625537652,0.0008898820137425,2.90883047817719,3.05066757108243,1.84660926531397,1.95354170210054,0.279997927964566,0.280922204484287,"TSS_more_sig"
0,"cent vs mage","100",0.0013525057654743,0.00604560843125362,2.86886087490284,2.21855998511932,-3.17802046748075,-3.04353969586039,0.563118588890108,0.56705638733982,"CLR_more_sig"
0,"cent vs mage","106",0.000604355772159177,6.1622304164059e-05,3.21870732562029,4.21026206669699,2.27106965052505,2.36380054109761,0.338221609614768,0.340752788867512,"TSS_more_sig"
0,"cent vs mage","114",1.11560523676282e-08,1.78165218834243e-07,7.95248945577937,6.74917707438826,-4.19074408030763,-4.13491436496291,0.501162840952687,0.503952757513521,"CLR_more_sig"
0,"cent vs mage","132",9.04253523910844e-14,6.23589248294199e-10,13.0437097901007,9.20510138137087,-4.8721484541977,-4.61997800295253,0.490292913304415,0.478449765895163,"CLR_more_sig"
0,"cent vs mage","142",0.000543802701290302,0.00113729489283061,3.26455863942495,2.94412691110491,3.16766483469312,3.22266064086346,0.529579493205624,0.543620870424072,"CLR_more_sig"
0,"cent vs mage","143",1.57008122938137e-11,3.12117183005195e-08,10.8040778784446,7.50568232143746,-4.28332408901784,-4.21776889493241,0.439813956243251,0.446542993014327,"CLR_more_sig"
0,"cent vs mage","146",0.00155983238827882,0.0143518524827037,2.806922066233,1.84309203822675,-2.44784350763169,-2.37812819407555,0.423198428901359,0.42324816671441,"CLR_more_sig"
0,"cent vs mage","148",0.000158600140016635,0.00793017186763757,3.79969643361094,2.10071740027915,-3.29081268912781,-3.04458220841747,0.512490082571286,0.504048913029959,"CLR_more_sig"
0,"cent vs mage","168",7.32559946872702e-06,0.000984620573062172,5.13515683031752,3.00673109414316,3.0453802898558,3.06971913119315,0.446644861955466,0.452908459306405,"CLR_more_sig"
0,"cent vs mage","169",6.65284527481145e-05,0.00409433290542751,4.17699257682105,2.38781684826066,-2.89037146190494,-2.79037151381039,0.43731954905185,0.438681513254859,"CLR_more_sig"
0,"cent vs mage","173",0.0128748492767783,0.0396761518080958,1.8902578464535,1.40147045671831,-2.41028489365456,-2.4372544070374,0.496144237054655,0.496352605446329,"CLR_more_sig"
0,"cent vs mage","210",3.91929313077928e-13,3.12110208626944e-10,12.4067922536643,9.50569202602277,-4.81655252191424,-4.70754579859774,0.470906863771839,0.458508586968037,"CLR_more_sig"
0,"cent vs mage","219",1.51930827796773e-08,4.12743208837626e-08,7.81835409589598,7.38432006376743,-4.32390366126238,-4.27721194922498,0.461179318066611,0.462933520678761,"CLR_more_sig"
0,"cent vs mage","274",0.0304519224617505,0.0325184362405621,1.51638528470024,1.48787034710084,-2.29090050450291,-2.33217376345939,0.4927132207081,0.501488953424462,"CLR_more_sig"
0,"cent vs mage","287",0.00176591695271022,0.00904093506484224,2.75302972421697,2.04378665000027,-2.44295741684004,-2.35829996840532,0.46171510273137,0.454797847743353,"CLR_more_sig"
0,"cent vs mage","289",7.42028870555892e-05,0.00725792176490726,4.12957919704012,2.13918771748738,-2.95080012881481,-2.86427873838846,0.490651803777085,0.49536675952437,"CLR_more_sig"
0,"cent vs mage","294",0.0030491574726172,0.00148823748738693,2.5158201460765,2.82732776016654,2.36977001726974,2.49680459967645,0.386295292839227,0.379886443798026,"TSS_more_sig"
0,"cent vs mage","353",5.56433457515568e-06,6.03775304364348e-05,5.25458676441411,4.2191246544756,-3.83069330510383,-3.57348282806045,0.457194422689062,0.445794709797128,"CLR_more_sig"
0,"cent vs mage","363",0.00182432200285814,0.0490213593334631,2.73889850387926,1.30961465018641,-2.44006362475084,-2.33514216483087,0.435074110722581,0.440515355808533,"CLR_more_sig"
0,"cent vs mage","401",0.0101440108518887,0.024075282986572,1.99379029486131,1.61842859937334,-2.3875240460601,-2.42864616760476,0.429012018662541,0.439088637016501,"CLR_more_sig"
0,"cent vs mage","453",0.0141511539422428,0.01639271795227,1.84920814456973,1.78534903338425,-2.34522671541233,-2.5358090405188,0.446353839208804,0.46289772530927,"CLR_more_sig"
0,"cent vs mage","464",0.00112578679380162,0.041129258368168,2.94854385019769,1.38584912150264,-2.61681559081446,-2.59703321584636,0.468255906086078,0.473698182305908,"CLR_more_sig"
0,"cent vs mage","528",0.000404531103395177,0.0106671243099922,3.39304808094026,1.97195264380219,-2.45426285951178,-2.37032495571966,0.434527899159892,0.42285139465014,"CLR_more_sig"
0,"cent vs mage","531",0.00039584052542968,0.0253969467681105,3.40247974557801,1.59521849131174,-2.63829410361506,-2.40611341278754,0.477565944291748,0.459355353531908,"CLR_more_sig"
0,"cent vs mage","652",0.00750930681532069,0.00861710570424584,2.12440015090203,2.06463857962155,1.88283142595371,1.93051678793388,0.31304686325541,0.303138992662941,"CLR_more_sig"
0,"cent vs mage","671",0.00480011673303901,0.00485966292744039,2.31874820097894,2.31339385292482,2.04536121684237,2.13722518772624,0.361013730164116,0.361189247004177,"CLR_more_sig"
0,"cent vs mage","675",5.79209182123497e-06,0.000625141340877827,5.23716456194565,3.20402178005825,-3.37390944070287,-3.52923135325878,0.464199457254453,0.482452073638,"CLR_more_sig"
0,"cent vs mage","728",0.00190078621915509,0.000705380764872091,2.72106672535557,3.15157638734475,2.02975481814713,2.10549082312803,0.307177441101927,0.306586863514142,"TSS_more_sig"
0,"cent vs mage","762",0.0121598428909475,0.0027726013563469,1.9150720362504,2.55711256864226,2.01548126895296,2.14528541651644,0.386912621187677,0.381252490547247,"TSS_more_sig"
0,"cent vs mage","769",0.00167245916942031,0.0369090548915411,2.77664447607847,1.43286707538531,-2.55865646441771,-2.39745027830456,0.453955445078697,0.45651309972191,"CLR_more_sig"
0,"cent vs mage","770",3.49220657855226e-05,0.00282407447823491,4.45690007388063,2.54912385398712,-2.56222234890464,-2.49472740903758,0.35368617965437,0.355850516387004,"CLR_more_sig"
0,"cent vs mage","829",0.0103532706080275,0.00444306973345247,1.98492243449294,2.35231687050526,2.10507110173643,2.16943590764939,0.390916167610411,0.397542615824089,"TSS_more_sig"
0,"cent vs mage","837",0.00884109874150802,0.0414895876606834,2.0534937590003,1.38206088133347,-2.32145224742658,-2.28289775206611,0.454839820955022,0.462378601583823,"CLR_more_sig"
0,"cent vs mage","848",0.0347339953478931,0.0136662687800192,1.4592452582169,1.86435004208463,1.82530801115347,1.95860307760161,0.340670583868554,0.340879157633867,"TSS_more_sig"
0,"cent vs mage","849",0.00184569207705283,0.0476649202828864,2.73384075205953,1.32180112897627,-2.36889656006688,-2.25267914872127,0.415165188976263,0.419719032202367,"CLR_more_sig"
0,"cent vs mage","854",0.00026364618615844,0.00047063714556485,3.57897850668535,3.32731379862791,2.93163706217213,2.97040916470075,0.46657983527058,0.46422914493305,"CLR_more_sig"
0,"cent vs mage","857",0.0122885151435136,0.0100726787759114,1.91050059098965,1.99685501575365,2.01064979695696,2.1403426959548,0.335701631194228,0.333984405001739,"TSS_more_sig"
0,"cent vs mage","886",0.00416579831393552,0.0020217258750448,2.38030176013604,2.6942777305581,2.82399509922236,2.78444081397369,0.525952983129648,0.528368979151053,"TSS_more_sig"
0,"cent vs mage","912",0.000603842054338007,0.0197202324996677,3.21907664399439,1.70508796907394,-2.56058794678862,-2.43148238856171,0.461835646191468,0.462681240603289,"CLR_more_sig"
0,"cent vs mage","917",6.58765157462797e-05,0.0389201764236681,4.18126937902536,1.40982519975898,-2.8838731931233,-2.75002046282702,0.497386762661247,0.505334053791533,"CLR_more_sig"
0,"cent vs mage","921",1.12580761401465e-09,1.95648882165879e-08,8.94853581846373,7.70852262908493,-4.32663133714129,-4.27189782800812,0.480692073507191,0.47839445254344,"CLR_more_sig"
0,"cent vs mage","966",0.00116533268590698,0.0100663269279763,2.93355007203914,1.99712896896069,-2.87037241073808,-2.72588483166205,0.53426435821502,0.527280298793279,"CLR_more_sig"
0,"cent vs mage","975",0.02458750715407,0.040162418261272,1.6092855007087,1.39618014531754,-2.37027081239351,-2.31189163630774,0.435447400620356,0.428665131828687,"CLR_more_sig"
0,"cent vs mage","978",0.00027895267227383,0.000125860300968542,3.55446947383698,3.90011123406302,2.80941956462535,2.86940675839678,0.44390691403352,0.446115671055805,"TSS_more_sig"
0,"cent vs mage","984",0.0141943686259085,0.00156633913462223,1.84788392038942,2.80511420118655,2.25506926895672,2.41851425935926,0.417206667810823,0.399985675416366,"TSS_more_sig"
0,"cent vs mage","989",0.0445302023027324,0.00384515495857321,1.35134533184473,2.41508615357459,1.94553265578015,2.06820919993939,0.381652929931088,0.392527881688536,"TSS_more_sig"
0,"cent vs mage","1004",0.00317821687110179,0.0393272640108483,2.49781647128558,1.40530626631139,-2.83691317280058,-2.71824713708066,0.456416560443275,0.46037056875352,"CLR_more_sig"
0,"cent vs mage","1019",2.73493196892944e-06,0.00068142339044997,5.56305347221392,3.16658296297683,-3.16180400054502,-3.05297308663577,0.388056951087107,0.401408972569568,"CLR_more_sig"
0,"cent vs mage","1030",0.0444124297694756,0.0129114889335776,1.35249546626317,1.88902367265606,2.02287533245033,2.05544075545969,0.407467728353498,0.411690305141495,"TSS_more_sig"
0,"cent vs mage","1043",0.0159899311262879,1.48773449086253e-05,1.79615340689401,4.82747456841516,2.31820626882289,2.40589765020407,0.324200644869185,0.326042242625061,"TSS_more_sig"
0,"cent vs mage","1058",1.99729479147044e-05,0.00449106774566426,4.69955783054221,2.34765039375798,-3.0825359238742,-3.02359262430577,0.456835238497231,0.450424532657133,"CLR_more_sig"
0,"cent vs mage","1074",0.000104177197098124,7.67055066387215e-06,3.98222733149915,5.11517345721182,2.83282606139017,2.87186349143973,0.370019572952894,0.393229249488245,"TSS_more_sig"
0,"cent vs mage","1076",0.0428834077681986,0.0100196765154727,1.3677107103461,1.99914629940819,2.09526773415875,2.18892049499047,0.427298411277306,0.423545892623269,"TSS_more_sig"
0,"cent vs mage","1079",0.000594713910204388,0.0225127640029637,3.22569190334643,1.64757118125256,-2.54495362804705,-2.41817442228382,0.428721240964503,0.417611028437302,"CLR_more_sig"
0,"cent vs mage","1087",6.11249097793696e-06,7.41047283144245e-06,5.21378176888838,5.13015408061244,3.44393996608644,3.46684530239513,0.491789223663866,0.494996077450378,"CLR_more_sig"
0,"cent vs mage","1091",0.0174207624479321,0.0100540728111259,1.75893284130979,1.99765797395619,2.20716618792532,2.43252225674238,0.480220139061363,0.474509790980549,"TSS_more_sig"
0,"cent vs mage","1098",3.25319601062224e-09,1.81420212125546e-08,8.48768976894468,7.7413143295935,4.01417770324593,4.12016746480301,0.444219475294458,0.444034157996224,"CLR_more_sig"
0,"cent vs mage","1104",0.000131403570165422,0.00290254022766072,3.88139283506483,2.5372217524576,-2.84423564745159,-2.81600845818979,0.444155116062939,0.454253276165647,"CLR_more_sig"
0,"eld vs kin","3",8.06077427029095e-13,4.65044669439862e-14,12.0936232404325,13.3325053293477,-4.7413284564979,-4.7128652620548,0.445944536053726,0.446458815232671,"TSS_more_sig"
0,"eld vs kin","4",4.26209660223364e-09,2.15409967481301e-08,8.37037671104097,7.66673420483574,2.47635713967732,2.50136459858582,0.219994067566838,0.220067702336678,"CLR_more_sig"
0,"eld vs kin","5",3.1093355090093e-05,2.9418344726861e-06,4.50733241341844,5.5313817672378,-2.78261492130101,-2.75692403279769,0.385001074039519,0.385654982235131,"TSS_more_sig"
0,"eld vs kin","7",3.67604928665985e-31,6.72907077302436e-28,30.4346186744402,27.1720449039797,7.52316537918928,7.55694101705921,0.458581812488477,0.46445409163958,"CLR_more_sig"
0,"eld vs kin","8",0.0172487352498233,0.0164022205912353,1.7632427437304,1.78509735163305,2.00395650524986,2.0137396704863,0.396046075961957,0.39276999122215,"TSS_more_sig"
0,"eld vs kin","10",0.00142505087044618,0.000215404490630764,2.84616963224513,3.66674524701839,-2.72131057930498,-2.7191494570127,0.471610934821695,0.474280403152244,"TSS_more_sig"
0,"eld vs kin","11",1.01554532377385e-08,4.06248501528073e-08,7.99330068926988,7.39120822793132,3.17768770928903,3.20041921125209,0.347187271928662,0.349940779809169,"CLR_more_sig"
0,"eld vs kin","12",0.0156848664932447,0.00192624123563116,1.80451917358682,2.71528932430243,-1.99181947644745,-1.96246583601091,0.369661783161098,0.368886439657828,"TSS_more_sig"
0,"eld vs kin","14",5.17165601972302e-09,3.25286262906682e-08,8.28637036888526,7.48773427692656,2.81627073061705,2.82795049069027,0.276515476188384,0.27648682255134,"CLR_more_sig"
0,"eld vs kin","15",4.28715868296098e-05,0.000102682487541623,4.36783044141148,3.98850361884249,2.93444995136448,2.92814797064405,0.431870515384334,0.427926660115024,"CLR_more_sig"
0,"eld vs kin","16",7.21745852610796e-11,2.54781977090724e-10,10.1416157030391,9.59383129661488,2.98234491902348,2.99585352827335,0.267618718722225,0.266926589321729,"CLR_more_sig"
0,"eld vs kin","21",1.28006490656451e-18,4.61886917313655e-18,17.8927680085958,17.3354643387254,4.04929287647415,4.0804754545034,0.29156912204578,0.29394196568031,"CLR_more_sig"
0,"eld vs kin","23",5.61438469988358e-05,0.000114913369880802,4.25069783265054,3.93962943930424,2.37388553437707,2.40003281890181,0.312685908194008,0.318670686998981,"CLR_more_sig"
0,"eld vs kin","25",1.82995371839909e-05,4.49355917964031e-05,4.73755989392971,4.34740953432897,2.99588020706437,3.04017688458947,0.418704105619881,0.42548906008268,"CLR_more_sig"
0,"eld vs kin","26",0.000391782845340879,0.000560135665337297,3.40695458400463,3.25170677375859,2.40869593476958,2.43788914995112,0.363982559296416,0.36429252141186,"CLR_more_sig"
0,"eld vs kin","29",1.47704805116549e-05,3.87822919992373e-05,4.8306053760377,4.41136652807818,2.39499001252358,2.41512073923369,0.291682679067641,0.291620086900302,"CLR_more_sig"
0,"eld vs kin","31",2.49126990256233e-05,3.16624001246667e-05,4.60357921873261,4.49945616713032,3.53809904963663,3.51730679378498,0.532514681693853,0.526146476025255,"CLR_more_sig"
0,"eld vs kin","32",0.0181674723977796,0.0313753249969646,1.74070549096688,1.50341176690828,1.72112629252455,1.74454978384788,0.291244382414728,0.292036039990408,"CLR_more_sig"
0,"eld vs kin","33",2.00881352183646e-05,5.14266627464287e-07,4.69706037693831,6.28881165763179,-3.22492947955107,-3.20722625680087,0.462971553594475,0.458837834957904,"TSS_more_sig"
0,"eld vs kin","36",0.000296777071601263,0.000465326849569358,3.52756965481382,3.33224188775602,2.07151209751368,2.09897095246662,0.261958237998797,0.261809574202921,"CLR_more_sig"
0,"eld vs kin","38",0.0461185584977614,0.00634820153483964,1.33612427566727,2.19734929425502,-1.82704250864236,-1.79702014732914,0.379967245293606,0.380071300199615,"TSS_more_sig"
0,"eld vs kin","47",0.00202017532789956,0.00202756350167396,2.69461093716971,2.69302553514654,2.78593456874079,2.82833992970151,0.527919029720562,0.540347236646372,"CLR_more_sig"
0,"eld vs kin","49",0.0169942631505612,0.0223191955231557,1.76969766112404,1.65132146323584,1.94517708218737,1.96958077473734,0.365866110156069,0.365240701759616,"CLR_more_sig"
0,"eld vs kin","55",0.000915486326479439,0.00115272667439835,3.03834813784931,2.93827365703532,2.43240832676751,2.47393866644524,0.407974361370797,0.411678030164697,"CLR_more_sig"
0,"eld vs kin","57",0.00852098387138553,0.00119606243170752,2.06951025673045,2.92224615058304,-2.39921278802195,-2.38305498385444,0.478016978881554,0.485731610077651,"TSS_more_sig"
0,"eld vs kin","58",0.0243057892859876,0.0329006639119758,1.61429027144262,1.48279533820813,1.8194535276837,1.82446762722859,0.36962995581285,0.374088552962595,"CLR_more_sig"
0,"eld vs kin","61",0.00288107220790086,0.00310006976802183,2.54044585692267,2.5086285321251,2.18008270483705,2.21288228706741,0.360575407597103,0.362195141825793,"CLR_more_sig"
0,"eld vs kin","62",0.0392992674538267,0.00918083455097151,1.40561554488477,2.03711783901574,-1.64909779745619,-1.6323551047827,0.317576042149829,0.317580850428411,"TSS_more_sig"
0,"eld vs kin","65",3.87456137206849e-05,5.98818568700087e-07,4.41177745560218,6.22270474112967,-2.66983893246295,-2.62663086649874,0.364277700072679,0.35965350807742,"TSS_more_sig"
0,"eld vs kin","67",4.63055311687259e-11,5.10257345635405e-13,10.3343671296606,12.2922107344885,-5.41839291970633,-5.4124477184957,0.567931718964312,0.568236716777413,"TSS_more_sig"
0,"eld vs kin","70",0.0039511936820699,0.00282408404389098,2.40327168127969,2.54912238295488,2.59956197181645,2.56559850779971,0.515857516468698,0.510707165775016,"TSS_more_sig"
0,"eld vs kin","71",0.0112074740390675,0.00212843444843997,1.95049225845841,2.67193972068966,2.67395641977452,2.67482934373358,0.532401525221511,0.524161179286798,"TSS_more_sig"
0,"eld vs kin","74",3.13110999429203e-07,2.19276669792217e-07,6.50430167557216,6.65900757315374,3.83495765479114,3.74911029618126,0.497541189438492,0.495654681835293,"TSS_more_sig"
0,"eld vs kin","77",0.00345778805021132,0.00120059197932523,2.46120163091309,2.92060456231817,2.30494637698074,2.36950884601189,0.361675054824217,0.363997615812924,"TSS_more_sig"
0,"eld vs kin","79",4.32841426810717e-07,8.1372900156734e-08,6.36367118003111,7.0895202053314,-3.75461623664955,-3.77709824904058,0.493617919837767,0.492734101567394,"TSS_more_sig"
0,"eld vs kin","80",0.000121248490972267,0.00055821235381467,3.9163236578102,3.25320055635657,2.43680894169529,2.45630595078829,0.346126044458181,0.344950626288281,"CLR_more_sig"
0,"eld vs kin","82",0.00016406282838793,4.93928993621726e-06,3.78498980562985,5.30633548001308,-3.86738580052393,-3.76944516549194,0.612745783648319,0.59780341088206,"TSS_more_sig"
0,"eld vs kin","83",3.39587268998611e-05,1.57562711387419e-05,4.46904859966275,4.80254655432607,-3.42766331576995,-3.40011505231725,0.525110093369415,0.515597355814318,"TSS_more_sig"
0,"eld vs kin","84",5.56115943745151e-06,8.75136257685147e-08,5.25483465359909,7.05792432257343,-3.71835133252848,-3.70146903071113,0.481537735934106,0.474470477870973,"TSS_more_sig"
0,"eld vs kin","85",0.0136924643208571,0.00234860833423629,1.86351838206068,2.62918940232089,-2.27345938680626,-2.24893558762917,0.486880681347042,0.484381590271839,"TSS_more_sig"
0,"eld vs kin","87",0.000816771803041407,0.00034411203764304,3.08789926356916,3.46330013473011,-2.87211931398715,-2.82690405010573,0.514933805497283,0.523782425895909,"TSS_more_sig"
0,"eld vs kin","89",2.96543206372779e-12,3.14252943990735e-14,11.5279120209431,13.5027206450567,4.88739737713185,4.89706181215222,0.445231860040736,0.441332403633932,"TSS_more_sig"
0,"eld vs kin","91",3.7536746548913e-06,2.28455762103213e-06,5.42554337202063,5.64119788370996,-4.20253755130424,-4.25111291351244,0.576644229304081,0.581245770137012,"TSS_more_sig"
0,"eld vs kin","100",0.000912589531926687,6.97574057963525e-06,3.039724517212,5.15640967872455,-3.57773210917287,-3.6251166917633,0.564117009925594,0.559908747699184,"TSS_more_sig"
0,"eld vs kin","102",0.00210426989660665,0.000327148962595001,2.67689855772668,3.485254452532,-2.85517165944742,-2.82995617591386,0.550902331921181,0.548368683197642,"TSS_more_sig"
0,"eld vs kin","103",0.00958204865686145,0.00793737221273153,2.01854162816032,2.10032325354278,2.29092297425616,2.22185962070505,0.456763469418487,0.448984243529482,"TSS_more_sig"
0,"eld vs kin","108",0.0280600635560839,0.0268847568203852,1.55191134962892,1.57049388747559,-2.75789453122865,-2.52307232946978,0.640611677777862,0.650838269163717,"TSS_more_sig"
0,"eld vs kin","110",0.0250677801332894,0.00388097610730689,1.60088412310394,2.41105903092572,-2.40969757145571,-2.36890198573729,0.522815721225309,0.519543193993755,"TSS_more_sig"
0,"eld vs kin","111",3.55250148924964e-05,3.01012408111129e-06,4.44946573133919,5.52141560187085,-3.21119223936422,-3.18265436579889,0.453627261615911,0.465561381337913,"TSS_more_sig"
0,"eld vs kin","115",0.0096390399913826,0.00235114440409171,2.01596621788208,2.62872069627946,-2.59753036685948,-2.60573884759843,0.561159503967883,0.560562469738836,"TSS_more_sig"
0,"eld vs kin","118",0.0102068240359462,0.00195024035594038,1.99110937233363,2.70991186103446,-2.16437823372216,-2.15183128428771,0.392720113679564,0.396662570180438,"TSS_more_sig"
0,"eld vs kin","119",0.000119853854931531,0.000128258449832842,3.92134799293139,3.89191401339049,2.40976750949075,2.42680789887457,0.312262622748915,0.314145527400404,"CLR_more_sig"
0,"eld vs kin","121",1.20752830657973e-11,1.26769053158519e-10,10.9181026798334,9.89698675341678,4.64561318771128,4.66098990706911,0.498713363773594,0.495444362996994,"CLR_more_sig"
0,"eld vs kin","124",0.00263386608802944,0.000441744290067965,2.57940630936978,3.35482905542165,2.4864645140441,2.56012407380808,0.425321344343924,0.43271756954047,"TSS_more_sig"
0,"eld vs kin","125",0.00240625874762153,0.000219772764809009,2.61865767432691,3.65802612822747,2.84168339165212,3.01237223977669,0.531492757429011,0.544149576768372,"TSS_more_sig"
0,"eld vs kin","128",0.0141322694847201,0.00194322522966444,1.84978808970513,2.71147685954869,-2.6318306509261,-2.67921694333666,0.582360263899869,0.587928107022818,"TSS_more_sig"
0,"eld vs kin","130",0.00286286429056492,9.21201085987018e-05,2.5431992385155,4.03564555872573,-3.236882350798,-3.27571124778059,0.580086244815349,0.586510661637855,"TSS_more_sig"
0,"eld vs kin","133",0.00239411945294067,0.00112831399972682,2.62085418456505,2.94757002324996,-2.56317776059336,-2.44756688545385,0.488731247863932,0.494102964626594,"TSS_more_sig"
0,"eld vs kin","138",2.19361785520167e-09,3.49744665708253e-10,8.65883902755092,9.45624890062781,3.88224551820939,3.89430076183229,0.435410621959235,0.433587129667012,"TSS_more_sig"
0,"eld vs kin","139",5.22609951418082e-06,1.53381267037143e-07,5.28182232479466,6.8142276789737,-3.88443425052647,-3.84065194084693,0.534342404534526,0.526897878885645,"TSS_more_sig"
0,"eld vs kin","142",0.043236702979202,0.045447897420797,1.36414743064222,1.34248620396386,2.17719730400232,2.13439015200911,0.544119955309092,0.539604232285584,"CLR_more_sig"
0,"eld vs kin","145",0.0482515075502751,0.00597992774684085,1.31648911318987,2.22330406339251,-2.2505951449275,-2.3282654475527,0.539442008117869,0.536931695499501,"TSS_more_sig"
0,"eld vs kin","147",0.0254716532239266,0.00112574532131207,1.59394286647227,2.94855984932401,-2.78823292653813,-2.77052262084324,0.563132244624354,0.559702040504747,"TSS_more_sig"
0,"eld vs kin","151",1.52756634773137e-15,1.51740925918817e-16,14.8159999176957,15.8188972702113,5.37168742893072,5.47255003834223,0.485667698385791,0.485279064811111,"TSS_more_sig"
0,"eld vs kin","162",0.0129566006055041,0.00281021425597599,1.88750892839801,2.55126056741135,-2.69464946853019,-2.74319088460249,0.623015882764139,0.598093128507729,"TSS_more_sig"
0,"eld vs kin","163",0.0105297019214828,0.000640987393408633,1.97758392280193,3.19315051186481,-2.84442597035479,-2.88721527921086,0.57487611901935,0.56935101395664,"TSS_more_sig"
0,"eld vs kin","164",1.92835989481688e-05,1.02396358716122e-05,4.71481190936122,4.98971548689156,3.25233845634618,3.26737640753172,0.468763660006712,0.46156457528037,"TSS_more_sig"
0,"eld vs kin","169",7.08038759582536e-05,1.14089740545094e-05,4.14994296743443,4.94275340750976,-3.42382475470721,-3.37438667410152,0.517212147329388,0.518141300983942,"TSS_more_sig"
0,"eld vs kin","172",0.00515602793468843,0.000119365667903014,2.28768473836127,3.92312056754767,-2.71310211904184,-2.75953684032973,0.464651642062814,0.459256383225996,"TSS_more_sig"
0,"eld vs kin","181",0.0242827511779944,0.00159161580186484,1.6147021102766,2.79816175774591,-2.53643994343135,-2.45580628362369,0.488654496112672,0.49485017926496,"TSS_more_sig"
0,"eld vs kin","203",0.0293435554780877,0.00914027813065027,1.53248726503392,2.03904058886476,-2.20019566806435,-2.08184215789251,0.439028609179399,0.431606086089002,"TSS_more_sig"
0,"eld vs kin","206",0.0115537001118418,0.00237552917265385,1.93727890920784,2.62423963186452,2.826439376535,2.89400316045971,0.544513465825134,0.553034883450154,"TSS_more_sig"
0,"eld vs kin","207",1.56577029726596e-07,3.69001890095451e-07,6.80527194977932,6.43297140929914,3.58732353161621,3.60283083592057,0.455231986679264,0.46376004351204,"CLR_more_sig"
0,"eld vs kin","216",0.0156128586011632,0.0117901605300722,1.80651757348776,1.92848028168609,-2.42364590360799,-2.35664497596936,0.517862894545607,0.515933487599028,"TSS_more_sig"
0,"eld vs kin","222",8.87908744648341e-05,0.000354249486228417,4.05163166680269,3.45069077094169,3.33728229095669,3.37784266472534,0.503777336031895,0.514761261346233,"CLR_more_sig"
0,"eld vs kin","223",0.0175036003011329,0.00318488555294951,1.756872612451,2.49690616917338,2.56373222977775,2.6019896214595,0.530207411137983,0.526938363659253,"TSS_more_sig"
0,"eld vs kin","246",0.000764512170584976,0.000415813203762487,3.11661559648342,3.38110172416726,2.9232484391264,2.95672852122455,0.478211625446617,0.474230861268789,"TSS_more_sig"
0,"eld vs kin","251",0.0214574785458902,0.014851023648802,1.66842131302912,1.82824361033975,-2.86245077179549,-2.77148348428451,0.597208349144007,0.588774055467203,"TSS_more_sig"
0,"eld vs kin","252",0.0102708397943479,0.00285883262159644,1.98839404489929,2.54381127089069,-2.3881595800991,-2.45562379947092,0.484027805887748,0.481828742620047,"TSS_more_sig"
0,"eld vs kin","265",0.00515215368945466,0.0120865817199868,2.28801119039076,1.91769650724952,2.66838189172223,2.70737601930415,0.471470621544159,0.481403266420955,"CLR_more_sig"
0,"eld vs kin","267",0.00337683829708163,0.000424843785795188,2.47148973544589,3.37177072980493,-3.11984675670989,-3.18246240545211,0.609409433495593,0.592300737776977,"TSS_more_sig"
0,"eld vs kin","282",0.00601953455858335,0.000105657280325315,2.22043708788729,3.97610057247654,-2.77022773671897,-2.82218030634517,0.477556955098497,0.472431694131202,"TSS_more_sig"
0,"eld vs kin","294",0.000331473835502286,0.0101410845644453,3.47955074643095,1.99391559577529,2.64204602401605,2.58624661861975,0.44833427645456,0.44705375854471,"CLR_more_sig"
0,"eld vs kin","329",0.00100533059832686,0.00114867410600634,2.99769109902043,2.93980316890855,2.71972387203085,2.52925143645968,0.44535118678092,0.422099745835944,"CLR_more_sig"
0,"eld vs kin","344",1.29265370255729e-05,3.32434470835722e-05,4.88851780552318,4.47829394963656,3.14941715181419,3.1404502415168,0.422616725923312,0.422229012802423,"CLR_more_sig"
0,"eld vs kin","435",0.00878071330098908,0.00195034472161829,2.05647020276126,2.7098886207066,2.83590837854629,2.78307160827556,0.554664434315764,0.552358888999515,"TSS_more_sig"
0,"eld vs kin","473",0.00511951635971326,0.00259723848746381,2.2907710648501,2.58548817011111,-2.68411295134004,-2.65841421923812,0.538124283362267,0.5334804651414,"TSS_more_sig"
0,"eld vs kin","614",0.0022303591715815,0.000277422839455472,2.65162519359964,3.55685778752674,-2.90048518816947,-2.80683031712467,0.493362792055882,0.496553844953796,"TSS_more_sig"
0,"eld vs kin","616",0.000450256591223659,0.00218794595235829,3.34653992090463,2.65996341034705,-2.65461089903043,-2.60847137698546,0.435532470107828,0.440301399958933,"CLR_more_sig"
0,"eld vs kin","652",0.0050285261039403,0.00468493294230508,2.29855929103275,2.32929662099718,1.97218777940403,1.89922129034623,0.370454416907603,0.35867898734667,"TSS_more_sig"
0,"eld vs kin","666",9.2767756555238e-10,3.00864524266364e-11,9.0326029460161,10.5216290180547,-3.88459172389429,-3.86334849495199,0.419059683792529,0.424388907191184,"TSS_more_sig"
0,"eld vs kin","667",0.0491580106017337,0.0187170636691855,1.3084057010942,1.727762282323,2.5337546545339,2.55583661975033,0.561643927223492,0.574981566436157,"TSS_more_sig"
0,"eld vs kin","670",0.0418628655087892,0.0316621272805178,1.37817104756776,1.49945990958883,2.07810581306223,2.20969635828534,0.425520553277389,0.416871175660325,"TSS_more_sig"
0,"eld vs kin","728",5.87376291866439e-13,1.27831430939093e-13,12.2310835867873,12.8933623495804,4.13952649688955,4.12470749719862,0.384651986062877,0.378139955579384,"TSS_more_sig"
0,"eld vs kin","744",3.26298896071845e-05,1.25658841316173e-06,4.48638439550639,5.90080694917453,-3.57331011713393,-3.59012350548352,0.521225265006967,0.515004919199357,"TSS_more_sig"
0,"eld vs kin","757",0.0313815697200896,0.0209758812034442,1.5033253366024,1.67827978526663,-1.99553190537915,-1.94058967993649,0.442488577123559,0.439162707924941,"TSS_more_sig"
0,"eld vs kin","770",0.000666971714996946,0.000147643988850524,3.17589258329667,3.83078423012248,-2.63274483775631,-2.58966962774288,0.430851742346552,0.437800113585818,"TSS_more_sig"
0,"eld vs kin","786",6.77732500406733e-06,4.93930160451146e-07,5.16894168743233,6.30633445406201,-3.77282787077747,-3.69190578893567,0.498918564877685,0.496638929511773,"TSS_more_sig"
0,"eld vs kin","825",0.0181455083595667,0.0126294437232521,1.74123086021834,1.89861577796743,2.20914704486122,2.26079773330654,0.45744747311958,0.463011866213243,"TSS_more_sig"
0,"eld vs kin","849",0.000381414075304842,2.77762868900128e-05,3.41860328424641,4.5563258108287,-2.7990155823128,-2.76499229244662,0.438167067099908,0.438720389428261,"TSS_more_sig"
0,"eld vs kin","854",1.63189463478186e-06,4.01828560872076e-05,5.78730788541675,4.39595919802999,3.31848525770397,3.25549401972437,0.460760625741519,0.463012428158993,"CLR_more_sig"
0,"eld vs kin","877",0.0495742061731528,0.0426251244154782,1.30474423138145,1.37033434036597,-2.17625287212887,-2.1769528045393,0.575149366511858,0.559122235591022,"TSS_more_sig"
0,"eld vs kin","879",0.000936935250792648,9.22549002640261e-05,3.02829042106003,4.03501055632223,-2.60601025985042,-2.55943753172632,0.421361070861693,0.407329350088099,"TSS_more_sig"
0,"eld vs kin","886",3.20835680296683e-09,1.34376939505081e-09,8.49371733959522,8.87167525438478,4.58979598365227,4.58433824832863,0.523784207638791,0.522120741215053,"TSS_more_sig"
0,"eld vs kin","888",0.00040307317701184,0.000469113839119538,3.39461610153273,3.32872175493475,2.7952549926649,2.80700399122006,0.444975173590369,0.440662744311361,"CLR_more_sig"
0,"eld vs kin","891",0.000610702376283573,0.000552460298551291,3.21417039013213,3.25769892622135,-3.34832162348735,-3.29573614784225,0.573367114566487,0.592344150803742,"TSS_more_sig"
0,"eld vs kin","895",0.00184042494265746,3.73667651480024e-05,2.73508188952097,4.42751449752582,-3.17717326889122,-3.06861214616216,0.513823863411168,0.496410540817435,"TSS_more_sig"
0,"eld vs kin","914",0.00996605532525887,0.00119006839192931,2.00147670622899,2.92442807946124,-2.85788929589247,-2.78316272658426,0.566292230448865,0.561162418401114,"TSS_more_sig"
0,"eld vs kin","926",0.0336782110865082,0.0322702298676483,1.4726509853402,1.49119794101395,2.20976203571178,2.11094003848946,0.42636991035597,0.424274851656083,"TSS_more_sig"
0,"eld vs kin","935",0.0344496672847724,0.0134457928796184,1.4628149681565,1.8714135829468,-2.43605296065007,-2.36135862708257,0.53387543242192,0.549791942144571,"TSS_more_sig"
0,"eld vs kin","944",0.0016436299914858,0.00351150630007511,2.78419594272171,2.45450654806917,1.98357528674248,2.00420490683773,0.296074718830364,0.292506141083996,"CLR_more_sig"
0,"eld vs kin","947",3.05271377363505e-10,1.22410528684195e-09,9.515313913801,8.91218122636696,4.24368594731949,4.19869521111976,0.432188861549796,0.43297887317259,"CLR_more_sig"
0,"eld vs kin","965",0.00727724153779686,0.0018532813493439,2.13803321023844,2.73205864479753,-2.85224393799702,-2.84408952106978,0.595717585438351,0.604398453600589,"TSS_more_sig"
0,"eld vs kin","978",6.54553216212016e-22,2.88091913854041e-24,21.1840550388494,23.5404689312991,6.01470865898833,6.07376094214852,0.409732467840539,0.411272037239753,"TSS_more_sig"
0,"eld vs kin","984",2.96603308282065e-12,6.74208945849398e-16,11.5278240092057,15.1712054892709,4.87608111086401,4.86338739064647,0.425807996850461,0.429051455667761,"TSS_more_sig"
0,"eld vs kin","988",0.000469509845666718,0.000342749430839943,3.32835529610523,3.46502325771504,3.15431796563757,3.19502113446128,0.521764411167716,0.520999765149992,"TSS_more_sig"
0,"eld vs kin","991",3.42696539759933e-05,0.000103612188067062,4.46509028066133,3.98458915483274,-3.82821816627518,-3.78743911484104,0.579264184859306,0.563855681065005,"CLR_more_sig"
0,"eld vs kin","1014",1.6859832279726e-07,1.92020660678244e-09,6.77314675001684,8.71665204038074,-4.1577802959928,-4.21551474481879,0.518693890890113,0.523867217540599,"TSS_more_sig"
0,"eld vs kin","1020",0.00331869014746304,0.00359454770376402,2.47903329399959,2.44435574842913,2.36067738721221,2.36688240966602,0.418820787871935,0.427843513369275,"CLR_more_sig"
0,"eld vs kin","1021",3.07659608104763e-06,1.13866019825401e-06,5.51192951749543,5.94360585980214,-3.81765566024098,-3.84954095792824,0.552891602690638,0.561847550686225,"TSS_more_sig"
0,"eld vs kin","1027",0.0230552336625076,0.0249470349176721,1.63723047189075,1.60298106508734,2.4985902280408,2.46326368865451,0.514446241934727,0.508477412271658,"CLR_more_sig"
0,"eld vs kin","1030",3.00019596917309e-09,2.17775230025625e-11,8.52285037676339,10.6619915188637,4.15687575677003,4.164965662528,0.42197128212363,0.434840373361901,"TSS_more_sig"
0,"eld vs kin","1043",0.0018907648620736,0.00236361172418981,2.7233624772118,2.62642386446225,2.3986402128878,2.43728434074899,0.429984548756445,0.436591869256392,"CLR_more_sig"
0,"eld vs kin","1047",0.0178654597026771,0.00228483634998496,1.74798580432763,2.64114490055855,-1.7160241834495,-1.69706655655905,0.290231121968979,0.290325622690332,"TSS_more_sig"
0,"eld vs kin","1059",0.016099900221987,0.0275463613363984,1.79317681546969,1.55993576000235,2.65265163206778,2.74939232159272,0.578314318871086,0.590794054703358,"CLR_more_sig"
0,"eld vs kin","1074",3.08265900588101e-16,4.97867573905845e-14,15.5110745129169,13.3028861583848,5.0363183646635,5.03047358500094,0.395233105784769,0.397937793796554,"CLR_more_sig"
0,"eld vs kin","1076",2.09283265866037e-14,5.29448961077845e-13,13.6792654961362,12.2761758995614,4.62471354399905,4.3731902742226,0.430309480330229,0.415931062560763,"CLR_more_sig"
0,"eld vs kin","1079",0.0239983108584083,0.00283707726232391,1.61981932540043,2.54712883687104,-2.38825917843811,-2.36239533309409,0.502305703380095,0.489829392243281,"TSS_more_sig"
0,"eld vs kin","1082",0.00494218100944926,0.000260667438091428,2.30608135242536,3.58391321639758,2.90997720316406,2.96658681456001,0.491993172106949,0.50307857072651,"TSS_more_sig"
0,"eld vs kin","1089",1.60707720548317e-09,3.00133765003513e-09,8.79396325882477,8.52268514376265,2.96563808799731,2.98416886289949,0.288632035413423,0.288917949117781,"CLR_more_sig"
0,"eld vs kin","1098",2.71640246797595e-29,1.59942016897074e-25,28.5660058836287,24.7960374317541,6.90494525558727,6.95254859182323,0.434184385308973,0.437056740815339,"CLR_more_sig"
0,"eld vs kin","1101",0.0299358813556437,0.00974845063453762,1.5238079510724,2.01106440320812,-2.64881665906211,-2.60257114068418,0.588345173524097,0.585855362671611,"TSS_more_sig"
0,"eld vs kin","1104",0.000623809644638664,0.000311701157373455,3.20494791495725,3.50626158514706,-2.77759185504127,-2.78044562928624,0.479105267770456,0.473518922153637,"TSS_more_sig"
0,"eld vs kin","1105",2.39786830718728e-09,1.49756655571746e-10,8.62017467237662,9.82461386734365,-4.6257743297499,-4.66520042503164,0.511911399363189,0.512481060927472,"TSS_more_sig"
0,"eld vs kin","1108",0.00179792276005179,0.00332161754476737,2.74522896977956,2.4786503742203,2.4939474320635,2.58170110089053,0.434676442396358,0.441843186935773,"CLR_more_sig"
0,"eld vs kin","1112",2.47594013126415e-05,1.19521232618503e-05,4.60625986085384,4.92255493664101,-3.61871740828179,-3.49823752083687,0.537533281874405,0.53826222763723,"TSS_more_sig"
0.1,"cent vs mage","4",7.53267655099923e-07,0.000255238155377796,6.12305068053397,3.59305440271184,2.03291188459098,1.79667297191316,0.183105243574783,0.182973315776956,"CLR_more_sig"
0.1,"cent vs mage","7",2.39193536757535e-10,6.61009639970419e-09,9.62125055958522,8.17979220684502,4.01479078987419,3.76170499116281,0.41885390979319,0.415849678147886,"CLR_more_sig"
0.1,"cent vs mage","8",0.00090661286026302,0.0161221461168908,3.04257812478577,1.7925771471038,2.11139528787754,1.86894358050362,0.313713564630888,0.314907280173527,"CLR_more_sig"
0.1,"cent vs mage","9",0.0028600871334652,0.0459341592045293,2.54362073574974,1.33786422869932,1.84546163723474,1.6069317317676,0.271184071328903,0.271721994641298,"CLR_more_sig"
0.1,"cent vs mage","11",0.00156957835148076,0.0139050598944482,2.80421699995985,1.8568271361222,2.05249781815701,1.82648469468786,0.297264749570446,0.298922743475052,"CLR_more_sig"
0.1,"cent vs mage","14",1.11742581146906e-07,2.16776719819057e-05,6.95178130107223,4.66398735957367,2.53310880880397,2.29864627633491,0.259238963506446,0.260169208768579,"CLR_more_sig"
0.1,"cent vs mage","19",0.000195210596530267,0.00661286813808611,3.70949661141464,2.17961013712855,2.3454297518947,2.10852308614835,0.345989244800532,0.344120763154553,"CLR_more_sig"
0.1,"cent vs mage","20",5.18783599293991e-07,3.56846569306513e-05,6.28501376205732,4.44751847415831,2.50804692131357,2.2755653369478,0.268685159113737,0.268648387442971,"CLR_more_sig"
0.1,"cent vs mage","21",2.94086974867866e-09,1.05907420618066e-06,8.53152420999915,5.97507360910336,2.68656917067297,2.44959409719843,0.260200476654992,0.260641804664029,"CLR_more_sig"
0.1,"cent vs mage","22",0.0184029347295935,0.00478506574986545,1.73511291420583,2.32011209036204,-1.77295607528453,-2.01329038068494,0.322357911389153,0.321610645990584,"TSS_more_sig"
0.1,"cent vs mage","23",0.000463454527239878,0.0180059135844799,3.3339928710936,1.74458483848971,1.9741042499692,1.73783887636836,0.266970995299149,0.266213671774817,"CLR_more_sig"
0.1,"cent vs mage","24",1.42710728089135e-08,7.32527607194591e-08,7.84554337814824,7.13517600315633,4.33161182054043,4.0959772605148,0.493127990145791,0.493252892214189,"CLR_more_sig"
0.1,"cent vs mage","26",1.29929117872974e-06,0.000152011026398988,5.88629351009356,3.81812490856475,2.90759007729043,2.66893758454086,0.374242810736479,0.371492919300255,"CLR_more_sig"
0.1,"cent vs mage","32",0.000120975705117353,0.00435567331830024,3.91730183788904,2.36094470039924,1.97247163783194,1.73719183373322,0.230641520632083,0.229276953352449,"CLR_more_sig"
0.1,"cent vs mage","39",4.48722978484086e-07,7.94444880575956e-06,6.34802169027678,5.09993622922075,3.38974481781905,3.1688944516789,0.414919333188874,0.417215564031908,"CLR_more_sig"
0.1,"cent vs mage","42",6.96853009994768e-07,2.6898893029307e-05,6.15685881972177,4.57026559215951,3.2856800082008,3.04705691267826,0.413164936760764,0.414131597243314,"CLR_more_sig"
0.1,"cent vs mage","51",0.0196320514749853,0.00755955919875734,1.70703431590106,2.12150352766395,-1.9221265012778,-2.18085103478852,0.378491439160045,0.385090506520806,"TSS_more_sig"
0.1,"cent vs mage","55",0.000580107158495355,0.00821763431570334,3.23649177532563,2.08525318872585,2.31362409704607,2.08754272308879,0.357351155576307,0.357138397634253,"CLR_more_sig"
0.1,"cent vs mage","56",7.86266680552623e-06,0.000232797035126022,5.10443012794398,3.63302255510723,2.82202129515382,2.57290897632628,0.373050391446562,0.375592889450864,"CLR_more_sig"
0.1,"cent vs mage","57",0.016112881070265,0.00741724489697161,1.79282679843567,2.12975738154536,-2.17928922516642,-2.37376453394628,0.455434254139624,0.449915543470908,"TSS_more_sig"
0.1,"cent vs mage","69",0.000205124423363779,0.0029227245768879,3.68798262680555,2.53421210847888,2.4897448607662,2.31505956992067,0.388456260751647,0.390722812192122,"CLR_more_sig"
0.1,"cent vs mage","90",2.70842079295514e-05,0.00195319666044043,4.56728386071754,2.70925402694041,2.16696100505559,1.97814076160897,0.277796608215823,0.282936092732515,"CLR_more_sig"
0.1,"cent vs mage","92",0.00353485388454834,0.0438318722594722,2.45162853333692,1.35820997824882,1.76799976134942,1.52824163860247,0.239379373427256,0.239870524119707,"CLR_more_sig"
0.1,"cent vs mage","100",0.0134643320422955,0.00253524924293711,1.87081518681546,2.5959793382986,-2.82036911865546,-3.03626177290349,0.568386167776194,0.572692923428147,"TSS_more_sig"
0.1,"cent vs mage","106",4.32317388995917e-05,0.000490389209546438,4.36419729559498,3.30945909453776,2.60224233115451,2.34044985941404,0.337609908513757,0.337394750536531,"CLR_more_sig"
0.1,"cent vs mage","114",1.9501503320174e-06,4.16535589801782e-08,5.70993190871487,7.38034788550764,-3.79593201716866,-4.09861608514285,0.487654513101767,0.487215253721202,"TSS_more_sig"
0.1,"cent vs mage","132",9.19204710033335e-11,4.54021818983389e-11,10.0365877589757,10.3429232756971,-4.46298661831662,-4.61541056102518,0.486164307786862,0.480505543670953,"TSS_more_sig"
0.1,"cent vs mage","142",5.59109482007174e-05,0.000457136155588979,4.25250314242479,3.33995442834573,3.43031571883805,3.24030049315054,0.538724264081314,0.529777978727542,"CLR_more_sig"
0.1,"cent vs mage","143",1.04976274714222e-07,5.91558823337489e-08,6.97890884307257,7.22800206357927,-3.95555963716814,-4.2050363404534,0.441923991305931,0.449060646696827,"TSS_more_sig"
0.1,"cent vs mage","146",0.0119114842101083,0.00667443427962202,1.92403412062472,2.17558553889977,-2.09982551953749,-2.34189722052937,0.42384458961018,0.420453268448574,"TSS_more_sig"
0.1,"cent vs mage","148",0.00296115701902783,0.000755377816679329,2.52853856299594,3.12183577332795,-2.85623641364306,-3.12718916432974,0.506489764811154,0.512091639558591,"TSS_more_sig"
0.1,"cent vs mage","168",0.000197770045673175,8.74765683110108e-05,3.70383948616641,4.05810826258941,3.38756197454313,3.01278062103088,0.452347342996372,0.452379391536007,"TSS_more_sig"
0.1,"cent vs mage","169",0.00095389652204851,0.000529796455372469,3.02049873466778,3.27589095169626,-2.53169649824136,-2.7111254497376,0.432146040143482,0.431569293905177,"TSS_more_sig"
0.1,"cent vs mage","173",0.043265125112349,0.0170761830156817,1.36386203607181,1.76760919924905,-2.11489990487546,-2.47066690456359,0.498330437168573,0.498616986563131,"TSS_more_sig"
0.1,"cent vs mage","210",2.2902804074539e-11,4.33795476160551e-10,10.6401113421341,9.36271498134154,-4.46622089864992,-4.63595944932981,0.470159843624195,0.457964136388875,"CLR_more_sig"
0.1,"cent vs mage","212",0.00194159913542571,0.036802033191408,2.71184043006298,1.43412818732058,2.17758999452638,1.9762369317363,0.372540421855598,0.368095040182261,"CLR_more_sig"
0.1,"cent vs mage","219",8.69031813322878e-08,9.33763105033778e-09,7.06096432470475,8.02976328996485,-3.91969852768955,-4.33628342033389,0.454549368099896,0.46891536854239,"TSS_more_sig"
0.1,"cent vs mage","255",0.0311299035384516,0.0119538213701892,1.50682222505417,1.92249323825646,-2.21200251337072,-2.49971258467458,0.524503855379157,0.534477076588139,"TSS_more_sig"
0.1,"cent vs mage","287",0.0452954019707119,0.00952734203241961,1.34394588187456,2.02102824329232,-2.03826520800708,-2.34771406904495,0.445587741039516,0.454613498703265,"TSS_more_sig"
0.1,"cent vs mage","289",0.0190969566631208,0.00634161035530543,1.71903583744979,2.19780044564846,-2.57678658137236,-2.69239475130179,0.480910314212569,0.475197352728581,"TSS_more_sig"
0.1,"cent vs mage","294",0.000649766379366075,0.00137649984910218,3.18724276395678,2.86122383187987,2.70369018222543,2.53466933215747,0.378648969624003,0.391640245904535,"CLR_more_sig"
0.1,"cent vs mage","353",8.54121177273605e-06,1.8059509382182e-06,5.0684805100043,5.74329405222325,-3.3885660618411,-3.67077309969176,0.456336012846074,0.449568017125998,"TSS_more_sig"
0.1,"cent vs mage","363",0.0194591166294013,0.0143960793285734,1.71087687895381,1.84175576886361,-2.09368598944278,-2.38588846379441,0.442366724724372,0.435165729644305,"TSS_more_sig"
0.1,"cent vs mage","372",0.0286611765504524,0.00783469388096367,1.54270598564554,2.10597796772194,-2.22335692897181,-2.46217295083737,0.479819318381249,0.474484079978861,"TSS_more_sig"
0.1,"cent vs mage","401",0.0185281856161403,0.0230834518276324,1.73216710715054,1.63669924761329,-2.04948129144274,-2.32036577334774,0.435529837426811,0.442154734753078,"CLR_more_sig"
0.1,"cent vs mage","433",0.0493806113208491,0.0442642857821786,1.30644353790291,1.35394653886244,-1.94082157330315,-2.13369896077796,0.451756036530255,0.455192332480055,"TSS_more_sig"
0.1,"cent vs mage","464",0.0347633247834755,0.00380620575074707,1.4588786940742,2.41950773890793,-2.33502317527269,-2.6064096841601,0.472785879492914,0.490646335702812,"TSS_more_sig"
0.1,"cent vs mage","488",0.0343951464246252,0.0333170156996337,1.46350283736218,1.47733390652173,-2.15373263955182,-2.38977393688721,0.463933693346808,0.450899049814787,"TSS_more_sig"
0.1,"cent vs mage","528",0.0309991765545387,0.0206305668846797,1.50864984237765,1.685488838362,-2.09073103477523,-2.26567098397905,0.425377890436599,0.429608203423819,"TSS_more_sig"
0.1,"cent vs mage","531",0.0105551312637025,0.00342378197724763,1.97653636143286,2.4654938985197,-2.40470746078367,-2.44469161342087,0.488181065015444,0.46231842528927,"TSS_more_sig"
0.1,"cent vs mage","546",0.0149834256101284,0.00267332917879186,1.82438888399995,2.57294756135913,-2.26409065309896,-2.4757422734336,0.444805196975319,0.43472095685997,"TSS_more_sig"
0.1,"cent vs mage","652",0.000214494380652397,0.0114734338140553,3.66858408102529,1.94030658529709,2.19306199107877,1.97166221932246,0.316013545116078,0.319708306918816,"CLR_more_sig"
0.1,"cent vs mage","671",0.000283106336034126,0.0037056089050428,3.54805041084025,2.43114041862333,2.3680769499669,2.18100569446906,0.360682586395512,0.362611978192399,"CLR_more_sig"
0.1,"cent vs mage","675",0.000321771121933121,0.000167602517047982,3.49245293521481,3.77571946343939,-3.05656169901358,-3.33991353392946,0.46596365842041,0.481665048913467,"TSS_more_sig"
0.1,"cent vs mage","728",6.02123390071182e-05,0.00129366417152843,4.22031450187184,2.88817844961877,2.34708656039189,2.11776307924249,0.304844712065576,0.305184573535311,"CLR_more_sig"
0.1,"cent vs mage","737",0.00916416394913265,0.00646910824447999,2.03790714977872,2.18915558195782,-2.21330678858004,-2.56747423152932,0.46923598300537,0.479864816446898,"TSS_more_sig"
0.1,"cent vs mage","762",0.000443040194402632,0.0045048521521401,3.35355687103338,2.34631945786214,2.42276502400611,2.1511296281515,0.382556427040268,0.378746511646974,"CLR_more_sig"
0.1,"cent vs mage","769",0.0327681140856807,0.0107681899442323,1.48454855299514,1.9678572923656,-2.19214192845656,-2.45644699504885,0.456473377276748,0.454214879353824,"TSS_more_sig"
0.1,"cent vs mage","770",0.00107971965022903,0.000231550295118813,2.96668899466486,3.63535466114648,-2.24509549563851,-2.48455494449415,0.352695807493951,0.35481982997725,"TSS_more_sig"
0.1,"cent vs mage","816",0.0496276806533182,0.0194199769637015,1.304276021055,1.71175128959502,-1.87318587657931,-2.10369549686559,0.412121694700028,0.401232108167918,"TSS_more_sig"
0.1,"cent vs mage","829",0.000610162007023053,0.0124868381864651,3.21455483807994,1.90354751614998,2.39270284018759,2.18100510872747,0.400217907609218,0.402985878674156,"CLR_more_sig"
0.1,"cent vs mage","848",0.00195289717247106,0.0216312211492658,2.7093206233809,1.66491896260354,2.22985345071022,1.96523459712978,0.334092477357872,0.340507286497424,"CLR_more_sig"
0.1,"cent vs mage","849",0.020430081908995,0.0105545749053628,1.68972989217552,1.97655925359014,-2.04423372149069,-2.24316260206104,0.419377360652122,0.415715909828538,"TSS_more_sig"
0.1,"cent vs mage","854",4.1933876059883e-05,0.000195822319422117,4.37743499274506,3.70813780972676,3.20181349776365,3.07170059974833,0.479405357709841,0.457347046771786,"CLR_more_sig"
0.1,"cent vs mage","857",0.00125390590647804,0.0296055928768998,2.90173505188694,1.52862623738259,2.29707780089102,2.05939692081366,0.338492359954908,0.345763844657593,"CLR_more_sig"
0.1,"cent vs mage","884",0.0218434109237583,0.0108892507497291,1.66067954409451,1.96300200146117,-1.93755512242411,-2.15992225265068,0.403853201795111,0.398726777588685,"TSS_more_sig"
0.1,"cent vs mage","886",0.000359684799225666,0.00901811349899024,3.44407791567581,2.04488430310851,3.11613652412714,2.86910481941543,0.530736747023566,0.521624477960958,"CLR_more_sig"
0.1,"cent vs mage","912",0.0425093182386697,0.0117202702727175,1.37151586016009,1.93106237324997,-2.33759177350015,-2.51977096026235,0.462911369881436,0.460787755768243,"TSS_more_sig"
0.1,"cent vs mage","917",0.00404086220326827,0.00409505452312092,2.39352595910464,2.38774031150236,-2.52109225595912,-2.74212985524865,0.505232978637082,0.494195887778802,"CLR_more_sig"
0.1,"cent vs mage","921",2.30993855427062e-08,3.13056567147593e-09,7.63639957244384,8.50437718136602,-3.86675327837257,-4.26398347935782,0.462082091540049,0.484801337593146,"TSS_more_sig"
0.1,"cent vs mage","925",0.0416598480427277,0.0199849106795779,1.38028231850554,1.6992977884323,-1.90732301088569,-2.12891651041517,0.435909153116812,0.42898199332378,"TSS_more_sig"
0.1,"cent vs mage","966",0.0212426157716665,0.0191377390342371,1.67279200617557,1.71810937183376,-2.44043430165455,-2.65124009990248,0.524351243849034,0.524033943343008,"TSS_more_sig"
0.1,"cent vs mage","975",0.0322129334283073,0.00902845361048474,1.49196972492514,2.04438662908237,-2.14068802821352,-2.32165291060797,0.443574525953024,0.440185842365497,"TSS_more_sig"
0.1,"cent vs mage","978",0.000104434725785229,0.000254676684030805,3.98115506925248,3.59401081341986,3.18389681952057,3.00636687800017,0.450579127615263,0.448246780175309,"CLR_more_sig"
0.1,"cent vs mage","984",0.000534382477643562,0.0217141397762038,3.27214779077853,1.66325737089986,2.651549670848,2.4270475563582,0.41288005778242,0.421562119414292,"CLR_more_sig"
0.1,"cent vs mage","989",0.00312585560644304,0.0189828008676586,2.50503108734478,1.72163970805068,2.33288711066773,2.02343753518186,0.374572235610631,0.377176844327081,"CLR_more_sig"
0.1,"cent vs mage","1004",0.0347779818673234,0.00444699303254767,1.45869562329118,2.35193355099372,-2.43657435416321,-2.70707306257228,0.46118651691056,0.459841448878197,"TSS_more_sig"
0.1,"cent vs mage","1019",0.000100424469341277,3.23764498601298e-06,3.99816045447072,5.48977077419548,-2.80810345855072,-3.03508034170344,0.391370572518037,0.391896331294524,"TSS_more_sig"
0.1,"cent vs mage","1030",0.00402090890672084,0.0457140058124268,2.39567576568262,1.33995072082383,2.35035148757933,2.07468696710762,0.401847472623751,0.413905863961267,"CLR_more_sig"
0.1,"cent vs mage","1043",0.000208660309513414,0.000141142948480477,3.6805601527487,3.85034081438222,2.639545483226,2.4185111484005,0.331664598469183,0.317240830240714,"TSS_more_sig"
0.1,"cent vs mage","1058",0.00125811194403194,0.000229197780366634,2.90028071460427,3.63978959254754,-2.81814661744224,-3.10732209569505,0.464498564420964,0.459322534973163,"TSS_more_sig"
0.1,"cent vs mage","1074",5.27921217240221e-06,0.000404898889857695,5.2774308832819,3.39265341396841,3.10107347805612,2.87581073004409,0.386723147906895,0.381417233424036,"CLR_more_sig"
0.1,"cent vs mage","1076",0.0389098267079258,0.0157255078679766,1.40994070340235,1.80339531976517,2.33699134892567,2.25868192605757,0.438359954384726,0.416521763120095,"TSS_more_sig"
0.1,"cent vs mage","1079",0.0113588359587903,0.00223148576563949,1.94466617237294,2.65140587912322,-2.21321367947249,-2.39586089114708,0.422279165500396,0.410869253286555,"TSS_more_sig"
0.1,"cent vs mage","1087",1.56827717445724e-06,2.95532371319239e-05,5.80457717845055,4.52939494146521,3.71876410157965,3.42827860051962,0.499855022990713,0.498865384189262,"CLR_more_sig"
0.1,"cent vs mage","1091",0.00824162966228041,0.0230387494185405,2.08398690440031,1.63754109883249,2.50173107388628,2.30789724386601,0.483541326683067,0.473477784070063,"CLR_more_sig"
0.1,"cent vs mage","1098",5.18015190536896e-10,2.68981777089703e-09,9.28565750459913,8.57027714147514,4.36104101025372,4.12918873052116,0.442866361745666,0.443187227114079,"CLR_more_sig"
0.1,"cent vs mage","1104",0.00140425293618556,0.00126913908808678,2.8525546593743,2.8964907798923,-2.44863948861268,-2.75529531641963,0.453227696222872,0.443638084546814,"TSS_more_sig"
0.1,"eld vs kin","3",1.68733707561763e-11,2.81352025011117e-12,10.7727981506902,11.5507499546952,-4.62569240430373,-4.75247531183608,0.447661317089545,0.446941247713058,"TSS_more_sig"
0.1,"eld vs kin","4",2.79872984925764e-08,4.58481147584808e-08,7.55303902030446,7.3386785175037,2.60839563226512,2.46604735893849,0.220319844476226,0.220165295994561,"CLR_more_sig"
0.1,"eld vs kin","5",0.000360265377864713,4.12629581434477e-05,3.44337747233423,4.38443964065456,-2.65541122000793,-2.79894160377772,0.386340306773683,0.384998207017769,"TSS_more_sig"
0.1,"eld vs kin","7",1.38549144254065e-27,5.51431200425337e-26,26.8583961522844,25.2585086648004,7.70318514284585,7.52679151570098,0.475036453476163,0.461615536274472,"CLR_more_sig"
0.1,"eld vs kin","8",0.0192636313462012,0.0483292702415057,1.71526184156443,1.3157897625371,2.11844517627325,1.98511394960177,0.393545244636498,0.3949569720358,"CLR_more_sig"
0.1,"eld vs kin","10",0.00354116650454648,0.00069826214547135,2.45085365237047,3.15598150150549,-2.60948420536172,-2.74913803628005,0.473225258646154,0.470946033693287,"TSS_more_sig"
0.1,"eld vs kin","11",1.36022806253943e-07,9.09253691978016e-08,6.86638826957196,7.04131492683918,3.30814199578555,3.16837932250473,0.347820632990244,0.352771961214355,"TSS_more_sig"
0.1,"eld vs kin","12",0.0429810097749135,0.0134181040362968,1.36672338562165,1.87230884517632,-1.86305872648793,-2.00447197066201,0.369376982048057,0.369582913887975,"TSS_more_sig"
0.1,"eld vs kin","14",2.7994377680646e-08,4.70925214568938e-08,7.55292918249532,7.32704805567113,2.93682823545507,2.80418876471566,0.276148644651055,0.276509547194322,"CLR_more_sig"
0.1,"eld vs kin","15",5.7396751652652e-05,0.000126825784970526,4.2411126856377,3.89679244099705,3.05113953629639,2.9017275323666,0.431101985008652,0.430111123850694,"CLR_more_sig"
0.1,"eld vs kin","16",6.36426963223968e-10,1.10137335996808e-09,9.19625142907051,8.95806543244778,3.09959911836329,2.97087257497571,0.266458557793623,0.268017607070281,"CLR_more_sig"
0.1,"eld vs kin","21",4.24743393159759e-18,2.04690799090548e-16,17.3718733678128,15.6889016785588,4.17726521817903,4.04194726778847,0.292535780483318,0.293304524802294,"CLR_more_sig"
0.1,"eld vs kin","23",0.00026404179477362,0.000285875548462985,3.57832732387671,3.54382298917411,2.49463313163955,2.35166117430108,0.31314734962269,0.309500989345026,"CLR_more_sig"
0.1,"eld vs kin","25",3.67287096620655e-05,8.07347679069277e-05,4.43499432884197,4.09293939887885,3.14062872848282,2.99323596892054,0.423350477750611,0.422357461076202,"CLR_more_sig"
0.1,"eld vs kin","26",0.000912152742866256,0.00155989328108935,3.03993243159525,2.8069051125554,2.52614410653241,2.38759854178464,0.362042472387883,0.363779682517888,"CLR_more_sig"
0.1,"eld vs kin","29",5.32375358768068e-05,5.89115867652291e-05,4.27378205424679,4.22979927951995,2.53837770329488,2.39040536730238,0.292600897784856,0.292908949778134,"CLR_more_sig"
0.1,"eld vs kin","31",0.000250931886208104,3.78609570309296e-05,3.60044414887132,4.42180841234796,3.68306744062007,3.55171523613858,0.542051955406649,0.531847949225649,"TSS_more_sig"
0.1,"eld vs kin","33",4.97398608498535e-05,3.60721070315098e-05,4.30329543402839,4.44282848908081,-3.11193054404945,-3.22638525935751,0.459516736561624,0.464295113851934,"TSS_more_sig"
0.1,"eld vs kin","36",0.000611003635036306,0.000845053967181747,3.21395620600702,3.073115555073,2.20839296837996,2.07248616095104,0.263291540039248,0.263299821693795,"CLR_more_sig"
0.1,"eld vs kin","47",0.00183761027524983,0.00542288085362256,2.73574658938909,2.26576993736478,2.89555251767727,2.79351524462855,0.528964790792805,0.53342182109825,"CLR_more_sig"
0.1,"eld vs kin","49",0.0148004236804545,0.040736691170079,1.82972585220978,1.39001424938924,2.09563250171373,1.9373129155394,0.368739772340252,0.36149465622705,"CLR_more_sig"
0.1,"eld vs kin","55",0.00224763332581276,0.00596937253698426,2.64827453721547,2.22407131678466,2.60817608934963,2.47916789549086,0.419315781869583,0.418335111155695,"CLR_more_sig"
0.1,"eld vs kin","57",0.0319098412755688,0.00854200312290243,1.4960753560483,2.06844027413384,-2.31772739931438,-2.38287646016098,0.474174723900535,0.476932050496163,"TSS_more_sig"
0.1,"eld vs kin","61",0.00320579106048904,0.00461982607088013,2.49406478648395,2.33537437463411,2.30981469574072,2.17051457180877,0.363835063151444,0.36133710466732,"CLR_more_sig"
0.1,"eld vs kin","65",0.000362898534938885,7.65808313347742e-05,3.44021478509027,4.11587992341344,-2.55561570573352,-2.65807098198559,0.361276327134041,0.365938734002722,"TSS_more_sig"
0.1,"eld vs kin","67",8.7924187143947e-10,1.03278670338103e-11,9.05589163802984,10.9859893620327,-5.253755941175,-5.45474110973421,0.56386269985321,0.564369624325,"TSS_more_sig"
0.1,"eld vs kin","70",0.00911583316751508,0.00771410505877734,2.04020363161481,2.11271445075173,2.69081836853901,2.57904276143641,0.507419761237976,0.521149659492911,"TSS_more_sig"
0.1,"eld vs kin","71",0.00113978642867004,0.0290874952732552,2.94317651843501,1.53629367427846,2.93807437092207,2.60869877389836,0.528661612293373,0.520146220384172,"CLR_more_sig"
0.1,"eld vs kin","74",1.2341935776522e-07,1.53770749849892e-05,6.90861671784504,4.81312626783045,3.89582601877022,3.69737000031323,0.49696572212293,0.49364954663241,"CLR_more_sig"
0.1,"eld vs kin","77",0.0016143835824175,0.00390871149041733,2.79199326767167,2.40796638450351,2.46402780777868,2.29615339546042,0.366025618934051,0.361201419352447,"CLR_more_sig"
0.1,"eld vs kin","79",6.01608631507268e-06,2.8117990824954e-07,5.22068594138402,6.55101571511771,-3.62349001532906,-3.78909001645762,0.492221488093446,0.484537996048152,"TSS_more_sig"
0.1,"eld vs kin","80",0.00043643799001899,0.000597631373598488,3.36007745300231,3.22356661162262,2.54818806707572,2.45835668608604,0.346386717919127,0.356660112311802,"CLR_more_sig"
0.1,"eld vs kin","82",0.000439744501881227,6.43711838910522e-05,3.35679958181381,4.19130850341378,-3.70827297240498,-3.80752365641147,0.62187982198495,0.611702200322604,"TSS_more_sig"
0.1,"eld vs kin","83",5.86650845228457e-05,5.38280702426957e-05,4.23162029927363,4.26899118953173,-3.29106474794383,-3.44668384350961,0.520596666596664,0.519167103439607,"TSS_more_sig"
0.1,"eld vs kin","84",8.44897055291787e-06,1.09386953962905e-06,5.07319620352641,5.96103447105355,-3.65517766255639,-3.76070373792926,0.491120041644975,0.480381768824028,"TSS_more_sig"
0.1,"eld vs kin","85",0.0374341055308822,0.0144497270329674,1.42673253966011,1.84014035700402,-2.15004408915811,-2.28716437250624,0.48273474758837,0.486447507115215,"TSS_more_sig"
0.1,"eld vs kin","87",0.00396741551610695,0.00227010139496434,2.40149231253259,2.64395474444121,-2.72088562943819,-2.79743470475751,0.528032644579952,0.531606933693531,"TSS_more_sig"
0.1,"eld vs kin","89",2.81180586541579e-14,2.77127392878497e-13,13.5510146674677,12.557320543911,5.02385834034281,4.84790185012937,0.444922976216538,0.437668157354674,"CLR_more_sig"
0.1,"eld vs kin","91",1.08116414214155e-05,2.1936575344146e-06,4.9661083665326,5.65883117189487,-4.18132577959439,-4.35212769743262,0.587443339542407,0.584789551023404,"TSS_more_sig"
0.1,"eld vs kin","100",8.54362205991847e-05,0.00021518785840653,4.06835797156578,3.66718223661068,-3.63851883167706,-3.73536731406391,0.565452546777204,0.564874910674044,"CLR_more_sig"
0.1,"eld vs kin","102",0.0149839866285217,0.00284958524450907,1.82437262319034,2.54521834670343,-2.74798049957524,-2.84614134038978,0.546015845929292,0.544704655849591,"TSS_more_sig"
0.1,"eld vs kin","103",0.013605427928956,0.0473285428956572,1.86628779388705,1.32487686595492,2.41775042362951,2.2485035811197,0.454063481483024,0.461590056802436,"CLR_more_sig"
0.1,"eld vs kin","108",0.0370469287200962,0.019896306739261,1.43124779025422,1.70122753221432,-2.57974191104953,-2.74955550023507,0.651614797777966,0.656150597558595,"TSS_more_sig"
0.1,"eld vs kin","110",0.0434129098334769,0.0171417161576336,1.36238110376578,1.76594570047116,-2.24582286689354,-2.38819038077268,0.523944272798688,0.521365583507256,"TSS_more_sig"
0.1,"eld vs kin","111",0.000536185587598355,1.80098150439358e-05,3.2706848638157,4.74449074724768,-3.05127617120151,-3.25408053644047,0.454126734237134,0.456077158669789,"TSS_more_sig"
0.1,"eld vs kin","115",0.039355959803213,0.00893357580810166,1.40498949167441,2.04897467292691,-2.48511413685292,-2.64482129917815,0.56442699594598,0.564202930342766,"TSS_more_sig"
0.1,"eld vs kin","118",0.00984419400633453,0.00200988109240766,2.0068198359434,2.69682963533511,-2.06780581869316,-2.20135053876361,0.390265307787871,0.38934025080854,"TSS_more_sig"
0.1,"eld vs kin","119",0.000300159801686316,0.000138607054675869,3.52264747023655,3.85821466489859,2.5673556050645,2.42392706257677,0.320335452462178,0.316047755603486,"TSS_more_sig"
0.1,"eld vs kin","121",4.14025508403983e-10,6.74461716797546e-11,9.38297290086505,10.1710426963337,4.69734060279894,4.60146943514822,0.496270079324057,0.498653507090207,"TSS_more_sig"
0.1,"eld vs kin","124",0.000777674922168572,0.0108107545354403,3.109201905596,1.96614399345258,2.71671387571568,2.5573969419154,0.418431763937703,0.428711802466946,"CLR_more_sig"
0.1,"eld vs kin","125",0.000425044773769854,0.00406878206914802,3.3715653194156,2.39053557107105,3.09748145928504,2.90807998311233,0.539078875220469,0.542414599149546,"CLR_more_sig"
0.1,"eld vs kin","128",0.0151519840249843,0.00934988237053647,1.81953049622523,2.02919385288666,-2.48804370218808,-2.67762212111235,0.585857705279214,0.588700350472532,"TSS_more_sig"
0.1,"eld vs kin","130",0.00120944470767738,0.00491882363528614,2.91741398153898,2.30813874881598,-3.14121815974441,-3.20386331144589,0.591893195188494,0.59090384741182,"CLR_more_sig"
0.1,"eld vs kin","133",0.0250606861883872,0.0158684555915782,1.60100704173173,1.7994653391994,-2.3874770659458,-2.47618495134901,0.487623252834773,0.497109212870715,"TSS_more_sig"
0.1,"eld vs kin","138",1.10865665024891e-08,5.47475180906114e-08,7.95520293355349,7.26163556423184,4.0344583300921,3.88409197827127,0.439801584664508,0.436641795725602,"CLR_more_sig"
0.1,"eld vs kin","139",0.000131811326145969,1.10460630932061e-05,3.88004727053596,4.95679248049013,-3.86473111225311,-3.97903900869662,0.540249212488737,0.530133100898956,"TSS_more_sig"
0.1,"eld vs kin","147",0.00765721650293371,0.0063921200333297,2.1159290733318,2.19435507829305,-2.65605705451127,-2.7503291143428,0.552633328629786,0.565275783859564,"TSS_more_sig"
0.1,"eld vs kin","151",4.84827798160782e-16,3.66843739628997e-14,15.3144124873531,13.4355188879775,5.41287704289367,5.28390930755177,0.472014296063085,0.477349452739792,"CLR_more_sig"
0.1,"eld vs kin","163",0.0231315793598466,0.00187414127652456,1.63579471379878,2.72719767422603,-2.70007373806446,-2.9988405007362,0.571755219449876,0.565597894400413,"TSS_more_sig"
0.1,"eld vs kin","164",1.9234479291952e-05,9.48609004790956e-05,4.71591956624268,4.02291275706928,3.38088638939319,3.26024273717797,0.46551250183027,0.46952649491279,"CLR_more_sig"
0.1,"eld vs kin","169",0.000110031293799372,8.32714288378119e-05,3.95848378037318,4.07950398330551,-3.32641508136286,-3.50950997542138,0.522201002515359,0.532000159360272,"TSS_more_sig"
0.1,"eld vs kin","172",0.00176928845725754,0.000657667153737588,2.75220135579436,3.18199384782712,-2.61540524505508,-2.86332789269443,0.458493489365685,0.4641920697876,"TSS_more_sig"
0.1,"eld vs kin","181",0.0230150900379989,0.0117648448426849,1.63798732175069,1.92941379601963,-2.42576890467249,-2.47967972293489,0.505542003751532,0.491987663348554,"TSS_more_sig"
0.1,"eld vs kin","206",0.0056146035464291,0.00509253140685345,2.25068090434943,2.29306628392209,3.03734912901112,2.86614553440636,0.548120791344696,0.544295862280892,"TSS_more_sig"
0.1,"eld vs kin","207",3.55715637923945e-06,3.2295471909564e-05,5.44889704199782,4.49085836505419,3.81775788125145,3.52885954350367,0.462252703631403,0.460807294936175,"CLR_more_sig"
0.1,"eld vs kin","222",4.54391068493406e-06,0.00012394895999385,5.34257021370142,3.90675711287218,3.40077605821956,3.34403344302465,0.511997762236766,0.502560747364392,"CLR_more_sig"
0.1,"eld vs kin","223",0.00942747877124716,0.0474249787268388,2.02560443686354,1.32399285524834,2.64399216735622,2.50930806794051,0.539492320732118,0.529473841812491,"CLR_more_sig"
0.1,"eld vs kin","246",0.000630015923675822,0.00120042656770415,3.20064847359857,2.92066440138478,3.01872471492526,2.97668305952261,0.463080115549378,0.484690154896504,"CLR_more_sig"
0.1,"eld vs kin","251",0.0450825834156989,0.00210223735520898,1.34599120506969,2.67731825108703,-2.66590523407464,-2.96299076912386,0.591808578917268,0.592360579035893,"TSS_more_sig"
0.1,"eld vs kin","252",0.0422293904668117,0.0055896131512908,1.37438518707641,2.25261824794065,-2.23895587649568,-2.46566286993832,0.480630330610737,0.472578818781311,"TSS_more_sig"
0.1,"eld vs kin","265",0.000588604479103104,0.00473305822421378,3.23017643737341,2.32485815297988,2.85708675107184,2.74699601377099,0.471936276372938,0.483779283539724,"CLR_more_sig"
0.1,"eld vs kin","267",0.0101037643646866,0.0112267095537171,1.9955167907494,1.9497475128445,-3.00228052656428,-3.15042333600883,0.607034962448505,0.601323819501223,"CLR_more_sig"
0.1,"eld vs kin","282",0.0369796944634428,0.000329535006975164,1.43203668142425,3.48209844289523,-2.64492074558243,-2.91518844577179,0.481074881517085,0.470081914195332,"TSS_more_sig"
0.1,"eld vs kin","294",0.0318081180757424,0.00352273256129532,1.49746202512395,2.4531203263227,2.75493650281472,2.58856373596045,0.448763646268204,0.445242722840287,"TSS_more_sig"
0.1,"eld vs kin","329",0.00314177864549045,0.000767502815384047,2.50282441650435,3.11492002275174,2.81011895525734,2.66943075347885,0.430799797294479,0.420723748033863,"TSS_more_sig"
0.1,"eld vs kin","344",2.10323723186569e-05,6.90505772576429e-05,4.67711173887835,4.1608326864009,3.13994973569723,3.03564722769141,0.415850140958794,0.417093013072642,"CLR_more_sig"
0.1,"eld vs kin","435",0.0186537720265752,0.0348794226671687,1.72923333518576,1.45743071222966,2.87397949139001,2.78548750023538,0.573991413214882,0.564169542028447,"CLR_more_sig"
0.1,"eld vs kin","473",0.0170201583544066,0.00264827708798465,1.76903640358603,2.57703657682785,-2.61324014744848,-2.75301435165977,0.528865696273835,0.543122825751438,"TSS_more_sig"
0.1,"eld vs kin","614",0.00779538561234058,0.00456872229625953,2.10816239681003,2.34020523915756,-2.70191220829836,-2.84633507303308,0.497594905886286,0.494906506215277,"TSS_more_sig"
0.1,"eld vs kin","616",0.00310700538457415,0.000908097509597277,2.50765799409333,3.04186751534859,-2.50502518542811,-2.62291051069627,0.433131249286439,0.437146462049061,"TSS_more_sig"
0.1,"eld vs kin","666",4.69825920281867e-08,7.27836193305705e-09,7.32806302688397,8.13796635193455,-3.73892470800298,-3.92255811750458,0.422237890374509,0.42360560063055,"TSS_more_sig"
0.1,"eld vs kin","728",5.51575036296043e-13,1.93223356970125e-11,12.2583953977613,10.7139403769365,4.27957794967924,4.0687969769852,0.385316378729343,0.373645322863069,"CLR_more_sig"
0.1,"eld vs kin","744",5.0544563704526e-05,9.58171154421252e-05,4.29632554788875,4.01855690764219,-3.56264077519649,-3.62420228495005,0.52124454394199,0.524053849533688,"CLR_more_sig"
0.1,"eld vs kin","770",0.000740859421246497,0.000863250016596888,3.13026419197876,3.06386340462874,-2.49260580324011,-2.64004509564685,0.429738312595588,0.441746338178549,"CLR_more_sig"
0.1,"eld vs kin","786",5.89279859122125e-06,6.42927326835599e-06,5.229678402315,5.19183811469318,-3.72857178126191,-3.84371297089371,0.496368796632145,0.515074172455447,"CLR_more_sig"
0.1,"eld vs kin","849",0.000974236296883085,0.000251644856511645,3.01133569405969,3.59921194192664,-2.61993498489596,-2.78565979529069,0.430750145265842,0.432402418563305,"TSS_more_sig"
0.1,"eld vs kin","854",0.00010855700695883,0.000138069889027611,3.96434213918015,3.85990102420921,3.36644535665716,3.21025900815899,0.455313706577761,0.459042436544561,"CLR_more_sig"
0.1,"eld vs kin","879",0.0125628260205635,0.00519780184841628,1.90091265462095,2.28418028077569,-2.44238760167559,-2.58759053320682,0.420466982910639,0.418059520379212,"TSS_more_sig"
0.1,"eld vs kin","886",7.50903850921624e-09,3.78669658541103e-08,8.1244156684385,7.42173949196414,4.68814819186369,4.50502982502795,0.52363888328473,0.520725714569162,"CLR_more_sig"
0.1,"eld vs kin","888",0.00083929616875446,0.000767927575998251,3.07608475936348,3.11467973677509,2.96488551137618,2.78925568225503,0.454841133519943,0.453591236821736,"TSS_more_sig"
0.1,"eld vs kin","891",0.00437888516922714,0.000481675371515237,2.35863644348677,3.31724555897615,-3.17580646950432,-3.3360150049551,0.585255994689032,0.572392537214673,"TSS_more_sig"
0.1,"eld vs kin","895",0.00126045679737399,0.000153287970805778,2.8994720353375,3.81449192484328,-3.04097484131711,-3.15078619228074,0.500697773932397,0.49957644265568,"TSS_more_sig"
0.1,"eld vs kin","914",0.00590831359989856,0.029278391596436,2.22853646138125,1.53345278485336,-2.77671507775257,-2.77673502605283,0.562183797977066,0.561961260500779,"CLR_more_sig"
0.1,"eld vs kin","922",0.0126107010371626,0.0369998518973008,1.89926077004003,1.43180001431986,2.46072130686911,2.22462346277,0.47895694096319,0.472475551808707,"CLR_more_sig"
0.1,"eld vs kin","944",0.00231458543725738,0.00899265329048135,2.63552678366726,2.04611215037987,2.0995190198476,1.96970435464938,0.290935202949642,0.296811961065013,"CLR_more_sig"
0.1,"eld vs kin","947",4.2181585558042e-11,8.4553283689239e-11,10.3748770996519,10.0728695215917,4.33708164485795,4.2044647267772,0.42962558957659,0.427816537931107,"CLR_more_sig"
0.1,"eld vs kin","965",0.0179027197369007,0.023066931339051,1.74708098706459,1.63701017709398,-2.74509791475707,-2.68941673227123,0.603968238488175,0.593243658520812,"CLR_more_sig"
0.1,"eld vs kin","978",6.82437854032907e-23,6.64341562874518e-23,22.1659368913633,22.1776085761564,6.22826113940823,6.03268943543142,0.423102734746572,0.412311224206874,"TSS_more_sig"
0.1,"eld vs kin","984",8.24295228742174e-16,2.65514382871964e-14,15.0839172139704,13.5759119482822,4.99529324812182,4.81421541901697,0.416031565303551,0.416763080952696,"CLR_more_sig"
0.1,"eld vs kin","988",0.00040628388589161,0.00137733896107016,3.39117040240196,2.86095916736333,3.28258757943489,3.08002340306199,0.52411814430996,0.510983124025486,"CLR_more_sig"
0.1,"eld vs kin","991",0.000485267131619213,0.000180372581867234,3.31401912356174,3.74382947815074,-3.58016957956317,-3.75780912495822,0.568938949053738,0.577904644878506,"TSS_more_sig"
0.1,"eld vs kin","1014",2.06326476282066e-08,2.8438596592009e-08,7.68544503879653,7.54609183928492,-4.20761320329547,-4.41395056940614,0.525773685054433,0.531456695066388,"CLR_more_sig"
0.1,"eld vs kin","1020",0.031382458512405,0.0105785134961857,1.50331303663986,1.97557535552962,2.48171198749056,2.28906653166362,0.41004068112051,0.423533314432069,"TSS_more_sig"
0.1,"eld vs kin","1021",4.72628544583022e-05,1.13753548058739e-05,4.32548005252901,4.94403504848799,-3.65613635028532,-3.91745986214483,0.551515752605075,0.55504540784014,"TSS_more_sig"
0.1,"eld vs kin","1027",0.00477044217831478,0.0296231734420791,2.32144136378969,1.52836841865211,2.65065456742662,2.4803876629368,0.514421951353529,0.506181863906081,"CLR_more_sig"
0.1,"eld vs kin","1030",5.88339046027224e-11,1.64413838638337e-11,10.2303723280337,10.7840616308876,4.32485437109477,4.18163479961798,0.429736696719772,0.433183911081053,"TSS_more_sig"
0.1,"eld vs kin","1043",0.000784241687071272,0.0164608348396255,3.10555007610897,1.7835481425716,2.55632693743234,2.33508325194966,0.428634938660136,0.417780904676329,"CLR_more_sig"
0.1,"eld vs kin","1047",0.0460898999483123,0.0249146853866767,1.3363942346384,1.60354459256649,-1.58247931744132,-1.72903990493123,0.292224180943518,0.291227295455486,"TSS_more_sig"
0.1,"eld vs kin","1059",0.0204139590892526,0.0449854490452187,1.69007275991531,1.34692794003113,2.83672919503902,2.70068238837344,0.595138298690804,0.587236572833352,"CLR_more_sig"
0.1,"eld vs kin","1074",1.1269282813352e-19,2.33944134214661e-15,18.948103721941,14.630887839594,5.0969845737814,5.01013843737436,0.385021652362241,0.396195700519564,"CLR_more_sig"
0.1,"eld vs kin","1076",8.611040483364e-11,6.96912831959998e-11,10.0649443690014,10.1568215389266,4.60082610261154,4.54173479329223,0.42769061595312,0.429809240846746,"TSS_more_sig"
0.1,"eld vs kin","1079",0.0151998069556229,0.00633256437069464,1.81816192775524,2.19842038689937,-2.27884124505052,-2.42958104769491,0.49245838922991,0.496885416639826,"TSS_more_sig"
0.1,"eld vs kin","1082",0.00144568072996965,0.000428719854138621,2.83992760781749,3.36782640372243,3.00884349457783,2.88272109091288,0.485627828479852,0.487748241145006,"TSS_more_sig"
0.1,"eld vs kin","1089",5.2258899353087e-09,1.29079493884784e-08,8.28183974137323,7.88914274611502,3.09842561248172,2.95569051227332,0.289781009647804,0.288991995747576,"CLR_more_sig"
0.1,"eld vs kin","1098",1.28120187561805e-27,6.0287829161196e-24,26.8923824342215,23.2197703538903,7.14059183160565,6.91783890744112,0.453003725328762,0.441839641430431,"CLR_more_sig"
0.1,"eld vs kin","1101",0.0394996868796343,0.010566480759586,1.40340634708205,1.976069633429,-2.57866247297976,-2.7459312549594,0.587755790578119,0.587868125974133,"TSS_more_sig"
0.1,"eld vs kin","1104",0.00418843798915781,0.000549574965952997,2.37794791000932,3.25997305832859,-2.66893951843485,-2.83898683915667,0.476110483385046,0.47934656736453,"TSS_more_sig"
0.1,"eld vs kin","1105",1.55647214135717e-07,4.30422425974829e-10,6.8078586481669,9.36610510903453,-4.46246947418213,-4.67876421704266,0.519047583559006,0.509218073099215,"TSS_more_sig"
0.1,"eld vs kin","1108",0.00746473677376699,0.0100710202173871,2.12698550203354,1.9969265321933,2.59589912561219,2.45295420544539,0.429704751932176,0.435348601767602,"CLR_more_sig"
0.1,"eld vs kin","1112",6.51593823369252e-05,3.34426021434636e-05,4.18602304113665,4.47569993779462,-3.47966341908684,-3.63860341078702,0.531624324174244,0.538752974618951,"TSS_more_sig"
0.2,"cent vs mage","4",0.00426359748097841,0.0312517559345112,2.37022380305314,1.50512557604008,2.0278946072879,1.76220317923059,0.182909358391149,0.182915985289247,"CLR_more_sig"
0.2,"cent vs mage","7",2.31984173177022e-08,4.96742073917119e-07,7.63454164328301,6.30386905382362,4.02372728211616,3.73013977923107,0.417765634830382,0.415371823652902,"CLR_more_sig"
0.2,"cent vs mage","8",0.0314182174422263,0.033853590095541,1.5028184589194,1.47039526860343,2.10704471438136,1.82673707577737,0.313798639076918,0.313809628232259,"CLR_more_sig"
0.2,"cent vs mage","9",0.0319712301629153,0.0360647880986017,1.495240652978,1.44291661519659,1.84382162157446,1.57663695903128,0.27310601272415,0.271278377745214,"CLR_more_sig"
0.2,"cent vs mage","11",0.0314419203137847,0.033597868071644,1.50249093730782,1.47368827957729,2.04267203882507,1.78035402705103,0.29722388329255,0.297793200678112,"CLR_more_sig"
0.2,"cent vs mage","14",0.000109577569120986,0.00115743089373164,3.96027833822374,2.93650492978471,2.53516580127886,2.26370240207803,0.259127070753854,0.259741804583794,"CLR_more_sig"
0.2,"cent vs mage","19",0.0217395081906449,0.0320340384707114,1.66275028511196,1.49438830719987,2.32503557277627,2.07378329959469,0.348153004082578,0.344710197336968,"CLR_more_sig"
0.2,"cent vs mage","20",0.000365016795655134,0.00177689907008879,3.43768715172839,2.75033723992028,2.50770149557288,2.24352538815892,0.268939353269285,0.268331164636333,"CLR_more_sig"
0.2,"cent vs mage","21",4.68146209100338e-05,0.000370388178800688,4.32961848904385,3.43134288258286,2.6797509398258,2.41681799191925,0.260908748630674,0.260878483042485,"CLR_more_sig"
0.2,"cent vs mage","22",0.00923149788723687,0.0094203796970153,2.03472782536822,2.02593159221824,-1.78401258952155,-2.0444296164464,0.322582554958081,0.32228545846194,"CLR_more_sig"
0.2,"cent vs mage","23",0.0313606629416518,0.0330021532763217,1.50361476522044,1.48145772298526,1.96924506405769,1.69923065020426,0.267306316851882,0.265936205711474,"CLR_more_sig"
0.2,"cent vs mage","24",2.50911410675395e-07,3.56601737821954e-07,6.60047958786564,6.44781654471466,4.34109628736968,4.0550636069249,0.493395087308371,0.491441626231183,"CLR_more_sig"
0.2,"cent vs mage","26",0.000365426898831685,0.00212284389901642,3.43719948767804,2.67308194002538,2.91853368078139,2.60784237909561,0.372329477766649,0.370162379013397,"CLR_more_sig"
0.2,"cent vs mage","32",0.0312547653598055,0.0314664939364376,1.50508375714589,1.50215164440437,1.96804057188342,1.70245741927197,0.230765404156944,0.228764303310445,"CLR_more_sig"
0.2,"cent vs mage","36",0.0321118051058545,0.0491352203896442,1.49333528068459,1.30860709163614,1.56655583220038,1.29799981429702,0.204432584813618,0.203498714651075,"CLR_more_sig"
0.2,"cent vs mage","39",3.3727987075119e-05,0.000111327288450609,4.47200957722925,3.95339836872082,3.40979843793461,3.15705854040385,0.418455647600392,0.412866075644426,"CLR_more_sig"
0.2,"cent vs mage","42",4.60091679371038e-05,0.000245688492064257,4.33715562075807,3.60961518519691,3.28345798109407,3.01925562058662,0.411689468741072,0.411073147885557,"CLR_more_sig"
0.2,"cent vs mage","47",0.0466332661155616,0.0451514525638826,1.33130416622487,1.3453282734716,2.33494502835767,2.08665150720956,0.492074057813406,0.494360992351323,"TSS_more_sig"
0.2,"cent vs mage","51",0.0128291532986472,0.0115413366609082,1.89180200534443,1.93774389041428,-1.93452468239756,-2.20965616013871,0.385381850843249,0.386784761712648,"TSS_more_sig"
0.2,"cent vs mage","53",0.0366931748381319,0.0196109576105634,1.43541470974774,1.70750119904872,-1.85394247356672,-2.15459388388618,0.444231061111487,0.449945907379155,"TSS_more_sig"
0.2,"cent vs mage","55",0.0279498015290254,0.0326721885997552,1.55362127168293,1.48582177262708,2.3280379430758,2.05829089380846,0.357712542454242,0.356592542654598,"CLR_more_sig"
0.2,"cent vs mage","56",0.000365920264639674,0.0017896619595935,3.43661353864816,2.74722899301304,2.8564745153908,2.55169788924214,0.367840434825351,0.370390648316188,"CLR_more_sig"
0.2,"cent vs mage","57",0.00819358370438051,0.0136975351079187,2.08652610524536,1.86335757775904,-2.18617409724454,-2.42418707436832,0.461639669224262,0.456970086755396,"CLR_more_sig"
0.2,"cent vs mage","61",0.0377783231978638,0.0494734659180388,1.42275732227644,1.30562766359271,1.6956921480904,1.43310168574054,0.281794263043048,0.281065253366205,"CLR_more_sig"
0.2,"cent vs mage","69",0.0313102542403494,0.0205477758934457,1.50431340588252,1.68723517960191,2.47595898187956,2.2708078917627,0.380722322044364,0.388121727514977,"TSS_more_sig"
0.2,"cent vs mage","90",0.00971046960928815,0.0315647174007653,2.01275976661199,1.50079809456212,2.22074838198936,1.86206983990632,0.28315013268027,0.277130612776462,"CLR_more_sig"
0.2,"cent vs mage","92",0.0316549014683662,0.0408874721314241,1.49955903396091,1.38840973887853,1.75063003265427,1.4941040536192,0.239893272004657,0.240169686591093,"CLR_more_sig"
0.2,"cent vs mage","100",0.00153671879799383,0.0016402616377462,2.81340559616492,2.78508687221659,-2.90439644482828,-3.15122660525522,0.568892578922634,0.570842568504362,"CLR_more_sig"
0.2,"cent vs mage","106",0.000347806641736148,0.00654853418807497,3.45866212894107,2.18385590081314,2.57530370836935,2.3184673984526,0.335161612908505,0.337416248239039,"CLR_more_sig"
0.2,"cent vs mage","114",2.36457091453315e-07,7.44170899930119e-09,6.62624765676862,8.1283273166403,-3.88274445783791,-4.08550567548765,0.496020081729613,0.487217176707295,"TSS_more_sig"
0.2,"cent vs mage","119",0.0436898479608107,0.0403905940082685,1.35961946661787,1.39371975978826,1.69785449650427,1.43097129772518,0.237141960510078,0.238111985325718,"TSS_more_sig"
0.2,"cent vs mage","124",0.0433906941385003,0.016320776073843,1.36260340223057,1.7872591938313,-1.74549924635296,-2.03987399786862,0.420035975444234,0.435186032841,"TSS_more_sig"
0.2,"cent vs mage","132",1.0557832914639e-08,1.76609755755027e-11,7.97642521530574,10.7529853100815,-4.54651139572641,-4.81326672739479,0.490369602609083,0.489095510474913,"TSS_more_sig"
0.2,"cent vs mage","142",0.00351588217344543,0.000297082423144926,2.45396568771656,3.52712304243054,3.42941549263552,3.09074163512536,0.524449222205609,0.536578499280665,"TSS_more_sig"
0.2,"cent vs mage","143",5.07431553373183e-10,8.71949162730727e-08,9.29462253074891,7.05950883500909,-4.00260939849039,-4.25239520973873,0.447300874111516,0.454490827299883,"CLR_more_sig"
0.2,"cent vs mage","146",0.0128929577699447,0.0198266100648494,1.88964743983736,1.70275153470963,-2.1074608857462,-2.35691349747191,0.429405687002148,0.420156273348566,"CLR_more_sig"
0.2,"cent vs mage","148",0.00169685251274305,0.000141408888472494,2.77035590410863,3.84952329143562,-2.91951885266561,-3.12445913344543,0.505748742019598,0.506818131720725,"TSS_more_sig"
0.2,"cent vs mage","168",2.10902754138117e-06,0.00178113352770311,5.67591774885617,2.74930352120443,3.37990338567649,3.01231749186747,0.455244615051093,0.461371644298792,"CLR_more_sig"
0.2,"cent vs mage","169",0.00225496913588995,0.00137809398570421,2.64685939800084,2.860721162631,-2.55584682553766,-2.80649017234397,0.447435112743391,0.442186745917405,"TSS_more_sig"
0.2,"cent vs mage","191",0.023579614527385,0.0402722503485601,1.62746329890157,1.39499410203756,-1.9287791762114,-2.29275176000868,0.449287055741977,0.446597590627894,"CLR_more_sig"
0.2,"cent vs mage","210",3.82047113852331e-12,7.62673257881374e-13,11.417883076815,12.1176614813,-4.52221556562372,-4.66573356978635,0.470447850620478,0.455844332417435,"TSS_more_sig"
0.2,"cent vs mage","212",0.0231290948631522,0.0406874406178714,1.63584136263059,1.39053962792735,2.11409274341906,1.83538667446632,0.377920159927992,0.36928147563784,"CLR_more_sig"
0.2,"cent vs mage","219",4.23442666492804e-09,3.05256517218559e-07,8.37320538417959,6.51533505510841,-4.01112427041068,-4.32596478122147,0.461015603579692,0.467953932734662,"CLR_more_sig"
0.2,"cent vs mage","269",0.0467054742368165,0.0364587581043048,1.3306322138341,1.43819812881416,-1.60016751323857,-1.85256897000036,0.347427352701121,0.34417595910442,"TSS_more_sig"
0.2,"cent vs mage","287",0.0125969495156057,0.00899728404442861,1.89973461114711,2.04588856861932,-2.07979101793159,-2.33978812790575,0.441043881898907,0.446282688954271,"TSS_more_sig"
0.2,"cent vs mage","289",0.00228353184896549,0.0318672726609833,2.64139292680561,1.49665510373586,-2.61906838867251,-2.79802570783289,0.482620257100088,0.485354264214091,"CLR_more_sig"
0.2,"cent vs mage","294",0.00761937786112102,0.00226014845852014,2.11808048830773,2.64586303315414,2.7840146809396,2.3844244805616,0.374957842001808,0.387036481427591,"TSS_more_sig"
0.2,"cent vs mage","353",1.66260071841043e-06,1.43571932712358e-05,5.77921203617527,4.84293045326603,-3.43649270566293,-3.73475760655801,0.447172310339192,0.45546722159115,"CLR_more_sig"
0.2,"cent vs mage","363",0.0106648348301314,0.0116234703810723,1.97204586622655,1.93466418671915,-2.09366984595255,-2.4107764680235,0.441661350294018,0.446774032842765,"CLR_more_sig"
0.2,"cent vs mage","372",0.02818835986871,0.00878475516941084,1.54993019268785,2.05627033776067,-2.21742883464302,-2.48838276066919,0.472915407000578,0.471836135640581,"TSS_more_sig"
0.2,"cent vs mage","401",0.0451501142059209,0.0414592462041087,1.34534114681363,1.38237859834375,-2.08880232646701,-2.425573994713,0.44949807873216,0.447764279022852,"TSS_more_sig"
0.2,"cent vs mage","453",0.0192278145662044,0.033047691227416,1.71607007487616,1.48085887573105,-2.09408528822505,-2.34825814673504,0.448188369773194,0.460020240622088,"CLR_more_sig"
0.2,"cent vs mage","464",0.00884424454060042,0.000923975869637714,2.05333925782047,3.03433937057646,-2.32393915914094,-2.55425688695418,0.470517764879635,0.471212203298087,"TSS_more_sig"
0.2,"cent vs mage","488",0.0350662083974878,0.0318042079421648,1.45511119052198,1.4975154157023,-2.39120071092896,-2.39833388380927,0.469782156320268,0.453692945610542,"TSS_more_sig"
0.2,"cent vs mage","531",0.0064200609084025,0.0328820011068445,2.19246085167295,1.48304176037727,-2.26503321290363,-2.35068753460994,0.466346032504833,0.460698620524899,"CLR_more_sig"
0.2,"cent vs mage","546",0.0232319940403422,0.00323917798185015,1.6339135123887,2.48956518832457,-2.27754972455194,-2.50435361002172,0.443182804272357,0.433795814025854,"TSS_more_sig"
0.2,"cent vs mage","652",0.0314452852209615,0.0314842603868636,1.50244446169778,1.50190650447965,2.15440079086113,1.92003871530281,0.31862682010204,0.314175131586014,"CLR_more_sig"
0.2,"cent vs mage","671",0.00477294633351467,0.0318198248111956,2.32121344876585,1.49730221575608,2.37585377700756,2.09557489437108,0.360520977759131,0.360117857286503,"CLR_more_sig"
0.2,"cent vs mage","675",3.85917993705418e-05,4.35323723225595e-05,4.41350497166237,4.36118766506122,-3.0685715938872,-3.35634577144641,0.471228784845862,0.471496457236408,"CLR_more_sig"
0.2,"cent vs mage","728",0.00678098202094682,0.018480164620494,2.16870740710713,1.73329416442253,2.34634200013653,2.08893831164744,0.30741108588986,0.303886598404793,"CLR_more_sig"
0.2,"cent vs mage","762",0.011509788286896,0.0316678573480547,1.9389326647871,1.49938132006339,2.40258283037531,2.08983158850971,0.386662792514354,0.384502944530341,"CLR_more_sig"
0.2,"cent vs mage","769",0.01121426799852,0.00135239316890446,1.95022906934617,2.86889703157278,-2.2751789969088,-2.46232751419628,0.462907954340558,0.446609105118116,"TSS_more_sig"
0.2,"cent vs mage","770",0.000671246037040646,0.000278792953727969,3.17311826530946,3.55471820688584,-2.24461294137864,-2.48489357737711,0.356467373081033,0.345113480081111,"TSS_more_sig"
0.2,"cent vs mage","788",0.0435210876094875,0.0488008347774504,1.36130025998045,1.31157274897804,2.44841635732143,2.1381531755976,0.538351824164547,0.531165475604757,"CLR_more_sig"
0.2,"cent vs mage","816",0.0327979270733669,0.0132180588206225,1.48415360412512,1.87883231984228,-1.84779456334391,-2.1950399462598,0.412033960813487,0.416783047392365,"TSS_more_sig"
0.2,"cent vs mage","819",0.0408183464380617,0.0324219458913662,1.38914459264716,1.48916092333938,-2.07741882356503,-2.33584741523093,0.435650232983013,0.443377355768098,"TSS_more_sig"
0.2,"cent vs mage","829",0.031390982007916,0.0320597097172945,1.50319509800024,1.49404041425723,2.44852251139746,2.14116010679253,0.397128017869455,0.394602617942191,"CLR_more_sig"
0.2,"cent vs mage","837",0.0267497391662219,0.0149550712371846,1.57268044838005,1.82521151390364,-2.00396084384901,-2.40599747704127,0.454333773545681,0.466691226237975,"TSS_more_sig"
0.2,"cent vs mage","848",0.00280634591772099,0.0134059784442651,2.55185879770604,1.87270148325232,2.22404600000716,1.89274757940789,0.333088887484343,0.339321367570964,"CLR_more_sig"
0.2,"cent vs mage","849",0.0129711562154644,0.00915427028830118,1.88702131029867,2.03837626877296,-2.01451829649224,-2.28156937383291,0.416513451543195,0.413580925637572,"TSS_more_sig"
0.2,"cent vs mage","854",0.00468400434172621,0.000586268269330005,2.32938271104057,3.23190361055305,3.19712392143717,2.90465554721782,0.46667677853734,0.469419535994469,"TSS_more_sig"
0.2,"cent vs mage","857",0.0074769898161574,0.0452308517324931,2.1262732108726,1.3445652340706,2.30061635619466,2.00877219553535,0.33429695729731,0.342140573752555,"CLR_more_sig"
0.2,"cent vs mage","859",0.0388080117646131,0.0382543215329297,1.411078606726,1.41731949614722,-1.98464474513938,-2.24992147302617,0.457644736290193,0.451697835322807,"TSS_more_sig"
0.2,"cent vs mage","884",0.0142314127459726,0.0109324410963768,1.8467519855569,1.9612828539408,-1.92153768464209,-2.17215820218614,0.399371170202961,0.392360817228782,"TSS_more_sig"
0.2,"cent vs mage","886",0.0315999191228286,0.00238874340668788,1.50031402891812,2.62183049865719,3.09613392528242,2.83982854971292,0.529408911336808,0.534337151994325,"TSS_more_sig"
0.2,"cent vs mage","912",0.00443343973818915,0.00170754729039852,2.35325919033442,2.76762725972565,-2.28146705366718,-2.5347637464736,0.45988454340154,0.465492617195552,"TSS_more_sig"
0.2,"cent vs mage","917",0.00347661646037449,0.00123491437461914,2.45884321795366,2.9083631540801,-2.53898617102373,-2.75873776006066,0.506135719022657,0.489853318466985,"TSS_more_sig"
0.2,"cent vs mage","921",3.85090301579608e-09,4.87994264020725e-09,8.41443741885714,8.3115852827489,-3.9818188424454,-4.13121385810395,0.47299768920356,0.464895419657201,"CLR_more_sig"
0.2,"cent vs mage","947",0.0263906298064468,0.0327632175004587,1.57855024531611,1.48461345507768,2.46433450865567,2.15888264220336,0.411324788112492,0.400604219444764,"CLR_more_sig"
0.2,"cent vs mage","966",0.00611470291996301,0.0137269484501213,2.21362463811337,1.86242599725479,-2.54414382155576,-2.67343232283229,0.531586541358259,0.523156551425915,"CLR_more_sig"
0.2,"cent vs mage","975",0.0142615244600983,0.00997028733941744,1.8458340488725,2.00129232532674,-2.12860765541507,-2.38522946103149,0.436227006535119,0.439168534804165,"TSS_more_sig"
0.2,"cent vs mage","978",0.00223114817234392,0.000948525595458765,2.65147158691271,3.02295094541156,3.13339478610487,2.9218462238791,0.44084256986448,0.446863245291137,"TSS_more_sig"
0.2,"cent vs mage","984",0.0313270821763061,0.0133802591492341,1.50408005368967,1.87353547505905,2.57711189237307,2.30237678086069,0.412421878455391,0.412773806382565,"TSS_more_sig"
0.2,"cent vs mage","1004",0.00675291923270805,0.00802451909377399,2.17050844456369,2.09558098523816,-2.52972436673587,-2.86162187105408,0.467608875486713,0.469719392021193,"CLR_more_sig"
0.2,"cent vs mage","1017",0.0325512262674686,0.0464461442294066,1.48743264607694,1.3330503335411,2.14900303634641,1.82862723761627,0.393199096735717,0.398207704396377,"CLR_more_sig"
0.2,"cent vs mage","1019",1.55960495048821e-05,2.42062037969876e-06,4.80698539494706,5.61607331461825,-2.83768298145989,-3.07665008325568,0.401960376349971,0.397677674093902,"TSS_more_sig"
0.2,"cent vs mage","1040",0.0459363637573144,0.034814653070829,1.33784338577649,1.45823792822574,-2.0700711588414,-2.21007256500812,0.451957706430942,0.447565574358027,"TSS_more_sig"
0.2,"cent vs mage","1043",0.00348899574502068,0.00161384973200707,2.45729956019223,2.79213690554846,2.61274499470709,2.368482272816,0.32375592618357,0.328446628917322,"TSS_more_sig"
0.2,"cent vs mage","1058",0.000667821502858928,0.00203822700869141,3.17533960142026,2.69074744784106,-2.85195021629075,-2.99383474098999,0.462889703691457,0.449890732086183,"CLR_more_sig"
0.2,"cent vs mage","1074",1.28811826563507e-05,6.14909996251298e-05,4.89004426139019,4.21118844681307,3.1090989300611,2.87702902009585,0.383884875753498,0.381214431308904,"CLR_more_sig"
0.2,"cent vs mage","1076",0.0322350204451511,0.00977946732711913,1.49167205000031,2.00968479993561,2.47510939017304,2.2065223116529,0.425939546926883,0.423288815835298,"TSS_more_sig"
0.2,"cent vs mage","1079",0.00607803788364241,0.00558892991068835,2.21623659734499,2.25267133672372,-2.20390059776139,-2.45154709996333,0.423436943083603,0.412462841236687,"TSS_more_sig"
0.2,"cent vs mage","1087",1.14565633033745e-05,9.26634553551725e-05,4.94094564085214,4.03309150929469,3.71221829319961,3.43358490326625,0.496084295327936,0.505203405374586,"CLR_more_sig"
0.2,"cent vs mage","1091",0.0313476111837525,0.0372761538889706,1.50379554858901,1.42856890401564,2.52049780441155,2.24154211312483,0.48486537016696,0.473718967692805,"CLR_more_sig"
0.2,"cent vs mage","1098",7.85132183451202e-09,6.88043702942762e-08,8.10505722005634,7.16238397550854,4.33319205553342,4.07439105377003,0.446936221958977,0.435428606089076,"CLR_more_sig"
0.2,"cent vs mage","1104",0.00622840620529504,0.0019082879981315,2.2056230712861,2.71935608112007,-2.53771505753758,-2.80817578108236,0.453764358877606,0.44310742253053,"TSS_more_sig"
0.2,"eld vs kin","3",1.73616676590882e-12,2.09270101247938e-13,11.7604085613972,12.6792928155723,-4.40722401595601,-4.82840854156793,0.445918515356867,0.446219199871766,"TSS_more_sig"
0.2,"eld vs kin","4",7.93628827595109e-13,7.31720237120852e-09,12.1003825653522,8.13565493355704,2.80828972784563,2.39274698193761,0.219861195924045,0.220227179347428,"CLR_more_sig"
0.2,"eld vs kin","5",4.17598596713103e-05,9.34408244124191e-06,4.37924096939464,5.02946333850881,-2.45412783915907,-2.88529130339678,0.383928440332201,0.383916150624675,"TSS_more_sig"
0.2,"eld vs kin","7",2.67220176354801e-30,2.09008668026089e-27,29.5731307537237,26.679835702416,7.84755431234011,7.46603033091252,0.460186829693319,0.464084063174345,"CLR_more_sig"
0.2,"eld vs kin","8",0.00196455304058641,0.0209891651176401,2.70673624126143,1.6780048359299,2.31246159506384,1.90284505847243,0.393257567616587,0.395152176754638,"CLR_more_sig"
0.2,"eld vs kin","10",0.000991245317783019,0.0002544374440932,3.00381885109003,3.59441897570278,-2.41445777474049,-2.82645288752118,0.47185481644794,0.471410156401098,"TSS_more_sig"
0.2,"eld vs kin","11",1.24613143567079e-10,5.17679423810518e-08,9.90443614806522,7.28593909656564,3.50596890681538,3.0912596317312,0.352887463095705,0.35133565160207,"CLR_more_sig"
0.2,"eld vs kin","12",0.0144966900037098,0.00644522967041153,1.83873114791837,2.19076160231132,-1.66718346216877,-2.0735816712106,0.369589967000068,0.369029490734206,"TSS_more_sig"
0.2,"eld vs kin","14",7.65677223146503e-12,7.73413861057373e-09,11.1159542718154,8.11158804880447,3.13032654618277,2.7243196377523,0.275431284568513,0.276470011005999,"CLR_more_sig"
0.2,"eld vs kin","15",1.92787554025429e-06,6.6057881398915e-05,5.7149210067016,4.18007535906596,3.24420602314453,2.82193199994644,0.429045334447507,0.429977117866249,"CLR_more_sig"
0.2,"eld vs kin","16",5.46612997822566e-14,1.38268183118633e-10,13.2623200455019,9.85927774386542,3.31005181375174,2.89160724660292,0.267714987433974,0.267389733285188,"CLR_more_sig"
0.2,"eld vs kin","21",9.22482158368802e-22,5.79255557836215e-18,21.0350420247319,17.2371297905531,4.37979441825581,3.96134072628265,0.293499133372229,0.292770713377371,"CLR_more_sig"
0.2,"eld vs kin","23",1.02550194505061e-06,8.03086564336278e-05,5.98906351157651,4.0952376397931,2.68688607292567,2.27371738778325,0.312136943248537,0.311640182000907,"CLR_more_sig"
0.2,"eld vs kin","25",6.04282720557109e-07,1.12783971862614e-05,6.21875982420925,4.94775261512413,3.33128694338328,2.91935088151998,0.422483527548989,0.422931951289359,"CLR_more_sig"
0.2,"eld vs kin","26",1.4108899368209e-05,0.000539087531829621,4.85050686413064,3.268340712542,2.71218818480938,2.30611942917977,0.362199774084179,0.364133557041887,"CLR_more_sig"
0.2,"eld vs kin","29",9.18296313492492e-08,2.01579807552182e-05,7.03701715915799,4.69555297375365,2.72410451256412,2.31277830578694,0.291132221995904,0.291781721510687,"CLR_more_sig"
0.2,"eld vs kin","31",2.46030456204987e-06,2.0816611643358e-05,5.60901112808749,4.68158995995271,3.91052662317554,3.47269110928927,0.54735947203289,0.535495225691024,"CLR_more_sig"
0.2,"eld vs kin","32",0.000825836701996931,0.036751456255248,3.08310582003174,1.43472544757058,2.04687643417918,1.6277648738273,0.290785541840811,0.291715724315005,"CLR_more_sig"
0.2,"eld vs kin","33",1.73071932599946e-05,7.11731106407825e-06,4.76177335676533,5.14768405279602,-2.90197428331509,-3.28147252578876,0.46257520091203,0.454403807921696,"TSS_more_sig"
0.2,"eld vs kin","36",1.05193068691344e-06,0.000385334835647307,5.97801287547005,3.41416172743776,2.40761996926328,1.99029967724746,0.263457845547477,0.262590967700424,"CLR_more_sig"
0.2,"eld vs kin","47",0.000326016935904063,0.0026626459550137,3.48675983864791,2.57468657671012,3.15531932279805,2.68425865386342,0.539035220944062,0.535611138465849,"CLR_more_sig"
0.2,"eld vs kin","49",0.000773242937913801,0.0234752833442015,3.111684037751,1.62938915714149,2.27802845703098,1.87800843235263,0.362010990142936,0.366692367846845,"CLR_more_sig"
0.2,"eld vs kin","55",5.08683168078756e-05,0.00238376829660983,4.29355263258971,2.62273596050653,2.83661826954652,2.39840055918011,0.420566051000337,0.414830135152604,"CLR_more_sig"
0.2,"eld vs kin","57",0.0159600568281351,0.00223917194346722,1.79696556661301,2.64991255616109,-2.02973445261786,-2.48768519605059,0.4827650290977,0.478790883556594,"TSS_more_sig"
0.2,"eld vs kin","58",0.00523290562317292,0.0488666774578208,2.28125709780473,1.31098718850995,2.12892069766651,1.71686023702279,0.372258310262418,0.375215102919719,"CLR_more_sig"
0.2,"eld vs kin","61",9.26609549356542e-05,0.00301615167633642,4.03310322840279,2.52054682243767,2.51701887942509,2.09149052839665,0.364042651115994,0.362766419930563,"CLR_more_sig"
0.2,"eld vs kin","65",0.000247430997333838,3.67044740923793e-05,3.60654589432788,4.43528099418929,-2.33748270972048,-2.75326895799589,0.365156931544509,0.370590899470282,"TSS_more_sig"
0.2,"eld vs kin","67",1.54009876610998e-10,1.23495195551252e-12,9.81245142708486,11.9083499378389,-5.13600965069936,-5.51043461471288,0.571032602322334,0.569045125908235,"TSS_more_sig"
0.2,"eld vs kin","70",0.000622074835107023,0.00346702792927379,3.20615736688625,2.46004265979136,2.91075273200415,2.5356988285466,0.509746539700807,0.521907057861134,"CLR_more_sig"
0.2,"eld vs kin","71",0.0225571849805605,0.0395463603309884,1.64671509900118,1.40289348083647,2.90695506768915,2.5245957709935,0.540539013945158,0.537355673793537,"CLR_more_sig"
0.2,"eld vs kin","74",2.3398278615721e-08,5.08095868680328e-07,7.63081609195706,6.29405433631708,4.08241071236347,3.70651114390284,0.494430513046439,0.502738409305091,"CLR_more_sig"
0.2,"eld vs kin","77",6.13417711183642e-05,0.00100390484070207,4.21224368880629,2.99830745164978,2.63666904057144,2.24431869730251,0.365792244838218,0.370075839038751,"CLR_more_sig"
0.2,"eld vs kin","79",6.56217060653647e-07,5.1168724707678e-07,6.18295248280182,6.29099540693486,-3.43127483528428,-3.77892652149332,0.485207346134717,0.480171330553296,"TSS_more_sig"
0.2,"eld vs kin","80",5.02752639220185e-06,0.000187919868649208,5.2986456408789,3.72602729979018,2.76676767889767,2.32898954255915,0.349180453271898,0.34229473926491,"CLR_more_sig"
0.2,"eld vs kin","82",0.000257963164824449,6.44346445213274e-05,3.5884423035545,4.19088056309282,-3.45857187485681,-3.94814036875689,0.601066784640194,0.611263355444267,"TSS_more_sig"
0.2,"eld vs kin","83",8.52936889269159e-05,2.25599331371139e-05,4.06908310207532,4.64666219184408,-3.07422534187464,-3.50420841318013,0.522620867369213,0.532724251363838,"TSS_more_sig"
0.2,"eld vs kin","84",2.13626764140581e-06,2.91975224676771e-07,5.67034433783069,6.53465399869768,-3.48397046282129,-3.87498744139722,0.473853292914914,0.487452159014317,"TSS_more_sig"
0.2,"eld vs kin","85",0.0336087756931859,0.0109197636998405,1.4735473078036,1.96178675952192,-1.93421435380546,-2.36588349462612,0.487303058919375,0.491272930195082,"TSS_more_sig"
0.2,"eld vs kin","87",0.00502756059381361,0.000412808852451863,2.29864268643976,3.38425099808198,-2.43415608023694,-2.92490282302556,0.522336752707262,0.523828626230485,"TSS_more_sig"
0.2,"eld vs kin","89",1.60991302619136e-16,1.39674276449055e-14,15.7931975856237,13.8548835697261,5.2225482904019,4.79840055546856,0.441080175244968,0.443213074232819,"CLR_more_sig"
0.2,"eld vs kin","91",4.87608190633896e-07,2.8019671974379e-06,6.31192900789937,5.55253695329546,-4.04446735665347,-4.37868228032219,0.576459299310604,0.582784409817935,"CLR_more_sig"
0.2,"eld vs kin","100",0.000157573251214416,1.00289993686859e-05,3.80251750407951,4.99874239602611,-3.3695660673265,-3.65976393370443,0.56110441463987,0.567441158039758,"TSS_more_sig"
0.2,"eld vs kin","102",0.00266302553329849,0.00142559421860038,2.57462466949141,2.84600407455513,-2.50496748645934,-2.90813866441013,0.548709661369294,0.542043343016986,"TSS_more_sig"
0.2,"eld vs kin","103",0.000910251546343244,0.00851407651936608,3.04083857461015,2.06986245096542,2.63605706003816,2.18108805795877,0.455951434997164,0.45757168925953,"CLR_more_sig"
0.2,"eld vs kin","108",0.041319913465579,0.0224969791160283,1.3838405966747,1.64787579483618,-2.47196331332171,-2.66976067934408,0.653702823112135,0.643846662872069,"TSS_more_sig"
0.2,"eld vs kin","110",0.0283380558993598,0.010414685198821,1.54762994735395,1.98235385279076,-2.11086686077003,-2.54234659578114,0.5224874821993,0.520017775803394,"TSS_more_sig"
0.2,"eld vs kin","111",2.21629960285481e-05,1.16207006133731e-06,4.65437153136618,5.93476768749221,-2.8606000752403,-3.29246741836179,0.457698126117118,0.462731076424315,"TSS_more_sig"
0.2,"eld vs kin","115",0.017692352391226,0.0066414325548357,1.75221441906273,2.17773823334938,-2.35777260117161,-2.6663465714614,0.554744414101405,0.558521639069842,"TSS_more_sig"
0.2,"eld vs kin","118",0.0135881794460622,0.00621257645426336,1.86683872645317,2.20672825363722,-1.83718026632932,-2.22297855121107,0.392050556715519,0.396958444548529,"TSS_more_sig"
0.2,"eld vs kin","119",2.04486773407958e-07,8.64512260192344e-05,6.68933477773834,4.06322884334306,2.78360377320523,2.33014157485891,0.319714795332586,0.319286923158788,"CLR_more_sig"
0.2,"eld vs kin","121",4.58625440907794e-13,8.67386886481938e-08,12.338541857719,7.06178714798341,4.98751420312392,4.5203839558447,0.505850208545964,0.50651195502246,"CLR_more_sig"
0.2,"eld vs kin","124",3.95852851279425e-05,0.00665647790333764,4.40246622254324,2.17675550532736,2.90167270161698,2.43441752152207,0.434194848300345,0.430207625408705,"CLR_more_sig"
0.2,"eld vs kin","125",0.000646380049266211,0.000635209533344304,3.18951205666928,3.19708299255867,3.33360776267507,2.86912017879813,0.539932405677167,0.539656305830441,"TSS_more_sig"
0.2,"eld vs kin","128",0.0279707568143775,0.0102483816514405,1.55329578261448,1.98934470976334,-2.29749644982307,-2.6193255453349,0.584365255235843,0.589228120279794,"TSS_more_sig"
0.2,"eld vs kin","130",0.0012436183025017,0.00244887976012416,2.90531289501016,2.61103253818952,-2.99753863827728,-3.36091535661239,0.597019968785253,0.591820264458183,"CLR_more_sig"
0.2,"eld vs kin","133",0.0155550337142844,0.00741185676709567,1.8081290432559,2.13007298194097,-2.17411600101939,-2.56854578195196,0.492054030308932,0.486294832787742,"TSS_more_sig"
0.2,"eld vs kin","138",3.01667143032842e-11,1.93948890974159e-09,10.5204719897143,8.71231269941108,4.21616322933462,3.72657048139833,0.435160248365905,0.427093584646791,"CLR_more_sig"
0.2,"eld vs kin","139",0.000185046933541915,2.7761257764647e-06,3.73271810730953,5.55656086142066,-3.62098258469099,-4.06632029550128,0.541462370993746,0.535440820230454,"TSS_more_sig"
0.2,"eld vs kin","147",0.0157410037291002,0.0027960128531832,1.80296757819607,2.55346083648368,-2.45425268970635,-2.82412136413622,0.551238322217123,0.558358151602649,"TSS_more_sig"
0.2,"eld vs kin","151",9.74414420826498e-18,5.24317120874705e-14,17.0112562973312,13.280405960749,5.74024907391159,5.31780572367831,0.485721268271686,0.485592144091889,"CLR_more_sig"
0.2,"eld vs kin","162",0.0238149679609698,0.0015100704769302,1.62314999842211,2.82100278315211,-2.47601290276823,-2.98263404955937,0.606577346833045,0.607712178361008,"TSS_more_sig"
0.2,"eld vs kin","163",0.0117806593062312,0.00771236806149353,1.92883040351788,2.11281225254125,-2.53014367120922,-3.01509252151704,0.580499657088106,0.575603272636007,"TSS_more_sig"
0.2,"eld vs kin","164",6.74192268761875e-07,2.22623971740835e-05,6.17121623201871,4.65242807345037,3.58628130593088,3.09502377032866,0.45694306470323,0.454458366522135,"CLR_more_sig"
0.2,"eld vs kin","169",0.000611179085974169,3.15971800976662e-05,3.213831515364,4.5003516744281,-3.05306542478307,-3.4568343340337,0.519018118652758,0.518393052832968,"TSS_more_sig"
0.2,"eld vs kin","172",0.00090599367678909,0.000797452230847995,3.04287483338852,3.09829532269143,-2.46627388460147,-2.72148033262852,0.462223873187501,0.461102240347763,"TSS_more_sig"
0.2,"eld vs kin","181",0.00878318057651914,0.0140001277047826,2.05634818834207,1.85386800280537,-2.18834778012417,-2.59654439125951,0.496595511356797,0.496548017863367,"CLR_more_sig"
0.2,"eld vs kin","206",0.00123324399544427,0.0112599270561739,2.90895099040202,1.94846442291307,3.08789049828952,2.67753612354747,0.558482404265967,0.542484994392595,"CLR_more_sig"
0.2,"eld vs kin","207",5.68686788859655e-08,8.5241734960622e-06,7.24512686070861,5.06934771949096,3.84434802921185,3.48256547179111,0.458055836418238,0.465103102602208,"CLR_more_sig"
0.2,"eld vs kin","216",0.0377663900481784,0.0321017988077668,1.42289452581804,1.49347063144562,-2.05531646274328,-2.47179225808,0.517425782855485,0.517294631807847,"TSS_more_sig"
0.2,"eld vs kin","222",1.07726279395568e-05,0.000110168596953725,4.9676783393734,3.95794218146678,3.6338177114599,3.09209701851885,0.502810114484034,0.496871077792935,"CLR_more_sig"
0.2,"eld vs kin","223",0.000876934698444858,0.0201785859057462,3.057032745472,1.69510927193705,2.8106710741704,2.47600686363472,0.531332863385435,0.523967187711701,"CLR_more_sig"
0.2,"eld vs kin","246",1.23553251509968e-05,0.000174941454472781,4.90814582092758,3.75710726704766,3.30665604029059,2.88163352029964,0.478375647788066,0.479923265830889,"CLR_more_sig"
0.2,"eld vs kin","247",0.0325030065147106,0.0249580483106222,1.48807646510243,1.60278937896827,2.56155188719339,2.19159515329633,0.500866941516979,0.518700608120431,"TSS_more_sig"
0.2,"eld vs kin","251",0.0399467847599953,0.00989208453880402,1.39851817047229,2.00471218076816,-2.48859810186038,-2.96085748237434,0.595418142696398,0.602897896420898,"TSS_more_sig"
0.2,"eld vs kin","252",0.0348317992583665,0.000853640520780186,1.45802409120936,3.06872497791634,-2.09529060095061,-2.52297796299061,0.481108459625178,0.48184644812151,"TSS_more_sig"
0.2,"eld vs kin","265",0.00146078235867045,0.00157537661322802,2.83541448459232,2.80261560600483,2.9818644084279,2.73334457981179,0.467391099387501,0.482321696745409,"CLR_more_sig"
0.2,"eld vs kin","267",0.00541619360188437,0.000260468469912772,2.26630582018567,3.58424484116163,-2.92123256887966,-3.256707409198,0.611069435837601,0.607527898964232,"TSS_more_sig"
0.2,"eld vs kin","282",0.0014054523632102,5.22776432737374e-05,2.85218386990396,4.28168399906168,-2.64785156001557,-3.13321438732813,0.481265310881255,0.479878947570476,"TSS_more_sig"
0.2,"eld vs kin","294",0.000192537319857126,0.00237158207031136,3.7154850779107,2.62496184167767,2.99717545571095,2.48495256330405,0.452543021622399,0.443936275327532,"CLR_more_sig"
0.2,"eld vs kin","329",0.000117993780229915,0.00203138335030596,3.92814088492285,2.6922081114488,2.90745561594694,2.57922516843915,0.424974010884336,0.429606087295862,"CLR_more_sig"
0.2,"eld vs kin","344",1.36292241363917e-06,5.5722992723647e-05,5.86552886631312,4.25396556689878,3.32988176616309,2.89126729466102,0.405797531890377,0.414313141986213,"CLR_more_sig"
0.2,"eld vs kin","349",0.0417313551063935,0.00443693944525006,1.37953751258822,2.3529164984354,-1.95499574711845,-2.43139178175197,0.488088232238837,0.480886301453698,"TSS_more_sig"
0.2,"eld vs kin","363",0.0386711642722841,0.00776898515426745,1.41261275243129,2.10963570844322,-1.87735698756951,-2.38979656830173,0.48381585217684,0.473008150105785,"TSS_more_sig"
0.2,"eld vs kin","435",0.000401407820855142,0.00165750740540366,3.39641417016158,2.78054452258004,3.12447419164364,2.72208775451332,0.551392964298955,0.554169140195585,"CLR_more_sig"
0.2,"eld vs kin","473",0.0155928029007187,0.00337808626857227,1.80707581073151,2.47132926373881,-2.31984936906014,-2.80689759837188,0.524497172669108,0.542548329101992,"TSS_more_sig"
0.2,"eld vs kin","614",0.00302456485428914,0.010696840151168,2.51933709868914,1.97074449405134,-2.57186238893508,-2.92923461753249,0.502060550777429,0.494630659490704,"CLR_more_sig"
0.2,"eld vs kin","616",0.000935380852847158,4.87200763273109e-05,3.02901152430129,4.31229203998717,-2.35599618864475,-2.72991423998146,0.449557988644692,0.433398909481107,"TSS_more_sig"
0.2,"eld vs kin","666",5.57873928152634e-09,1.65788502162756e-09,8.25346393456386,8.78044559212361,-3.50695702029263,-4.00279397007693,0.41592485127391,0.431071174438918,"TSS_more_sig"
0.2,"eld vs kin","667",0.00141148749788455,0.026114722242869,2.85032296422184,1.58311458897425,2.9882960414839,2.4135765819037,0.571239734631484,0.569679275055242,"CLR_more_sig"
0.2,"eld vs kin","670",0.00281122746022317,0.045306810276377,2.55110401361587,1.34383651226643,2.44584472676064,2.08103644500706,0.43448886387244,0.448137847386616,"CLR_more_sig"
0.2,"eld vs kin","728",2.61844594760528e-15,3.70149484349609e-12,14.5819563867803,11.4316228512913,4.42926805780934,4.02585173231047,0.378677263425667,0.382878584889787,"CLR_more_sig"
0.2,"eld vs kin","744",0.000110964188030775,1.08868930773937e-06,3.9548171604033,5.96309604236186,-3.2798406064188,-3.73028344812853,0.515241567527269,0.521065100224095,"TSS_more_sig"
0.2,"eld vs kin","770",0.00237494945841688,0.000163318777967699,2.62434562821352,3.78696387834413,-2.29534844248753,-2.7156066547768,0.432609782165284,0.435260277315989,"TSS_more_sig"
0.2,"eld vs kin","786",2.01312432983345e-06,2.7439567099776e-06,5.69612940241229,5.56162274455645,-3.40625678367924,-3.8372011251217,0.502753820071831,0.505652223793175,"CLR_more_sig"
0.2,"eld vs kin","849",0.000201245212808921,9.34843986724498e-05,3.69627444176952,4.02926086116824,-2.46993248928206,-2.87450660419135,0.441274723166513,0.43488250220292,"TSS_more_sig"
0.2,"eld vs kin","854",5.31381176792523e-07,8.2117784360173e-05,6.27459383374194,4.08556277694796,3.60779201142914,3.17723344468026,0.457992019657451,0.462466883536877,"CLR_more_sig"
0.2,"eld vs kin","879",0.00193954204767121,0.000317851961450303,2.71230080081585,3.49777510421334,-2.12775559550225,-2.70625091817702,0.406841267802509,0.416834227841239,"TSS_more_sig"
0.2,"eld vs kin","886",5.39088479777375e-11,6.9228527924884e-10,10.2683399488662,9.15971490312635,4.91255255676526,4.55860422649047,0.526982525750156,0.535427129854515,"CLR_more_sig"
0.2,"eld vs kin","888",1.62344716258449e-05,0.000179427958772559,4.78956184154455,3.74610988350724,3.12267728029365,2.74483593151319,0.441058248346187,0.453054980124205,"CLR_more_sig"
0.2,"eld vs kin","891",0.00411134399707911,0.000913227860183742,2.38601618418217,3.03942084779558,-3.02075861807493,-3.30967408383516,0.56898460488175,0.577798012370272,"TSS_more_sig"
0.2,"eld vs kin","895",0.00148839531219396,0.00188834087560104,2.82728170648946,2.72391960589075,-2.88067092596821,-3.29467244269364,0.503916618111437,0.507360521138932,"CLR_more_sig"
0.2,"eld vs kin","914",0.0019763532797407,0.00346642282226528,2.70413542122192,2.46011846465241,-2.72659191996573,-2.89067910075309,0.562241852446513,0.560964280032887,"CLR_more_sig"
0.2,"eld vs kin","922",0.023066129324566,0.0280789516667404,1.63702527734791,1.55161911071064,2.47812998971274,2.16743799663861,0.479410513022097,0.476571900419009,"CLR_more_sig"
0.2,"eld vs kin","926",0.00442768704938014,0.0127282365926302,2.35382308280921,1.89523176061487,2.43967683327674,2.01173142249565,0.427026711575034,0.414894754696507,"CLR_more_sig"
0.2,"eld vs kin","929",0.00417703609378334,0.0156338976956299,2.37913177197854,1.80593273428557,2.52151034417175,2.06216249191361,0.469053334670047,0.45311852050437,"CLR_more_sig"
0.2,"eld vs kin","935",0.0403014947458906,0.011282807865997,1.3946788459717,1.94758280735982,-2.27490885842669,-2.56925213445992,0.542923914899948,0.546199021890661,"TSS_more_sig"
0.2,"eld vs kin","944",3.34618279512226e-05,0.00310236380826163,4.47545033810629,2.50830727465395,2.32081070758351,1.88947456249796,0.296586661095149,0.292040836676643,"CLR_more_sig"
0.2,"eld vs kin","947",4.74152212960273e-11,3.60953094280876e-10,10.3240822181635,9.44254923083263,4.53074460907145,4.1173059402262,0.441234793847203,0.429389449325145,"CLR_more_sig"
0.2,"eld vs kin","965",0.0256175695966097,0.0359569088280478,1.59146207524899,1.44421765110526,-2.51618302646383,-2.87242693628169,0.607813152325114,0.602086918933496,"CLR_more_sig"
0.2,"eld vs kin","978",5.43572338307983e-25,2.67710087483501e-23,24.2647426520607,22.5723352640171,6.36501003477847,5.9732596298935,0.402724299672583,0.407817966917481,"CLR_more_sig"
0.2,"eld vs kin","984",9.79818699342478e-17,7.1310850538467e-14,16.0088542765109,13.146844383606,5.18966989255751,4.80762851920858,0.415937640539246,0.433564044037445,"CLR_more_sig"
0.2,"eld vs kin","988",8.90996085224997e-05,0.00118387468738986,4.05012420412128,2.92669426505845,3.45315359987181,3.02835240813612,0.521962936062448,0.518617442652665,"CLR_more_sig"
0.2,"eld vs kin","991",0.001400097844362,5.95793474323293e-06,2.85384161304914,5.22490425788651,-3.3860218299093,-3.94347291518281,0.567362818557407,0.558986683144244,"TSS_more_sig"
0.2,"eld vs kin","1014",3.61510318954787e-07,2.08336623375451e-08,6.44187930168574,7.68123437896349,-4.0436381089585,-4.39179984232552,0.520534341224435,0.529090969729405,"TSS_more_sig"
0.2,"eld vs kin","1019",0.00208537855531183,0.0429786529952693,2.68081509677652,1.36674719996344,2.36954134977587,1.8927785897691,0.436957669578622,0.432549025473628,"CLR_more_sig"
0.2,"eld vs kin","1020",0.00138170628437477,0.0045116010007346,2.85958426711539,2.34566931568284,2.66492454908143,2.1918536824426,0.421591265306191,0.413946224792144,"CLR_more_sig"
0.2,"eld vs kin","1021",2.26671304766598e-05,2.48865825262524e-06,4.64460345548137,5.60403473745697,-3.4716571352752,-3.90785212397562,0.556453578250055,0.565239191797081,"TSS_more_sig"
0.2,"eld vs kin","1023",0.013146960513692,0.0313403433034161,1.88117464144881,1.50389625056167,2.3435949440978,2.0425040781976,0.474279060882754,0.482686116464936,"CLR_more_sig"
0.2,"eld vs kin","1027",0.00472413277181216,0.0317741537343356,2.32567790503501,1.49792600752148,2.76917234729714,2.48039686591688,0.512733483342193,0.510287213142409,"CLR_more_sig"
0.2,"eld vs kin","1030",3.23520585321227e-11,3.72565040664766e-09,10.4900980803524,8.42879789919471,4.55030929852649,4.11668940967893,0.430596930996598,0.430601979733365,"CLR_more_sig"
0.2,"eld vs kin","1043",0.00187252857946239,0.00632597395923092,2.72757154515955,2.1988726001828,2.72008766427041,2.23759876924629,0.420966332960612,0.408916923232393,"CLR_more_sig"
0.2,"eld vs kin","1047",0.0241051441191596,0.0105578913497427,1.61789026762554,1.97642281159534,-1.39207126533622,-1.8055231186112,0.291687828392138,0.290282573935715,"TSS_more_sig"
0.2,"eld vs kin","1059",0.00785821728557444,0.0145700219733993,2.10467596679154,1.8365397932596,2.98927811797965,2.67449230548388,0.585545075127836,0.584528359868138,"CLR_more_sig"
0.2,"eld vs kin","1074",1.92015896563836e-16,2.28242376048383e-15,15.7166628155456,14.6416037202358,5.20854951737075,4.9137759892959,0.38472433755964,0.402187822008413,"CLR_more_sig"
0.2,"eld vs kin","1076",3.2142923459297e-15,1.66261880798845e-11,14.4929146258769,10.779207310951,4.84503763191122,4.33130674174878,0.417867955312904,0.413041711705052,"CLR_more_sig"
0.2,"eld vs kin","1079",0.021392946588859,0.00324068528752951,1.66972939312141,2.48936314253326,-2.11227433308589,-2.46778499405656,0.494760111135207,0.496394107276188,"TSS_more_sig"
0.2,"eld vs kin","1082",8.47110178810133e-05,0.000334213858096493,4.0720600997787,3.47597554615401,3.22550119538908,2.83599927944598,0.483559908657532,0.496009331056585,"CLR_more_sig"
0.2,"eld vs kin","1089",5.54737758224589e-12,3.16238788047146e-09,11.2559122728619,8.49998486305114,3.29754418956001,2.8754284362084,0.290053798630377,0.288330340137544,"CLR_more_sig"
0.2,"eld vs kin","1098",1.27201058730715e-27,3.51274350769174e-26,26.8955092739156,25.4543535602168,7.30731555920211,6.86174705266049,0.450111230571665,0.444131362559442,"CLR_more_sig"
0.2,"eld vs kin","1101",0.0300404971877077,0.0039232830952869,1.52229288378202,2.40635035302645,-2.30369136708932,-2.77960876064822,0.586682148187891,0.582021264550981,"TSS_more_sig"
0.2,"eld vs kin","1104",0.000580486568754507,0.000282053867641121,3.23620782447543,3.54966794066938,-2.57315946899584,-2.94072454963208,0.466125221492529,0.475527795855081,"TSS_more_sig"
0.2,"eld vs kin","1105",8.54468270167219e-09,3.21211741794949e-10,8.0683040597392,9.49320858760398,-4.34113995120345,-4.6939847681543,0.516462326676003,0.509213259093109,"TSS_more_sig"
0.2,"eld vs kin","1108",0.000148553918849501,0.000969373202674765,3.82811588702918,3.01350899007162,2.81399731727953,2.40392084984058,0.43905773391012,0.438434903604661,"CLR_more_sig"
0.2,"eld vs kin","1112",0.000160064225085825,4.37603895185657e-06,3.79570572357075,5.35891882092941,-3.33560534064115,-3.7362784768483,0.533066987646877,0.547785443665785,"TSS_more_sig"
0.3,"cent vs mage","4",6.9964935416429e-08,4.76429511673396e-07,7.15511956242207,6.32200134467049,2.17380389921497,1.8821683657017,0.182966519548021,0.183070208447673,"CLR_more_sig"
0.3,"cent vs mage","7",3.6248619714212e-10,1.28868541026636e-10,9.44070852597338,9.88985308827903,4.13419389798575,3.86060205531539,0.415545477824697,0.418145842857581,"TSS_more_sig"
0.3,"cent vs mage","8",0.00040264908479328,0.00106802926345,3.39507328370599,2.97141684770002,2.23973230331031,1.94885197908535,0.313629877528212,0.31271849441998,"CLR_more_sig"
0.3,"cent vs mage","9",0.00108751804923236,0.00387105142698375,2.96356352644968,2.41217105903318,1.98976525339379,1.7028882109488,0.271691145693733,0.272261297903801,"CLR_more_sig"
0.3,"cent vs mage","11",0.000167581768165577,0.00151716691081439,3.7757732316233,2.81896663776428,2.18558333332694,1.89524018069861,0.296828035446502,0.296131733744567,"CLR_more_sig"
0.3,"cent vs mage","14",3.10376178615761e-08,1.76248441058798e-07,7.50811161825381,6.75387471571277,2.67309903797716,2.38533643243544,0.259327896022245,0.260141426747126,"CLR_more_sig"
0.3,"cent vs mage","19",0.0001125825961965,0.000347261818687832,3.94852874056822,3.45934296458657,2.48195490997251,2.18994366746582,0.345448380222508,0.345095015418329,"CLR_more_sig"
0.3,"cent vs mage","20",8.16966925614655e-08,4.54117333456405e-07,7.08779552524703,6.34283192095567,2.65512880098685,2.36364363487495,0.268489201580157,0.26893218518404,"CLR_more_sig"
0.3,"cent vs mage","21",1.78893795413947e-09,1.30563757948235e-08,8.7474047218374,7.8841773583398,2.83552967974763,2.53639191906324,0.261170992634398,0.260830547219556,"CLR_more_sig"
0.3,"cent vs mage","23",0.00016477817702246,0.000694302583922008,3.78310030614798,3.15845121846665,2.1202715270067,1.82057481460359,0.266664495534461,0.266953577705061,"CLR_more_sig"
0.3,"cent vs mage","24",6.24217282277686e-10,1.80580896232392e-09,9.20466421148944,8.74332819588129,4.43382724560904,4.1837914602985,0.494830505168461,0.491796724212052,"CLR_more_sig"
0.3,"cent vs mage","26",1.48210185770864e-06,3.22637088960014e-06,5.82912194836702,5.49128570946779,3.05759922102492,2.75649564306829,0.372400225974582,0.371907573621969,"CLR_more_sig"
0.3,"cent vs mage","30",0.0134393830291435,0.0408620526690586,1.87162066827541,1.38867982075658,1.65695262796774,1.36673968318722,0.238365277484541,0.238681291047116,"CLR_more_sig"
0.3,"cent vs mage","32",3.77503895625485e-05,6.80396860144208e-05,4.42307856233964,4.16723769921172,2.10811006968774,1.82556988169951,0.228729036816365,0.228759661030233,"CLR_more_sig"
0.3,"cent vs mage","36",0.00225781109979709,0.0111955313264615,2.64631239622307,1.95095529050169,1.70689993362304,1.4158996686063,0.202800306252665,0.203260730477001,"CLR_more_sig"
0.3,"cent vs mage","37",0.0138228812063579,0.0449923270138917,1.85940142428416,1.34686154443929,1.86906552210629,1.57946532476402,0.335267996282169,0.336225756902152,"CLR_more_sig"
0.3,"cent vs mage","39",4.86124125316232e-08,2.65641627137711e-07,7.3132528252704,6.57570386823607,3.57880158720632,3.2889975792596,0.416076489462728,0.417969501441341,"CLR_more_sig"
0.3,"cent vs mage","42",3.03029760754894e-07,3.78948543432534e-07,6.5185147170524,6.421419757896,3.41880929570405,3.14018315780761,0.410668545500014,0.411369910576727,"CLR_more_sig"
0.3,"cent vs mage","44",0.0151073400772426,0.0474655098306575,1.82081199439466,1.32362184997537,1.77534835072197,1.49151313720067,0.298756875926495,0.298609026803172,"CLR_more_sig"
0.3,"cent vs mage","47",0.00429451160297967,0.0207535471191743,2.3670862195374,1.68290766460833,2.54005323545898,2.21035403203657,0.497861451779251,0.500391362693804,"CLR_more_sig"
0.3,"cent vs mage","55",0.000224452640822836,0.000414383865403251,3.64887528049161,3.38259716277718,2.46244215024604,2.17632281949412,0.359666887752158,0.359841137717957,"CLR_more_sig"
0.3,"cent vs mage","56",3.20091566326273e-06,1.48505869306529e-05,5.494725768362,4.82825638165272,2.9752653122379,2.65674429312752,0.371932158063533,0.373689136642757,"CLR_more_sig"
0.3,"cent vs mage","61",0.00549069690117369,0.029299717646194,2.26037252966176,1.5331365648094,1.84993150111482,1.56517599544367,0.282558499345105,0.283657182131827,"CLR_more_sig"
0.3,"cent vs mage","69",0.000214345482851733,0.000306950784275727,3.66888566444277,3.51293125263656,2.64612680537668,2.36770314613435,0.387537038700771,0.379560984928036,"CLR_more_sig"
0.3,"cent vs mage","90",1.33548337040104e-05,0.000321975155551499,4.87436151549587,3.492177638314,2.34044926362556,2.03584945816226,0.283021530106081,0.281359649135889,"CLR_more_sig"
0.3,"cent vs mage","92",0.00106293808148997,0.00297862252909896,2.97349203336047,2.5259845299895,1.89043980970638,1.60476984402701,0.240540923768498,0.239024108713009,"CLR_more_sig"
0.3,"cent vs mage","95",0.00652698013670512,0.026484267054281,2.18528770897286,1.57701204155738,2.060988123634,1.75823746040823,0.369555809256197,0.372143280664385,"CLR_more_sig"
0.3,"cent vs mage","100",0.0188056065794419,0.000937488733233538,1.72571265374087,3.02803394293241,-2.69011357735413,-2.99354585384282,0.565944006376044,0.56772214891139,"TSS_more_sig"
0.3,"cent vs mage","106",3.16940412768626e-06,1.28593547968076e-05,5.49902238080526,4.89078082108642,2.69648425799651,2.40868905827064,0.33543149682227,0.333800381803244,"CLR_more_sig"
0.3,"cent vs mage","114",2.97146708554048e-06,5.95176730429623e-08,5.52702907598875,7.22535405670203,-3.69274375520434,-3.98836061077258,0.479240407077568,0.493083438890544,"TSS_more_sig"
0.3,"cent vs mage","119",0.00382204391447953,0.0116249069095011,2.41770432730022,1.93461051618871,1.80958922118394,1.52044783785779,0.235864861774406,0.238928028658978,"CLR_more_sig"
0.3,"cent vs mage","120",0.0120496954211546,0.0373488793114603,1.91902393056493,1.42772242507082,2.24766097462236,1.97475762525121,0.493300916863785,0.507611483462829,"CLR_more_sig"
0.3,"cent vs mage","132",3.36161918475242e-09,6.11947113352921e-12,8.47345148641351,11.2132861095072,-4.29885856514717,-4.72238153891945,0.478325507468099,0.494617110199816,"TSS_more_sig"
0.3,"cent vs mage","142",6.62565663421944e-06,0.0002254926707181,5.17877107460071,3.64686756961048,3.63284623817211,3.34905573228264,0.531304627470399,0.534957446487212,"CLR_more_sig"
0.3,"cent vs mage","143",3.75883011348443e-09,1.63672452955206e-10,8.42494730249676,9.78602440877533,-3.86427888224645,-4.05684441818428,0.436349281733353,0.440308431481614,"TSS_more_sig"
0.3,"cent vs mage","148",0.00777307036661582,0.000111121998874704,2.10940740077584,3.9541999550634,-2.709736337622,-3.05160221057286,0.514673749982985,0.511706383395458,"TSS_more_sig"
0.3,"cent vs mage","155",0.0139308877468682,0.0106349457076081,1.8560212072457,1.97326472286952,2.68722782148312,2.31817306014161,0.459833639749867,0.468486007269162,"TSS_more_sig"
0.3,"cent vs mage","168",0.000141957024368377,0.000144181527261211,3.84784311269116,3.84109037846842,3.54620784685401,3.223775220207,0.454863298703711,0.448802164588809,"CLR_more_sig"
0.3,"cent vs mage","169",0.00411682798774709,0.000197350871713124,2.38543727862625,3.70476095095398,-2.45935481724811,-2.71885914696424,0.44436897337894,0.439205042986472,"TSS_more_sig"
0.3,"cent vs mage","210",2.02753016922038e-09,2.11608242502622e-11,8.69303267485863,10.6744674197952,-4.30144107261608,-4.55875693663129,0.461219851363708,0.461107245331365,"TSS_more_sig"
0.3,"cent vs mage","212",0.00386123600676745,0.00375084659675579,2.41327365258358,2.42587069739148,2.37681772334449,2.0191673153676,0.369270820403092,0.372334426353231,"TSS_more_sig"
0.3,"cent vs mage","219",3.6923050731582e-06,2.35921268701422e-09,5.43270242299945,8.62723290496734,-3.84829084973914,-4.14066439883329,0.463275265955284,0.448249270753648,"TSS_more_sig"
0.3,"cent vs mage","289",0.00592221276695988,0.000614469571211029,2.22751599379631,3.21149961868858,-2.51744453001914,-2.86171970689783,0.483016002555948,0.509085280465074,"TSS_more_sig"
0.3,"cent vs mage","294",7.83463559389368e-05,7.20844477766926e-05,4.1059811987157,4.142158424231,2.96392609477228,2.66820638095461,0.378257689514602,0.377522814615094,"TSS_more_sig"
0.3,"cent vs mage","353",0.00036411459301358,1.40483590081088e-06,3.43876191502851,5.85237440282974,-3.17930161511287,-3.5477937739779,0.45281468182126,0.457857611672807,"TSS_more_sig"
0.3,"cent vs mage","652",0.000373878427562021,0.0136236436068063,3.42726959251108,1.86570672599832,2.27483412617202,2.01618242354375,0.306007274512182,0.317267644894781,"CLR_more_sig"
0.3,"cent vs mage","671",0.000188968984151908,0.000324602835193053,3.72360947157833,3.48864769121552,2.52480885767848,2.19679533451091,0.361224766179836,0.360096531841272,"CLR_more_sig"
0.3,"cent vs mage","675",0.000557746066629417,8.82526629957848e-06,3.25356348379117,5.0542721810458,-2.92355090167621,-3.26412710031591,0.467583263248121,0.465149379436806,"TSS_more_sig"
0.3,"cent vs mage","728",2.34251701158135e-05,0.000144535108050184,4.6303172465409,3.84002664854402,2.50238305664284,2.18766625172193,0.307433543942638,0.303536989064972,"CLR_more_sig"
0.3,"cent vs mage","762",0.000121626690648523,0.00139617182145084,3.91497110985435,2.85506113148641,2.51442468056779,2.20035584497327,0.392572718981323,0.38466495776993,"CLR_more_sig"
0.3,"cent vs mage","770",0.00367662873219572,7.74937010548757e-05,2.43455022319055,4.11073359695544,-2.1248606353918,-2.35869503267153,0.358330729720417,0.348992203845414,"TSS_more_sig"
0.3,"cent vs mage","788",0.0331875701497359,0.0382378308619071,1.47902454358994,1.41750675215492,2.5200785488884,2.24880024984685,0.536286712070779,0.538853090502057,"CLR_more_sig"
0.3,"cent vs mage","814",0.0394775844527695,0.0236651856135833,1.40364942872092,1.62589008487277,2.33543770166553,1.95332651886574,0.466198498413789,0.469354266254188,"TSS_more_sig"
0.3,"cent vs mage","819",0.0353227646414968,0.00790862547054152,1.45194531241162,2.10189899089315,-1.95488458073542,-2.21539936812778,0.43304925894024,0.439582709473336,"TSS_more_sig"
0.3,"cent vs mage","829",0.000241133944051911,0.00115676646362052,3.61774165035749,2.93675431070971,2.59013761374662,2.29474088632922,0.392654910921097,0.393979422664702,"CLR_more_sig"
0.3,"cent vs mage","834",0.0071700659960747,0.0132727745875979,2.14447684689856,1.87703828119532,2.23440899327184,1.93449379891776,0.396197476434516,0.395144823764573,"CLR_more_sig"
0.3,"cent vs mage","837",0.0465742863133276,0.00582530392263512,1.33185379134441,2.2346814113354,-1.914221214625,-2.26802899354618,0.45125112191723,0.464414359617038,"TSS_more_sig"
0.3,"cent vs mage","848",0.000444013723258461,0.00267987890803244,3.35260360681484,2.57188482938966,2.3381550468167,1.98907699297877,0.330489755149038,0.348715238001003,"CLR_more_sig"
0.3,"cent vs mage","854",2.96184912891683e-06,2.94528824357484e-05,5.52843706740416,4.53087219613384,3.44147968147231,3.10791552839476,0.464856179133242,0.458460931551491,"CLR_more_sig"
0.3,"cent vs mage","857",0.000285590780231045,0.00126138227187074,3.54425581706188,2.89915327710266,2.43790503580633,2.16142061628026,0.345768371014598,0.334745162913992,"CLR_more_sig"
0.3,"cent vs mage","886",0.000169492934025981,0.00100004331351394,3.77084840234285,2.99998118958728,3.2408464304321,2.9408747669385,0.521261880442549,0.535944706190898,"CLR_more_sig"
0.3,"cent vs mage","917",0.0480569106882116,0.000665091422728757,1.31824415101414,3.17711865295609,-2.41155260982898,-2.70900527523792,0.499302451800618,0.503636998558639,"TSS_more_sig"
0.3,"cent vs mage","921",1.60565895620781e-07,4.55545499273628e-08,6.79434669390519,7.34146823977412,-3.81920438841086,-4.09329106629499,0.477585364622228,0.482552973245272,"TSS_more_sig"
0.3,"cent vs mage","947",0.0034733100824139,0.00716573351862375,2.45925644298643,2.14473934653875,2.5542703621846,2.25265086550335,0.419547859234873,0.404564978578599,"CLR_more_sig"
0.3,"cent vs mage","966",0.0367688650872618,0.00212353695828325,1.43451977491619,2.67294017609605,-2.35797605949708,-2.60455180598301,0.531676785976216,0.53148737763527,"TSS_more_sig"
0.3,"cent vs mage","978",1.25400770635663e-05,5.16706803453497e-06,4.90169979459153,5.28675582008225,3.29434206520164,3.08838688782767,0.446577360918405,0.449294256060663,"TSS_more_sig"
0.3,"cent vs mage","984",0.00065054794744134,0.00203196132695968,3.18672068904582,2.69208456196284,2.7388485716867,2.44467801639994,0.414763673910376,0.417101866140249,"CLR_more_sig"
0.3,"cent vs mage","989",0.00038970988896804,0.00282709511399181,3.40925857375629,2.54865957998345,2.46288167545096,2.16799655302252,0.377787913228498,0.376781588938803,"CLR_more_sig"
0.3,"cent vs mage","1004",0.0400751184600566,0.00468441170300313,1.39712518521904,2.32934494270193,-2.36422140137334,-2.44810055840887,0.46158781081871,0.444421795541441,"TSS_more_sig"
0.3,"cent vs mage","1017",0.013195722406695,0.0303484686838661,1.87956682911552,1.51786321756813,2.26209661196488,1.92016695580575,0.396129620275597,0.40292260430914,"CLR_more_sig"
0.3,"cent vs mage","1019",0.00101703221641226,9.57514927720539e-07,2.99266528976313,6.0188544466271,-2.58913259356053,-2.98061586159407,0.391524835868854,0.389255367316581,"TSS_more_sig"
0.3,"cent vs mage","1030",0.00453748916011153,0.0284260025070875,2.34318439946754,1.54628420999577,2.41016529486358,2.1310376832425,0.405170287662082,0.412382741280089,"CLR_more_sig"
0.3,"cent vs mage","1043",6.22153402969415e-06,1.16111723777169e-05,5.20610251908889,4.93512392742184,2.76002647145168,2.44838708289396,0.326868690896647,0.332706021713967,"CLR_more_sig"
0.3,"cent vs mage","1058",0.0134063929244082,2.23122611209702e-05,1.87268805613418,4.65145641615269,-2.73924562036389,-3.06243482066133,0.461665990607495,0.463722261700599,"TSS_more_sig"
0.3,"cent vs mage","1074",3.48977025246436e-07,6.65034731458525e-06,6.45720316369163,5.17715567306245,3.31317251056597,2.97333144956457,0.380628714935753,0.384341961986678,"CLR_more_sig"
0.3,"cent vs mage","1076",0.000443300549512487,0.00139791527525946,3.35330173035171,2.85451914947898,2.63166398967819,2.25698634798619,0.425349847011875,0.429145485981203,"CLR_more_sig"
0.3,"cent vs mage","1079",0.0498516092047723,0.000596817033904919,1.30232081814524,3.22415879005057,-2.04368912009128,-2.32539276045877,0.417506559113515,0.42010603735432,"TSS_more_sig"
0.3,"cent vs mage","1087",3.84797674154804e-07,2.32925819684573e-06,6.41476756164667,5.63278236751935,3.84169564312282,3.51880845810058,0.502330968648641,0.49915282575093,"CLR_more_sig"
0.3,"cent vs mage","1091",0.00443968140815618,0.0106633778833591,2.35264819376918,1.97210520021324,2.60674346915551,2.39235436966009,0.478939175146078,0.483378928390744,"CLR_more_sig"
0.3,"cent vs mage","1098",6.53280702118979e-11,2.4270968953705e-11,10.1849001706591,10.614912885273,4.48510809673603,4.1951786310972,0.440871628176998,0.442875258486742,"TSS_more_sig"
0.3,"cent vs mage","1104",0.00874562837022314,0.000189700296895597,2.05820898116341,3.72193198940644,-2.46545613508399,-2.64432977240985,0.449441581789501,0.448365482576148,"TSS_more_sig"
0.3,"eld vs kin","3",1.72066527692749e-12,8.64595547933611e-11,11.7643036052807,10.0631870051115,-4.50150940824617,-4.58544715979491,0.446724693999657,0.446612612853162,"CLR_more_sig"
0.3,"eld vs kin","4",1.2514142929877e-16,2.79499115931951e-10,15.9025988890499,9.55361956146801,2.71515669289196,2.63423834881198,0.220270589542075,0.219860641850569,"CLR_more_sig"
0.3,"eld vs kin","5",3.19612372165748e-05,0.000304200733682398,4.49537641753291,3.51683974283452,-2.56482478266596,-2.63067861400656,0.384782039739388,0.383730642958152,"CLR_more_sig"
0.3,"eld vs kin","7",5.46629699122348e-33,5.42675234979311e-31,32.2623067762025,30.2654599970261,7.75960560943348,7.72547090190716,0.463036714383547,0.46540923235265,"CLR_more_sig"
0.3,"eld vs kin","8",0.000129441933913628,0.00910943916403431,3.88792500715221,2.04050836017989,2.23587220978095,2.14211620902514,0.39366733084305,0.39340463979245,"CLR_more_sig"
0.3,"eld vs kin","10",0.00121819761456974,0.00544362535701728,2.91428225525342,2.26411177159854,-2.49920501924791,-2.59159289558532,0.474824845993673,0.472591675854068,"CLR_more_sig"
0.3,"eld vs kin","11",2.60200973565737e-12,1.1004622120891e-08,11.5846910828189,7.95842486575302,3.40667712824146,3.3470757351185,0.345935881259074,0.351591775628938,"CLR_more_sig"
0.3,"eld vs kin","12",0.0151424640651935,0.0371726146508392,1.81980344829413,1.42977689038409,-1.74318854981583,-1.83494536795238,0.369822103440765,0.368711113093484,"CLR_more_sig"
0.3,"eld vs kin","14",8.07395217629617e-15,1.0082332757497e-09,14.0929138273349,8.99643897319821,3.04556204818779,2.97848360648407,0.276455203216389,0.277237015992,"CLR_more_sig"
0.3,"eld vs kin","15",9.07885012343563e-08,2.14204266233771e-05,7.04196915331483,4.66917188372202,3.16365244982965,3.11326116270076,0.431808029673979,0.434071881268628,"CLR_more_sig"
0.3,"eld vs kin","16",4.70920750769597e-17,1.70004558506776e-11,16.3270521722751,10.7695394332818,3.21171336839095,3.13933377185729,0.267675892554493,0.268490065785565,"CLR_more_sig"
0.3,"eld vs kin","21",5.47199279977028e-25,3.55903126087394e-19,24.2618544827467,18.4486681973388,4.28819535545046,4.2189849836558,0.2934884691906,0.295270715922401,"CLR_more_sig"
0.3,"eld vs kin","23",2.21938895747363e-08,3.43298359431995e-05,7.65376657911929,4.46432827199322,2.61828310156323,2.52080562076912,0.313493920394108,0.31161383457717,"CLR_more_sig"
0.3,"eld vs kin","25",1.42608026923027e-08,9.32911942218952e-06,7.84585602883011,5.03015934747882,3.236669745281,3.15662025105916,0.420504625502168,0.419818588866355,"CLR_more_sig"
0.3,"eld vs kin","26",3.87920400018494e-07,9.06001412653826e-05,6.41125738105345,4.04287112516283,2.63021090985689,2.57132153504037,0.363503273342964,0.364848041386855,"CLR_more_sig"
0.3,"eld vs kin","29",2.99514966335652e-10,2.83777533336819e-06,9.52358147165666,5.54702199060537,2.64698085499679,2.55448154164294,0.291942640685895,0.291768903979604,"CLR_more_sig"
0.3,"eld vs kin","31",1.3278516204251e-07,7.91964299137604e-06,6.8768504520997,5.10129439547743,3.84684587094055,3.75228956770612,0.549074662631683,0.539688943160372,"CLR_more_sig"
0.3,"eld vs kin","32",2.07304675967571e-05,0.0078321930393944,4.68339090184241,2.10611661705392,1.95651739272969,1.86808071081911,0.291089472397943,0.290908063469331,"CLR_more_sig"
0.3,"eld vs kin","33",2.71603654355812e-05,0.000247978754828935,4.56606439103407,3.6055855250439,-3.00521623493136,-3.06414001985175,0.460114718769521,0.458043772439204,"CLR_more_sig"
0.3,"eld vs kin","36",5.28472830802459e-09,4.83520258102986e-05,8.27697733519832,4.31558532551473,2.31090993694483,2.23736857335928,0.261943765687843,0.26133077046607,"CLR_more_sig"
0.3,"eld vs kin","47",3.69639838875023e-05,0.000582757004347281,4.43222122773553,3.23451249784841,3.04318527617521,2.94051238876125,0.540470456632894,0.530760250967241,"CLR_more_sig"
0.3,"eld vs kin","49",6.02260625310012e-05,0.00668798853349585,4.22021552927432,2.1747044801629,2.18195245217863,2.1111823391065,0.364222406962597,0.361388293945154,"CLR_more_sig"
0.3,"eld vs kin","55",3.06816387595648e-06,0.00063082470634004,5.51312144768169,3.20009130580441,2.7350455259122,2.62916792403824,0.418455863782232,0.414694371786149,"CLR_more_sig"
0.3,"eld vs kin","57",0.018725779922362,0.00970840665711966,1.72756008503441,2.01285204061738,-2.1467640854245,-2.31681999998719,0.487692903007721,0.486280282516206,"TSS_more_sig"
0.3,"eld vs kin","58",0.00043408311385467,0.0197451678771399,3.36242710820041,1.70453916945818,2.04498422086422,1.95752682488489,0.370901797645686,0.373539575916554,"CLR_more_sig"
0.3,"eld vs kin","61",4.08440167212922e-06,0.00140693876690866,5.38887155468226,2.85172480361171,2.43697008655231,2.33365046448345,0.364716616956021,0.361481819340441,"CLR_more_sig"
0.3,"eld vs kin","65",8.54748559393557e-05,0.00169337959206687,4.06816162249739,2.77124567847611,-2.42143768764276,-2.52683787470658,0.373117170326829,0.364143812477259,"CLR_more_sig"
0.3,"eld vs kin","67",3.17349066007259e-11,1.14380901336068e-09,10.4984627755239,8.94164648548004,-5.12736042845476,-5.2296693766925,0.560661045290346,0.566412412633237,"CLR_more_sig"
0.3,"eld vs kin","70",0.00011564693244954,0.00280612310988076,3.93686588246021,2.55189327957671,2.79472147912331,2.73831595228831,0.515274619092502,0.515074854096356,"CLR_more_sig"
0.3,"eld vs kin","71",0.000883363027067515,0.00304369081871283,3.05386078198117,2.51659946574727,2.90193291263601,2.94651377435936,0.53690941714135,0.535854450276969,"CLR_more_sig"
0.3,"eld vs kin","74",6.17413695773886e-10,1.33114321601707e-07,9.20942374101354,6.8757752168169,4.02893745998334,3.87656451842438,0.490202146471859,0.49414834548212,"CLR_more_sig"
0.3,"eld vs kin","77",9.67802292772279e-07,0.000707492504958934,6.01421335336072,3.15027815661246,2.56957755731139,2.44809819144777,0.366168496557068,0.362338235795306,"CLR_more_sig"
0.3,"eld vs kin","79",1.20344581095946e-06,3.07544757557619e-05,5.91957346046259,4.51209167160952,-3.51640288501296,-3.60346331625882,0.489302327680382,0.482072181658019,"CLR_more_sig"
0.3,"eld vs kin","80",4.65755762922548e-08,8.56395070927463e-05,7.3318417627549,4.0673258409983,2.71544821976008,2.60052412471329,0.351784200810118,0.346066056928214,"CLR_more_sig"
0.3,"eld vs kin","82",0.000373589826246876,0.000206863962667538,3.4276049591684,3.68431516026611,-3.61099768138162,-3.71929489963206,0.607566174730578,0.608046033263163,"TSS_more_sig"
0.3,"eld vs kin","83",0.000136695652047205,0.00165008540227358,3.86424529905279,2.78249357773984,-3.20774593492618,-3.25630383955968,0.522028015855731,0.52906858581555,"CLR_more_sig"
0.3,"eld vs kin","84",1.18706860729151e-06,0.000269749708841674,5.9255241800285,3.56903901540695,-3.57495484305399,-3.60368563910566,0.48984042512805,0.485675961553704,"CLR_more_sig"
0.3,"eld vs kin","85",0.019082051348792,0.0420887337348946,1.71937493982201,1.37583414006857,-2.01872969771756,-2.10201171516115,0.48577495801035,0.486499215949151,"CLR_more_sig"
0.3,"eld vs kin","87",0.00249631322180953,0.00657304994087011,2.60270092300844,2.18223306801449,-2.57522305132272,-2.63589933300793,0.529363135526743,0.526976549667997,"CLR_more_sig"
0.3,"eld vs kin","89",2.30634978262059e-16,9.31884061669806e-17,15.6370748266414,16.0306381160892,5.17625303616008,5.05121721164461,0.450214241337085,0.437666615518821,"TSS_more_sig"
0.3,"eld vs kin","91",2.68016043455944e-06,3.26486517656807e-06,5.57183920830016,5.48613474831892,-4.04771193341486,-4.08928750349327,0.579066719934541,0.566774934459667,"CLR_more_sig"
0.3,"eld vs kin","100",5.59545352237185e-05,3.88805330040903e-05,4.25216470729806,4.41026779006396,-3.40490187205746,-3.54232913652489,0.558281987773001,0.571096385784794,"TSS_more_sig"
0.3,"eld vs kin","102",0.0033316192807655,0.00485037714260896,2.47734463322853,2.31422449138001,-2.56678866499864,-2.69381101124407,0.548331120021842,0.544210133088671,"CLR_more_sig"
0.3,"eld vs kin","103",0.00011672719415445,0.000849760397439845,3.93282795376285,3.07070351280183,2.5188639179804,2.45773762535816,0.459719835287279,0.459681809271592,"CLR_more_sig"
0.3,"eld vs kin","108",0.0446049806466859,0.0439507706700844,1.35061664472727,1.3570335052357,-2.53238923614377,-2.49620099155704,0.646954179265833,0.648430562242946,"TSS_more_sig"
0.3,"eld vs kin","110",0.0380660321130362,0.0433278987381022,1.41946239035722,1.36323237232208,-2.1564167535325,-2.2434806909301,0.518966884689252,0.52413139925529,"CLR_more_sig"
0.3,"eld vs kin","111",1.83102464709494e-05,0.000456220047872296,4.7373058096987,3.34082563425225,-2.95060832734688,-3.03456003620814,0.463644219828897,0.462314625565715,"CLR_more_sig"
0.3,"eld vs kin","115",0.0185174007736864,0.0310580659467822,1.73241997385638,1.50782559222602,-2.36762792468608,-2.50338151803603,0.573639857279749,0.576248117787329,"CLR_more_sig"
0.3,"eld vs kin","118",0.00902598706743076,0.0134147418325522,2.04450529307906,1.87241768093292,-1.92053554272235,-2.06243318472509,0.387017859172226,0.393932604097599,"CLR_more_sig"
0.3,"eld vs kin","119",7.5999236256667e-09,2.67996622468418e-06,8.11919077207686,5.5718706793017,2.67117010840272,2.56264935534167,0.320939899325437,0.309166572866819,"CLR_more_sig"
0.3,"eld vs kin","121",8.80370488059709e-13,2.51900002404283e-11,12.0553345243736,10.5987718283567,4.89026774445985,4.72644931656648,0.502320301096825,0.493821911897307,"CLR_more_sig"
0.3,"eld vs kin","124",0.000171284177746898,0.000973189104876918,3.76628275282304,3.01180276176169,2.79225407538702,2.68457782582169,0.428349081757623,0.424292802703595,"CLR_more_sig"
0.3,"eld vs kin","125",0.000165455094060369,0.000532899195635048,3.78131985716383,3.27335493528831,3.10030227385776,3.15390812705197,0.523381903014575,0.526034998742906,"CLR_more_sig"
0.3,"eld vs kin","128",0.0110179064615076,0.0462560913845431,1.95790091896792,1.33483106767092,-2.40938783938755,-2.4239751382709,0.586356321518248,0.590097435510446,"CLR_more_sig"
0.3,"eld vs kin","130",0.00144985678564976,0.0113232814232184,2.83867489450558,1.94602769881179,-3.00308816019381,-3.05452735602499,0.58623639785762,0.579445328523841,"CLR_more_sig"
0.3,"eld vs kin","133",0.0147193326961109,0.0345976787646688,1.83211187837936,1.46095303801395,-2.22809780526647,-2.38116647477563,0.490040170226877,0.49445096178378,"CLR_more_sig"
0.3,"eld vs kin","138",1.92618665093121e-12,1.86472153295038e-10,11.7153016312604,9.72938601411406,4.1852533559758,4.05389351097734,0.444324000926351,0.431667685674264,"CLR_more_sig"
0.3,"eld vs kin","139",9.31535336331022e-05,0.000110285317164341,4.03080066617568,3.95748230350692,-3.64603681803706,-3.71081054513317,0.53555544076768,0.546645371961016,"CLR_more_sig"
0.3,"eld vs kin","147",0.0197281673943777,0.0248681355757477,1.70491325572472,1.60435677361695,-2.52856325600667,-2.49752562585422,0.548144274310897,0.569503115025987,"CLR_more_sig"
0.3,"eld vs kin","151",1.23798842271588e-18,2.81683203799643e-17,17.9072834166843,16.5502390483447,5.6340206776343,5.56846269734738,0.478926672200275,0.478489133382717,"CLR_more_sig"
0.3,"eld vs kin","162",0.0236867360268051,0.0106590232304604,1.62549477985169,1.97228259128104,-2.58708296376302,-2.55678734505326,0.595300491810591,0.609932591406917,"TSS_more_sig"
0.3,"eld vs kin","163",0.0185467065811452,0.00941493644284772,1.73173319875089,2.02618260741722,-2.61367268239812,-2.81459100156329,0.574506946013404,0.575641905904615,"TSS_more_sig"
0.3,"eld vs kin","164",3.60377140938322e-08,4.70047725017567e-06,7.4432427645276,5.32785804491635,3.38501820604516,3.32070473012031,0.453655344759476,0.452666894292888,"CLR_more_sig"
0.3,"eld vs kin","169",0.000470335147139441,0.000172013026903666,3.32759256614363,3.76443866182416,-3.16065158251032,-3.27813645780878,0.530922950252537,0.531873097169858,"TSS_more_sig"
0.3,"eld vs kin","172",0.000835595389807525,0.032001222756922,3.07800396479833,1.49483342710389,-2.50201229979124,-2.58781971011186,0.461441288733393,0.465593582703508,"CLR_more_sig"
0.3,"eld vs kin","181",0.0126356008364996,0.0322929240000625,1.89840410208026,1.49089262950748,-2.29676307451498,-2.30222988559304,0.498026016431685,0.49719994638483,"CLR_more_sig"
0.3,"eld vs kin","203",0.041870166354327,0.0420522395973436,1.37809531361026,1.37621086980977,-1.95379881885124,-2.00796358835332,0.445483012323697,0.446749165797581,"CLR_more_sig"
0.3,"eld vs kin","206",0.000384875456315253,0.00106058197454075,3.4146797831811,2.97445575834513,3.23331541203086,3.0400345920157,0.55295699036115,0.543147744046686,"CLR_more_sig"
0.3,"eld vs kin","207",2.37363124519832e-09,1.83049439887663e-08,8.62458674983585,7.73743159567657,3.79213138722985,3.74078361239749,0.456194565802081,0.452315669120913,"CLR_more_sig"
0.3,"eld vs kin","216",0.0126266616758072,0.0494304652859201,1.89871145604918,1.30600530153282,-2.16529725515531,-2.15422850788123,0.514897502019175,0.522614935014853,"CLR_more_sig"
0.3,"eld vs kin","222",2.45382062321623e-07,2.1802817628196e-05,6.61015718781711,4.66148737789518,3.54871579703364,3.47869922081934,0.496948291608244,0.508008918404095,"CLR_more_sig"
0.3,"eld vs kin","223",0.000738966104111057,0.00929769432674826,3.13137548195042,2.03162473588886,2.78158528211067,2.65492937365447,0.527051709085024,0.537317552331044,"CLR_more_sig"
0.3,"eld vs kin","246",2.10773122730504e-05,0.000455337691164889,4.67618477009153,3.34166639891776,3.21010574241769,3.02206532902337,0.48122386003369,0.464801320657316,"CLR_more_sig"
0.3,"eld vs kin","247",0.00569659066049653,0.0334780488968815,2.24438498648936,1.47523986065516,2.3495939489339,2.35434369706244,0.511117220675777,0.519464167548537,"CLR_more_sig"
0.3,"eld vs kin","251",0.00700157959632396,0.0357008294032884,2.15480396961754,1.4473216942215,-2.59998950893763,-2.65106677049356,0.595153409474518,0.589864506199027,"CLR_more_sig"
0.3,"eld vs kin","252",0.0112195564122228,0.0327696138056767,1.95002431344814,1.48452867680657,-2.14496943751051,-2.26573585624358,0.464169903911795,0.474758168051686,"CLR_more_sig"
0.3,"eld vs kin","265",1.09370224095503e-05,9.93381160756e-05,4.96110089803139,4.00288408055712,2.98291239891112,2.85176857324287,0.476705446756394,0.470733180768039,"CLR_more_sig"
0.3,"eld vs kin","267",0.0036506713862148,0.00319601450101552,2.4376272581422,2.4953912588647,-3.0720009363403,-3.08264705358802,0.61616683047317,0.605151650531904,"TSS_more_sig"
0.3,"eld vs kin","282",0.0070307927493308,0.0318730791170314,2.15299570382095,1.49657597923285,-2.68521044951878,-2.75189840993233,0.466903066640074,0.471054373737633,"CLR_more_sig"
0.3,"eld vs kin","294",4.16527209097882e-05,5.82575607882627e-05,4.38035662360869,4.23464770299662,2.89463934562493,2.76128325700763,0.449280943113142,0.429205555276241,"CLR_more_sig"
0.3,"eld vs kin","329",0.000679693634839128,0.000499893295228543,3.16768679711788,3.30112268814194,2.83236545209958,2.82911058788457,0.429232575322375,0.428812965031303,"TSS_more_sig"
0.3,"eld vs kin","344",1.74254031443189e-07,1.03742487109604e-05,6.75881716552104,4.98404334449523,3.21663983993047,3.24447623500512,0.415421791364964,0.423030234924232,"CLR_more_sig"
0.3,"eld vs kin","435",0.00187171085517958,0.00501531580617035,2.72776124090716,2.29970171497479,2.8858879573914,2.83833367608833,0.552777719288661,0.569401498872425,"CLR_more_sig"
0.3,"eld vs kin","473",0.00704706454555928,0.0113284022623422,2.15199175068921,1.94583133793699,-2.46565121336329,-2.49743726675801,0.536683955231913,0.530581051594563,"CLR_more_sig"
0.3,"eld vs kin","614",0.00173951058486112,0.0161094050512773,2.75957292424161,1.79292049854531,-2.70129739208498,-2.84503775313451,0.496560718778024,0.495556908658613,"CLR_more_sig"
0.3,"eld vs kin","616",0.00533404098227029,0.0095037756746445,2.27294365188096,2.02210382324817,-2.33397258284029,-2.48573772740814,0.433168859710456,0.434502626958659,"CLR_more_sig"
0.3,"eld vs kin","652",0.000117218027585731,0.0108409283236855,3.93100559071622,1.96493352696814,2.12579451566026,2.05967242840491,0.356833152899911,0.361683367694956,"CLR_more_sig"
0.3,"eld vs kin","666",7.93354373261149e-09,2.14042409319703e-06,8.10053277992779,5.6695001691332,-3.64640370486668,-3.68405902083608,0.424209238170464,0.423509094050316,"CLR_more_sig"
0.3,"eld vs kin","667",0.0162484350672531,0.0248179678649618,1.78918846080108,1.60523378211064,2.72873732050592,2.65523021859893,0.569666971959865,0.568269007537846,"CLR_more_sig"
0.3,"eld vs kin","670",0.000536073227494266,0.0339961290537748,3.27077588171676,1.46857053078987,2.42646577419674,2.33946386970593,0.425493605865924,0.428749738643951,"CLR_more_sig"
0.3,"eld vs kin","728",1.21378204683348e-16,1.23054488212582e-12,15.9158592904893,11.9099025414865,4.36556601261652,4.25349576195792,0.381200794577705,0.376135262865632,"CLR_more_sig"
0.3,"eld vs kin","744",3.99834713089577e-06,3.12432276932299e-05,5.39811950374264,4.50524410613439,-3.40341478706221,-3.52022434161799,0.518358016704067,0.518546400687103,"CLR_more_sig"
0.3,"eld vs kin","770",0.00223246801932511,0.0211486942434621,2.65121475377429,1.67471644154497,-2.36772311937524,-2.45285387098739,0.432879852508044,0.431477488577467,"CLR_more_sig"
0.3,"eld vs kin","786",0.00010156187712176,0.00299920372616666,3.9932692808577,2.52299403302508,-3.51221325194164,-3.57819308046421,0.509351364736014,0.503500986796271,"CLR_more_sig"
0.3,"eld vs kin","809",0.00265459649570495,0.0425817849148553,2.57600148324786,1.37077613804975,1.90938284060084,1.94701292679365,0.374568868562849,0.382517031467965,"CLR_more_sig"
0.3,"eld vs kin","825",0.000813226700270289,0.00677483980443025,3.08978837082385,2.16910096951252,2.46524014915425,2.2931184940593,0.461590115429436,0.450406876654392,"CLR_more_sig"
0.3,"eld vs kin","849",0.000596968750182054,0.00410543950859283,3.22404840250331,2.38664034257886,-2.52166879408521,-2.62701442850497,0.431218052689102,0.433667610976499,"CLR_more_sig"
0.3,"eld vs kin","854",4.24362728404168e-08,3.31517341924522e-06,7.37226276699318,5.47949374839003,3.52446080007537,3.40702412011984,0.470253528286226,0.469014636617364,"CLR_more_sig"
0.3,"eld vs kin","857",0.0014538319215476,0.0474251562205777,2.83748579964189,1.32399122985157,2.03208227188642,1.88525616278277,0.408452800903887,0.404458547968163,"CLR_more_sig"
0.3,"eld vs kin","879",0.00045418084654432,0.00394909331613559,3.34277118454936,2.40350260386692,-2.40333749793612,-2.4364748800577,0.409648628395003,0.417435603651617,"CLR_more_sig"
0.3,"eld vs kin","886",4.32723822129724e-12,3.38425900532815e-10,11.3637891955461,9.47053640677949,4.84050988519709,4.79877551891888,0.516639849361182,0.519953065813132,"CLR_more_sig"
0.3,"eld vs kin","888",1.08782755491343e-06,0.000122219023972272,5.96343994460589,3.91286118883047,3.05727675645656,2.98928898574484,0.446759664741298,0.451921682331675,"CLR_more_sig"
0.3,"eld vs kin","890",0.0356826245043899,0.0379584943245145,1.4475432101856,1.42069102278647,1.85865310920783,1.85080135876743,0.415478325573524,0.41852377544845,"CLR_more_sig"
0.3,"eld vs kin","891",0.000239807872745489,0.00563552819229188,3.62013656338146,2.24906537327404,-3.11953182481305,-3.28163826912283,0.567362330830619,0.578523615253671,"CLR_more_sig"
0.3,"eld vs kin","895",0.0104995475186576,0.000689972982104083,1.97882941658572,3.1611679149915,-2.79153534263345,-3.01633753933848,0.499758053901342,0.51045971053245,"TSS_more_sig"
0.3,"eld vs kin","914",0.0158660726707456,0.0436149168405961,1.79953056086343,1.36036495124512,-2.49586799042394,-2.68393232568882,0.564880546799895,0.564032975912916,"CLR_more_sig"
0.3,"eld vs kin","922",0.000356755027922813,0.00248020660652465,3.44762989744598,2.60551214000596,2.51212519696498,2.44152533931938,0.485226111051916,0.487180471663267,"CLR_more_sig"
0.3,"eld vs kin","926",0.00334279010998397,0.00921822989484169,2.47589089141145,2.0353524651401,2.42093392400229,2.21477259777428,0.442153638747019,0.421157178207841,"CLR_more_sig"
0.3,"eld vs kin","929",0.000776185992348245,0.00924946568287235,3.11003419913885,2.03388335457799,2.59302610009112,2.29096520603902,0.472138257060885,0.463974762166855,"CLR_more_sig"
0.3,"eld vs kin","935",0.0470057876766564,0.0465561703839008,1.32784866544119,1.33202275107171,-2.30859595948859,-2.32761106879282,0.54646822338061,0.538301908989299,"TSS_more_sig"
0.3,"eld vs kin","944",1.45812782117192e-06,0.00138932823114912,5.8362044035925,2.85719513933308,2.20625568898475,2.12129565595837,0.291672820217869,0.293965718524934,"CLR_more_sig"
0.3,"eld vs kin","947",1.69482165779705e-14,1.56924652299269e-09,13.7708759948707,8.80430882495016,4.47206200598766,4.33622474374512,0.434543789751022,0.427820461627554,"CLR_more_sig"
0.3,"eld vs kin","965",0.0115899348435526,0.0226856266707795,1.93591900555194,1.64424921922351,-2.60942156352254,-2.6295298167459,0.597794572974213,0.600178714927803,"CLR_more_sig"
0.3,"eld vs kin","977",0.0174673723095464,0.0410688055904987,1.75777242285319,1.3864879276065,2.46815567831947,2.44865263495722,0.530480150050687,0.537170559701586,"CLR_more_sig"
0.3,"eld vs kin","978",1.18419714793873e-25,2.52819371245473e-24,24.9265759892226,23.5971896530846,6.2786346384917,6.15807243087007,0.413165596932438,0.401382430082223,"CLR_more_sig"
0.3,"eld vs kin","984",2.17865354062913e-15,2.17190451162394e-16,14.6618118277419,15.6631592725392,5.2742158890327,5.12495366530029,0.430734030834763,0.416738089348802,"TSS_more_sig"
0.3,"eld vs kin","988",7.1560881806768e-06,6.08716775353531e-06,5.14532431649128,5.21558472955456,3.35254870839779,3.34161733007977,0.523429677951544,0.524115024618506,"TSS_more_sig"
0.3,"eld vs kin","991",0.00280534630722214,2.9801455607688e-05,2.55201351942309,4.52576252293891,-3.4659598279877,-3.60569863565965,0.5728594144464,0.566938042082078,"TSS_more_sig"
0.3,"eld vs kin","1014",3.40344885063615e-08,1.55327139555534e-05,7.46808077188571,4.80875265547913,-4.00255797843956,-4.11615689883402,0.514420085397162,0.5313320940751,"CLR_more_sig"
0.3,"eld vs kin","1019",0.00137644485994862,0.00642172172136606,2.8612411816551,2.19234851806159,2.25045736839955,2.12031916942898,0.428428469498535,0.417607937496251,"CLR_more_sig"
0.3,"eld vs kin","1020",0.000188832516190298,0.0012399566575636,3.72392321985729,2.90659349524901,2.55453582977995,2.43828176131713,0.422456731953589,0.410462410507735,"CLR_more_sig"
0.3,"eld vs kin","1021",7.76519751097332e-06,5.13138794040318e-05,5.10984749333724,4.28976515080796,-3.62501507302005,-3.646125529898,0.558737518284084,0.556343411782498,"CLR_more_sig"
0.3,"eld vs kin","1023",0.00945343788274951,0.0114858429399566,2.02441022514268,1.93983712665633,2.20907972246577,2.23580534480652,0.487464113672605,0.485513154966695,"CLR_more_sig"
0.3,"eld vs kin","1027",0.00136665661662404,0.00194501366625823,2.86434059167854,2.71107734284229,2.76595309238475,2.66592497005535,0.511140648280154,0.512755765557887,"CLR_more_sig"
0.3,"eld vs kin","1030",9.41464384737345e-14,7.83125781595152e-10,13.0261961045423,9.10616847821591,4.28742639899229,4.22799220742732,0.427639429549992,0.433766781918186,"CLR_more_sig"
0.3,"eld vs kin","1033",0.0108967721122071,0.0283902795713574,1.96270213155182,1.54683033076756,2.00900690125263,2.01465194571253,0.450419078055911,0.447658822878015,"CLR_more_sig"
0.3,"eld vs kin","1043",4.49611878662402e-05,0.00118956764984188,4.3471622233078,2.92461085491498,2.61659927794808,2.52791229789376,0.42734986913285,0.421590113327752,"CLR_more_sig"
0.3,"eld vs kin","1047",0.0253878861129098,0.0395892040727863,1.595373458548,1.40242322949992,-1.48445048367438,-1.55973223723126,0.291267553231598,0.29176422166729,"CLR_more_sig"
0.3,"eld vs kin","1059",0.000758642878444381,0.00555885369629083,3.11996261464467,2.25501475602615,2.88312120596763,2.9092599819173,0.589282335251354,0.593828708525773,"CLR_more_sig"
0.3,"eld vs kin","1074",2.33565646519819e-20,1.09894750554035e-19,19.631591034094,18.9590230524343,5.34417774055683,5.17046080673529,0.392803227622487,0.389568015473663,"CLR_more_sig"
0.3,"eld vs kin","1076",1.58797105403123e-14,4.3265491864727e-12,13.7991574182748,11.3638583546342,4.81679287839361,4.68795829211466,0.435762751624347,0.423854444804701,"CLR_more_sig"
0.3,"eld vs kin","1079",0.0116170119697252,0.034952027233326,1.93490556316218,1.45652762991217,-2.23911934549337,-2.33161543253041,0.493521052016248,0.493548864708703,"CLR_more_sig"
0.3,"eld vs kin","1082",0.0002390776389347,0.000421683250981356,3.62146104179057,3.37501364857212,3.10894345482909,3.01583223656775,0.485032672629563,0.495632238221128,"CLR_more_sig"
0.3,"eld vs kin","1089",5.1170134033739e-15,3.49308748336155e-10,14.2909834454465,9.45679053744698,3.19850282493539,3.12019673790451,0.288539989729271,0.288806074096018,"CLR_more_sig"
0.3,"eld vs kin","1098",2.04740891117728e-30,2.73681608046296e-27,29.6887954108145,26.5627543870707,7.15753957677023,7.09249322173032,0.438637906454594,0.445002131907201,"CLR_more_sig"
0.3,"eld vs kin","1101",0.0146493074595817,0.0446480668744893,1.83418290593044,1.35019733999865,-2.33799878165845,-2.41688644745204,0.589586879323889,0.589263334845283,"CLR_more_sig"
0.3,"eld vs kin","1104",0.00128793724903474,0.0241600049812853,2.8901052961857,1.6169029805085,-2.63999783803407,-2.60586891375113,0.467731976375241,0.46687583973112,"CLR_more_sig"
0.3,"eld vs kin","1105",4.92129211504081e-07,5.76787390820351e-09,6.30792085561516,8.23898424231949,-4.41915236295788,-4.35970085681746,0.521472180231755,0.501782645928749,"TSS_more_sig"
0.3,"eld vs kin","1108",1.22385348644295e-05,0.000160858493271792,4.91227057062014,3.79355600356094,2.72107895600363,2.65991392354702,0.441582774066643,0.424685937293455,"CLR_more_sig"
0.3,"eld vs kin","1112",0.000100352074281866,7.75862538295245e-05,3.99847364619734,4.11021521707692,-3.34863277874654,-3.47728582664149,0.527337526689932,0.531888415862256,"TSS_more_sig"
0.4,"cent vs mage","4",3.85604818502875e-09,9.97642371856281e-09,8.41385754780828,8.00102511378715,2.30009451247055,1.84308300477148,0.182902074968821,0.182855329990831,"CLR_more_sig"
0.4,"cent vs mage","7",2.23842093082466e-11,2.35236548376447e-11,10.6500582418716,10.6284952016219,4.26164498610118,3.80117356697854,0.418256240398928,0.414638909011127,"CLR_more_sig"
0.4,"cent vs mage","8",0.000118784246961689,0.000234047272588813,3.92524115120032,3.63069641544887,2.36544826555316,1.92068693102587,0.314565552315393,0.313697730792706,"CLR_more_sig"
0.4,"cent vs mage","9",0.000393848264681774,0.000720423366483043,3.40467106371705,3.14241220955312,2.11426494960234,1.65868643525252,0.273058783915113,0.271209731500874,"CLR_more_sig"
0.4,"cent vs mage","10",0.0227384148394285,0.046851321871498,1.64323981451568,1.32927815134187,2.08970038100343,1.61801856019175,0.410842945823776,0.411407356093857,"CLR_more_sig"
0.4,"cent vs mage","11",7.77509862043595e-05,0.00019488744142192,4.10929409361437,3.71021614598699,2.32219632906788,1.86790069890625,0.297993068012816,0.298553695039965,"CLR_more_sig"
0.4,"cent vs mage","14",4.73946696106076e-09,1.16215207729102e-08,8.32427049986334,7.93473703717222,2.79094724162496,2.3422368708842,0.259355547345157,0.259388226662396,"CLR_more_sig"
0.4,"cent vs mage","16",0.0124632337653605,0.0297435323286622,1.90436925910226,1.52660745613182,1.66060124762062,1.21095628425262,0.229826847804497,0.229651467761593,"CLR_more_sig"
0.4,"cent vs mage","19",5.2533461436926e-05,8.50437650967322e-05,4.27956398253157,4.07035752077383,2.61366491955971,2.14198120480863,0.345061013245008,0.343631040869353,"CLR_more_sig"
0.4,"cent vs mage","20",1.37802347871971e-08,2.9865732770626e-08,7.86074338286994,7.5248268251548,2.77653430190778,2.32413686010625,0.269027650029788,0.268596987683977,"CLR_more_sig"
0.4,"cent vs mage","21",1.01249295920531e-10,4.57662428296456e-10,9.99460798815173,9.33945473942606,2.95821672316001,2.49614920517592,0.261929853151324,0.260873143347147,"CLR_more_sig"
0.4,"cent vs mage","22",0.0449412699883967,0.00468464729987818,1.3473546590829,2.32932310093046,-1.51561359642205,-1.96153855593064,0.322749742000864,0.321750714235261,"TSS_more_sig"
0.4,"cent vs mage","23",5.18872139295555e-05,0.000164729617778332,4.28493964800818,3.78322830926205,2.24117906937956,1.77556276906916,0.266747722580156,0.266885822338832,"CLR_more_sig"
0.4,"cent vs mage","24",3.00008292501377e-11,4.46451964241714e-10,10.522866740821,9.35022526194233,4.58667813186431,4.11310900141068,0.49250498787493,0.490123907201714,"CLR_more_sig"
0.4,"cent vs mage","26",3.89994199366576e-07,4.79509131513885e-07,6.40894185246535,6.31920311794414,3.18651324625078,2.7043326935925,0.370979983431814,0.371260070526133,"CLR_more_sig"
0.4,"cent vs mage","30",0.00593615926397729,0.0131645283447557,2.22649445568411,1.88059469606717,1.78413058577721,1.32910082879612,0.238374917565346,0.238388799934123,"CLR_more_sig"
0.4,"cent vs mage","32",5.27299073156193e-06,1.42115545999448e-05,5.2779429920357,4.84735841206206,2.23833014008984,1.78802077974451,0.229142653825973,0.229408879432644,"CLR_more_sig"
0.4,"cent vs mage","36",0.000745518203761702,0.00116957219793645,3.12754174765467,2.93197296393811,1.82758171246891,1.37566074958925,0.202693284812175,0.203395774101173,"CLR_more_sig"
0.4,"cent vs mage","37",0.00833750123714989,0.0185986539732195,2.07896408863314,1.73051848552166,1.99233280201959,1.53997841300869,0.336028985814945,0.335348180681121,"CLR_more_sig"
0.4,"cent vs mage","39",3.00158697636473e-08,4.03167868978105e-08,7.52264906766444,7.39451408688383,3.68299676226781,3.21497588124063,0.41473252297485,0.415668752327469,"CLR_more_sig"
0.4,"cent vs mage","42",5.3318775890037e-08,1.36985675592596e-07,7.27311982981903,6.86332484405777,3.53846102023876,3.0837684339289,0.412715563755559,0.411443354213949,"CLR_more_sig"
0.4,"cent vs mage","44",0.00919031175149297,0.0218508719578997,2.0366697563335,1.66053122784924,1.8983310828511,1.43888332802113,0.300295387708677,0.299930690269074,"CLR_more_sig"
0.4,"cent vs mage","47",0.00212417391058512,0.0462330795542339,2.6728099295324,1.33504717753603,2.70854234424522,2.1302951967059,0.489103733287442,0.498121705808651,"CLR_more_sig"
0.4,"cent vs mage","51",0.0463468061112364,0.00514301406491872,1.33398018894254,2.2887822879853,-1.68714920210175,-2.12489952428758,0.386570826734646,0.381466462044013,"TSS_more_sig"
0.4,"cent vs mage","52",0.0159885259384615,0.0394646236760366,1.79619157417132,1.40379203415343,1.86889748546633,1.39951139754253,0.306309877344654,0.304718061401367,"CLR_more_sig"
0.4,"cent vs mage","55",0.000121302944015608,0.000469560493578036,3.91612865870294,3.32830844954325,2.57197673553359,2.11460764489525,0.355974697224756,0.357205219161761,"CLR_more_sig"
0.4,"cent vs mage","56",1.49729770447091e-06,1.17961317233936e-06,5.82469184123695,5.92826038647429,3.11347280700079,2.6423702408356,0.371429787653006,0.374318171502247,"TSS_more_sig"
0.4,"cent vs mage","57",0.0433231094333926,0.00213591913875328,1.36328038027152,2.67041519277549,-1.86123052244528,-2.36199798363499,0.446983030401034,0.461822649717259,"TSS_more_sig"
0.4,"cent vs mage","61",0.00187264823292793,0.004846021796395,2.72754379488637,2.31461463682815,1.9680196181023,1.53034058893663,0.28322552786238,0.281603963733169,"CLR_more_sig"
0.4,"cent vs mage","69",4.27244216371385e-05,9.80992210321703e-05,4.36932380763588,4.00833444117024,2.78304713444599,2.36641394045133,0.388384483287387,0.385748520461362,"CLR_more_sig"
0.4,"cent vs mage","90",3.58899939357878e-05,1.32221900451797e-05,4.44502661504804,4.87869660492882,2.49308505309306,1.99881211490105,0.284888283794569,0.279782454871204,"TSS_more_sig"
0.4,"cent vs mage","92",0.000349310667397193,0.000613266343256519,3.4567881514909,3.21235086922586,2.02470081154504,1.57307661982216,0.239065025181495,0.240758689118636,"CLR_more_sig"
0.4,"cent vs mage","95",0.00275657544409811,0.00999051300930297,2.55963011691331,2.00041221033367,2.18801931042153,1.72249924551281,0.374962737858032,0.371074880225729,"CLR_more_sig"
0.4,"cent vs mage","100",0.0158074572673996,0.00257551927045401,1.8011379835497,2.58913519630931,-2.57601449945575,-3.00405970354301,0.576686603132942,0.570635957742282,"TSS_more_sig"
0.4,"cent vs mage","106",7.13237042250518e-06,2.47669241682375e-05,5.14676610965366,4.60612792557834,2.87598592288201,2.38188340952433,0.340505754032296,0.334032793589207,"CLR_more_sig"
0.4,"cent vs mage","114",8.73352916508082e-07,1.72293820858519e-08,6.05881022511437,7.76373029779962,-3.53980961625901,-4.0628457311206,0.486545741052361,0.486192959267603,"TSS_more_sig"
0.4,"cent vs mage","119",0.00107468478576908,0.00252333119624381,2.96871889935349,2.59802574303726,1.95589284960726,1.52109723056284,0.238930184744714,0.237731430399725,"CLR_more_sig"
0.4,"cent vs mage","132",7.9701977783823e-10,9.40294485792433e-13,9.0985309015657,12.026736110735,-4.31199972518586,-4.70671963934223,0.490820116014089,0.484869834875528,"TSS_more_sig"
0.4,"cent vs mage","142",8.2404251181828e-05,0.000132251223996949,4.08405038275452,3.87860029983976,3.65428182120033,3.37407094984494,0.546150259926761,0.535441446325857,"CLR_more_sig"
0.4,"cent vs mage","143",1.01567466007438e-07,2.01047207238717e-10,6.99324538256538,9.6967019553352,-3.74601893646859,-4.15716211074865,0.458209608398897,0.443839056417184,"TSS_more_sig"
0.4,"cent vs mage","148",0.00457507629401695,0.00084850503251974,2.33960165923813,3.07134557751947,-2.51558105690791,-2.99772945781501,0.497624172174413,0.507516230794101,"TSS_more_sig"
0.4,"cent vs mage","155",0.00459986830701144,0.00718879797747253,2.33725460187428,2.14334372093732,2.76417381093575,2.36609828394275,0.4592990622591,0.467690167201962,"CLR_more_sig"
0.4,"cent vs mage","168",4.26385408732129e-07,2.05614991437635e-05,6.37019766565021,4.68694522400902,3.61868924387264,3.15042202905838,0.449158011624031,0.453224685389658,"CLR_more_sig"
0.4,"cent vs mage","169",0.0057713970727246,0.000207308001485119,2.23871904515748,3.68338393508042,-2.26986209225897,-2.74940056271626,0.436471392392961,0.437488585152497,"TSS_more_sig"
0.4,"cent vs mage","210",1.88582099539212e-08,9.78531491946377e-13,7.72449953344543,12.0094251929406,-4.12624727124911,-4.55869401836506,0.458237741537307,0.450947841898867,"TSS_more_sig"
0.4,"cent vs mage","212",0.00132301629909605,0.00744627627088148,2.87843480542408,2.12806085467504,2.4562139500498,2.11301786498477,0.368473161503318,0.378673217489607,"CLR_more_sig"
0.4,"cent vs mage","219",8.63995078768595e-07,1.10430928175013e-09,6.06348873121292,8.95690927756117,-3.75453540588786,-4.24292282813548,0.462974345636609,0.464649749060472,"TSS_more_sig"
0.4,"cent vs mage","289",0.00728926430538142,0.00025280851430057,2.13731630216713,3.59720830360371,-2.39127898454493,-2.85126368514648,0.490286586930027,0.493711925551945,"TSS_more_sig"
0.4,"cent vs mage","294",0.00107306358866004,1.82337476838882e-05,2.96937454142091,4.7391240592026,2.91352037299369,2.5624482338656,0.391156898905922,0.382398782319275,"TSS_more_sig"
0.4,"cent vs mage","353",1.11995956116815e-05,3.89515020085047e-07,4.95079765829284,6.40947579084307,-3.16136539947657,-3.58967213404575,0.448908583800582,0.443708905382554,"TSS_more_sig"
0.4,"cent vs mage","546",0.0319567232963461,0.00174517305291795,1.49543775774572,2.75816150154093,-2.07210673291424,-2.42560057699707,0.457264956239194,0.42957271956499,"TSS_more_sig"
0.4,"cent vs mage","652",6.46133350269684e-05,0.000108775581783373,4.18967784220655,3.96346858521628,2.43679930389668,2.01637199626588,0.310009542004162,0.308687415240808,"CLR_more_sig"
0.4,"cent vs mage","671",0.000134028735571714,8.84197492600089e-05,3.87280207952833,4.05345072099709,2.6819992367545,2.18963834720293,0.365882644595338,0.359998361093858,"TSS_more_sig"
0.4,"cent vs mage","675",0.000665676876132764,9.08667125318539e-05,3.17673652903656,4.04159518400979,-2.7367717600488,-3.22767111968979,0.469087984484288,0.467136284573144,"TSS_more_sig"
0.4,"cent vs mage","728",1.08892721922641e-05,4.52088584296512e-05,4.96300114627236,4.34477645921128,2.64464833482422,2.17879168942039,0.309469707353446,0.303268916387288,"CLR_more_sig"
0.4,"cent vs mage","762",0.000328544817743769,0.000124625543233844,3.48340537870337,3.90439293561753,2.62808495461651,2.20086894021702,0.38381278605063,0.383269759781701,"TSS_more_sig"
0.4,"cent vs mage","769",0.0383146025478875,0.00537096971623521,1.41663567518767,2.26994729635081,-2.03953415153206,-2.41958339290809,0.469496278802415,0.459101645955133,"TSS_more_sig"
0.4,"cent vs mage","770",0.00277497608626402,0.000398904680565105,2.55674075511728,3.39913086784741,-1.96301213593176,-2.43313202446959,0.354469230781758,0.351021518048541,"TSS_more_sig"
0.4,"cent vs mage","788",0.00587639367938807,0.0144684573540584,2.23088911705831,1.83957777146112,2.72194860164497,2.24510558390356,0.539874288994597,0.543092286677857,"CLR_more_sig"
0.4,"cent vs mage","814",0.0133648103297318,0.0406510430322925,1.87403720026961,1.39092830671548,2.25550575437507,1.94897277237309,0.471873484715854,0.459769416540531,"CLR_more_sig"
0.4,"cent vs mage","829",0.000166299411335028,0.000485941145518848,3.77910928808897,3.31341632687802,2.65412042127615,2.24876068917049,0.393664750158323,0.397488324245221,"CLR_more_sig"
0.4,"cent vs mage","834",0.00444467474859491,0.00401703883500193,2.35216001423453,2.39609396967597,2.34637004569227,1.8686976602069,0.398433130031921,0.39408313368215,"TSS_more_sig"
0.4,"cent vs mage","848",9.2773218507915e-05,0.00107562968221948,4.0325773765061,2.96833722183897,2.46831295551469,1.99158550637746,0.336086203751763,0.337808643461153,"CLR_more_sig"
0.4,"cent vs mage","849",0.0455746161518549,0.00659893385898457,1.34127698046417,2.18052622454316,-1.76866638109444,-2.22294585017978,0.420805781204592,0.419490809177263,"TSS_more_sig"
0.4,"cent vs mage","854",0.000107032423791562,0.000133998905992177,3.97048463969178,3.87289874733296,3.38107646855301,2.96353611718381,0.475113741279348,0.473526528046606,"CLR_more_sig"
0.4,"cent vs mage","857",5.08562907938907e-05,0.000310928071436157,4.29365531829498,3.50734006689385,2.63481549638675,2.16392797544154,0.33690327589777,0.338538250140621,"CLR_more_sig"
0.4,"cent vs mage","886",0.000132102228365546,0.00121325569537556,3.87908985643015,2.91604766130312,3.38431512677267,2.92485814072823,0.520568471297276,0.524093982938649,"CLR_more_sig"
0.4,"cent vs mage","917",0.0299122540385806,0.00131773907811154,1.52415085946505,2.88017057468466,-2.21083316159352,-2.80185410513819,0.491750513483079,0.502619056853492,"TSS_more_sig"
0.4,"cent vs mage","921",1.13297351648362e-07,1.22658794259111e-09,6.9457802417513,8.9113013087598,-3.77846440484524,-4.2357557785887,0.475455278939853,0.485502063237819,"TSS_more_sig"
0.4,"cent vs mage","944",0.0212285113436402,0.0355091653149349,1.67308045981,1.44965953618552,1.78065605382336,1.34144272012106,0.282184783207272,0.28381048086777,"CLR_more_sig"
0.4,"cent vs mage","947",0.00107232890044425,0.00395926060668946,2.96967198913934,2.40238591114948,2.70875881862383,2.14614367792232,0.408094606762125,0.414336648275976,"CLR_more_sig"
0.4,"cent vs mage","966",0.0400962398873733,0.00456341943556924,1.39689635238559,2.34070961227453,-2.26191442419347,-2.65111735254805,0.532632103579644,0.529044226267938,"TSS_more_sig"
0.4,"cent vs mage","978",4.09386640801584e-05,4.64213347345138e-05,4.38786633343907,4.3332823766009,3.39812242960907,2.96004471170126,0.445398847824815,0.456730912859368,"CLR_more_sig"
0.4,"cent vs mage","984",0.00100588335678367,0.00150830728266291,2.99745237757257,2.82151017201388,2.82793105847137,2.39593759007415,0.416448939659873,0.40503726630843,"CLR_more_sig"
0.4,"cent vs mage","989",0.00017260742033639,0.00126557819901906,3.76294053804215,2.89771101498362,2.61525541914633,2.04336013066433,0.372293921822454,0.383725379050262,"CLR_more_sig"
0.4,"cent vs mage","1004",0.0399948637500954,0.0314104045805165,1.39799577837748,1.50292646965198,-2.25831310158408,-2.69949709176887,0.46646128788879,0.457105827261454,"TSS_more_sig"
0.4,"cent vs mage","1017",0.00085840864894807,0.00482356489467215,3.06630591525984,2.3166318742438,2.3865348441262,1.95932839753812,0.39149728134806,0.394672554401112,"CLR_more_sig"
0.4,"cent vs mage","1019",0.000357711273211011,4.0226682241161e-06,3.44646737291732,5.39548578507164,-2.47805825104174,-2.97879033531334,0.385493826217811,0.389565664104791,"TSS_more_sig"
0.4,"cent vs mage","1030",0.000867363496058905,0.00313164952442246,3.06179885956077,2.5042268475484,2.56943831638132,2.13322784821483,0.413987899043614,0.407562736467253,"CLR_more_sig"
0.4,"cent vs mage","1043",2.56843837215899e-06,1.46548652864854e-05,5.59033085039998,4.83401816941967,2.87466663043451,2.45858371949215,0.325769937911218,0.329790625477474,"CLR_more_sig"
0.4,"cent vs mage","1058",0.00184196114353752,0.000272762943571636,2.73471953555352,3.56421463143308,-2.56129324238692,-3.01553639927464,0.458030485448068,0.456919813100411,"TSS_more_sig"
0.4,"cent vs mage","1074",1.19784486764062e-08,1.36064279554169e-07,7.92159942359127,6.86625587353765,3.42529240044199,2.99479562440299,0.379716292309877,0.369866435638781,"CLR_more_sig"
0.4,"cent vs mage","1076",0.000703802304438836,0.00603025745927853,3.15254931550107,2.21966414544575,2.69527812832725,2.16392819857399,0.426081144982953,0.428844856402625,"CLR_more_sig"
0.4,"cent vs mage","1079",0.028886333090461,0.00321841368764191,1.53930758517738,2.49235813341507,-1.87962349475989,-2.35792939373789,0.410972229950271,0.418436069817777,"TSS_more_sig"
0.4,"cent vs mage","1087",3.23289362293532e-07,9.10316250787303e-07,6.49040858543863,6.04080770425963,3.93975539741725,3.51004061577682,0.501764305008795,0.492235999165585,"CLR_more_sig"
0.4,"cent vs mage","1089",0.0154568429861447,0.034118121468038,1.81087920470657,1.46701488895014,1.74776295933659,1.29525484817384,0.261979299435106,0.2627331221776,"CLR_more_sig"
0.4,"cent vs mage","1091",0.000218795762116556,0.000849434935396151,3.65996109416319,3.07086988139836,2.83966964417269,2.46587071173401,0.484811183270806,0.467596868119023,"CLR_more_sig"
0.4,"cent vs mage","1098",6.48884070742435e-12,1.36018772832742e-11,11.1878328870734,10.8664011476958,4.62403385868749,4.19505034083636,0.441891033238781,0.442559257575871,"CLR_more_sig"
0.4,"cent vs mage","1104",0.0102471806056753,0.00168527045953405,1.98939560932319,2.77333039173179,-2.13223955979355,-2.66760353210604,0.430752746764718,0.44722943699718,"TSS_more_sig"
0.4,"eld vs kin","3",2.51899195946592e-12,1.42613698628224e-11,11.5987732187524,10.8458387567218,-4.40988819466185,-4.70560056494038,0.446158540820861,0.44677777081368,"CLR_more_sig"
0.4,"eld vs kin","4",2.15475773582206e-13,5.2534376300889e-09,12.6666015514476,8.27955641941083,2.8060985646793,2.52154591336921,0.220502935218748,0.220113160895879,"CLR_more_sig"
0.4,"eld vs kin","5",6.16610402019901e-05,0.000344570050164682,4.20998915313896,3.46272247388009,-2.46483073074655,-2.75307126945905,0.383840118713879,0.383526091439784,"CLR_more_sig"
0.4,"eld vs kin","7",7.20801891636545e-32,2.05082319354524e-26,31.1421840822867,25.6880717796012,7.85274121703239,7.58781010929718,0.45650886211892,0.463636243655903,"CLR_more_sig"
0.4,"eld vs kin","8",0.000768278653733111,0.0231583015970635,3.1144812333155,1.6352932944295,2.31933490924867,2.01778679953347,0.393065407003657,0.392913536224485,"CLR_more_sig"
0.4,"eld vs kin","10",0.00137274854880576,0.00440052965571744,2.86240900673057,2.35649504789753,-2.41611048331709,-2.69523208149075,0.473283849198785,0.473653618685049,"CLR_more_sig"
0.4,"eld vs kin","11",1.38748480707324e-10,4.40632482806056e-08,9.85777176369385,7.35592349042757,3.50340180518204,3.22023518608723,0.349916889765511,0.349096772727501,"CLR_more_sig"
0.4,"eld vs kin","12",0.0219096070333268,0.0366073225457312,1.65936541179522,1.43643203419241,-1.66602682373556,-1.94385798565727,0.369776609297745,0.369690943273796,"CLR_more_sig"
0.4,"eld vs kin","14",3.78319010284076e-12,1.0174949446858e-08,11.4221418351438,7.99246773984281,3.13963079388555,2.84741933906352,0.276753882025857,0.275618808151946,"CLR_more_sig"
0.4,"eld vs kin","15",9.9517237036801e-07,8.81852847730983e-05,6.00210169009225,4.05460387830374,3.22909080903628,2.95771127924328,0.425774046074935,0.429420793160796,"CLR_more_sig"
0.4,"eld vs kin","16",1.37793196995349e-14,1.53448534695406e-10,13.8607722235047,9.81403725435981,3.29917577041062,3.01539219536127,0.267036049390353,0.266595141211853,"CLR_more_sig"
0.4,"eld vs kin","21",5.06616496987143e-23,3.05664459990217e-18,22.2953206723547,17.5147550543305,4.37634946200288,4.10056961440695,0.294450483571601,0.294565583039051,"CLR_more_sig"
0.4,"eld vs kin","23",8.20540048626634e-07,0.000129463065413752,6.08590021720309,3.88785411401424,2.68977180110266,2.40968908524688,0.310442700005607,0.311086144518787,"CLR_more_sig"
0.4,"eld vs kin","25",3.47213148961044e-07,1.58579541734725e-05,6.45940383645322,4.79975284151282,3.31659752814462,3.04328256722899,0.420475870871062,0.422201618243251,"CLR_more_sig"
0.4,"eld vs kin","26",6.39899600208255e-06,0.000511438184313896,5.19388816116612,3.29120685038527,2.72141146419597,2.45248819816752,0.36388429796573,0.36447077242302,"CLR_more_sig"
0.4,"eld vs kin","29",2.43125311730034e-08,3.52892460512864e-05,7.61416982448684,4.45235762016833,2.72832765563652,2.43812121132663,0.291396946171622,0.292215548958972,"CLR_more_sig"
0.4,"eld vs kin","31",4.3510155624201e-07,5.06437015318144e-06,6.36140936334918,5.29547455938698,3.92595715608265,3.58790138638801,0.536404802143804,0.536080065672941,"CLR_more_sig"
0.4,"eld vs kin","32",0.000331092844488007,0.0263561607436054,3.48005020503154,1.57911785239753,2.0496393278518,1.75745316175949,0.292662136689519,0.291335846103622,"CLR_more_sig"
0.4,"eld vs kin","33",2.60719399531437e-05,0.000139491831818216,4.5838266527749,3.85545122249888,-2.89270230908199,-3.18694396948356,0.459451824464637,0.46377053205156,"CLR_more_sig"
0.4,"eld vs kin","36",5.3504414353117e-07,0.000292302826844385,6.2716103852664,3.53416698458447,2.39712027217196,2.11539631981433,0.2620901334313,0.262192236189464,"CLR_more_sig"
0.4,"eld vs kin","47",4.00973696060031e-05,0.000839823345232898,4.39688411623436,3.07581205710352,3.14147997239281,2.89264886065537,0.523345925036931,0.533994569260004,"CLR_more_sig"
0.4,"eld vs kin","49",0.000303004493250177,0.0157218676407572,3.51855093130202,1.80349586428284,2.26799973304565,2.00044270375156,0.365409487448097,0.370608722208488,"CLR_more_sig"
0.4,"eld vs kin","55",2.09681118613775e-05,0.00045819017826599,4.67844067516669,3.3389542245543,2.78620721793814,2.55923607145414,0.413261426509816,0.421710821083448,"CLR_more_sig"
0.4,"eld vs kin","57",0.0112965453802529,0.0162534430126297,1.94705434870049,1.78905462711587,-2.09829633948213,-2.33268944154277,0.470334724528085,0.486998803921952,"CLR_more_sig"
0.4,"eld vs kin","58",0.00120677209699506,0.031133145244002,2.91837474014535,1.50677700224991,2.13433814149226,1.85627890213488,0.370709537281705,0.373719065465028,"CLR_more_sig"
0.4,"eld vs kin","61",3.88463380902526e-05,0.0025367243590397,4.41064991437021,2.59572672073713,2.51944558079937,2.23433854373262,0.364861421103083,0.364699997753627,"CLR_more_sig"
0.4,"eld vs kin","65",0.000122260494397355,0.002795739397635,3.91271385234135,2.55350331341413,-2.31390781305444,-2.64671524146665,0.36766667932413,0.364738962152962,"CLR_more_sig"
0.4,"eld vs kin","67",1.19194824149682e-10,2.79242530718908e-10,9.92374260275045,9.55401843472425,-4.99101966850905,-5.35297156858474,0.557927086224222,0.565353243222448,"CLR_more_sig"
0.4,"eld vs kin","70",0.000537124226695777,0.0123749198916522,3.26992525856659,1.90745760376619,2.83203750749793,2.5745109161994,0.502750585964169,0.509305678067161,"CLR_more_sig"
0.4,"eld vs kin","71",0.000249298505760334,0.00998512666573886,3.60328032455273,2.00064642154115,3.0000953165078,2.74383662762856,0.530980864412823,0.534611764288157,"CLR_more_sig"
0.4,"eld vs kin","74",1.83624590535464e-08,1.23175280348805e-05,7.73606915963402,4.90947644059111,4.07665033562826,3.79337035356929,0.500382510354872,0.505870726333429,"CLR_more_sig"
0.4,"eld vs kin","77",2.70592535687898e-05,0.0018292848631112,4.56768418761374,2.73771865928895,2.63864227038946,2.34731024155108,0.363874460902989,0.361753477965661,"CLR_more_sig"
0.4,"eld vs kin","79",1.78691327569802e-06,3.77594951299409e-06,5.7478965246067,5.42297382114692,-3.40395790511398,-3.77675082455314,0.485996576180138,0.49476637815729,"CLR_more_sig"
0.4,"eld vs kin","80",1.4381377422784e-06,0.000346773548609879,5.84219951600697,3.45995403729412,2.79717955074571,2.45869003445525,0.354820325627857,0.34272589858328,"CLR_more_sig"
0.4,"eld vs kin","82",0.000208827842154374,0.000313318569567302,3.68021159911851,3.50401386486416,-3.56786689135269,-3.81073647558386,0.611735857031765,0.592927719404244,"CLR_more_sig"
0.4,"eld vs kin","83",5.36041190959942e-05,0.000445912296516572,4.27080183657725,3.35075055134256,-3.12029796716358,-3.2970827821429,0.520643010588139,0.518936648743513,"CLR_more_sig"
0.4,"eld vs kin","84",1.50221842359963e-06,0.000172871289102214,5.82326691602204,3.76227712945518,-3.44500782205187,-3.73976898112303,0.484312119977263,0.490249739415902,"CLR_more_sig"
0.4,"eld vs kin","85",0.0333038554979251,0.046587360236001,1.47750548647721,1.33173189713748,-1.97355230846661,-2.21176715296352,0.492158991950737,0.482655609397132,"CLR_more_sig"
0.4,"eld vs kin","87",0.00361096104705959,0.00329600961094843,2.44237719646332,2.48201153059877,-2.47856869458273,-2.78612187779404,0.520835925526241,0.527123182722015,"TSS_more_sig"
0.4,"eld vs kin","89",1.60602282585003e-16,4.11982709314473e-14,15.7942482865354,13.3851210106826,5.21907430673237,4.84720598690263,0.437944744826613,0.434443249197393,"CLR_more_sig"
0.4,"eld vs kin","91",1.93282650537845e-06,3.52064011885447e-06,5.71380712741913,5.45337836640485,-4.04372526044071,-4.16919432926797,0.58526794780735,0.574967882035186,"CLR_more_sig"
0.4,"eld vs kin","100",0.000112299991977247,0.000178591733989658,3.9496202747647,3.74813864603961,-3.3067441629054,-3.68820700855685,0.566214145766315,0.567765023642573,"CLR_more_sig"
0.4,"eld vs kin","102",0.00675688593407306,0.00953062728579194,2.17025341252697,2.02087851407389,-2.51284548515591,-2.80171625053604,0.534448015976395,0.542797416467882,"CLR_more_sig"
0.4,"eld vs kin","103",0.000954278819856378,0.0140641388125696,3.020324715198,1.85188685577745,2.57171124224788,2.31921610469762,0.450717032794327,0.466261940095646,"CLR_more_sig"
0.4,"eld vs kin","110",0.0320016507017778,0.0354443852045265,1.49482761942435,1.45045255223894,-2.06893633946984,-2.27227655291871,0.523979378789643,0.527284854897525,"CLR_more_sig"
0.4,"eld vs kin","111",3.09030805396266e-05,4.95377718965159e-05,4.50999822624904,4.30506353095183,-2.88543889272324,-3.16412455773723,0.448495819044254,0.462828584795487,"CLR_more_sig"
0.4,"eld vs kin","115",0.0260151255808865,0.0102755110531991,1.58477407332534,1.98819656925092,-2.303670219609,-2.61313985526812,0.561101609240357,0.558912176895107,"TSS_more_sig"
0.4,"eld vs kin","118",0.0110536394858407,0.0381021639379572,1.95649470402629,1.41905035871738,-1.81732836015151,-2.08479098621297,0.381557646266593,0.393428546818909,"CLR_more_sig"
0.4,"eld vs kin","119",4.08676789552799e-07,5.22210351431198e-05,6.38862002697004,4.28215452369482,2.75925323460155,2.45175741873568,0.313625416175527,0.314141508140467,"CLR_more_sig"
0.4,"eld vs kin","121",1.52838662150679e-12,5.10953944109918e-10,11.8157667724958,9.29161824413211,4.95207770336506,4.64277609150701,0.50330448369167,0.495507361410481,"CLR_more_sig"
0.4,"eld vs kin","124",1.55316577145683e-05,0.0149007188000611,4.80878218896762,1.82679278102594,2.90250279630935,2.57667607300396,0.428811467867491,0.431440599591179,"CLR_more_sig"
0.4,"eld vs kin","125",0.000176128658251578,0.00274802211987399,3.75416997334618,2.56097977579715,3.30034256609522,3.04689697879072,0.537357298666823,0.5403845391189,"CLR_more_sig"
0.4,"eld vs kin","128",0.0131120008419393,0.0371285253435652,1.88233103155092,1.43029229957186,-2.36352564973479,-2.68249584778358,0.577107693755462,0.590755743893102,"CLR_more_sig"
0.4,"eld vs kin","130",0.00708773452653515,0.00061318849429146,2.1494925574613,3.21240600272929,-2.8388022387676,-3.18176426431372,0.581856339351308,0.588023733060017,"TSS_more_sig"
0.4,"eld vs kin","133",0.0161374850184574,0.0433231148051127,1.79216414791092,1.36328032642247,-2.15288248249453,-2.40511951509452,0.496158387595312,0.491209619399719,"CLR_more_sig"
0.4,"eld vs kin","138",4.93468700744068e-12,1.50088841270539e-08,11.3067403881316,7.82365159526357,4.2068161188497,3.9739357349162,0.438721070729121,0.439039005569337,"CLR_more_sig"
0.4,"eld vs kin","139",6.42771038972998e-06,2.59953098264096e-05,5.19194369926645,4.5851050020389,-3.54854578125949,-3.86180187853335,0.53646735939982,0.542115621064224,"CLR_more_sig"
0.4,"eld vs kin","142",0.0128162567602427,0.0436728213412786,1.8922388005389,1.35978875098294,2.35068520747546,2.18337050716996,0.531320340471346,0.549005203265805,"CLR_more_sig"
0.4,"eld vs kin","147",0.014344729393789,0.0401676414106481,1.84330764009088,1.39612366870182,-2.44953079461853,-2.69996852557682,0.570486973087138,0.566488381449181,"CLR_more_sig"
0.4,"eld vs kin","151",1.10052213557804e-16,4.5736980600408e-14,15.9584012177515,13.3397325094246,5.7485812563727,5.47522634810184,0.485334509827256,0.485891866719753,"CLR_more_sig"
0.4,"eld vs kin","162",0.0222947037910567,0.0229678706009843,1.65179829334192,1.63887926728257,-2.53050354316444,-2.66330931087113,0.594404653666542,0.59831898852632,"CLR_more_sig"
0.4,"eld vs kin","163",0.0244801264517692,0.0137949388879724,1.61118634317828,1.8602802191192,-2.50333137168878,-2.75879826812007,0.579907566674585,0.569368689768919,"TSS_more_sig"
0.4,"eld vs kin","164",3.86649633341542e-07,2.68678759944927e-05,6.41268239732563,4.57076666480359,3.54024185566252,3.28086544818965,0.463065813755439,0.456076090271224,"CLR_more_sig"
0.4,"eld vs kin","169",0.000159749241002945,9.28959978920938e-05,3.79656119657498,4.03200299570301,-3.09740466978841,-3.36901216033693,0.518636990671998,0.534838547870126,"TSS_more_sig"
0.4,"eld vs kin","172",0.00475716350742839,0.00157286748277489,2.32265192128274,2.80330786601242,-2.49329369853851,-2.72113538782316,0.45947760181727,0.451807451142449,"TSS_more_sig"
0.4,"eld vs kin","181",0.00578682194379679,0.0142207875696052,2.23755988034877,1.84707635102804,-2.28916521517004,-2.43046535914248,0.491989132805564,0.496594940042281,"CLR_more_sig"
0.4,"eld vs kin","203",0.0394789575564512,0.0286267839638971,1.40363432341522,1.54322743944559,-1.89496768531016,-2.09781823127176,0.448494139802471,0.447754237178846,"TSS_more_sig"
0.4,"eld vs kin","206",0.0030626809125139,0.00788578838435007,2.5138982481014,2.10315488142741,3.15410175426261,2.84172125487477,0.540914931743581,0.534591230003678,"CLR_more_sig"
0.4,"eld vs kin","207",3.58694030371302e-06,1.05885001009313e-06,5.44527585108644,5.97516555490887,3.89867735376026,3.60527993235405,0.461856808749843,0.460219675269498,"TSS_more_sig"
0.4,"eld vs kin","222",2.72923958329153e-07,9.45108228677687e-05,6.56395833859379,4.02451845559007,3.57572707707926,3.37584521046985,0.502964107474837,0.50661496234949,"CLR_more_sig"
0.4,"eld vs kin","223",0.000891069028449025,0.00843222295392534,3.05008865116706,2.07405791892714,2.89909735586416,2.55588321183628,0.531384851048159,0.521572810641668,"CLR_more_sig"
0.4,"eld vs kin","246",0.000177857342129058,0.00134693502315192,3.74992820199735,2.87065335436403,3.21756061365468,2.94478696448016,0.473433344625239,0.471367014911494,"CLR_more_sig"
0.4,"eld vs kin","247",0.00453701726374189,0.0470612114716537,2.34322956820289,1.327336897205,2.62210648452296,2.30358356006604,0.510586743586628,0.506298120978742,"CLR_more_sig"
0.4,"eld vs kin","251",0.0330614916253956,0.00812357078937666,1.48067755638875,2.09025303070415,-2.46433810480089,-2.8295372719271,0.59760090265852,0.580036337516997,"TSS_more_sig"
0.4,"eld vs kin","252",0.0160329981334753,0.0209166133316961,1.79498525799056,1.67950863196641,-2.1116038569665,-2.42042853781386,0.479945910221739,0.486057773891931,"CLR_more_sig"
0.4,"eld vs kin","265",8.63200056622846e-05,0.00123239376068589,4.06388853983698,2.90925050907836,2.92196302080093,2.77523730952735,0.47429999069507,0.478574139178824,"CLR_more_sig"
0.4,"eld vs kin","267",0.00835883002875243,0.0243135204199558,2.07785450576851,1.6141521539387,-2.74249107803037,-3.14052056573295,0.606167568498494,0.617076710039793,"CLR_more_sig"
0.4,"eld vs kin","282",0.00617524571060878,0.000590059448928556,2.20934575731712,3.22910423066129,-2.58176904311085,-2.88974308038689,0.47912679173428,0.479396317810273,"TSS_more_sig"
0.4,"eld vs kin","294",0.000101027636725633,0.000286599167296834,3.99555980606275,3.54272507576322,2.85074755146802,2.72118525473923,0.442173770540074,0.449653257294532,"CLR_more_sig"
0.4,"eld vs kin","329",0.00222889512294238,0.0124168851070293,2.65191036606394,1.90598733737149,3.01302648061959,2.83200674180345,0.446136807166709,0.444589809857541,"CLR_more_sig"
0.4,"eld vs kin","344",2.72882594909731e-07,0.000229589953483471,6.56402416376476,3.63904711994197,3.2826545783022,3.09311477609007,0.405790841321135,0.430787546479176,"CLR_more_sig"
0.4,"eld vs kin","363",0.0181561538529043,0.0386898960684828,1.74097614575821,1.41240243690954,-1.940831805286,-2.16448998318775,0.476045758193616,0.474970957383864,"CLR_more_sig"
0.4,"eld vs kin","435",0.0128818531513654,0.0364592312245984,1.89002165595756,1.43819249307091,3.13065096965591,2.74725550168165,0.55456679131078,0.56047121904785,"CLR_more_sig"
0.4,"eld vs kin","473",0.0143144682818541,0.0153992570496184,1.8442247794304,1.81250023156837,-2.3935215235342,-2.59953536136858,0.538807779643733,0.543789519929742,"CLR_more_sig"
0.4,"eld vs kin","614",0.00442884675238158,0.00162231279770577,2.35370934697794,2.7898654058459,-2.5624743716008,-2.87607642917495,0.498890661242254,0.49914958243019,"TSS_more_sig"
0.4,"eld vs kin","616",0.00285768917482939,0.00232064725498849,2.54398501032372,2.63439086852921,-2.32110409796488,-2.60164402520552,0.442547841486576,0.437078426572871,"TSS_more_sig"
0.4,"eld vs kin","652",0.000584410629481589,0.0127866719282149,3.23328189355359,1.8932424775145,2.23477149515696,1.93825413307712,0.361129306379965,0.357272264298211,"CLR_more_sig"
0.4,"eld vs kin","666",6.83433396277365e-08,7.7333283094357e-09,7.1653038030254,8.11163355196476,-3.57476077731529,-3.80829920796379,0.427327764208556,0.417048354123061,"TSS_more_sig"
0.4,"eld vs kin","667",0.00161645799996205,0.0234557558988892,2.7914355750745,1.62975056666367,2.83154581067119,2.50911385305198,0.573732103514938,0.570616661480644,"CLR_more_sig"
0.4,"eld vs kin","670",0.00308750527889855,0.0376882639996914,2.51039229119153,1.42379386660235,2.40208882547684,2.07039011396222,0.426508221689932,0.430445477261525,"CLR_more_sig"
0.4,"eld vs kin","728",1.17954266781013e-13,1.04822446404777e-12,12.9282863446814,11.9795457087081,4.44085080504025,4.149094889352,0.377848216350185,0.381915915300191,"CLR_more_sig"
0.4,"eld vs kin","744",5.8802173758306e-05,0.000138577634470537,4.23060661892747,3.85830685637511,-3.32091798331506,-3.55140808478848,0.530724910241445,0.527037172106013,"CLR_more_sig"
0.4,"eld vs kin","770",0.00132536253190062,0.00304495698926046,2.87766531110935,2.51641883750032,-2.30608578609408,-2.55435245637512,0.429003532226972,0.431842944681735,"CLR_more_sig"
0.4,"eld vs kin","786",2.59490464057168e-05,1.30240735591501e-06,4.58587859728931,5.88525315957997,-3.49101175798825,-3.81525922368831,0.507874299153952,0.504157811541167,"TSS_more_sig"
0.4,"eld vs kin","809",0.00268389353676565,0.0491868880061087,2.57123471551953,1.30815065384905,1.93464015444905,1.71686290143174,0.366245465504031,0.371504097978508,"CLR_more_sig"
0.4,"eld vs kin","825",0.00600612327225014,0.0239835282864607,2.22140575839934,1.62008692621535,2.47833587749539,2.28377731728923,0.457360512386158,0.466535992664265,"CLR_more_sig"
0.4,"eld vs kin","849",0.000569873769446217,0.000535157095645482,3.24422133258036,3.27151871189068,-2.46677826256281,-2.74117915809668,0.435752280374352,0.433596415275765,"TSS_more_sig"
0.4,"eld vs kin","854",2.83015827015058e-07,8.1779814952628e-05,6.54818927686756,4.08735387648092,3.56860518709551,3.32984516364585,0.464936274572083,0.458437397295819,"CLR_more_sig"
0.4,"eld vs kin","857",0.0016960253948298,0.0488421024139222,2.77056764927749,1.31120565006882,2.17506235853651,1.81539677092777,0.413404101297459,0.40997389389153,"CLR_more_sig"
0.4,"eld vs kin","879",0.00208815306487234,0.00799495989687826,2.68023767004094,2.09718371035529,-2.27152002542899,-2.54589310938055,0.419889062351557,0.414972519447323,"CLR_more_sig"
0.4,"eld vs kin","886",4.00152650768613e-12,7.31582362937994e-10,11.397774301823,9.13573677308495,4.86822150417578,4.6051929618839,0.519398534706696,0.520610240363023,"CLR_more_sig"
0.4,"eld vs kin","888",8.17449002325396e-06,0.000168121665381249,5.0875393318781,3.77437631660674,3.11345920506326,2.82839093072499,0.445047117785654,0.441696725402689,"CLR_more_sig"
0.4,"eld vs kin","891",0.000813343285399984,0.000228507432514131,3.0897261143221,3.6410996693474,-3.05633351643101,-3.37153600030506,0.580973186421172,0.563150143183995,"TSS_more_sig"
0.4,"eld vs kin","895",0.00317106788856307,0.000715731037631823,2.49879446017641,3.14525014922457,-2.73220283355228,-3.0583633133286,0.503613974376432,0.512654561902227,"TSS_more_sig"
0.4,"eld vs kin","914",0.0286136051300525,0.0045643493395958,1.54342742043833,2.34062112357619,-2.56848406614163,-2.84053455013739,0.56488146035219,0.562899576444599,"TSS_more_sig"
0.4,"eld vs kin","922",0.000347594941259218,0.0410530777021293,3.45892655270437,1.38665427876506,2.57303219740156,2.2157720938541,0.471577680394532,0.474339595197243,"CLR_more_sig"
0.4,"eld vs kin","926",0.000603634297919309,0.0385722075776279,3.21922609200129,1.413725504734,2.44602251176786,2.17175461656159,0.441403560461007,0.426442104122835,"CLR_more_sig"
0.4,"eld vs kin","929",0.00407485900035607,0.0321003134352043,2.38988741426799,1.49349072701833,2.51468368879546,2.14599706644568,0.465896421611684,0.467373220810767,"CLR_more_sig"
0.4,"eld vs kin","935",0.0280939068569429,0.0233498824815641,1.55138786177993,1.63171530086818,-2.23866910095204,-2.44158734548856,0.544402854909883,0.538690300162957,"TSS_more_sig"
0.4,"eld vs kin","944",9.4669007737265e-06,0.00326080544149363,5.02379217486835,2.48667511294088,2.29412500967417,2.01225298813994,0.292954545238735,0.295696099880094,"CLR_more_sig"
0.4,"eld vs kin","947",4.24021890210981e-10,6.41914857739415e-10,9.37261172229303,9.19252257203411,4.4789967070192,4.16891641528309,0.426810122858097,0.440171320728759,"CLR_more_sig"
0.4,"eld vs kin","965",0.032514065240357,0.0104538522396331,1.48792872717939,1.98072364274654,-2.43537336219492,-2.7563258898787,0.598717039012396,0.60427321001517,"TSS_more_sig"
0.4,"eld vs kin","978",1.40932357677141e-25,1.82452832711294e-22,24.8509892826375,21.7388493895132,6.41053028635175,6.09061295588595,0.41301156596068,0.409167104416526,"CLR_more_sig"
0.4,"eld vs kin","984",1.30174679079277e-19,3.48145193045628e-15,18.8854734843208,14.4582395968927,5.24016701605765,4.96885758309907,0.420070942482094,0.417343631060106,"CLR_more_sig"
0.4,"eld vs kin","988",1.78868519662562e-06,0.0015515399646436,5.74746608726862,2.80923703335687,3.45529287667194,3.19208940896546,0.523764877469239,0.5251876526397,"CLR_more_sig"
0.4,"eld vs kin","991",2.38390177784197e-05,0.000247675937595406,4.62271164248046,3.60611618427872,-3.54254705518053,-3.76113780875523,0.570197035755741,0.573434936400221,"CLR_more_sig"
0.4,"eld vs kin","1014",1.93253956692229e-08,1.23164038427935e-06,7.7138716055493,5.90951607944557,-4.08314790449542,-4.28241050340863,0.516988798427456,0.525457828506707,"CLR_more_sig"
0.4,"eld vs kin","1019",0.00633859648875396,0.0361413991862404,2.19800689427399,1.44199503807557,2.32047042553086,2.04429090111633,0.42739688907293,0.429541077337727,"CLR_more_sig"
0.4,"eld vs kin","1020",3.94722437826203e-05,0.00632172349373219,4.40370818562086,2.19916450371512,2.67938178161616,2.38881972993473,0.418044781446308,0.419171605739873,"CLR_more_sig"
0.4,"eld vs kin","1021",8.45490772793511e-05,0.000241972380251381,4.0728911276839,3.6162342033955,-3.49669215807506,-3.77996865886069,0.549382809865665,0.55239124032871,"CLR_more_sig"
0.4,"eld vs kin","1027",0.00353775552024965,0.0172288233514202,2.45127218269682,1.76374438183432,2.73992477631115,2.52575292744848,0.515187537806901,0.507259647116789,"CLR_more_sig"
0.4,"eld vs kin","1030",1.9496295111451e-13,3.41099273782271e-07,12.7100479099464,6.46711920522669,4.40157864766801,4.15728185827252,0.424265744574765,0.428900138153308,"CLR_more_sig"
0.4,"eld vs kin","1043",9.4972953139534e-05,0.012579187237399,4.02240005760251,1.9003474184866,2.67388175911275,2.42451077028725,0.428459340938025,0.420208754843768,"CLR_more_sig"
0.4,"eld vs kin","1047",0.0334829989379379,0.0360619335865712,1.47517565092161,1.44295099077322,-1.39036185144076,-1.68036403693286,0.290231886407305,0.291002251105479,"CLR_more_sig"
0.4,"eld vs kin","1074",9.88186554304918e-17,1.29025296932599e-17,16.0051610596056,16.8893251327925,5.36720735547953,5.01543382063711,0.39875390517358,0.38284893450894,"TSS_more_sig"
0.4,"eld vs kin","1076",6.62074852081517e-16,4.97039327453732e-11,15.1790929078288,10.3036092470405,4.8360335318363,4.52188866930642,0.433710457651461,0.416698298282474,"CLR_more_sig"
0.4,"eld vs kin","1079",0.0140936488546571,0.0259630429476966,1.85097655321512,1.58564440825278,-2.04915859704583,-2.40138339788743,0.488989530870276,0.496552897698167,"CLR_more_sig"
0.4,"eld vs kin","1082",2.32036631540664e-05,0.000199867686438221,4.6344434477809,3.69925741466602,3.23662845486688,2.94623495407846,0.489109256833115,0.494040554145001,"CLR_more_sig"
0.4,"eld vs kin","1089",4.34572306230101e-13,4.91329565947904e-09,12.3619379531988,8.30862710123932,3.29177397437607,2.9986417568515,0.28858781606344,0.288292519257021,"CLR_more_sig"
0.4,"eld vs kin","1098",4.28676589176378e-30,4.81959860344905e-26,29.3678702334689,25.3169891301359,7.29470382246198,7.00256181396928,0.447673139375293,0.447957195517687,"CLR_more_sig"
0.4,"eld vs kin","1101",0.0359178758405845,0.040625019578655,1.44468935513365,1.39120641671092,-2.3595175252685,-2.53891192025757,0.590430882857269,0.585600382569299,"CLR_more_sig"
0.4,"eld vs kin","1104",0.00298571793022165,0.00153277754713498,2.52495122378266,2.81452086997404,-2.46025635370482,-2.81215978270559,0.465215581874602,0.477471726276812,"TSS_more_sig"
0.4,"eld vs kin","1105",8.91463987209322e-09,1.12927973716912e-08,8.04989619648434,7.9471984643987,-4.27001187243057,-4.51573583944047,0.505564562139393,0.507789122400271,"CLR_more_sig"
0.4,"eld vs kin","1108",2.51909093445719e-05,0.00139571035539363,4.59875615500281,2.85520469926711,2.81630806960709,2.53607123201722,0.432154480931426,0.43710181970511,"CLR_more_sig"
0.4,"eld vs kin","1112",5.7946276839181e-05,0.000142915574510574,4.23697446306784,3.84492044052022,-3.28200795148915,-3.5701246388206,0.540585001427591,0.543614100686775,"CLR_more_sig"
0.5,"cent vs mage","4",2.82331252001729e-07,8.37733082756595e-06,6.54924104597395,5.07689433357881,2.12115485346933,1.96186219498229,0.182963380542116,0.182925214205772,"CLR_more_sig"
0.5,"cent vs mage","7",1.96436342917e-10,1.81286765879874e-09,9.70677815978657,8.74163389869062,4.08066468901126,3.92842656177991,0.415535024657577,0.415891534523071,"CLR_more_sig"
0.5,"cent vs mage","8",0.00080400516052414,0.00323670523771212,3.09474116371428,2.48989684939691,2.19356293902039,2.02654459046516,0.314384606417704,0.314986999898128,"CLR_more_sig"
0.5,"cent vs mage","9",0.00223639928699403,0.00921347950596967,2.65045065487456,2.03557632584394,1.93202516919059,1.77806491486289,0.271647058090122,0.271761291294686,"CLR_more_sig"
0.5,"cent vs mage","11",0.00104721895112983,0.00355400547350528,2.97996250712132,2.44928190767554,2.13501889907296,1.98390939896119,0.296335425047542,0.29713482169422,"CLR_more_sig"
0.5,"cent vs mage","14",5.42456654685588e-08,8.63115286491597e-07,7.26563495864615,6.0639311916044,2.61395932377336,2.46197265721459,0.259587069250077,0.259442722063985,"CLR_more_sig"
0.5,"cent vs mage","19",0.000229634875528098,0.000748970911406759,3.6389621532985,3.12553504913745,2.41897213211687,2.27226567933486,0.344989244277639,0.345546899437193,"CLR_more_sig"
0.5,"cent vs mage","20",2.97572685877766e-07,5.23882267636837e-06,6.52640693507834,5.28076630129972,2.59646817921492,2.43828578954618,0.269365023795385,0.268917290757662,"CLR_more_sig"
0.5,"cent vs mage","21",9.51921883409858e-09,1.88305881579466e-07,8.02139868921637,6.72513611494024,2.77910610474076,2.61633862027412,0.260674473528598,0.260637899177036,"CLR_more_sig"
0.5,"cent vs mage","23",0.000900276812957842,0.00206689532336896,3.04562393516498,2.68468151739031,2.05801401516277,1.89476197246082,0.266139263871106,0.266711288502494,"CLR_more_sig"
0.5,"cent vs mage","24",1.04314127522748e-09,1.99891775485096e-09,8.98165687000415,8.69920507449079,4.43072169967493,4.22578202299664,0.491589378414476,0.49183263102671,"CLR_more_sig"
0.5,"cent vs mage","26",2.64162054121295e-06,5.51764354292273e-06,5.57812956699893,5.25824635973616,3.00897950262574,2.82361482927438,0.376027887241462,0.368852524778349,"CLR_more_sig"
0.5,"cent vs mage","28",0.0337214588419046,0.0387792488780807,1.47209364539711,1.41140060710012,2.13963558068346,2.01032429807209,0.457290102151613,0.455489223161724,"CLR_more_sig"
0.5,"cent vs mage","30",0.0283682925282688,0.0360218605998833,1.54716680336055,1.44343385877375,1.60050652736933,1.44543018533963,0.238704372575389,0.238839041463857,"CLR_more_sig"
0.5,"cent vs mage","32",9.69057160493728e-05,0.000819089407093953,4.01365060503917,3.08666869056157,2.05450897184732,1.89496104191225,0.228083181430169,0.228429226420583,"CLR_more_sig"
0.5,"cent vs mage","36",0.00962860201134282,0.0267350045697661,2.01643676405231,1.57291973733046,1.64448845333376,1.49445398781492,0.202938962128705,0.203111796986746,"CLR_more_sig"
0.5,"cent vs mage","37",0.0378183750293234,0.0430115306033317,1.42229713574903,1.36641510241793,1.80926400082613,1.65626318907445,0.336089999411472,0.335294399781912,"CLR_more_sig"
0.5,"cent vs mage","39",2.82234234033646e-07,2.28687708760345e-07,6.54939030897227,6.64075717671816,3.50689335906683,3.35316591197719,0.418095067288054,0.416706490424844,"TSS_more_sig"
0.5,"cent vs mage","42",4.03045228530388e-07,1.00839216611464e-05,6.39464621589606,4.99637053688135,3.35971215094233,3.20813749878623,0.409025025204998,0.414562976701019,"CLR_more_sig"
0.5,"cent vs mage","44",0.0323326066225088,0.041039229179601,1.49035928158892,1.38680080496714,1.72736932016025,1.56331687702029,0.299518519341757,0.299272143554142,"CLR_more_sig"
0.5,"cent vs mage","47",0.00936994711451778,0.0113170947283306,2.02826286033292,1.94626504888936,2.44355707749322,2.2607622678071,0.497411137924908,0.49534106132068,"CLR_more_sig"
0.5,"cent vs mage","51",0.0471985215095741,0.0293569353557484,1.32607160539749,1.53228928348199,-1.88160255901256,-2.01838593311062,0.389882556598931,0.388646532163344,"TSS_more_sig"
0.5,"cent vs mage","52",0.0483153394681025,0.0470928031168122,1.31591496472018,1.32704545816777,1.68139877323661,1.51737325754292,0.305290902745409,0.304524266976264,"TSS_more_sig"
0.5,"cent vs mage","55",0.00055158398286487,0.00140413039161927,3.25838835354477,2.85259256048875,2.39378637788878,2.2710193646758,0.352870624036353,0.358552909729061,"CLR_more_sig"
0.5,"cent vs mage","56",3.13347254485955e-06,0.000109707889080586,5.50397410618764,3.95976214124047,2.88010852442081,2.76105852868499,0.371756093540821,0.375417333009893,"CLR_more_sig"
0.5,"cent vs mage","61",0.0171618874655441,0.0287233105572852,1.7654349501241,1.54176550614624,1.79245746538077,1.64286321631352,0.28375032341667,0.282101707421386,"CLR_more_sig"
0.5,"cent vs mage","69",0.000231610641214492,0.000497174261121574,3.63524149108204,3.30349136301957,2.59086462290303,2.42872793662993,0.388167345780831,0.388204293754436,"CLR_more_sig"
0.5,"cent vs mage","90",9.669513991113e-05,0.000251629291402392,4.01459535386758,3.59923880538104,2.2469909486559,2.13263345874855,0.279105005867221,0.282830500928394,"CLR_more_sig"
0.5,"cent vs mage","92",0.00224104366455453,0.008711537167171,2.64954968157723,2.0599052061498,1.85242433232229,1.68827549076899,0.239599770656093,0.241081274242609,"CLR_more_sig"
0.5,"cent vs mage","95",0.0152210769225082,0.0276238368424584,1.81755461925027,1.55871599976971,1.98811477885731,1.83635558765689,0.372181859043583,0.370429806326456,"CLR_more_sig"
0.5,"cent vs mage","100",0.0159854845699465,0.00563983640455651,1.79627419437107,2.24873349346858,-2.8536277756197,-2.93657244633585,0.575821738033309,0.566296258141314,"TSS_more_sig"
0.5,"cent vs mage","106",8.97136431886471e-06,0.000101158483528888,5.04714150666619,3.99499768980581,2.66624323224298,2.53657520552822,0.337116555986224,0.341386176805998,"CLR_more_sig"
0.5,"cent vs mage","114",6.34397786125783e-07,1.59605122856062e-07,6.1976383412564,6.7969531731832,-3.72925179625046,-3.95514045082999,0.485645261397341,0.499756022122636,"TSS_more_sig"
0.5,"cent vs mage","119",0.00243521198055456,0.0268466912173063,2.61346322829818,1.57110923229643,1.78532534409426,1.60817484744826,0.24003402576662,0.236783282566452,"CLR_more_sig"
0.5,"cent vs mage","132",2.90970182207732e-09,4.8095358922325e-10,8.53615151399054,9.31789682989792,-4.49846902466352,-4.69002270381325,0.50675384441333,0.496559712675859,"TSS_more_sig"
0.5,"cent vs mage","142",6.81577778801012e-06,0.000169000543620955,5.16648457713428,3.77211189839697,3.5950369325658,3.43603641840028,0.536826387147826,0.529260079629926,"CLR_more_sig"
0.5,"cent vs mage","143",4.98950856684296e-08,4.75175427659614e-10,7.3019422273663,9.32314602574521,-3.91405225606082,-4.17136761791345,0.452379747372109,0.461721000193323,"TSS_more_sig"
0.5,"cent vs mage","146",0.0266642464535102,0.0119902225002608,1.57407068521218,1.92117275770692,-2.11562502114497,-2.23478590513072,0.439918338674382,0.427658434840948,"TSS_more_sig"
0.5,"cent vs mage","148",0.00915647455453813,0.00489017608939504,2.03827170714248,2.31067550216969,-2.8113359551892,-2.8696981552901,0.507032512832704,0.50677567169944,"TSS_more_sig"
0.5,"cent vs mage","155",0.00363946772307885,0.0233098357054541,2.43896212784352,1.63246078750328,2.58683880443878,2.42888032550224,0.462680446264815,0.473299433776031,"CLR_more_sig"
0.5,"cent vs mage","168",7.2611373622524e-06,0.00189332224121723,5.13899534741799,2.72277546333554,3.41987086808995,3.17725791277165,0.454115882258689,0.460467399779426,"CLR_more_sig"
0.5,"cent vs mage","169",0.00563886216909311,0.0026831295413847,2.24880852075725,2.57135835910203,-2.42155662861487,-2.56513132043196,0.436594161833348,0.434504389974149,"TSS_more_sig"
0.5,"cent vs mage","184",0.0416691665292956,0.0455773965497107,1.38018518625613,1.34125048600923,2.39780092518104,2.23320302021082,0.535358609406179,0.558619268589278,"CLR_more_sig"
0.5,"cent vs mage","191",0.0482310709612393,0.0307886897130234,1.31667309454935,1.51160879315306,-2.03227958246549,-2.14753804797938,0.456918982070879,0.455383373391915,"TSS_more_sig"
0.5,"cent vs mage","210",1.20695316611445e-09,5.51587975333414e-10,8.91830958167786,9.25838521005106,-4.34866893758613,-4.49290497995838,0.471437841714984,0.462427030658009,"TSS_more_sig"
0.5,"cent vs mage","212",0.00324086081181491,0.00282907525535221,2.4893396206058,2.54835549985672,2.24216385045784,2.09722904275428,0.37824860701567,0.364817244932901,"TSS_more_sig"
0.5,"cent vs mage","219",6.7348367191987e-07,4.462890822403e-08,6.17167292894034,7.35038373736021,-3.90397072366181,-4.05562912664198,0.464573619794311,0.463240630946568,"TSS_more_sig"
0.5,"cent vs mage","289",0.0233054956101244,0.0111820285174798,1.63254165701144,1.95147940449656,-2.53017249206735,-2.68754183231721,0.488443082197935,0.486377822619673,"TSS_more_sig"
0.5,"cent vs mage","294",0.00050339159848746,0.000536486291850796,3.29809403702163,3.27044137052863,2.81922720918406,2.67456149410248,0.388947558767328,0.38434116908572,"CLR_more_sig"
0.5,"cent vs mage","353",2.33633085667008e-05,5.13019540003064e-06,4.63146565511638,5.28986609306773,-3.26991708885346,-3.50540320890383,0.460359808591251,0.454453816799904,"TSS_more_sig"
0.5,"cent vs mage","363",0.0446660837180312,0.0474247940815805,1.35002212440771,1.32399454614151,-2.02493359126963,-2.23590385880702,0.455544844545162,0.444524550523343,"CLR_more_sig"
0.5,"cent vs mage","528",0.0155031249250456,0.018659103338354,1.80958075338344,1.72910923007299,-2.09697010728223,-2.08193382726084,0.437033380209543,0.424551171155984,"CLR_more_sig"
0.5,"cent vs mage","546",0.0452649614300224,0.0154894122406209,1.34423784535282,1.80996506161445,-2.13890776891563,-2.31135615337149,0.439343415419563,0.436485085443546,"TSS_more_sig"
0.5,"cent vs mage","652",0.00328992378866012,0.00148908836125526,2.48281416239888,2.82707953081264,2.24592651319079,2.05477992549932,0.321349616801599,0.317363184571219,"TSS_more_sig"
0.5,"cent vs mage","671",0.000181185439746632,0.00111883127729055,3.74187670562038,2.95123540128797,2.50749586167117,2.336785873376,0.364182285585501,0.362777545370458,"CLR_more_sig"
0.5,"cent vs mage","675",0.00190062234418308,0.000306800191529379,2.72110416936872,3.51314437360139,-2.98940644786229,-3.1407271987337,0.469733034103454,0.473404667590641,"TSS_more_sig"
0.5,"cent vs mage","728",1.43557985185738e-05,0.000109809665410398,4.84297264555234,3.95935943174696,2.43836445397889,2.26090005394333,0.305675863255289,0.299050288040988,"CLR_more_sig"
0.5,"cent vs mage","762",0.000666886266261427,0.00155452373381005,3.1759482262735,2.80840264294594,2.46456447503702,2.30556097172073,0.37891583238499,0.384165856006843,"CLR_more_sig"
0.5,"cent vs mage","769",0.023368671103085,0.0193571974797908,1.63136598375697,1.71315751929853,-2.12723593316998,-2.25708259014743,0.461142267943016,0.453034490922109,"TSS_more_sig"
0.5,"cent vs mage","770",0.00708995321132036,0.00170612925933307,2.14935663084407,2.76798806901344,-2.16628381555561,-2.30984775217736,0.359124041216561,0.354821991805311,"TSS_more_sig"
0.5,"cent vs mage","788",0.0155998337626051,0.0124224398622046,1.80688002961784,1.90579309702364,2.52125983802032,2.33629003662345,0.538494553444707,0.532849396433036,"TSS_more_sig"
0.5,"cent vs mage","798",0.031108235043203,0.0216533359593882,1.50712462832369,1.66447518581654,2.12329095179748,2.01096918567115,0.437677777382122,0.43950458693858,"TSS_more_sig"
0.5,"cent vs mage","814",0.0270169699822754,0.0493263687106061,1.56836335974651,1.30692085508304,2.24024332051936,1.99943652526741,0.463275640305406,0.456244920464579,"CLR_more_sig"
0.5,"cent vs mage","829",0.000623367497070364,0.000767975097207301,3.20525584596516,3.11465286241745,2.51184909983217,2.35755393039623,0.39509315016641,0.391164366434264,"CLR_more_sig"
0.5,"cent vs mage","834",0.0197451135970036,0.0156639684665785,1.70454036335008,1.80509819982623,2.17151036357497,2.0003749052354,0.392295229708723,0.400128978151979,"TSS_more_sig"
0.5,"cent vs mage","848",0.00361898247592707,0.00121262011076386,2.44141351985577,2.91627523346098,2.27056696760242,2.14345181163837,0.336285212199697,0.339170450099419,"TSS_more_sig"
0.5,"cent vs mage","854",4.34570849511253e-05,8.48297412633511e-05,4.36193940898881,4.07145185762489,3.35111488928872,3.05353354000801,0.461297684984732,0.471246242699853,"CLR_more_sig"
0.5,"cent vs mage","857",0.000454671550271622,0.000892839942392535,3.34230221963829,3.04922638922566,2.51642950263,2.23370484573891,0.341659665053975,0.346771396395092,"CLR_more_sig"
0.5,"cent vs mage","886",0.00176724573722326,5.8563935535044e-05,2.75270305722793,4.23236974609375,3.18815283518158,3.11368157323106,0.533622033771718,0.522663227383278,"TSS_more_sig"
0.5,"cent vs mage","912",0.0393288312691642,0.00447106012464789,1.40528895928297,2.34958948991116,-2.15226130763823,-2.38871192550437,0.467973152255078,0.46678191515101,"TSS_more_sig"
0.5,"cent vs mage","917",0.0325162407377632,0.00851719195981156,1.48789966975747,2.06970356454884,-2.39927748045196,-2.59343106763001,0.496265020809239,0.492230467541931,"TSS_more_sig"
0.5,"cent vs mage","921",1.0515657731219e-07,1.39467460582305e-07,6.97816355796525,6.85552710664104,-3.8074606274513,-4.07434664658402,0.474715208391979,0.474560508747827,"CLR_more_sig"
0.5,"cent vs mage","944",0.0440879941970397,0.0426454045668928,1.35567965914539,1.37012776118504,1.59510596489561,1.42830412975772,0.280633815222761,0.281394727437076,"TSS_more_sig"
0.5,"cent vs mage","947",0.0101238287678809,0.00846435324446005,1.99465520900898,2.07240622043666,2.43456948897609,2.43889423269558,0.425212375105744,0.407749854866066,"TSS_more_sig"
0.5,"cent vs mage","975",0.0455774768290956,0.0284995844239979,1.34124972104972,1.54516147275221,-1.95581203240603,-2.2638835803812,0.443301823735346,0.43901212425806,"TSS_more_sig"
0.5,"cent vs mage","978",2.08213920267161e-05,0.000156742628819689,4.68149023883546,3.8048128737075,3.26795440165776,3.05950610466553,0.44973517942942,0.440937173507175,"CLR_more_sig"
0.5,"cent vs mage","984",0.0139258239023822,0.00333462675019243,1.85617910095329,2.47695277026423,2.64139905490065,2.50803037385918,0.412803993375434,0.414116557148826,"TSS_more_sig"
0.5,"cent vs mage","989",0.00112654026876893,0.00244485441776673,2.94825327958013,2.61174699643523,2.32256205993481,2.16884308341648,0.382643522332559,0.381619666789507,"CLR_more_sig"
0.5,"cent vs mage","1004",0.0400728050819636,0.0107059642117788,1.39715025604548,1.9703742127229,-2.34830954087201,-2.51400648519576,0.462785994978606,0.459195350740838,"TSS_more_sig"
0.5,"cent vs mage","1019",8.30355539195505e-05,3.58813858798828e-05,4.08073591286627,4.4451307911474,-2.68409566885493,-2.92238382123895,0.389851668228325,0.400893017704724,"TSS_more_sig"
0.5,"cent vs mage","1030",0.0119148076905501,0.0130912855574478,1.92391296293624,1.88301770386239,2.38365060160219,2.23912617408109,0.413763075309912,0.413616938036166,"CLR_more_sig"
0.5,"cent vs mage","1043",4.43517595149789e-06,1.04181439631105e-05,5.35308914623838,4.98220964556405,2.68442992726414,2.55870821855394,0.32614072201994,0.318956349187348,"CLR_more_sig"
0.5,"cent vs mage","1058",0.00352755017747819,0.00614761799374918,2.45252679992743,2.21129312691745,-2.71548811409458,-2.9378966708667,0.461442175414583,0.4631338820087,"CLR_more_sig"
0.5,"cent vs mage","1074",5.69213944345556e-07,8.97835892529475e-05,6.2447244693078,4.04680303692065,3.26446929747175,2.9711331471829,0.374518406087452,0.384226640960765,"CLR_more_sig"
0.5,"cent vs mage","1076",0.0347825754781137,0.0119044133342457,1.45863826377892,1.92429200235719,2.48907115164262,2.32959587041754,0.432151266921125,0.439399557699595,"TSS_more_sig"
0.5,"cent vs mage","1079",0.0298180620619213,0.0101573250528138,1.52552058567052,1.99322064911496,-2.10518489421415,-2.25208105032425,0.418132173364647,0.413897392421021,"TSS_more_sig"
0.5,"cent vs mage","1087",7.05532425932622e-07,2.84148580671169e-05,6.15148302148441,4.54645450892497,3.84929667977719,3.60244784062867,0.487233382839543,0.497820241966679,"CLR_more_sig"
0.5,"cent vs mage","1091",0.0111568622254083,0.0343347547432913,1.95245792993242,1.46426605046915,2.52098360785178,2.46966027608994,0.474735794112078,0.473722154379237,"CLR_more_sig"
0.5,"cent vs mage","1098",8.7997387008197e-11,5.20460118496569e-11,10.0555302235858,10.2836125437336,4.48543413734574,4.29771041755924,0.444313727892462,0.445984597431711,"TSS_more_sig"
0.5,"cent vs mage","1104",0.0163074712521236,0.00758122471555137,1.7876133784075,2.12026063022,-2.44875949122657,-2.55913992917303,0.45291178573991,0.450657109573676,"TSS_more_sig"
0.5,"eld vs kin","3",4.7202033948146e-12,3.87537224533219e-14,11.3260392870984,13.4116865753953,-4.3699978614967,-4.98755021930265,0.446543334376195,0.446299251148582,"TSS_more_sig"
0.5,"eld vs kin","4",1.85969257437001e-16,2.58893310655271e-05,15.7305588430346,4.58687917082057,2.84750298813114,2.22823795934636,0.220562295233443,0.220076736680178,"CLR_more_sig"
0.5,"eld vs kin","5",7.86021153641477e-05,1.11320229313467e-06,4.10456576593751,5.95342590771465,-2.41773221525367,-3.03071762498796,0.384177853621689,0.385972272582613,"TSS_more_sig"
0.5,"eld vs kin","7",1.09716945332203e-28,1.62107563645224e-27,27.9597262922436,26.790196721285,7.9432601774142,7.27173691564,0.471360877688991,0.461929533806253,"CLR_more_sig"
0.5,"eld vs kin","10",0.00263369225150283,4.93180212296607e-05,2.57943497397658,4.30699435677783,-2.37415961680156,-2.97187417347704,0.474943483553102,0.472279004367194,"TSS_more_sig"
0.5,"eld vs kin","11",2.75932353454463e-13,4.63320119459569e-06,12.5591973748997,5.33411884035253,3.54712059443072,2.93752274959416,0.349122308419215,0.351143875781406,"CLR_more_sig"
0.5,"eld vs kin","12",0.0265346574068371,0.00123888404880043,1.57618651524321,2.90696933875921,-1.62286888913559,-2.23191892221583,0.370867882721425,0.36933932255933,"TSS_more_sig"
0.5,"eld vs kin","14",1.65517278594727e-14,7.48704112917958e-06,13.7811566628752,5.12568978111977,3.1813933245201,2.5627138374036,0.276574852632298,0.276294114288563,"CLR_more_sig"
0.5,"eld vs kin","15",8.11638365287194e-08,0.000989987222152339,7.09063743251261,3.00437041084138,3.2935326055664,2.67131496653075,0.436076749093007,0.430232954841167,"CLR_more_sig"
0.5,"eld vs kin","16",2.27090553647163e-17,2.03465600620697e-07,16.6438009308804,6.6915090052271,3.34885231735232,2.71989563007147,0.266911854712754,0.266138759422392,"CLR_more_sig"
0.5,"eld vs kin","21",5.67065658454162e-25,2.58133559397031e-14,24.2463666528294,13.5881555300803,4.41070757380225,3.80163191139197,0.29217757698657,0.294006576586296,"CLR_more_sig"
0.5,"eld vs kin","23",2.35615038701364e-09,0.00592832670998835,8.6277969931015,2.22706787040739,2.71861109132449,2.12282465423273,0.30800925757755,0.311826825440017,"CLR_more_sig"
0.5,"eld vs kin","25",1.02907236674554e-08,0.000314453860309528,7.98755408357268,3.50244306940153,3.3645394476036,2.76746458709318,0.419552437010791,0.427392510745553,"CLR_more_sig"
0.5,"eld vs kin","26",2.56678493644714e-07,0.0147081308451224,6.59061051809406,1.83244251525532,2.77963085471547,2.15381626901544,0.365749573394005,0.363948265344634,"CLR_more_sig"
0.5,"eld vs kin","29",2.38042143085578e-10,0.00348680796429822,9.62334614845072,2.45757197070323,2.77074660628559,2.15590293068604,0.291719870935099,0.291364183607004,"CLR_more_sig"
0.5,"eld vs kin","31",2.28201921195933e-08,0.000290184350169179,7.64168070364576,3.53732601305072,3.91054654835623,3.30575900384188,0.537300567112562,0.53403462753462,"CLR_more_sig"
0.5,"eld vs kin","33",4.35696822093747e-05,6.512844569701e-07,4.36081560773049,6.1862292862243,-2.84936785918648,-3.46755043562469,0.457696788460857,0.459615302891807,"TSS_more_sig"
0.5,"eld vs kin","36",5.20203109710279e-09,0.0201143233643514,8.28382705597333,1.69649457229337,2.44691057128154,1.83085547491782,0.263495990291259,0.26229351521868,"CLR_more_sig"
0.5,"eld vs kin","47",2.62496595972561e-05,0.0172793761653069,4.58087632410533,1.76247194084181,3.19114519517214,2.59924939808784,0.524010987065683,0.538259631660021,"CLR_more_sig"
0.5,"eld vs kin","55",2.92084266227541e-06,0.0267311178513009,5.53449183664026,1.57298287938411,2.83467377143645,2.22055029031747,0.414106275229469,0.418367619203399,"CLR_more_sig"
0.5,"eld vs kin","57",0.0246791076948934,0.00257406326046445,1.60767054683448,2.58938078403107,-2.01323552932455,-2.65127675681177,0.473073925503372,0.475003553771232,"TSS_more_sig"
0.5,"eld vs kin","61",5.96156883058453e-06,0.0340028228503022,5.22463943743947,1.46848502715127,2.55836121697423,1.95907611088657,0.36063393572071,0.365995499126431,"CLR_more_sig"
0.5,"eld vs kin","65",0.000208790266601867,3.22215686230337e-07,3.68028975116608,6.49185332090795,-2.30702885230355,-2.90961054455276,0.362716049122394,0.368209620415052,"TSS_more_sig"
0.5,"eld vs kin","67",4.21307218279043e-10,1.18586390707165e-12,9.37540110001889,11.9259651489137,-5.05946907291195,-5.71052018909267,0.567331709979928,0.566265040988174,"TSS_more_sig"
0.5,"eld vs kin","70",0.000240149906457354,0.03889924990636,3.61951757819039,1.41005877308739,2.90570537920893,2.26835093427657,0.517878517410627,0.509363302926394,"CLR_more_sig"
0.5,"eld vs kin","71",0.000188839298797604,0.00981894703340198,3.72390762086997,2.00793508269189,3.08267500565376,2.39609231561725,0.541650516272196,0.527008452008562,"CLR_more_sig"
0.5,"eld vs kin","74",5.64209985648975e-10,2.49133814669762e-05,9.24855923176826,4.60356732213104,4.11648079530857,3.48052359430322,0.50318119963057,0.503547129529637,"CLR_more_sig"
0.5,"eld vs kin","77",6.77805193986633e-07,0.0132437178372791,6.16889510750942,1.87799008063955,2.69753918453407,2.10962119593624,0.364265220098928,0.378815715070399,"CLR_more_sig"
0.5,"eld vs kin","79",4.82332986522106e-06,1.88990280667582e-08,5.31665303587068,7.72356053001181,-3.38451976341045,-3.98376721056584,0.496941106667923,0.488721227953835,"TSS_more_sig"
0.5,"eld vs kin","80",2.84052222866115e-08,0.00833794180445722,7.54660180777834,2.07894114040321,2.8194904522864,2.20076930115535,0.347067003873,0.349501720700557,"CLR_more_sig"
0.5,"eld vs kin","82",0.00085185480223047,1.11555006559782e-05,3.0696344239703,4.95251093391896,-3.39773774395005,-4.08989152913267,0.601189716544876,0.602799637316092,"TSS_more_sig"
0.5,"eld vs kin","83",0.00012877125583373,2.43582113938641e-07,3.8901810688548,6.61335460480327,-3.06395922208,-3.65453181034324,0.517529322681893,0.521582715969491,"TSS_more_sig"
0.5,"eld vs kin","84",6.82458625516631e-06,2.08607010069707e-08,5.16592367286521,7.68067110154976,-3.37963778581475,-3.97871605704653,0.491747619019603,0.482756731235026,"TSS_more_sig"
0.5,"eld vs kin","85",0.0313411794959933,0.0012148536553,1.50388466329301,2.91547603525383,-1.90509585328994,-2.53072486746743,0.486474731456145,0.485201713868241,"TSS_more_sig"
0.5,"eld vs kin","87",0.00749181653379833,0.000380215005958629,2.12541286655235,3.41997074681717,-2.4303796242325,-3.0063672557033,0.531574112388316,0.52264681391924,"TSS_more_sig"
0.5,"eld vs kin","89",2.20778176710901e-17,3.66713240583849e-12,16.6560438575843,11.4356734090776,5.25061863528509,4.64944245590252,0.440314107880128,0.44237211385082,"CLR_more_sig"
0.5,"eld vs kin","91",6.11720888467173e-06,3.15462615611017e-07,5.21344668937119,6.50105210011504,-3.92251586894365,-4.51700487381258,0.575167560645934,0.591808821239009,"TSS_more_sig"
0.5,"eld vs kin","100",5.48310940802089e-05,3.78653315239044e-05,4.26097308827196,4.42175823642627,-3.31011553013918,-3.98748753434349,0.569217536669978,0.570900007029753,"TSS_more_sig"
0.5,"eld vs kin","102",0.0160253470379672,0.000434004138401831,1.79519255681431,3.36250612929737,-2.4277792967778,-3.04192401825679,0.549519002297855,0.550755867745547,"TSS_more_sig"
0.5,"eld vs kin","103",0.00045325738303047,0.0385295957231512,3.34365511302776,1.41420554785504,2.62822369595731,2.06058988397557,0.461419600575463,0.455560079313069,"CLR_more_sig"
0.5,"eld vs kin","110",0.0282692957184057,0.00284450156121342,1.54868501108671,2.54599382353228,-2.0347758580733,-2.64061540611573,0.518592578581463,0.525875743495881,"TSS_more_sig"
0.5,"eld vs kin","111",0.000131735555708063,6.38909168990357e-06,3.88029699220786,5.19456087925972,-2.83748912260813,-3.48116997096228,0.455232322312472,0.465350798046608,"TSS_more_sig"
0.5,"eld vs kin","115",0.0226025420116698,0.00126409818506974,1.64584271485443,2.89821919221033,-2.26067448718591,-2.91143871903717,0.558331915612161,0.564270304324057,"TSS_more_sig"
0.5,"eld vs kin","118",0.0107552762649285,0.00160554606178995,1.96837842964723,2.79437723036889,-1.79593038346142,-2.3659242912968,0.385073427622709,0.395233678645656,"TSS_more_sig"
0.5,"eld vs kin","119",2.24586063036954e-08,0.00294409188282797,7.64861719791404,2.53104864012854,2.82413218480667,2.16147315811707,0.323450837566786,0.307735856720388,"CLR_more_sig"
0.5,"eld vs kin","121",2.40138608857991e-13,3.72346127274964e-09,12.6195380095974,8.42905315883917,5.00655369543508,4.33547859154334,0.504571628698774,0.487875541794624,"CLR_more_sig"
0.5,"eld vs kin","125",0.000123913974069835,0.0252172662867901,3.90687971445359,1.59830199551519,3.30910427043831,2.60013294217192,0.535935402808539,0.539142505661054,"CLR_more_sig"
0.5,"eld vs kin","128",0.0172900968613874,0.00149650688909127,1.76220257374469,2.82492127956723,-2.31393769408498,-2.90035214534496,0.578159764725072,0.586725081093014,"TSS_more_sig"
0.5,"eld vs kin","130",0.00144190120423594,4.24582557315555e-05,2.84106449545921,4.3720378514729,-2.84390515043582,-3.58870001017849,0.582516726417883,0.593308422280201,"TSS_more_sig"
0.5,"eld vs kin","133",0.0192058154806956,0.000180081374525649,1.71656724792358,3.74453120311068,-2.20345753717749,-2.72205511482269,0.500320832327857,0.488941514033303,"TSS_more_sig"
0.5,"eld vs kin","138",6.99918672932267e-13,8.11349704503792e-06,12.1549524199124,5.09079191767369,4.2764886316327,3.6484537041098,0.438527325342432,0.440413961615916,"CLR_more_sig"
0.5,"eld vs kin","139",4.18581258567663e-06,2.48093274938432e-08,5.37822022053354,7.60538500798379,-3.51357885094359,-4.17662316812586,0.539378970639883,0.524610995232115,"TSS_more_sig"
0.5,"eld vs kin","147",0.0459124577970903,0.0027326081105031,1.33806945785164,2.56342264699358,-2.40536224648784,-3.0377796552178,0.561539212781656,0.56470247663889,"TSS_more_sig"
0.5,"eld vs kin","151",3.86123496217453e-18,4.75277723737012e-10,17.4132737700747,9.32305254060701,5.75174984427276,5.14480534788747,0.485906880191456,0.489058518016308,"CLR_more_sig"
0.5,"eld vs kin","163",0.016749493596693,0.00156048161629494,1.77599831886513,2.80674134330028,-2.54095195318147,-3.11315474305592,0.600912844043474,0.575683745052236,"TSS_more_sig"
0.5,"eld vs kin","164",1.28486327444255e-08,6.85416866100403e-05,7.89114308425048,4.1640452130602,3.60281923231351,2.94250272448933,0.463528521734455,0.459531848955251,"CLR_more_sig"
0.5,"eld vs kin","169",0.000353201915400181,6.4483954154855e-07,3.45197694992608,6.19054833945697,-2.98870396075322,-3.65231610163684,0.530881015710474,0.523965443596013,"TSS_more_sig"
0.5,"eld vs kin","172",0.00576344751735854,3.76485565139773e-05,2.2393176572235,4.42425167046015,-2.37086442487739,-2.99852192448181,0.459657605223967,0.462149472739494,"TSS_more_sig"
0.5,"eld vs kin","181",0.0174133322132446,0.000312002327494667,1.75911811438804,3.50584216619207,-2.17109029631083,-2.82283446935959,0.501192998013155,0.498394825888414,"TSS_more_sig"
0.5,"eld vs kin","206",0.000153107363008223,0.0210254644361093,3.81500392336477,1.67725440219774,3.2498067196529,2.58525543499649,0.553359942454037,0.552534651625796,"CLR_more_sig"
0.5,"eld vs kin","207",2.26860450990921e-10,4.16864716799707e-05,9.64424120889019,4.38000486176421,3.98678037203452,3.29722266140167,0.466965338306417,0.452745246554896,"CLR_more_sig"
0.5,"eld vs kin","222",2.81210558586193e-07,0.000695478093570748,6.55096837693232,3.15771654502661,3.62601896748981,3.00247729761359,0.506210356983659,0.512936081217675,"CLR_more_sig"
0.5,"eld vs kin","223",0.00108254477590724,0.0358994725715238,2.96555413143901,1.4449119319498,2.92714006901634,2.3711965959221,0.528119200940417,0.536758495870901,"CLR_more_sig"
0.5,"eld vs kin","246",4.14788173909201e-06,0.00239078414761402,5.3821736343447,2.62145963247136,3.29443034685868,2.67279632745796,0.488375743698844,0.465050143147762,"CLR_more_sig"
0.5,"eld vs kin","251",0.00873396821693985,0.00396307099932405,2.05878839281687,2.40196814711107,-2.53139123012455,-3.1035778752943,0.590284478702354,0.602240432580189,"TSS_more_sig"
0.5,"eld vs kin","252",0.0307774029139052,0.000435370121206158,1.51176802998038,3.36114137924658,-1.96146431012422,-2.68013997643286,0.461142647960121,0.485160020294833,"TSS_more_sig"
0.5,"eld vs kin","265",2.10311759524432e-05,0.0301429772436501,4.67713644317775,1.52081385432294,3.06821702043522,2.35919055435408,0.467022101895932,0.471770814214777,"CLR_more_sig"
0.5,"eld vs kin","267",0.0144498242354581,4.32643977693939e-05,1.84013743553961,4.36386933718758,-2.73646626963947,-3.55727962031403,0.60731629385169,0.598852007573461,"TSS_more_sig"
0.5,"eld vs kin","282",0.00412617029496376,0.000147324851674466,2.38445285182655,3.83172398747696,-2.60328400269916,-3.12713385102568,0.475502977797796,0.473128743246476,"TSS_more_sig"
0.5,"eld vs kin","294",0.000195830572395143,0.0331606177364566,3.70811950667975,1.47937738774072,2.95716139091401,2.35652428147038,0.438118757928972,0.440471959368123,"CLR_more_sig"
0.5,"eld vs kin","329",0.000329873206052282,0.00805236466359534,3.48165295858686,2.0940765656511,2.99635464702089,2.37723202361915,0.443236351312491,0.444705717129748,"CLR_more_sig"
0.5,"eld vs kin","344",1.15602404670696e-09,0.00021438510285744,8.93703313196781,3.66880539608556,3.40598355689911,2.84947821969752,0.40692039668443,0.417024740329452,"CLR_more_sig"
0.5,"eld vs kin","473",0.0162545105039358,0.000183169553312172,1.78902610452162,3.73714671367807,-2.30055461327995,-2.96905402173084,0.535262123729982,0.533459801729612,"TSS_more_sig"
0.5,"eld vs kin","614",0.00508366585014572,3.51628716423034e-05,2.29382300339873,4.45391566467107,-2.40334541717212,-3.24004819295091,0.489701669809475,0.498259734662325,"TSS_more_sig"
0.5,"eld vs kin","616",0.00151433514346638,0.000160458698716561,2.8197779987787,3.79463673414841,-2.2913617650337,-2.89108341064067,0.438689003900508,0.431274044123201,"TSS_more_sig"
0.5,"eld vs kin","652",0.000424080756131115,0.0460150802879665,3.37255143443887,1.33709981587169,2.25850190186276,1.67643142584959,0.362121359064009,0.363420844390979,"CLR_more_sig"
0.5,"eld vs kin","666",1.8564289321644e-08,5.07210011259825e-11,7.73132167178639,10.2948121829812,-3.53301413045698,-4.06414371234171,0.426514504939522,0.409611393528125,"TSS_more_sig"
0.5,"eld vs kin","728",2.24455768504038e-17,7.47685474024355e-10,16.6488692287685,9.12628105671101,4.49253795091299,3.8832873401295,0.382071235537619,0.388609487278742,"CLR_more_sig"
0.5,"eld vs kin","744",7.89156683479015e-06,1.20438257905174e-06,5.1028367610305,5.91923553502279,-3.31110541419436,-3.94975621828604,0.520530544045024,0.528147950294383,"TSS_more_sig"
0.5,"eld vs kin","770",0.00250537149246052,7.47489657759857e-05,2.60112786853379,4.12639481184487,-2.29314223056567,-2.85269364607718,0.439841917712164,0.434823309033824,"TSS_more_sig"
0.5,"eld vs kin","786",1.39873361852293e-05,4.64220439908136e-08,4.85426498673831,7.33327574120909,-3.44425925721771,-4.01582837805742,0.499267186266335,0.508562702255396,"TSS_more_sig"
0.5,"eld vs kin","849",0.000285426188464142,5.96803477004302e-06,3.54450618194429,5.22416865530854,-2.44674597013042,-3.02968547986394,0.434493872300532,0.432154531087719,"TSS_more_sig"
0.5,"eld vs kin","854",1.16367802485692e-08,0.000154994303197647,7.93416716691212,3.80968426399289,3.69315659624396,2.97180996150333,0.465712877870349,0.459332013260393,"CLR_more_sig"
0.5,"eld vs kin","879",0.00151114026363542,0.000496483685146681,2.82069522269228,3.30409501820019,-2.20246340758193,-2.75719060907593,0.420515132903237,0.41709051969877,"TSS_more_sig"
0.5,"eld vs kin","886",2.68098351504319e-13,9.47926638141744e-08,12.5717058564191,7.02322527224323,4.94770838449896,4.32173432435107,0.511206064263641,0.51900504162951,"CLR_more_sig"
0.5,"eld vs kin","888",7.53861341270122e-07,0.00442177835631983,6.12270852715273,2.354403030423,3.08124859866224,2.5460576291405,0.432179029930399,0.447853049769273,"CLR_more_sig"
0.5,"eld vs kin","891",0.00366371395065074,0.000237389816623467,2.436078441801,3.6245379150322,-3.01301641762639,-3.74817727909581,0.568228422206888,0.584951535932277,"TSS_more_sig"
0.5,"eld vs kin","895",0.000761108385490594,1.02888589284484e-05,3.1185534932048,4.98763278739083,-2.78497062240889,-3.28958508336146,0.502388762546515,0.51295795925118,"TSS_more_sig"
0.5,"eld vs kin","914",0.0114891670137835,0.0011059864738556,1.93971145733706,2.9562501843928,-2.43459049635327,-3.16148288664396,0.56561422621513,0.565299066093967,"TSS_more_sig"
0.5,"eld vs kin","922",0.000341236512447307,0.0405471177216455,3.46694450532985,1.39204001203418,2.60312775445199,2.0703825292478,0.470766700315645,0.465724559925572,"CLR_more_sig"
0.5,"eld vs kin","926",0.00106634322579061,0.0448652225502059,2.97210298567055,1.34809017362599,2.50345145906665,1.92918280641197,0.430232136822626,0.4209655287436,"CLR_more_sig"
0.5,"eld vs kin","944",6.74525473220026e-07,0.0372551997068766,6.17100164470224,1.42881310422017,2.33549580448368,1.72096579576938,0.291649092179432,0.292307979489972,"CLR_more_sig"
0.5,"eld vs kin","947",8.79202288918283e-14,2.32702490261357e-07,13.0559111899393,6.63319896909411,4.5866863669334,3.89891189258276,0.435362167087518,0.434938834489658,"CLR_more_sig"
0.5,"eld vs kin","965",0.0109005190987865,0.00175610606547984,1.96255281982355,2.7554492570737,-2.51445873658946,-3.14118182726127,0.608621303260576,0.597885001580568,"TSS_more_sig"
0.5,"eld vs kin","978",1.67085599485747e-27,5.60013485283471e-23,26.7770609787923,22.2518015149336,6.38744505610469,5.69750763314894,0.410030912527833,0.401847014896712,"CLR_more_sig"
0.5,"eld vs kin","984",4.42492206819806e-19,6.52291758660819e-13,18.3540943737005,12.1855581085092,5.2317764406299,4.59430398051033,0.415142826381027,0.423643856564381,"CLR_more_sig"
0.5,"eld vs kin","988",2.45293240957078e-06,0.00275969123624341,5.61031441859136,2.55913950557858,3.49098229012545,2.93761933918575,0.512259868634866,0.526795730123061,"CLR_more_sig"
0.5,"eld vs kin","991",3.58297485243693e-05,5.23035527253285e-06,4.44575623997405,5.28146881062407,-3.51410205161423,-4.00697736275675,0.570709725969519,0.565201317588592,"TSS_more_sig"
0.5,"eld vs kin","1014",1.32669629507778e-07,1.20252739968588e-09,6.87722848366725,8.91990501940584,-3.90035218800884,-4.50262102741057,0.514372879644013,0.519325856247129,"TSS_more_sig"
0.5,"eld vs kin","1020",2.93204020389129e-05,0.0368986528351549,4.53283007898029,1.43298948958454,2.70514725964373,2.05532952198046,0.421348986727284,0.422419500595862,"CLR_more_sig"
0.5,"eld vs kin","1021",8.78585734646558e-06,1.54942606727065e-07,5.05621585253277,6.80982914181413,-3.55211599321992,-4.06286491278723,0.561373737919265,0.555551989413366,"TSS_more_sig"
0.5,"eld vs kin","1030",3.473541531865e-12,6.92193845668859e-08,11.4592275040584,7.15977226635934,4.44259403319501,3.89158907052848,0.438626973515018,0.43000770515315,"CLR_more_sig"
0.5,"eld vs kin","1043",2.94881677286667e-05,0.0343409789392474,4.53035221185142,1.46418732880663,2.8333312631687,2.07669919609214,0.437073154452746,0.421085684418273,"CLR_more_sig"
0.5,"eld vs kin","1047",0.0405433742104443,0.00165225957879628,1.39208011010783,2.78192172167493,-1.34962921577269,-1.96205283140158,0.291503104396319,0.290026017361935,"TSS_more_sig"
0.5,"eld vs kin","1059",0.00282452178314096,0.0225037295882502,2.54905507156974,1.64774549942783,2.92556480433319,2.44234197618763,0.577978016483988,0.591869854757647,"CLR_more_sig"
0.5,"eld vs kin","1074",2.6496123507936e-20,1.70664968551957e-14,19.5768176604881,13.767855614948,5.40628125108431,4.77696650717774,0.399499001203244,0.396062933679852,"CLR_more_sig"
0.5,"eld vs kin","1076",2.07256005606329e-15,3.20937469540236e-08,14.6834928761509,7.49357957594096,4.84145102796994,4.28990536694414,0.42868346987143,0.437111702881961,"CLR_more_sig"
0.5,"eld vs kin","1079",0.0158756968812849,0.000863467810691356,1.79926720178062,3.06375384790508,-2.05391695000552,-2.68000284447782,0.497639958977884,0.495646454677509,"TSS_more_sig"
0.5,"eld vs kin","1082",7.3936478963517e-06,0.00282684619258264,5.13114123543895,2.54869782063316,3.27865904474485,2.74363263316567,0.488066496705438,0.484557968338605,"CLR_more_sig"
0.5,"eld vs kin","1089",3.86377037597216e-15,1.76056513246789e-06,14.412988691628,5.75434790348323,3.33836749308461,2.72225649658767,0.28813887225511,0.289395674726333,"CLR_more_sig"
0.5,"eld vs kin","1098",8.79801719583297e-29,1.10693182672129e-24,28.0556151935244,23.9558791254541,7.29180269399578,6.68179466311826,0.434016039457655,0.439825867941956,"CLR_more_sig"
0.5,"eld vs kin","1101",0.0443893559042653,0.000746441530687265,1.35272115660232,3.12700420521207,-2.34901383211093,-2.92565025548156,0.58710357757521,0.582054781401199,"TSS_more_sig"
0.5,"eld vs kin","1104",0.00163057274406669,0.00117453735560025,2.78765982142593,2.93013316613792,-2.4178785752652,-3.11304058426177,0.466968023197805,0.4733607920225,"TSS_more_sig"
0.5,"eld vs kin","1105",3.85923777888412e-09,1.81611569533002e-11,8.41349846245582,10.7408564882803,-4.18647421033482,-4.82175690037391,0.512091104472052,0.502707091094976,"TSS_more_sig"
0.5,"eld vs kin","1108",1.10167703447808e-05,0.0203432185582151,4.95794570376146,1.69158033501743,2.83542562428448,2.24708557734872,0.435034468620782,0.433521857465916,"CLR_more_sig"
0.5,"eld vs kin","1112",2.9628964997145e-05,1.70758395017e-06,4.52828351908625,5.76761793584593,-3.22884589399313,-3.84845160443924,0.528969181673111,0.537074802070367,"TSS_more_sig"
0.6,"cent vs mage","4",8.26129007834802e-18,0.00082902627404667,17.0829521282051,3.08143170528487,2.59563889718339,1.93737748921428,0.182876636103759,0.182766132586801,"CLR_more_sig"
0.6,"cent vs mage","7",9.89215012690982e-16,1.10639709857291e-08,15.0047093012479,7.95608897179555,4.56677499466362,3.90357821433283,0.417289937782412,0.415363649150972,"CLR_more_sig"
0.6,"cent vs mage","8",1.55176807934515e-08,0.0192546176849727,7.80917318603337,1.71546510020173,2.66997110220112,2.01222511079042,0.314397419309254,0.313399282721663,"CLR_more_sig"
0.6,"cent vs mage","9",1.80850445750187e-08,0.0313009163401394,7.742680416476,1.50444294821583,2.41050966079028,1.75182138370431,0.270501380827977,0.27153893165857,"CLR_more_sig"
0.6,"cent vs mage","10",0.000257301740016898,0.0429203692970926,3.58955727683986,1.36733654991672,2.36755365857638,1.69489658827887,0.40857095669931,0.413794636913514,"CLR_more_sig"
0.6,"cent vs mage","11",1.23434133225218e-08,0.0189387269774205,7.90856472829669,1.72264921674048,2.61025251843962,1.95018450627629,0.297902958319908,0.296188871370471,"CLR_more_sig"
0.6,"cent vs mage","14",2.55909366343533e-15,9.93514759186105e-05,14.5919138185408,4.0028256768325,3.10144805612656,2.43550981208955,0.260589724845486,0.25938063714637,"CLR_more_sig"
0.6,"cent vs mage","16",1.80045109367169e-06,0.0341658194002824,5.74461867103637,1.46640815911358,1.95185542834389,1.30056677473357,0.230310238849882,0.230232945216483,"CLR_more_sig"
0.6,"cent vs mage","19",1.66546721455766e-08,0.00961989585113622,7.77846391216334,2.01682962978357,2.91140122099216,2.26211959764625,0.34330411604371,0.343447578107686,"CLR_more_sig"
0.6,"cent vs mage","20",1.27239562364756e-14,0.000170021412883402,13.8953778333001,3.76949637914244,3.07261303829334,2.41586206408902,0.268299073395473,0.269021054301322,"CLR_more_sig"
0.6,"cent vs mage","21",1.40978213610873e-16,7.13091013015011e-06,15.8508479968456,5.14685503686948,3.25348089626642,2.59463297604648,0.261536416646869,0.261563505733099,"CLR_more_sig"
0.6,"cent vs mage","23",1.75009701896155e-09,0.0189323757926277,8.75693787495272,1.72279488371784,2.53036708813407,1.87928847941662,0.265774889633704,0.266531399437511,"CLR_more_sig"
0.6,"cent vs mage","24",6.04617899709929e-14,9.66542728268896e-07,13.2185189996819,6.01477894221357,4.84795949597989,4.2251527601292,0.491573858142764,0.494662518818041,"CLR_more_sig"
0.6,"cent vs mage","26",2.50647555893059e-11,0.000194192699496576,10.6009365259096,3.71176710103949,3.46017467933093,2.8221914877203,0.371826215009036,0.372347377127257,"CLR_more_sig"
0.6,"cent vs mage","28",0.000228784914524895,0.0374963412850528,3.64057261517004,1.42601110659845,2.62057108946627,1.94996851771329,0.463172841831404,0.45643672794151,"CLR_more_sig"
0.6,"cent vs mage","30",3.89354130066992e-07,0.0323250236272736,6.40965521417243,1.49046114900934,2.07947800405613,1.41958404572825,0.23869409805794,0.239114299367733,"CLR_more_sig"
0.6,"cent vs mage","32",1.28299240135239e-11,0.0117476191736145,10.8917759157689,1.93005014058629,2.53187963034408,1.86869830491028,0.229644008964109,0.228675197643965,"CLR_more_sig"
0.6,"cent vs mage","36",1.0306456410619e-09,0.0313262011382424,8.98689062917318,1.50409226789296,2.12761730118816,1.468205902248,0.203017411898087,0.203453238909748,"CLR_more_sig"
0.6,"cent vs mage","37",1.45903567722056e-05,0.0344683795329319,4.83593408834604,1.46257913366338,2.29855171216443,1.62602001480358,0.334775732425185,0.335370414380589,"CLR_more_sig"
0.6,"cent vs mage","39",1.16690823651896e-11,3.96861843112068e-06,10.9329632947176,5.40136065499177,4.00575433915916,3.34621869957972,0.419264245699887,0.417403432955989,"CLR_more_sig"
0.6,"cent vs mage","42",4.27763885866884e-11,3.45019984640219e-05,10.3687958836981,4.4621557484989,3.8319563876689,3.19077979517771,0.409271768064971,0.411690230903869,"CLR_more_sig"
0.6,"cent vs mage","44",1.10004812891807e-05,0.0342075713491413,4.95858831332698,1.46587775852782,2.19315833576299,1.53975658024633,0.299709958827405,0.300602828512756,"CLR_more_sig"
0.6,"cent vs mage","47",5.87432861032769e-05,0.0217421266545684,4.23104176267188,1.66269797868703,2.91637114964182,2.28034419731434,0.488974286054882,0.490025882391242,"CLR_more_sig"
0.6,"cent vs mage","52",2.03605603004102e-05,0.0360700527553701,4.69121027486042,1.44285322249036,2.14841700336181,1.49103663611688,0.305505138820619,0.305345191574718,"CLR_more_sig"
0.6,"cent vs mage","55",5.85500365419894e-08,0.005192196819296,7.23247282954159,2.28464885320421,2.85735422442596,2.22065782400723,0.357485323669685,0.357372589234331,"CLR_more_sig"
0.6,"cent vs mage","56",1.60101210518868e-10,0.00132043496847126,9.79560538438503,2.87928298296864,3.40671590557551,2.74979082081549,0.372909021325209,0.380564624540535,"CLR_more_sig"
0.6,"cent vs mage","61",1.06827389317531e-06,0.0316347446146396,5.97131738490613,1.4998356672235,2.28316548569597,1.61702458449061,0.282468658008993,0.281562144137061,"CLR_more_sig"
0.6,"cent vs mage","69",3.8320091420071e-07,0.0248801065059979,6.41657346349785,1.60414776486272,3.07250635426453,2.39543436402409,0.389160090241337,0.385388881924644,"CLR_more_sig"
0.6,"cent vs mage","90",1.95566009291632e-10,0.0053051015958313,9.70870662633713,2.27530629468697,2.74486297097588,2.12213867680439,0.28110894525481,0.285576310917097,"CLR_more_sig"
0.6,"cent vs mage","92",4.26505741516293e-09,0.0312785149939097,8.37007511809069,1.50475387406679,2.31930040343754,1.66410205825603,0.240650602083316,0.239659676298803,"CLR_more_sig"
0.6,"cent vs mage","95",2.47132530598009e-05,0.0330436607697339,4.60707008369818,1.48091184500707,2.47967709635751,1.82243528392232,0.370161727774162,0.372726732201508,"CLR_more_sig"
0.6,"cent vs mage","100",0.026371058854371,0.00243245222624109,1.57887243200489,2.61395568059039,-2.34687709429099,-2.95318136371016,0.574110074585233,0.568348480265659,"TSS_more_sig"
0.6,"cent vs mage","106",4.20477828143514e-09,0.000779923286809383,8.37625689967295,3.1079481123785,3.13679840120934,2.47303697871779,0.3391216280832,0.334503527504256,"CLR_more_sig"
0.6,"cent vs mage","114",0.000182895232925045,5.02175153474504e-08,3.73779761404971,7.29914477903023,-3.21901562710278,-3.8642815519983,0.484309197550368,0.48247840202021,"TSS_more_sig"
0.6,"cent vs mage","119",4.29085354659981e-08,0.0312868175941877,7.36745630834987,1.50463860980276,2.2368206477148,1.61062052068029,0.236786553163404,0.238555550543003,"CLR_more_sig"
0.6,"cent vs mage","132",3.87053745087091e-08,1.34966297397436e-11,7.412228726004,10.869774666184,-3.84357770573529,-4.38978907132017,0.479956972477619,0.478944849793373,"TSS_more_sig"
0.6,"cent vs mage","142",3.43537962198214e-05,0.000494828878061407,4.46402526482787,3.30554496301068,3.9522969139276,3.39276053560451,0.530875027591545,0.529100059087533,"CLR_more_sig"
0.6,"cent vs mage","143",1.35067789676184e-06,2.05414241501861e-09,5.8694482071123,8.68736944977836,-3.50165691800821,-4.15355137694328,0.444124648715278,0.462812517488316,"TSS_more_sig"
0.6,"cent vs mage","148",0.0250571587535713,0.000920690747771917,1.60106817546484,3.03588622114936,-2.29418585806093,-2.88561224178753,0.514352539825414,0.497126568612429,"TSS_more_sig"
0.6,"cent vs mage","155",0.000247431442724705,0.00508236302024604,3.60654511257206,2.29393431762902,2.98469954006267,2.43921226753124,0.468066920900635,0.467115502677838,"CLR_more_sig"
0.6,"cent vs mage","168",6.0129911464899e-08,0.000204638869210728,7.22090943560792,3.68901187267434,3.94193637172234,3.2752589887246,0.445083498044762,0.455407268031652,"CLR_more_sig"
0.6,"cent vs mage","169",0.0351899961434712,0.000503642200965315,1.45358078075984,3.29787788682769,-1.9753313962707,-2.6513319197796,0.444564596468261,0.446711211599699,"TSS_more_sig"
0.6,"cent vs mage","184",0.00135870155105191,0.0331869551968075,2.86687592881987,1.47903259097445,2.84289534483006,2.25238331432464,0.546816664062593,0.540674303471281,"CLR_more_sig"
0.6,"cent vs mage","210",7.29553874546004e-09,2.04534396364142e-11,8.13694263172924,10.6892336466053,-3.92315299520179,-4.56316327639458,0.465504992851925,0.463686793468591,"TSS_more_sig"
0.6,"cent vs mage","212",1.59726633545011e-05,0.0277751114887049,4.79662266158708,1.55634418913481,2.77016044100068,2.08129300424025,0.372573519775203,0.371907487420432,"CLR_more_sig"
0.6,"cent vs mage","219",1.64967697830314e-06,1.66310437296757e-10,5.78260108625535,9.77908049450779,-3.52273590904254,-4.1221757364191,0.473809972542731,0.466775159656385,"TSS_more_sig"
0.6,"cent vs mage","294",6.1681066187931e-05,0.0148866493775779,4.20984812789593,1.82720304036581,3.3223761983278,2.61403403842108,0.386235462914386,0.382867240333273,"CLR_more_sig"
0.6,"cent vs mage","353",0.000670866010977578,0.000304656494457761,3.17336421083513,3.51618955944955,-2.8361782453055,-3.48755351201795,0.455799963350323,0.451734025061294,"TSS_more_sig"
0.6,"cent vs mage","652",5.03041020466998e-09,0.00115862280414891,8.29839659896777,2.93605792791829,2.77117008346985,2.08095921809231,0.315168480201381,0.306931449683265,"CLR_more_sig"
0.6,"cent vs mage","671",3.62966873666361e-08,0.00963009513183079,7.44013300923492,2.01636942263402,2.95709135656316,2.29416204424412,0.360530270879809,0.358917685732442,"CLR_more_sig"
0.6,"cent vs mage","675",0.0037288393690853,6.56308862093269e-06,2.42842632477021,5.18289173145507,-2.54451075437007,-3.2112205733143,0.474973219751421,0.470120391013376,"TSS_more_sig"
0.6,"cent vs mage","728",3.93818495265147e-10,0.0146714250686655,9.4047038915423,1.8335277001036,2.91679607969226,2.27287885959861,0.30854034219177,0.306959315585843,"CLR_more_sig"
0.6,"cent vs mage","762",8.88736662379997e-08,0.0162623002142395,7.05122690384106,1.78881802579616,2.95463314331834,2.28958802470398,0.383674417863154,0.383000606856312,"CLR_more_sig"
0.6,"cent vs mage","770",0.0365012449109079,0.000524861258069467,1.43769232324989,3.2799554829141,-1.71988692015768,-2.32727549585496,0.356013443022934,0.348821697018354,"TSS_more_sig"
0.6,"cent vs mage","788",0.000612112097708739,0.0264843733108404,3.21316903707289,1.57701029914386,2.92367513333774,2.31263739996538,0.53468901176065,0.531284220811224,"CLR_more_sig"
0.6,"cent vs mage","798",4.88269530443177e-05,0.0402168155238936,4.31134037621407,1.39559232098826,2.68909215260323,1.93772951598949,0.436722579639408,0.431607472339175,"CLR_more_sig"
0.6,"cent vs mage","814",0.00309654953234929,0.0493005142894433,2.50912196863231,1.30714855025822,2.59034627949596,2.03988255069833,0.477376338265586,0.471235081474315,"CLR_more_sig"
0.6,"cent vs mage","829",5.5511109163621e-07,0.0147190436613058,6.25562009497353,1.83212040644622,2.96590722796011,2.36361845804323,0.392262687639008,0.397382722832791,"CLR_more_sig"
0.6,"cent vs mage","834",3.00415965031943e-05,0.0339354271046085,4.52227699130489,1.46934668049322,2.61771463124895,1.94992832717434,0.396102945352375,0.398899612431702,"CLR_more_sig"
0.6,"cent vs mage","848",2.84565076556019e-07,0.0149152800210523,6.54581840006925,1.82636858873462,2.74546394841385,2.11387178379817,0.333212690319489,0.345920787513669,"CLR_more_sig"
0.6,"cent vs mage","854",2.72818755806604e-06,0.0312570528980673,5.56412577601222,1.50505197226833,3.70662291645884,3.03585016561572,0.465421760349563,0.465600618855362,"CLR_more_sig"
0.6,"cent vs mage","857",1.07153346523324e-07,0.0026507991569635,6.96999426088984,2.57662317620006,2.86619304163312,2.24197214056113,0.349149864947687,0.348634621992667,"CLR_more_sig"
0.6,"cent vs mage","886",1.21281412154172e-06,0.000632925121669428,5.91620575492447,3.19864766623747,3.64331915544041,3.14471976315158,0.530987994959978,0.525085181269849,"CLR_more_sig"
0.6,"cent vs mage","921",2.58963320776539e-06,1.55198977376602e-09,5.58676174446091,8.80911114468326,-3.46959363458459,-4.08331242786301,0.481764860044483,0.467306730042444,"TSS_more_sig"
0.6,"cent vs mage","944",3.00953671368289e-05,0.0341213580846484,4.52150035429877,1.46697369154523,2.09664330638589,1.41153466635145,0.284495572709191,0.28081132704903,"CLR_more_sig"
0.6,"cent vs mage","947",5.50414816811697e-06,0.0237900567345646,5.25930988368798,1.62360452225534,2.95295037190594,2.34340336734243,0.410954230384703,0.407218066834097,"CLR_more_sig"
0.6,"cent vs mage","978",6.6752966675251e-08,0.00275993041879801,7.17552942835948,2.55910186688876,3.71008245283895,3.05107479317761,0.44981499423635,0.44827381478913,"CLR_more_sig"
0.6,"cent vs mage","984",5.03125885736427e-06,0.0161735315151607,5.29832333772636,1.79119514087962,3.14015678570656,2.48328446521994,0.417388292228252,0.417911923616632,"CLR_more_sig"
0.6,"cent vs mage","989",1.60588009901032e-06,0.0205779101760492,5.79428688389053,1.68659873283378,2.83607297870475,2.14714041572869,0.377466429691403,0.385079717446076,"CLR_more_sig"
0.6,"cent vs mage","1017",2.62416931848447e-05,0.0363876461199802,4.58100814654061,1.43904603757584,2.8106323806078,2.05656441647275,0.390335153754255,0.392463560798826,"CLR_more_sig"
0.6,"cent vs mage","1019",0.00227163979410274,2.39604600928399e-05,2.64366053204358,4.62050484680597,-2.25978241027684,-2.87799379654818,0.396057491669026,0.394363680004685,"TSS_more_sig"
0.6,"cent vs mage","1030",0.000186387156423687,0.0337729834618416,3.72958401733878,1.471430572655,2.86757043923447,2.22009239366093,0.417245674470529,0.420382924636515,"CLR_more_sig"
0.6,"cent vs mage","1043",4.37010012233503e-11,0.000491341180778681,10.359508612897,3.30861683481604,3.23382002816222,2.52568620283087,0.333325429361654,0.324010581459475,"CLR_more_sig"
0.6,"cent vs mage","1058",0.016798626247202,0.000125861440340028,1.7747262324202,3.90010730255717,-2.17180942631984,-2.89747703339606,0.447981017998098,0.454230206663386,"TSS_more_sig"
0.6,"cent vs mage","1074",7.98212743014215e-12,0.000297073766916582,11.0978813432313,3.52713569685464,3.71572636435269,3.05529985624841,0.381520373411031,0.380939794891018,"CLR_more_sig"
0.6,"cent vs mage","1076",0.000232543311957091,0.0210860499207558,3.63349614646379,1.67600476963425,2.90756347345016,2.2956712092335,0.436154778512986,0.428369479683466,"CLR_more_sig"
0.6,"cent vs mage","1087",2.31126370104827e-09,5.16247382045233e-06,8.63615050135055,5.28714213769136,4.30267134488256,3.65750424347816,0.495467431203875,0.495427736527209,"CLR_more_sig"
0.6,"cent vs mage","1089",9.70310098965901e-06,0.0349745223559005,5.01308944846846,1.45624820791871,2.05074556031462,1.38757641374106,0.264368019285602,0.261201429831053,"CLR_more_sig"
0.6,"cent vs mage","1091",1.56374160141759e-05,0.0303805209690978,4.8058350098119,1.5174047830715,3.03161006966198,2.44135199201373,0.481288421233564,0.479301393968867,"CLR_more_sig"
0.6,"cent vs mage","1098",8.94270900131963e-16,5.13940196590137e-09,15.0485309011025,8.28908741369333,4.93516753870303,4.26063072551121,0.445601042181214,0.438592702263535,"CLR_more_sig"
0.6,"eld vs kin","3",1.11888972392782e-09,2.4802382370126e-13,8.95121271476714,12.6055066014114,-4.09987147235577,-4.73535511773458,0.447946068432209,0.44589673239606,"TSS_more_sig"
0.6,"eld vs kin","4",3.34857361158249e-14,5.81475316848695e-10,13.4751401495417,9.23546871598958,3.1274263741408,2.48264104995778,0.219918946652293,0.220723400048706,"CLR_more_sig"
0.6,"eld vs kin","5",0.0060182723216556,1.19852499003293e-05,2.22052816469887,4.92135290621084,-2.1409393128867,-2.77929210421381,0.385300736664258,0.385178952954613,"TSS_more_sig"
0.6,"eld vs kin","7",8.77188784529791e-29,4.20621596836032e-29,28.0569069297168,28.3761084322062,8.17567567637347,7.56469818931682,0.461055343487974,0.46895955607057,"TSS_more_sig"
0.6,"eld vs kin","8",0.00056027968799796,0.0101331476589429,3.25159512186637,1.99425562881834,2.63176594871452,1.97526208009168,0.392706297396842,0.392353357606032,"CLR_more_sig"
0.6,"eld vs kin","10",0.0455971000447931,0.000247580980122042,1.34106277739243,3.60628272211283,-2.08167011022391,-2.73613824724708,0.473036717076972,0.473575965017063,"TSS_more_sig"
0.6,"eld vs kin","11",1.7105913121564e-11,1.50684976276313e-08,10.7668537380196,7.82193004593056,3.8416885382591,3.15276317292203,0.354710008196717,0.345084831752328,"CLR_more_sig"
0.6,"eld vs kin","14",6.97183525774264e-13,1.29686307355516e-09,12.1566528836818,8.88710587552627,3.4599024780159,2.8113406300831,0.275764225854768,0.276728293197461,"CLR_more_sig"
0.6,"eld vs kin","15",2.56766626697898e-07,2.13810242407637e-05,6.59046142446154,4.66997149410118,3.56497103277247,2.94255460153482,0.429030047586785,0.438093129220269,"CLR_more_sig"
0.6,"eld vs kin","16",1.51619805205315e-15,2.72901619765559e-11,14.8192440656592,10.5639938866344,3.60889381853718,2.97821740305553,0.265814204626836,0.267909006547121,"CLR_more_sig"
0.6,"eld vs kin","21",4.06311054475543e-23,1.91763323243658e-19,22.3911413616942,18.7172344526192,4.70359944217005,4.04188554259801,0.29387077139344,0.292051478253115,"CLR_more_sig"
0.6,"eld vs kin","23",3.45818064011329e-07,6.40099037315644e-05,6.46115232484017,4.19375282596593,3.02702587590492,2.36380666996431,0.314743554526372,0.313301318252093,"CLR_more_sig"
0.6,"eld vs kin","25",7.58915062073278e-08,5.11833759456209e-06,7.11980682771066,5.29087107237222,3.68238799887588,3.01458579693859,0.423277302520872,0.421398802636828,"CLR_more_sig"
0.6,"eld vs kin","26",2.15048012084188e-06,0.000255123623843527,5.66746456773373,3.59324932488743,3.06133236848567,2.40459528490002,0.364535984745696,0.364936418169391,"CLR_more_sig"
0.6,"eld vs kin","29",1.64321343528884e-08,3.54320522784551e-06,7.78430602284128,5.45060369194017,3.05551416212585,2.40692661491576,0.292297823030788,0.29246941782788,"CLR_more_sig"
0.6,"eld vs kin","31",1.24297155580946e-07,3.86991894300026e-06,6.90553880964986,5.41229813135741,4.19991132423313,3.572683531367,0.5368617204771,0.533739884163613,"CLR_more_sig"
0.6,"eld vs kin","32",0.000159868439815944,0.0076137047710345,3.79623726337453,2.1184039673951,2.36860657132266,1.71349851760015,0.292208189482947,0.290304181233434,"CLR_more_sig"
0.6,"eld vs kin","33",0.00183008904434574,4.53595878062115e-06,2.73752777883395,5.34333090063854,-2.56664488027571,-3.22680457135089,0.456764487760917,0.458999311662455,"TSS_more_sig"
0.6,"eld vs kin","36",2.07478976986452e-07,5.87246085963076e-05,6.6830259020426,4.23117986914432,2.72208207658628,2.07396171614249,0.26200864107774,0.26241913691115,"CLR_more_sig"
0.6,"eld vs kin","47",2.99352487812391e-05,0.00131796196010738,4.52381712823584,2.88009712445663,3.48155606993874,2.77947741573119,0.540808790705095,0.533203775964589,"CLR_more_sig"
0.6,"eld vs kin","49",0.000187887157254681,0.00710147026453322,3.72610290443403,2.14865172710208,2.63031272434083,1.93650000737885,0.370740736576454,0.360779912414137,"CLR_more_sig"
0.6,"eld vs kin","55",9.44128728926272e-06,0.000571678056258734,5.024968787004,3.24284847776762,3.13632246220051,2.46167786504371,0.416548290376179,0.416051976986584,"CLR_more_sig"
0.6,"eld vs kin","58",0.00127805631554819,0.0156226738521413,2.89345000925041,1.80624463372053,2.45275596232448,1.80111383627429,0.376402596841123,0.370288640320705,"CLR_more_sig"
0.6,"eld vs kin","61",5.73005313407865e-05,0.00189757219403487,4.24184135085457,2.72180169217844,2.82019392396286,2.20369236891295,0.360818788940656,0.366742948292509,"CLR_more_sig"
0.6,"eld vs kin","65",0.0161685743421084,2.07340481429577e-06,1.79132827215615,5.68331589739906,-2.05113481908964,-2.67203513993823,0.374483235590707,0.369035669356884,"TSS_more_sig"
0.6,"eld vs kin","67",1.28044507947955e-08,4.78866830448214e-12,7.8926390444431,11.3197852440854,-4.76634413496472,-5.44444550583508,0.568479121224089,0.567199650486529,"TSS_more_sig"
0.6,"eld vs kin","70",0.000161640955438208,0.00317998007196534,3.79144859116483,2.49757560160758,3.24159278204896,2.60451642385481,0.523829164116454,0.515944294419464,"CLR_more_sig"
0.6,"eld vs kin","71",0.00024145334650398,0.0146801755983022,3.61716677097127,1.83326874953455,3.38198431092853,2.68019655287593,0.548924961751478,0.539362471624484,"CLR_more_sig"
0.6,"eld vs kin","74",1.0014740844462e-09,4.37162529483395e-08,8.99936028464063,7.35935706981472,4.44376215847638,3.83472888445507,0.505778415693479,0.508501027900242,"CLR_more_sig"
0.6,"eld vs kin","77",1.22635860086345e-05,0.000382687590748797,4.91138251872122,3.41715562023356,2.95902030727768,2.34026370608919,0.364497582906181,0.370191810680982,"CLR_more_sig"
0.6,"eld vs kin","79",5.94281865898254e-05,2.62794698220867e-07,4.22600752173654,6.58038340074334,-3.10733971624088,-3.76633933558648,0.480533807876093,0.484100259455475,"TSS_more_sig"
0.6,"eld vs kin","80",5.16528949906688e-07,9.51918683711719e-05,6.28690533255213,4.02140014901429,3.11632195559492,2.42387934266754,0.352497332951306,0.344171393724614,"CLR_more_sig"
0.6,"eld vs kin","82",0.00324066254163577,8.99617427540907e-05,2.4893661907931,4.04594213992878,-3.22570468066338,-3.88014843938374,0.611695768259272,0.595480350179608,"TSS_more_sig"
0.6,"eld vs kin","83",0.00340626232392511,2.29120053621762e-05,2.46772190909033,4.63993689773278,-2.79639707889087,-3.37991423974761,0.519805081155777,0.520529228662213,"TSS_more_sig"
0.6,"eld vs kin","84",8.94636503798207e-05,8.50227922329082e-08,4.04835338531081,7.07046463647273,-3.09070904670953,-3.78467327381136,0.477687247344582,0.481636217862027,"TSS_more_sig"
0.6,"eld vs kin","89",3.40025101991034e-17,3.6631160519935e-16,16.4684890204466,15.4361493221375,5.52734070962629,4.86566825559391,0.440498215574224,0.445857932648183,"CLR_more_sig"
0.6,"eld vs kin","91",0.000149109160756497,1.23709944248269e-07,3.82649567416081,6.90759538882223,-3.61703385500626,-4.328417285935,0.577653677172771,0.58149620842018,"TSS_more_sig"
0.6,"eld vs kin","100",0.00401895243293081,3.26351248371651e-05,2.39588713395176,4.48631472168447,-3.03513767872732,-3.65476329980914,0.570211659725195,0.564708226595703,"TSS_more_sig"
0.6,"eld vs kin","103",0.000239890886392983,0.00722063908742421,3.61998625084176,2.14142436200674,2.87822302201373,2.19721642517215,0.449682194808115,0.451081216596308,"CLR_more_sig"
0.6,"eld vs kin","111",0.00869782849472028,7.60133926072645e-05,2.06058916007962,4.1191098837321,-2.50261115298695,-3.14999390207836,0.457805899888752,0.456569638199987,"TSS_more_sig"
0.6,"eld vs kin","119",2.1373687279642e-08,9.23646180291231e-06,7.67012054910106,5.03449436143668,3.08829427331425,2.41414652214188,0.320084183701187,0.312890012377498,"CLR_more_sig"
0.6,"eld vs kin","121",5.68227334960719e-13,9.41843124329974e-12,12.2454778780804,11.0260214283234,5.25975258583301,4.59224102818719,0.495852692201062,0.492894203874038,"CLR_more_sig"
0.6,"eld vs kin","124",0.000355343047028635,0.000168016983882765,3.44935217794672,3.77464681569227,3.20194438642644,2.56095258492418,0.425931398774974,0.43317493228139,"TSS_more_sig"
0.6,"eld vs kin","125",1.70347160246401e-05,0.000188817749357914,4.76866510189415,3.72395718331188,3.62176227564245,2.95826994439853,0.53351568290147,0.528367067262744,"CLR_more_sig"
0.6,"eld vs kin","138",3.19661791735745e-12,5.97401157163384e-10,11.4953092706097,9.2237339405046,4.49886125849314,3.87382889382388,0.436094846022441,0.434187850353018,"CLR_more_sig"
0.6,"eld vs kin","139",0.000811561812473848,4.87047651562657e-07,3.0906783966092,6.31242854638636,-3.24333874487167,-4.03483103381317,0.53504073533096,0.539681108226669,"TSS_more_sig"
0.6,"eld vs kin","142",0.00161711244106514,0.0486960607859051,2.79125978167902,1.31250616913728,2.84300945164283,1.98491311657151,0.540284076640504,0.529770804715558,"CLR_more_sig"
0.6,"eld vs kin","151",3.58322336557394e-17,5.00840022275955e-16,16.4457261185956,15.300300973809,5.98567871220753,5.39975873047873,0.479465134952304,0.487003559598581,"CLR_more_sig"
0.6,"eld vs kin","164",8.96010990781987e-08,4.84224637965318e-06,7.04768666309826,5.31495311687661,3.81316479001885,3.24737854676562,0.452415782481904,0.468357944852167,"CLR_more_sig"
0.6,"eld vs kin","169",0.00595121042365441,3.97496067310916e-05,2.22539469362424,4.40066716374617,-2.740728669714,-3.32702491557617,0.532789410071086,0.531410293707417,"TSS_more_sig"
0.6,"eld vs kin","206",0.00039321783277932,0.00184591705174804,3.4053667947513,2.7337878183575,3.36985027106579,2.79528839271062,0.54304375913952,0.550678575775577,"CLR_more_sig"
0.6,"eld vs kin","207",7.07042690524291e-11,4.92802740008977e-06,10.1505543631488,5.30732688613691,4.16478428080415,3.54744985328022,0.458226150519613,0.458053779296388,"CLR_more_sig"
0.6,"eld vs kin","222",4.03405509807765e-08,0.000380707915825816,7.3942581743861,3.41940809307339,3.91056124429069,3.32991452556019,0.501115587646227,0.51208419699066,"CLR_more_sig"
0.6,"eld vs kin","223",0.00211694874557916,0.00844337457342734,2.67428965675697,2.07348394369325,3.08139189745049,2.49709698467611,0.5278831282402,0.535397674700375,"CLR_more_sig"
0.6,"eld vs kin","246",9.13843447620109e-07,0.000187386977708439,6.03912819776521,3.72726059330883,3.56361691933467,2.98235778948717,0.475805926916625,0.473295765793942,"CLR_more_sig"
0.6,"eld vs kin","247",0.0263590038759685,0.0255936834643837,1.57907100604102,1.59186720558859,2.81664895197736,2.12756934060381,0.519453350746038,0.50993432896112,"TSS_more_sig"
0.6,"eld vs kin","265",0.00108061886545218,0.0010436911242236,2.96632745481435,2.98142800985181,3.40193692366231,2.5653989302355,0.463084331047406,0.470936003711556,"TSS_more_sig"
0.6,"eld vs kin","294",0.000117287547765432,9.68769523060765e-05,3.93074809379944,4.01377953230796,3.25731988963967,2.61464636195531,0.434876833133061,0.448431574235906,"TSS_more_sig"
0.6,"eld vs kin","329",9.62412620371549e-06,0.000469326044316205,5.01663869061232,3.32852534480952,3.33884628243684,2.56417872571959,0.435874715490374,0.425431787217978,"CLR_more_sig"
0.6,"eld vs kin","344",1.69213254983492e-09,4.68846340119891e-06,8.77156562037077,5.3289694698062,3.7047588273113,3.10211761366055,0.425256855247122,0.417449636562061,"CLR_more_sig"
0.6,"eld vs kin","435",0.00289537900261965,0.00432250665329257,2.53829457944157,2.36426432957838,3.28009929944533,2.69262950784719,0.552228310786355,0.554534191098991,"CLR_more_sig"
0.6,"eld vs kin","614",0.026937629124218,0.00245582408180793,1.56964063072068,2.60980274625905,-2.33280891794528,-2.83769805516966,0.499193536757306,0.491685707245161,"TSS_more_sig"
0.6,"eld vs kin","652",0.000217450462919194,0.00975585673255365,3.6626396634503,2.0107345860457,2.5480371056562,1.91544484441398,0.354934924660138,0.36405292870854,"CLR_more_sig"
0.6,"eld vs kin","666",1.3377713633473e-06,4.99796185670059e-10,5.87361810489509,9.30120706263287,-3.23595598082534,-3.90413314175464,0.420662453838632,0.427893236284117,"TSS_more_sig"
0.6,"eld vs kin","667",0.00238013096579078,0.00390760924808811,2.62339914539921,2.40808887122853,3.18234284409357,2.58887899035165,0.571685072939554,0.565665011627736,"CLR_more_sig"
0.6,"eld vs kin","670",7.36364637759776e-05,0.0204686612959183,4.13290707567393,1.68891056040576,2.80568959853431,2.09746200708559,0.432379701331111,0.429343521620504,"CLR_more_sig"
0.6,"eld vs kin","728",4.51755259681992e-17,1.78882754461307e-14,16.3450967823474,13.7474315264159,4.77822825002524,4.14425295400399,0.384393522253729,0.390571310631823,"CLR_more_sig"
0.6,"eld vs kin","744",0.00164802157498963,9.00711253556106e-07,2.78303710705783,6.04541441111348,-2.96340334519896,-3.66243344344338,0.521441507774023,0.523924815649549,"TSS_more_sig"
0.6,"eld vs kin","786",4.50623132155413e-05,6.89654243328897e-07,4.34618651809467,6.16136858730521,-3.15091741950213,-3.7337841928081,0.49478587396427,0.504201112382379,"TSS_more_sig"
0.6,"eld vs kin","809",0.00180236499066496,0.0424097598147184,2.74415725698589,1.37253418713562,2.33441395661741,1.7395734144392,0.376684353194235,0.387469943534843,"CLR_more_sig"
0.6,"eld vs kin","825",7.7177457482034e-05,0.01004389832083,4.11250953283525,1.9980976925069,2.79935086595372,2.15729202032811,0.455646236548712,0.457943450607409,"CLR_more_sig"
0.6,"eld vs kin","849",0.0154480190563473,0.000103647465026112,1.81112720349191,3.98444131526461,-2.15248759729441,-2.76619182220523,0.434574386597294,0.434309270645766,"TSS_more_sig"
0.6,"eld vs kin","854",3.56745507067465e-07,5.02510060422968e-06,6.4476414877805,5.29885523909664,3.95434433230927,3.24225155979157,0.465227668396343,0.465739092420178,"CLR_more_sig"
0.6,"eld vs kin","886",7.73486736573788e-12,3.05603965247089e-11,11.1115471290004,10.5148410150382,5.24240331312253,4.63124684855837,0.522353145652588,0.523762782942238,"CLR_more_sig"
0.6,"eld vs kin","888",5.77423420157311e-06,6.31269670351362e-05,5.23850560521662,4.19978507605434,3.45184387713677,2.7566494777646,0.44822180466232,0.443302277625155,"CLR_more_sig"
0.6,"eld vs kin","890",0.0326006109957566,0.0181569815947461,1.48677426037381,1.74095634665742,2.30977618163145,1.71409456259442,0.40646495905042,0.405684763439135,"TSS_more_sig"
0.6,"eld vs kin","891",0.0182954311113911,0.000265140231957815,1.73765735239261,3.57652436811156,-2.68030672051455,-3.38083835427617,0.575802814355931,0.578165823531182,"TSS_more_sig"
0.6,"eld vs kin","895",0.0349394736188844,0.000292796298494723,1.45668364217323,3.53343441789192,-2.57921899363116,-3.10986118790439,0.508094533625508,0.504340815525865,"TSS_more_sig"
0.6,"eld vs kin","922",0.000621981037786508,0.00992971902827523,3.20622285535776,2.0030630401447,2.90660592736419,2.22084708840015,0.474740347923056,0.476544940382718,"CLR_more_sig"
0.6,"eld vs kin","926",0.000272109115512796,0.0342290046699081,3.56525690933896,1.46560572933572,2.74688781854693,2.10277011943087,0.416254303111058,0.417084822073201,"CLR_more_sig"
0.6,"eld vs kin","929",0.00867798773150408,0.0201805058338438,2.06158096818973,1.6950679521678,2.789032376678,2.17865765235493,0.48022271543528,0.468150399120662,"CLR_more_sig"
0.6,"eld vs kin","944",1.1626189536382e-05,0.00115767278632836,4.93456260122017,2.93641417564592,2.61953382101954,1.96747202378821,0.291789034879533,0.293276970850325,"CLR_more_sig"
0.6,"eld vs kin","947",1.85015455837024e-13,1.03590843128099e-09,12.7327919899518,8.98467863218438,4.925013074474,4.26841875059058,0.440212706054456,0.435764605056658,"CLR_more_sig"
0.6,"eld vs kin","978",1.09532581369429e-23,9.97289132758325e-19,22.9604566771321,18.001178913346,6.68990658782275,6.03259948193421,0.407073821820181,0.416274459792417,"CLR_more_sig"
0.6,"eld vs kin","984",5.10844836230577e-18,6.84126007077305e-15,17.2917109922368,14.1648638995397,5.59063217773591,4.91782370865673,0.420389580344396,0.426472336009419,"CLR_more_sig"
0.6,"eld vs kin","988",6.85799747820852e-05,2.46996753188406e-05,4.16380267891783,4.60730875557283,3.71968933980566,3.14379374470474,0.532286625223449,0.520418393888115,"TSS_more_sig"
0.6,"eld vs kin","991",0.00471260624557826,4.32229067613463e-05,2.32673884551862,4.36428602995709,-3.06469159969384,-3.75169233834481,0.563563049887623,0.570267071351811,"TSS_more_sig"
0.6,"eld vs kin","1014",9.9781828371153e-05,4.47450032486455e-08,4.00094854244707,7.34925545605094,-3.6404385320822,-4.33124028491361,0.521333325943149,0.51924209753776,"TSS_more_sig"
0.6,"eld vs kin","1019",0.000562342485553588,0.0184266899307834,3.24999910385595,1.73455267204648,2.57194905866793,2.01410924275359,0.4228840218786,0.429111134302261,"CLR_more_sig"
0.6,"eld vs kin","1020",5.85239079621169e-05,0.00293871514605348,4.23266668135541,2.53184250868501,2.99293451578143,2.33949176066115,0.418198833107201,0.422615476767955,"CLR_more_sig"
0.6,"eld vs kin","1021",0.000349223053831534,5.13839950378588e-07,3.45689709422953,6.28917213293368,-3.23749761309347,-3.87065836977245,0.551283273655989,0.550587505448103,"TSS_more_sig"
0.6,"eld vs kin","1023",0.00692120294442825,0.035457325549017,2.15981841613229,1.45029402516791,2.66295911009933,2.04010530331736,0.475618749146591,0.483146897749853,"CLR_more_sig"
0.6,"eld vs kin","1027",0.000420867185111575,0.0207067557020773,3.37585493474268,1.68388794026917,3.05538767110604,2.44669219623885,0.51364982009556,0.499395638018435,"CLR_more_sig"
0.6,"eld vs kin","1030",4.83744011557849e-14,9.7061858203518e-11,13.3153843982283,10.012951398578,4.91402551007319,4.06602765910988,0.432634150524894,0.433798540793111,"CLR_more_sig"
0.6,"eld vs kin","1043",9.78783897473242e-06,0.00220878647206267,5.00931318408531,2.65584626624136,2.98488934083311,2.27308773853451,0.420103405276726,0.414831931181117,"CLR_more_sig"
0.6,"eld vs kin","1059",0.00043259321980837,0.00496892849168746,3.36392029169972,2.30373725318182,3.38966753571848,2.78735837762574,0.590197475165744,0.587678829098044,"CLR_more_sig"
0.6,"eld vs kin","1074",1.12615889294736e-20,1.90901816502793e-18,19.9484003293231,17.7191899391109,5.60935765692855,5.03872354261197,0.389245101423231,0.394313724791613,"CLR_more_sig"
0.6,"eld vs kin","1076",1.65251186052398e-16,1.34884418831596e-13,15.7818554147823,12.870038214941,5.22820471468685,4.47923981112713,0.426762945334462,0.422431911331768,"CLR_more_sig"
0.6,"eld vs kin","1082",1.03489516166345e-06,0.000310768449370872,5.98510364346038,3.50756307918794,3.55251203497856,2.98895047204177,0.488574564296182,0.50272348150692,"CLR_more_sig"
0.6,"eld vs kin","1089",2.99308627475539e-13,5.66634895433388e-10,12.5238807645797,9.2466966835616,3.61427780182069,2.98071827067737,0.289140137714326,0.29013307313835,"CLR_more_sig"
0.6,"eld vs kin","1098",7.30280519147753e-28,3.81115445733335e-27,27.1365102843777,26.4189434499137,7.62269940475934,6.92791315933315,0.448825537321905,0.4422984778288,"CLR_more_sig"
0.6,"eld vs kin","1104",0.0188564582875168,0.000131632937346555,1.72453987525882,3.88063542745411,-2.16075891637828,-2.83118561935062,0.46734219380089,0.477170428333549,"TSS_more_sig"
0.6,"eld vs kin","1105",2.56203912648046e-06,5.38174752216329e-10,5.59141424216166,9.26907668046734,-3.92896577797842,-4.69728481751592,0.511512711352243,0.513228015047732,"TSS_more_sig"
0.6,"eld vs kin","1108",1.07714178363777e-05,0.000466844115993289,4.96772712697247,3.33082811058049,3.1935390327453,2.45721676926767,0.438655400774797,0.440225814434508,"CLR_more_sig"
0.6,"eld vs kin","1112",0.0319709038170084,4.16282174713607e-05,1.49524508605577,4.38061218529209,-2.89088257106626,-3.62078872487663,0.533557431294234,0.542305384422564,"TSS_more_sig"
0.7,"cent vs mage","4",6.76541846011433e-13,2.31668684344631e-08,12.1697053359033,7.6351326677011,2.46566484955063,1.90480409070629,0.182946539880105,0.182872917206953,"CLR_more_sig"
0.7,"cent vs mage","7",2.353833979704e-13,1.04136269172477e-10,12.6282241720113,9.98239798558898,4.44912976826204,3.85917586907143,0.416453567093212,0.415055173045835,"CLR_more_sig"
0.7,"cent vs mage","8",4.34504148381502e-06,0.000558725167060295,5.36200607281579,3.25280176595996,2.53924140038914,1.97083355263939,0.315066635506586,0.313610614792512,"CLR_more_sig"
0.7,"cent vs mage","9",6.5998459013849e-06,0.00134214539929822,5.18046620460351,2.87220043298048,2.27925525045589,1.72041875459383,0.271802005863639,0.271234699608117,"CLR_more_sig"
0.7,"cent vs mage","11",1.93142265267388e-06,0.000577012295166132,5.7141226792818,3.23881493265724,2.48098089841709,1.91692856631834,0.296587048680784,0.296929741508368,"CLR_more_sig"
0.7,"cent vs mage","14",5.42621216121004e-12,8.8536684905944e-09,11.2655032296232,8.05287674341442,2.96748780968771,2.40988064001336,0.258995065677218,0.259155292727883,"CLR_more_sig"
0.7,"cent vs mage","16",0.000462305479677734,0.0498737402175092,3.33507095886627,1.30212806119981,1.83209049996631,1.2702292518506,0.229487520021626,0.229730130010208,"CLR_more_sig"
0.7,"cent vs mage","19",8.91157057635396e-07,0.000154831868761997,6.05004574910181,3.81013964440889,2.77376903987459,2.21078703550892,0.345317856999016,0.3465161322065,"CLR_more_sig"
0.7,"cent vs mage","20",4.11330860993276e-11,7.96067218085517e-08,10.3858087053795,7.09905025988656,2.94599828283269,2.38140846947078,0.268771020434577,0.268456626228184,"CLR_more_sig"
0.7,"cent vs mage","21",2.24065955899973e-13,1.05412958682191e-09,12.6496241242233,8.97710599692016,3.1256131459023,2.56277738132981,0.261124126496239,0.260991501284485,"CLR_more_sig"
0.7,"cent vs mage","23",8.59255243248056e-07,0.000220944802891364,6.06587780908105,3.65571620954477,2.40132332328593,1.84627967717468,0.266540245390092,0.266773039268741,"CLR_more_sig"
0.7,"cent vs mage","24",8.80329469706671e-11,8.22043755312535e-10,10.0553547595583,9.08510506544651,4.77529378128213,4.20418376495988,0.49031976926904,0.49222528203037,"CLR_more_sig"
0.7,"cent vs mage","26",1.24676380006244e-08,1.34526006642105e-06,7.90421581600489,5.87119374949536,3.33071765697739,2.78146676034091,0.375289438591775,0.372740371024484,"CLR_more_sig"
0.7,"cent vs mage","28",0.00162242056463151,0.0416271059743977,2.78983655750863,1.38062378135532,2.49166896241399,1.93299010943989,0.453141565119505,0.458188285258219,"CLR_more_sig"
0.7,"cent vs mage","30",0.000120521108071092,0.0205091546183004,3.91893688407677,1.68805224076152,1.94916726849611,1.39631804971765,0.238347741452226,0.238341219323317,"CLR_more_sig"
0.7,"cent vs mage","32",1.16440643806523e-08,1.99869527724243e-05,7.93389540198926,4.69925341373576,2.40621773876175,1.84688581025196,0.22877835212215,0.22860964710007,"CLR_more_sig"
0.7,"cent vs mage","36",3.4140285084249e-06,0.00201504662102787,5.46673285668352,2.69571490137353,1.99963229862602,1.441757050146,0.203350264717992,0.203208168993326,"CLR_more_sig"
0.7,"cent vs mage","37",0.000993603611768678,0.0354352540190636,3.00278683849564,1.4505644496336,2.17050411801078,1.60119231482113,0.335911315112855,0.33534650122315,"CLR_more_sig"
0.7,"cent vs mage","39",1.901309287312e-10,8.29867750012607e-08,9.72094723040061,7.08099111246254,3.83492096523517,3.29666843481009,0.413975237293885,0.415288557283369,"CLR_more_sig"
0.7,"cent vs mage","42",1.14867924814591e-09,1.84438493083274e-07,8.93980122475587,6.73414843475176,3.72122974923295,3.1921243569258,0.41460108302234,0.413873533331094,"CLR_more_sig"
0.7,"cent vs mage","44",0.000570456017455248,0.0376689011674267,3.24377783435327,1.42401704833625,2.07104187118415,1.50550883376357,0.300420143582367,0.300506278422077,"CLR_more_sig"
0.7,"cent vs mage","47",0.000746871979149271,0.00667943985577362,3.1267538339461,2.1752599563488,2.78080969150938,2.2750139325181,0.495715902440529,0.488896601999477,"CLR_more_sig"
0.7,"cent vs mage","55",3.03032650072798e-06,0.000278542321702052,5.51851057617582,3.5551088088017,2.75341798877666,2.19171601277429,0.359123205953223,0.356473980231544,"CLR_more_sig"
0.7,"cent vs mage","56",1.74585628856638e-08,4.17860550309041e-05,7.75799150842617,4.37896862811891,3.25552645888266,2.67516605718487,0.373053920638912,0.376765963223033,"CLR_more_sig"
0.7,"cent vs mage","61",0.000163369153720939,0.0132645089743332,3.78682994066413,1.87730882209964,2.139794252206,1.58068401642072,0.281545218075455,0.283747640989098,"CLR_more_sig"
0.7,"cent vs mage","69",3.56526615704869e-06,0.00138884790066638,5.4479080433092,2.85734531331077,2.91873848439594,2.38743503760308,0.387131209109779,0.38814447421968,"CLR_more_sig"
0.7,"cent vs mage","90",8.78871422447536e-08,4.61845731438302e-05,7.05607465690123,4.33550306594468,2.62296052365339,2.04819150893406,0.281670405890976,0.277690613881466,"CLR_more_sig"
0.7,"cent vs mage","92",6.05371961494003e-06,0.000656242926345752,5.21797769776733,3.18293536482875,2.18632130711078,1.63920751884052,0.239512756453268,0.240069255678145,"CLR_more_sig"
0.7,"cent vs mage","95",0.0010258661638315,0.0113622584787442,2.9889092942932,1.94453533522991,2.33478962669119,1.81637616039044,0.374639927302822,0.368673922754563,"CLR_more_sig"
0.7,"cent vs mage","106",5.06052637407939e-08,2.3466669105547e-06,7.29580430737589,5.62954855044152,3.00839410022326,2.46149549428878,0.339573013580376,0.333197779623567,"CLR_more_sig"
0.7,"cent vs mage","114",0.00113090908246564,2.31867048974281e-07,2.9465723080459,6.63476096531387,-3.38307297601978,-3.90533284777035,0.481589560105656,0.486387144576091,"TSS_more_sig"
0.7,"cent vs mage","119",2.16517968341862e-05,0.000848539799373748,4.66450605668747,3.07132778299505,2.13002828836474,1.57045077696306,0.239686018389965,0.235244430084833,"CLR_more_sig"
0.7,"cent vs mage","132",7.74934406714756e-05,1.29896018709793e-11,4.11073505621293,10.8864041597727,-4.00699053589189,-4.60679350937383,0.48758263120761,0.482354220571627,"TSS_more_sig"
0.7,"cent vs mage","142",2.58834426532528e-06,0.000320425765464134,5.58697796038834,3.49427256952601,3.84472887954816,3.34324787996887,0.536355483107714,0.533633729222366,"CLR_more_sig"
0.7,"cent vs mage","143",0.000156093458055397,1.12137494478629e-09,3.80661529802648,8.95024915169982,-3.51259810854443,-4.04110487942104,0.44668244818688,0.443434119145721,"TSS_more_sig"
0.7,"cent vs mage","168",3.39779207862168e-06,7.92843786208656e-05,5.46880320047288,4.10081237317503,3.7874271172177,3.28770462762325,0.457934441966764,0.448549025220383,"CLR_more_sig"
0.7,"cent vs mage","210",6.61023554126415e-05,3.66377692073705e-11,4.17978306510608,10.4360709774284,-4.16838547435179,-4.60533893977181,0.476474325205443,0.459719070167813,"TSS_more_sig"
0.7,"cent vs mage","212",0.000171016478558863,0.00207309396252251,3.76696204047111,2.68338101315929,2.62260162764126,2.0340805819173,0.363073505170881,0.376365097425707,"CLR_more_sig"
0.7,"cent vs mage","219",0.0123309642778559,4.37042879211878e-08,1.90900296037287,7.35947595137845,-3.69910018665849,-4.15683569352534,0.469779402316179,0.460693518702665,"TSS_more_sig"
0.7,"cent vs mage","294",0.000293293510910906,0.00538170375772406,3.53269754563439,2.26908021216994,3.17646562818275,2.52725550711077,0.392958637837179,0.389960110020829,"CLR_more_sig"
0.7,"cent vs mage","353",0.0331892783410819,7.34680131244889e-07,1.47900219067345,6.13390170509558,-2.86978437490311,-3.40116432869028,0.448496515969871,0.445253528448352,"TSS_more_sig"
0.7,"cent vs mage","652",0.000271661071496416,0.0011030365780663,3.56597259067878,2.95741008557526,2.64675611403815,2.03451976320473,0.31911525334322,0.312910041363311,"CLR_more_sig"
0.7,"cent vs mage","671",1.88286526415708e-06,0.000168273935250596,5.72518075652432,3.77398314875074,2.81440176964936,2.26574931190149,0.363598754512318,0.362444665155021,"CLR_more_sig"
0.7,"cent vs mage","728",5.16320334555398e-08,3.01416588673156e-05,7.28708077053423,4.52083284966252,2.78477455470029,2.22373130919449,0.299860468880371,0.305873362883196,"CLR_more_sig"
0.7,"cent vs mage","762",2.4049944039191e-05,0.00422254591726214,4.61888592983064,2.3744256190796,2.85482761388477,2.24939914013119,0.383493449065741,0.387792821288042,"CLR_more_sig"
0.7,"cent vs mage","788",0.00175055776015639,0.0393637648035318,2.7568235549913,1.40490337174455,2.86874485423945,2.29089634165222,0.537255859196924,0.535341121119254,"CLR_more_sig"
0.7,"cent vs mage","798",0.00501469462714565,0.032386210288233,2.29975550846281,1.48963986851345,2.50348044392173,1.96701880624445,0.436899759420341,0.428860235979771,"CLR_more_sig"
0.7,"cent vs mage","814",0.00134183527163257,0.0453200282809368,2.87230079639661,1.34370982779692,2.59230481539022,2.09487999953359,0.462594291929941,0.469584361455699,"CLR_more_sig"
0.7,"cent vs mage","829",1.79962399321617e-05,0.000360409500495489,4.74481822530202,3.44320376941777,2.85184750402292,2.30955036148161,0.397201935062017,0.39926776986113,"CLR_more_sig"
0.7,"cent vs mage","834",0.000419193927909101,0.00907742980456356,3.3775850168036,2.04203710078561,2.50392755612011,1.94283253177189,0.391989876036663,0.394351538664664,"CLR_more_sig"
0.7,"cent vs mage","848",5.90061102626835e-05,0.0124077459263984,4.229103013511,1.9063071081581,2.63227709210699,2.06579921546234,0.341865429749358,0.333779821118648,"CLR_more_sig"
0.7,"cent vs mage","854",3.4161029691185e-07,0.000125603878154415,6.4664690471616,3.90099695108401,3.75657944571369,3.10303775843919,0.460507136203928,0.468528224479286,"CLR_more_sig"
0.7,"cent vs mage","857",8.18965307069193e-05,0.000195037049705397,4.08673449539164,3.70988288117994,2.74508486558052,2.18983328163481,0.341266516446812,0.338247893938578,"CLR_more_sig"
0.7,"cent vs mage","886",1.86225991857855e-05,0.000329715166549188,4.72995970395267,3.4818610753102,3.5105555757597,3.07336233444942,0.534694911754485,0.524541329219289,"CLR_more_sig"
0.7,"cent vs mage","921",0.0013862164459161,8.29926803692464e-09,2.85816895303744,8.08096020901458,-3.53156397322299,-4.01364522512928,0.472694799376592,0.464975909679439,"TSS_more_sig"
0.7,"cent vs mage","944",0.00108185123972507,0.0498574792261285,2.96583245291535,1.30226968302954,1.98042455870548,1.39115633228834,0.283288787468066,0.279953603544681,"CLR_more_sig"
0.7,"cent vs mage","947",0.000158059803578749,0.00520527855977589,3.80117856209513,2.28355602432127,2.80650253693807,2.2980987681027,0.414665979763414,0.417285338560898,"CLR_more_sig"
0.7,"cent vs mage","978",3.93557550946462e-06,1.07410388046946e-05,5.40499175064694,4.9689537144158,3.60629714415401,3.09987011629196,0.435928361050388,0.453714157066304,"CLR_more_sig"
0.7,"cent vs mage","984",0.000471015770188113,0.00421668243230356,3.32696455191352,2.37502910543321,2.91265212198331,2.46342954574183,0.427615452994978,0.416288459108552,"CLR_more_sig"
0.7,"cent vs mage","989",4.45127949752632e-05,0.0319041179514395,4.35151513534623,1.4961532577527,2.74754729595671,2.10856783818295,0.378435750770867,0.373906365386407,"CLR_more_sig"
0.7,"cent vs mage","1017",0.00137623564345607,0.0249726573985286,2.86130719844732,1.60253524090415,2.55840582790839,1.99698566938787,0.386481053582268,0.394161756039041,"CLR_more_sig"
0.7,"cent vs mage","1019",0.0355581312281933,4.16248292557991e-05,1.44906107162224,4.38064753494908,-2.31348059183809,-2.96823697849166,0.399949368586773,0.406121630668351,"TSS_more_sig"
0.7,"cent vs mage","1030",0.000123305243153157,0.00282059855692421,3.90901845605576,2.54965872062197,2.83563754597271,2.21566529127103,0.401295162474004,0.41176182058834,"CLR_more_sig"
0.7,"cent vs mage","1043",3.04395972665274e-07,1.23802465652458e-05,6.51656109783057,4.90727070581192,3.03413477789742,2.5121360818906,0.324935601940693,0.330710168184434,"CLR_more_sig"
0.7,"cent vs mage","1074",1.46760491067906e-09,1.98812784188684e-06,8.83339084374271,5.70155569275516,3.5740829383328,3.01384309046692,0.375604661884452,0.384917370877031,"CLR_more_sig"
0.7,"cent vs mage","1076",0.000354295921317885,0.00380141627088111,3.45063384726979,2.42005457074208,2.82433266607855,2.3635898086745,0.419880822238085,0.419796725483518,"CLR_more_sig"
0.7,"cent vs mage","1087",1.96801316647923e-08,1.19325115827095e-06,7.7059720003609,5.92326813539839,4.15502237136128,3.63687257636539,0.502258604419816,0.49497137704236,"CLR_more_sig"
0.7,"cent vs mage","1089",0.000676925701494349,0.0387695062861158,3.16945899631008,1.41150972952105,1.91764207273859,1.36593604829514,0.263305335598185,0.263429519049716,"CLR_more_sig"
0.7,"cent vs mage","1091",0.00573881591790698,0.0166041868730618,2.24117770574954,1.77978238746632,2.9659696890281,2.47111981491884,0.484305947922919,0.483335836607732,"CLR_more_sig"
0.7,"cent vs mage","1098",4.6905205454341e-14,3.31226046309271e-11,13.328778957399,10.47987551934,4.77754188210275,4.23177864876087,0.442224143361104,0.443473283771084,"CLR_more_sig"
0.7,"eld vs kin","3",1.54155332249273e-09,3.17780524117239e-13,8.81204144838552,12.4978727230116,-4.12624900252205,-4.77727717042,0.447164343271452,0.446774753871074,"TSS_more_sig"
0.7,"eld vs kin","4",5.47152073923172e-19,8.03589435644749e-08,18.2618919502906,7.09496578132069,3.10237341417688,2.44278873620089,0.220187750288896,0.220660881839891,"CLR_more_sig"
0.7,"eld vs kin","5",0.0050956282757193,6.53275707144403e-06,2.29280226114605,5.18490349128102,-2.15922653302497,-2.83232516905796,0.384471546936882,0.383509664359483,"TSS_more_sig"
0.7,"eld vs kin","7",2.68502979116156e-33,6.1541518424527e-29,32.5710508913181,28.2108317925335,8.18744922770724,7.51635504701907,0.466569292542557,0.46493148303123,"CLR_more_sig"
0.7,"eld vs kin","8",1.59265931221578e-05,0.039171523631844,4.79787711475043,1.40702953562515,2.60353673788765,1.95531828670294,0.393339294701419,0.396283797186292,"CLR_more_sig"
0.7,"eld vs kin","10",0.0293064065819673,0.000403136713443585,1.53303742950751,3.3945476490811,-2.11573943356164,-2.76612548673926,0.47309350710718,0.471279629683964,"TSS_more_sig"
0.7,"eld vs kin","11",9.23809852309126e-15,1.67674322469749e-07,14.0344174103719,6.7755334398598,3.80536658602847,3.15999314377,0.348448705346108,0.361143958551556,"CLR_more_sig"
0.7,"eld vs kin","14",8.61894170492779e-17,1.03116320235343e-07,16.0645460566725,6.98667259342424,3.43243201266503,2.77619409656732,0.275916216342639,0.277275984576793,"CLR_more_sig"
0.7,"eld vs kin","15",1.33099722122281e-08,0.00011395370102298,7.87582285121868,3.9432715651062,3.53581765879133,2.88622406307308,0.430861365710351,0.433031162939052,"CLR_more_sig"
0.7,"eld vs kin","16",2.76744662172759e-19,1.54005434370009e-09,18.5579207470031,8.81246395399947,3.6000558228229,2.93617580547829,0.266710037101576,0.267487275375378,"CLR_more_sig"
0.7,"eld vs kin","21",4.6939537902555e-27,3.94276133172641e-17,26.3284611901392,16.4041995114004,4.66519076544579,4.00123953624416,0.292652996651823,0.292474966418523,"CLR_more_sig"
0.7,"eld vs kin","23",5.11705404189969e-11,0.000332377302490018,10.2909799963609,3.47836864114516,2.98878758269707,2.31541642480344,0.310005853484362,0.306971106603515,"CLR_more_sig"
0.7,"eld vs kin","25",7.95502741890301e-10,6.91578244105959e-05,9.0993583191151,4.16015867736073,3.62021766304731,2.96382755190558,0.421822204164588,0.421051142955489,"CLR_more_sig"
0.7,"eld vs kin","26",8.4380764676578e-09,0.00126158505618262,8.07375654326661,2.89908346398469,3.02385139123188,2.37026249887096,0.363611428722105,0.364241545525649,"CLR_more_sig"
0.7,"eld vs kin","29",5.61964373944206e-12,9.43209445696773e-05,11.2502912159076,4.02539185868328,3.02478073253236,2.3613697801756,0.291192983187598,0.291121182525717,"CLR_more_sig"
0.7,"eld vs kin","31",5.4980229390167e-08,3.82434137792599e-05,7.25979345251227,4.41744334758522,4.15328623481012,3.56457281784338,0.531458750159964,0.539527391870587,"CLR_more_sig"
0.7,"eld vs kin","33",0.00325385258063129,1.28957730905682e-05,2.48760212714245,4.88955261716283,-2.59847877000227,-3.29011203191936,0.458063829697305,0.46209934453606,"TSS_more_sig"
0.7,"eld vs kin","36",2.25439848666395e-10,0.00126869439693119,9.64696931576848,2.89664297814971,2.690860019864,2.03860784615255,0.261889966416454,0.262824019894175,"CLR_more_sig"
0.7,"eld vs kin","47",3.51997727569857e-06,0.00498167453584035,5.4534601402351,2.30262464932174,3.39243226736259,2.81197021387462,0.526425602572452,0.537283992637377,"CLR_more_sig"
0.7,"eld vs kin","49",2.61865311398796e-06,0.0358877241206489,5.58192202759943,1.445054082296,2.56380340827299,1.91431808198136,0.362560805677027,0.363093143896943,"CLR_more_sig"
0.7,"eld vs kin","55",1.35585067118308e-07,0.00359453383531162,6.86778813956363,2.44435742402352,3.06972043694814,2.43237260547442,0.411510428588085,0.413468027652917,"CLR_more_sig"
0.7,"eld vs kin","61",3.16272664047723e-07,0.0082906475065893,6.49993834322898,2.0814115493584,2.80654819025072,2.17824616113934,0.366928479963487,0.374768640430926,"CLR_more_sig"
0.7,"eld vs kin","65",0.00477376547565969,0.000108115636921181,2.32113892071442,3.96611148886389,-2.05958771296806,-2.70254466007355,0.364043555754678,0.366748358718213,"TSS_more_sig"
0.7,"eld vs kin","67",6.95967379675995e-09,5.68646287465076e-11,8.15741111550253,10.2451577918976,-4.72709712234284,-5.45242364527185,0.563011228464871,0.5689208026524,"TSS_more_sig"
0.7,"eld vs kin","70",1.3903807977617e-05,0.00820988245962253,4.85686623879797,2.08566306060318,3.16795349088538,2.54352468316291,0.512425456443431,0.528037822471117,"CLR_more_sig"
0.7,"eld vs kin","71",2.43003326340265e-05,0.0293128764446921,4.61438778154023,1.53294156256591,3.19420762277474,2.65291012106121,0.533538747704615,0.521230357951591,"CLR_more_sig"
0.7,"eld vs kin","74",5.38980206393423e-11,5.57369328258937e-06,10.2684271836295,5.25385693396215,4.36658769594488,3.70858870224775,0.485901252817599,0.501802970207669,"CLR_more_sig"
0.7,"eld vs kin","77",3.65344841275748e-08,0.00334458896841575,7.43729702057904,2.47565724701943,2.91793270491527,2.31496750081939,0.364443846412323,0.375697232097204,"CLR_more_sig"
0.7,"eld vs kin","79",8.67773560415725e-05,5.75642399581948e-07,4.06159358621934,6.23984722511363,-3.09148792509711,-3.79955971377413,0.48347062878581,0.485516596432556,"TSS_more_sig"
0.7,"eld vs kin","80",3.62919060194495e-10,0.000325933183473613,9.44019022243069,3.4868714214746,3.04792872441268,2.44828733210531,0.345342571028807,0.357011418914733,"CLR_more_sig"
0.7,"eld vs kin","82",0.000413454142483309,2.53875010912803e-05,3.3835726524255,4.59538004491901,-3.20029805912484,-3.9958198024692,0.602567969453586,0.611032728448463,"TSS_more_sig"
0.7,"eld vs kin","83",0.00115219735636632,7.62407899882909e-06,2.93847312556569,5.11781261229394,-2.79727781094828,-3.512572011791,0.516172092405302,0.526659323217688,"TSS_more_sig"
0.7,"eld vs kin","84",6.18145440879403e-05,2.58742208764755e-07,4.20890932953907,6.58713271879655,-3.09329871178353,-3.81613218778337,0.484159913156244,0.485305322229808,"TSS_more_sig"
0.7,"eld vs kin","87",0.0126976244730562,0.000702092541671502,1.89627752114977,3.15360564045075,-2.26579340710271,-2.84648910767195,0.527754742719247,0.529575198505839,"TSS_more_sig"
0.7,"eld vs kin","89",1.58416850905644e-17,2.147014291053e-13,16.8001986240969,12.6681650647837,5.50172174335171,4.7947541553034,0.443230544927792,0.432930889962305,"CLR_more_sig"
0.7,"eld vs kin","91",1.45649891866338e-05,7.91827381269202e-07,4.83668983346591,6.10136948448768,-3.70086680127117,-4.34735924377007,0.571946182636823,0.58427477065925,"TSS_more_sig"
0.7,"eld vs kin","100",0.0112236657515121,1.07490895703795e-05,1.94986527537558,4.9686283181953,-3.04716447131911,-3.74507112776447,0.566765683142049,0.564297919260075,"TSS_more_sig"
0.7,"eld vs kin","103",8.30121337080782e-06,0.0238360794117935,5.08085842307789,1.62276517635825,2.88825586567827,2.30484923004857,0.454793932848276,0.462276905523393,"CLR_more_sig"
0.7,"eld vs kin","111",0.00194077607029865,1.44285772678089e-05,2.71202457128033,4.84077649047284,-2.56670415031983,-3.25534871501215,0.457793676437521,0.459734514450278,"TSS_more_sig"
0.7,"eld vs kin","119",1.20545739464326e-11,0.000830135807913563,10.9188481346008,3.08085085244,3.06453522271878,2.35302233613674,0.316364066901922,0.309791990874881,"CLR_more_sig"
0.7,"eld vs kin","121",3.83700685696202e-16,1.38286256422104e-10,15.4160074246906,9.85922098009774,5.24823811900029,4.61163464479104,0.500480538759467,0.495444697192608,"CLR_more_sig"
0.7,"eld vs kin","124",1.67293305010402e-06,0.00214499217052861,5.77652143892534,2.66857428870183,3.20934447099126,2.51768671384623,0.438362256243667,0.431474754895401,"CLR_more_sig"
0.7,"eld vs kin","125",2.506441346284e-06,0.00420271809379956,5.60094245394071,2.37646974023803,3.65662873443395,2.9197308137816,0.555067996596821,0.531912863980421,"CLR_more_sig"
0.7,"eld vs kin","130",0.0133284711564071,0.00132758675964622,1.87521966352049,2.87693708756899,-2.64756226028514,-3.25543124960338,0.585903350926647,0.58415577640166,"TSS_more_sig"
0.7,"eld vs kin","138",4.16683463333131e-13,7.3679126000151e-08,12.3801937347855,7.13265553448823,4.48602682899848,3.83361699034296,0.430716236770623,0.435061198829053,"CLR_more_sig"
0.7,"eld vs kin","139",6.92852665683762e-05,3.00478164610818e-06,4.15935910778845,5.52218708217566,-3.36022055011796,-3.95648668348609,0.52172989927382,0.540706173975674,"TSS_more_sig"
0.7,"eld vs kin","151",3.80765550723067e-18,1.70662028854635e-15,17.4193423507488,14.7678630957177,5.98770113053092,5.38475778322421,0.479966934730582,0.483714635780847,"CLR_more_sig"
0.7,"eld vs kin","164",2.7144621064568e-09,6.95143370826364e-05,8.56631621666131,4.15792561449286,3.8851847653867,3.13134381863681,0.461801139815943,0.454728312988018,"CLR_more_sig"
0.7,"eld vs kin","169",0.00161653664147084,6.85600403857461e-06,2.79141444693969,5.16392893526074,-2.71101378329311,-3.43412195334353,0.521475968114577,0.526651419020171,"TSS_more_sig"
0.7,"eld vs kin","172",0.0113565294962038,5.72824340711815e-05,1.94475436676977,4.24197853606991,-2.1824334151021,-2.78624084546407,0.461702950898546,0.45964481511208,"TSS_more_sig"
0.7,"eld vs kin","206",1.9808206860373e-06,0.00628590154375593,5.70315483722735,2.20163242563126,3.42650207273115,2.81774041966371,0.547056104133714,0.54494183472378,"CLR_more_sig"
0.7,"eld vs kin","207",1.39651335505184e-10,1.16136248455378e-06,9.85495490672446,5.93503220707351,4.09584133883178,3.56428749464572,0.457233725909068,0.461671835171405,"CLR_more_sig"
0.7,"eld vs kin","222",2.11727443921666e-08,0.000214574584865495,7.67422284547015,3.6684217190258,3.89994281070665,3.27570531719497,0.499689349000363,0.508011776256279,"CLR_more_sig"
0.7,"eld vs kin","246",9.20666818295697e-07,0.00648129215452774,6.035897508951,2.18833840159275,3.47127096412375,2.83343549215234,0.475585238986733,0.472926616225081,"CLR_more_sig"
0.7,"eld vs kin","265",3.0432509971183e-06,0.0329682354876746,5.5166622270148,1.48190429636528,3.35720075039427,2.69650367682151,0.477586136807555,0.484188214296354,"CLR_more_sig"
0.7,"eld vs kin","267",0.0398483737389318,0.000846512040114306,1.39958939799735,3.07236686045166,-2.61335367774902,-3.25348206694638,0.606831375350815,0.599110501169495,"TSS_more_sig"
0.7,"eld vs kin","282",0.0296921395777063,0.000119304627987915,1.52735850656994,3.92334270913243,-2.22030301076438,-3.00320439736009,0.476689982418895,0.469668595547844,"TSS_more_sig"
0.7,"eld vs kin","294",1.66581388481359e-06,0.00653396108598579,5.77837352232517,2.18482345636073,3.222556047929,2.56701971550304,0.447841828336535,0.44398704561328,"CLR_more_sig"
0.7,"eld vs kin","329",9.2000050542421e-07,0.00721968263909956,6.03621193406435,2.14148189261278,3.37972026264369,2.61896987400941,0.436301726372753,0.418997590388613,"CLR_more_sig"
0.7,"eld vs kin","344",1.91213826954334e-08,1.94502755437587e-05,7.71848070644878,4.71107424182998,3.72932226756653,3.04832008427397,0.429324015605871,0.429517840313251,"CLR_more_sig"
0.7,"eld vs kin","435",4.40899689426805e-05,0.0162101874312471,4.355660207094,1.79021196356692,3.31144104922483,2.75086377846699,0.552516396022031,0.564975357935636,"CLR_more_sig"
0.7,"eld vs kin","473",0.0419091382955397,0.00237362233594068,1.37769126871374,2.62458837993264,-2.02964218264915,-2.69018538030346,0.539872123220997,0.532725927308182,"TSS_more_sig"
0.7,"eld vs kin","614",0.0397355142411305,0.000253329411238202,1.40082116214526,3.59631438621831,-2.30947542493827,-3.03357191067144,0.485462592690044,0.499191783016222,"TSS_more_sig"
0.7,"eld vs kin","616",0.0245744682163156,0.000172467291043218,1.60951587138875,3.76329325807706,-2.0399280724536,-2.70679986939215,0.428775372833226,0.432075338073726,"TSS_more_sig"
0.7,"eld vs kin","666",6.79121944837761e-06,1.5181189465252e-10,5.16805223571208,9.81869419958958,-3.29096380769545,-3.92083682386491,0.428747915864182,0.418414134307691,"TSS_more_sig"
0.7,"eld vs kin","670",4.94289867035095e-05,0.0251585842466808,4.30601829250473,1.5993138016669,2.68213699913671,2.12895132062668,0.421878971317327,0.414061473802533,"CLR_more_sig"
0.7,"eld vs kin","728",8.55977708643697e-19,5.82261858185477e-12,18.0675375450648,11.2348816579808,4.71441709603827,4.08621735121955,0.375655440482558,0.384018798807026,"CLR_more_sig"
0.7,"eld vs kin","744",0.000930855489526298,1.6587829865217e-06,3.03111773574545,5.7802104276712,-2.98111399959927,-3.6716740552523,0.51652719712913,0.5306538118645,"TSS_more_sig"
0.7,"eld vs kin","770",0.0256859793168728,0.000124897829497258,1.59030387148895,3.90344510882806,-1.98962442779597,-2.63659078348916,0.435392474851174,0.432033634808303,"TSS_more_sig"
0.7,"eld vs kin","786",5.60905728092025e-05,6.7873242286146e-07,4.25111012485756,6.16830140418486,-3.09785382564337,-3.93071690403755,0.50465294128792,0.512941958527705,"TSS_more_sig"
0.7,"eld vs kin","825",4.35116225639251e-05,0.0237595420283175,4.36139472140918,1.6241619347553,2.73566079697543,2.03453420181401,0.442139453129725,0.456556936135644,"CLR_more_sig"
0.7,"eld vs kin","849",0.0186801296527083,0.000123167364901001,1.72862011379863,3.90950434997156,-2.18556171159331,-2.81516994732294,0.440836938021975,0.438149374961946,"TSS_more_sig"
0.7,"eld vs kin","854",1.94040911463515e-08,4.24340103576335e-05,7.71210669404059,4.37228592194805,3.96797131139535,3.20367422709779,0.477093672650887,0.463319910303968,"CLR_more_sig"
0.7,"eld vs kin","879",0.0196207808658993,0.000174841072636389,1.70728371260322,3.75735653781133,-2.01228831041724,-2.60305648105055,0.416840297720104,0.415180660148557,"TSS_more_sig"
0.7,"eld vs kin","886",1.50497978926702e-14,1.46617696819103e-08,13.8224693322753,7.83381360700024,5.16964173017391,4.57175573265523,0.518608819302665,0.528368765223045,"CLR_more_sig"
0.7,"eld vs kin","888",3.92370423408147e-08,0.00131675283254109,7.40630373685464,2.88049573873419,3.40154991145155,2.78990891495191,0.446588675963655,0.450341509890099,"CLR_more_sig"
0.7,"eld vs kin","891",0.0205039306958179,0.00314725584182825,1.68816287475567,2.50206795166002,-2.63544165960799,-3.28080445574448,0.580363066316438,0.569106188851451,"TSS_more_sig"
0.7,"eld vs kin","895",0.0137991660175659,0.000313563337856868,1.86014716033165,3.50367472117012,-2.50427017711137,-3.12601822206273,0.509662842253827,0.494248554432682,"TSS_more_sig"
0.7,"eld vs kin","922",0.000294039181601549,0.0284006063315113,3.5315947946914,1.54667238799456,2.84312316808278,2.1469635299624,0.464391487376296,0.479801214432682,"CLR_more_sig"
0.7,"eld vs kin","944",3.50714250371939e-08,0.00806952980330949,7.4550465873202,2.09315177008304,2.60512904472681,1.94388048694897,0.294849923190737,0.296145278438824,"CLR_more_sig"
0.7,"eld vs kin","947",3.25331513929534e-17,4.7095075589925e-09,16.4876738658211,8.32702450170189,4.85075295075018,4.15905907658577,0.425552096292614,0.42481991634794,"CLR_more_sig"
0.7,"eld vs kin","978",5.58428441952545e-30,3.58811273878701e-24,29.2530324702766,23.4451339198465,6.68268600703943,5.97721043873549,0.412387073880299,0.40702458780775,"CLR_more_sig"
0.7,"eld vs kin","984",1.22852354236389e-21,4.27005238670598e-14,20.9106165166599,13.3695667968443,5.47342873512227,4.88793226023902,0.411628589173602,0.424150154078983,"CLR_more_sig"
0.7,"eld vs kin","988",8.24163410095933e-08,0.00105125207150597,7.08398667050322,2.97829313541023,3.72863456672786,3.02744762304784,0.520760005738254,0.529402348767952,"CLR_more_sig"
0.7,"eld vs kin","991",0.00016132475329493,3.47142822843284e-05,3.79229899036299,4.45949180932657,-3.17686375028061,-3.90134867890818,0.567233522707499,0.575311014031512,"TSS_more_sig"
0.7,"eld vs kin","1014",4.21265605081136e-06,4.50138940274256e-09,5.3754439981085,8.3466534158224,-3.67758939511653,-4.39114209901694,0.517405401058884,0.526123410463592,"TSS_more_sig"
0.7,"eld vs kin","1019",7.32010688677554e-05,0.0399444682771588,4.13548257741184,1.3985433556002,2.64336510386158,1.97404711787399,0.431888376666496,0.431116764495251,"CLR_more_sig"
0.7,"eld vs kin","1020",1.35370416344138e-06,0.0194251462306687,5.86847623537234,1.71163570318684,2.93727740545735,2.29155290368987,0.419150366585323,0.427059444608924,"CLR_more_sig"
0.7,"eld vs kin","1021",0.000102694947215311,1.153806954876e-06,3.98845092398298,5.93786684754535,-3.19159001989632,-3.81290919976784,0.560396834003076,0.547822878054555,"TSS_more_sig"
0.7,"eld vs kin","1027",2.10814180722495e-05,0.00597463343380192,4.6761001790269,2.22368873515985,3.06708187079792,2.51147811300087,0.506300733989516,0.50355886033916,"CLR_more_sig"
0.7,"eld vs kin","1030",3.64291515665866e-16,7.71501862925557e-08,15.4385509433406,7.11266302091993,4.77290851551243,3.99850225643678,0.421901089423801,0.423934127470225,"CLR_more_sig"
0.7,"eld vs kin","1043",2.2786303755392e-06,0.0161011340094285,5.64232611750621,1.79314353535364,3.06641695648291,2.31297619916152,0.433227548796535,0.415040958834386,"CLR_more_sig"
0.7,"eld vs kin","1059",0.000249940073444464,0.0170588020642735,3.60216410689659,1.76805146995293,3.34468595542812,2.72382574237083,0.591997101322396,0.590473182144763,"CLR_more_sig"
0.7,"eld vs kin","1074",4.40783981716443e-25,4.46486739159292e-17,24.3557741963218,16.3501914353095,5.59963275060455,5.06541076832744,0.394261565855517,0.40281155302198,"CLR_more_sig"
0.7,"eld vs kin","1076",3.21675506307591e-17,1.1466667154822e-12,16.4925820068022,11.9405627936595,5.09716772027434,4.52832151653311,0.425583894689508,0.422581559591897,"CLR_more_sig"
0.7,"eld vs kin","1082",3.1096657116842e-07,0.00211994778980876,6.50728629501626,2.67367483476803,3.53608758880204,2.86616614851931,0.482884718588908,0.499590066777241,"CLR_more_sig"
0.7,"eld vs kin","1089",7.83333827407902e-17,1.65049124144721e-08,16.1060531185239,7.78238677596938,3.59148046644078,2.92470412094061,0.28922094660583,0.28838337914467,"CLR_more_sig"
0.7,"eld vs kin","1098",1.56925331739725e-32,1.39899872841079e-25,31.8043069445789,24.8541826802504,7.54661886960709,6.88746752678012,0.437271979283855,0.44023082562326,"CLR_more_sig"
0.7,"eld vs kin","1104",0.0236856383899119,0.00082577506839275,1.62551490540595,3.08313823338055,-2.14886683390346,-2.92465232473838,0.4718260788671,0.480299967313166,"TSS_more_sig"
0.7,"eld vs kin","1105",3.46361223781006e-07,1.73576458838914e-10,6.4604707345547,9.76050917598915,-3.92079953074532,-4.73353944148665,0.508768439527781,0.50858145785611,"TSS_more_sig"
0.7,"eld vs kin","1108",2.64811562652865e-05,0.00933592788916753,4.57706305591397,2.02984251144615,3.06076845451948,2.45505740464481,0.435640981901165,0.444276491539351,"CLR_more_sig"
0.7,"eld vs kin","1112",0.000323747975221191,2.91538267050149e-05,3.489792939059,4.53530443206119,-2.9787068361273,-3.67296878072912,0.532016555424904,0.531720799193038,"TSS_more_sig"
0.8,"cent vs mage","4",4.23924297401339e-16,4.66994323474275e-05,15.3727116909455,4.33068839844627,2.65826638202763,1.76233762417979,0.182846745081997,0.182915283881515,"CLR_more_sig"
0.8,"cent vs mage","7",2.28257875932549e-15,3.10251133896888e-09,14.6415742284047,8.5082866225794,4.62116148585576,3.73896568334917,0.416259785880045,0.416051158827027,"CLR_more_sig"
0.8,"cent vs mage","8",6.3484443988364e-08,0.00861155050595094,7.19733267971065,2.06491864697208,2.72121041725653,1.83350766671363,0.313738139684092,0.313257503866741,"CLR_more_sig"
0.8,"cent vs mage","9",9.82428433300827e-08,0.0225737436786375,7.00769907673329,1.64639641060993,2.46367227416648,1.57281198648618,0.271347759866468,0.271721519771877,"CLR_more_sig"
0.8,"cent vs mage","11",7.7916483344294e-08,0.00814606957511003,7.10837065698459,2.08905188495008,2.67487200855691,1.78025976992731,0.297623054964762,0.297838333721453,"CLR_more_sig"
0.8,"cent vs mage","14",6.70256893785439e-15,3.48309639635372e-06,14.1737587104781,5.45803450606856,3.16145375207443,2.2632551743606,0.259301900569765,0.259855489812517,"CLR_more_sig"
0.8,"cent vs mage","19",5.8661057451495e-08,0.00470100046528552,7.23165011249066,2.32780970582708,2.95248120259349,2.08221967055528,0.344261479929648,0.344525540619116,"CLR_more_sig"
0.8,"cent vs mage","20",2.33038168089757e-13,8.81835997098825e-06,12.6325729423507,5.05461217697454,3.13551271776898,2.23863303235341,0.268934209454018,0.268503564751726,"CLR_more_sig"
0.8,"cent vs mage","21",4.51462162899343e-16,5.02420678269068e-07,15.3453786421004,6.29893249452296,3.31315718366949,2.42394418119411,0.261344353190939,0.260836149922931,"CLR_more_sig"
0.8,"cent vs mage","23",3.63866291855428e-09,0.00754913035740695,8.43905817507945,2.1221030752228,2.59445043870833,1.69611498334092,0.266168446208672,0.267684929899803,"CLR_more_sig"
0.8,"cent vs mage","24",3.79639965217635e-13,8.481840846449e-08,12.4206280750649,7.07150988091633,4.91658167630287,4.03574197570858,0.493795832552444,0.494632234057001,"CLR_more_sig"
0.8,"cent vs mage","26",8.00042012082492e-10,5.53850803052304e-05,9.09688720658739,4.25660721024927,3.52423351260228,2.64304761770043,0.372368196390404,0.370627391572547,"CLR_more_sig"
0.8,"cent vs mage","32",3.91835950324939e-11,0.00256992732140298,10.4068957206856,2.59007915852083,2.59924088409029,1.7019495828235,0.229315134553897,0.228630620950193,"CLR_more_sig"
0.8,"cent vs mage","39",8.15952129153966e-12,1.17189908391287e-06,11.0883353199889,5.93110978523497,4.03709197857761,3.14583928982205,0.413579543102684,0.415195557656585,"CLR_more_sig"
0.8,"cent vs mage","42",2.72081459927753e-11,3.85539980980906e-06,10.5653010507428,5.4139305783937,3.88235179329522,3.03255535091949,0.409634503568978,0.414498939688697,"CLR_more_sig"
0.8,"cent vs mage","47",2.94869033796978e-05,0.0191420355619102,4.53037083327129,1.71801188127707,2.97516988224096,2.05944991778197,0.49916649523785,0.497147375139846,"CLR_more_sig"
0.8,"cent vs mage","55",1.19785190900993e-07,0.00658560363410342,6.92159687065731,2.18140441159888,2.93257629595862,2.03775196927658,0.356644472182683,0.356978129959736,"CLR_more_sig"
0.8,"cent vs mage","56",4.14815211853665e-08,0.000110797689789888,7.38214532580525,3.95546929485997,3.46587777284475,2.51814639793911,0.373602117798787,0.37270739270356,"CLR_more_sig"
0.8,"cent vs mage","69",5.63984296831619e-06,0.00515840465523295,5.24873298802786,2.28748459227921,3.1257946400306,2.1927515878228,0.385081539760295,0.384543671203176,"CLR_more_sig"
0.8,"cent vs mage","90",3.3216319644978e-10,0.00397640267331719,9.47864848887508,2.40050964290029,2.82289004411526,1.88235976810259,0.282765138467195,0.280528239969447,"CLR_more_sig"
0.8,"cent vs mage","92",1.60531465848722e-08,0.0356471901188043,7.79443982864792,1.44797469762116,2.38218204622867,1.48659089180524,0.239720182119272,0.240388682682097,"CLR_more_sig"
0.8,"cent vs mage","106",8.11625694073197e-10,0.000168614695286967,9.09064421272596,3.77310457796796,3.2202559118547,2.31908699838655,0.336080279400625,0.335369238650941,"CLR_more_sig"
0.8,"cent vs mage","114",0.000282661602080158,0.000181052943058834,3.5487331838604,3.74219441122906,-3.2438375215742,-4.10634740859467,0.490843370041575,0.485992323910879,"TSS_more_sig"
0.8,"cent vs mage","119",1.702550733416e-07,0.0443232419111577,6.76889993790896,1.35336848174905,2.33356939710693,1.42482819252895,0.240559034458712,0.240574603874783,"CLR_more_sig"
0.8,"cent vs mage","132",7.29661080092284e-06,2.15345491313967e-07,5.13687881826966,6.66686421662468,-3.83439396110326,-4.89816960804081,0.482529745939243,0.496692884455376,"TSS_more_sig"
0.8,"cent vs mage","142",4.4676734315041e-07,0.00193830137241909,6.34991857953116,2.71257869673678,4.10236895658591,3.16011011511047,0.528050650828092,0.527303791777068,"CLR_more_sig"
0.8,"cent vs mage","143",3.76664074692589e-05,1.8201288973853e-06,4.4240457997776,5.73989785517924,-3.37149880178574,-4.23485270462279,0.444135702663613,0.439645238359718,"TSS_more_sig"
0.8,"cent vs mage","155",0.000291886300580777,0.0301452997491502,3.53478628775193,1.52078039337917,3.07025715973416,2.14695500544751,0.471302703645648,0.468100480476774,"CLR_more_sig"
0.8,"cent vs mage","168",1.34888101193581e-09,0.00040277140347038,8.8700263588076,3.39494137167325,3.99910183336526,3.08173828668805,0.449758532974889,0.444352293909314,"CLR_more_sig"
0.8,"cent vs mage","210",2.79858395575242e-06,2.17687835797388e-07,5.55306166000146,6.6621658382702,-3.81882319483349,-4.60691057219499,0.458729485411389,0.456836079169732,"TSS_more_sig"
0.8,"cent vs mage","212",9.14727196821902e-06,0.01682396370474,5.03870840820687,1.77407167724804,2.8537788357502,1.94443418646219,0.365710931376086,0.374601580852401,"CLR_more_sig"
0.8,"cent vs mage","219",1.04691992522286e-05,4.63784740968587e-07,4.98008653452341,6.33368354423222,-3.38189926009048,-4.22557938909648,0.467773340117185,0.456115493044528,"TSS_more_sig"
0.8,"cent vs mage","294",1.40418108988036e-08,0.000664363769968373,7.85257687990974,3.17759405914032,3.35526712739834,2.4660036346959,0.385109332536909,0.386647145158418,"CLR_more_sig"
0.8,"cent vs mage","353",0.0361598943295329,1.92055406830186e-05,1.44177284733848,4.71657346187313,-2.76508724499486,-3.66349138515975,0.456176882275565,0.463024937151018,"TSS_more_sig"
0.8,"cent vs mage","652",4.80806732820194e-08,0.0188330767082073,7.31802945946167,1.72507872468618,2.80542447449875,1.8918967662681,0.31306463499645,0.308383550102566,"CLR_more_sig"
0.8,"cent vs mage","671",6.91873821233965e-08,0.0101815100347642,7.15997310169701,1.99218780636745,3.02501354811568,2.08877284603571,0.363125556522406,0.359201030468639,"CLR_more_sig"
0.8,"cent vs mage","675",0.0411692032698376,0.0166358459286639,1.38542753763844,1.77895511046633,-2.45826872462392,-3.34574328191965,0.477766943296506,0.480716969592374,"TSS_more_sig"
0.8,"cent vs mage","728",1.91782373072886e-10,0.00073086528411324,9.71719131181066,3.1361626664867,2.98327200544664,2.05757730436661,0.305408195967546,0.305982411580353,"CLR_more_sig"
0.8,"cent vs mage","762",3.29143853051242e-07,0.00487650813031208,6.48261425119276,2.31189104737422,3.0093220765855,2.13008977828434,0.380737607001307,0.388279925688742,"CLR_more_sig"
0.8,"cent vs mage","788",8.70202837145567e-05,0.0438901520413697,4.06037950509909,1.35763291469812,3.02693499324469,2.15509358707477,0.542578137117217,0.540015571151849,"CLR_more_sig"
0.8,"cent vs mage","829",3.10477901665859e-06,0.0069362066484191,5.50796930539436,2.15887797652792,3.0966161261274,2.1361748426698,0.406237263968394,0.394563920746409,"CLR_more_sig"
0.8,"cent vs mage","834",2.56721576918181e-05,0.0318332716529564,4.59053762824053,1.49711872462722,2.73763829735734,1.85210406088555,0.397194752097496,0.403540397934634,"CLR_more_sig"
0.8,"cent vs mage","848",0.000150806396196664,0.0338149637551364,3.82158023821421,1.47089107374071,2.83883954748696,1.8949169340436,0.345276235108731,0.343693057616699,"CLR_more_sig"
0.8,"cent vs mage","854",3.61839564429002e-07,8.55756478257375e-05,6.44148394805175,4.06764980447664,3.87984232417593,2.91708991893116,0.468512236569265,0.466417399244639,"CLR_more_sig"
0.8,"cent vs mage","857",1.5903945348604e-07,0.0067464053851536,6.79849512532858,2.17092756601583,2.89405395375234,2.07990005658736,0.347293877312857,0.340882545678279,"CLR_more_sig"
0.8,"cent vs mage","886",3.20253931158995e-06,0.00400889838662694,5.49450553052885,2.39697495165332,3.83403647824798,2.83562068008606,0.519381667516187,0.532935645381762,"CLR_more_sig"
0.8,"cent vs mage","921",4.10568389896015e-06,1.01014768788613e-05,5.38661449047977,4.99561512587579,-3.38040907470848,-4.2588933312776,0.47733934910808,0.473110354269342,"CLR_more_sig"
0.8,"cent vs mage","947",0.000131158856596116,0.00421899446156901,3.88220237803623,2.37479104473227,3.04357764649954,2.26255016592394,0.41297074604268,0.4089013946761,"CLR_more_sig"
0.8,"cent vs mage","978",2.0658128286635e-08,0.000123261526673499,7.68490902994176,3.9091724575548,3.82230972859784,2.90500051457023,0.447012180150329,0.453230007360007,"CLR_more_sig"
0.8,"cent vs mage","984",3.375042772358e-06,0.00197549452435436,5.47172071892737,2.7043241697517,3.11798111344745,2.31144730090939,0.41653494986161,0.421265167195599,"CLR_more_sig"
0.8,"cent vs mage","989",0.00011168222225238,0.0184768568258709,3.9520159530452,1.73337190645366,2.84081781635232,2.00668073962724,0.394708386737052,0.385577647519812,"CLR_more_sig"
0.8,"cent vs mage","1017",0.000343996473681343,0.0491060127019193,3.46344600937203,1.30886532817456,2.83253067563186,1.82677962296459,0.400049406942699,0.397431201995244,"CLR_more_sig"
0.8,"cent vs mage","1019",0.0143126388397834,0.00843636298824992,1.84428028742106,2.07384474230353,-2.20913136138748,-3.14679066382444,0.401886986676113,0.407557536225021,"TSS_more_sig"
0.8,"cent vs mage","1030",0.00108627870474331,0.011149375134704,2.96405873422851,1.95274947191218,2.99790881043836,2.04694823441131,0.405402546543481,0.41393591660153,"CLR_more_sig"
0.8,"cent vs mage","1043",2.31362252647411e-08,0.000743062182539043,7.63570749587771,3.12897484114713,3.24716869663602,2.38601159693589,0.322776495610878,0.321558361403649,"CLR_more_sig"
0.8,"cent vs mage","1074",2.40271657244655e-12,1.03410620651686e-05,11.6192974561134,4.98543485530829,3.72988634842058,2.88073096468886,0.377318344264716,0.38132003602087,"CLR_more_sig"
0.8,"cent vs mage","1076",0.000143630623711689,0.0124976405183464,3.84275295360991,1.90317197151881,3.08698086646353,2.16267147550859,0.416616129726143,0.418023225890578,"CLR_more_sig"
0.8,"cent vs mage","1087",4.07036097569184e-09,1.98424290966385e-06,8.39036707411645,5.70240516289299,4.35541890821709,3.44652387928132,0.49694162286913,0.497538166830204,"CLR_more_sig"
0.8,"cent vs mage","1098",5.30610129300178e-16,7.0985818894709e-10,15.2752244636315,9.14882840326564,4.96046537887087,4.0351402780134,0.438257951654464,0.442338366075804,"CLR_more_sig"
0.8,"eld vs kin","3",1.70043583380686e-09,0,8.76943975158741,33.6830940921804,-4.07233018858686,-4.91885426515064,0.446465173498807,0.446566131919668,"TSS_more_sig"
0.8,"eld vs kin","4",3.28557009614953e-19,1.16012414164324e-08,18.4833892628986,7.93549553564727,3.16169355740131,2.31292701060777,0.220475288502345,0.220386754932,"CLR_more_sig"
0.8,"eld vs kin","5",0.00831547239372188,1.96873395983473e-07,2.08011307390578,6.70581296724532,-2.12211713352925,-2.95777308295646,0.384806080359129,0.385067601217939,"TSS_more_sig"
0.8,"eld vs kin","7",2.07446402523818e-33,5.47767688398988e-27,32.6830940921804,26.2614035893947,8.2287673894716,7.40094764689024,0.460260429310368,0.4664321004967,"CLR_more_sig"
0.8,"eld vs kin","8",1.41066628342056e-05,0.0199158879011215,4.8505757136805,1.70080032686642,2.66300900981221,1.82888727562672,0.393299742685642,0.395543161572625,"CLR_more_sig"
0.8,"eld vs kin","11",8.93600432858274e-14,3.54765726324738e-08,13.048856629521,7.45005834370792,3.86983079893844,3.01846970172852,0.35173113609897,0.353237334085049,"CLR_more_sig"
0.8,"eld vs kin","14",7.14644633375889e-17,1.63274936807589e-08,16.1459098632756,7.78708047565246,3.47877225671664,2.64013987777232,0.275214791494207,0.275761809343407,"CLR_more_sig"
0.8,"eld vs kin","15",8.61728037711302e-09,0.000115313188463613,8.06462977635324,3.93812101924979,3.58835558471303,2.7511207907516,0.428122963485364,0.42926974806334,"CLR_more_sig"
0.8,"eld vs kin","16",3.72644787086212e-19,1.83274271597554e-10,18.4287049497203,9.73689849787176,3.64592353936547,2.80288467889609,0.266284856886751,0.266049004019493,"CLR_more_sig"
0.8,"eld vs kin","21",3.55334436445235e-27,5.22437087065583e-18,26.449362701789,17.2819660006912,4.72638022365243,3.87473432200101,0.293389149045844,0.292844290483367,"CLR_more_sig"
0.8,"eld vs kin","23",2.02458926539951e-10,0.000128802061176553,9.69366307015969,3.89007718705042,3.05833687770555,2.19633348490158,0.314336406310485,0.309536840491743,"CLR_more_sig"
0.8,"eld vs kin","25",5.39652784758106e-10,3.08380793201319e-05,9.26788557751754,4.51091267882614,3.69117589427098,2.85926684992544,0.422573588427,0.427382501018792,"CLR_more_sig"
0.8,"eld vs kin","26",1.78859472788788e-08,0.000848110756261842,7.74748805372047,3.07154742876636,3.07382825363807,2.23456657878055,0.363154068347851,0.364692266163884,"CLR_more_sig"
0.8,"eld vs kin","29",6.46877728530762e-12,3.14953578965839e-05,11.1891778010047,4.50175345219335,3.07293642537923,2.23545167629222,0.291630130456063,0.292194680278114,"CLR_more_sig"
0.8,"eld vs kin","31",7.42619466309115e-09,1.68607118983421e-05,8.12923367078475,4.77312409240437,4.26661507616797,3.40927225119386,0.538136583724252,0.531847956783797,"CLR_more_sig"
0.8,"eld vs kin","32",7.91116333834772e-07,0.0286983396650318,6.10175964870511,1.54214322853337,2.39833651508671,1.54979941627278,0.29127159977943,0.291935933084634,"CLR_more_sig"
0.8,"eld vs kin","33",0.00452818186960407,1.82375898568487e-07,2.34407613849397,6.73903255531851,-2.5687442069719,-3.40460188698973,0.463849483539829,0.460224288656679,"TSS_more_sig"
0.8,"eld vs kin","36",6.91691042158884e-11,0.000470003533664116,10.160087848676,3.32789887686203,2.75352847074772,1.90915012061842,0.261994881232694,0.262983765295028,"CLR_more_sig"
0.8,"eld vs kin","47",1.65361834646888e-06,0.00168361526324364,5.78156471796882,2.77375714569876,3.48114753532791,2.61924529431886,0.531696611295981,0.528911374353887,"CLR_more_sig"
0.8,"eld vs kin","49",5.143169327805e-06,0.0286577217066735,5.28876917723038,1.54275833904508,2.63911197061975,1.77639042614282,0.368012510427054,0.362384488727122,"CLR_more_sig"
0.8,"eld vs kin","55",1.36114830959501e-07,0.00167169043458206,6.86609455185062,2.77684414256694,3.17112698572249,2.33694986413103,0.413573510627506,0.416748735239848,"CLR_more_sig"
0.8,"eld vs kin","58",2.01803676552857e-05,0.0402536754541211,4.69507092584899,1.39519445923233,2.46757026868851,1.6288218510588,0.36798770221681,0.37033925632649,"CLR_more_sig"
0.8,"eld vs kin","61",1.73361497367474e-07,0.00403835494300085,6.76104735055982,2.39379551228388,2.83661743953555,2.05579120381504,0.355129887158026,0.370279197264588,"CLR_more_sig"
0.8,"eld vs kin","65",0.0224456950409202,3.55564528685727e-07,1.64886694193251,6.44908157099888,-1.96522920589634,-2.82349037569922,0.362683930861028,0.369866467216883,"TSS_more_sig"
0.8,"eld vs kin","67",3.76218444193138e-08,2.93236499896802e-13,7.42455991687988,12.5327819729218,-4.73491081150496,-5.57848875511077,0.569224510735853,0.566517563765254,"TSS_more_sig"
0.8,"eld vs kin","70",1.22629573207036e-05,0.00722318918072241,4.91140478322834,2.14127101049373,3.21489328849432,2.40864711394784,0.5130940365619,0.51730445245401,"CLR_more_sig"
0.8,"eld vs kin","71",0.000140896155147509,0.0254275096721883,3.85110085799784,1.59469617181749,3.30679787557749,2.53205427033553,0.52938921272661,0.536404800680578,"CLR_more_sig"
0.8,"eld vs kin","74",1.46342929805632e-10,4.84283349499361e-07,9.83462825458018,6.31490046249353,4.4840378904071,3.6733912458095,0.498685686419583,0.505942592904742,"CLR_more_sig"
0.8,"eld vs kin","77",3.5989041493856e-08,0.00267373983916656,7.4438297198787,2.57288085283735,2.96468148129881,2.13649193709517,0.356009181374389,0.36530741568619,"CLR_more_sig"
0.8,"eld vs kin","79",0.000202143393259863,1.84031808728617e-08,3.69434044833314,7.7351071054612,-3.02955993126587,-3.95455870476415,0.480529037389216,0.491175428043492,"TSS_more_sig"
0.8,"eld vs kin","80",5.58421504244879e-09,0.00047204735652491,8.25303786582353,3.32601443008249,3.11894154827074,2.26874387963493,0.348834766578842,0.347451040646782,"CLR_more_sig"
0.8,"eld vs kin","82",0.00264080012404579,1.46460468358274e-05,2.57826446827771,4.83427958138933,-3.25975473205044,-3.99137130305443,0.611350451522869,0.595160624135261,"TSS_more_sig"
0.8,"eld vs kin","83",0.00510617698865882,1.1499343671513e-06,2.29190413589571,5.93932694642678,-2.75069025792695,-3.63134540963166,0.51782345321468,0.529006613926131,"TSS_more_sig"
0.8,"eld vs kin","84",0.000290094645434872,2.87927627432116e-08,3.53746028732815,7.54071666139612,-3.08384873587217,-3.87773596341549,0.476586419783818,0.486197938106928,"TSS_more_sig"
0.8,"eld vs kin","89",1.07816110670057e-20,1.61396249521753e-14,19.9673163388494,13.7921065615032,5.52162635847107,4.6838690077411,0.432270117442794,0.436752349074579,"CLR_more_sig"
0.8,"eld vs kin","91",0.000132220123431969,1.86219852525592e-08,3.87870244174624,7.72997402162148,-3.64060127994617,-4.46042978256007,0.579046545438193,0.575594564440938,"TSS_more_sig"
0.8,"eld vs kin","100",0.00278433337320943,2.35005902545594e-06,2.55527876709401,5.62892122959725,-2.92295137703807,-3.87431861203555,0.547502031056907,0.566554578059496,"TSS_more_sig"
0.8,"eld vs kin","103",6.74237095985132e-06,0.0206301063968576,5.17118735662306,1.68549853220867,2.98872303352047,2.09787545036822,0.472232472575105,0.452878193711325,"CLR_more_sig"
0.8,"eld vs kin","111",0.009662489240648,2.82702040904228e-07,2.01491097666791,6.54867105620717,-2.47536925661567,-3.34975870277249,0.453507231243515,0.466980338641053,"TSS_more_sig"
0.8,"eld vs kin","119",4.67481953582568e-11,0.000110032700879629,10.3302351497343,3.95847822665057,3.08383718741692,2.25729143611681,0.307624397202468,0.317437550966385,"CLR_more_sig"
0.8,"eld vs kin","121",5.30454984876149e-15,3.52796939643633e-11,14.2753514650131,10.4524751908351,5.34318649963332,4.42273949953611,0.499571139082331,0.500533744746636,"CLR_more_sig"
0.8,"eld vs kin","124",2.13530363540554e-07,0.00302045280300949,6.6705403605429,2.51992794608008,3.21839734826126,2.38064007526664,0.431663006811592,0.430058413273463,"CLR_more_sig"
0.8,"eld vs kin","125",5.29861504313213e-06,0.00278310140453566,5.27583763185697,2.5554709695093,3.64950900792805,2.83626352569618,0.546402391766146,0.540581623748769,"CLR_more_sig"
0.8,"eld vs kin","130",0.0116661810786313,3.85610894792087e-05,1.93307128687737,4.4138507043303,-2.59436086986385,-3.39473541292818,0.58738844889578,0.588781328947132,"TSS_more_sig"
0.8,"eld vs kin","138",5.97935584056958e-14,3.43615901398672e-08,13.2233456002849,7.4639267466746,4.60669396648798,3.68817093826405,0.437488983712057,0.432258164478619,"CLR_more_sig"
0.8,"eld vs kin","139",0.000286261901223796,1.39223079111375e-07,3.54323644865772,6.85628876544456,-3.32851182816119,-4.12632311785545,0.543968378435507,0.543812742433081,"TSS_more_sig"
0.8,"eld vs kin","151",5.83385460177446e-19,1.10769319331165e-12,18.2340443990802,11.9555805129857,6.14436355266675,5.27465504458614,0.485326271802594,0.485323950410269,"CLR_more_sig"
0.8,"eld vs kin","164",5.6142607492601e-09,3.20480035711602e-05,8.25070742081895,4.49419901965637,3.87635024460563,3.07748168097149,0.460285978163598,0.467204316387941,"CLR_more_sig"
0.8,"eld vs kin","169",0.00523036737167028,8.94338592752052e-06,2.28146780599202,5.04849802804495,-2.76716787777023,-3.53195378110934,0.528339503938766,0.53149388504719,"TSS_more_sig"
0.8,"eld vs kin","172",0.0496148634177253,8.73298024268193e-06,1.30438819985441,5.05883752237948,-2.10196051541691,-2.98199938577779,0.458438434367565,0.466173672827905,"TSS_more_sig"
0.8,"eld vs kin","206",1.24849020153419e-05,0.0137379030910668,4.90361486175183,1.86207955151784,3.50078174755525,2.63692559224439,0.551237065992464,0.561497262919082,"CLR_more_sig"
0.8,"eld vs kin","207",3.83476356298167e-10,5.91768567002314e-07,9.41626140784482,6.22784810700234,4.24414914702569,3.37598356593728,0.462651381980721,0.460387435906867,"CLR_more_sig"
0.8,"eld vs kin","222",1.4110894647407e-08,0.00119923639640031,7.85044545058903,2.9210951992759,4.04620122721741,3.0477693776093,0.508021304710845,0.506655199463008,"CLR_more_sig"
0.8,"eld vs kin","223",0.000105160795768024,0.0114494755259886,3.97814613617965,1.94121440689492,3.13795691294426,2.39035437920134,0.524754079632402,0.533717622060776,"CLR_more_sig"
0.8,"eld vs kin","246",1.68511222178287e-07,0.0158725247168109,6.77337117154151,1.79935398796656,3.50511786235773,2.7736170446837,0.475609081247173,0.488873792641183,"CLR_more_sig"
0.8,"eld vs kin","265",9.2326478993554e-06,0.0130591079894626,5.03467372658416,1.88408648680402,3.35732653004083,2.51502864760349,0.477820210702305,0.484521025692386,"CLR_more_sig"
0.8,"eld vs kin","294",1.21368237493789e-05,0.00442100000018484,4.91589495482607,2.35447948507597,3.25172399590594,2.3786154539796,0.441640171978814,0.439899959805512,"CLR_more_sig"
0.8,"eld vs kin","329",4.52757426057354e-07,0.000876145126032201,6.34413441772449,3.05742395066446,3.30655241658459,2.4006808658129,0.421610331029731,0.421260391814249,"CLR_more_sig"
0.8,"eld vs kin","344",5.19895109554135e-10,2.21481825955299e-05,9.28408426778212,4.6546619047057,3.74924699583597,2.93246978175329,0.417036737627266,0.425542428111371,"CLR_more_sig"
0.8,"eld vs kin","435",0.000382736541575179,0.0125580285929167,3.41710007175288,1.9010785324473,3.4183879731634,2.56776489792652,0.556337900233912,0.541230744393949,"CLR_more_sig"
0.8,"eld vs kin","614",0.043044784845195,4.9002160822766e-05,1.36607945861574,4.30978476869164,-2.15171638425155,-3.04664360842649,0.498053174246399,0.496186707622372,"TSS_more_sig"
0.8,"eld vs kin","652",1.14558020097949e-05,0.0453737024165115,4.94097450086693,1.34319578160116,2.59314845413439,1.70830378905546,0.364746499700897,0.360357592933299,"CLR_more_sig"
0.8,"eld vs kin","666",3.12298843890132e-05,3.97961975873162e-12,4.50542962349656,11.4001584215378,-3.17796186286428,-4.0375722188987,0.421112325448956,0.42507170030632,"TSS_more_sig"
0.8,"eld vs kin","670",1.24380742236729e-05,0.0310732470503814,4.90524685588112,1.507613362053,2.91142623801118,1.92190841518295,0.43891572981309,0.433733017590137,"CLR_more_sig"
0.8,"eld vs kin","728",6.33467541162669e-14,1.88165752041095e-12,13.1982756334326,11.7254594194479,4.80359699520557,3.97168031928295,0.382013841908941,0.381160908393995,"CLR_more_sig"
0.8,"eld vs kin","744",0.00074592860967692,3.21297727914274e-07,3.12730273540534,6.49309234559004,-2.96318771262415,-3.82237840641658,0.518856520256128,0.520664583350808,"TSS_more_sig"
0.8,"eld vs kin","786",0.00017650035058541,4.25809913545813e-08,3.75325442762937,7.37078423169966,-3.19632270237555,-3.96118018272177,0.504711926387317,0.510043696134228,"TSS_more_sig"
0.8,"eld vs kin","825",0.000421388784515171,0.00723685502362253,3.37531702755087,2.14045012753581,2.77234679792724,2.04107065558745,0.46045885086605,0.466109065817115,"CLR_more_sig"
0.8,"eld vs kin","849",0.0256212358479863,5.98871685423859e-06,1.59139992576166,5.22266621981756,-2.07048819609495,-2.96379461867644,0.436520739402011,0.437111740910241,"TSS_more_sig"
0.8,"eld vs kin","854",6.32684185413033e-09,0.000789245689879608,8.19881302103902,3.10278778113877,3.90500364470372,3.04442283798054,0.461524459216648,0.455317963142222,"CLR_more_sig"
0.8,"eld vs kin","886",2.73385969256428e-13,1.62396860792016e-09,12.5632237781035,8.78942237013106,5.21712572934164,4.49727849279615,0.514775807245423,0.527896840459014,"CLR_more_sig"
0.8,"eld vs kin","888",6.30250547205845e-08,0.00106685503580195,7.2004867685815,2.97189458847469,3.49755980351329,2.55878406005188,0.445957266920887,0.435246253557703,"CLR_more_sig"
0.8,"eld vs kin","891",0.0294277368877975,2.00252102824477e-05,1.53124313562154,4.69842291474299,-2.56625178986334,-3.54808301309737,0.589376174326998,0.557399875290847,"TSS_more_sig"
0.8,"eld vs kin","895",0.0386017471432558,1.6746440736836e-05,1.4133930383981,4.77607748311118,-2.4480865820368,-3.23841409550183,0.505886694873164,0.503200123502679,"TSS_more_sig"
0.8,"eld vs kin","926",9.48869959331897e-05,0.0462452637618946,4.02279330265633,1.33493273919308,2.75962203174128,1.93084728072931,0.422049151846141,0.421203733371593,"CLR_more_sig"
0.8,"eld vs kin","944",2.84366992182734e-08,0.00438171608401975,7.54612081562454,2.3583557662409,2.67087093054244,1.81631616808545,0.297643562737794,0.294775279086458,"CLR_more_sig"
0.8,"eld vs kin","947",8.32186990270219e-14,4.16062144582551e-09,13.0797790778942,8.38084179669636,4.93354106628454,3.98424316398422,0.42946383768252,0.418040660178984,"CLR_more_sig"
0.8,"eld vs kin","978",2.29150850937357e-26,2.19162280184178e-20,25.6398785256908,19.6592341897748,6.8321612601345,5.8654564367906,0.420656253552525,0.402723810335781,"CLR_more_sig"
0.8,"eld vs kin","984",1.59047088817876e-21,2.52206361632282e-15,20.798474275767,14.5982439630169,5.52304343747887,4.758895647334,0.412520887487676,0.420598007791046,"CLR_more_sig"
0.8,"eld vs kin","988",4.27923381721088e-07,8.97611916583745e-05,6.36863398302993,4.04691139041032,3.79435309093092,3.01274144651925,0.516860438851491,0.531714468141193,"CLR_more_sig"
0.8,"eld vs kin","991",0.00263319160995896,2.27648023323059e-06,2.5795175373542,5.64273611633587,-3.21634626575426,-3.87870005457517,0.572707879605616,0.564759891422482,"TSS_more_sig"
0.8,"eld vs kin","1014",9.09010321273071e-05,3.57919911752695e-09,4.04143118559377,8.44621414032535,-3.67234175179171,-4.48520046212852,0.527192571184115,0.518941878210734,"TSS_more_sig"
0.8,"eld vs kin","1019",2.86523448084653e-05,0.0434124869245269,4.54283983108899,1.36238533448698,2.69489776517382,1.78166576578525,0.425499453891291,0.425649170664189,"CLR_more_sig"
0.8,"eld vs kin","1020",4.80240027818057e-06,0.00364029969795489,5.31854164449554,2.43886286035915,2.9300702250727,2.13945809871771,0.415713395830195,0.423056802646809,"CLR_more_sig"
0.8,"eld vs kin","1021",0.000519281988325147,2.03686221025362e-07,3.28459674096485,6.6910383491788,-3.26243457483061,-3.9487769099495,0.557990343479945,0.552245163625882,"TSS_more_sig"
0.8,"eld vs kin","1027",6.9524187062439e-05,0.0375386977713835,4.15786408058478,1.42552079725841,3.10471328158065,2.24182691314812,0.51631808955723,0.506621817919274,"CLR_more_sig"
0.8,"eld vs kin","1030",1.11593364018285e-16,9.00835566374533e-10,15.9523616302723,9.04535447553971,4.75407186795163,3.92821930506745,0.415369823105246,0.434951463949487,"CLR_more_sig"
0.8,"eld vs kin","1043",2.27489905610136e-06,0.00763382120828113,5.64303786949073,2.11725801587843,3.06067802175783,2.20280207852408,0.419941030293416,0.435431492396607,"CLR_more_sig"
0.8,"eld vs kin","1059",3.014201993861e-05,0.0232704837349428,4.52082764721722,1.63319458872733,3.41846587960073,2.48082249296824,0.577366277567557,0.5805905389935,"CLR_more_sig"
0.8,"eld vs kin","1074",2.89767708916803e-21,9.19756110098339e-16,20.5379500130008,15.0363273183942,5.72716917529312,4.82927490063068,0.402044060065409,0.392714218252052,"CLR_more_sig"
0.8,"eld vs kin","1076",9.47578154332692e-16,5.01747432135015e-11,15.0233849601508,10.2995148414861,5.08555474943174,4.33955818754444,0.430497055342878,0.418417048830915,"CLR_more_sig"
0.8,"eld vs kin","1082",3.25249625213259e-06,0.00136571146769141,5.48778319520575,2.86464104386487,3.61649693386036,2.69669406304433,0.489284619303054,0.48007589183388,"CLR_more_sig"
0.8,"eld vs kin","1089",3.12330517282228e-17,6.70185819899902e-09,16.5053855795234,8.17380476540611,3.64306078253919,2.78999874241979,0.289005710276122,0.28855027194866,"CLR_more_sig"
0.8,"eld vs kin","1098",4.12573315625798e-32,1.85777059737764e-24,31.3844988647081,23.7310079149086,7.61705473654679,6.74979413954232,0.443941379548719,0.440382985891789,"CLR_more_sig"
0.8,"eld vs kin","1105",0.000255852147132559,7.76870038206775e-12,3.59201093404106,11.109651627802,-3.86539966271319,-4.79283794677608,0.516383952933118,0.506947837103222,"TSS_more_sig"
0.8,"eld vs kin","1108",2.43456194191685e-07,0.0073743125104939,6.61357917133765,2.13227846169774,3.20332513539968,2.32998743283643,0.432200493990867,0.455160687723579,"CLR_more_sig"
0.8,"eld vs kin","1112",0.018342621113217,1.77909010645193e-06,1.7365386046709,5.74980205543274,-2.92087566405805,-3.84751627323498,0.53706315085118,0.537415098466193,"TSS_more_sig"
0.9,"cent vs mage","4",3.0788233289032e-20,9.46966513704518e-05,19.5116152313579,4.02366537809332,2.72870678571606,1.76216840392517,0.182982583320017,0.182994168375978,"CLR_more_sig"
0.9,"cent vs mage","7",1.93491608355729e-16,9.96659055913947e-09,15.7133378653935,8.00145338277034,4.68196970183,3.71785672873229,0.414120881037353,0.417401143710327,"CLR_more_sig"
0.9,"cent vs mage","8",8.69946446267287e-10,0.0135209669770796,9.06050748164169,1.86899224790676,2.803377672734,1.82824737886513,0.313959448143278,0.313573037805749,"CLR_more_sig"
0.9,"cent vs mage","11",1.17079670608571e-09,0.0168126868308446,8.93151850807871,1.77436287653283,2.74503734036722,1.78256378264859,0.296042468289298,0.297665929520135,"CLR_more_sig"
0.9,"cent vs mage","14",1.30960482101664e-16,7.01739048957768e-06,15.8828597348354,5.15382435605629,3.22595522166558,2.26884607405831,0.259749059379475,0.259554902547697,"CLR_more_sig"
0.9,"cent vs mage","19",9.12052592385849e-10,0.00458038987931178,9.03998011789481,2.33909755360591,3.02872155768148,2.06513781293255,0.345677511086569,0.344859856161058,"CLR_more_sig"
0.9,"cent vs mage","20",5.40326880076803e-16,2.74682088786985e-05,15.2673434267258,4.561169658725,3.2080916030941,2.23664052821459,0.268813501877252,0.269009151819279,"CLR_more_sig"
0.9,"cent vs mage","21",5.92674973095646e-19,1.3603929826213e-06,18.2271834113403,5.86633561697506,3.38814490319408,2.41880577834627,0.260638271238136,0.261028493672557,"CLR_more_sig"
0.9,"cent vs mage","23",6.46488254402899e-11,0.0143903886973487,10.1894393611074,1.84192747522018,2.66705979382962,1.69380668687979,0.266271410539528,0.267096096650545,"CLR_more_sig"
0.9,"cent vs mage","24",1.52335320448679e-14,1.34084829455783e-08,13.8171993895233,7.87262035605103,4.96988536032355,4.07197456449839,0.48999957050745,0.489600056205722,"CLR_more_sig"
0.9,"cent vs mage","26",6.93878080738693e-12,0.000121103699426522,11.1587168314384,3.91684259000323,3.60627503124666,2.64303485074508,0.373660637075562,0.372683050262183,"CLR_more_sig"
0.9,"cent vs mage","32",5.05589460797987e-14,0.00466034741178508,13.2962019876627,2.33158170704448,2.6650675069667,1.69445461439515,0.228877440418123,0.228552557359596,"CLR_more_sig"
0.9,"cent vs mage","39",4.99871536092611e-13,1.15904962291287e-05,12.3011415923329,4.93589796999336,4.14299638510334,3.15156728238334,0.415858555341928,0.417624788691368,"CLR_more_sig"
0.9,"cent vs mage","42",1.38684752111707e-12,1.64767193499316e-05,11.8579712854139,4.78312925562761,3.97224984543684,3.01759813746254,0.411301309388575,0.410720225647765,"CLR_more_sig"
0.9,"cent vs mage","55",2.48593929674824e-08,0.00539146827840913,7.60450948044463,2.26829294569003,2.98759540636883,2.02807655274542,0.358809032100703,0.359735764070718,"CLR_more_sig"
0.9,"cent vs mage","56",8.02120504821758e-12,4.5520735081194e-05,11.0957603815316,4.34179073345111,3.53049775615928,2.52883127762409,0.372897479572776,0.37361502737623,"CLR_more_sig"
0.9,"cent vs mage","69",9.96426153390331e-08,0.00354715685223082,7.00155488197451,2.4501196069743,3.25402759777634,2.24189216330796,0.393466049931708,0.387811836651132,"CLR_more_sig"
0.9,"cent vs mage","90",2.43730105504905e-12,0.00403456631568299,11.6130908235148,2.39420314169242,2.90604577724526,1.95472798025429,0.283166760595019,0.28430681231829,"CLR_more_sig"
0.9,"cent vs mage","106",2.3335100045325e-11,0.000767732021828569,10.6319903328101,3.11479034474756,3.24686854028869,2.29165887880926,0.335566293496359,0.334622236628142,"CLR_more_sig"
0.9,"cent vs mage","114",0.0125174957494718,1.67937532301354e-07,1.90248254740109,6.7748522326899,-3.16808308647832,-4.08969903792738,0.49234146725061,0.484552044393129,"TSS_more_sig"
0.9,"cent vs mage","132",1.05082535623755e-05,2.30003342760465e-11,4.97846945630737,10.6382658521047,-3.77147337531018,-4.78457561483106,0.488274595971106,0.490395823649529,"TSS_more_sig"
0.9,"cent vs mage","142",4.51802057668043e-08,0.000116148969952294,7.34505179547887,3.93498463731461,4.163967085049,3.20886315934934,0.526049352885745,0.546540699082797,"CLR_more_sig"
0.9,"cent vs mage","143",0.00191813280236978,1.32818307740923e-10,2.71712132764515,9.87674205747664,-3.27610276414294,-4.32802445418712,0.451923914045501,0.456696937946175,"TSS_more_sig"
0.9,"cent vs mage","168",1.46615860496485e-06,0.000168094642215067,5.83381904638302,3.77444612887769,3.96430232058299,3.13447769894528,0.467749507655697,0.447879323008088,"CLR_more_sig"
0.9,"cent vs mage","210",4.39520422256673e-07,1.31762656341294e-13,6.35702094068731,12.880207658353,-3.82513505249651,-4.80772427018473,0.467525628636007,0.450995120966127,"TSS_more_sig"
0.9,"cent vs mage","212",8.80434383243173e-05,0.01255742475072,4.05530300546308,1.90109941563268,2.89225657075072,1.98179170620838,0.383756039592935,0.367212452749247,"CLR_more_sig"
0.9,"cent vs mage","219",0.00186618144397305,4.93321230757161e-11,2.72904613321257,10.3068701936758,-3.26467826908214,-4.28801155813033,0.463353757455006,0.475514730464824,"TSS_more_sig"
0.9,"cent vs mage","294",7.92926468238917e-08,0.0158191153518838,7.10076708496329,1.80081780709231,3.44232318218595,2.38033072208633,0.386518804621744,0.382592223516448,"CLR_more_sig"
0.9,"cent vs mage","353",0.0338138065885569,3.90507602952402e-06,1.47090593579003,5.40837050624729,-2.71934629110538,-3.72038677969675,0.44992686409378,0.451704292662522,"TSS_more_sig"
0.9,"cent vs mage","652",2.12083488141361e-08,0.00348360348697333,7.67349314236621,2.45797128340589,2.8324630975068,1.92009701572626,0.310547930826173,0.310281413428582,"CLR_more_sig"
0.9,"cent vs mage","671",3.09572511188933e-09,0.00688170874574926,8.50923760990445,2.16230371195203,3.08199633340072,2.10979836002916,0.361814383579699,0.361539725344732,"CLR_more_sig"
0.9,"cent vs mage","675",0.0370981766905735,1.21610867617288e-06,1.43064743466208,5.91502761309514,-2.4325828899659,-3.43004966565588,0.472124391230588,0.479783180604451,"TSS_more_sig"
0.9,"cent vs mage","728",3.69992743789745e-11,0.000635844414972148,10.4318067931302,3.19664913904533,3.04560370226211,2.09963432476561,0.303330467918003,0.307195726764802,"CLR_more_sig"
0.9,"cent vs mage","762",1.45617979207878e-07,0.00658354733074162,6.8367850001005,2.18154003783824,3.03280320820563,2.10158237624962,0.389302090396596,0.380982066887981,"CLR_more_sig"
0.9,"cent vs mage","829",1.35446153058124e-08,0.00452560040780038,7.86823332528829,2.34432379513351,3.09415052017203,2.16873438741631,0.393037385250559,0.392337333410595,"CLR_more_sig"
0.9,"cent vs mage","848",2.72368145817138e-08,0.00406546976873709,7.56484368569016,2.39088926404713,2.85664380804098,1.93143732931981,0.340238803152588,0.341728294965177,"CLR_more_sig"
0.9,"cent vs mage","854",7.98166466010897e-10,0.00314384639346644,9.09790652252087,2.50253868149383,3.9375010439832,2.88658781119583,0.462951747226195,0.46571370133416,"CLR_more_sig"
0.9,"cent vs mage","857",1.22710038509456e-10,0.0022245223538684,9.91111990759954,2.65276322573841,3.06742716174882,2.00136965362357,0.341865144787979,0.345830383092172,"CLR_more_sig"
0.9,"cent vs mage","886",3.71879748619228e-06,0.002967962979673,5.42959747128446,2.52754152044962,3.78102603391537,2.92578766266966,0.527576970754387,0.524256536550696,"CLR_more_sig"
0.9,"cent vs mage","921",0.00109346192147207,3.23950089050578e-10,2.96119633615858,9.48952189633551,-3.32140799935662,-4.23204740571633,0.469996300526636,0.483189937172585,"TSS_more_sig"
0.9,"cent vs mage","947",1.13155120000765e-07,0.0143749677242035,6.94632579046955,1.84239312174901,3.14093477508678,2.12361111161349,0.417694790572365,0.415980487923506,"CLR_more_sig"
0.9,"cent vs mage","978",8.77643696324789e-11,0.000337739981836347,10.0566817621422,3.47141752431251,3.90388772780339,2.91387392917844,0.439258354997726,0.454295717612088,"CLR_more_sig"
0.9,"cent vs mage","984",6.4521740552795e-08,0.0425209222408139,7.19029392550071,1.37139732458729,3.24420812218913,2.23050234544918,0.412385204944884,0.425887178902298,"CLR_more_sig"
0.9,"cent vs mage","989",4.01062066402718e-06,0.0202799098368956,5.39678841289008,1.69293398017824,2.92592340690689,1.94953498984411,0.381161873330016,0.386366862315213,"CLR_more_sig"
0.9,"cent vs mage","1017",6.39705440871994e-06,0.01826307229414,5.19401995547185,1.73842616173292,2.87619546158129,1.89278256730514,0.382673205494727,0.394728589116227,"CLR_more_sig"
0.9,"cent vs mage","1019",0.0439979666552433,2.08187501969132e-06,1.35656739375955,5.681545345857,-2.04507620682811,-3.04382733627206,0.385795739687106,0.392862370735335,"TSS_more_sig"
0.9,"cent vs mage","1030",0.000107714104130202,0.0416753798655221,3.96772742627608,1.38012043294571,3.00410642584248,1.99963587706108,0.412282120893842,0.405960011042845,"CLR_more_sig"
0.9,"cent vs mage","1043",2.32123199921698e-10,4.31601877799908e-05,9.63428145112337,4.36491667447021,3.38394173779656,2.36781406320509,0.318578360675105,0.325848562743512,"CLR_more_sig"
0.9,"cent vs mage","1074",8.30108645089262e-11,4.74173134256673e-06,10.0808650631964,5.3240630559559,3.84548265330626,2.91665994828212,0.374767006730606,0.372386947611098,"CLR_more_sig"
0.9,"cent vs mage","1087",2.25357063788579e-11,2.02234446304663e-05,10.6471288244742,4.69414486968507,4.44664530816132,3.45097282933134,0.491538522683094,0.499912903171328,"CLR_more_sig"
0.9,"cent vs mage","1091",2.62546185860262e-06,0.00508521437220841,5.58079428654422,2.29369073424472,3.26166944953395,2.38709123943636,0.481457496583404,0.47659485472162,"CLR_more_sig"
0.9,"cent vs mage","1098",4.85606242224822e-16,6.47810158051934e-10,15.3137157392591,9.18855224627442,5.07437435845227,4.08636328571292,0.44089527243376,0.440491940457789,"CLR_more_sig"
0.9,"eld vs kin","3",2.20046736387758e-09,6.91521423457075e-11,8.65748506827031,10.1601943608257,-3.95009037932446,-4.76774769954709,0.447074672287359,0.446810040265789,"TSS_more_sig"
0.9,"eld vs kin","4",7.60093593561112e-20,4.4599198115904e-10,19.1191329278975,9.35067294974007,3.27243676348963,2.45878437966622,0.220362470789737,0.219939505012878,"CLR_more_sig"
0.9,"eld vs kin","5",0.0112573129018565,0.00115444169688396,1.94856526234118,2.93762799549774,-1.99448788655763,-2.803908411974,0.385305976119967,0.384996609425908,"TSS_more_sig"
0.9,"eld vs kin","7",2.33439089319619e-33,1.49806970359922e-29,32.6318264196943,28.8244679789034,8.37691699459281,7.50780682748679,0.470546835716837,0.460162397819849,"CLR_more_sig"
0.9,"eld vs kin","8",6.78652439162419e-06,0.00836049957430388,5.1683525856591,2.07776777090056,2.79426066272067,1.98231791182772,0.395754568399127,0.395840890497786,"CLR_more_sig"
0.9,"eld vs kin","10",0.0357365381328795,0.00593791591329083,1.44688752073377,2.22636595673195,-1.95009529656057,-2.77353120303474,0.473538812879564,0.475808733655888,"TSS_more_sig"
0.9,"eld vs kin","11",3.86858302709682e-15,3.19270688072983e-09,14.4124480779267,8.49584095177845,3.95966770261151,3.15733550685895,0.346959515397796,0.348731012422023,"CLR_more_sig"
0.9,"eld vs kin","14",2.01995028572042e-17,1.55732115114039e-09,16.6946593191192,8.80762181788407,3.59913837258337,2.79583663597683,0.275205694282084,0.277345056116721,"CLR_more_sig"
0.9,"eld vs kin","15",3.32750778971093e-09,2.13685647837447e-05,8.47788091916673,4.6702246461762,3.71183835081935,2.89684217628404,0.429116840643687,0.430682219445714,"CLR_more_sig"
0.9,"eld vs kin","16",4.05624376531282e-20,1.49044257695283e-11,19.3918759533914,10.8266847515957,3.76774137569653,2.94988784087283,0.266777031727035,0.266441735779391,"CLR_more_sig"
0.9,"eld vs kin","21",1.45664571488316e-27,2.05644617915759e-19,26.8366460644147,18.6868826522626,4.84080208853038,4.02435568059273,0.293517148704431,0.292135728316667,"CLR_more_sig"
0.9,"eld vs kin","23",2.54716333868184e-11,2.33193014738909e-05,10.5939432046973,4.63228446294296,3.16278654179989,2.34482685852434,0.311328674723267,0.310610720176368,"CLR_more_sig"
0.9,"eld vs kin","25",2.25159715925734e-10,1.81178381878764e-05,9.64750930794204,4.74189362338582,3.80988965896861,2.9934266644325,0.423741899039667,0.422809886794897,"CLR_more_sig"
0.9,"eld vs kin","26",3.69651723839798e-09,9.51759893454454e-05,8.43220726416586,4.02147260003989,3.18043773459678,2.36819462797673,0.361747295981661,0.363683286880218,"CLR_more_sig"
0.9,"eld vs kin","29",2.37664081077037e-12,5.0676875510018e-06,11.6240364496087,5.29519016945135,3.19945135147448,2.38815795813191,0.292292450262348,0.291897446954477,"CLR_more_sig"
0.9,"eld vs kin","31",3.23560129051341e-09,3.92424043843124e-06,8.49004500003819,5.40624439122967,4.33745119135396,3.61399849908946,0.537829206836818,0.544003508694403,"CLR_more_sig"
0.9,"eld vs kin","32",1.53643004126363e-07,0.00917251854973699,6.81348720982014,2.03751140129016,2.51126423620424,1.69858301803505,0.291663726656363,0.290705522863987,"CLR_more_sig"
0.9,"eld vs kin","33",0.00401009521309952,0.000131020113430295,2.39684531565093,3.88266202891469,-2.43513448153984,-3.24175930622797,0.461017793906352,0.459920127468209,"TSS_more_sig"
0.9,"eld vs kin","36",7.6655386198322e-12,6.32031539575107e-05,11.1154573239926,4.19926124905676,2.86953444035659,2.05779645437379,0.261931646146238,0.262065361591371,"CLR_more_sig"
0.9,"eld vs kin","47",1.87707963683002e-06,0.00101349396948956,5.72651730164495,2.99417883111029,3.61634154618883,2.78309435284153,0.537480008209721,0.534259989527574,"CLR_more_sig"
0.9,"eld vs kin","49",2.8653413985874e-06,0.00570690817059704,5.54282362546293,2.24359911559259,2.72347026754988,1.93934548812467,0.360664037809851,0.366563855596568,"CLR_more_sig"
0.9,"eld vs kin","55",9.25370144715152e-08,0.00076138772881568,7.03368451628482,3.1183941269314,3.25836902974993,2.45826715760126,0.415506403201205,0.416461206254518,"CLR_more_sig"
0.9,"eld vs kin","58",2.16228495046563e-05,0.0401487150710633,4.66508707436962,1.39632834942581,2.5846215021461,1.75804081856854,0.37228102707019,0.366849688647295,"CLR_more_sig"
0.9,"eld vs kin","61",3.0905588665103e-08,0.00127673156614849,7.50996297989707,2.89390040390734,2.96820849274684,2.21254739725507,0.361555031757684,0.374746253575208,"CLR_more_sig"
0.9,"eld vs kin","65",0.0172013791041806,0.000883289078201418,1.76443673255028,3.05389713954632,-1.86917154838103,-2.68372328981389,0.364876686688441,0.368239963085216,"TSS_more_sig"
0.9,"eld vs kin","67",3.05277152283974e-09,1.24045756768239e-09,8.51530569818513,8.90641808704399,-4.62294200533382,-5.4369927760676,0.560533436095697,0.569067461183196,"TSS_more_sig"
0.9,"eld vs kin","70",1.23043680756143e-05,0.00202718410987702,4.90994068576621,2.69310680667323,3.3160398935457,2.59903797724244,0.503287298704434,0.517723367800043,"CLR_more_sig"
0.9,"eld vs kin","71",1.61499106373541e-05,0.010715031490888,4.79182987641717,1.97000654825269,3.57547974712323,2.70914936353308,0.537421611639047,0.541311905998886,"CLR_more_sig"
0.9,"eld vs kin","74",8.70443857488667e-12,2.52104952261281e-07,11.0602592350799,6.59841862311124,4.53954218117336,3.79277236415374,0.496069272594867,0.507099434684557,"CLR_more_sig"
0.9,"eld vs kin","77",2.72210332663467e-07,0.000226463797466054,6.56509539370448,3.64500121447835,3.10856845717271,2.3211750438804,0.367410025636919,0.373967277122341,"CLR_more_sig"
0.9,"eld vs kin","79",9.8694159673166e-05,2.709171054877e-06,4.00570854638571,5.56716357309755,-3.00974954831165,-3.78572057745523,0.496262220877614,0.491181500769811,"TSS_more_sig"
0.9,"eld vs kin","80",5.67912265685784e-10,0.000131195317474034,9.24571875138675,3.88208166520029,3.23843997274619,2.40762249771006,0.349957180900396,0.342318010653138,"CLR_more_sig"
0.9,"eld vs kin","82",0.00470569123090453,0.00119376083637651,2.32737657293426,2.92308267307759,-3.0396819089918,-3.90178983256964,0.589649010902748,0.602599272188791,"TSS_more_sig"
0.9,"eld vs kin","83",0.00517505867388514,0.000405954009582855,2.28608472189035,3.39152316473742,-2.62958302350055,-3.41840185093322,0.528438463669199,0.526105066806124,"TSS_more_sig"
0.9,"eld vs kin","84",0.000250205927252134,7.40006841034436e-05,3.60170240630365,4.13076426539095,-2.97367314161811,-3.7531554341542,0.482357181535725,0.48247311537795,"TSS_more_sig"
0.9,"eld vs kin","87",0.0291535822074075,0.00325517144472439,1.53530807427283,2.48742613289089,-2.09219436119661,-2.8370815644274,0.531132439730765,0.52442717515111,"TSS_more_sig"
0.9,"eld vs kin","89",4.13899235163667e-21,8.00539838817563e-15,20.3831053761228,14.0966170505678,5.70420965733513,4.94700388365582,0.449048127662247,0.452086159063196,"CLR_more_sig"
0.9,"eld vs kin","91",5.76082967434301e-05,1.49847323518093e-06,4.2395149650072,5.8243510097534,-3.481365207317,-4.30361923122346,0.576901444118558,0.587466596449968,"TSS_more_sig"
0.9,"eld vs kin","100",0.00632092986874089,0.00118591001015821,2.19921902818004,2.92594826508179,-2.84370560847961,-3.66686245488299,0.562039073998554,0.573150293652108,"TSS_more_sig"
0.9,"eld vs kin","102",0.0471300033686398,0.00575117164826847,1.32670252919895,2.24024367034639,-1.99367902222123,-2.85951859640569,0.539641327432052,0.539905615263132,"TSS_more_sig"
0.9,"eld vs kin","103",8.26857457958863e-06,0.0172955949014065,5.08256935206477,1.76206449534637,3.04004879712588,2.21459175044571,0.453734415289751,0.454422267596674,"CLR_more_sig"
0.9,"eld vs kin","111",0.0029010624781286,0.00129307907411345,2.53744291800385,2.88837491641807,-2.39274539062017,-3.21350616372918,0.458330475325976,0.459539346583824,"TSS_more_sig"
0.9,"eld vs kin","119",5.45677915572043e-10,5.89917875782914e-05,9.26306362242957,4.22920844357275,3.25193796501288,2.38812842437897,0.31814102546685,0.316706781881918,"CLR_more_sig"
0.9,"eld vs kin","121",9.20160263750906e-16,3.32759584424472e-11,15.036136525262,10.4778694267542,5.42952300384836,4.57876337234166,0.493939796138351,0.501809067621873,"CLR_more_sig"
0.9,"eld vs kin","124",2.52170442464113e-08,0.000598494066857632,7.5983058195354,3.22294015059385,3.36076804128667,2.57958813127673,0.424790042913062,0.439619131001859,"CLR_more_sig"
0.9,"eld vs kin","125",9.83311111267647e-08,0.00370723511102223,7.00730905334783,2.43094987035519,3.72354517965266,2.82687647171186,0.544008421899785,0.539929669176732,"CLR_more_sig"
0.9,"eld vs kin","130",0.0204926744282045,0.0103371736025942,1.68840135962627,1.98559819011946,-2.49344523327762,-3.27331141145387,0.587279842446125,0.588262777753797,"TSS_more_sig"
0.9,"eld vs kin","138",8.58171939055629e-16,2.10708624143716e-10,15.066425690354,9.67631768868531,4.63472931016804,3.85868402177534,0.431882641108888,0.436600870958009,"CLR_more_sig"
0.9,"eld vs kin","139",0.000259782285684721,5.73834360592843e-07,3.58539046639489,6.24121345021849,-3.03390129032995,-4.02466941655751,0.536741347709698,0.538345794819096,"TSS_more_sig"
0.9,"eld vs kin","151",5.20452394248189e-20,2.66214876051627e-15,19.2836189892291,14.5747676798658,6.13755912411689,5.3623403469325,0.485631772683358,0.482545000857287,"CLR_more_sig"
0.9,"eld vs kin","164",3.4482226949285e-10,5.82902082609798e-06,9.46240469410734,5.23440439301762,4.01146064360451,3.22546402016256,0.463791217168825,0.46127038530856,"CLR_more_sig"
0.9,"eld vs kin","169",0.00261040179063591,0.0017567852613816,2.58329264131065,2.7552813207452,-2.6064504579454,-3.42487068813928,0.534918396189865,0.528925880978555,"TSS_more_sig"
0.9,"eld vs kin","172",0.0418509450968428,0.0060314872470097,1.37829473012689,2.21957558611367,-1.99153175421334,-2.79958344919802,0.465974466021645,0.461113619832498,"TSS_more_sig"
0.9,"eld vs kin","206",9.4067025274796e-07,0.0102944716483488,6.0265625896539,1.98739593812753,3.67237769088193,2.87162275596823,0.538648365381256,0.545529862487074,"CLR_more_sig"
0.9,"eld vs kin","207",1.48703873512183e-11,3.49833895873979e-08,10.8276777186128,7.45613811344555,4.27683001401074,3.60561183181268,0.455073019130936,0.462851266184134,"CLR_more_sig"
0.9,"eld vs kin","222",8.11046302813575e-09,3.72712826851968e-05,8.09095435111263,4.42862566081425,4.15576708913268,3.26941636986889,0.520716990476867,0.510916399744942,"CLR_more_sig"
0.9,"eld vs kin","223",1.94616473601327e-05,0.00328908830955507,4.71082040100833,2.48292446587958,3.26829122439771,2.59870985564118,0.534933571327897,0.517451849619226,"CLR_more_sig"
0.9,"eld vs kin","246",2.58720468791146e-06,5.8994128331304e-05,5.58716921051272,4.2291912114123,3.71902056066198,2.92781401894181,0.476494715918377,0.4660004605085,"CLR_more_sig"
0.9,"eld vs kin","265",3.13156776343115e-07,0.00395900577527033,6.50423818624088,2.40241386471251,3.50896106717919,2.61313708668035,0.47487279864956,0.476674285733553,"CLR_more_sig"
0.9,"eld vs kin","294",2.22734886937339e-07,0.000110497609084595,6.65221175414805,3.95664711901598,3.34746801941335,2.67067180955617,0.44359893405127,0.454727945516295,"CLR_more_sig"
0.9,"eld vs kin","329",1.33976226416106e-07,0.000504412079261218,6.87297225874183,3.29721452183393,3.35536256007099,2.63904890285495,0.422210959889926,0.429469048019131,"CLR_more_sig"
0.9,"eld vs kin","344",3.76762222411187e-10,2.11613843949483e-06,9.42393264998975,5.67445592380983,3.82871251897012,3.09679866012867,0.420760311581442,0.426751381361866,"CLR_more_sig"
0.9,"eld vs kin","435",7.05507281271251e-05,0.00193245537905057,4.15149849969899,2.71389052527812,3.52581822866166,2.71233485162506,0.547952236697765,0.553670775092434,"CLR_more_sig"
0.9,"eld vs kin","616",0.042070725927519,0.00990654336371037,1.37601999419656,2.0040778550948,-1.79961013631215,-2.63980318376654,0.432541629484481,0.443842970826596,"TSS_more_sig"
0.9,"eld vs kin","652",5.37365273879147e-06,0.00486258671891459,5.26973040237988,2.31313264043019,2.711282838081,1.92474380678173,0.36782301513388,0.360353132445976,"CLR_more_sig"
0.9,"eld vs kin","666",5.9356444072922e-06,6.09294675275411e-07,5.22653212467252,6.21517261722858,-3.06865995205001,-3.93487559030573,0.421450538693168,0.428982150117161,"TSS_more_sig"
0.9,"eld vs kin","667",0.000844730833490086,0.0109953506391491,3.07328165336061,1.95879091653334,3.33170119483716,2.5360125317243,0.573319317425993,0.562781138405572,"CLR_more_sig"
0.9,"eld vs kin","670",3.20777300510258e-05,0.0261621847496388,4.49379637172183,1.58232599180442,2.9137830457991,2.13335925170592,0.429497208214793,0.42640030360519,"CLR_more_sig"
0.9,"eld vs kin","728",4.48886707409234e-19,7.49756986661505e-13,18.3478632548886,12.1250794785469,4.87284413808838,4.09840866354868,0.370990732992312,0.385698732932246,"CLR_more_sig"
0.9,"eld vs kin","744",0.00479683143135932,0.000147752387056682,2.31904554309691,3.83046549401916,-2.90798269286873,-3.73677565114701,0.530134506228873,0.528526335974756,"TSS_more_sig"
0.9,"eld vs kin","786",0.000538164610377906,3.1291040445731e-05,3.26908486477169,4.50457999606354,-3.02264556286525,-3.80654707805875,0.506492320689216,0.499128330042121,"TSS_more_sig"
0.9,"eld vs kin","809",3.77722979743153e-05,0.0424082187281402,4.42282659295362,1.37254996882267,2.47143586459684,1.69444748033557,0.371525967122419,0.378315131628391,"CLR_more_sig"
0.9,"eld vs kin","825",1.72607325977537e-05,0.010542089857017,4.76294077545685,1.97707328633389,2.96792335288173,2.16175940947953,0.454343549934488,0.44799795218819,"CLR_more_sig"
0.9,"eld vs kin","849",0.0141356457683309,0.0107157069233569,1.84968434655072,1.96997917293892,-1.98519993861067,-2.79430771172445,0.43694766185162,0.442180491955587,"TSS_more_sig"
0.9,"eld vs kin","854",5.32345011440658e-10,6.53185376224149e-06,9.27380681131392,5.18496354698536,3.999512034789,3.24704798135958,0.456997483047149,0.45806100271605,"CLR_more_sig"
0.9,"eld vs kin","886",4.97090155208991e-15,1.65588681221801e-10,14.3035648379086,9.7809693526412,5.34471908308512,4.5338343331348,0.523848901688269,0.517507795160989,"CLR_more_sig"
0.9,"eld vs kin","888",5.7153268211455e-08,0.000124219214377091,7.24295893017477,3.90581122177195,3.60143836287343,2.76463757220405,0.452282456300585,0.443911679988921,"CLR_more_sig"
0.9,"eld vs kin","891",0.017016614028169,0.000265274527748754,1.76912685172344,3.5763044499395,-2.49541434879247,-3.35722159668059,0.571023247952254,0.56532397141678,"TSS_more_sig"
0.9,"eld vs kin","895",0.0181483732562693,0.00175499120740298,1.74116229721123,2.7557250550306,-2.27926900856504,-3.13841005886035,0.51172612570398,0.513822488814786,"TSS_more_sig"
0.9,"eld vs kin","926",8.06566044396185e-06,0.0225765401746525,5.09336006529613,1.64634261237497,2.92000434324323,2.05053643962877,0.436903391613527,0.42535116818763,"CLR_more_sig"
0.9,"eld vs kin","944",5.13648285932832e-09,0.000699813950876733,8.28933415680742,3.15501740405318,2.77426796573422,1.9576109379801,0.29451907779602,0.290127927489842,"CLR_more_sig"
0.9,"eld vs kin","947",3.35682345117739e-16,7.78173049041679e-11,15.4740714994418,10.1089238144667,5.02555629803896,4.22361222753311,0.437663661351318,0.443843404908587,"CLR_more_sig"
0.9,"eld vs kin","977",0.000493855646797317,0.0221378888541905,3.30639997609828,1.65486379730967,2.99164260247815,2.16615156267595,0.513349213642129,0.522941937619831,"CLR_more_sig"
0.9,"eld vs kin","978",4.98962877563146e-27,1.13390621750834e-23,26.3019317643349,22.9454228633469,6.86108247389745,6.04786851490172,0.415222086169866,0.418321484220379,"CLR_more_sig"
0.9,"eld vs kin","984",9.54574929084052e-21,8.84843985075939e-16,20.0201899761121,15.0531332969786,5.704807011028,4.85069964493146,0.420226751604573,0.426169034984597,"CLR_more_sig"
0.9,"eld vs kin","988",5.37563238765955e-08,5.75175810866299e-05,7.26957043814428,4.24019938658238,3.88541834852929,3.09145892972552,0.528504089546112,0.518427907161394,"CLR_more_sig"
0.9,"eld vs kin","991",0.00394017444340714,0.000319265073641721,2.40448455022213,3.49584858899053,-2.96156535454318,-3.84809205516896,0.5643892644397,0.574373911520085,"TSS_more_sig"
0.9,"eld vs kin","1014",0.000320932866630252,1.52950843529253e-07,3.49358580467064,6.81544812352343,-3.52477545048639,-4.43463680597057,0.514175619080362,0.513202962286602,"TSS_more_sig"
0.9,"eld vs kin","1019",9.87429915487058e-05,0.041399154222852,4.00549371939505,1.38300853134529,2.72991972205342,1.97962806311036,0.425845121481904,0.43230028524833,"CLR_more_sig"
0.9,"eld vs kin","1020",1.89299985092192e-06,0.0044400312737475,5.72284942023789,2.35261397088355,3.0874902657448,2.31295160824212,0.42581885680339,0.413622600124314,"CLR_more_sig"
0.9,"eld vs kin","1021",0.000499293210763074,3.24724916559013e-05,3.30164433930876,4.48848438612325,-3.00744882014229,-3.90939365038697,0.551630445273263,0.557129222559571,"TSS_more_sig"
0.9,"eld vs kin","1027",4.52948507130653e-05,0.0204630703391234,4.34395116739142,1.68902920291624,3.20503715964979,2.43839464114871,0.508390027445387,0.50425585286434,"CLR_more_sig"
0.9,"eld vs kin","1030",6.39403618221063e-17,4.41559626213616e-10,16.1942249104963,9.35501064296506,4.87491679976626,4.11200648118156,0.435203226626163,0.439367749004453,"CLR_more_sig"
0.9,"eld vs kin","1043",5.08832145492894e-07,0.00950124421028446,6.29342545992019,2.02221951910283,3.20802101846989,2.26289716226186,0.432166445095367,0.420711393468833,"CLR_more_sig"
0.9,"eld vs kin","1059",5.35787281027815e-05,0.0154097550789861,4.27100760025562,1.81220426385719,3.46039184978766,2.60006030708181,0.586680699535869,0.576817954233877,"CLR_more_sig"
0.9,"eld vs kin","1074",3.83403344942706e-24,7.30831983158938e-17,23.4163441025069,16.1361824550175,5.80434492206725,4.96033523824836,0.385014328658842,0.393259320303974,"CLR_more_sig"
0.9,"eld vs kin","1076",3.03949619832586e-20,2.12450999110841e-12,19.5171983954765,11.6727412221772,5.30159683198322,4.48825458580303,0.421774998319109,0.421668069369847,"CLR_more_sig"
0.9,"eld vs kin","1082",2.62946860167141e-07,0.000112480834926861,6.58013201070421,3.9489214686153,3.67498348027675,2.89630964416155,0.486724183154221,0.479688064341567,"CLR_more_sig"
0.9,"eld vs kin","1089",5.35686641924259e-18,5.35634900078763e-10,17.2710891832163,9.27113113364317,3.75647142297433,2.95757484357757,0.288696923538455,0.289649964193086,"CLR_more_sig"
0.9,"eld vs kin","1098",4.92155414020618e-33,4.9128982768535e-29,32.3078977330182,28.3086622279797,7.7665714607945,6.91957320586836,0.447419763008106,0.441411718795685,"CLR_more_sig"
0.9,"eld vs kin","1104",0.0223104035344401,0.0104776351060025,1.6514925744407,1.97973673035925,-2.06727337670196,-2.90272405173355,0.464269333498821,0.458449903242639,"TSS_more_sig"
0.9,"eld vs kin","1105",9.62463268758568e-07,1.23701891946772e-08,6.01661583582451,7.90762365804461,-3.8139640869157,-4.66536358675391,0.514365815111488,0.510199405607384,"TSS_more_sig"
0.9,"eld vs kin","1108",2.14064999217992e-06,0.00111944948822368,5.66945433639129,2.95099549786935,3.31310512651495,2.43564032668867,0.440545070140167,0.432933784466248,"CLR_more_sig"
0.9,"eld vs kin","1112",0.000374691902292038,0.00540189319881386,3.42632569262247,2.26745400652849,-2.8815144804275,-3.60301366291752,0.531128075667706,0.545510686712476,"CLR_more_sig"
1,"cent vs mage","4",2.72030063152766e-22,6.46854355442258e-07,21.5653830976574,6.18919349328514,2.91669703153966,1.98672436540999,0.182969811036987,0.182843067240282,"CLR_more_sig"
1,"cent vs mage","7",3.2671258892598e-18,5.15073607055944e-10,17.4858341309187,9.2881307032812,4.91006247668782,3.93949884799415,0.418626839100574,0.415654706073635,"CLR_more_sig"
1,"cent vs mage","8",1.55167022785362e-10,0.00104963184069428,9.80920057266627,2.97896300339897,2.97974336521342,2.0671623372258,0.313548311194248,0.314158270769991,"CLR_more_sig"
1,"cent vs mage","9",4.27799574654802e-11,0.00499023591821733,10.3687596515671,2.30187892220065,2.73496864052655,1.79957703513761,0.27130353287438,0.271925082706871,"CLR_more_sig"
1,"cent vs mage","11",6.43685638198082e-11,0.00118577446324943,10.1913261806658,2.92599790682398,2.94222340482831,1.99928242626891,0.297221427198516,0.296234350199034,"CLR_more_sig"
1,"cent vs mage","14",1.70736144608677e-18,1.53717831614817e-07,17.7676745296034,6.81327575043955,3.41362860033244,2.48495780134645,0.258827412453337,0.258986645944953,"CLR_more_sig"
1,"cent vs mage","19",1.47789061816131e-10,0.000329909718269609,9.83035770781322,3.48160489109697,3.22718060243016,2.3040999104355,0.343810234939436,0.344426070161878,"CLR_more_sig"
1,"cent vs mage","20",2.81795400959003e-17,5.74053626943833e-07,16.5500660990706,6.24104753478337,3.38644945071792,2.46376019167595,0.268514458280632,0.268884784551475,"CLR_more_sig"
1,"cent vs mage","21",5.49179877238705e-20,2.28651833840947e-08,19.2602853843346,7.64082531112647,3.57468513196878,2.64587193815128,0.261822981912774,0.261041439117715,"CLR_more_sig"
1,"cent vs mage","23",5.43212672409592e-12,0.000861722298238088,11.2650301071124,3.06463266894782,2.85355999198832,1.92164476142132,0.266506989995478,0.267334912949103,"CLR_more_sig"
1,"cent vs mage","24",1.84213621252339e-15,8.71202062125068e-10,14.7346782600457,9.05988110528112,5.23448446632982,4.28038335532924,0.492442892727861,0.492735530424354,"CLR_more_sig"
1,"cent vs mage","26",9.84460160470627e-13,2.49467977670227e-06,12.0068018543739,5.6029851935823,3.79113785754689,2.86948392333195,0.371794470423015,0.371261211023169,"CLR_more_sig"
1,"cent vs mage","28",1.06656141186079e-05,0.0426158756598369,4.97201413312181,1.37042858336058,2.92055311777751,2.0643232532529,0.4589964554132,0.463497765608391,"CLR_more_sig"
1,"cent vs mage","30",2.37225138263949e-09,0.0468717602939676,8.62483929156895,1.32908873601252,2.39623163165039,1.47071244064961,0.239160074068094,0.238223371155739,"CLR_more_sig"
1,"cent vs mage","32",4.44361501775741e-15,8.25965007816533e-05,14.3522635741475,4.08303835126811,2.84187947570462,1.92233510532101,0.227659320223253,0.22757725082673,"CLR_more_sig"
1,"cent vs mage","36",1.09995112749351e-12,0.0116172991113233,11.9586266107794,1.93489482869184,2.44715170573987,1.51979396150853,0.203401120928072,0.202713575503132,"CLR_more_sig"
1,"cent vs mage","39",2.88219523957754e-14,1.5291060268751e-07,13.5402766034668,6.81556239994391,4.29792279844203,3.37879837405419,0.415884521330559,0.416606609718784,"CLR_more_sig"
1,"cent vs mage","42",2.36451508378265e-13,9.849499370875e-07,12.6262579111759,6.00658584320715,4.15158233274277,3.25096504188077,0.409515462069379,0.412672662215898,"CLR_more_sig"
1,"cent vs mage","44",2.3422022428419e-07,0.045689886989382,6.63037560748822,1.34017991613883,2.51587627474718,1.59755677478152,0.299225004192977,0.299843447971307,"CLR_more_sig"
1,"cent vs mage","47",1.59384327411656e-05,0.0146713448309781,4.797554385909,1.83353007525666,3.2244545831268,2.28033747048515,0.493433132109459,0.494650179898116,"CLR_more_sig"
1,"cent vs mage","55",1.27052416711178e-09,0.000585608368925331,8.8960170696585,3.23239272540574,3.18889953586433,2.25421331869871,0.355873939519543,0.354268149088115,"CLR_more_sig"
1,"cent vs mage","56",7.21881094308877e-12,1.09464296449654e-05,11.1415343319848,4.96072750989571,3.70871943660926,2.77517028417518,0.375670993992301,0.37450403226388,"CLR_more_sig"
1,"cent vs mage","61",6.79577483440491e-09,0.0346952875196049,8.16776101911957,1.45972950916345,2.59784569028819,1.66930694490404,0.283222759549564,0.281606091694052,"CLR_more_sig"
1,"cent vs mage","69",6.30041823996007e-08,0.000224297845470129,7.20063061986741,3.64917489808412,3.40428282662045,2.49329663723155,0.38502377513814,0.388659332199453,"CLR_more_sig"
1,"cent vs mage","90",9.00462942590839e-13,0.000135174876490358,12.0455341553147,3.86910401856817,3.095893131989,2.1347850580434,0.280689766110283,0.281108177773329,"CLR_more_sig"
1,"cent vs mage","92",1.22903177765739e-11,0.00348737192430739,10.9104368879168,2.45750173313424,2.64460177707676,1.71134342439654,0.240814624586929,0.239086238099069,"CLR_more_sig"
1,"cent vs mage","95",4.76324635220432e-07,0.0188782021686073,6.32209695646108,1.72403936731711,2.820001919737,1.86402116576204,0.374312512189987,0.370402760825091,"CLR_more_sig"
1,"cent vs mage","106",3.23257508935473e-12,1.40469296794068e-05,11.4904513781216,4.85241859170252,3.46428509479699,2.5282544780732,0.333995602681813,0.33460419320109,"CLR_more_sig"
1,"cent vs mage","114",0.000263499392711309,2.44531183034335e-07,3.57922038137148,6.61166575103437,-2.99074589289709,-3.91212008445964,0.492486473613485,0.487686904629194,"TSS_more_sig"
1,"cent vs mage","119",4.12563236934648e-12,0.00867369554164857,11.3845094741519,2.06179582623874,2.60174955213151,1.66271468721286,0.238732081541067,0.238123970744367,"CLR_more_sig"
1,"cent vs mage","132",1.25752923978956e-05,1.24364764493567e-09,4.90048190803615,8.90530264821112,-3.5269852944,-4.46855848219132,0.489171336418222,0.486670634719033,"TSS_more_sig"
1,"cent vs mage","142",6.87846964738533e-08,7.75972570457718e-05,7.16250817479133,4.11015363017145,4.35387836866074,3.40521145595074,0.534950957443263,0.538365228588205,"CLR_more_sig"
1,"cent vs mage","143",1.67505715485442e-05,1.93708751975117e-08,4.77597036975286,7.71285075693379,-3.15809041622941,-3.99977592258414,0.44440539941302,0.452729299893979,"TSS_more_sig"
1,"cent vs mage","155",3.05851166591301e-05,0.00231142389028196,4.51448985865744,2.63612040227987,3.32506421582001,2.44421981263143,0.464286094256362,0.467602713872766,"CLR_more_sig"
1,"cent vs mage","168",6.94464772121704e-10,1.70690698507994e-05,9.1583497796761,4.76779014436104,4.2737067713541,3.31681639743099,0.448291416554512,0.450630247232236,"CLR_more_sig"
1,"cent vs mage","210",1.31648835043711e-06,3.85040838911851e-10,5.88058297959875,9.41449320510591,-3.69144122463301,-4.55438615193664,0.464259576190535,0.473061260380776,"TSS_more_sig"
1,"cent vs mage","212",8.34563536916963e-08,0.0105686258613366,7.0785405940572,1.97598147623412,3.10034797075672,2.16710995479007,0.376557852198159,0.377546276533959,"CLR_more_sig"
1,"cent vs mage","219",2.15989719785952e-05,1.34581227493232e-08,4.66556691897167,7.87101551488681,-3.14307997886636,-3.97852607852779,0.454714349230822,0.461378430867098,"TSS_more_sig"
1,"cent vs mage","294",1.75821945483894e-09,0.000255725201501435,8.75492691875182,3.59222647051224,3.53621149185878,2.69769040960887,0.384095550785402,0.390547292397776,"CLR_more_sig"
1,"cent vs mage","353",0.0471174589619886,3.50190309960027e-05,1.32681813903045,4.45569587535455,-2.58864459397294,-3.42180988551356,0.462627787400374,0.449243538925688,"TSS_more_sig"
1,"cent vs mage","652",1.87783504947995e-11,0.000662670983573628,10.7263425591662,3.17870204547914,3.0757758784595,2.09537179001729,0.311135150137336,0.319988292911289,"CLR_more_sig"
1,"cent vs mage","671",1.49863471280077e-09,0.000455905346672322,8.82430421208008,3.34112531453927,3.27716864285468,2.36060325732693,0.363766902824701,0.361270294004068,"CLR_more_sig"
1,"cent vs mage","728",9.79348962990269e-13,9.10316685728828e-05,12.0090625322039,4.04080749675739,3.24931949545073,2.32056319892499,0.306917800286358,0.305325201668097,"CLR_more_sig"
1,"cent vs mage","762",6.99070981077109e-09,0.00125748640959585,8.15547872536299,2.90049669992565,3.27328358403332,2.33268305978738,0.387038096126561,0.388239243805138,"CLR_more_sig"
1,"cent vs mage","788",0.000178842071531276,0.0316089165662428,3.74753030833324,1.50019038987273,3.21662476938816,2.34108522404044,0.54006856396346,0.541226818873192,"CLR_more_sig"
1,"cent vs mage","829",2.38573219015767e-07,0.00133133238836554,6.62237830956113,2.8757135024432,3.3065193452695,2.38205925432606,0.396922000445257,0.397166955731199,"CLR_more_sig"
1,"cent vs mage","834",8.38325633187321e-07,0.0273781830482052,6.07658725436901,1.56259537717799,2.93163433363535,2.00804302928539,0.395498766260558,0.396690358716171,"CLR_more_sig"
1,"cent vs mage","848",3.9494955461703e-10,0.00105705662421236,9.40345837159006,2.97590174786353,3.07597922379534,2.13890472198163,0.341836664766666,0.332003666058803,"CLR_more_sig"
1,"cent vs mage","854",6.76312198278089e-08,8.09645444869295e-06,7.16985277936885,5.0917051231549,4.0752153078837,3.24932013330157,0.468351054353862,0.459191415046855,"CLR_more_sig"
1,"cent vs mage","857",9.35650604187018e-10,0.00135116111208765,9.02888629763152,2.86929286273307,3.27347128137696,2.33656485331441,0.341662387827153,0.34723062845514,"CLR_more_sig"
1,"cent vs mage","886",6.55900079914514e-08,0.00116411366737027,7.18316231618376,2.93400461186695,3.98542301945311,2.95557685599575,0.526646860085826,0.527496195217661,"CLR_more_sig"
1,"cent vs mage","921",2.12703000319564e-05,1.53186751550641e-07,4.6722263840369,6.81477879330166,-3.18024635055228,-3.95321705822748,0.482436958162135,0.47004986545836,"TSS_more_sig"
1,"cent vs mage","947",2.0698929201458e-06,0.00269562381946244,5.68405212091635,2.56934071470745,3.29618374804674,2.30961821983932,0.415008002976532,0.418287370712402,"CLR_more_sig"
1,"cent vs mage","978",2.93984341794034e-10,0.000161433847342372,9.5316758003822,3.79200540286742,4.04802519943689,3.175375318448,0.444441039068058,0.444770461481092,"CLR_more_sig"
1,"cent vs mage","984",2.74851498199841e-08,0.00329908265175003,7.56090189137735,2.48160680396078,3.508792973775,2.49482620177945,0.410168371302269,0.422744136502058,"CLR_more_sig"
1,"cent vs mage","989",2.53599601526272e-08,0.0452874026341151,7.59585143318414,1.34402258667006,3.18936279832893,2.21367459193604,0.381972426416671,0.381606385924201,"CLR_more_sig"
1,"cent vs mage","1017",2.38741388397338e-07,0.0416399021164318,6.6220722848289,1.38049030006312,3.08086545255417,2.1019900520151,0.396991459822343,0.38528607989497,"CLR_more_sig"
1,"cent vs mage","1030",1.77481125111277e-06,0.00170519095385372,5.75084782681107,2.7682269799786,3.21316263150282,2.31045294743633,0.407334264243593,0.401384726816765,"CLR_more_sig"
1,"cent vs mage","1043",2.61696918150996e-11,2.64967732743118e-05,10.5822013917579,4.57680701038336,3.53738323441578,2.61751280454039,0.331108886722312,0.327411161662825,"CLR_more_sig"
1,"cent vs mage","1074",2.69345371369533e-10,8.20826435669677e-07,9.56969048329212,6.08574866504831,4.06377223353529,3.04811290125622,0.381261657028516,0.375043736790343,"CLR_more_sig"
1,"cent vs mage","1076",7.07407537839026e-08,0.0059486769664401,7.15033031683615,2.22557961411447,3.40657575510422,2.40814514000462,0.419401376155091,0.422538753470269,"CLR_more_sig"
1,"cent vs mage","1087",4.87065125019424e-11,1.83629593281039e-06,10.3124129657964,5.73605732769367,4.61665534740707,3.68069255542835,0.490395313129969,0.495032144063457,"CLR_more_sig"
1,"cent vs mage","1091",0.000123217075894378,0.043806612591721,3.90932910180786,1.35846032795857,3.34482855680029,2.58410985966277,0.484088607436984,0.468424744105116,"CLR_more_sig"
1,"cent vs mage","1098",8.6626088048697e-19,1.34722883469654e-10,18.0623512974817,9.87055863055376,5.27212940399842,4.294783620846,0.440114802609496,0.451113516342091,"CLR_more_sig"
1,"eld vs kin","3",1.4027273669677e-05,4.78996009523058e-12,4.85302672991756,11.3196681046425,-3.80311805365313,-4.9013815058974,0.446025438839212,0.447015206796055,"TSS_more_sig"
1,"eld vs kin","4",1.19757017656853e-21,0.000290558400572431,20.9216990278896,3.53676656379943,3.41736351419144,2.32833195074855,0.220138439761693,0.220935634774871,"CLR_more_sig"
1,"eld vs kin","7",1.0369682595206e-34,3.27586920029814e-25,33.9842345366929,24.4846734471811,8.50859775357902,7.39059398730798,0.466563983808717,0.459417043727902,"CLR_more_sig"
1,"eld vs kin","11",1.56768317844855e-15,2.36383586832316e-05,14.8047417016989,4.62638268174856,4.11802939619866,3.03762625448611,0.349914141897011,0.355748284907717,"CLR_more_sig"
1,"eld vs kin","14",2.47786084292929e-19,4.21701496887472e-05,18.6059230873243,4.3749948573944,3.74304078512913,2.66062321495017,0.275565720214703,0.275580224563929,"CLR_more_sig"
1,"eld vs kin","15",8.20491847492203e-10,0.00557475416854494,9.08592572979278,2.25377427905978,3.8645831495788,2.75984624890254,0.435020786494608,0.430267952552784,"CLR_more_sig"
1,"eld vs kin","16",2.69473129716001e-21,2.1994834839654e-06,20.5694845336233,5.65767929481447,3.90720009818905,2.82051717539656,0.267126440070391,0.266962823022848,"CLR_more_sig"
1,"eld vs kin","21",5.44827861095203e-29,3.53233813465e-13,28.2637406918249,12.4519377300708,4.98223159151405,3.90009351048674,0.293315544526868,0.294842239384368,"CLR_more_sig"
1,"eld vs kin","23",1.21187446327466e-11,0.0237766974282602,10.9165423659212,1.62384846882116,3.29995613884736,2.21244165881509,0.310970678455211,0.310559530569182,"CLR_more_sig"
1,"eld vs kin","25",6.5819420369551e-11,0.0013984710046891,10.1816459465845,2.85434653367863,3.93871420401195,2.8676580746864,0.423104440935186,0.423566094286295,"CLR_more_sig"
1,"eld vs kin","26",8.86218203138645e-10,0.0316495397662656,9.05245933369791,1.4996326009207,3.33431548064992,2.24399083865304,0.364001720566175,0.363363940187252,"CLR_more_sig"
1,"eld vs kin","29",8.28039949084703e-14,0.00931657730739645,13.0819487100164,2.03074360798102,3.33811315484404,2.24689750620645,0.291266553431283,0.292139916000001,"CLR_more_sig"
1,"eld vs kin","31",7.25494613364359e-10,0.00190700321192793,9.13936580775391,2.71964857547974,4.47185927586683,3.36538586630717,0.535990788200436,0.530898454597815,"CLR_more_sig"
1,"eld vs kin","32",2.97278484589559e-08,0.0485762137527486,7.52683652154567,1.31357633906507,2.66149478340324,1.55903601246156,0.291346329656173,0.289912318970324,"CLR_more_sig"
1,"eld vs kin","33",0.0416575483588457,2.2026645688154e-05,1.38030629285095,4.65705163403582,-2.28447065769045,-3.40415236090685,0.459875104697083,0.459770195752642,"TSS_more_sig"
1,"eld vs kin","36",1.69827033744305e-12,0.0313959969432614,11.769993175862,1.50312572187198,3.01216403562954,1.92387825818096,0.262546025212037,0.262675938853513,"CLR_more_sig"
1,"eld vs kin","47",6.46449483822392e-07,0.0327769089994636,6.18946540698522,1.48443200463287,3.81493923722566,2.67631839033434,0.536288651570445,0.544401076681584,"CLR_more_sig"
1,"eld vs kin","49",2.25040645781527e-07,0.0478888417133818,6.64773903458019,1.31976566710377,2.89443685141856,1.79144282814053,0.363520162440374,0.36445300523288,"CLR_more_sig"
1,"eld vs kin","55",3.00716759124183e-08,0.0321618635455565,7.52184236773475,1.49265879499497,3.40582722059174,2.28705631985238,0.416381923867599,0.407095967602086,"CLR_more_sig"
1,"eld vs kin","61",4.59227793961015e-08,0.0336762476556072,7.33797183489882,1.47267630533302,3.1252891361761,2.04151282743282,0.36184197239312,0.368476375723903,"CLR_more_sig"
1,"eld vs kin","67",1.40598605032338e-05,5.67543098165905e-11,4.85201898820498,10.2460011533684,-4.48230397109826,-5.49617332875381,0.56456635100551,0.565769949862308,"TSS_more_sig"
1,"eld vs kin","70",7.3962572432554e-06,0.0354038123130133,5.13098799240423,1.45094997025218,3.50081752800674,2.43620748223003,0.508167985187191,0.518997135526934,"CLR_more_sig"
1,"eld vs kin","71",1.68040258845233e-05,0.0466583395362454,4.7745866581566,1.33107072081611,3.59438154255556,2.5574438945055,0.537984743957378,0.526813135557965,"CLR_more_sig"
1,"eld vs kin","74",2.22976150750324e-10,6.9313435334863e-05,9.65174158606139,4.15918257597614,4.74422695927994,3.61925838402904,0.505483766755142,0.491000869711075,"CLR_more_sig"
1,"eld vs kin","77",7.74242959942091e-09,0.031923960397996,8.11112273491816,1.49588323661005,3.29039959152329,2.16879016313936,0.37208366012192,0.365676939964864,"CLR_more_sig"
1,"eld vs kin","79",0.00287412383855814,3.51157529041389e-07,2.54149452317335,6.45449801559719,-2.83913391340961,-3.9534001901004,0.49060304217048,0.491173685309682,"TSS_more_sig"
1,"eld vs kin","80",5.76824290372277e-11,0.0160391186316577,10.238956459536,1.79481950038629,3.37190262744751,2.29464341359806,0.349827015339145,0.35032207658416,"CLR_more_sig"
1,"eld vs kin","84",0.0317335683290541,1.73639243633376e-07,1.4984810902543,6.76035211460117,-2.82639154977652,-3.99945413339024,0.470006639670669,0.488274379654163,"TSS_more_sig"
1,"eld vs kin","89",7.76489457251298e-19,8.32718717294328e-11,18.1098644365081,10.0795016734511,5.7576914474895,4.70769727930175,0.433543688456472,0.439675430585522,"CLR_more_sig"
1,"eld vs kin","91",0.00627497780143085,8.33756871066979e-07,2.20238780621874,6.07896057399992,-3.28676265233038,-4.33618758604115,0.579527594316918,0.580572034280949,"TSS_more_sig"
1,"eld vs kin","100",0.0379706371920981,6.06406271794074e-05,1.42055211482517,4.21723631563545,-2.73741224888322,-3.83204571113669,0.565356235130155,0.559453065824619,"TSS_more_sig"
1,"eld vs kin","103",8.11894312350004e-06,0.039808083577867,5.09050050099348,1.40002872951439,3.18550970319738,2.11565402675612,0.449544008471002,0.460449476478943,"CLR_more_sig"
1,"eld vs kin","111",0.0471011333722309,0.000178500324272196,1.32696864252325,3.74836099059102,-2.31671814059513,-3.38901587338809,0.455427442364463,0.464559010730502,"TSS_more_sig"
1,"eld vs kin","119",4.09374470715461e-12,0.00521027159154585,11.3878792441677,2.28313963799885,3.31668167768459,2.26076248024253,0.308408735514425,0.315915515583473,"CLR_more_sig"
1,"eld vs kin","121",5.63205383364813e-16,3.56068777262904e-07,15.2493332026684,6.44846610680013,5.5507432320246,4.44273054367548,0.506170417206519,0.49528774475236,"CLR_more_sig"
1,"eld vs kin","124",6.02341384363484e-08,0.0118320918635233,7.2201572972424,1.92693846716647,3.56954748579293,2.42812542307386,0.450186696847851,0.436311550041575,"CLR_more_sig"
1,"eld vs kin","125",1.76588893091895e-06,0.035540604847281,5.75303661571086,1.44927518543333,3.98950510744138,2.76341703099802,0.542114904661643,0.547120695387886,"CLR_more_sig"
1,"eld vs kin","138",4.71362777920329e-15,1.46653037097855e-07,14.3266447153672,6.83370893860786,4.85701261070724,3.71956710348653,0.435228503168705,0.429541869938376,"CLR_more_sig"
1,"eld vs kin","139",0.0321444607067231,3.93308634810215e-06,1.49289385607636,5.40526651886037,-3.05934976433747,-4.06700875565035,0.537648933080575,0.540438164513233,"TSS_more_sig"
1,"eld vs kin","151",1.09886601850127e-17,5.03369093519821e-13,16.9590552565963,12.2981134533205,6.27164708296889,5.2625243170019,0.480561864384157,0.479188401234859,"CLR_more_sig"
1,"eld vs kin","164",1.26079768729422e-08,0.000607903372353319,7.89935459648862,3.21616544735355,4.21946664422984,3.07152086691606,0.465523159386504,0.466924517567997,"CLR_more_sig"
1,"eld vs kin","169",0.0393209815330881,0.000784108492715636,1.4053756498154,3.10562384225451,-2.55743410421225,-3.5654188192056,0.518171390081222,0.531469282910807,"TSS_more_sig"
1,"eld vs kin","206",1.04580031883643e-05,0.0365388034019238,4.98055123010162,1.43724567932751,3.65584183226618,2.55042014885049,0.54639145083282,0.540795042582954,"CLR_more_sig"
1,"eld vs kin","207",1.00582462373704e-11,0.000246256591807561,10.9974777365594,3.60861213546047,4.64923125464199,3.46126375462469,0.463856677576437,0.474201118655735,"CLR_more_sig"
1,"eld vs kin","222",1.60004776148284e-09,0.001982577571035,8.79586705344479,2.7027698113176,4.20574771351213,3.14477030097709,0.495081732838974,0.499000747858052,"CLR_more_sig"
1,"eld vs kin","223",2.17297186432266e-05,0.0388167931940016,4.66294589689555,1.41098034621907,3.53302530967236,2.4033990076988,0.534056809845717,0.530732588124727,"CLR_more_sig"
1,"eld vs kin","246",3.53085458243639e-06,0.0287413391432431,5.4521201684029,1.54149300067737,3.88419352912549,2.75879393384108,0.479411004260545,0.466108789782665,"CLR_more_sig"
1,"eld vs kin","265",4.83041591876397e-05,0.00748934488649571,4.31601547308962,2.12555616956663,3.71096495384229,2.56837276548519,0.474976679982736,0.475349486878163,"CLR_more_sig"
1,"eld vs kin","294",1.12422548742721e-05,0.0329505355653078,4.94914657299832,1.48213752215745,3.59953447185992,2.53611168955434,0.447642685125345,0.440320444764612,"CLR_more_sig"
1,"eld vs kin","329",1.03864961886258e-08,0.0325741567210463,7.98353093392325,1.48712681847453,3.53060274833564,2.55593313984284,0.422674851090091,0.44547685304492,"CLR_more_sig"
1,"eld vs kin","344",2.66822813900968e-12,0.000489823101585956,11.5737770400939,3.3099607360453,3.93840433502187,2.92231165603717,0.406892132443345,0.419684886154392,"CLR_more_sig"
1,"eld vs kin","435",6.35229230550198e-06,0.0451083211682364,5.19706952573434,1.34574333607983,3.75180566978377,2.50731110503715,0.565612268064602,0.566451702714463,"CLR_more_sig"
1,"eld vs kin","666",0.00232695330176818,4.89971620483652e-08,2.6332123322216,7.30982907389859,-2.9663781026282,-4.00742161379289,0.430021872810461,0.425184402324185,"TSS_more_sig"
1,"eld vs kin","728",1.96861982104536e-19,6.99202504189436e-09,18.705838146515,8.15539702494787,5.05636015490716,3.93351974543853,0.380514381000986,0.375676941388988,"CLR_more_sig"
1,"eld vs kin","744",0.0186561390764256,1.02441904206332e-05,1.72917822936217,4.989522357394,-2.76388670126103,-3.7976086189366,0.530196660398795,0.517305569911348,"TSS_more_sig"
1,"eld vs kin","786",0.0332043337914464,1.60854757124594e-06,1.47880522898036,5.79356609073086,-2.85558470300256,-3.87795282334308,0.509810760997424,0.498239806704679,"TSS_more_sig"
1,"eld vs kin","854",3.25550093525839e-09,0.00186888415909951,8.48738217555054,2.72841761709255,4.20993386433837,3.12935617701627,0.461192071279958,0.471854947041398,"CLR_more_sig"
1,"eld vs kin","886",1.58672459824703e-14,3.1013648487055e-07,13.7994984455456,6.50844713977399,5.59466360311832,4.47156981329018,0.527679468308328,0.529180513338676,"CLR_more_sig"
1,"eld vs kin","888",1.35106457169711e-08,0.00961310803551715,7.86932389415962,2.0171361769051,3.73079112456008,2.65992736234951,0.450767539553457,0.448223689734603,"CLR_more_sig"
1,"eld vs kin","944",7.65606034217257e-10,0.033379968002709,9.11599465227284,1.47651408396155,2.93196353346117,1.83567520443361,0.298436561537949,0.294214006934321,"CLR_more_sig"
1,"eld vs kin","947",6.4671789002216e-17,2.86455632108446e-09,16.189285125089,8.54294263450854,5.09980336225702,4.05986696319876,0.425442669952645,0.428116549325726,"CLR_more_sig"
1,"eld vs kin","978",1.16867000329224e-28,2.29482147678288e-19,27.9323081030224,18.6392510942939,6.97259742905606,5.9204183247054,0.418751136077342,0.413263386647457,"CLR_more_sig"
1,"eld vs kin","984",3.09174768962645e-20,1.29484421927771e-11,19.5097959550752,10.8877824777431,5.86896131359739,4.71500578443197,0.42928721625169,0.431408489098944,"CLR_more_sig"
1,"eld vs kin","988",1.06949793780178e-08,0.0137544694422578,7.97082004849514,1.86155615720041,4.06606570062597,2.95752516663403,0.528313616939066,0.521153326510732,"CLR_more_sig"
1,"eld vs kin","991",0.0358515672153791,0.00151764180413874,1.4454918548326,2.81883071911417,-2.87541029955982,-3.90841363857448,0.562752779910258,0.575606398967912,"TSS_more_sig"
1,"eld vs kin","1014",0.00179663974663838,1.429629306798e-08,2.74553899675407,7.8447765575574,-3.42751765143012,-4.51547124401515,0.523201901210303,0.522270569429946,"TSS_more_sig"
1,"eld vs kin","1020",6.35749556617353e-07,0.032835204726748,6.19671393403657,1.48366027155182,3.23648514425785,2.22955805263004,0.42256085793956,0.427260301697175,"CLR_more_sig"
1,"eld vs kin","1021",0.0328315881975196,4.14017700579673e-05,1.48370810817119,4.38298109100531,-2.91261399386166,-4.01566995513252,0.556130036381073,0.555808054557885,"TSS_more_sig"
1,"eld vs kin","1030",1.14030064882398e-17,1.20967653125476e-06,16.9429806285663,5.91733074494949,5.05648276497385,4.08750498821573,0.4273978267118,0.439231827235343,"CLR_more_sig"
1,"eld vs kin","1043",1.55497166995818e-06,0.0481847973954044,5.80827751897985,1.31708996277209,3.28040167565123,2.23826706692394,0.406226850944,0.429908798154709,"CLR_more_sig"
1,"eld vs kin","1074",9.67782628869236e-26,9.42708090413888e-15,25.0142221774888,14.0256227657445,5.97998461093118,4.88605103324001,0.393380287401472,0.397244858682789,"CLR_more_sig"
1,"eld vs kin","1076",4.64470183674745e-20,7.41746949702608e-10,19.3330421599936,9.12974423096333,5.51956186014928,4.24341335940428,0.415643667800185,0.420130788290072,"CLR_more_sig"
1,"eld vs kin","1082",2.68948312942076e-07,0.0026899467353605,6.57033117561432,2.57025631953961,3.92385345737095,2.87582575142461,0.504275976043783,0.489188936908658,"CLR_more_sig"
1,"eld vs kin","1089",3.96700806096094e-19,8.08226850969124e-06,18.4015369170385,5.09246672549196,3.90064972415985,2.81546225767374,0.288778422100479,0.28987090338487,"CLR_more_sig"
1,"eld vs kin","1098",7.8792557896365e-34,5.07412588135838e-25,33.1035148004949,24.294638762794,7.87877517075554,6.81841892035574,0.439634577220799,0.447838381111836,"CLR_more_sig"
1,"eld vs kin","1105",0.000176208956063275,2.02400855571692e-07,3.75397202174683,6.69378765601564,-3.66733092856337,-4.67569733520483,0.500241235032921,0.507496802577162,"TSS_more_sig"
1,"eld vs kin","1108",2.48518628179976e-07,0.0355350871489904,6.60464105235295,1.44934261512294,3.42854448522153,2.2189841390953,0.434891157343292,0.435139475051809,"CLR_more_sig"
1,"eld vs kin","1112",0.0439946644532907,1.47208436802031e-05,1.35659999030926,4.8320672990232,-2.65976725133786,-3.83377622692901,0.544658510247977,0.532152910075935,"TSS_more_sig"
