"constant","comparison","robustness","n_all3","n_coeff_only","n_clr_only","n_tss_only","n_none","n_sig_coeff","n_sig_clr","n_sig_tss","median_log_coeff","median_log_clr","median_log_tss","median_es_coeff","median_es_clr","median_es_tss","cor_coeff_clr","cor_coeff_tss","cor_clr_tss","mae_coeff_clr","mae_coeff_tss","mae_clr_tss"
-1,"cent vs eld",0.135238095238095,71,391,63,0,592,462,135,124,1.15059490182695,0.0616151506395854,0.0643426779035769,1.11043743863348,0.344920920911705,0.330773246932267,0.513228067283737,0.612353143335198,0.985289105106561,1.6636529870428,1.58996017974315,0.110141361965108
-1,"cent vs kin",0.25531914893617,180,434,91,0,412,614,272,273,1.44971952412713,0.16707664474187,0.204439110146041,1.16958123470025,0.480853538096303,0.514611342545073,0.55081824340442,0.605691249676097,0.923795383287908,3.04389813512301,2.78517979891997,0.400128387224346
-1,"cent vs mage",0.127733026467204,111,665,93,0,248,776,204,232,1.74978104403662,0.112088464079306,0.263862611964559,1.39151633467849,0.460420421229673,0.576791810887581,0.306022548579543,0.569961999283578,0.943475201697709,2.60900495624023,2.16177056588914,0.494507710058116
-1,"cent vs mid",0.150922909880565,139,675,107,0,196,814,246,269,2.2504271389645,0.233314741472448,0.357747344440129,1.4475503922108,0.537852835339235,0.614291056237622,0.511415518515492,0.623831487050322,0.963228027585073,3.16846405244219,2.77486539555695,0.449982904780333
-1,"cent vs pup",0.207351555136664,220,738,103,0,56,958,332,462,3.72877924183344,0.287308889355023,0.959542920200175,1.74486513909793,0.558633091196188,0.858069365905321,0.395665487063614,0.608545468614836,0.851298752179098,7.153230231818,5.3964600104187,1.88385488003715
-1,"cent vs you",0.21058434399118,191,621,95,0,210,812,290,318,2.00080641820942,0.236978936800014,0.288565180867889,1.28813232560553,0.499136706351265,0.528388516475824,0.629492926097624,0.811465633671854,0.913968489364059,3.6361850725993,2.90626667458575,0.863019635311426
-1,"eld vs kin",0.351893095768374,158,230,61,0,668,388,222,214,0.874382653261139,0.09225476200778,0.0911955353895495,1.0828999539817,0.423419614160855,0.433234778532068,0.719154909228684,0.723635590505766,0.982001642801258,1.65930521244484,1.60741797053025,0.152166081016184
-1,"eld vs mage",0.0769230769230769,38,398,58,0,623,436,96,93,1.1452530559158,0.0410562539658887,0.104787474638114,1.30695739983474,0.336888327956882,0.439230866359166,0.264523985129394,0.426317434470414,0.978922679556618,1.5272077221021,1.34303330477235,0.205705779610925
-1,"eld vs mid",0.125560538116592,84,496,89,0,448,580,173,167,1.33756819104196,0.136918270097719,0.183319997342814,1.37675009677667,0.508369828433458,0.558404776234151,0.63367875881609,0.683548548571891,0.993068226490319,1.75729981478592,1.63318228858012,0.163424710456524
-1,"eld vs pup",0.181438998957247,174,691,94,0,158,865,269,332,2.0503395373114,0.159729851005197,0.537380919789897,1.63724017301231,0.529285027042059,0.800907680657453,0.594297990504419,0.75144978163611,0.915224083977794,3.56978560795617,2.63726368448135,1.02215146205408
-1,"eld vs you",0.0972222222222222,49,433,22,0,613,482,71,106,1.1272460121043,0.0568616912919311,0.0704822725118069,1.1641679909039,0.356246904134034,0.311812621464242,0.614892536200447,0.873641858840681,0.895290352808281,1.6354916379432,1.45954293958272,0.233882826032489
-1,"kin vs mage",0.09375,45,377,58,0,637,422,103,100,1.15198403754729,0.0539221096824675,0.091399077421527,1.26622867605997,0.334329103986267,0.407802820016982,0.429589710800841,0.63063975361444,0.961915882673058,1.5016617745697,1.38820013000367,0.135003658969598
-1,"kin vs mid",0.0758226037195994,53,557,88,1,418,610,142,139,1.37983819974443,0.153164243972072,0.162837847313369,1.3400332381967,0.488521755985991,0.507382165514987,0.281516675603409,0.32994234371053,0.994348204778117,1.72970324355198,1.68703265076029,0.079116636174489
-1,"kin vs pup",0.0146596858638743,14,891,50,0,162,905,74,80,2.10515958248344,0.0464688476809067,0.358583423011928,1.57360015657796,0.266429642594408,0.604790915932333,0.172047285238337,0.6818574712698,0.751745676231158,2.39423067429976,1.98244813887526,0.510252962342961
-1,"kin vs you",0.33456561922366,181,283,77,0,576,464,258,265,1.1605281807695,0.114949823809516,0.111989617690435,1.14243455320905,0.409322161506028,0.400335381323537,0.810730268038977,0.874064267851795,0.985600255057244,2.19853095203267,1.90337048830869,0.351476742786116
-1,"mage vs mid",0.054421768707483,16,202,64,12,823,218,85,92,0.820393385566212,0.0655951261143638,0.0413477490768219,1.05342871740404,0.368680659621529,0.317810887381819,0.271431778677646,0.123188165835446,0.980528917296689,1.06404907437605,1.13525196225587,0.102307153608438
-1,"mage vs pup",0.092896174863388,68,584,80,0,385,652,151,142,1.43383704628203,0.0620796177650005,0.156645532882667,1.32151977738582,0.329652862421473,0.432080718176881,0.512719673209733,0.773363308473523,0.859371172672034,2.05612236733219,1.72016090114235,0.389754276901032
-1,"mage vs you",0.358208955223881,144,190,67,1,715,334,211,212,0.671146417477573,0.117003878496111,0.0859818988676909,0.894173015897219,0.447963530339931,0.403814240934213,0.830379752231694,0.862073994418356,0.992012185526851,1.40384202413847,1.34384211208174,0.152791452937042
-1,"mid vs pup",0.141451414514145,115,627,71,0,304,742,190,235,1.62616124949889,0.100204789155253,0.156714088621723,1.25718121350788,0.361430703669033,0.378960621148066,0.406143188392057,0.737791594364356,0.881298431671182,2.94625853619871,2.44304559694627,0.586802397202133
-1,"mid vs you",0.420944558521561,205,224,58,0,630,429,263,261,0.806115423439839,0.341916654238524,0.153940286099348,0.905006091200258,0.654153020059593,0.483124730240541,0.839725186547191,0.898581272841865,0.987012768276141,1.7487578589826,1.54784141777331,0.377387549985112
-1,"pup vs you",0.511627906976744,242,127,69,35,644,369,327,346,0.438005424109557,0.263778454675301,0.471079583081966,0.635149803044893,0.53913705679606,0.674725621328154,0.905409804153633,0.865699583885726,0.981494614354806,1.73412923492216,2.12296724583834,0.513827873974072
-0.9,"cent vs eld",0.163934426229508,70,299,58,0,690,369,129,124,0.965024588784999,0.0627743284051668,0.0642116986164603,1.01234958635561,0.340058748541353,0.352997208214343,0.546566074937509,0.655961564013123,0.984338909752684,1.47246421885781,1.38917320207854,0.111494142035545
-0.9,"cent vs kin",0.294685990338164,183,351,87,0,496,534,271,275,1.24690365650336,0.158999207131275,0.205955471410658,1.07582995218868,0.467574739970197,0.522073005416445,0.591910649956247,0.67198350354118,0.955708123184562,2.68779174641056,2.37328153356205,0.376848828993489
-0.9,"cent vs mage",0.156330749354005,121,566,87,0,343,687,208,225,1.55530764218412,0.113885367611665,0.271715704936789,1.30535398509086,0.461197115631123,0.583105577528144,0.370606502575472,0.608810844278069,0.952365745917298,2.34088838537749,1.89778379336649,0.487834746367669
-0.9,"cent vs mid",0.171037628278221,150,626,101,0,240,776,251,272,1.99565225171477,0.236387540512846,0.359118986986048,1.35854457082212,0.53533104550012,0.623866457305926,0.569756967391803,0.675525409883111,0.960050299577582,2.80716686061674,2.41655174897932,0.450721305647363
-0.9,"cent vs pup",0.222222222222222,230,705,100,0,82,935,338,470,3.3559772228435,0.307584430280825,0.989720852682766,1.63314277471455,0.564747633810587,0.87827685931919,0.426114136788379,0.66600908366141,0.814335093265736,6.3409542276601,4.48119811977956,1.9710100765498
-0.9,"cent vs you",0.238861386138614,193,526,89,0,309,719,283,329,1.72407987863333,0.233537484925122,0.270549670994243,1.21450151798236,0.505821959349042,0.527913978592192,0.661184447830526,0.829834837547576,0.920528459425257,3.25818888819472,2.53662584690427,0.846597675797313
-0.9,"eld vs kin",0.395061728395062,160,191,53,1,712,351,215,219,0.737310286975086,0.0944992582601641,0.0895457111948068,0.993091137709087,0.449282300477015,0.443046341232531,0.764695301328243,0.783132594434618,0.996621064818463,1.44553636656509,1.38336790063305,0.130681723600626
-0.9,"eld vs mage",0.107692307692308,42,293,55,0,727,335,97,93,0.989299566312439,0.0432379249798219,0.106617956518182,1.21554567656301,0.338600337677608,0.443985480729104,0.350838153017531,0.505035846115138,0.980005320099877,1.35923129910253,1.18070515717488,0.195975153153351
-0.9,"eld vs mid",0.153571428571429,86,388,86,0,557,474,173,164,1.17872091710172,0.143096999118412,0.18140451799714,1.29175691021563,0.506815766252394,0.558310260686748,0.670159180187574,0.751136716279144,0.97866061766753,1.59526674196331,1.44603641545157,0.178396142654443
-0.9,"eld vs pup",0.194475138121547,176,639,90,0,212,815,267,329,1.83186153770279,0.160687825035242,0.511560508890428,1.5355269623434,0.527146602985229,0.790780379197878,0.604407762985067,0.780386407106684,0.900871556468723,3.26658526970581,2.31925210186111,1.03240890415985
-0.9,"eld vs you",0.114832535885167,48,348,22,0,699,396,70,105,0.988606559291284,0.0586006511570147,0.0710929196954624,1.06585054346332,0.354211251880705,0.325183321414751,0.624081015731588,0.882290195933876,0.89556967196923,1.43380811671209,1.24805564054572,0.236790977389843
-0.9,"kin vs mage",0.124309392265193,45,261,56,0,755,306,101,100,0.984391081585987,0.0529544744463439,0.0923580893659215,1.17267035360479,0.325497960185335,0.422218446463005,0.471831676204011,0.667893984842504,0.962535537382555,1.31969632761027,1.20107309192823,0.135817717029083
-0.9,"kin vs mid",0.101328903654485,61,457,83,1,515,518,145,142,1.23528980239548,0.158606889365977,0.158965335577925,1.25828739034197,0.493675621452796,0.499549343813454,0.365064385059138,0.402396700439905,0.995391547469785,1.53112631335058,1.49601680999476,0.0739406913253959
-0.9,"kin vs pup",0.0166852057842047,15,829,55,0,218,844,78,83,1.84693644193404,0.0441259853744507,0.364809321357571,1.47683438067939,0.27412419601856,0.611730100354694,0.173897921185549,0.692221071794617,0.756017182437921,2.13798618863778,1.70359533554005,0.520166249444294
-0.9,"kin vs you",0.378818737270876,186,232,73,0,626,418,259,262,0.988800092244985,0.114201688805026,0.102844129525685,1.05216685061195,0.407055965330151,0.372687365747167,0.837947833337807,0.891053197951729,0.988343435875501,1.95537244096367,1.67993261389782,0.33049290989015
-0.9,"mage vs mid",0.0772532188841202,18,141,62,12,884,159,88,92,0.716442660270243,0.0617697646790385,0.0403376539887519,0.974131438677828,0.362517291415019,0.308664005600438,0.347666121539492,0.193124653734284,0.97928848672265,0.914450188238405,0.992581478663591,0.102897571675014
-0.9,"mage vs pup",0.117940199335548,71,455,76,0,515,526,149,145,1.24171750323661,0.0569202170887641,0.165948216920945,1.21705020981202,0.321319069708727,0.44656328038204,0.534361997380072,0.78329292168411,0.858712423408242,1.90631241647714,1.55112222046215,0.404047835500624
-0.9,"mage vs you",0.39572192513369,148,159,67,0,743,307,216,210,0.547420244968282,0.12126869014255,0.0910404300784032,0.803317115888316,0.451319122993197,0.412688210455174,0.847922653236579,0.882502845298735,0.993001291393437,1.26183236248852,1.18448579061451,0.148386473318211
-0.9,"mid vs pup",0.171806167400881,117,494,70,0,436,611,190,235,1.37464819246613,0.100632895060264,0.164839945120987,1.15982128479926,0.376361388232273,0.394603349245179,0.415218053340794,0.750485518472282,0.876053722264107,2.75439634677833,2.22526823863002,0.602398470228158
-0.9,"mid vs you",0.445652173913043,205,199,56,0,657,404,261,262,0.651701720881981,0.337449127794495,0.15888127168026,0.804003724040689,0.649589368743603,0.490723250813942,0.853587291697895,0.91040021717021,0.987520262498669,1.60953270009835,1.38328456264915,0.369517258445023
-0.9,"pup vs you",0.55829596412556,249,99,60,38,671,348,327,347,0.335349155565084,0.271164514876642,0.456249238006754,0.570058856986402,0.532879540649694,0.677601761970247,0.914665503995226,0.882778316886493,0.987949346186952,1.56157307858847,1.93698380507773,0.466974510969903
-0.8,"cent vs eld",0.18586387434555,71,250,60,1,735,321,131,129,0.800405693992259,0.0607349087913988,0.0629629388475398,0.927260170164197,0.350033141107998,0.34822281537756,0.586608861451725,0.689862413371781,0.985077934218157,1.27452391565867,1.19182688685044,0.109253816856944
-0.8,"cent vs kin",0.347197106690778,192,284,77,0,564,476,269,274,1.07486263673661,0.159881909681777,0.196151420753555,0.994222786481603,0.460252777737005,0.51468110594831,0.643716662051704,0.716257085964453,0.959333480092185,2.31308362720784,2.01328278968657,0.35430045710029
-0.8,"cent vs mage",0.186490455212922,127,475,79,0,436,602,206,237,1.37461183568437,0.116381001539657,0.261564930133519,1.21740256252192,0.454255603164167,0.583634527496255,0.43524804328473,0.677089291932072,0.945305598811135,2.0940222054181,1.64429985128362,0.486848214298967
-0.8,"cent vs mid",0.194614443084455,159,566,92,0,300,725,251,273,1.74290687575322,0.242606800894723,0.375193099452851,1.26078976349069,0.533462712621501,0.640551051230232,0.607142196519023,0.710910860646172,0.959899479548847,2.54226547174517,2.1326992256814,0.455445871668804
-0.8,"cent vs pup",0.225393700787402,229,687,100,0,101,916,334,463,3.02064612069134,0.299171523866554,0.990320777522762,1.54751832427297,0.584279360175726,0.872290952462723,0.48016412982471,0.698344598453759,0.837766702691885,5.75888534891834,3.92678766222818,1.92675074414713
-0.8,"cent vs you",0.273361227336123,196,437,84,0,400,633,281,322,1.48097435324262,0.227488184886489,0.276717675942723,1.11603241167151,0.502583669187582,0.537501796343132,0.680377365091087,0.855827156691024,0.916849354684918,2.96663108800856,2.2075671494076,0.868889009017819
-0.8,"eld vs kin",0.43360433604336,160,156,53,0,748,316,214,217,0.610334619661596,0.0916616363161513,0.093847366652797,0.898657178996294,0.425500639627305,0.453625872651316,0.813049071680429,0.838444867298793,0.994987893230093,1.25977554558858,1.17204319001009,0.1424099431509
-0.8,"eld vs mage",0.136645962732919,44,231,47,0,795,275,91,91,0.849125294138809,0.0418523758294515,0.10819691698058,1.12075597225304,0.336857905646038,0.452982628937534,0.450870690073174,0.593939790655791,0.979930368691288,1.20353728268465,1.01880761071072,0.198568457444409
-0.8,"eld vs mid",0.217977528089888,97,271,76,1,672,368,176,172,1.04091168890848,0.142898860269873,0.184110159941389,1.20515933891903,0.51276717202208,0.56142762344263,0.768134332885186,0.804059093132482,0.994891299968031,1.39647293301603,1.27123202174431,0.15608741958171
-0.8,"eld vs pup",0.217703349282297,182,570,84,0,281,752,267,339,1.63516749060545,0.152743210594044,0.530287211086481,1.4500069115437,0.51265364445856,0.799744830382372,0.676270336333376,0.837376413969271,0.916811981145386,2.95859296110096,1.97774339321584,1.01130300841892
-0.8,"eld vs you",0.120879120879121,44,298,22,0,753,342,66,110,0.839190837630017,0.0556975880496545,0.0723426272515456,0.967762515949266,0.357051788804226,0.316309694961106,0.635657676365044,0.895907129779836,0.891881101212627,1.27316425169597,1.07537258474987,0.241363978621554
-0.8,"kin vs mage",0.168918918918919,50,189,57,0,821,239,107,102,0.851155407338841,0.0546447938071353,0.0932624443346396,1.09290224424041,0.333387557604454,0.421418619154968,0.499900785941839,0.697545900745846,0.961421158099931,1.16725475111056,1.04423004490507,0.138771899147221
-0.8,"kin vs mid",0.150110375275938,68,305,79,1,664,373,148,144,1.08832733610729,0.158703440261204,0.157038134465177,1.16952092291991,0.497235673809959,0.501952883062031,0.440463854533951,0.472237018983655,0.994921101549113,1.33052254909688,1.30206637310997,0.074733999537698
-0.8,"kin vs pup",0.0167664670658683,14,763,58,0,282,777,78,80,1.68147089629798,0.045142597285359,0.3566127484602,1.37161530495494,0.267036346192019,0.60681311747677,0.184291342021085,0.72900539487172,0.735449964614087,1.91992291469233,1.47142703958455,0.51898224686998
-0.8,"kin vs you",0.427927927927928,190,188,66,0,673,378,256,262,0.832897357998073,0.116325730098429,0.110050592304791,0.951919682650175,0.401124076306899,0.39613882229794,0.857171179517633,0.913036005453075,0.98271374304075,1.73965064585339,1.42692934684724,0.362579386332628
-0.8,"mage vs mid",0.107317073170732,22,117,57,9,912,139,85,88,0.587357349616943,0.0633438601490967,0.0390666734518136,0.879176239474615,0.365765802853338,0.309686614782701,0.433210875473801,0.2909737335033,0.980872890194595,0.771648030873567,0.855314654279401,0.103884201902335
-0.8,"mage vs pup",0.150406504065041,74,344,74,0,625,418,149,143,1.08545020270191,0.0585512295924902,0.165370524442865,1.13022571250368,0.327384398685073,0.435437151718496,0.582007034852291,0.783566095798064,0.904876648071751,1.69209486523997,1.36314631203734,0.372903489316534
-0.8,"mage vs you",0.436046511627907,150,132,61,1,773,282,212,211,0.453681271094679,0.128535155911245,0.0890254157753677,0.72633978235749,0.466943003139355,0.400196584252469,0.870896483132454,0.899954799507545,0.994343337417923,1.07908848803328,1.0140974228589,0.142692926410305
-0.8,"mid vs pup",0.202380952380952,119,396,73,0,529,515,193,234,1.22564444558267,0.100606292859829,0.164604577224238,1.0658460972929,0.371547281401086,0.384888421030839,0.438610569573394,0.76607147769164,0.877255094909443,2.39464055889253,1.87020738223168,0.591387532076107
-0.8,"mid vs you",0.485915492957746,207,164,55,0,691,371,262,269,0.535449039047164,0.339387554125202,0.164987307411393,0.723835266978489,0.647418826201559,0.498658698213134,0.873683867512253,0.926698689796477,0.988108869486129,1.42663888554538,1.18884950657686,0.361117171489018
-0.8,"pup vs you",0.591981132075472,251,83,55,35,693,334,324,341,0.256077093312802,0.265867154859529,0.45865567736119,0.525574393222051,0.539435192833063,0.663125307815315,0.937217435084544,0.901781921958227,0.978276094424188,1.26843258673906,1.72656258245296,0.529897351301853
-0.7,"cent vs eld",0.229607250755287,76,199,54,2,786,275,132,125,0.657582697446304,0.0615104020828977,0.0656507920240116,0.830094386179242,0.347346174750235,0.339594624704089,0.6447153452396,0.722750148988637,0.985367071768092,1.08025992735541,1.00504953274744,0.109519994168955
-0.7,"cent vs kin",0.388349514563107,200,245,70,0,602,445,270,275,0.91335611793906,0.162792272712978,0.200244066573153,0.918500077590396,0.471136859591809,0.506962580901211,0.67329752676631,0.747076676826588,0.956710820728245,2.02541685202109,1.70428094182147,0.370873616583385
-0.7,"cent vs mage",0.229422066549912,131,367,73,0,546,498,204,232,1.1733949750657,0.125291253179164,0.25858074364686,1.12600260436799,0.46384481326096,0.583264319089231,0.495454827038039,0.721937376531117,0.951520588142784,1.86890851684601,1.41262421576233,0.487299162971917
-0.7,"cent vs mid",0.217333333333333,163,501,86,0,367,664,249,270,1.50853549820216,0.231131111330229,0.361350048156161,1.16550854621299,0.529294819308709,0.621253293487647,0.670099659507381,0.727514377159782,0.991706937245388,2.23646182891248,1.85862076525559,0.410806166599018
-0.7,"cent vs pup",0.238289205702648,234,652,96,0,135,886,333,470,2.69099680673553,0.297188934821442,0.967257270307836,1.4511212893743,0.553121080138575,0.872212244085112,0.500531980474003,0.704447682346459,0.845029633620554,5.26680619787629,3.47953798092735,1.86452565507577
-0.7,"cent vs you",0.309375,198,358,84,0,477,556,282,324,1.30046954405047,0.22951528641318,0.28058246807798,1.02160800688199,0.50220039717006,0.536044777176345,0.718934752013486,0.881347341579747,0.916938272394824,2.61383375931224,1.85945962414899,0.855052339625401
-0.7,"eld vs kin",0.488372093023256,168,126,50,0,773,294,222,217,0.502061643556354,0.0941257309456446,0.0882388230896875,0.811625119527103,0.439122685935709,0.440131758784433,0.849115595719976,0.867105800941842,0.995348080741993,1.08955993577648,1.01506955925486,0.140971182492093
-0.7,"eld vs mage",0.156794425087108,45,190,52,0,830,235,97,93,0.718682132341752,0.0401354457283717,0.106876478087341,1.01736740969373,0.343231763878688,0.442052430345709,0.541127919629204,0.681123751385508,0.979951211224126,1.06792838907195,0.872382410196296,0.205993457933211
-0.7,"eld vs mid",0.302452316076294,111,193,63,0,750,304,175,168,0.898698857608701,0.136649680255204,0.186881456764577,1.11620025846657,0.509191511089615,0.571137145346691,0.830340639256661,0.8607724557222,0.995682337295103,1.21307469545892,1.07883061562977,0.15691171755547
-0.7,"eld vs pup",0.259052924791086,186,452,80,0,399,638,266,339,1.44661608191931,0.151616067671756,0.52578330473465,1.36929707251302,0.511258925320621,0.801914277547151,0.686520722205748,0.871687368517586,0.893466923556814,2.68027682485692,1.64540079926003,1.06930478414346
-0.7,"eld vs you",0.144200626959248,46,252,21,0,798,298,67,107,0.686993782440158,0.0571220352840516,0.0717203496071019,0.864317088357085,0.36036390434657,0.324180647531156,0.636476343917182,0.894049652061945,0.891681478239705,1.1080681428903,0.913791624504485,0.236208215907783
-0.7,"kin vs mage",0.208835341365462,52,141,55,1,868,193,107,105,0.706147298834623,0.0548335114406887,0.0945283036066229,0.985795534829656,0.339254049075177,0.413833668694715,0.5357805172793,0.730662462230131,0.959747692923306,1.00472654055807,0.878710824580981,0.140313594194145
-0.7,"kin vs mid",0.225308641975309,73,185,65,1,793,258,138,144,0.945658884254151,0.157823911727494,0.156563617333341,1.08031711888488,0.502559248186271,0.496230696058556,0.543147099676711,0.56625049560164,0.994626910570939,1.1429562914729,1.11755285227875,0.0742269457252003
-0.7,"kin vs pup",0.0202429149797571,15,668,58,0,376,683,74,82,1.46349154532306,0.0459812591684742,0.362374319871111,1.27862722281137,0.273351822957094,0.611862502971671,0.257610420541327,0.77809825483017,0.748032397555406,1.71262369213375,1.2515182995182,0.516255233960174
-0.7,"kin vs you",0.474452554744526,195,151,65,0,706,346,260,266,0.69346997815884,0.115510975484553,0.104217148046086,0.86791400803984,0.406711475468976,0.379232780062046,0.880298759050693,0.927160470589333,0.985671707607232,1.5369421590893,1.23946220465682,0.346014955334658
-0.7,"mage vs mid",0.15819209039548,28,87,51,11,940,115,84,90,0.464315594710068,0.0672677904509509,0.0399558232283587,0.784629352191625,0.36567189155967,0.319412011237075,0.532583452182033,0.392468451065434,0.981318975178135,0.641586076297551,0.726715668892246,0.101218117607623
-0.7,"mage vs pup",0.186893203883495,77,264,71,0,705,341,148,141,0.920988731374398,0.0604361042948604,0.165363806326053,1.02511584856249,0.334226258118792,0.437938092690477,0.602782449484329,0.841562934031348,0.851895494597841,1.50804315943547,1.13277935979091,0.410850018332357
-0.7,"mage vs you",0.467289719626168,150,113,57,1,796,263,207,213,0.361441403781997,0.12229090038737,0.087909339009258,0.637004615539302,0.458957095843035,0.405963075568155,0.888480059163221,0.912386175290381,0.992779805613283,0.948257920874996,0.878793401042899,0.1501593865731
-0.7,"mid vs pup",0.233201581027668,118,319,69,0,611,437,188,233,1.01192994390772,0.102249887949244,0.161308035403343,0.96580023014574,0.374199505955681,0.384676669183626,0.465461547162138,0.789991376330014,0.876961339069995,2.11817556570765,1.583677781216,0.595257779124471
-0.7,"mid vs you",0.524630541871921,213,141,52,0,711,354,265,263,0.421303069741992,0.351527142668948,0.155111884555518,0.636479151318448,0.657979609120725,0.484094416282688,0.892414228098255,0.938796587355316,0.989014540885463,1.2849750321838,1.020126887056,0.356795382934692
-0.7,"pup vs you",0.626535626535627,255,69,52,31,710,324,327,338,0.190170741884134,0.26942081934538,0.450572921055989,0.481919780424648,0.542606625876211,0.670499507877814,0.948834225402866,0.91072328839611,0.974996103375584,1.09021584646572,1.58507601042886,0.543618143437515
-0.6,"cent vs eld",0.290102389078498,85,161,47,0,824,246,133,121,0.514898512051548,0.0587331291436569,0.0664740224435645,0.740262261418077,0.339877834340036,0.340442514786766,0.687966979153616,0.769641855442643,0.984232434755916,0.908586944563868,0.825089897854763,0.10960122141505
-0.6,"cent vs kin",0.436708860759494,207,203,64,0,643,410,271,276,0.741290942861922,0.163554000745555,0.19857293239536,0.85144815282171,0.469623051796254,0.501770825921601,0.782770091383695,0.824432717262591,0.991463820172128,1.61774099891215,1.35164097126134,0.326471325509701
-0.6,"cent vs mage",0.268839103869654,132,288,71,0,626,420,203,231,1.00293650174297,0.121062624284999,0.260312034152067,1.02612727886022,0.464057732012253,0.585479435478104,0.569061532489635,0.779338761556765,0.951117259507517,1.64531772998423,1.17993098910861,0.489152666401713
-0.6,"cent vs mid",0.258914728682171,167,397,81,0,472,564,248,270,1.31168459373935,0.231278739759428,0.360665287801948,1.0916481432999,0.5290245731085,0.620331818143467,0.669928958569618,0.757745498376227,0.960390769207253,2.00822310899708,1.60437463808283,0.442169189828603
-0.6,"cent vs pup",0.253934942287513,242,617,94,0,164,859,337,471,2.38625413111199,0.305288817687132,0.989596378084792,1.36837320002632,0.550775288422878,0.874890588422283,0.572714278505915,0.754377856005915,0.871327571853204,4.59592761914303,2.83415212882237,1.82087266315693
-0.6,"cent vs you",0.357142857142857,205,289,80,0,543,494,285,322,1.09897805849752,0.225890401559402,0.276260923612295,0.966018473643068,0.501474988353341,0.526616070734657,0.735640689834712,0.891765589290917,0.913223562486886,2.37477422627585,1.59476373310456,0.870124918172756
-0.6,"eld vs kin",0.548286604361371,176,107,37,1,796,283,215,219,0.403935652892504,0.0909910979790252,0.0938645946480471,0.737459977587209,0.446406755215842,0.426163845616883,0.881544221816512,0.910156621874947,0.982243709271987,0.919263955562319,0.829782270253618,0.154520843492807
-0.6,"eld vs mage",0.204918032786885,50,146,48,0,873,196,98,94,0.612633063937977,0.0429160337072374,0.11146430394782,0.938231113258145,0.337938734152087,0.457362470392444,0.636518920843671,0.767201167763517,0.977877596479966,0.920389709587709,0.731832271056886,0.201050127271345
-0.6,"eld vs mid",0.370607028753994,116,141,56,0,804,257,172,168,0.74669953731757,0.140245661486732,0.189821191459859,1.02124989711542,0.519496137854677,0.559535092499231,0.839353357350909,0.900831726251961,0.981166156000897,1.04545092476314,0.910211998937672,0.168991767505236
-0.6,"eld vs pup",0.306027820710974,198,383,66,0,470,581,264,335,1.34718811321506,0.157014210640058,0.5361557737395,1.29648523484894,0.519509048508324,0.804947280399051,0.74910012684419,0.884583577645606,0.921481753221993,2.38559581985612,1.43331526483282,0.992890981865856
-0.6,"eld vs you",0.170289855072464,47,207,22,0,841,254,69,107,0.570845765779809,0.0578673431665247,0.0737037019433897,0.781887838126984,0.357983171070204,0.323667766357896,0.66509423352507,0.91322078611722,0.890540927285681,0.952697957286009,0.753379215958466,0.235493799414204
-0.6,"kin vs mage",0.245535714285714,55,115,54,0,893,170,109,100,0.595191169907574,0.0540983010109056,0.0961655091160159,0.906436045710412,0.338131964427213,0.416113768116143,0.591543682091352,0.771776770771085,0.961679064688069,0.852908852325392,0.726128691227321,0.13787942710493
-0.6,"kin vs mid",0.300724637681159,83,130,62,1,841,213,147,145,0.799799886598965,0.155777117283454,0.162918683091505,1.00379802144321,0.492301709533991,0.506262589180726,0.64122107653157,0.67176596050464,0.995424280193875,0.965071685275924,0.929204005874218,0.0766438961424212
-0.6,"kin vs pup",0.0278745644599303,16,502,56,0,543,518,73,78,1.26650346441176,0.0460241165855552,0.353508478408053,1.17293158914169,0.275759917033202,0.598795662511991,0.292144349520126,0.795685114263659,0.751995783864845,1.50577823248234,1.03719367357179,0.513219735592894
-0.6,"kin vs you",0.511749347258486,196,126,61,0,734,322,257,266,0.559892024904039,0.110563881237776,0.107743048562864,0.770814664724606,0.404689753175527,0.380551109705072,0.900338337512484,0.944690386478448,0.986978524817821,1.33574549089584,1.02687869139574,0.348971608266136
-0.6,"mage vs mid",0.213333333333333,32,60,46,12,967,92,81,90,0.342269751431378,0.0620964810916804,0.0403428687736227,0.682748868647696,0.359899545852399,0.318846654183801,0.643676667589167,0.516641791159262,0.980599804615399,0.508415107128623,0.59791219296578,0.102815759989195
-0.6,"mage vs pup",0.219178082191781,80,219,66,0,752,299,146,143,0.773152085665089,0.0637775739694713,0.161907154943046,0.937123865997053,0.32573957153952,0.428577337767971,0.633552563414327,0.805161078638659,0.907534088952491,1.34451244091261,1.01122081989643,0.361616253189271
-0.6,"mage vs you",0.506622516556291,153,96,53,0,815,249,207,212,0.279615036444373,0.119831172551459,0.0896947776647851,0.566596542308758,0.445871335150615,0.408759453537006,0.91138067900498,0.934125307894023,0.993344110838074,0.799155947758709,0.728558732642415,0.139407468469701
-0.6,"mid vs pup",0.260683760683761,122,275,71,0,649,397,193,232,0.850810252082841,0.0975260169112781,0.161932980585308,0.868915182884368,0.366223822443281,0.381187057867518,0.499166630773348,0.818796059480141,0.876276713917721,1.84425552348473,1.29887761962466,0.594507612981078
-0.6,"mid vs you",0.55440414507772,214,119,53,0,731,333,267,265,0.314061163809353,0.333857356789685,0.159916905308107,0.551590947385853,0.652545531226608,0.483171678484841,0.908187422904003,0.952377114783111,0.988274894550338,1.1680279640732,0.866726379620338,0.362791149791719
-0.6,"pup vs you",0.677581863979849,269,53,45,30,720,322,331,344,0.155200106115553,0.264236429186455,0.453515986587136,0.447367872108242,0.537250855732291,0.6758566865369,0.954405408995279,0.927479863354784,0.98369970737231,0.933917102437926,1.38206430822386,0.481026428033521
-0.5,"cent vs eld",0.345528455284553,85,117,44,0,871,202,130,125,0.392668556881369,0.0603444575536483,0.0646426887419629,0.659748723539748,0.346261658202863,0.337974628507863,0.743620756609218,0.828597546638076,0.984607048436667,0.747531707990916,0.657009134878609,0.108288251882264
-0.5,"cent vs kin",0.463302752293578,202,172,62,0,681,374,264,280,0.636121696139059,0.165550155669264,0.20168568585909,0.791975091878671,0.468057608108915,0.519155137864853,0.775320738370558,0.88320971083714,0.920841646266127,1.44352020041425,1.09392446325284,0.405699204530265
-0.5,"cent vs mage",0.31981981981982,142,245,57,0,673,387,199,231,0.854094750681765,0.116137209689018,0.256389928505842,0.954767636651045,0.453129592530058,0.57029829966329,0.647384324968751,0.833164325920594,0.951461855138827,1.43974151056525,0.96758462584788,0.49335799849745
-0.5,"cent vs mid",0.333973128598848,174,273,74,0,596,447,248,263,1.07514874054483,0.237643090329744,0.368450546390601,0.99696047165365,0.528983128656301,0.626451623544132,0.767592769317475,0.816297092516808,0.991246277878241,1.68657225454122,1.2984491908926,0.411375053227919
-0.5,"cent vs pup",0.271523178807947,246,576,84,0,211,822,330,468,2.09836334812119,0.297178476400738,0.984363526038742,1.27887344045831,0.567815916686382,0.876007812312572,0.576083697520251,0.761816936739788,0.861304171917312,4.25400330878535,2.43930700388034,1.86154854966446
-0.5,"cent vs you",0.401941747572816,207,238,70,0,602,445,277,321,0.92587315551487,0.225885513282225,0.279980577186602,0.877210251932565,0.489503564726715,0.539304840378441,0.779820181656789,0.924468750970077,0.908912982668059,2.02742890100704,1.24570329929013,0.881152424967825
-0.5,"eld vs kin",0.604810996563574,176,75,39,1,826,251,217,216,0.321120680525769,0.0865695628647062,0.0927926770250177,0.67670184848824,0.428984045166241,0.43667754200133,0.919679484821809,0.93221713713431,0.996149349960301,0.757605451780691,0.684697473805412,0.133460908959708
-0.5,"eld vs mage",0.245283018867925,52,114,45,1,905,166,97,94,0.477240838918276,0.040316187914853,0.108084127685254,0.823412684981946,0.324831203221796,0.451860151813625,0.73142144490274,0.841529794711469,0.980212112458038,0.778134282278461,0.583409725737978,0.202047510976851
-0.5,"eld vs mid",0.415807560137457,121,116,54,0,826,237,176,166,0.632813900132499,0.14124009837762,0.189360799064423,0.940767499634919,0.512662399969842,0.566821019225163,0.903890847858825,0.928457180465283,0.99420517327503,0.884253846266369,0.762253799474776,0.15200236491893
-0.5,"eld vs pup",0.380106571936057,214,290,59,0,554,504,273,331,1.17582189976729,0.163341015931678,0.51573689117895,1.20474599547678,0.524902781675962,0.808162552238461,0.752862748776452,0.903515041998298,0.904099924746854,2.23717355927487,1.21047352824548,1.04305530658159
-0.5,"eld vs you",0.20253164556962,48,170,19,0,880,218,67,106,0.43807489465395,0.0555238834877443,0.0730792210960152,0.689521964391427,0.350210288875875,0.321897108658656,0.705136410890506,0.92892157067042,0.895725710170245,0.80070326545266,0.596104111236706,0.232403517529375
-0.5,"kin vs mage",0.301020408163265,59,87,50,0,921,146,109,100,0.489156690734549,0.0558019131218775,0.0928132772094134,0.809111886359998,0.340101911722758,0.410899450638045,0.636642087360943,0.808481853184598,0.960849347041118,0.719934960078787,0.592675965890558,0.136281549538193
-0.5,"kin vs mid",0.361344537815126,86,95,55,2,879,181,142,142,0.661479596756977,0.155672649079276,0.159045573732667,0.914244513454763,0.485585114673419,0.505935041584331,0.721794909699467,0.751610332959859,0.990885882895779,0.806886172596423,0.767330187584836,0.0849803575465032
-0.5,"kin vs pup",0.0397877984084881,15,301,61,0,740,316,76,80,1.08073074121777,0.043962980558403,0.354589694419563,1.0738630851603,0.268362767777992,0.609169378453927,0.321304653974987,0.844283489604036,0.736467102954779,1.31181017763623,0.826772117930331,0.517840754871908
-0.5,"kin vs you",0.531165311653117,196,113,60,0,748,309,257,264,0.456069517660828,0.115248782202845,0.109632005066608,0.69685500285628,0.395967470254975,0.390107818355645,0.917265201382981,0.957482047925435,0.98609951585737,1.15118966484272,0.838213557065441,0.352996583063401
-0.5,"mage vs mid",0.305970149253731,41,45,37,11,983,86,84,89,0.26830919668623,0.0633660083526389,0.0400573411243064,0.617797665378584,0.361728004293347,0.316184427755346,0.756379854297708,0.641026056993431,0.980244123513641,0.394055733086859,0.488413900051535,0.103871684167729
-0.5,"mage vs pup",0.238095238095238,80,190,66,0,781,270,146,140,0.635864372706597,0.0643820872198162,0.155781025085219,0.834331065035865,0.3448831123582,0.437280779502821,0.709765170774097,0.847636456122678,0.931265072826164,1.16452950012182,0.830900254159646,0.354984972164047
-0.5,"mage vs you",0.570422535211268,162,73,49,0,833,235,211,208,0.204936103484114,0.12556883052269,0.0870300845856424,0.495407093604752,0.461406009164927,0.408181953016116,0.923196994674327,0.949945635601382,0.993160201120818,0.684724163713524,0.587743123421441,0.147791862051286
-0.5,"mid vs pup",0.301435406698565,126,229,63,0,699,355,189,235,0.693605735256045,0.0986034134190233,0.171783995836212,0.778792583699415,0.36497273514964,0.399258499439259,0.552341532670947,0.865928549318093,0.876977912871566,1.58987310413371,1.03334644646958,0.599723327768873
-0.5,"mid vs you",0.603305785123967,219,99,45,0,754,318,264,262,0.232909796788917,0.341350504284876,0.167732804377245,0.484228616299284,0.648806836579069,0.506343089709635,0.923431593791529,0.962436717819256,0.987487763389733,1.04489923579771,0.731276162567178,0.361533499361749
-0.5,"pup vs you",0.705729166666667,271,43,37,33,733,314,325,341,0.142613073111181,0.261120279203253,0.471185660801784,0.427742074924951,0.540434326288736,0.682223810069101,0.967103315532601,0.9375078421884,0.979521765674331,0.717996994788702,1.21734662222981,0.525197098345288
-0.4,"cent vs eld",0.413953488372093,89,84,42,0,902,173,132,122,0.283644225193633,0.0581551375429752,0.0614736589149332,0.564122909332767,0.351113187704596,0.34460114207422,0.801862837022546,0.874781216730899,0.98505626716586,0.596769895912142,0.504691483821602,0.110188147343205
-0.4,"cent vs kin",0.510791366906475,213,147,57,0,700,360,270,274,0.496538632613025,0.162296966576895,0.206091190359125,0.707758713009972,0.468427246963576,0.51812605402833,0.864500128426822,0.933466468412993,0.960455058927597,1.15087387228978,0.832988750105001,0.350796298344796
-0.4,"cent vs mage",0.374064837905237,150,193,58,0,716,343,208,232,0.685767692383568,0.115864870370755,0.258115152897017,0.860210267433021,0.454357162878292,0.582435575917303,0.714448297468865,0.885418165877891,0.949978098911646,1.23249535953464,0.758549633754748,0.489715612555726
-0.4,"cent vs mid",0.407488986784141,185,205,64,0,663,390,249,266,0.918068629796923,0.232116177603186,0.362138604087558,0.921029505371708,0.537809114100477,0.617558727715606,0.820499744396703,0.896211464359527,0.95910089936559,1.43911464833372,0.9884761153286,0.476122404729013
-0.4,"cent vs pup",0.305925030229746,253,493,81,0,290,746,334,470,1.79938602797275,0.285885209157549,1.00759306161602,1.18115339847211,0.547429188071916,0.873301827400136,0.661520132912644,0.881803544679727,0.825423881812603,3.57297651610045,1.63633370718313,1.97260529431836
-0.4,"cent vs you",0.455882352941176,217,191,68,0,641,408,285,319,0.749268821804815,0.23587159683098,0.283419598737599,0.796794885912481,0.506873726645207,0.525423577786764,0.811772832702066,0.945867154477002,0.91774411535571,1.74553568481984,0.96058240266311,0.851212685161626
-0.4,"eld vs kin",0.652173913043478,180,57,38,1,841,237,220,220,0.236902714417329,0.0924691231799607,0.0917916914548055,0.597256689009611,0.438975431053774,0.448468113665692,0.952456768815235,0.944485712228749,0.984329485278533,0.619086471739239,0.552749251858976,0.157748477281637
-0.4,"eld vs mage",0.309782608695652,57,89,38,0,933,146,95,99,0.384857745055867,0.0402221261938845,0.108521198093171,0.738474730188756,0.324670959983254,0.445940855401025,0.811095932968879,0.902056370395413,0.980323871019631,0.648736048236931,0.453630993318034,0.200918376835007
-0.4,"eld vs mid",0.484496124031008,125,86,47,0,859,211,172,168,0.513643900045409,0.140530513406073,0.187711340503091,0.846861842087946,0.513915461012355,0.564408789336399,0.910524677449444,0.958576314267865,0.979853320062158,0.732583084431879,0.590112426123548,0.172977225282829
-0.4,"eld vs pup",0.41233140655106,214,250,55,0,598,464,269,337,1.02362848455096,0.147928777709986,0.515892381974882,1.12564402860625,0.50583881197064,0.797623729171873,0.772158742676311,0.920531486212264,0.898213236585563,2.00725355322281,0.982598174122337,1.04088395350873
-0.4,"eld vs you",0.23444976076555,49,140,20,0,908,189,69,101,0.343702977521852,0.05804662102324,0.070600321039989,0.593872229512048,0.356287942781694,0.321800171607912,0.736739121751797,0.951134557149157,0.89173051385075,0.668889439935823,0.459624238820509,0.23479345510559
-0.4,"kin vs mage",0.337209302325581,58,70,44,0,945,128,102,101,0.386546099891174,0.0545913219701764,0.0922210773756128,0.724538353677717,0.3296142329954,0.415718723473351,0.69235070754036,0.85800559059183,0.956952370185859,0.593806055294535,0.457006119385951,0.144726784255459
-0.4,"kin vs mid",0.473429951690821,98,61,46,2,910,159,145,143,0.535359977608122,0.155443921508042,0.162568902858146,0.823126839577134,0.495339573155069,0.500581773040259,0.820970759830773,0.842732544700553,0.995206993039126,0.627431546093664,0.594888664727229,0.0741751404998973
-0.4,"kin vs pup",0.0658914728682171,17,183,58,0,859,200,75,85,0.904208805326713,0.0451705242912429,0.353701784603511,0.981434612834686,0.275318619095951,0.607569115849202,0.386094702203746,0.874121037277228,0.757335361326293,1.12916055553745,0.642573204476878,0.509046757408605
-0.4,"kin vs you",0.599406528189911,202,80,55,0,780,282,257,261,0.350312171846747,0.120239083695018,0.104744992163938,0.611457968238073,0.408795366738653,0.383910466424312,0.936789301452881,0.965790596510552,0.984303706483532,0.957774936663993,0.664603189094284,0.358197472479227
-0.4,"mage vs mid",0.371900826446281,45,30,35,11,996,75,85,91,0.193695043185021,0.0631719482305345,0.0401411626015799,0.536755225328397,0.35678979168306,0.314346463491824,0.861104443628238,0.76489989234963,0.980587193877466,0.283580582470884,0.377684125863629,0.101382104423571
-0.4,"mage vs pup",0.285714285714286,84,145,65,0,823,229,149,143,0.524502040337297,0.0617053253548512,0.166713922878085,0.747155101086777,0.336823731311347,0.442189539334357,0.745932740649978,0.875587114518889,0.866261357047473,0.983737486766082,0.649259772909441,0.386145656012066
-0.4,"mage vs you",0.62453531598513,168,63,38,0,848,231,208,205,0.15310416579609,0.118865300987501,0.0874320401940441,0.435632323928366,0.447249128070361,0.403873449084144,0.946430813303426,0.96301672355967,0.992719397645621,0.558126184554115,0.470261067157797,0.145908674159066
-0.4,"mid vs pup",0.339425587467363,130,194,59,0,734,324,189,235,0.557808579574213,0.0979175287469693,0.15999541792734,0.691346681722326,0.357149994864488,0.389435860266764,0.607210868326665,0.880922886205588,0.875992543994939,1.38187420617411,0.822852007714998,0.591720221591457
-0.4,"mid vs you",0.635057471264368,221,81,46,0,769,302,267,268,0.158598066101756,0.338075994080671,0.164356889667029,0.454907884265335,0.654482028656574,0.505184371563041,0.939928129290545,0.973966071729597,0.988317816261886,0.919324753857616,0.585981332080181,0.364547374357142
-0.4,"pup vs you",0.745989304812834,279,32,28,35,743,311,328,341,0.161786670654534,0.277295531950718,0.455574080022494,0.44486018262517,0.559767945194136,0.66339059186964,0.987144736382696,0.963649450030234,0.971252487341576,0.450719961762813,0.916586720717518,0.572744594037247
-0.3,"cent vs eld",0.479591836734694,94,65,37,0,921,159,131,129,0.201061472593225,0.0592441880855115,0.0610237811623168,0.496133224040166,0.344766424098826,0.338506322630439,0.860573632876791,0.922469777945455,0.984239081638836,0.453869009040927,0.35989645267102,0.10823953240615
-0.3,"cent vs kin",0.583333333333333,217,111,44,0,745,328,261,277,0.40476783932875,0.161413334872479,0.195907461277268,0.657497813314006,0.474165846014973,0.511573989304601,0.919822374417517,0.980837227349971,0.958688756810416,0.910827199104585,0.582294520894727,0.361497997396008
-0.3,"cent vs mage",0.427350427350427,150,149,52,0,766,299,202,232,0.554684493900042,0.11958918993133,0.262142506945005,0.776387598429203,0.460089283554231,0.56722927901626,0.782293452077962,0.936559773821088,0.942955154967698,1.03265565510654,0.531993474825361,0.51148949504181
-0.3,"cent vs mid",0.487244897959184,191,145,56,0,725,336,247,277,0.762521115805211,0.234601219027869,0.353323041744293,0.837011040780636,0.528942848420665,0.62634387318667,0.878635800058081,0.910020343166651,0.991247857885991,1.13651493431123,0.746060267327141,0.412288501215199
-0.3,"cent vs pup",0.350473612990528,259,408,72,0,378,667,331,467,1.58038295786255,0.302724781817456,0.955661662661772,1.10776079086006,0.564877487217297,0.861396636346438,0.695267394483327,0.86763148230728,0.859981439585651,3.18110124052867,1.34955573733939,1.85703857308627
-0.3,"cent vs you",0.509302325581395,219,145,66,0,687,364,285,319,0.601137706896786,0.228507849315216,0.271298294290939,0.716980446560876,0.50197184985587,0.528016064552528,0.852367817799051,0.955082020942401,0.938686941987305,1.45439525602315,0.720586561180387,0.783405424171377
-0.3,"eld vs kin",0.72093023255814,186,41,30,1,859,227,219,218,0.182672383376706,0.0924669583349169,0.0916583495653805,0.539002097122787,0.434114819366747,0.444857680927722,0.971949307231286,0.981276881657454,0.996260466274811,0.461497902192691,0.37680933458385,0.129074778573296
-0.3,"eld vs mage",0.352201257861635,56,64,39,0,958,120,95,94,0.306514869475449,0.0402997975644591,0.108010993921429,0.673477772955908,0.33448799759274,0.469951264406055,0.868755292875478,0.943042475648269,0.97844859037039,0.536050511501111,0.339645070551702,0.203735633932277
-0.3,"eld vs mid",0.591111111111111,133,53,38,1,892,186,172,171,0.428757573317374,0.141066463533312,0.179864622919021,0.787386010377177,0.514916832032118,0.559476048057299,0.93960274990986,0.97650139029301,0.982319922913227,0.586747341913328,0.446869911626228,0.160947165501567
-0.3,"eld vs pup",0.461052631578947,219,213,43,0,642,432,262,332,0.880905538501746,0.158444341219537,0.508401044864655,1.04122984608847,0.501179255850874,0.781598372753379,0.8362736258751,0.928370229456058,0.922677558890453,1.6817462703275,0.73994101760994,1.01134772594284
-0.3,"eld vs you",0.289617486338798,53,112,18,0,934,165,71,106,0.246625725357192,0.0566876208678574,0.0701754731845164,0.525231673365623,0.351815319622819,0.337980323299649,0.770277183847813,0.967029923769586,0.891286323162582,0.538169775073914,0.320238375808472,0.238455428958814
-0.3,"kin vs mage",0.429487179487179,67,51,38,0,961,118,105,103,0.287605951096331,0.0545590210314074,0.0954938906534361,0.635361207933635,0.339453521522856,0.429114571969718,0.773025928529955,0.902563445798806,0.963392610517978,0.461657235599779,0.332015232869036,0.137075500163194
-0.3,"kin vs mid",0.578947368421053,110,44,34,2,927,154,144,143,0.433048585580133,0.152401809965477,0.157878753021521,0.752708698930642,0.499314982580509,0.502746965443358,0.893632382639022,0.910218487507108,0.995531545707322,0.474209249960831,0.438948973535401,0.0738408328782984
-0.3,"kin vs pup",0.0931372549019608,19,129,56,0,913,148,75,78,0.745660278652302,0.0429598672823436,0.361676393315735,0.87894356165764,0.266656673498375,0.606089091484103,0.464865380277566,0.915717550836306,0.754911928863078,0.965718211035342,0.466040374487158,0.5135672103982
-0.3,"kin vs you",0.622356495468278,206,80,45,0,786,286,251,264,0.264787254961464,0.115475743017864,0.110001962941079,0.518264981795765,0.410964919321983,0.389495378891043,0.946556523225177,0.980467328474489,0.979863547626341,0.809829698903233,0.474706925482323,0.375920126161609
-0.3,"mage vs mid",0.532710280373832,57,20,22,8,1010,77,87,86,0.127136104228665,0.0623694755497297,0.0416933527553116,0.473081215602311,0.357874859614739,0.328064581579561,0.939211728925174,0.869832483669811,0.979363188589023,0.17501218494316,0.27393036692714,0.104704961211497
-0.3,"mage vs pup",0.366533864541833,92,102,57,0,866,194,149,147,0.411784755836472,0.0602122989194942,0.163365151524257,0.665684741176707,0.334305449797755,0.439079932721761,0.736524418209666,0.904413320950078,0.864874354568414,0.845813430465153,0.468171933604319,0.38794275670943
-0.3,"mage vs you",0.696850393700787,177,44,33,0,863,221,212,210,0.107850867953988,0.1222784992869,0.0883679860868198,0.378300188914002,0.447680232526398,0.397085690779712,0.963213712980749,0.978158120223755,0.992623890819539,0.437140741131934,0.341331996174038,0.149446131269793
-0.3,"mid vs pup",0.388101983002833,137,160,56,0,764,297,193,237,0.446844273269819,0.101101924761878,0.165714851791378,0.612464636667358,0.364061000744389,0.381562485166164,0.678356174891041,0.940414273604608,0.876661375654485,1.14602971562222,0.580143333027139,0.594245205497964
-0.3,"mid vs you",0.688821752265861,228,61,42,0,786,289,270,262,0.126736465862365,0.331470147980276,0.159196183629485,0.435213309446143,0.652910898922412,0.482176317180982,0.956908409387455,0.984109220916255,0.987694616816055,0.77525634859974,0.433969806701555,0.366437044812455
-0.3,"pup vs you",0.785907859078591,290,27,15,37,748,317,327,341,0.198478758931037,0.26622974222316,0.467111727113578,0.491303395306928,0.533384061863543,0.67922997452489,0.988158461754897,0.971872284040671,0.979877227961443,0.299629506283928,0.727653905536355,0.529577942132015
-0.2,"cent vs eld",0.574712643678161,100,41,32,1,943,141,133,124,0.139752144042534,0.0627947423672808,0.0625033416489535,0.432232948928834,0.34783018397615,0.337934243764022,0.916317518653244,0.961323073328565,0.985739621578952,0.32475610995397,0.229966921476963,0.107471950724923
-0.2,"cent vs kin",0.662857142857143,232,81,37,0,767,313,270,274,0.299103732218451,0.16879123173365,0.208973304237571,0.599835249099078,0.470603335766717,0.530901424521413,0.930595427370275,0.949104391574414,0.991579951370455,0.737462623159089,0.451585438341452,0.330160939417379
-0.2,"cent vs mage",0.469325153374233,153,123,50,0,791,276,203,230,0.443865296471703,0.116971343769974,0.261306691856576,0.713530725244827,0.455491430610442,0.571586626966846,0.849280450207076,0.960665175421544,0.938131233173871,0.847056667218138,0.363622970454808,0.504425747602701
-0.2,"cent vs mid",0.582132564841499,202,100,45,0,770,302,247,274,0.610333591157377,0.234993844940441,0.36222398492327,0.753657605869345,0.535707419335727,0.621401775920054,0.900020384935048,0.954089398878226,0.960123281254286,0.915356597247815,0.488721403681748,0.458477137192609
-0.2,"cent vs pup",0.40405616224649,259,309,73,0,476,568,332,466,1.33173042860936,0.300446317084343,0.965125442732381,1.03695204339665,0.567364571733827,0.868891523071645,0.736319477289252,0.910882887714742,0.816193082750906,2.74290096679274,0.893338710027853,1.98988122702253
-0.2,"cent vs you",0.551219512195122,226,129,55,0,707,355,281,320,0.461999293905933,0.219898255872273,0.290448172427414,0.64029799491876,0.484712543063819,0.532500043844215,0.85747653110181,0.982676929815075,0.90211868041664,1.2884248414453,0.428101210633385,0.903048465666208
-0.2,"eld vs kin",0.780487804878049,192,27,27,0,871,219,220,218,0.1358579104903,0.0932122025182467,0.0927859708227667,0.477583319277475,0.433441168653947,0.44731494492522,0.96672246759802,0.989859492837273,0.981236928146662,0.36023178043293,0.260830410413759,0.157253651492659
-0.2,"eld vs mage",0.43448275862069,63,46,36,0,972,109,99,93,0.222169522467379,0.0402696151178062,0.10402557501676,0.592768590596029,0.330353065493356,0.442422079745731,0.923989120015736,0.976594310379963,0.981105496675016,0.415155254313906,0.21752541588217,0.200082431835652
-0.2,"eld vs mid",0.660377358490566,140,37,35,0,905,177,176,172,0.338195072368836,0.139223537223723,0.188667827916662,0.702335162877894,0.511171772519417,0.562815811291655,0.957924419117819,0.988809897680726,0.980834424338271,0.433300860305484,0.28225975991167,0.169432440550722
-0.2,"eld vs pup",0.525114155251142,230,170,37,1,679,400,267,344,0.769321826140015,0.156817647154144,0.504787849747067,0.965262188904174,0.513161266528213,0.790471963030668,0.819342190167057,0.970852518387319,0.877103072235933,1.58423554887107,0.506609429606022,1.10557610407936
-0.2,"eld vs you",0.310126582278481,49,90,19,0,959,139,68,109,0.17733023880189,0.0610878058084983,0.0747345298540681,0.438442073843892,0.366049692312198,0.327906572841677,0.797918592758036,0.975639255190001,0.886425990885337,0.42326452868949,0.202011067097901,0.239319454886944
-0.2,"kin vs mage",0.538461538461538,77,38,28,0,974,115,105,105,0.213621086997744,0.0536910987091783,0.0890634592265411,0.571838791973904,0.329546255582553,0.402734012630745,0.841868466159476,0.947609638233446,0.963961397946562,0.347674636539592,0.21919058324081,0.132658137184774
-0.2,"kin vs mid",0.674285714285714,118,28,27,2,942,146,147,146,0.32623015495865,0.152990440062132,0.154902737338017,0.656224614737358,0.486346629025863,0.494609348204958,0.947086236519036,0.959291200126512,0.995625864209548,0.323821790062327,0.289034699234029,0.0729068300277331
-0.2,"kin vs pup",0.120689655172414,21,96,57,0,943,117,78,83,0.60845645940997,0.0437663940063259,0.360378556301132,0.79364395248248,0.273962681328053,0.6087006099024,0.549637761410448,0.952202091223932,0.755707181839791,0.813165610318137,0.306054837477119,0.514890435445841
-0.2,"kin vs you",0.692556634304207,214,58,37,0,808,272,251,263,0.187720736760753,0.110288052257044,0.105424547345706,0.468669048667106,0.388480179164106,0.392712634304368,0.966223621577827,0.987584456436248,0.984495228576232,0.628146600000442,0.318386132488243,0.354888835697425
-0.2,"mage vs mid",0.686868686868687,68,12,8,11,1018,80,80,89,0.0855378077033658,0.0633770153984975,0.0404863089457281,0.40084614082879,0.357727376572704,0.31125010643252,0.983339545974468,0.943123549807961,0.979286749761302,0.0839505665417221,0.180036379879948,0.105629883590987
-0.2,"mage vs pup",0.433628318584071,98,80,48,0,891,178,146,146,0.321053319519369,0.0592843627696547,0.160221834415731,0.578331020407932,0.333142776898351,0.442526975700374,0.82105621441059,0.949903248716574,0.874356395132663,0.650669838137146,0.301944532705727,0.397264009103095
-0.2,"mage vs you",0.757201646090535,184,35,24,0,874,219,210,210,0.0744300843783169,0.122592229592286,0.0868423362293424,0.354097210579394,0.444376661447603,0.412822793723591,0.974188706450111,0.986645320904265,0.993559131291842,0.355167226369782,0.247423056101745,0.146087417356198
-0.2,"mid vs pup",0.437308868501529,143,134,50,0,790,277,193,230,0.331864618386357,0.10062149806337,0.164915722639891,0.53639655757999,0.362901389424316,0.385096757650804,0.749364522614432,0.968521525256875,0.880941989456642,0.952970325989919,0.383467724417216,0.592028585127455
-0.2,"mid vs you",0.728434504792332,228,49,36,0,804,277,264,270,0.113058580203667,0.340426503024161,0.157992556250196,0.425195980402026,0.658346425577457,0.483416505407463,0.968560983357007,0.990377915183606,0.988991726815904,0.645769220327542,0.318539597118808,0.351516465341344
-0.2,"pup vs you",0.836111111111111,301,20,12,27,757,321,330,342,0.267548830049546,0.273179221459494,0.451464623883983,0.553303633504561,0.547039246878863,0.670582273616113,0.98269456893739,0.982821576051988,0.978158362099034,0.267341656862141,0.48068991849301,0.519385732750639
-0.1,"cent vs eld",0.708609271523179,107,19,25,0,966,126,133,123,0.0919579840370422,0.0662349690273977,0.0644930001413946,0.373378532464664,0.347148952171206,0.348656364031644,0.954919538812193,0.984916693675328,0.984256531012616,0.214497746995888,0.118902085339016,0.111715109818295
-0.1,"cent vs kin",0.74294670846395,237,48,32,2,798,285,270,269,0.247471451118727,0.164656358210563,0.197001536244532,0.53347213368683,0.463825860081717,0.512668144409461,0.983951812286508,0.961265882831595,0.964456138725293,0.492078534508862,0.263535751435314,0.359810886091971
-0.1,"cent vs mage",0.567474048442907,164,88,37,0,828,252,201,229,0.335149884260274,0.120371940862153,0.257107392772989,0.642519833762726,0.44984648184373,0.579416828576275,0.899306951173002,0.983268953689053,0.940666403289366,0.65936565208075,0.194964588416131,0.491979405839572
-0.1,"cent vs mid",0.682539682539683,215,67,33,0,802,282,250,270,0.480374521789092,0.228702077340953,0.374349062500273,0.693758964251295,0.540194456284832,0.628588979800621,0.951080537006949,0.966608235171415,0.937921436525831,0.672249534739232,0.285206796236039,0.49720747461715
-0.1,"cent vs pup",0.458823529411765,273,259,61,2,522,532,334,463,1.16760626790181,0.297050416518799,0.985079101921252,0.971300640563872,0.551814076968881,0.863585972224671,0.74805570071823,0.920227585273094,0.83130165972661,2.46109525677397,0.608900868790901,1.93403950394599
-0.1,"cent vs you",0.60880829015544,235,100,51,0,731,335,286,320,0.355127764557273,0.222436507958178,0.272758611356047,0.597423914168593,0.495720294685993,0.530183300201567,0.89748073327001,0.986397272544402,0.918989362302216,1.04905767630227,0.260964782441809,0.850608331372094
-0.1,"eld vs kin",0.853448275862069,198,14,19,1,885,212,218,219,0.102181956566394,0.0917564399276437,0.0940272401156971,0.452135692605826,0.451621793719537,0.441971311498613,0.99138034014328,0.980543247403733,0.983803088193341,0.225487634143945,0.17521909468825,0.151005720483249
-0.1,"eld vs mage",0.535433070866142,68,28,31,0,990,96,99,92,0.150476833621138,0.0425164822646556,0.106469694284191,0.518713297642429,0.338100418939722,0.454036058764207,0.957814174421894,0.992621830046563,0.9802211345478,0.298513434123525,0.108175442578523,0.201175604685615
-0.1,"eld vs mid",0.765625,147,20,24,1,925,167,172,170,0.249155520766421,0.140395189412875,0.181212611251403,0.625667642415502,0.517096286520003,0.564890805939904,0.989526266070252,0.995678704728142,0.994941713384387,0.283955550286422,0.157679983204815,0.159989373363596
-0.1,"eld vs pup",0.582278481012658,230,127,36,2,722,357,266,338,0.623582257981248,0.158750175232035,0.519147804738829,0.882371214701743,0.504782159247667,0.797695804562858,0.892272841747827,0.962815318843247,0.92146060570637,1.21554772027736,0.33433171652774,0.989304631843871
-0.1,"eld vs you",0.368794326241135,52,72,15,2,976,124,67,106,0.112862500051161,0.0562772190496221,0.0700233926824834,0.374439210700632,0.366265842448303,0.318147457130248,0.843139229542606,0.986623459563838,0.892341819415592,0.324621409163812,0.103026676881557,0.239562404862926
-0.1,"kin vs mage",0.674603174603175,85,16,25,0,991,101,110,101,0.14297065797921,0.054604477321244,0.0930347131619817,0.4861773808469,0.324028526247179,0.422287328751231,0.909170710532792,0.983063612069941,0.963102993552941,0.238461847894285,0.107903629682339,0.138384673319503
-0.1,"kin vs mid",0.79874213836478,127,13,18,1,958,140,146,144,0.229436878795,0.160109206984368,0.159149242797795,0.575125879207215,0.496056350878672,0.501067509653586,0.980232328426662,0.988141106509026,0.994970739859051,0.181363008217186,0.147689370245927,0.077951926552337
-0.1,"kin vs pup",0.149659863945578,22,72,53,0,970,94,75,81,0.476698863646591,0.046453260583212,0.355491126842594,0.701311611917409,0.26937704983095,0.610859462397566,0.654618482443471,0.980541776321914,0.767052693735037,0.661806489718451,0.159208997922455,0.509602750726064
-0.1,"kin vs you",0.736666666666667,221,45,33,1,817,266,254,264,0.143137586637404,0.120438421994794,0.106233953283544,0.427521750882627,0.414040889545871,0.379245205856977,0.971304108861929,0.992237580702426,0.97856791895717,0.512248236591487,0.19657330689116,0.392407190002543
-0.1,"mage vs mid",0.79,79,2,8,11,1017,81,89,93,0.0536969638379857,0.0646096297245207,0.0411808504548889,0.341898564138531,0.368084408735136,0.31842650622862,0.995120159935196,0.985953406630921,0.981378503696083,0.0443067003986942,0.0886909037444181,0.100264334109042
-0.1,"mage vs pup",0.517073170731707,106,56,43,0,912,162,149,139,0.242059210886013,0.0588840947120564,0.159835994822164,0.513450693626942,0.325900799991775,0.436833368416906,0.855844247654635,0.918968148666052,0.877706041852956,0.529056656667538,0.196395830941411,0.382507448111693
-0.1,"mage vs you",0.838297872340426,197,20,16,2,882,217,213,213,0.0693167941469535,0.121290590082643,0.0846058485584178,0.366287422357567,0.451047745599123,0.390884664553347,0.986309931046548,0.994998283622906,0.992829678423128,0.23782509573585,0.132939358974403,0.152719843694568
-0.1,"mid vs pup",0.515151515151515,153,105,39,0,820,258,192,234,0.243110699202954,0.104052365566185,0.166603740204964,0.464051660005909,0.369490418384674,0.394806683485549,0.821109246572426,0.987838914102916,0.881288585236687,0.755790697250739,0.197174087584336,0.58710579501554
-0.1,"mid vs you",0.790540540540541,234,30,31,1,821,264,265,264,0.125070478181964,0.33326077801559,0.166438080730776,0.456606342370925,0.648037221557244,0.49399521765656,0.978552332443645,0.994248239552462,0.987533604614903,0.507397945496361,0.200841013265598,0.365745119728975
-0.1,"pup vs you",0.842541436464088,305,25,11,21,755,330,325,343,0.354009265704821,0.269135869608287,0.458337176437868,0.611869808377408,0.533760217320501,0.666820880339072,0.979128379120214,0.985609435433737,0.973237726248077,0.38389055050427,0.327591803365111,0.578364581089022
0,"cent vs eld",0.75,108,16,20,0,973,124,129,123,0.0668979389580995,0.0648553906226847,0.0619190699000061,0.35213354243846,0.351096265947657,0.341835970284433,0.983646127807201,0.995491733712145,0.985171224124112,0.11829367856195,0.0517436582981461,0.107971388240464
0,"cent vs kin",0.807817589576547,248,32,23,4,810,280,272,274,0.200365357212194,0.157525417004387,0.207569706189039,0.512264115263985,0.47146301014432,0.518751103050369,0.950965951480898,0.997069083459838,0.953803273160874,0.374459968155119,0.124885705126183,0.361530290800649
0,"cent vs mage",0.603636363636364,166,60,38,11,842,226,205,231,0.253190510264782,0.114628480144818,0.268180491167188,0.58236401353828,0.451219899334865,0.583398672007702,0.949806227679139,0.991045497804204,0.94089801753621,0.484973586538112,0.0973015438383366,0.501608219976063
0,"cent vs mid",0.743243243243243,220,47,24,5,821,267,246,265,0.366703974230573,0.241456431169046,0.353722485021122,0.627389089293863,0.540809746870672,0.632527912379905,0.960473158308662,0.994095245423342,0.962870606083613,0.44851903798295,0.140421771885409,0.441884914228926
0,"cent vs pup",0.5,270,200,58,12,577,470,331,466,0.967101537422458,0.31074455435859,0.968186997757435,0.870174528310912,0.561770359590725,0.861612736322106,0.838133428944299,0.944124041571609,0.889655222420581,1.93320397548897,0.376100162223961,1.77276379029079
0,"cent vs you",0.659340659340659,240,77,43,4,753,317,289,315,0.271454899578636,0.235274042377555,0.289166342113018,0.531557303728381,0.50815032108686,0.537609564804609,0.915463919958778,0.982901322940597,0.914024142746253,0.854336401726107,0.180789411508703,0.853186373751151
0,"eld vs kin",0.88412017167382,206,13,8,6,884,219,221,220,0.0886802312565598,0.092360225766111,0.0936916983939222,0.438509339358821,0.436765093756928,0.447519723759478,0.979762328665658,0.981411424040172,0.995449815379125,0.161722798431853,0.112302805270524,0.141367627596108
0,"eld vs mage",0.610169491525424,72,25,19,2,999,97,95,94,0.109284538363494,0.0406194870172528,0.100654045955183,0.444525757162694,0.324965369914159,0.43718891514192,0.981526458775393,0.998034583892745,0.98179083712289,0.203268251308672,0.043212682552471,0.198588349105934
0,"eld vs mid",0.852459016393443,156,9,15,3,934,165,172,167,0.186784273366141,0.129756895488054,0.188197919362711,0.564660615067856,0.50941760606684,0.567060039244623,0.993702986054231,0.997102092768185,0.993581535349944,0.15523052417927,0.0825934486235862,0.165155831348384
0,"eld vs pup",0.611111111111111,231,104,31,12,739,335,263,334,0.528872346285755,0.151198333507834,0.524080158037875,0.806062945663925,0.505307844914513,0.805907074926089,0.889351077881632,0.941029134630062,0.907702253601614,1.06822679183434,0.28965241891208,1.02836593135541
0,"eld vs you",0.433070866141732,55,53,13,6,990,108,68,106,0.0762777445284035,0.0569140683398565,0.0728325270546273,0.332036546121413,0.357275736305602,0.321547487242597,0.886254977157461,0.992431935012821,0.891640519414446,0.240469684927248,0.048512924027258,0.240041573970722
0,"kin vs mage",0.786324786324786,92,10,14,1,1000,102,107,102,0.093727755827236,0.0538722389138394,0.0943529957774002,0.422384366853797,0.335963349711291,0.410489689225171,0.958734746479183,0.994307327571399,0.963371734873727,0.14046950965033,0.0438590041355953,0.134615004438552
0,"kin vs mid",0.918918918918919,136,5,7,0,969,141,145,140,0.161855736949606,0.158204428901954,0.157044641622994,0.508083423831336,0.49454143114946,0.500524385420357,0.992058406665009,0.995085141287195,0.993892467258638,0.0820035590227688,0.065751217875468,0.078541275556018
0,"kin vs pup",0.214814814814815,29,57,48,1,982,86,77,81,0.352806243583335,0.0444892738171815,0.355930449756757,0.603121021578481,0.267504047506277,0.608181060422178,0.742555887611724,0.994214925548154,0.752074607200175,0.511915465438314,0.0601425092090198,0.510753748968939
0,"kin vs you",0.783505154639175,228,32,26,5,826,260,257,261,0.104243682805528,0.111927335073322,0.112162130655377,0.380278329276003,0.4030582090559,0.395241936249076,0.986447055592309,0.994278830484215,0.984137558677854,0.339878036978605,0.126343396345058,0.349491492704809
0,"mage vs mid",0.84375,81,9,5,1,1021,90,86,90,0.0371639482487653,0.063604281123057,0.0371465086293692,0.311906664552874,0.370415810735555,0.303330209739728,0.981791138785714,0.996950130272928,0.983255490211506,0.1004143726929,0.0333835918097192,0.0981690612726045
0,"mage vs pup",0.616666666666667,111,31,34,4,937,142,149,140,0.159241104876064,0.0597156926921853,0.162954732786308,0.436507190512009,0.329963900994679,0.432330350900002,0.933354534252853,0.967101313173247,0.96673063074425,0.355906568446108,0.0887425342603254,0.340604356407173
0,"mage vs you",0.883928571428571,198,11,12,3,893,209,211,210,0.0878536253376543,0.116508691299765,0.0862613577524019,0.406843910935034,0.450089002156023,0.402226107884023,0.994348279778844,0.996872738775412,0.993772483103829,0.139057246860732,0.0809980654134184,0.142250231952791
0,"mid vs pup",0.572490706319703,154,83,29,3,848,237,183,234,0.170144046921298,0.0982690901657045,0.158950296109723,0.385292379219143,0.368422738305438,0.384800658388031,0.874651208324245,0.994459610955834,0.87643244869487,0.595701865485252,0.094861662032672,0.591004438200003
0,"mid vs you",0.854609929078014,241,20,18,3,835,261,264,260,0.16220847648329,0.341468350816979,0.162528062130465,0.494994121370836,0.654473048547217,0.499949598018421,0.988066764169217,0.997137317536402,0.988651681434781,0.358194775891856,0.120681729701925,0.348546144072585
0,"pup vs you",0.839237057220708,308,36,19,4,750,344,330,342,0.446619456306971,0.276841562596047,0.462519694754246,0.663484270315718,0.551280556550942,0.675744803235261,0.971622043176634,0.990170628923317,0.970378678172658,0.555679202452481,0.21998728299506,0.577444741024197
0.1,"cent vs eld",0.763888888888889,110,13,15,6,973,123,132,126,0.0584371667025552,0.0599246944837423,0.0621826307554144,0.348086887484419,0.347539030400987,0.347135834800786,0.99365867998152,0.985170905405257,0.986034685316345,0.061578151199332,0.109419808272204,0.106292941313205
0.1,"cent vs kin",0.841379310344828,244,20,11,15,827,264,264,270,0.160581541602722,0.166539408069651,0.195964516423973,0.483370245801863,0.481071269688412,0.517902599331016,0.963966225110904,0.995484124993484,0.954765062768633,0.210111437012013,0.222958433358039,0.368250173322642
0.1,"cent vs mage",0.632575757575758,167,45,26,26,853,212,203,228,0.18350332147874,0.115233263992036,0.253441666755127,0.524370776895965,0.461199577089874,0.574942796116343,0.97330998708843,0.990422750389837,0.94749514846351,0.336108956183092,0.177467464624446,0.488752935816282
0.1,"cent vs mid",0.791666666666667,228,24,11,25,829,252,248,269,0.285892932351399,0.231334986834541,0.356864083193277,0.579910453293092,0.532779866810501,0.630134244694698,0.995827315142807,0.970470158373102,0.962451088173219,0.229741236921087,0.269094841466728,0.452518278410978
0.1,"cent vs pup",0.526615969581749,277,149,55,45,591,426,337,463,0.78887407789324,0.281084204513848,0.986051223455076,0.804580814709647,0.537844144768269,0.870032961556959,0.907143626927628,0.978497899970469,0.87416051653507,1.47353172071773,0.393983988613178,1.80968325908205
0.1,"cent vs you",0.666666666666667,246,71,29,23,748,317,287,328,0.219334758577733,0.225648008739035,0.271440135455964,0.484408011776006,0.499070709355997,0.530790686785629,0.94473188930691,0.987234889144441,0.923269674105758,0.644620618001185,0.241160123852329,0.841350509177708
0.1,"eld vs kin",0.88695652173913,204,7,10,9,887,211,219,221,0.090567295057295,0.0936678490415404,0.0890343130281527,0.439650322581458,0.433179099762811,0.43074393306356,0.996523197609211,0.995320260861098,0.996098083950506,0.106563133510374,0.151105722871228,0.13718789729407
0.1,"eld vs mage",0.629310344827586,73,14,14,15,1001,87,96,93,0.0653729930924276,0.0411003169489161,0.105306666196547,0.377411627207792,0.330232290263189,0.444165053664141,0.993428839800213,0.992799992517621,0.980326678995003,0.112014434146041,0.10853982239124,0.208426291617045
0.1,"eld vs mid",0.847826086956522,156,11,7,10,933,167,170,172,0.129344812114948,0.139473008958502,0.186001410799533,0.506298519809402,0.517707882392614,0.557507091231946,0.997136348519741,0.996295761837413,0.995569231901223,0.0894003920286587,0.157974646578027,0.154484564805346
0.1,"eld vs pup",0.620967741935484,231,83,25,33,745,314,264,337,0.416118632774844,0.162573401570402,0.517688675199608,0.744627172526595,0.516523588968012,0.801935657686831,0.902994211155269,0.977597015617046,0.891931299790308,0.886797267385519,0.297118349269761,1.07932539564826
0.1,"eld vs you",0.429752066115702,52,37,9,23,996,89,65,108,0.0478244025219524,0.0547196301737541,0.0704735378692297,0.303818184155586,0.359728443586372,0.319322107392906,0.936235994726166,0.986589877085741,0.892779809526127,0.159296158318367,0.0886843605822817,0.233544426717053
0.1,"kin vs mage",0.775862068965517,90,12,9,5,1001,102,109,99,0.0588868705589007,0.0545632537760066,0.0979376350197565,0.345612583767484,0.33804731024761,0.428965837134809,0.990076713729294,0.980220814512108,0.957742750769229,0.0610857504083615,0.0999081846141261,0.143579825893573
0.1,"kin vs mid",0.854430379746835,135,15,4,4,959,150,144,144,0.097762181473507,0.157269562416625,0.15828707609253,0.435718766813901,0.486504150945144,0.502382057416341,0.994040140810198,0.991358281803412,0.994357394936044,0.114715527300641,0.135674146735123,0.0769700443129394
0.1,"kin vs pup",0.223076923076923,29,44,38,19,987,73,76,82,0.254488310172239,0.045557878771318,0.367936662186961,0.527664427979544,0.274300110123931,0.618136927850418,0.855369050492221,0.979179896401039,0.752145833665977,0.378179340170707,0.148168928997942,0.521096305914943
0.1,"kin vs you",0.802083333333333,231,26,14,17,829,257,258,261,0.0913814310788985,0.111483673300408,0.110057053961292,0.371447015624111,0.410816079303901,0.385922782494891,0.989258448315219,0.992010222753073,0.982168476757199,0.240379367777847,0.200472837057611,0.359063457900041
0.1,"mage vs mid",0.690909090909091,76,25,9,0,1007,101,86,91,0.0476785977632244,0.0636850000832022,0.037433562766874,0.297442211130496,0.36486831537925,0.310020279521265,0.948218958130669,0.986516601206755,0.981575551076144,0.188188119457078,0.0981629677302186,0.101189479384767
0.1,"mage vs pup",0.604395604395604,110,31,24,17,935,141,145,147,0.108476910312721,0.0571047821899845,0.162551803359972,0.397585826399308,0.332530924216146,0.435906694586096,0.930564481091794,0.952232533240952,0.874087575043324,0.243764862162256,0.169311361043931,0.392969542317864
0.1,"mage vs you",0.877272727272727,193,9,10,8,897,202,210,206,0.126185752498434,0.120958686669756,0.0833354918598643,0.455706876736045,0.445179249936196,0.401809018509233,0.995634814847329,0.993276855762593,0.992779881559899,0.0983935344569613,0.15312109497785,0.149844340662135
0.1,"mid vs pup",0.582089552238806,156,65,24,23,849,221,189,234,0.115765699846113,0.0990206982223402,0.165563035425823,0.358380074733049,0.360996343730674,0.393506090736623,0.930366336647561,0.986734615930949,0.874404461269794,0.437819364895169,0.191237675183359,0.603867642928745
0.1,"mid vs you",0.865248226950355,244,16,12,10,835,260,264,262,0.230324118131606,0.337706365770768,0.15942399420481,0.560770923201633,0.652594981564716,0.490036073368398,0.992482837961989,0.99446505346773,0.987564328816904,0.230561808251467,0.200661179904032,0.368803889676693
0.1,"pup vs you",0.769633507853403,294,52,34,2,735,346,329,339,0.601008287731182,0.264518882182072,0.451995171669261,0.757828635748145,0.532727246980941,0.664949030560515,0.969914975638333,0.998148883923928,0.974123658143946,0.763863059636499,0.269956557575236,0.563213595379292
0.2,"cent vs eld",0.666666666666667,102,27,12,12,964,129,129,126,0.0728873587219216,0.059008918309618,0.0660275653268316,0.369244519168173,0.341600575447871,0.334513341392229,0.981044413845395,0.954595394261614,0.985039312610347,0.119503670902582,0.208104558648943,0.110755146395836
0.2,"cent vs kin",0.788079470198676,238,27,11,26,815,265,266,277,0.165041360260381,0.163019607031075,0.208077615585436,0.490535240107309,0.47161425308908,0.510506151047188,0.960717814605804,0.95044539836368,0.991048280064672,0.198021848843273,0.420390702482762,0.334307366596948
0.2,"cent vs mage",0.651162790697674,168,34,18,38,859,202,204,223,0.138964337068121,0.111931410579526,0.25845394906312,0.47450441924353,0.450460365705577,0.579432386317559,0.989377547234493,0.972639937365444,0.950048797279126,0.1913324172204,0.329955317352272,0.487630654296029
0.2,"cent vs mid",0.753424657534247,220,28,7,37,825,248,248,267,0.225272733273705,0.236875652626125,0.367359314644375,0.529583455348699,0.547157233021565,0.626600676352685,0.97114964198659,0.938768940010265,0.964930042613928,0.172638940656274,0.483458547589176,0.43231130488694
0.2,"cent vs pup",0.522900763358779,274,137,41,72,593,411,330,468,0.638448006923621,0.302169823106258,0.968653332349104,0.726597724874914,0.552545341548799,0.866389137395909,0.935452562001138,0.897184499799225,0.813815559965994,1.16806895755704,0.833489993664389,1.98088521052608
0.2,"cent vs you",0.641873278236915,233,71,23,36,754,304,278,318,0.176615592672739,0.222247420525807,0.272447270857155,0.456374672885107,0.490790439802429,0.531705575118135,0.953965131468593,0.975358083169913,0.915843508008734,0.467015528639818,0.423800964626547,0.860650292343255
0.2,"eld vs kin",0.830508474576271,196,17,12,11,881,213,214,220,0.107109647560779,0.0873356722484052,0.0906078598536438,0.444585861064826,0.419181943785748,0.433107288213238,0.991200519327901,0.97143567444888,0.980673797690692,0.194847195324604,0.282241543751357,0.157451562764107
0.2,"eld vs mage",0.623931623931624,73,15,9,20,1000,88,96,96,0.0409303772921915,0.0415620228015409,0.105877718110057,0.33455817152076,0.334041546797406,0.451631123790796,0.997147990276791,0.984771531875394,0.980748346209153,0.0520310697011582,0.185745034640698,0.203989845601828
0.2,"eld vs mid",0.786458333333333,151,25,8,8,925,176,172,169,0.0948866764617514,0.142952799611651,0.186063135460382,0.45393624192021,0.514016443533216,0.567651880267523,0.982547407135101,0.990739059854375,0.980737989859972,0.171403383812763,0.270144332079222,0.166792255314492
0.2,"eld vs pup",0.62533692722372,232,74,16,49,746,306,265,338,0.327245398173239,0.153715445820208,0.526345119543051,0.659055703555749,0.513644052232053,0.802937197305924,0.928624427714171,0.952438392580857,0.871676320299082,0.653321689827468,0.486812252030131,1.09741223278367
0.2,"eld vs you",0.429752066115702,52,19,8,42,996,71,66,108,0.0383536270803685,0.0582327332652762,0.0696297316837516,0.321145896800351,0.355001685862954,0.325775621962883,0.980363662900616,0.956839963814343,0.896307636092089,0.0819860849738434,0.162033195828916,0.230750721225877
0.2,"kin vs mage",0.741666666666667,89,16,8,7,997,105,108,102,0.0435810044918389,0.0565692388677259,0.094075801324197,0.309808502057183,0.33700953088763,0.418868845030924,0.992120961829274,0.939135441504613,0.960037682037534,0.0587281097654184,0.179567400290604,0.138606934746426
0.2,"kin vs mid",0.773809523809524,130,27,8,3,949,157,140,142,0.0587665499207643,0.156562335790102,0.157898723091037,0.355078337666218,0.491246453805122,0.492340888005482,0.979766498630908,0.973652733233025,0.994675609704029,0.223120102939803,0.251766488247869,0.0766167299319628
0.2,"kin vs pup",0.21875,28,38,28,34,989,66,74,82,0.168610051431194,0.0439513482434488,0.357022932858645,0.444909874476105,0.267943519486173,0.610478647652644,0.930240166390613,0.936305879265704,0.752249630490352,0.260310982390691,0.26688016172842,0.523721806103311
0.2,"kin vs you",0.775862068965517,225,29,6,30,827,254,256,262,0.0995940022114269,0.113843510538708,0.10239941097239,0.389247015850577,0.410361862673397,0.385299630198751,0.992610197320676,0.985545467430897,0.985440103157951,0.15395597372337,0.317439020463263,0.342775068257086
0.2,"mage vs mid",0.557251908396947,73,47,11,0,986,120,84,93,0.0676193022011212,0.0628228643639713,0.0399488527554286,0.319387206745946,0.370120151493417,0.318520111522362,0.911354869932405,0.966945496059393,0.981859810231004,0.273898058218921,0.188326433426747,0.100092194850039
0.2,"mage vs pup",0.645714285714286,113,26,11,25,942,139,146,142,0.0721352493287269,0.0597548030146834,0.159990077666347,0.354026774679535,0.329239670109504,0.435329151010952,0.991627081721279,0.891921560614699,0.865998715053674,0.11890656465581,0.296376183863248,0.385512986728236
0.2,"mage vs you",0.859090909090909,189,10,12,9,897,199,208,209,0.185568214447763,0.121681766476348,0.0881585313725962,0.531743044350569,0.455669709834601,0.399568668481911,0.991131943711791,0.98308283698823,0.992729260022705,0.172288540209912,0.278737516956549,0.150270491901716
0.2,"mid vs pup",0.595505617977528,159,53,19,36,850,212,190,236,0.0758201309601073,0.0983655185928726,0.164289731822467,0.324589355448582,0.361139386255547,0.378286480905181,0.968064267855901,0.962410393299458,0.874471157464952,0.300962911270284,0.326746186311391,0.601418563291452
0.2,"mid vs you",0.856643356643357,245,21,5,15,831,266,265,266,0.31506664714036,0.339412918834172,0.160751764964174,0.635411626854683,0.64830070716382,0.50208798626751,0.996819973654964,0.989203848572482,0.988225364992794,0.135606638885807,0.348910081507312,0.365536020681339
0.2,"pup vs you",0.707317073170732,290,83,37,0,707,373,328,338,0.75536410958123,0.271244015302541,0.452154747994387,0.852951514843031,0.549335187660502,0.667704972081522,0.956562049337382,0.979765467290958,0.976419246538223,1.0303987435384,0.558071729918856,0.538748651951069
0.3,"cent vs eld",0.574850299401198,96,43,16,12,950,139,130,124,0.106644593401936,0.0606105419353775,0.0648443325523004,0.393477551284025,0.346826223452572,0.339362592203476,0.956665476905438,0.910751301764589,0.984800759739031,0.213029875301425,0.311202559375227,0.112494959358772
0.3,"cent vs kin",0.730519480519481,225,41,16,26,809,266,266,269,0.190464911818746,0.167117131590454,0.212008127688663,0.483327729827389,0.469660395919343,0.514226754013267,0.96068769932588,0.943956428586701,0.991376922526578,0.29774218127443,0.571669589566711,0.33773283083473
0.3,"cent vs mage",0.626865671641791,168,28,14,58,849,196,210,231,0.118403845837395,0.116911658024687,0.262030522771827,0.46296366334212,0.453628655964557,0.578770348980041,0.995127710188364,0.950542497388723,0.950306486011723,0.100607613329947,0.467840389265474,0.497169555939669
0.3,"cent vs mid",0.688963210702341,206,32,20,41,818,238,245,267,0.174373449677379,0.231320523929046,0.360572984048284,0.512464214528251,0.537570472745484,0.62201514049613,0.995046914644847,0.983553930988533,0.991192278659076,0.258089520428911,0.620834685158005,0.406213658772422
0.3,"cent vs pup",0.525812619502868,275,102,37,109,594,377,333,465,0.529261113236709,0.288376542003188,0.939440327809196,0.685174314282245,0.55555946965653,0.858518076588608,0.968107411510939,0.908116067553029,0.857276426324421,0.846465874326585,1.04256661721408,1.86840532976492
0.3,"cent vs you",0.656509695290859,237,58,17,49,756,295,281,317,0.176546422814569,0.225039202131815,0.284989614853691,0.46797621649451,0.496338112125612,0.522825831629719,0.981110601501889,0.9484243999103,0.920458478142955,0.264426037068204,0.62429155927133,0.848746483919926
0.3,"eld vs kin",0.754032258064516,187,26,25,10,869,213,221,218,0.140197628838993,0.0904028973122549,0.0919372571998461,0.490026419599586,0.439786936731308,0.445302964101984,0.987776718796548,0.96472016015432,0.980817273520003,0.294056362296301,0.390908358466004,0.159401478834761
0.3,"eld vs mage",0.554621848739496,66,31,5,17,998,97,95,88,0.036093252256139,0.041527423325129,0.108161202066689,0.31543588504603,0.337196984649673,0.451757180793317,0.995325118513293,0.971026689663657,0.980760327662094,0.0776711350119847,0.260458045858089,0.201584979502327
0.3,"eld vs mid",0.716346153846154,149,37,17,5,909,186,174,171,0.0753953108765802,0.136076404403892,0.183010098580505,0.422680307430687,0.50721770091551,0.567013685480358,0.98992655819427,0.963868952969906,0.979747598878818,0.268077842352159,0.402248972488843,0.165848861845546
0.3,"eld vs pup",0.624324324324324,231,54,12,73,747,285,262,339,0.264617554516533,0.157413504754067,0.515520395944958,0.604631476542712,0.520270585132078,0.787429427662115,0.938019948693446,0.905329323766251,0.905266196783336,0.516437538328866,0.748102189969587,1.03025823557941
0.3,"eld vs you",0.420168067226891,50,14,5,50,998,64,67,106,0.0523394302892281,0.0557413240393014,0.0690177045364922,0.358965196739599,0.357570437690833,0.317929708797528,0.991900597162167,0.899871039184007,0.895278330459164,0.0436708213083674,0.230396695794222,0.232302846824908
0.3,"kin vs mage",0.609375,78,28,14,8,989,106,107,100,0.0483643974356889,0.0530383117297663,0.0962231500072189,0.299483471648073,0.329960639206257,0.422773110536702,0.967756317864395,0.875312382834061,0.960792126410532,0.125889778932181,0.260317076186636,0.141616015899289
0.3,"kin vs mid",0.701657458563536,127,38,16,0,936,165,148,143,0.0459952936671758,0.153073782144512,0.160049770899889,0.334090485774004,0.484679900918291,0.501474661120635,0.963292412409825,0.954103407987576,0.994822772829519,0.329981005537995,0.364356896431622,0.073336276042227
0.3,"kin vs pup",0.220472440944882,28,41,15,43,990,69,77,78,0.0986672116458504,0.0441558532105776,0.362973602024779,0.370766930044657,0.258663942993883,0.610959959695353,0.979760231832933,0.859513385189616,0.756884807797575,0.136319341192658,0.386288726766659,0.517399742076694
0.3,"kin vs you",0.758503401360544,223,31,6,34,823,254,252,263,0.136037220142217,0.113423208505289,0.0997785653994225,0.439629939792062,0.389710093105718,0.377076951136842,0.992218932247756,0.974911719087291,0.980058275142146,0.175279351451382,0.459047384037172,0.37964068334311
0.3,"mage vs mid",0.461038961038961,71,69,14,0,963,140,85,92,0.110602649347667,0.0657976237212497,0.0392583244240954,0.386806886586189,0.359982608957712,0.312056198656859,0.870039346804744,0.942520103682834,0.979720942115648,0.375897570596461,0.294276922217917,0.102943536301394
0.3,"mage vs pup",0.649425287356322,113,32,4,25,943,145,147,141,0.0575156320117271,0.0616684304220173,0.161842363849793,0.332939961967207,0.330103250572938,0.43955955199342,0.995355609012945,0.856919202778577,0.866580595855109,0.0774309524499194,0.411622510725614,0.392411868880342
0.3,"mage vs you",0.792207792207792,183,21,20,7,886,204,212,208,0.254071533696198,0.119745741462206,0.0926553013141892,0.598107834275069,0.441003782036402,0.412926971604896,0.982993358485201,0.968723731752497,0.99368144912936,0.293382458100696,0.405925440444009,0.144378817056616
0.3,"mid vs pup",0.609848484848485,161,38,11,54,853,199,193,233,0.0651132333659246,0.0993412420336684,0.16841622197949,0.316676615779643,0.36386965390759,0.389055960609008,0.991811165809921,0.920242076636767,0.879831587393406,0.157410207866729,0.47211933218628,0.592816332041273
0.3,"mid vs you",0.785714285714286,231,33,10,20,823,264,260,261,0.414153612495547,0.343428075253191,0.165447386855095,0.720622517248049,0.656484904100836,0.503793193088909,0.994181223232135,0.981174168416295,0.988047546501253,0.20687497528578,0.499044578355889,0.352675340606364
0.3,"pup vs you",0.665127020785219,288,102,43,0,684,390,331,344,0.896696645988922,0.276327095145453,0.460640293130352,0.932176922637454,0.545751745700219,0.672792176865598,0.937590084487805,0.970439421104391,0.968153445018962,1.3253200367834,0.801310732722089,0.597578596661032
0.4,"cent vs eld",0.5,89,57,21,11,939,146,128,121,0.162325823077314,0.0597284066825242,0.0632637638181466,0.44304318317899,0.352020367051328,0.349032230226,0.910846069696912,0.855009513382942,0.981232655453725,0.334589301998647,0.422716374436407,0.111363759825203
0.4,"cent vs kin",0.660550458715596,216,47,35,29,790,263,268,280,0.233841279838215,0.166824487479061,0.202488075407118,0.524156231675773,0.479349682538341,0.51152227809729,0.917846378216261,0.924299349609324,0.962945945692828,0.497249324307895,0.769514234619305,0.379276996326921
0.4,"cent vs mage",0.583941605839416,160,42,10,62,843,202,205,232,0.112459413417657,0.117259689297821,0.259171780728516,0.448282354346807,0.449078297240961,0.581775122288425,0.989764487738286,0.919483758678184,0.949796911298852,0.157744955925648,0.608601952003011,0.489142186017803
0.4,"cent vs mid",0.590062111801242,190,53,35,44,795,243,249,269,0.150611746917802,0.236015282223348,0.369360974488173,0.46842816128223,0.535372084022995,0.628555607768626,0.968733043996123,0.971988146013818,0.956558583727566,0.453877107711318,0.82933876134029,0.470883191085091
0.4,"cent vs pup",0.533589251439539,278,66,28,149,596,344,334,465,0.427091238609037,0.306693239871981,0.958726297750241,0.628724800068614,0.578241485487208,0.868728521937674,0.973187646651145,0.89443817105064,0.849145132538004,0.576012158034283,1.35152722529117,1.8890545723494
0.4,"cent vs you",0.639344262295082,234,42,16,74,751,276,284,322,0.214934579903051,0.216508090025366,0.281013752010037,0.489468629334973,0.48938339846587,0.541837440551814,0.973823110474747,0.911498457070408,0.934725805515014,0.188766600128119,0.861840135169691,0.816552757818839
0.4,"eld vs kin",0.692607003891051,178,38,34,7,860,216,220,219,0.199451388414673,0.0851164871241156,0.0883000152784418,0.559113265214155,0.424526621244599,0.435651827477092,0.960853861345066,0.953121479867265,0.99640032985551,0.441701846186152,0.526607156130486,0.135346936620213
0.4,"eld vs mage",0.504,63,33,10,19,992,96,95,92,0.0454905668088416,0.0413546060970652,0.10710692668616,0.321911879865835,0.33708573489859,0.445302649571236,0.990504005623645,0.956373931863121,0.98031113956017,0.153774055833733,0.33672215494338,0.196996582024164
0.4,"eld vs mid",0.641255605381166,143,54,18,8,894,197,169,171,0.0733267151472221,0.132502973982764,0.180943466452415,0.425873902829666,0.501570376151071,0.564190460023076,0.983980830224226,0.956068868402793,0.98089751351123,0.389116739801971,0.52945932693422,0.168122355731345
0.4,"eld vs pup",0.628726287262873,232,47,11,79,748,279,266,335,0.206291919644882,0.155473499054098,0.525826105387595,0.581669257516858,0.508879364158141,0.798050803597992,0.9718730801922,0.912021843615346,0.908632278890763,0.292885465342743,0.867590251952465,1.04927925587636
0.4,"eld vs you",0.338709677419355,42,20,13,49,993,62,68,104,0.0866912768168042,0.0577075237717473,0.073098500020206,0.416165574030928,0.358687806836346,0.327333121196875,0.970391135018355,0.779613891535374,0.89408011743848,0.0934847213508991,0.316013318077805,0.232832179808909
0.4,"kin vs mage",0.525925925925926,71,36,20,8,982,107,106,99,0.0662794674951573,0.0548445376832807,0.0910991733582543,0.346889207394007,0.333068408854988,0.408499459530768,0.918380106795035,0.788101376380152,0.957453926728974,0.208768289547128,0.338608038419186,0.139539817700862
0.4,"kin vs mid",0.602941176470588,123,58,18,5,913,181,146,147,0.060660287256153,0.153421504120544,0.158372348213913,0.299919160271272,0.487402339471171,0.497112247057992,0.943728415995554,0.935718003160015,0.994546548186763,0.43211030736544,0.466513776281672,0.0796016302901487
0.4,"kin vs pup",0.2,26,45,4,55,987,71,74,82,0.0515791942803307,0.0469259032663434,0.356490670539888,0.290236335262751,0.269013054975689,0.605952999209115,0.993247765092763,0.763149360677697,0.742444723389636,0.0475640807971394,0.496240241343133,0.510558147354939
0.4,"kin vs you",0.710526315789474,216,44,17,27,813,260,260,260,0.194064326240411,0.114907197634541,0.0999606327369685,0.50527072885579,0.408916856264071,0.382866189063803,0.98688196468368,0.962915658594197,0.986087298362255,0.301919327286034,0.617689409762469,0.352584255011797
0.4,"mage vs mid",0.383783783783784,71,98,16,0,932,169,87,88,0.167849528951359,0.0637095373698789,0.0381660125841805,0.426774929544184,0.369673475625882,0.313887618294982,0.831111459666138,0.911371266443939,0.981117997802393,0.490752073323673,0.411490728072992,0.103420581866956
0.4,"mage vs pup",0.551351351351351,102,47,10,26,932,149,148,137,0.0620991567990079,0.0620738374827722,0.162132056169799,0.340634515402807,0.330499351908209,0.429769888404473,0.98717552213511,0.811258093413226,0.855846836798647,0.146339124562308,0.521721759455386,0.399405274120506
0.4,"mage vs you",0.709677419354839,176,35,30,7,869,211,213,211,0.349548729667186,0.123149066809528,0.0854088842929597,0.682058574474609,0.449056975577035,0.404151483337776,0.96346672192264,0.945955886264501,0.993866187120495,0.448891903435971,0.548679624417023,0.140870736604406
0.4,"mid vs pup",0.578358208955224,155,33,6,74,849,188,190,236,0.0904835335314641,0.0988444673452335,0.167609318448858,0.35983756435098,0.370532754536217,0.390233797313854,0.995018299445839,0.867937616547003,0.878462258256984,0.0870909659473337,0.604995477160721,0.5994510875775
0.4,"mid vs you",0.710610932475884,221,48,23,19,806,269,266,264,0.535166610200187,0.336271751959825,0.159133367434857,0.795995660178976,0.650182618328643,0.49064508297743,0.987501036855457,0.962223674949862,0.986713913463153,0.360498447107682,0.697380480885008,0.36937780513695
0.4,"pup vs you",0.561368209255533,279,168,50,0,620,447,329,342,1.0688376574076,0.282980317472492,0.46201013238111,1.01892387980202,0.548401712224963,0.674777912751482,0.929036995164114,0.966718160123453,0.97389867384887,1.57070987629315,1.03530020809497,0.56290100627721
0.5,"cent vs eld",0.410810810810811,76,62,36,11,932,138,134,122,0.234178379454001,0.0622121203056296,0.0653996654721367,0.524417355625626,0.335516062533471,0.352791062174275,0.868378542624897,0.795433193551871,0.983914037749756,0.452645096464269,0.542841681939758,0.112028297154019
0.5,"cent vs kin",0.583577712609971,199,68,46,28,776,267,267,273,0.313695713272659,0.157588681393924,0.202301528248867,0.59845470228071,0.46498707286463,0.506526679895244,0.930828615205262,0.902672635708767,0.992118126759596,0.676705790820681,0.955788937149901,0.324187670650158
0.5,"cent vs mage",0.517857142857143,145,47,29,59,837,192,208,233,0.12323512612809,0.117958729643925,0.267093559877769,0.438094785199189,0.46005589353788,0.594532955514113,0.98295517367846,0.895514166997005,0.948131732892141,0.265475674630144,0.722842887771433,0.489833206653852
0.5,"cent vs mid",0.562130177514793,190,71,39,38,779,261,253,267,0.14952256731858,0.231930068309394,0.370501197874248,0.452806685294854,0.532348257167268,0.622692475067401,0.983463229067985,0.890597701819225,0.924702031280206,0.614888393210125,1.06006493693485,0.485599432302849
0.5,"cent vs pup",0.526011560693642,273,67,12,167,598,340,328,464,0.363265056680723,0.298402501621922,0.943169414917898,0.594460567324737,0.557243642904324,0.854205230608215,0.976799759769268,0.845266007093558,0.815399396174567,0.354698620762741,1.68863390349143,1.97963352501615
0.5,"cent vs you",0.608695652173913,224,52,16,76,749,276,281,317,0.280067976771221,0.229360125824463,0.27695872440997,0.529131558694589,0.494125083029142,0.533365620565051,0.966312265713952,0.867162463201052,0.913124862288438,0.269000946396252,1.08705954395898,0.863776038480287
0.5,"eld vs kin",0.608695652173913,168,57,44,7,841,225,220,219,0.26925884443784,0.0954586244365772,0.0936779024471292,0.630514725934657,0.447669692642539,0.440449870027914,0.946026486567203,0.936291251168372,0.995689187164283,0.586303078668496,0.667579732557832,0.136839171409268
0.5,"eld vs mage",0.423357664233577,58,43,16,20,980,101,94,95,0.0703679209060416,0.0403627133134408,0.103784830300821,0.357282581671878,0.332535016549616,0.445932522639299,0.982663129055334,0.938949305793926,0.979585195768341,0.229528438752003,0.404913576682546,0.201941272708543
0.5,"eld vs mid",0.583333333333333,140,68,21,11,877,208,170,172,0.0992285593253932,0.143605612786569,0.188828403406127,0.443806880952049,0.509341717806821,0.565343866785785,0.950413840234317,0.935870855920883,0.994477484726497,0.529535789465744,0.653694187861223,0.15992122040906
0.5,"eld vs pup",0.631868131868132,230,34,9,91,753,264,269,329,0.15987615940554,0.161537302708523,0.534158744668385,0.530445094780978,0.510633772713964,0.800825930487782,0.986142336450168,0.904933073144953,0.890908004581879,0.186097697881065,1.02926879133199,1.07347017581978
0.5,"eld vs you",0.27536231884058,38,35,13,52,979,73,65,103,0.136840142541359,0.0559022308475699,0.0716731709934487,0.487533072519037,0.361047604758113,0.323418191353578,0.903381000360801,0.63128435845169,0.890456467503866,0.184940027474782,0.405597960714726,0.236591991910101
0.5,"kin vs mage",0.415584415584416,64,55,26,9,963,119,106,99,0.108126876164995,0.0540645881830302,0.0920021101219814,0.395214281277365,0.334732335460947,0.408029663385144,0.870908537938525,0.719467917706579,0.959287840844407,0.303510131664512,0.42514106256234,0.142646598642411
0.5,"kin vs mid",0.552995391705069,120,77,19,1,900,197,145,140,0.0870630775058244,0.156669714437827,0.153932617633543,0.319550494100827,0.494823691293748,0.490732814058144,0.91687789485353,0.901556354379104,0.994305964452405,0.55280864930484,0.585921929937501,0.0805841790905845
0.5,"kin vs pup",0.175182481751825,24,55,4,54,980,79,75,82,0.0277365161267586,0.046039683689204,0.360779701676063,0.238444394351169,0.273911744268655,0.608802887847708,0.989179518973121,0.654450066233328,0.728474298183499,0.0766000788693714,0.584738808270044,0.517474607828423
0.5,"kin vs you",0.677215189873418,214,53,22,27,801,267,259,263,0.251913158706147,0.114288357900351,0.104500930755395,0.550269879827606,0.398960663505582,0.376245371721626,0.982157262164986,0.955599462677445,0.98791053136524,0.439948071530441,0.7408936729441,0.334481028857506
0.5,"mage vs mid",0.328571428571429,69,125,16,0,907,194,85,91,0.238239900898475,0.0657729381316069,0.0395400254763484,0.512540802078919,0.369971466890789,0.310218507646882,0.796754312856915,0.885987799093341,0.980330953717062,0.610286464239172,0.538922029934513,0.101665053173051
0.5,"mage vs pup",0.505208333333333,97,52,18,25,925,149,149,140,0.0804569639197929,0.0588555549423514,0.166363406033825,0.362571279242426,0.324344496696572,0.432317905690106,0.92228466929386,0.793025935119205,0.921993866053541,0.280736196837331,0.620702509681872,0.369344001816903
0.5,"mage vs you",0.653846153846154,170,51,30,9,857,221,208,209,0.447144984885198,0.124830205285603,0.0877356191988927,0.770017834915753,0.456246196969898,0.400776223394718,0.938564488764598,0.913103532379528,0.993482450704838,0.601065389960721,0.710506447704424,0.142800413209674
0.5,"mid vs pup",0.510948905109489,140,36,20,78,843,176,192,238,0.131582160699935,0.10101698245657,0.167831827479982,0.408697419289319,0.362584475319775,0.398183534441183,0.984394976227693,0.803898914343747,0.879326886218116,0.173914927121598,0.749613772157231,0.604140464141514
0.5,"mid vs you",0.625377643504532,207,71,37,16,786,278,264,260,0.681754678197961,0.346682682194383,0.159171097190293,0.895080087080971,0.657430117306751,0.491131481446055,0.974308773263967,0.94165701413421,0.987225919152833,0.564705309053937,0.906427787956669,0.364612846522302
0.5,"pup vs you",0.458053691275168,273,268,55,0,521,541,328,342,1.26538196604424,0.273875063147766,0.467333217363938,1.10607829054102,0.538185297699868,0.67260802198382,0.910420770489149,0.948086808381697,0.977935535466097,1.85349845135407,1.35521660327902,0.541099171336522
0.6,"cent vs eld",0.352657004830918,73,82,43,9,910,155,131,125,0.316076885626283,0.0630852001044068,0.0638325704163321,0.599131402729684,0.347186749462764,0.35726565851574,0.822015049458944,0.737983747812551,0.985564333879071,0.587104054631284,0.677890685867139,0.109576306652814
0.6,"cent vs kin",0.523676880222841,188,78,62,31,758,266,272,281,0.397699871336076,0.169263125130886,0.208623023558449,0.64702884707973,0.462710690291394,0.51594626850494,0.92098388279795,0.889418532720166,0.99051996109268,0.862025164725057,1.13854271781514,0.329300173911565
0.6,"cent vs mage",0.459183673469388,135,69,34,56,823,204,203,225,0.146863028095174,0.11169086828072,0.256372895214657,0.452204358869173,0.442451919101817,0.579097768062796,0.971148856924901,0.867738823607132,0.952607373799396,0.41579639283283,0.859939449671428,0.480860634926983
0.6,"cent vs mid",0.493074792243767,178,93,47,43,756,271,248,268,0.176907149681017,0.234598722812713,0.374665071070296,0.460259701764634,0.536407138013317,0.620791470597938,0.94482016851612,0.910396367189709,0.991304953815124,0.81073675851531,1.21091842125704,0.428826854399522
0.6,"cent vs pup",0.517958412098299,274,58,14,183,588,332,339,466,0.286436851652524,0.294628681394841,0.985072339544339,0.558964563853442,0.566251248926753,0.876034703336492,0.976924550311586,0.844683884069916,0.870834966349636,0.263714450326096,1.89429937792563,1.83575584368756
0.6,"cent vs you",0.536895674300254,211,69,34,79,724,280,285,324,0.363736967801667,0.22046878045263,0.280513611469825,0.607464233261875,0.488334974661954,0.538267718865322,0.974097886846115,0.835858575155288,0.903058272674716,0.41695310247863,1.27348944241913,0.887761001779408
0.6,"eld vs kin",0.549488054607508,161,72,50,10,824,233,218,220,0.349936592543635,0.0919132921607108,0.0917194425677314,0.703433567519054,0.420905028835763,0.448012399624577,0.936345106211241,0.924546506576083,0.995936196924833,0.726843572720226,0.809800426185137,0.138374708658738
0.6,"eld vs mage",0.36734693877551,54,54,20,19,970,108,95,93,0.103109294769146,0.0440711067697307,0.108650259422539,0.408037917946759,0.345363594669348,0.452713233212609,0.974027012387677,0.924883303337515,0.978557056767333,0.325599138559153,0.486144536385019,0.19949153457823
0.6,"eld vs mid",0.52156862745098,133,87,29,6,862,220,173,168,0.134249573312276,0.141576138243596,0.184439925670788,0.451778509989575,0.516410203245247,0.570443306516382,0.945827037780493,0.928628347041153,0.995002788786466,0.643370168903388,0.760604183590274,0.151546249048942
0.6,"eld vs pup",0.587131367292225,219,34,14,106,744,253,264,341,0.121656680738439,0.157511209398364,0.519219346794622,0.489279493912801,0.517852440755461,0.796285031319724,0.973713493978376,0.889088425926031,0.898519504243929,0.256253302745406,1.18300398447985,1.05112501096491
0.6,"eld vs you",0.16875,27,48,23,62,957,75,64,112,0.205548966376448,0.0579630790227838,0.0738610789041611,0.561017387047627,0.355645071591049,0.32791441193231,0.807126291885894,0.467379117046478,0.885480204476274,0.28480455631417,0.502253154480547,0.242459909904601
0.6,"kin vs mage",0.306818181818182,54,79,35,8,941,133,104,98,0.155305331837449,0.0541230051354104,0.0963822035334285,0.457674111608236,0.331336520962468,0.41562659791931,0.802713608739914,0.631895209798377,0.960781518245449,0.410462671961752,0.516041441641076,0.139352247576029
0.6,"kin vs mid",0.481481481481481,117,103,21,2,874,220,144,139,0.143652327820288,0.154025774605502,0.159874784681047,0.382753283650277,0.488809949006389,0.497066657739953,0.898135784962526,0.882791523006149,0.993903711231649,0.669822246527443,0.701873018889498,0.0795889633192171
0.6,"kin vs pup",0.131578947368421,20,71,6,55,965,91,74,81,0.0282219690189872,0.0455343899545165,0.351181363275394,0.21009299632557,0.274105985023789,0.602166794066742,0.963341022822508,0.5822096611728,0.759921227325311,0.164515667137032,0.660330824281681,0.513393484002802
0.6,"kin vs you",0.605882352941176,206,76,25,33,777,282,256,264,0.348381225545373,0.115679437479855,0.109622242992779,0.635538117317377,0.404415025356316,0.383247732378778,0.965735017078161,0.927814257875885,0.979160252413325,0.626397965234613,0.960069841316236,0.377732386994291
0.6,"mage vs mid",0.274590163934426,67,160,17,0,873,227,84,92,0.332015725866492,0.0666480864129506,0.0384209039359348,0.600298815322758,0.37015717346791,0.312659323040014,0.760960963265037,0.857052257346736,0.980258017931515,0.759889507923821,0.690797038045781,0.10345697829274
0.6,"mage vs pup",0.442857142857143,93,67,17,33,907,160,146,143,0.13004203226506,0.0584781722161404,0.1625654083203,0.407127188445483,0.326937690829339,0.429836450522077,0.949024626292299,0.770941919360914,0.895826256949746,0.392846098034428,0.709500687973116,0.376078097523101
0.6,"mage vs you",0.548387096774194,153,68,50,8,838,221,212,209,0.558768864024567,0.122228808248002,0.0884528209194339,0.857862715445646,0.456812265822167,0.401222480319544,0.897593763734261,0.870111752295981,0.9943248870209,0.780196999060419,0.884672120717759,0.136966619016031
0.6,"mid vs pup",0.459074733096085,129,46,30,76,836,175,190,235,0.209614954071178,0.0980564469817772,0.166337170737422,0.488580950628798,0.3685420620942,0.384273344081544,0.965746090333367,0.736132026748476,0.872888855865289,0.335344422886318,0.903902489509621,0.60387911423188
0.6,"mid vs you",0.541666666666667,195,100,47,18,757,295,262,259,0.820388582068978,0.342537808028372,0.158028790292088,0.984201878108279,0.655495200168744,0.494467288858841,0.96052504482477,0.919157461014225,0.9874550611867,0.742803704391952,1.08568041481053,0.366662837808861
0.6,"pup vs you",0.358799454297408,263,409,61,0,384,672,325,342,1.48774092255234,0.266455244202223,0.464852743681267,1.20161350336464,0.543788803036752,0.67289030629257,0.895032881821643,0.934213781160999,0.977655278951633,2.16761199104825,1.67693616753864,0.530421165611864
0.7,"cent vs eld",0.308016877637131,73,108,44,12,880,181,132,129,0.416415541000651,0.0604123571347426,0.0611716693337553,0.66754679434347,0.340797901607984,0.341345327225049,0.762995387122994,0.673063556633759,0.986286474742964,0.72910095854131,0.811687279779236,0.107338466742049
0.7,"cent vs kin",0.46524064171123,174,100,73,27,743,274,270,273,0.505921860506293,0.16934224466729,0.185817527367169,0.734823274902355,0.485215464506985,0.514810919640834,0.902148897712876,0.867431245176803,0.99153162305835,1.07241655670459,1.33952114047752,0.3217641679801
0.7,"cent vs mage",0.394822006472492,122,77,45,65,808,199,202,232,0.200718382552197,0.11942534431152,0.252234290820039,0.508228191684011,0.462389486140449,0.58482500960801,0.959347809343391,0.835181881200027,0.947210402539171,0.559219032482895,0.998621362678132,0.494909903034636
0.7,"cent vs mid",0.438961038961039,169,117,56,43,732,286,243,268,0.206642059465748,0.233107163940627,0.361521896129223,0.491345895919294,0.524969185046929,0.621547200836799,0.970430239607982,0.856211306367352,0.92263026377187,1.01052043181773,1.44645440326503,0.475619235196043
0.7,"cent vs pup",0.48968105065666,261,67,14,191,584,328,331,468,0.29196871810009,0.296487915192992,0.986369056750074,0.562434491879848,0.567023559269608,0.889145363280797,0.997297864052448,0.830498557330212,0.847199217025737,0.306963660808679,2.16689263111974,1.89908058735759
0.7,"cent vs you",0.485365853658537,199,87,47,77,707,286,289,323,0.454797563034725,0.232850969434841,0.275612934416567,0.650565874793006,0.500769306230395,0.529420046872024,0.928927032057385,0.79399106411958,0.919557168364748,0.666984284132638,1.48392508485427,0.852366486998798
0.7,"eld vs kin",0.496875,159,93,55,13,797,252,222,226,0.438570265021806,0.0926830953091998,0.0893065412988973,0.789746162617552,0.43256683529102,0.443473395994188,0.89753118392247,0.878349233479275,0.99545274729427,0.901266631309339,0.994932811979792,0.147676324907266
0.7,"eld vs mage",0.311377245508982,52,74,22,19,950,126,95,93,0.148178567429326,0.0413828764211738,0.103979326562676,0.476003020244847,0.329286794704488,0.442922234579712,0.964428838453675,0.904068246798099,0.979136753067745,0.415198466861658,0.569168142168838,0.201222260300388
0.7,"eld vs mid",0.478102189781022,131,107,27,9,843,238,170,167,0.179664910792269,0.139339654334628,0.180585031010703,0.510128575234124,0.506864583739688,0.566202824722375,0.934503565900115,0.916426186786852,0.995752666519926,0.780004384158807,0.902564539955138,0.155073957027615
0.7,"eld vs pup",0.54025974025974,208,41,25,111,732,249,265,344,0.12190051442252,0.156340782277406,0.535056501370862,0.477763609073347,0.513830119167354,0.814597791019713,0.977322648636109,0.846516885715075,0.882775734481666,0.371160358324296,1.38700677494815,1.08049842200643
0.7,"eld vs you",0.129411764705882,22,68,34,46,947,90,70,102,0.278671786603916,0.0543736917119542,0.0719311073978429,0.632220778335218,0.351871950999238,0.321885325654833,0.684725125866093,0.313526364038301,0.893486049254399,0.402876207368162,0.605009296319056,0.236855654992407
0.7,"kin vs mage",0.271794871794872,53,94,38,10,922,147,104,101,0.218956195888522,0.0534272892909703,0.0902794822105255,0.514140617799797,0.332392222835617,0.416522134040585,0.750245811152938,0.575149074927666,0.964441058770291,0.527402935387406,0.620333344614866,0.132951821409772
0.7,"kin vs mid",0.43984962406015,117,126,22,1,851,243,144,140,0.222007364368981,0.152318289440563,0.15188563102212,0.458870356515756,0.487669604029202,0.499097902965334,0.879130032206882,0.865216533604499,0.99564912652663,0.79265759854392,0.819177808910944,0.0711635308151669
0.7,"kin vs pup",0.121212121212121,20,85,7,53,952,105,77,80,0.0533685144260575,0.0443381876875291,0.358459942349068,0.236355826124052,0.270014275225126,0.611075405427941,0.948912152551041,0.530708583075593,0.750610615486456,0.258729721101801,0.73919494703301,0.518537583299612
0.7,"kin vs you",0.558073654390935,197,89,31,36,764,286,255,264,0.450922956335519,0.117909640369178,0.105843490855503,0.715882497867291,0.407299486634017,0.38720149317455,0.949898737129564,0.90503835353214,0.982213210198804,0.835090064318918,1.17656570184085,0.37531499832907
0.7,"mage vs mid",0.244525547445255,67,190,17,0,843,257,84,92,0.43247457476813,0.0614765566610669,0.0400759465068291,0.688688358905628,0.364344098254943,0.321598800435521,0.728442917004081,0.830405966335219,0.979480397308116,0.92135056161659,0.853010094826597,0.106021664895522
0.7,"mage vs pup",0.420814479638009,93,78,18,32,896,171,144,143,0.194365495387405,0.0605347206374513,0.159835260564874,0.479020535146466,0.335892986516285,0.429174006224717,0.932764595799771,0.675500218079203,0.836203305745501,0.53318022813698,0.870430413314968,0.408758686936627
0.7,"mage vs you",0.493377483443709,149,92,52,9,815,241,210,207,0.691443403166725,0.122418644963828,0.0850546749101374,0.948327744838928,0.460487086900743,0.394887470110324,0.857507243399608,0.823850950295233,0.992433279791118,0.956945024492946,1.05190065576348,0.151097561156057
0.7,"mid vs pup",0.375,111,62,49,74,821,173,191,234,0.295433303549884,0.0990302544870012,0.165127098614335,0.559152537207198,0.371655700406074,0.395455649741357,0.931801245383954,0.66824345443704,0.881431857771892,0.518387258588598,1.0577660268475,0.592853264669791
0.7,"mid vs you",0.443914081145585,186,157,57,19,698,343,268,261,0.951057656131162,0.333706626065913,0.158097150314254,1.06638315101456,0.646715538338298,0.490951281574617,0.928924496859198,0.881950039891824,0.987206646520892,1.00285405419785,1.34634239676439,0.376804500882255
0.7,"pup vs you",0.320823244552058,265,499,62,0,291,764,327,341,1.68372147699397,0.267576856161903,0.459515145251713,1.29042963737363,0.542083648029965,0.670425111857646,0.862584974568804,0.896364485149187,0.976692098422523,2.55019949726267,2.09318718821931,0.540137021994292
0.8,"cent vs eld",0.266409266409266,69,133,48,9,858,202,134,125,0.532564700077586,0.0613557295483504,0.0645642574253008,0.760421355777723,0.340486038638495,0.334081023184084,0.727052063484689,0.620139326337301,0.983391097283185,0.883276020683803,0.970556372819067,0.111351471846361
0.8,"cent vs kin",0.412371134020619,160,116,86,26,729,276,270,273,0.610837753542058,0.163411594373767,0.211034760621501,0.803265454155707,0.481600594535389,0.523962013461687,0.889435691167735,0.852618312611544,0.991286431731559,1.24427831042432,1.5238979283793,0.334170463644999
0.8,"cent vs mage",0.343373493975904,114,100,55,63,785,214,202,232,0.260356258098141,0.11026325438045,0.256482208300885,0.557359135699235,0.450812493379774,0.578646819670627,0.941285804197337,0.809417890594427,0.950699527116008,0.716692970338012,1.12842493837737,0.490789182735911
0.8,"cent vs mid",0.390243902439024,160,143,66,41,707,303,249,267,0.276843117738851,0.23910695039436,0.375140188089829,0.533214929594444,0.542255009835966,0.63232198877276,0.913584581014852,0.875356340235317,0.989399482554659,1.26456886473215,1.60135597643149,0.42323585161324
0.8,"cent vs pup",0.44043321299639,244,85,32,193,563,329,334,468,0.262034340736499,0.293646803755171,0.974815406043697,0.546536639274994,0.546573406580995,0.880520125272128,0.946063577453911,0.730428292125057,0.812909490282126,0.635226178266297,2.57012436008282,1.97648324149809
0.8,"cent vs you",0.416475972540046,182,113,59,83,680,295,282,324,0.57070851716625,0.226710614023017,0.267780079416766,0.731191788252314,0.501007382494965,0.52527559753355,0.918775206754269,0.751397852740457,0.906495890771915,0.860569718098682,1.68441968807038,0.877134462545625
0.8,"eld vs kin",0.46417445482866,149,104,57,11,796,253,213,217,0.54339662386019,0.0950699874485019,0.0895114634276169,0.878971268655417,0.443921527885814,0.440162498815997,0.873016165040143,0.878965393817667,0.978244558807919,1.07226998560314,1.13626183832855,0.158414666616657
0.8,"eld vs mage",0.289772727272727,51,84,26,15,941,135,97,92,0.217954904931357,0.0413568029082408,0.108061307551209,0.567875228090173,0.330731521366751,0.454031616609961,0.957269144241463,0.893591329544033,0.980261120042427,0.525977113765876,0.674848100460794,0.203452061274767
0.8,"eld vs mid",0.410596026490066,124,133,35,10,815,257,176,168,0.242512767654413,0.142381052577996,0.186456857983909,0.558928893147865,0.507578541720509,0.563339781659413,0.920901911465639,0.898162435294766,0.995776736806638,0.92132927474235,1.03555399110964,0.157928777219419
0.8,"eld vs pup",0.490956072351421,190,56,44,97,730,246,268,331,0.143480930941824,0.149792582583643,0.525692001627326,0.488331374537383,0.504434921055935,0.800801832392364,0.975913860599716,0.837890962487019,0.884037161838661,0.494860850764941,1.51845410986039,1.07287841200925
0.8,"eld vs you",0.0947368421052632,18,81,37,54,927,99,68,109,0.382990147881372,0.0573883057837526,0.070995079509112,0.73010565150922,0.355887401872761,0.31167880533892,0.575383666752021,0.176663925479611,0.893954800468886,0.529221749834946,0.722242639118209,0.236738596244022
0.8,"kin vs mage",0.231818181818182,51,118,42,9,897,169,106,102,0.299849345238965,0.0521689104117964,0.0944411253984631,0.595029349493794,0.323486328631269,0.421321679146588,0.697858357458133,0.508520205248595,0.964224604725372,0.65349993837298,0.742017988546307,0.137109374822533
0.8,"kin vs mid",0.404844290657439,117,149,23,0,828,266,145,141,0.306778710947094,0.152126999617541,0.154817428993242,0.54120568194526,0.487974164092834,0.49709564067421,0.859937221364215,0.849643307236732,0.99422977667332,0.928363603875592,0.95817531481206,0.0793512242861077
0.8,"kin vs pup",0.1,18,100,10,52,937,118,77,80,0.0891201918015969,0.0464387833756988,0.360306510894503,0.287878808908535,0.277209109670669,0.61129748495907,0.918408843231495,0.411551425222824,0.707369123286082,0.366242134315132,0.815516424226065,0.522962750706972
0.8,"kin vs you",0.525333333333333,197,105,37,36,742,302,256,270,0.55875299727729,0.117220771990064,0.107450352463068,0.795474602630329,0.413006257262516,0.396445524920956,0.930340825639727,0.878426839569164,0.980589375612441,1.02922040201522,1.36788304282251,0.375582754286025
0.8,"mage vs mid",0.220779220779221,68,223,17,0,809,291,85,90,0.554524108068136,0.0619593031818271,0.0413529809996871,0.784845109293333,0.36985409999626,0.32023018097482,0.697950668295805,0.807095912953865,0.979270505946236,1.08642029026524,1.0216340552832,0.102272786587168
0.8,"mage vs pup",0.400862068965517,93,91,22,26,885,184,146,141,0.279574211738501,0.0607433140271993,0.167565375946932,0.564342233663402,0.333298285327933,0.441731337664459,0.896990871773866,0.679139056894754,0.88641438178034,0.681347424874571,0.964534409046935,0.369017210044959
0.8,"mage vs you",0.435820895522388,146,121,59,9,782,267,209,213,0.826772552432955,0.12191021111458,0.089530453160994,1.03350057890496,0.448998410211187,0.407064776998874,0.806742926576948,0.767319454200417,0.993770203750947,1.12698327929727,1.22748775401466,0.138422874463057
0.8,"mid vs pup",0.326923076923077,102,75,59,76,805,177,191,237,0.402870199526572,0.0999085557321162,0.162057038542258,0.642873974160481,0.377113752126975,0.393502285721608,0.905290286405453,0.61908657886908,0.882071132899778,0.719521194369948,1.23409501196701,0.580655740201657
0.8,"mid vs you",0.349019607843137,178,247,68,17,607,425,264,263,1.11877466470824,0.346908662157672,0.155111250673842,1.15014172700956,0.652097748129972,0.480623308394252,0.898462614055223,0.84509949683755,0.98864695932107,1.23096959833363,1.56757717728259,0.370582732221879
0.8,"pup vs you",0.289088863892013,257,564,68,0,228,821,325,342,1.94082825987389,0.270761264406871,0.451093686697749,1.38349409003771,0.539112727092389,0.668716576594709,0.81966865722594,0.883080385063684,0.960445876435238,3.02311101467679,2.38760150089968,0.673688682125866
0.9,"cent vs eld",0.201298701298701,62,184,50,12,809,246,130,124,0.662540598904939,0.0636101392066345,0.0594393442469309,0.847753275761283,0.33816234235852,0.332925621388197,0.672566536690595,0.570819883417382,0.983826798142194,1.05136709332088,1.13038350043648,0.105634335847342
0.9,"cent vs kin",0.378048780487805,155,135,89,31,707,290,265,275,0.740864957171762,0.162824891153888,0.192186037907505,0.885466890135958,0.477194767552144,0.510860216384244,0.823407097180886,0.887240590139406,0.912919714640507,1.53589013595968,1.71547819777278,0.404349004715625
0.9,"cent vs mage",0.29971181556196,104,122,66,55,770,226,206,225,0.35828428033063,0.11868744212917,0.258772392219069,0.631532682303856,0.465267283277472,0.569180307838574,0.924431109775181,0.780672795880885,0.94685031826081,0.883085123438036,1.27554506592852,0.491495426843627
0.9,"cent vs mid",0.353488372093023,152,168,73,37,687,320,248,261,0.393833927613011,0.234334107755117,0.359859321289494,0.596493015429431,0.535002355455237,0.626375025627777,0.901608675345687,0.862516874172627,0.989246257998077,1.49051437982692,1.79634249719183,0.412080874551972
0.9,"cent vs pup",0.405643738977072,230,100,49,188,550,330,337,467,0.282528102690074,0.293619177785936,0.96517781941053,0.537065414410157,0.555401232289338,0.872678673241409,0.941793359002664,0.781906297028712,0.882612924448079,0.865230688069818,2.5927547981945,1.79536137455523
0.9,"cent vs you",0.373650107991361,173,140,67,83,654,313,284,323,0.716482811596639,0.22597587728306,0.277321830323827,0.807885883994974,0.502181413978267,0.536080439471244,0.901278797570616,0.694698351529805,0.894889007381126,1.08367735606672,1.92960167562229,0.914482857567562
0.9,"eld vs kin",0.416184971098266,144,125,65,12,771,269,217,220,0.661292633372491,0.0888318435297323,0.0939175026834827,0.968965168824078,0.424646137931298,0.436671980652429,0.857971648671418,0.86889896847712,0.977963297309454,1.23580886009895,1.28513422755114,0.157086010455064
0.9,"eld vs mage",0.237864077669903,49,113,24,20,911,162,95,93,0.291236316128369,0.0422124643359065,0.10450375384331,0.648416826335087,0.327962660418796,0.452048110208688,0.947340074497091,0.879340702245537,0.979355182689079,0.647443692827408,0.78659934369051,0.202494201044451
0.9,"eld vs mid",0.37888198757764,122,157,37,6,795,279,174,166,0.325188216673411,0.136696660877019,0.181848560170261,0.637308167046673,0.504102586235735,0.550634323944685,0.905927949518375,0.882888550610009,0.994801314521667,1.09358567200984,1.18114020384254,0.146056154989464
0.9,"eld vs pup",0.467171717171717,185,63,46,102,721,248,263,333,0.180537219044073,0.15989310455696,0.516826856503173,0.518847168280913,0.522131290862486,0.799219686125765,0.954314739524958,0.82549720483206,0.887049167069891,0.688512326289838,1.62060855927451,1.07198617112165
0.9,"eld vs you",0.0686274509803922,14,98,38,54,913,112,66,106,0.493778894112717,0.060627636470171,0.0690401334074321,0.800890566571724,0.367563643615978,0.312938587830064,0.487655237670238,0.0650849289893995,0.887118060096742,0.657812447856842,0.842853010525518,0.240116932625113
0.9,"kin vs mage",0.191235059760956,48,152,43,8,866,200,107,99,0.395879319735015,0.0543131338629271,0.0957603445947989,0.678689884033599,0.333136962028573,0.422725516404392,0.656886674467792,0.461633376986806,0.963998777392641,0.786850189439282,0.87228587611815,0.138471874421621
0.9,"kin vs mid",0.362179487179487,113,173,25,1,805,286,142,140,0.411131721594287,0.153337670733704,0.153573773702706,0.615951514158705,0.49244074576937,0.499411990623741,0.838007367550904,0.826306224246859,0.994919518716808,1.0820116461281,1.10653890985064,0.0717553103996851
0.9,"kin vs pup",0.0918367346938776,18,117,10,51,921,135,74,79,0.160588820316849,0.0460629192784412,0.357599219467654,0.368988885908384,0.275367427754773,0.608062658251426,0.901334210602066,0.407637602325031,0.722651774248269,0.510450567675349,0.885879594595137,0.519685860861973
0.9,"kin vs you",0.48469387755102,190,125,44,33,725,315,257,267,0.693945867125857,0.106833810847107,0.113983892675574,0.881073915046915,0.397278331320197,0.387351319432907,0.913093005022243,0.857339580112184,0.981723392271353,1.22689023472509,1.55433461007939,0.372514079601328
0.9,"mage vs mid",0.198224852071006,67,256,15,0,779,323,82,91,0.669514700002106,0.0631857231003564,0.040241362152497,0.867661481074178,0.363525388042412,0.317498010627292,0.682264083755806,0.783851517931148,0.981970740298376,1.25713256001152,1.19912644678282,0.101550280330409
0.9,"mage vs pup",0.337254901960784,86,114,29,26,862,200,148,141,0.370220284286058,0.0612679191612548,0.155945602989856,0.6406409623605,0.336237752450318,0.440111784670381,0.884086914651407,0.665643981872878,0.890762577827029,0.821008219414616,1.09756465000589,0.370720094196367
0.9,"mage vs you",0.351758793969849,140,187,61,10,719,327,210,211,0.981039391552562,0.124014416214265,0.0906374368818473,1.12927505123104,0.45551544688434,0.412487019486179,0.748150718166871,0.704929922780612,0.992750053734913,1.32460944346057,1.4247775026865,0.146364160303342
0.9,"mid vs pup",0.27299703264095,92,100,68,77,780,192,191,237,0.534342033016595,0.0984565052737934,0.167399766697313,0.734521628658066,0.364586632037863,0.404837894493177,0.871272655725212,0.545983020882182,0.873007963949195,0.923543385226931,1.43103784315695,0.597021578201992
0.9,"mid vs you",0.264150943396226,168,372,75,21,481,540,261,264,1.26807906114057,0.343138896703873,0.162493199585653,1.22749543385328,0.658667302992454,0.495841083288479,0.855182037542355,0.797139795317971,0.987268103661759,1.51422793530994,1.8602914929715,0.381860478909354
0.9,"pup vs you",0.270855904658722,250,600,73,0,194,850,323,343,2.16027885354075,0.261634537311583,0.45551476432675,1.46238944444811,0.537733666889079,0.671142404585283,0.803979399025655,0.848383676305953,0.977353997948217,3.28584124542998,2.78937859771812,0.539445858255047
1,"cent vs eld",0.176136363636364,62,227,54,9,765,289,131,125,0.811106765703141,0.0610551117194325,0.062422895498786,0.941526699990342,0.347880861414205,0.337722599286589,0.640431186360364,0.539244853910136,0.984635126410635,1.2259505984871,1.29981327281103,0.111019871291264
1,"cent vs kin",0.321041214750542,148,186,100,27,656,334,268,275,0.868812134837603,0.161760256767634,0.19272058913075,0.961165624098814,0.48456086285718,0.512442387170976,0.859382143447733,0.813038888059222,0.896964793759728,1.72223308602312,1.98993826426636,0.410932688651946
1,"cent vs mage",0.262599469496021,99,149,71,58,740,248,205,228,0.447389235615339,0.116245716100688,0.269500933641491,0.706692075580011,0.459171882461137,0.587936830233686,0.914345475717891,0.706070161812953,0.893485289696228,1.04713854644657,1.44362947438784,0.507710601581537
1,"cent vs mid",0.321739130434783,148,196,78,38,657,344,250,264,0.493070036652065,0.227787336482341,0.365293717327092,0.655307303491365,0.531258238077873,0.629114617857039,0.894845487147512,0.849439028063707,0.990849536004285,1.7120223735582,2.01442528120415,0.414735454863925
1,"cent vs pup",0.359797297297297,213,121,62,196,525,334,332,471,0.332178239758033,0.288246895769557,0.958625852798897,0.554514026894102,0.556538179873223,0.861863190667513,0.916299984636908,0.749241176188267,0.891423039511342,1.14740951543685,2.79830501325562,1.77257928899401
1,"cent vs you",0.327309236947791,163,189,72,74,619,352,279,309,0.855647590734021,0.2244756800773,0.277150726415268,0.882785328327194,0.498135718188101,0.532115542901223,0.835372836254742,0.633500507563471,0.89950980145289,1.35568094005952,2.17592162428044,0.9041489582823
1,"eld vs kin",0.373333333333333,140,153,74,8,742,293,220,221,0.784544979818685,0.0916163377435242,0.0925898521404377,1.05751179400117,0.428659329101109,0.436549122275499,0.865661969878554,0.817250709398876,0.973535758438159,1.40370870251894,1.50359953991303,0.161563374243662
1,"eld vs mage",0.214611872146119,47,130,23,19,898,177,94,89,0.379732671408481,0.0403431707641141,0.106136535368181,0.739568063923927,0.334361508468852,0.447530647342049,0.938028781413024,0.86735302541081,0.980778561944572,0.765408592584988,0.894946593067546,0.202361869207435
1,"eld vs mid",0.357558139534884,123,174,37,10,773,297,167,170,0.413375339536301,0.138172963379389,0.181275424240622,0.706080769221781,0.502779750539691,0.55990834489427,0.893024412140127,0.869317934025629,0.995379561831428,1.25309969432303,1.33930353241592,0.152492241435858
1,"eld vs pup",0.423728813559322,175,80,56,102,704,255,263,333,0.241246759257586,0.153405696198257,0.525448487350217,0.579007247840497,0.518915246605255,0.799527412538068,0.964028929898122,0.798645685140019,0.880471401131248,0.825217188914501,1.7779978159511,1.0610843209806
1,"eld vs you",0.0515021459227468,12,128,42,51,884,140,68,105,0.604678879636289,0.055561342017195,0.070689443513229,0.88058570984185,0.352870456683512,0.319677035317485,0.402875337161435,-0.0156896374173832,0.891990774755825,0.800598789511376,0.971454391660716,0.2386719674585
1,"kin vs mage",0.172043010752688,48,177,41,13,838,225,103,102,0.501938682942559,0.0525335391775856,0.0918684554051365,0.777062011960481,0.32007132040761,0.412666833316769,0.62116777871638,0.415805535504329,0.961775563736214,0.927377819241366,1.00969267158783,0.13790311123258
1,"kin vs mid",0.319444444444444,115,216,27,2,757,331,146,142,0.533020713075316,0.156430528825429,0.157697065330003,0.705281553687648,0.496355506207999,0.499573458352756,0.823197149889429,0.798586939613423,0.993207619966459,1.27404377211683,1.30571413304021,0.0795778766535485
1,"kin vs pup",0.0807174887892377,18,139,11,55,894,157,75,84,0.247718022371791,0.0434979511540511,0.359891316559399,0.457714152081107,0.269396076154133,0.61168113523611,0.869572851294088,0.371308883172477,0.749489105738684,0.659561525222326,0.959328950740796,0.514503155283971
1,"kin vs you",0.428904428904429,184,166,46,33,688,350,256,263,0.838671828126285,0.114528401905155,0.104328625185119,0.971312499315321,0.410315534158762,0.388160513266762,0.869530159680003,0.826306483062458,0.976338904414847,1.51717642226868,1.77842927749316,0.377502124945886
1,"mage vs mid",0.171052631578947,65,298,17,0,737,363,83,90,0.823949821568134,0.0651977220883975,0.0404422569588729,0.976016255861628,0.362108146096579,0.310778391483041,0.656801145391624,0.763936516579978,0.980097286133478,1.45403427938245,1.4000146082275,0.105063654391954
1,"mage vs pup",0.29020979020979,83,143,31,29,831,226,147,143,0.497320807596868,0.0611762620657344,0.159905641269283,0.732227657480735,0.330460212537114,0.435682588240247,0.853809387914904,0.581181854445233,0.856927965295024,1.01512576500523,1.28591558397476,0.381817203646056
1,"mage vs you",0.262096774193548,130,287,73,6,621,417,210,208,1.13472955398838,0.121224299613129,0.0840938950396578,1.21193955823733,0.451370226556918,0.392864001996302,0.683394449038475,0.638320609057148,0.99299690084558,1.52457331301055,1.62052704333912,0.147704245672764
1,"mid vs pup",0.232044198895028,84,128,76,74,755,212,192,234,0.66684153955384,0.10080371555638,0.165862395089808,0.808140181027084,0.366409648750739,0.389948500266013,0.843180452594005,0.510274457841067,0.879386382492893,1.11695630770676,1.59951203452931,0.58882979617703
1,"mid vs you",0.206851119894598,157,498,85,19,358,655,262,261,1.49278327975218,0.340071343772072,0.154135888003317,1.33176152097779,0.653835202773012,0.482723349426971,0.815740973436153,0.74426224931093,0.985695542613134,1.72556514150752,2.07916905341251,0.393673017475954
1,"pup vs you",0.259375,249,635,76,0,157,884,326,342,2.43787379234391,0.279363353642259,0.457411201735124,1.56685858874495,0.542097204156962,0.669999474663694,0.755435154693363,0.816194630267474,0.958241376901237,3.76668789163028,3.19329627930339,0.665532957128473
