"constant","comparison","feature","coeff_padj","clr_padj","tss_padj","coeff_log10","clr_log10","tss_log10","coeff_est","clr_est","tss_est","coeff_se","clr_se","tss_se"
-1,"cent vs mage","7",0.000803576853860222,4.65688990748364e-13,2.08935801947431e-10,3.09497258111437,12.3319040290068,9.67998713562534,2.87987374707931,4.20634313928168,3.91548331110988,0.413271252965814,0.419465226913638,0.415167465068234
-1,"cent vs mage","24",0.000441319088104075,7.07622500702311e-12,1.27722326650068e-08,3.35524728787348,11.1501983660174,7.89373317874767,3.22324215606693,4.56477502946581,4.224385104289,0.494413817194731,0.481535260984487,0.494038593479142
-1,"cent vs mage","39",0.0401432047593157,3.11939535559642e-09,7.73271156915205e-07,1.39638795935902,8.50592957879442,6.11166818874369,2.31225829065404,3.61160254170243,3.34387947354827,0.417321603015479,0.423600707509866,0.418230910457281
-1,"cent vs mage","51",3.71335758208027e-07,0.0412099928762707,0.0423453809738719,6.43023322786868,1.38499746054934,1.3731939555095,-3.03816344177557,-1.79439540055807,-2.01836329519965,0.387838781672424,0.376075138394625,0.384890247280633
-1,"cent vs mage","57",2.02511225036723e-06,0.0370204560607339,0.0454360054552758,5.69355089918315,1.43155823540915,1.34259985698427,-3.21812647050804,-1.9419147408113,-2.2033991722199,0.452941395196655,0.422954344281914,0.451624506490287
-1,"cent vs mage","100",1.75106534703839e-06,0.0119508008901634,0.025480167968368,5.75669764641877,1.9226029892327,1.59379771340518,-3.87519038230822,-2.58848561609257,-2.86835121351972,0.566065232873639,0.556480791387377,0.563741909649415
-1,"cent vs mage","114",2.7126375440422e-13,4.41477180710124e-08,5.19920295378188e-06,12.5666082317225,7.35509173953328,5.28406322930864,-4.93233784321688,-3.7190406221749,-3.86030340739119,0.488443490154143,0.470817404041249,0.48286208320946
-1,"cent vs mage","132",0,5.57459121225401e-10,4.23768764303926e-08,15.7127165710593,9.2537869741581,7.37287105798479,-5.63036294113075,-4.29771913620894,-4.48370897002281,0.492567885679589,0.476318184467719,0.48221465001673
-1,"cent vs mage","143",0,8.96390962012994e-09,9.64784578395018e-08,15.7127165710593,8.04750253094964,7.01556964713124,-5.0482792990901,-3.80348250302159,-4.18070156221607,0.44283091310448,0.450135555884765,0.457241863144723
-1,"cent vs mage","146",4.6347288249084e-07,0.0403841342245597,0.0471311954964602,6.33397567107529,1.39378922330702,1.326691544095,-3.20831645122929,-1.89031942897201,-2.21468600774242,0.430388898755883,0.395172156255328,0.424247403537015
-1,"cent vs mage","148",1.20604088121859e-07,0.00323449568230493,0.0176457952006186,6.918637970648,2.49019342425835,1.75335876555796,-3.97522429025251,-2.6522888972318,-2.86525779751619,0.5070649262477,0.476844289707271,0.492784457017332
-1,"cent vs mage","169",1.37025873116164e-08,0.00212710542604848,0.0318876785196824,7.86319742196276,2.67221098456063,1.49637709702517,-3.62227522418065,-2.3531468339574,-2.58534332230638,0.436767499415348,0.413384476773612,0.439588618723804
-1,"cent vs mage","210",0,2.1249007053914e-08,2.02916790153126e-09,15.7127165710593,7.67266135931162,8.69268201620389,-5.61176323224503,-4.26725403735,-4.48468790684195,0.460776276086791,0.461426040064656,0.461700550598078
-1,"cent vs mage","219",1.93768612266609e-15,2.71051613051979e-08,3.24812871282311e-06,14.7127165710593,7.56694800385105,5.48836676940584,-5.15384535336341,-3.67205359691962,-3.99785841903237,0.471285245755564,0.4611478231711,0.458927441936582
-1,"cent vs mage","289",5.28723188880137e-08,0.0214560343947873,0.0333593216281767,7.27677164177602,1.6684505433024,1.47678278945321,-3.79056579764143,-2.3391878540597,-2.62201989090646,0.491771150202975,0.468223220528685,0.483188984791712
-1,"cent vs mage","353",3.26669274743438e-12,0.000684104886057495,2.65954513482402e-05,11.4858917116736,3.16487730771866,4.57519263492088,-4.50913472360563,-3.14215469770019,-3.49355615033653,0.45598188395701,0.451779605340604,0.450819864901386
-1,"cent vs mage","464",2.46591475244238e-05,0.0460081106642954,0.0406658061905768,4.60802194119682,1.33716560079124,1.39077061348683,-3.39415389649092,-2.05458908903209,-2.29003266738733,0.475215645287564,0.469412655519285,0.473031553809349
-1,"cent vs mage","531",7.11917892553127e-06,0.0444552141781795,0.042896968598644,5.14757009185097,1.35207729305138,1.367573397032,-3.26647756959819,-2.10863620886009,-2.36928825840674,0.466816764230952,0.451178202556723,0.4734794423257
-1,"cent vs mage","675",8.27785086477994e-10,0.000238293694984633,0.000549751091504162,9.0820824021907,3.62288744850376,3.25983389969566,-4.16023984432974,-2.87596418955989,-3.16636801636235,0.471952018745884,0.459550522298177,0.474868861736067
-1,"cent vs mage","770",1.28262664651147e-09,0.00706050016066467,0.0193901110081576,8.89189974187654,2.15116453275516,1.71241970458337,-3.33697214560827,-2.02413222711065,-2.33797541070561,0.350652584461256,0.325240329153554,0.355185240745968
-1,"cent vs mage","849",6.27867354711085e-07,0.0480579565335108,0.0439696216650731,6.20213209702989,1.31823469972204,1.35684727123447,-3.13413516036436,-1.79895243996433,-2.0931286207864,0.424133737786015,0.379215174836516,0.415537649978082
-1,"cent vs mage","917",6.74460403949787e-07,0.0112864896606273,0.0361211585147727,6.1710435416939,1.94744111193454,1.44223832899795,-3.63950499694093,-2.26517174910391,-2.62898249141907,0.505143857539085,0.465020588708201,0.503365971741154
-1,"cent vs mage","921",4.39208854470981e-15,8.08221412134288e-09,1.47007365344465e-06,14.3573289130727,8.09246964801786,5.8326609057394,-5.0938261198699,-3.7675033991234,-4.04594220578002,0.477209528240708,0.466722651071283,0.474373028274414
-1,"cent vs mage","1004",9.42672835655276e-08,0.0157382556126196,0.0226158384911798,7.02563900749903,1.80304340538204,1.64558730597944,-3.72873317962612,-2.38585261051976,-2.57023323971965,0.461594876410202,0.460983135889565,0.462821371411472
-1,"cent vs mage","1019",4.35006843707828e-12,8.51204236043221e-05,0.0136372168366535,11.361503910491,4.06996622376423,1.86527425400621,-3.91750152566776,-2.53590534910879,-2.82190444715031,0.394382631117097,0.383233636692456,0.39063622427903
-1,"cent vs mage","1058",6.51748950858041e-10,0.000863890254785475,0.0173286935605111,9.18591965925734,3.06354142507705,1.76123417824675,-3.9679659550143,-2.56090071196271,-2.85389774429823,0.454132297877553,0.459853321447016,0.457424384158311
-1,"cent vs mage","1079",7.27323760358683e-08,0.0374854173162536,0.0366860907356763,7.13827222457746,1.42613764989357,1.43549856413334,-3.31103295408572,-1.97213792346136,-2.28128201643789,0.417266534251692,0.396264079318574,0.424193786396562
-1,"cent vs mage","1087",0.0483910990547996,1.40620509496274e-07,6.40357791435643e-05,1.31523451411757,6.85195133286191,4.19357730191,2.57694845154806,3.92643710629748,3.63703952482886,0.496066323458257,0.481279027775238,0.503306470294595
-1,"cent vs mage","1098",0.00038866064893232,2.35394321990065e-13,5.53355431239376e-11,3.41042942853951,12.6282040171006,10.2569958230524,3.26197542002415,4.54756669962312,4.2859020579823,0.445242494560307,0.443931115460538,0.449651381019471
-1,"cent vs mage","1104",5.8177357538757e-06,0.00372638245952821,0.0282431605592815,5.23524600863723,2.42871257307411,1.54908670504759,-3.6231928686403,-2.38847253736976,-2.62704884233121,0.450186463395432,0.430468125933701,0.44888186745677
-1,"eld vs kin","3",0,1.55014889813287e-14,3.10029779626575e-14,29.3193298982712,13.8096265840673,13.5085965884034,-5.7895956960799,-4.64697747670695,-4.81326318450259,0.447711803055677,0.431762882255027,0.446705747211234
-1,"eld vs kin","4",0.0324342056118808,6.37450090850121e-12,4.73746272940331e-06,1.48899673447189,11.195553812646,5.32445419369472,1.43985970348585,2.58489735581511,2.41106263885401,0.220263238371587,0.227665522603241,0.220063299542856
-1,"eld vs kin","5",1.96916066017361e-11,4.71178865798304e-06,1.63689275299519e-06,10.7057188491334,5.32681419757795,5.78597977404449,-3.82648661063192,-2.67616252308646,-2.85482062336756,0.386380217646871,0.38525222083414,0.383237796492075
-1,"eld vs kin","7",1.48773181389722e-21,3.45989600977342e-28,5.67726387993216e-28,20.8274753498666,27.4609369541148,27.2458609192438,6.47764586934786,7.65637382831709,7.46230470991303,0.457917852959399,0.466974639764399,0.461947418458035
-1,"eld vs kin","10",8.50917524910787e-08,0.000352962083302459,0.000105465196539879,7.07011253182133,3.45227194587835,3.97689083367786,-3.7733201146496,-2.61160065054742,-2.8049474604777,0.471173890659529,0.481454968870832,0.47071804392686
-1,"eld vs kin","11",0.00140070010638644,3.78901581497409e-10,1.1386757740715e-06,2.85365483836385,9.42147358201937,5.94359991909627,2.1551964289806,3.28534845147379,3.09314916159709,0.354768870141857,0.349647485234955,0.346171413441776
-1,"eld vs kin","12",1.89688191552535e-07,0.00438326403304831,0.00162918379305464,6.72195970391996,2.35820236812262,2.7880299188794,-3.01869065131479,-1.8865529451963,-2.05213981498407,0.368158594256993,0.379598402953828,0.371022468125388
-1,"eld vs kin","14",0.00447015406650601,2.23092076878667e-11,1.4332073099926e-06,2.34967750839371,10.6515158534229,5.8436909854059,1.77145151527752,2.92288475059927,2.74421719645758,0.276372365753613,0.280347652159848,0.274996472439854
-1,"eld vs kin","16",0.000583454359526262,4.91018072092397e-14,7.39732152934459e-08,3.23399311079451,13.3089025232221,7.13092550399846,1.92891487625473,3.08885924274124,2.9112978404151,0.267319739783305,0.263417710360058,0.267611782490847
-1,"eld vs kin","21",1.42470199705845e-10,1.1701503812145e-21,2.29857059056336e-15,9.84627596693096,20.9317583215574,14.6385421542494,3.01159865999313,4.15191401836506,3.98889717557786,0.293913303573041,0.295122319991568,0.29332144121055
-1,"eld vs kin","25",0.0274455281684489,1.02250173105504e-06,0.000239766527468741,1.56152840713284,5.9903359480766,3.62021144655112,1.97113643759154,3.0972814239671,2.94255643792161,0.42252599549463,0.414088749032286,0.423249182494308
-1,"eld vs kin","31",0.0224134099563011,8.08936159872811e-07,0.000142402356489911,1.64949206526119,6.09208575095752,3.84648282388668,2.53945217517531,3.66763815753863,3.49348965200366,0.532865010362078,0.528191570118139,0.540314393413455
-1,"eld vs kin","33",2.33744929554842e-10,1.3985884167483e-06,1.21616465705622e-06,9.63125780116234,5.85431007295201,5.91500762176571,-4.26390972018183,-3.13258933770044,-3.30277567149375,0.458330313526266,0.454916209621664,0.459008841006566
-1,"eld vs kin","38",9.02719591791332e-07,0.0114199408521861,0.00716682349849983,6.0444471319121,1.94233614544531,2.14467329101971,-2.87059768084128,-1.7224881160336,-1.88189189234041,0.382087178259387,0.370697184088386,0.377874709829202
-1,"eld vs kin","57",1.29630126552618e-06,0.00353149451313241,0.00272727278941148,5.88729405498487,2.45204146417373,2.56427142054351,-3.46356942239568,-2.31705211451512,-2.47563229277216,0.480499747618048,0.44959187046552,0.481019711270946
-1,"eld vs kin","62",5.46960031684864e-07,0.0130625424699761,0.00597632718858556,6.26204440794976,1.88397228452984,2.22356563403277,-2.67283354043517,-1.52369649682641,-1.7101012951142,0.319170865544078,0.307262698986177,0.318215161593037
-1,"eld vs kin","65",4.11605690808861e-12,4.73151073222621e-06,2.75786235171104e-06,11.3855186293668,5.32500017048539,5.55942741378894,-3.74076592611847,-2.57291896145103,-2.72282906749124,0.365750081282835,0.38089771966113,0.36105346615526
-1,"eld vs kin","67",0,5.2007495532358e-12,1.58373545759242e-12,29.3193298982712,11.2839340595623,11.8003173599326,-6.44899660030686,-5.32102837496695,-5.45775416357403,0.568393654510545,0.558931738590385,0.559306654909629
-1,"eld vs kin","68",1.29157708016405e-05,0.0178134148612257,0.014146582426943,4.8888796704113,1.74925281758192,1.84934846560884,-2.70018336396271,-1.57063877453626,-1.75882526340095,0.38289085110841,0.358277927548897,0.388165962748397
-1,"eld vs kin","74",0.000591274120670678,9.76532484947383e-08,4.81542826808598e-06,3.22821112911163,7.0103133050656,5.31736508212296,2.77604068416829,3.891510011246,3.68409231983454,0.501212708421022,0.497631322227712,0.500408601549631
-1,"eld vs kin","79",9.65008288225523e-12,2.87488258175342e-08,9.96852768180401e-09,11.0154689565887,7.54137988841363,8.00136898079425,-4.83156676478755,-3.64118646329319,-3.84337204749665,0.487009999019537,0.470890514740724,0.483468458646205
-1,"eld vs kin","81",1.02032776851466e-05,0.045199529662177,0.0338006715582254,4.99126029373713,1.34486608435198,1.47107467099056,-2.48644187863822,-1.33681358556446,-1.47119272512099,0.311041710324252,0.308611075800442,0.307202073964457
-1,"eld vs kin","82",1.02506807499088e-08,0.000182032094602643,1.70581801910145e-06,7.98924729206074,3.73985203355347,5.76806730231013,-4.91779189563513,-3.69487467941362,-3.94424168650074,0.60858485415515,0.587313534841375,0.595222653528006
-1,"eld vs kin","83",1.88649402742565e-09,4.93202148383695e-06,7.97780431662655e-06,8.724344565422,5.30697504028971,5.09811662047686,-4.44820400100394,-3.30937371066527,-3.45452587345237,0.520509199562887,0.498864963981094,0.523905190669785
-1,"eld vs kin","84",9.32407851625634e-13,9.48160981853633e-08,4.60990865437509e-08,12.0303940780265,7.02311792047279,7.33630768009709,-4.78472878479046,-3.68890734141498,-3.77068535965015,0.484237583300706,0.456190007938614,0.477012042148569
-1,"eld vs kin","85",1.47909640394019e-05,0.00382270606514238,0.0024048256057434,4.83000351881256,2.41762909439383,2.61891641251654,-3.33528899017399,-2.16525451492756,-2.35549605605474,0.493698337954927,0.46849708157231,0.486322466084141
-1,"eld vs kin","87",1.02349957864376e-06,0.00152239711988377,0.000221821207148375,5.98991233179261,2.8174720463315,3.6539969356114,-3.86092811987094,-2.73816262492052,-2.91115322641053,0.533257953517779,0.520226387924037,0.525212783249686
-1,"eld vs kin","89",9.54979523276295e-09,8.48898040714656e-16,4.85508222347764e-14,8.0200059404827,15.0711444687833,13.3138034106787,3.83436412911417,5.02776704044917,4.85426340656118,0.438669903786447,0.45266569545016,0.441997793599151
-1,"eld vs kin","91",3.44135882055188e-11,6.48248122824431e-08,1.23676141616092e-07,10.463270042386,7.18825873217245,6.90771407210766,-5.30528310278763,-4.22672882826317,-4.33690957600359,0.582493380472935,0.566222524646093,0.574799817857213
-1,"eld vs kin","100",1.66474405621022e-07,0.000104589163613863,9.8491897309859e-06,6.77865252703443,3.98051330998592,5.0065994963893,-4.70704506799111,-3.55324553543857,-3.7642429328951,0.56562583613236,0.53686547182854,0.56388511981304
-1,"eld vs kin","102",3.74418041540046e-07,0.00232311026990657,0.000951940316816786,6.42664323271035,2.63393017527279,3.0213902794408,-3.88750739554029,-2.73381781549313,-2.91687248508408,0.536005357307008,0.520878987615949,0.553235048277499
-1,"eld vs kin","108",5.00496393778916e-05,0.0147827439520921,0.00395374904999103,4.30059904739058,1.83024494532914,2.40299089942872,-3.71261274522346,-2.61985645536164,-2.83311447589019,0.643858563559644,0.62845731887452,0.648753867437464
-1,"eld vs kin","110",0.000144693049522548,0.00494504410201693,0.00650099152149309,3.83955233015603,2.30582983082571,2.18702040036125,-3.42788827273709,-2.35959083404666,-2.51959187665114,0.530771828456968,0.49455042747135,0.534338002605487
-1,"eld vs kin","111",3.0455515179583e-11,1.37233433853078e-05,5.34133929371874e-07,10.5163340496593,4.8625400696132,6.27234983380589,-4.23052249207835,-3.11321484822756,-3.31750176437022,0.459284408089674,0.452117052512812,0.453342222872542
-1,"eld vs kin","115",4.93208358153568e-05,0.00338597722342332,0.00130516256628187,4.30696957224416,2.47031596760181,2.88433539082222,-3.71781322981508,-2.5196994261983,-2.70476826392473,0.570138341768222,0.550316836109779,0.565027133556627
-1,"eld vs kin","118",1.76663143260815e-07,0.00344262231905537,0.00105839446746553,6.75285404669045,2.46311061997532,2.97535243899768,-3.21599456470685,-2.05922274476325,-2.28438323377861,0.385875927741885,0.39584030809258,0.394581515103608
-1,"eld vs kin","121",5.26046337914101e-07,6.92227470177934e-11,6.43913820269142e-10,6.27897599840515,10.1597511702687,9.19117225358125,3.57228667187918,4.72249170566659,4.59258976603704,0.501676426771257,0.492545722064637,0.502857070377016
-1,"eld vs kin","126",0.0001264570087586,0.0295293970613755,0.0122323828522817,3.89805709529679,1.52974542047789,1.91248893472202,-3.11367407392031,-2.0091050861595,-2.20498900627432,0.53591310527315,0.492754392638259,0.525797308008266
-1,"eld vs kin","128",5.10929345887169e-05,0.0076594704722983,0.00580516723024233,4.29163915233662,2.11580125372354,2.23618526496497,-3.59333296667723,-2.49575606525458,-2.7552557582575,0.580006765162304,0.543515937226333,0.583175578810551
-1,"eld vs kin","130",1.32739613556911e-06,0.000105294484333241,3.4100175942951e-05,5.87699945104794,3.97759437797288,4.46724338021995,-4.30338668278239,-3.18231804364871,-3.34758177945242,0.59812949035563,0.575088797070354,0.58879308026331
-1,"eld vs kin","133",8.8292216085626e-06,0.00215170371893863,0.000782258803302424,5.05407758249344,2.66721752951519,3.10664954073638,-3.54527175383297,-2.40209798426131,-2.61661716598232,0.505946881543082,0.463646672782905,0.499581363015169
-1,"eld vs kin","138",0.00023588725609073,2.13768582296441e-10,1.48531936266841e-07,3.6272955214246,9.67005612297155,6.82818015743587,2.83857372239584,4.00368647152136,3.82100677978911,0.434888792711357,0.434274423085027,0.434364062575378
-1,"eld vs kin","139",2.04209667857976e-11,6.63019512617635e-07,6.86310544052502e-06,10.6899237010445,6.17847369015108,5.16347932882513,-5.02621880421504,-3.8214540643381,-3.96381209560454,0.537430631657999,0.524508929137918,0.528690922102581
-1,"eld vs kin","145",0.000109109346120245,0.033309599214347,0.0318446412186669,3.96213804689468,1.47743059276799,1.49696363977976,-3.34604230289388,-2.27910454988015,-2.54713267302889,0.540128371709699,0.518675015405375,0.54301598180118
-1,"eld vs kin","147",7.5997868002934e-06,0.00507053227655419,0.00105145451469147,5.11919859097643,2.29494644843063,2.97820950989708,-3.8400701130607,-2.68639035104023,-2.78779333001277,0.55884267554451,0.562798367955765,0.55846112640776
-1,"eld vs kin","150",2.58484057173286e-05,0.026474985207651,0.0402401258055256,4.58756623823808,1.57716427387345,1.39534067018473,-2.82809015180594,-1.69683489864098,-1.8168686093763,0.404676355477734,0.414589543853941,0.408039937065396
-1,"eld vs kin","151",4.03019990775424e-08,3.7232751933853e-16,3.75931974534685e-12,7.39467341125807,15.4290748631768,11.4248907342133,4.37492175838798,5.46584102687505,5.35755483530076,0.48020402633951,0.479033996029381,0.488875766018164
-1,"eld vs kin","162",0.000108872337569382,0.0160308727006353,0.00951727146232829,3.96308245235685,1.79504283455455,2.02148754307586,-3.73880754206808,-2.56160834991368,-2.7271309065877,0.597947753184721,0.59994928650262,0.602784369220494
-1,"eld vs kin","163",2.34228071220477e-06,0.00396151784877729,0.00853470269650664,5.63036105783072,2.40213838300181,2.06881160278773,-3.84953596242817,-2.71148047792109,-2.94395187892966,0.576095934442465,0.565953237852431,0.582442720052301
-1,"eld vs kin","164",0.0265611407886278,2.09675054347881e-06,0.00012277674425066,1.57575327615769,5.67845323574114,3.91088388726717,2.15796357951627,3.33219958558945,3.09949309283666,0.461940235308268,0.468281149626896,0.458416715954763
-1,"eld vs kin","169",3.63036492222417e-09,1.70883457261741e-05,2.5506737782168e-06,8.4400497177345,4.76729997804978,5.59334508250345,-4.45747089118393,-3.32148015991709,-3.53692782471547,0.523501209477972,0.508630570428677,0.522655749031822
-1,"eld vs kin","172",3.46588932984418e-06,0.000151527896330219,0.000160687802518017,5.46018530896352,3.81950740605935,3.79401708839015,-3.77105787740189,-2.66448647796531,-2.82732926617253,0.460866891195233,0.447553641591412,0.464422749180738
-1,"eld vs kin","181",1.76418348457609e-05,0.000766022140363349,0.00192191916845488,4.75345624789192,3.11575867775817,2.71626488172065,-3.59884863553095,-2.49779626870538,-2.66311294060384,0.500324203926483,0.461705497467887,0.497691107914694
-1,"eld vs kin","200",1.59103035894073e-05,0.0277564019384898,0.0174586670691667,4.79832153336747,1.5566368321486,1.7579889167933,-3.21922003063797,-2.09645855373573,-2.26328958685123,0.542336057894203,0.510158543202049,0.532278869406926
-1,"eld vs kin","203",1.79182097926049e-05,0.00754740484235484,0.0235407509773779,4.74670538284525,2.12220235385316,1.62817968677173,-3.17332630578225,-2.04233614967519,-2.21322078354978,0.437679208228385,0.424336628848075,0.443055925907231
-1,"eld vs kin","207",0.0190972970616254,7.53040269623083e-08,1.90892210403452e-07,1.71902809632762,7.12318179882258,6.71921179317689,2.5645051210826,3.66766953345035,3.63986663447487,0.470492475551481,0.451030587121951,0.465046475968547
-1,"eld vs kin","216",2.55889303164006e-05,0.00469048996993283,0.00659324058758263,4.59194786836816,2.32878178838862,2.18090107654612,-3.36814039989829,-2.30290163184916,-2.37542043599836,0.520885886450453,0.509693599588072,0.5183792078667
-1,"eld vs kin","222",0.0414231049262963,1.92054265766174e-06,0.000650095855302682,1.38275735107708,5.71657604216641,3.18702260280364,2.26239739324412,3.42150809911123,3.21358254917732,0.508706252430136,0.503875687228391,0.503939998861484
-1,"eld vs kin","251",0.000173573756696424,0.00501909759830219,0.00618767120919796,3.76051593689852,2.29937435921096,2.208472771221,-3.85596795126493,-2.70064245852415,-2.80286178267345,0.588087118190501,0.574218980240496,0.591650252687636
-1,"eld vs kin","252",1.40193721323989e-05,0.00256196515248779,0.00276673780507824,4.8532714361226,2.59142678176744,2.5580319956126,-3.42304580631876,-2.32833860594814,-2.52021474601519,0.467164695402589,0.463089284351491,0.48071257220245
-1,"eld vs kin","267",3.9970995808995e-05,0.000939425397306857,0.000808428685675847,4.39825503190091,3.0271377028699,3.09235828470436,-4.20568719512607,-3.1988922958552,-3.31666720610163,0.614979122929104,0.599847242841302,0.615304410233087
-1,"eld vs kin","282",1.20734031054118e-07,0.00307037541796324,0.000479911546366443,6.91817029895081,2.51280851964275,3.31883880109298,-4.05196557797103,-2.74114693489352,-2.98153137063127,0.474507451885781,0.478185639573842,0.48563496084227
-1,"eld vs kin","344",0.030505139922734,1.09331083740801e-06,0.00248592457255612,1.51562697862006,5.96125634694403,2.60451205277387,2.03981468355806,3.2038927357688,2.92076110194332,0.425456697747218,0.415326229147445,0.414019862505512
-1,"eld vs kin","349",7.4903319756536e-05,0.039558141727664,0.0140518994426167,4.12549893370247,1.40276411789328,1.85226496674173,-3.17731888823836,-2.21467967001745,-2.29130543029357,0.497327023281429,0.49851171339139,0.483363675312009
-1,"eld vs kin","363",8.87228386801408e-05,0.0146469288033126,0.00734048088625606,4.05196457141932,1.83425342948064,2.13427548784873,-3.35791742519736,-2.23012091595,-2.35253429322084,0.477659087698511,0.469655345590386,0.485661132151955
-1,"eld vs kin","473",6.04051373171424e-05,0.00522689088968801,0.00188639543945051,4.21892612406747,2.28175656561891,2.72436726219803,-3.72271593700811,-2.54223899599943,-2.7123786005767,0.538276202952365,0.529924055748385,0.533773228587587
-1,"eld vs kin","614",1.1775045835939e-06,0.000236361744176019,0.000104146251279298,5.92903739364648,3.62642281390634,3.98235635776631,-3.9388256694461,-2.75447075918166,-2.96813980137674,0.501872175034978,0.499473003412781,0.508931490771925
-1,"eld vs kin","616",1.10921912328857e-07,7.12146368963391e-05,0.000109202868751495,6.95498265165538,4.14743073571691,3.96176595259667,-3.63903501678996,-2.54756031120649,-2.72398696332231,0.431577659374308,0.414606338064097,0.431593209381488
-1,"eld vs kin","666",0,1.02895802937125e-08,1.66357458480001e-10,29.3193298982712,7.98760233950794,9.77895772317452,-4.89363821310337,-3.74275771781351,-3.91259679124171,0.420406669134337,0.413946456393776,0.414059210658026
-1,"eld vs kin","728",5.81387890602958e-07,1.41209420479502e-13,1.40682879588499e-09,6.23553401814365,12.8501363293055,8.85175875084275,3.07751925318727,4.21656667318226,4.02402829779915,0.385212149160972,0.390877198874508,0.379108697907478
-1,"eld vs kin","744",1.01290094794341e-09,2.01906841796545e-06,2.36456356491838e-07,8.99443302242343,5.69484896434441,6.62624900665501,-4.59888446737306,-3.55130602035752,-3.72664805322593,0.523981393177274,0.521629188945757,0.519330273945641
-1,"eld vs kin","757",4.45029362330628e-05,0.00867894805412095,0.0151232371067012,4.35161133401349,2.06153291099589,1.82035523878812,-3.02363797699958,-1.87107617817643,-2.03495370553565,0.446628200585303,0.437391696061481,0.444079288037735
-1,"eld vs kin","770",1.68821787795788e-07,0.000139164646739343,0.00030196490305381,6.77257150493274,3.85647107849039,3.52004353153235,-3.67363909045397,-2.51216299339674,-2.67626576948354,0.443566029918003,0.42223243660879,0.439428093623255
-1,"eld vs kin","786",5.99239848364826e-12,2.3407525989114e-07,2.23833932288524e-06,11.2223993145517,6.6306444857504,5.6500740755887,-4.79252640131335,-3.74291114237729,-3.80258436449893,0.498212184411476,0.493546534220341,0.495120512163558
-1,"eld vs kin","849",7.41519377553411e-10,1.13183360217057e-05,9.11707171305474e-06,9.1298774954049,4.94621741676168,5.0401446291138,-3.83608304387801,-2.6576801658236,-2.86380424312889,0.435039686940534,0.402681757633864,0.436139062793029
-1,"eld vs kin","875",0.000371459065388648,0.0450289691609416,0.0154235487606109,3.43008903831078,1.34650799513876,1.81181568920132,-3.47680472503948,-2.2632635611198,-2.41975736724776,0.565555912454559,0.540575618816385,0.569030616204858
-1,"eld vs kin","879",1.48222399493339e-07,0.000158050991387108,0.00020806212139494,6.8290861604507,3.80120277567002,3.68180697777255,-3.66165259986143,-2.45950605168892,-2.66500117244517,0.413540146902985,0.409733865244961,0.417106233781818
-1,"eld vs kin","886",7.34647309769395e-06,6.73367516942124e-10,5.82244255494602e-08,5.13392110742252,9.17174783768516,7.23489478758384,3.54174268591962,4.67586695913314,4.52586863556557,0.52241765216903,0.513860520240872,0.525452525176387
-1,"eld vs kin","891",3.47286187307174e-07,0.000122091332345445,0.000152944482340532,6.45931248963933,3.91331516691639,3.81546618610188,-4.36700157579313,-3.28167365180437,-3.39790735441505,0.571464503845915,0.560331163812781,0.570539911987394
-1,"eld vs kin","895",1.54421223740848e-08,9.5121052287179e-05,5.91700742557542e-05,7.81129301021733,4.02172335393197,4.22789788570281,-4.15165022968246,-2.95876812461195,-3.24826105541429,0.500084928214664,0.505437518058318,0.508886683762937
-1,"eld vs kin","914",3.16823325121154e-07,0.000982871167617354,0.000348669655233577,6.49918285233979,3.00750340471078,3.45758584768586,-3.88850515022632,-2.8242196347724,-2.87462881595105,0.549215412259081,0.552337991653355,0.558821570919847
-1,"eld vs kin","917",0.000665994402164782,0.0232082679117772,0.0179185518764716,3.17652942115877,1.63435727076456,1.74669709163094,-3.19008452018302,-2.0743973025912,-2.26208343005023,0.530461477342601,0.504049032253137,0.539019927757231
-1,"eld vs kin","935",0.000102496422579102,0.0351920639967252,0.00553714997013878,3.98929129247426,1.45355526126649,2.25671371374259,-3.48601935595815,-2.42193027172927,-2.54973572475968,0.535944633558135,0.538213950519067,0.55031161249003
-1,"eld vs kin","947",7.98053026644858e-05,1.49019386365012e-11,8.04858879534182e-07,4.09796825098743,10.8267572292812,6.09428026026846,3.10997071612359,4.24249350574709,4.11494656480973,0.424739859279557,0.428616010405131,0.431317373591781
-1,"eld vs kin","965",9.29324358418592e-06,0.0105430783070158,0.00222853375854094,5.03183267945592,1.97703256781772,2.65198078269649,-3.71747864506917,-2.62139293586379,-2.8912255825715,0.59783531037656,0.592842658093709,0.59069895979631
-1,"eld vs kin","978",3.65640634534479e-17,2.43081962232172e-26,2.00136872563356e-23,16.4369455460524,25.6142472665523,22.6986728909961,5.06901777361713,6.15148159738798,6.0951848391496,0.414935560707297,0.407093480213951,0.411050916516409
-1,"eld vs kin","984",5.94995739510572e-09,8.83131856826409e-18,2.72892630094169e-15,8.22548614404233,17.0539744488382,14.564008192995,3.84868286537891,4.97125387590054,4.68338597899376,0.4142265417957,0.418117670626738,0.412368722217103
-1,"eld vs kin","988",0.0495857768155898,0.000189776156222931,0.00166592420225819,1.30464287867779,3.72175835392825,2.77834476240695,2.0998533210901,3.27283991656332,3.13621562700556,0.528962277081457,0.547088243355925,0.534153613113882
-1,"eld vs kin","991",1.15611112489521e-09,4.3816880767967e-06,6.59789101957557e-06,8.93700041971366,5.35835854219011,5.18059486217471,-4.83337531674254,-3.66846307994539,-3.85446170321991,0.566774354705974,0.55465088844227,0.563088186645612
-1,"eld vs kin","1000",0.000110116063539691,0.0303782131620031,0.0345646044173487,3.95814932228368,1.51743777480187,1.46136840913727,-3.27583993206819,-2.17710641549372,-2.26747388059253,0.56085878245264,0.564776249848196,0.570888658812062
-1,"eld vs kin","1014",7.55697587839776e-14,2.87501101914766e-08,6.4884732651336e-08,13.1216519640328,7.54136048643666,7.18785748047693,-5.34079307986845,-4.18467080959818,-4.31087550401319,0.515418887575393,0.508043708604842,0.520435116146297
-1,"eld vs kin","1021",2.39872681379396e-09,1.02678045973216e-06,3.82519789310065e-07,8.62001921014704,5.98852240481482,6.41734609210292,-4.85302339050668,-3.75474306812483,-3.94251953649368,0.552152106058597,0.552317289860145,0.553702435466831
-1,"eld vs kin","1030",0.000279740317467476,1.9223376965478e-11,1.31166373265185e-08,3.55324493658949,10.7161703175703,7.88217748948166,3.01566179087281,4.36772604762227,4.04977095880646,0.430003770367584,0.439008403868337,0.438605689705119
-1,"eld vs kin","1047",1.13633397007332e-08,0.00236839953931957,0.00171354930234436,7.94449401013561,2.6255450320652,2.7661033955072,-2.75698088824074,-1.61375099559957,-1.7890605096689,0.290564379354548,0.272614962881049,0.291477548875638
-1,"eld vs kin","1074",4.06817243787742e-11,3.92406352417553e-18,7.22555992999898e-12,10.390600646892,17.4062639707173,11.1411284925041,3.98245845711888,5.04664294329316,4.96209861193556,0.39668430240887,0.389965100473309,0.398327840207929
-1,"eld vs kin","1076",2.68617431679942e-07,4.79219726854139e-12,1.94808498974404e-13,6.57086580761383,11.3194653127232,12.710392099936,3.54038788269033,4.62905922976933,4.42878870579584,0.42775431208306,0.431007167865898,0.417359026772824
-1,"eld vs kin","1079",7.91710492945886e-06,0.00549208074348566,0.0012260118280244,5.10143359909427,2.26026308647671,2.91150533991471,-3.43329894552903,-2.2783319047214,-2.47228890331837,0.496352903817475,0.476392065189843,0.503255403045929
-1,"eld vs kin","1089",0.00191178221010715,2.61831250697391e-12,2.10707196372211e-07,2.71856158399299,11.5819785197583,6.67632063149503,1.92544665525046,3.0626457338321,2.9094213816939,0.289311587280298,0.28034903464663,0.289109155577872
-1,"eld vs kin","1098",2.28864586351847e-20,4.79369172443276e-29,2.37678931428709e-25,19.6404214032269,28.3193298982712,24.6240093137274,5.94991463596502,7.05120049105118,6.8889505490135,0.453010590192785,0.441245885448457,0.450548473017485
-1,"eld vs kin","1101",0.000108868503078858,0.0199773110104134,0.00921051647995832,3.96309774850498,1.69946296915963,2.03571601604562,-3.73929448412355,-2.50642521252644,-2.80660157021963,0.577665490161959,0.569562922158735,0.589730517166616
-1,"eld vs kin","1104",1.73023843201465e-06,8.33302568584185e-05,0.000164829255580518,5.76189404567281,4.07919727949654,3.78296570277505,-3.8804094312291,-2.75525263086842,-2.90813771117242,0.472733021984385,0.461960019025733,0.468100427018599
-1,"eld vs kin","1105",6.4408686717421e-13,1.97629378049407e-10,2.2112580610824e-10,12.1910555559472,9.70414849610268,9.65536057087036,-5.69961700127376,-4.44382127182595,-4.68466264162946,0.515431823712781,0.503287152257003,0.514184822704088
-1,"eld vs kin","1112",3.84356359404024e-09,3.3641150095615e-05,2.05312705745057e-06,8.41526592887538,4.47312916532236,5.68758417355088,-4.64394826185911,-3.5105082552765,-3.69974125166836,0.529530824950561,0.542021001818926,0.535512558651067
-0.9,"cent vs mage","7",0.00278042864428444,4.28667422606096e-10,1.58021426529969e-09,2.55588824598941,9.36787952026824,8.80128402195171,2.74681871547875,3.99743784845176,3.78112947687567,0.415172241078842,0.417405061724248,0.416007846544718
-0.9,"cent vs mage","22",5.73984534138823e-08,0.0391455735438762,0.0124364159821971,7.24109980939411,1.40731733945926,1.90530475979133,-3.02343178605683,-1.76086903610892,-2.0016657440756,0.322709481814058,0.327137378946204,0.322568869158779
-0.9,"cent vs mage","24",0.00266087639333261,2.01382408923581e-09,1.18761533531263e-08,2.57497529942095,8.69597846844516,7.92532420312832,3.02616176867057,4.34817837554722,4.08307063809179,0.491501522779971,0.48389771832151,0.494874272360037
-0.9,"cent vs mage","51",3.42391055325885e-07,0.0353209318930319,0.0136714825559536,6.46547758941939,1.45196784669519,1.86418438733725,-3.19541941080512,-1.93743060639217,-2.15590362619765,0.385119093608343,0.367592917257274,0.383374006911199
-0.9,"cent vs mage","57",5.38813796472625e-06,0.0332138137638502,0.0115353979999099,5.2685612925793,1.47868125383552,1.93796741664503,-3.41532613371784,-2.11982882529675,-2.35689078564944,0.461011927108139,0.423695662186201,0.455786328940786
-0.9,"cent vs mage","100",1.16258430164022e-06,0.00591990532974184,0.00343856958239858,5.93457554561243,2.22768523839523,2.46362218291248,-4.11085311418916,-2.77830592741751,-3.05034227831167,0.566458524486482,0.559367432420033,0.562459655831809
-0.9,"cent vs mage","114",1.07993706569924e-13,6.9061236078075e-08,2.55339843973578e-08,12.9666015526759,7.16076565278814,7.59288141133086,-5.02714822186914,-3.7904542152602,-4.06861341309284,0.489450160005602,0.461946333130396,0.489568494871196
-0.9,"cent vs mage","132",7.75074449066437e-15,2.01038571746743e-07,3.62127765100861e-09,14.1106565797313,6.69672060979506,8.44113817563088,-5.76747287383899,-4.30246833996767,-4.63615447397998,0.494319535097751,0.482611930685638,0.486125977463828
-0.9,"cent vs mage","143",8.37080404991753e-14,9.14842840349604e-08,4.80293714883078e-07,13.0772328242444,7.03865350640481,6.31849309649545,-5.1891428633088,-3.99700714217813,-4.14055699950631,0.444670928637254,0.454454424545902,0.448803021329397
-0.9,"cent vs mage","146",1.73258063545893e-06,0.0173709094425047,0.00822599572414978,5.7613065438908,1.76017744375658,2.08481152057188,-3.38095973873047,-2.0685395321942,-2.42486558893566,0.423560930468573,0.400062600898631,0.438244622474822
-0.9,"cent vs mage","148",7.35657475213319e-08,0.00374539290672877,0.00127985280018707,7.13332434768724,2.42650261634272,2.89283997702606,-3.94939144008135,-2.69370113285112,-3.02929423883811,0.493410199014353,0.471732987192345,0.494836251132239
-0.9,"cent vs mage","169",6.89892757329193e-09,0.00277631075384699,0.000658670097512142,8.16121841436414,2.55653192469856,3.18133205233236,-3.75202791471502,-2.57722398416357,-2.73760362124636,0.44219096821977,0.419588893037416,0.437339638037177
-0.9,"cent vs mage","173",1.35899088003212e-05,0.0347247163770169,0.0287677122389858,4.86678345773772,1.45936129278688,1.54109467413644,-3.4823237059917,-2.20229270618033,-2.44559543263013,0.498332539203008,0.495994376145582,0.504243951802966
-0.9,"cent vs mage","210",3.10029779626575e-14,3.88137907231245e-11,4.35491080696959e-10,13.5085965884034,10.4110139401061,9.3610207353607,-5.80661150505101,-4.52705057057401,-4.76015085071298,0.468158842002632,0.456655091028574,0.468517659510891
-0.9,"cent vs mage","219",1.71288097943037e-13,4.5569778526625e-06,4.08070626016962e-10,12.7662728132005,5.34132308212412,9.3892646657459,-5.32817483592863,-3.93674986249012,-4.3290937496885,0.478145011282342,0.465406604648277,0.477319653240558
-0.9,"cent vs mage","274",0.00010556160933953,0.038891351470144,0.0362579009837407,3.97649399736493,1.41014696490531,1.44059734137578,-3.2841338405957,-2.14293362527514,-2.38179063288326,0.495683429435716,0.484892358918909,0.511149599342939
-0.9,"cent vs mage","287",1.71069195301635e-06,0.0413393122041742,0.00802345229062284,5.76682818750724,1.38363675335984,2.09563872546107,-3.34374625680004,-2.08976872846852,-2.2904051732795,0.447351589935136,0.427748373094912,0.451300603940943
-0.9,"cent vs mage","289",1.90903440850828e-08,0.000621512284551669,0.00689480919836461,7.71918624379565,3.20655028285455,2.16147774765259,-3.88598323484399,-2.74856747701944,-2.84280413189687,0.489677136817508,0.473509560445165,0.48722589895586
-0.9,"cent vs mage","353",3.7837283036684e-11,5.33973088137156e-05,2.59586520078584e-07,10.4220800563225,4.27248063055206,6.58571786351838,-4.61968985440387,-3.35553090316032,-3.6677472941205,0.453239492309404,0.440429725240352,0.456601453997426
-0.9,"cent vs mage","363",5.01082583388359e-06,0.0165318920250396,0.0406477445653794,5.30009069218824,1.78167743989424,1.39096354724052,-3.40531863853956,-2.03326815905703,-2.43584972788452,0.440669826182874,0.422294793839316,0.470894082350877
-0.9,"cent vs mage","372",1.149875262858e-06,0.0376399741713309,0.0337598639742783,5.93934926885565,1.42435068325892,1.47159931190833,-3.41941795147815,-2.2574683455135,-2.30012012217929,0.474484606896864,0.477311269030368,0.468058569284475
-0.9,"cent vs mage","401",2.07366059682595e-05,0.047467301925851,0.0333306836290725,4.68326232460454,1.3236054531777,1.47715577865003,-3.34610745657794,-2.13559256188061,-2.29367164578175,0.436384260765021,0.440489501316709,0.439227912333913
-0.9,"cent vs mage","453",1.40184950156894e-05,0.0235800610023559,0.010005459581634,4.85329860844246,1.62745507570606,1.99976295808388,-3.40998562157747,-2.20371928749003,-2.4372950244728,0.43701598550499,0.453879789317937,0.455038693140935
-0.9,"cent vs mage","464",2.19250325003706e-05,0.0386566481074316,0.0175972290060411,4.65905975418901,1.41277580606423,1.75455571412512,-3.41973283894967,-2.22421736259756,-2.49052865420157,0.467939494568127,0.476438979732922,0.470121118003417
-0.9,"cent vs mage","488",5.41694948299308e-06,0.0454858967287671,0.0122268567617116,5.26624521450688,1.34212323899836,1.91268517554715,-3.32603773449119,-1.99979681374197,-2.33430976724229,0.45437719177852,0.455896685367979,0.454374302967688
-0.9,"cent vs mage","528",1.06043361733395e-05,0.0379669204979374,0.0158668514980607,4.97451651293516,1.42059462711593,1.79950924291596,-3.37501233211643,-2.08291439361524,-2.42705407976145,0.430926288379412,0.412410002011301,0.436281478348194
-0.9,"cent vs mage","531",5.17851653081871e-07,0.0388349807947377,0.00637348061565512,6.28579463306372,1.41077690528327,2.19562333071882,-3.57928409270531,-2.23541961661423,-2.5288104653591,0.483100920142589,0.453453107736308,0.473209896795316
-0.9,"cent vs mage","546",2.88861002684332e-07,0.021521936519985,0.0124943639241279,6.5393110855777,1.66711865391153,1.90328584848294,-3.60897475958365,-2.2214516155704,-2.50069573151136,0.445767899157757,0.432644192993487,0.425566146034561
-0.9,"cent vs mage","675",1.79847183626155e-09,0.000124836401359327,5.95739877586517e-05,8.745096358764,3.90365875916974,4.22494332816013,-4.20675156824871,-3.00700847575817,-3.32000837646267,0.45784469946514,0.458631962821109,0.471618869877717
-0.9,"cent vs mage","737",2.19781502921163e-06,0.0356924059142374,0.0267925042013344,5.65800886112682,1.44742417661535,1.57198669251369,-3.40089623814655,-2.17542213544048,-2.38308933691596,0.470338993054147,0.461668443080288,0.47117762980964
-0.9,"cent vs mage","769",6.27469119043512e-06,0.0180096812729438,0.0070357238890984,5.20240764316806,1.74449397305646,2.15269121239165,-3.50195937933975,-2.22780289880098,-2.47406067602655,0.456547170591386,0.441985505070436,0.462123565649301
-0.9,"cent vs mage","770",6.8324840867659e-09,0.00279146788965144,0.000720567016302435,8.16542137113004,2.55416736348878,3.14232562143312,-3.45372972291508,-2.24453021113276,-2.43990961219376,0.351608197337523,0.336320706347599,0.349204336127958
-0.9,"cent vs mage","816",1.35294965267764e-06,0.0488626086958431,0.0221428154746749,5.86871836450446,1.31102335046192,1.65476715909526,-3.14066326583962,-1.86581272446544,-2.07732385346922,0.411695616290425,0.393245654891814,0.408084251566392
-0.9,"cent vs mage","819",4.27820721217664e-06,0.0375632468113904,0.00931119285984556,5.36873818448503,1.42523687616821,2.03099467785182,-3.40479272322486,-2.0968556352322,-2.49431479332178,0.452664445341812,0.434195130211969,0.453252502358632
-0.9,"cent vs mage","837",2.57892611044683e-05,0.0327809388937311,0.0242969971949797,4.58856110077983,1.48437861176225,1.61444739645241,-3.2749983021197,-1.94735430547402,-2.23072395157137,0.459607382236628,0.439639634848112,0.449800522409961
-0.9,"cent vs mage","849",1.30358789881891e-05,0.0322307560502869,0.0118814875317582,4.8848596797354,1.49172950694139,1.9251291833959,-3.24338187852114,-1.96771639922806,-2.2308221485284,0.420658412242144,0.373589183504532,0.416022250946565
-0.9,"cent vs mage","859",0.00175370458418177,0.0407909333995194,0.0470146242994249,2.7560435627745,1.38943635681522,1.3277670300508,-3.08408137236414,-1.97811263320076,-2.16329189068222,0.457155883976076,0.456418571473393,0.462692272742496
-0.9,"cent vs mage","884",8.88131706965715e-07,0.039604041866344,0.0280769434043629,6.05152262502436,1.40226048905748,1.55165017342518,-3.17786998002334,-1.87304480356229,-2.1068626788346,0.401734505662845,0.39095924748719,0.393657454150942
-0.9,"cent vs mage","912",6.64104355920773e-06,0.00510200215534956,0.0169239635790967,5.17776367117487,2.29225936225774,1.77149791795516,-3.53470570948504,-2.36586652345525,-2.46708482294141,0.472971895058714,0.460346437950802,0.459882366355718
-0.9,"cent vs mage","917",1.58894586519164e-06,0.0106645275514636,0.00419800334219966,5.79889089879579,1.97205837943979,2.37695721999414,-3.73156699945952,-2.44195132259143,-2.77484643646664,0.49251052004657,0.471259339104642,0.499886814984155
-0.9,"cent vs mage","921",7.75074449066437e-15,2.84589811455395e-07,7.56467249685607e-09,14.1106565797313,6.54578065206588,8.1212098694765,-5.16759371036955,-4.00870994037162,-4.20708258018207,0.469941639599904,0.475129903791091,0.475119171524225
-0.9,"cent vs mage","925",0.000185894061601326,0.045599926361438,0.0492859790530377,3.73073448357382,1.34103585866993,1.30727661187794,-3.0974244124397,-1.90141923485647,-2.10835448299578,0.431270466287597,0.431414888331598,0.420057421800266
-0.9,"cent vs mage","966",5.10347003063548e-06,0.0324484796050785,0.00853908747658005,5.29213443121495,1.48880564754139,2.0685885373977,-3.76443416505882,-2.40610821274673,-2.81116646802502,0.523218253699848,0.513475402516354,0.531834583170624
-0.9,"cent vs mage","1004",2.44664582266201e-06,0.0285391064783208,0.0078161924902828,5.61142889472516,1.54455962819437,2.10700475373679,-3.64548518704946,-2.4533292579788,-2.7154935818666,0.460632544331759,0.454166274684671,0.466686028239358
-0.9,"cent vs mage","1019",1.77235927553622e-12,0.00011637256126388,2.97026565971753e-05,11.7514482375465,3.93414940711253,4.52720470577043,-4.04040577294281,-2.72866875228818,-3.01218296086457,0.393436421816315,0.388047488262373,0.397410877197704
-0.9,"cent vs mage","1040",7.53893262072137e-07,0.0450765126671147,0.0484187494476694,6.12269013818128,1.34604969040793,1.31498643164336,-3.24788061867437,-1.90421966352541,-2.19672450820745,0.443173886648269,0.451396267472566,0.446463005200039
-0.9,"cent vs mage","1058",2.23257981896602e-08,0.00462716199984609,0.000282710038241144,7.65119300530982,2.33468529531151,3.54865877065679,-4.07697430509794,-2.79594870350879,-2.95044701322604,0.466530304246427,0.467474114251816,0.447529061455934
-0.9,"cent vs mage","1079",1.00684299927995e-07,0.011271657848353,0.00412223918248615,6.99703824529765,1.94801220272584,2.38486681298857,-3.42191541024568,-2.14930698375997,-2.46641379808126,0.413693989474763,0.395932340411473,0.43228259157217
-0.9,"cent vs mage","1098",0.000922094261425664,1.31048241796296e-10,3.95159755513618e-09,3.03522468076357,9.88256880137353,8.40322729193952,3.10110401244936,4.3788460225917,4.15773713681394,0.438674578546039,0.442304836218383,0.442068664591212
-0.9,"cent vs mage","1104",2.58544223672994e-08,0.00496011944061343,0.00251471422840864,7.58746516067655,2.30450786549069,2.5995113609368,-3.74654982486792,-2.50841258908693,-2.83118004798352,0.437020841338951,0.435967103189265,0.463781234498965
-0.9,"eld vs kin","3",0,0,6.66564026197136e-13,29.2063311433456,29.2063311433456,12.1761581284878,-5.67362604175409,-4.78862786341788,-4.81791634767364,0.446904727961331,0.432031680971826,0.446770198059898
-0.9,"eld vs kin","4",0.0326312269247784,8.05940842147109e-08,9.42739700822957e-11,1.4863665965571,7.09369683520728,10.0256082034465,1.54972928287763,2.43296399079264,2.40266802720416,0.219692925155357,0.227671159787,0.219882796598193
-0.9,"eld vs kin","5",1.72987972214371e-08,6.9257316065918e-07,2.41411907093335e-05,7.7619840921459,6.15953434270783,4.61724131312268,-3.71126321420081,-2.83601003875212,-2.87149420246785,0.383972022064445,0.38451050812032,0.383651224604076
-0.9,"eld vs kin","7",9.06264955533422e-23,6.21825970933013e-29,2.25522468888792e-25,22.042744813467,28.2063311433456,24.6468101827071,6.58846467850887,7.5100455497374,7.45401890878671,0.455918919172516,0.465294713835599,0.45934567331987
-0.9,"eld vs kin","10",3.36674327389047e-06,0.000180254165240903,0.000686000225953643,5.47278999884314,3.74411469099,3.16367574124601,-3.68846155178087,-2.77056905287078,-2.81377134044114,0.471787305562651,0.481026407060159,0.47305956785102
-0.9,"eld vs kin","11",0.00656119887229729,6.15364377802557e-08,2.50381956229788e-09,2.18301679842128,7.21086764778884,8.6013969717563,2.251076387745,3.15321323663943,3.11191786728939,0.348391352940348,0.354500031150447,0.350953731900185
-0.9,"eld vs kin","12",6.89143155360235e-05,0.00204241543480343,0.0076526422026169,4.16169055294706,2.6898559161706,2.11618859152638,-2.91791482007526,-2.03093035067113,-2.05640853079064,0.368862526341679,0.380107956524645,0.370211275394394
-0.9,"eld vs kin","14",0.0254884171143585,5.48696246476159e-08,3.50343932676364e-10,1.59365713431672,7.26066801071748,9.45550539930068,1.88176405415397,2.75514679112765,2.73949161489158,0.275899787615822,0.279980899687071,0.275998992797272
-0.9,"eld vs kin","15",0.0412503550559144,0.0001978809854025,1.14584332701169e-05,1.38457230897682,3.70359593561429,4.94087476008751,1.98520314840959,2.85917044818271,2.86337438828626,0.42795159246926,0.442781596407528,0.434052417925118
-0.9,"eld vs kin","16",0.00788741366971766,2.83870618616999e-10,3.43101185109253e-12,2.10306538121474,9.54687955581103,11.4645777818403,2.04114097081315,2.93475756153484,2.90362869234917,0.266794599347984,0.263501721103827,0.267118151929581
-0.9,"eld vs kin","21",1.25072474366771e-08,3.05165391250953e-17,9.98136448026568e-20,7.90283825821988,16.5154647211792,19.0008100853916,3.12077399084799,4.00827259315321,3.96747783886645,0.293003388721489,0.29686104538951,0.292833258124595
-0.9,"eld vs kin","25",0.0361652563818938,4.81984652951058e-05,4.51633037493494e-06,1.44170845176562,4.31696679006983,5.34521429642749,2.09502128677732,2.96227855377596,2.93841226312713,0.42653611397153,0.415324814888499,0.4219528929151
-0.9,"eld vs kin","31",0.0335246123317512,2.46244544092242e-05,1.5590794166124e-05,1.4746362354944,4.60863338315272,4.80713176209269,2.63562313813104,3.55662360460689,3.45581206673535,0.535574142886971,0.523086867960361,0.534395279269109
-0.9,"eld vs kin","33",3.02471812273555e-08,6.7976494579076e-07,2.37618977003998e-05,7.51931509157167,6.1676412349312,4.62411887817312,-4.14675821721335,-3.26363890025212,-3.28386783227281,0.456802972200461,0.450210092340958,0.457766960043191
-0.9,"eld vs kin","38",0.000163421788903908,0.00583079228383887,0.0258059390381277,3.78669003978725,2.23427242961126,1.58828033300336,-2.7496099144036,-1.86692505583653,-1.89013376574786,0.380389954346287,0.372354616987865,0.377164191829891
-0.9,"eld vs kin","57",7.11656303160121e-05,0.000612532949300141,0.00505534753180963,4.14772969973306,3.21287054481755,2.29624898330559,-3.3838993756892,-2.46545682234079,-2.48682169128939,0.482046935521173,0.454390099331191,0.480394441798056
-0.9,"eld vs kin","62",0.000154279807780522,0.00294968986894412,0.0322586355034499,3.81169091089953,2.53022364344101,1.49135400662638,-2.57960037438056,-1.69030680191866,-1.70209208689635,0.317561508037867,0.308054382217228,0.317217545424991
-0.9,"eld vs kin","65",1.03495095103497e-08,1.58841096597835e-06,0.000227265928450308,7.98508023204244,5.79903712334106,3.64346566852118,-3.5976005235617,-2.69752940434971,-2.73623644516819,0.362614569578189,0.370899407157075,0.369404322694156
-0.9,"eld vs kin","67",7.75074449066437e-15,1.34475416913027e-12,5.2883329659803e-11,14.1106565797313,11.8713571006044,10.2766812084514,-6.38569746082816,-5.52783672465998,-5.44167168498004,0.57353451017705,0.566510050418675,0.556844929779552
-0.9,"eld vs kin","68",0.00217953307656918,0.0130235943875815,0.0423602004128965,2.66163653574817,1.88526913809817,1.3730419938429,-2.55619479558339,-1.70610503306132,-1.75258943028495,0.385089995995817,0.365108610502658,0.378474014581113
-0.9,"eld vs kin","74",0.0114185539621907,5.66736843744483e-06,9.26893143917864e-08,1.94238889136203,5.24661855281678,7.03297033023708,2.80953145335919,3.73685958121751,3.64810558973019,0.494505638040441,0.509294804694043,0.48533174363388
-0.9,"eld vs kin","79",1.06064697142883e-09,8.34233096431825e-09,7.73461460577223e-07,8.97442914378295,8.07871258443434,6.1115613211057,-4.74076343764473,-3.83997860583662,-3.81227650804007,0.486919408635226,0.474762076347698,0.487214109151404
-0.9,"eld vs kin","82",1.17785476279235e-07,6.14139006643578e-06,7.20523374606982e-06,6.92890825760198,5.21173331780742,5.14235192560896,-4.67647392402527,-3.83422589625085,-3.9437092283199,0.614029668621142,0.578319352737404,0.601872671304364
-0.9,"eld vs kin","83",4.47131616436087e-08,8.88940940144311e-07,1.50205894208751e-05,7.34956462031701,6.05112709192232,4.82331302490768,-4.345877781252,-3.47557695179687,-3.44919561642292,0.519913137469483,0.49639018187979,0.519395378255691
-0.9,"eld vs kin","84",4.0648120515989e-09,8.21411056935103e-09,7.45603919402474e-07,8.39095953047349,8.08543945544684,6.12749181770022,-4.75433687948007,-3.71104544462657,-3.86107493382325,0.489640304137309,0.44958859980731,0.481176755297065
-0.9,"eld vs kin","85",0.000241386207635404,0.00199322141000691,0.007554006044053,3.61728754831887,2.70044445654116,2.12182267202401,-3.22120839812515,-2.35910281813847,-2.38160981755157,0.490624022140473,0.470166929434882,0.48762751418901
-0.9,"eld vs kin","87",3.66857858411926e-06,0.000578765582817004,0.00103208496939457,5.43550217352697,3.23749730277255,2.98628454668155,-3.78217933144419,-2.92826518596996,-2.92914399045794,0.529596174382392,0.522597703137832,0.526935116913364
-0.9,"eld vs kin","88",0.00177467993316175,0.0489499415872845,0.039073206709488,2.75087996136702,1.3102478221108,1.40812094508218,-3.24308110266669,-2.33697622871698,-2.43217766515789,0.600796866585956,0.607692660123427,0.589815779343592
-0.9,"eld vs kin","89",8.12574953433483e-09,1.02135747836521e-13,1.17251901006552e-15,8.09013656836608,12.9908222268562,14.9308801073339,3.96771417085228,4.85227706946687,4.76145226017271,0.444571462565008,0.447524616627119,0.436793672928899
-0.9,"eld vs kin","91",1.51984938108451e-09,2.00718580791046e-07,6.66404874897819e-06,8.81819944903221,6.6974124224228,5.17626183463026,-5.16789723851168,-4.31935266270198,-4.34368159104647,0.588700169005258,0.573020119430166,0.575902379372674
-0.9,"eld vs kin","100",6.76961014637247e-07,2.6444505991735e-06,1.61511635673382e-05,6.16943634108654,5.57766454159896,4.79179618462258,-4.5378724638121,-3.69260309654276,-3.66190151190938,0.560486717996337,0.539405629250014,0.557082971282786
-0.9,"eld vs kin","102",2.19625852931381e-05,0.000530464079227692,0.00126051492074326,4.65831653888231,3.27534401934299,2.89945200920363,-3.77981753471369,-2.86061808946385,-2.91765988343219,0.53767316150115,0.514405336799964,0.549828096738072
-0.9,"eld vs kin","108",0.000795888097495245,0.0074953335526616,0.0120083611402047,3.09914799012247,2.12520903568334,1.92051625956894,-3.56712038096094,-2.85099061203094,-2.90004668952345,0.645178967693634,0.626589620890367,0.647158006303709
-0.9,"eld vs kin","110",0.000681989486395867,0.00186442753083614,0.00469295622373898,3.16622232041017,2.72945449273691,2.32855349690135,-3.34052724003966,-2.46391025017967,-2.5108777704888,0.533083707392153,0.484172836430897,0.521046518232032
-0.9,"eld vs kin","111",2.97247899261894e-08,5.90072245942027e-06,8.37374030063444e-06,7.52688120598493,5.22909481192885,5.07708051224707,-4.12774855264952,-3.21313135381317,-3.30641820333448,0.455407996088345,0.44064447563278,0.45432605098344
-0.9,"eld vs kin","115",0.0005129109650824,0.00379657053080602,0.00946632951136274,3.28995801642678,2.42060852760344,2.02381838234469,-3.52735387385804,-2.67039680895167,-2.75395674902978,0.567650715787788,0.546266446896885,0.563453351546365
-0.9,"eld vs kin","118",3.59934272462139e-05,0.00140104286895397,0.00161223553391526,4.44377679843591,2.85354857601664,2.79257151116157,-3.12324997231048,-2.28943810738207,-2.24623080533897,0.397869094407938,0.394768862703317,0.398593054684219
-0.9,"eld vs kin","121",5.942931436536e-06,1.91260962849917e-09,1.68851863561308e-10,5.22599928015839,8.71837366221998,9.77249414183978,3.67465017242893,4.46219656301279,4.48472398046298,0.498972927156207,0.478195872341536,0.497256824731367
-0.9,"eld vs kin","126",0.000216590447782763,0.0130347907291675,0.0452805543451939,3.66436070083495,1.88489593694654,1.34408826495616,-3.02653230522113,-2.21538750001726,-2.16332238456237,0.518117143774697,0.500901526689864,0.514503356403093
-0.9,"eld vs kin","128",0.000195349167878372,0.00229434962062361,0.0129028367157445,3.7091884343834,2.63934040215481,1.88931479864966,-3.5604894953057,-2.73357364443145,-2.73989391016466,0.586976409107534,0.559672630409564,0.584566495748836
-0.9,"eld vs kin","130",1.21992639329056e-05,0.0025488252307174,0.000335947685728441,4.91366637256469,2.59365994245823,3.47372834632549,-4.20336525342447,-3.29466761240857,-3.28452011709912,0.582172574178794,0.569550695274806,0.592265412787375
-0.9,"eld vs kin","133",0.001172172519098,0.00199981026500264,0.00799846060830904,2.93100846461623,2.69901120672162,2.096993589714,-3.38701815635443,-2.54492188485247,-2.57483429559363,0.497119879879425,0.480108463053145,0.498740731580888
-0.9,"eld vs kin","138",0.000303699421951898,4.8087832237862e-08,2.28838743987771e-10,3.51755603469793,7.31796480014296,9.64047044458351,3.02612931894599,3.93340829719424,3.85065336257738,0.448190049716066,0.44654931655482,0.431508109433816
-0.9,"eld vs kin","139",1.21169524584879e-07,3.24074057460205e-06,1.451197464492e-06,6.91660659608467,5.48935573340106,5.83827348907539,-4.85012988605297,-3.99440547125327,-3.90797962138803,0.535803285863776,0.536878632468257,0.519842347879915
-0.9,"eld vs kin","145",0.00011365362847083,0.00661000212819273,0.0316881313187044,3.94441669456546,2.17979840068649,1.49910337084138,-3.22003031319805,-2.44133340199765,-2.41674692520742,0.54830650777983,0.503859468978361,0.532169202139013
-0.9,"eld vs kin","147",2.94566089231552e-05,0.0075337739783877,0.00573358780462707,4.53081725106871,2.12298741325559,2.2415735322843,-3.77628893007707,-2.74458156845622,-2.90139226852813,0.548814151535742,0.552118176053516,0.561157187268743
-0.9,"eld vs kin","150",0.00208758762121929,0.0218045901485376,0.0494291400998541,2.68035528704751,1.66145207215962,1.30601694473115,-2.70572934183519,-1.85793596069237,-1.84814935031638,0.406882667021425,0.415725234451559,0.404076852625486
-0.9,"eld vs kin","151",1.13428270022179e-08,2.03097287673653e-15,2.3336225341798e-16,7.94527869161128,14.6922958764782,15.6319693901845,4.53821750695025,5.35232822214126,5.24000241447208,0.484961370921115,0.476114002107293,0.469166405510212
-0.9,"eld vs kin","162",0.000408878732690264,0.0040956590340432,0.00640752965899213,3.38840547813597,2.38767620579132,2.19330937488905,-3.79489653871117,-2.8011283231354,-2.75692927573471,0.598755348835725,0.596992926575929,0.607388095746628
-0.9,"eld vs kin","163",1.46310092398388e-05,0.00268014191000764,0.0104875363170361,4.83472571542114,2.57184221003778,1.97932652225277,-3.8575485910132,-2.91743487576244,-2.9077073031137,0.580100224596638,0.560855193777561,0.579773811368449
-0.9,"eld vs kin","164",0.0156473899035174,3.76597080030157e-05,5.18010268436366e-06,1.80555809550006,4.42412305163668,5.28566163121799,2.31928209201111,3.2500313148669,3.15924289148445,0.458441268353599,0.482616212239245,0.462492400302456
-0.9,"eld vs kin","169",1.33685389858017e-06,1.30085718582193e-05,7.12043605254844e-06,5.87391605310264,4.88577037969818,5.14749340953493,-4.36998228017114,-3.41003052408606,-3.54373534809284,0.527923861940751,0.506764452600508,0.534103672958189
-0.9,"eld vs kin","172",8.60374545063323e-07,0.000279441511783138,0.000179645107213891,6.06531244707824,3.55370907782382,3.745584606675,-3.73685197029707,-2.79633625727277,-2.84303578296694,0.464328378587298,0.452221382216767,0.46598594529903
-0.9,"eld vs kin","181",2.62393365339657e-06,0.00115561327109806,0.00293315823956178,5.58104715036652,2.93718747934812,2.53266450684054,-3.4900981791177,-2.60165812724155,-2.61477213992692,0.498000121570861,0.476579632875654,0.494110938070656
-0.9,"eld vs kin","200",0.00979990165756746,0.0376355267673008,0.0326737258135471,2.00877828244935,1.42440200096541,1.48580133972095,-3.04830321201483,-2.17017395018796,-2.23834807036579,0.523403806059189,0.51193550405875,0.531777672036611
-0.9,"eld vs kin","203",0.000569390030822537,0.00164530303949812,0.0174423547502441,3.24459014097667,2.78375409998697,1.75839488488487,-3.0513043436082,-2.24735798196967,-2.30084521105284,0.436281827785157,0.431205580837807,0.451325271022253
-0.9,"eld vs kin","207",0.00611120933090102,2.07725417928464e-05,2.1592546321394e-07,2.21387283987727,4.68251035858926,6.6656961400593,2.64356686042072,3.49821917639931,3.54593011584315,0.466161986785532,0.454490526498009,0.465759427020698
-0.9,"eld vs kin","216",0.000923334156470918,0.00522001467051741,0.0282725781397376,3.03464109848848,2.28232827643915,1.54863458695408,-3.29050318161,-2.46720446571804,-2.44692954028401,0.526217161444409,0.520257327134598,0.520209127680691
-0.9,"eld vs kin","222",0.0129324456244211,0.000433365065756107,2.68748740207091e-05,1.88831933894351,3.3631461007708,4.57065356288058,2.37675727221124,3.27042291849816,3.29489879516262,0.502318466221595,0.51293588726005,0.525335107559878
-0.9,"eld vs kin","251",0.000158492234057397,0.00262770776478742,0.0108972276954731,3.79999201286987,2.58042293561048,1.96268397450858,-3.70521296619523,-2.81092792357206,-2.74537555703708,0.588403236867275,0.570539977832045,0.593525079291655
-0.9,"eld vs kin","252",7.63005466736318e-06,0.00191138536257137,0.0164581228875369,5.11747235042662,2.71865174415065,1.7836196992618,-3.35643431968057,-2.50267249250446,-2.50455056275584,0.466902340491866,0.472625091547935,0.462625604884257
-0.9,"eld vs kin","267",0.000125334005465991,0.00149240288958608,0.000688558548147547,3.90193108078092,2.8261139187507,3.16205912576822,-4.15218865332735,-3.23586149065208,-3.35196233973256,0.609824379839475,0.600333051790722,0.591023107347618
-0.9,"eld vs kin","282",5.11760043957374e-07,0.00027204760186267,0.000264147060581566,6.29093362498698,3.56535509810728,3.57815421776261,-3.7648070426624,-3.00581667076588,-3.04808240989903,0.464112446653575,0.485373148153216,0.470825245657247
-0.9,"eld vs kin","344",0.0392281415460137,1.54736484495861e-05,7.97184750095243e-06,1.40640226631425,4.81040727423163,5.09844101781504,2.1077764751872,3.10830070367151,2.86595079284359,0.413089014460043,0.416335646890647,0.397451181419889
-0.9,"eld vs kin","349",0.00564167155075439,0.0320734185822187,0.0101468122591884,2.24859220138645,1.49385474782747,1.99367037505984,-3.15819335395038,-2.29749751707614,-2.37998684572555,0.492167730261475,0.485855950450088,0.485564148887297
-0.9,"eld vs kin","363",4.78830394292667e-06,0.00924688477750752,0.0137626591278752,5.31981829006464,2.03400455394302,1.86129764655181,-3.2757154506326,-2.38630363883589,-2.34941458117113,0.472602013290717,0.479975890641187,0.484731484187481
-0.9,"eld vs kin","473",3.00040037802495e-05,0.000835999997765705,0.00412877107353422,4.52282078849205,3.07779372372168,2.38417919662568,-3.5956412146262,-2.78670288662303,-2.73657198600059,0.536190110032414,0.527912098665933,0.534883658009286
-0.9,"eld vs kin","614",0.00022344240999065,0.00278452298808334,0.000485397464491995,3.65083439309654,2.55524919237055,3.31390249656612,-3.89110119239783,-2.94182518598901,-2.93338601382193,0.492272371236201,0.502895346668047,0.49483514294825
-0.9,"eld vs kin","616",7.01591774890231e-07,4.67987505398487e-05,0.00038872834388783,6.15391551106266,4.32976574181675,3.41035379189949,-3.58050021189157,-2.68560549991947,-2.74538796888969,0.4399119570433,0.414793561939847,0.434314535984154
-0.9,"eld vs kin","666",1.70516378794616e-13,3.43096651668021e-10,6.50522712625355e-09,12.7682338989091,9.46458352026851,8.1867375356963,-4.80724314147953,-3.92364692117838,-3.91056296864387,0.423949583824615,0.42497733722777,0.424082293109992
-0.9,"eld vs kin","728",2.92919760092259e-06,6.22168904521114e-12,1.49074863654748e-13,5.5332513302318,11.2060916983581,12.8265955791918,3.18277014401512,4.07621151342529,4.02481774202663,0.381279151708947,0.395992410071123,0.376880372252892
-0.9,"eld vs kin","744",6.42351882753492e-07,9.38869672029569e-07,4.29040287442688e-06,6.19222699860936,6.02739468957275,5.36750192508207,-4.56572995314781,-3.67890729311092,-3.67225441444245,0.528025477064469,0.516051553710855,0.521485514063717
-0.9,"eld vs kin","757",0.00161573135560546,0.0139172630309253,0.0214477158106488,2.79163084682685,1.85644616468513,1.66861895353304,-2.91383627147368,-2.00393108306253,-2.05055975379817,0.445135307454471,0.434562848205774,0.446048938245612
-0.9,"eld vs kin","770",1.87270772719498e-05,4.53740817747356e-05,0.00087556898318136,4.72752999751588,4.34319215058835,3.05770963160819,-3.5213858034424,-2.63245528890342,-2.66731781768884,0.430095134304526,0.417411259994144,0.432681995201732
-0.9,"eld vs kin","786",6.69733309224206e-11,8.05337576356458e-07,7.46980557114688e-07,10.1740981008659,6.094022036629,6.12669070213065,-4.7168713392838,-3.82153081174378,-3.8452934726137,0.504193820203896,0.491776989815538,0.507302566754342
-0.9,"eld vs kin","849",4.21200487918776e-06,9.56991308325732e-06,9.33820315397002e-05,5.3755111343994,5.01909200659444,4.02973668216272,-3.70918096223768,-2.82686512589434,-2.86558592318989,0.438692780030255,0.39862677032873,0.437555360376243
-0.9,"eld vs kin","854",0.0324721499011369,5.8457472550865e-05,3.17192419339854e-06,1.48848895685318,4.23315996559407,5.49867720054173,2.28561811557547,3.22638221891892,3.22739452093091,0.460086921592064,0.46422323051083,0.463811412370174
-0.9,"eld vs kin","875",0.00183951749955346,0.00916297625127657,0.0113904672300221,2.73529607631703,2.03796343904373,1.94345846106062,-3.31175188285068,-2.49284721223237,-2.44005206516446,0.559004948409295,0.549369794833338,0.561723092260917
-0.9,"eld vs kin","877",0.0253229474378384,0.0313314690655963,0.0246116147318493,1.59648574646311,1.50401924150117,1.60885989194016,-3.21627368055523,-2.25496732499685,-2.35950010785697,0.575450998444767,0.546229679879564,0.552589242199758
-0.9,"eld vs kin","879",6.39215198067976e-06,0.000280129592613661,0.000653934539265857,5.19435290772631,3.55264101031259,3.18446572363062,-3.46520435392877,-2.68606234672458,-2.70280173513763,0.416956201423424,0.417785098632385,0.415992449874528
-0.9,"eld vs kin","886",5.82390015144746e-06,1.66493267867496e-09,4.71258684582122e-10,5.23478607944487,8.77860332244059,9.32674063332442,3.70457796435624,4.52999757814577,4.44242997198317,0.52757145677094,0.511010460979497,0.52047084090399
-0.9,"eld vs kin","891",3.16833377133554e-06,0.00012275693162066,3.16748557810501e-05,5.49916907347972,3.91095397554219,4.49928535382847,-4.29142518360576,-3.41781271731001,-3.4187879493243,0.572112546530201,0.554779470993725,0.57283210344793
-0.9,"eld vs kin","895",2.8596907475249e-08,0.000107893852715,0.00037481271528124,7.5436809297749,3.96700329867212,3.42618568437228,-4.10757356956944,-3.15819342994147,-3.2368912484419,0.503303473159731,0.496975675090648,0.498072105452443
-0.9,"eld vs kin","914",2.44975023613363e-06,0.00163481526711222,0.00244262773111346,5.61087819179805,2.78653131517892,2.61214271667068,-3.86946074312152,-2.89901472863204,-2.95650157221463,0.561111745598259,0.547202399347799,0.551245224211087
-0.9,"eld vs kin","917",0.000134445855016864,0.0328537648023365,0.0457897576223059,3.87145258258945,1.48341485626569,1.33923165530553,-3.0556581287235,-2.10085826269585,-2.22744567126061,0.531101642510841,0.503873392877083,0.547446829056933
-0.9,"eld vs kin","935",1.96226304615473e-05,0.00563900802192039,0.00280684982575023,4.70724277481738,2.24879728759408,2.55178082270318,-3.3835262025844,-2.57078026913434,-2.68483142964544,0.537089376824952,0.535459644595097,0.542466205645553
-0.9,"eld vs kin","947",1.83051253969285e-05,5.67795568278178e-11,4.87003958820772e-09,4.73742729169326,10.2458080015246,8.31246750842186,3.31991853368563,4.17563793154601,4.14102704423947,0.43278985672423,0.423192224642141,0.433469700960745
-0.9,"eld vs kin","965",0.00226350470837385,0.0188228784569971,0.0089867255556747,2.64521859778077,1.72531396207769,2.04639852096386,-3.69862058112915,-2.77027354681894,-2.81739821965793,0.609633061948037,0.608699992135947,0.598500981283788
-0.9,"eld vs kin","978",1.21056652980737e-17,2.77170028467826e-21,5.88977143275018e-20,16.9170113377925,20.5572537335652,19.2299015587649,5.06911270133805,6.03136726638114,5.96698664321691,0.401784083212536,0.410066503475951,0.413423799819251
-0.9,"eld vs kin","984",1.36672678343213e-09,4.61058288700447e-14,1.59016412317037e-13,8.86431829472776,13.3362441660188,12.798558049196,3.91571909421609,4.80500128569548,4.75318577296389,0.425946255479553,0.413962040722514,0.424899884513521
-0.9,"eld vs kin","988",0.0489557786186251,0.000558327321912037,6.39176234117528e-05,1.31019603779218,3.2531111193011,4.19437938135285,2.19389762808912,3.13293417265759,3.03349152552728,0.521809725439089,0.537425711425866,0.518643490321978
-0.9,"eld vs kin","991",1.00144654809244e-05,5.07241592642095e-06,4.33568684108501e-06,4.99937222608883,5.29478514251917,5.36294209365146,-4.70769709225767,-3.91814765035021,-3.87218615439678,0.573088557973696,0.563473328782132,0.563266010384041
-0.9,"eld vs kin","1000",0.000717663973463407,0.024129640056241,0.0304465607978393,3.14407885468555,1.61744915644821,1.51646175757549,-3.1146710512636,-2.2766423567059,-2.31714356352273,0.555350865955027,0.567356105589433,0.56031163663416
-0.9,"eld vs kin","1014",3.35570253289655e-11,1.02265842170868e-08,2.58393019083164e-07,10.4742165442818,7.99026940083208,6.58771922370565,-5.24031001042189,-4.42137249900189,-4.33285324301741,0.528001299539631,0.508594624076447,0.51621866538593
-0.9,"eld vs kin","1021",8.35108955226694e-08,8.0256493398112e-07,1.28985388029076e-06,7.07825685916693,6.09551981957252,5.88945948549744,-4.80600792644757,-3.87981437749002,-3.85825306852689,0.55605055921392,0.555213009916408,0.548685921145945
-0.9,"eld vs kin","1030",0.000199439342023302,2.57388713451814e-09,2.29837862410929e-10,3.70018916729671,8.58941050091673,9.6385784261192,3.13734394746617,4.03135347460657,4.00180108026774,0.440996493007446,0.431936080574535,0.438286713839564
-0.9,"eld vs kin","1047",1.96482646605115e-05,0.000783040785476869,0.0116038699077494,4.70667580058852,3.10621561668249,1.93539714876486,-2.64550498661893,-1.76726272021338,-1.79972201740327,0.29250049109588,0.274515170875833,0.292338830575864
-0.9,"eld vs kin","1074",1.31568229193857e-12,3.02762232031771e-17,1.98030782746826e-16,11.8808489705367,16.5188983017057,15.7032672959103,4.09106832702935,4.96861670130367,5.00335738336106,0.381843844960701,0.397193396056941,0.393076535061869
-0.9,"eld vs kin","1076",1.41174030452012e-06,2.42802240238912e-10,6.29852327856681e-14,5.85024518620689,9.61474731051725,13.2007612612045,3.54348809882738,4.38111623337302,4.48266883472311,0.409486552278243,0.424613230950846,0.422205098827261
-0.9,"eld vs kin","1079",8.9293038638626e-05,0.00217105700706611,0.00962116715000696,4.04918239775957,2.66332877280113,2.01677224022196,-3.37056362918849,-2.42813737277971,-2.48386077582655,0.496268529064614,0.480233508159627,0.494230525313005
-0.9,"eld vs kin","1089",0.0124118198565512,5.11784288250734e-09,9.53792498887686e-11,1.9061645363326,8.29091305106069,10.0205460974028,2.04090370340053,2.92108782672692,2.88620742202275,0.289039748664795,0.281340125920803,0.289053721801436
-0.9,"eld vs kin","1098",6.30350323720853e-17,1.82686238748055e-24,4.99992918884273e-27,16.2004180197951,23.7382941656243,26.3010361462865,5.98859673569224,6.98744853162433,6.84990555793533,0.437447802608437,0.464356929628964,0.437362300217
-0.9,"eld vs kin","1101",9.17632017525195e-05,0.0228293243378552,0.00213028078523859,4.03733144167182,1.64150694180295,2.67156314987446,-3.62318238613086,-2.67271020322826,-2.79846514727731,0.591817256683887,0.579404609217754,0.584008784486443
-0.9,"eld vs kin","1104",6.77087005870408e-08,0.000105685125780762,0.00039835537307296,7.16935552076605,3.975986131386,3.39972932063422,-3.73279521908047,-2.89011868118496,-2.8479603089226,0.479469364140249,0.463915789717414,0.478531233347933
-0.9,"eld vs kin","1105",5.191448659847e-12,4.99050507268046e-11,3.87988083494825e-09,11.2847114365275,10.3018554986295,8.41118161294166,-5.49910079228239,-4.75839001560979,-4.64129010477986,0.510098587249524,0.505186671981056,0.506797486853102
-0.9,"eld vs kin","1112",7.76966227055107e-07,2.96723214372585e-06,2.41049108683155e-05,6.10959785857666,5.52764847498575,4.61789447004989,-4.56536644802945,-3.72691394421859,-3.61278978498502,0.540371608313834,0.525958486088756,0.535504957761732
-0.8,"cent vs mage","7",0.000168900219655346,5.08427439166479e-11,7.05883841636207e-10,3.77236978562708,10.2937710191782,9.15126675941123,2.92489559660389,4.06600614444296,3.80336740307657,0.415074569795728,0.419550942966652,0.415261181310892
-0.8,"cent vs mage","14",0.0468863698905538,3.93425253293334e-08,5.61586815707273e-07,1.32895339058233,7.40513776690283,6.25058309662752,1.48018146794668,2.60517420494877,2.34398944870149,0.259112375015749,0.263450343582556,0.258373960800898
-0.8,"cent vs mage","20",0.049922459341261,3.23397634236433e-08,1.32996369053426e-06,1.3017040280526,7.49026316142968,5.8761602155862,1.45627976641915,2.58683663553703,2.31930449135108,0.268510090899261,0.265380304088928,0.268789623151396
-0.8,"cent vs mage","21",0.0350466495066623,1.64521915576792e-09,4.65701982276094e-08,1.45535349468222,8.78377624251572,7.33189191347432,1.63330388974861,2.76498371307853,2.49912301317812,0.261439985310219,0.264033371332346,0.260531278373753
-0.8,"cent vs mage","24",0.00095850935046794,2.75605023604826e-10,1.00081398995145e-08,3.01840364612778,9.55971287056713,7.99964663245507,3.2662252660701,4.42498283260028,4.0929736253111,0.490408978244144,0.480503791708233,0.489049791673693
-0.8,"cent vs mage","26",0.0423378034422636,3.6155105028569e-07,5.0345930793789e-06,1.37327167767348,6.44183037252696,5.29803562551194,1.8458407881118,2.98740642826464,2.74051955812476,0.367952754175263,0.372785466827405,0.374536093177421
-0.8,"cent vs mage","39",0.0219163834097985,7.10678943011686e-08,4.28200669753648e-07,1.65923111053231,7.14832655225042,6.368352657756,2.36681447329049,3.47842321813833,3.23813872508385,0.415954892336694,0.421953392224011,0.416756136093213
-0.8,"cent vs mage","42",0.0228101786833079,2.59600614289241e-07,3.07638657725863e-06,1.64187131266852,6.5856942842056,5.51195909220564,2.22107682851144,3.34369521636295,3.07576432738822,0.409163978594679,0.411905842770558,0.412323270830346
-0.8,"cent vs mage","56",0.0483339443197663,2.41060256160839e-07,6.29659262918633e-05,1.31574776256001,6.61787438627472,4.20089440335022,1.78617704883677,2.91488393390649,2.67876472658262,0.371969665208922,0.361431347212766,0.371218026485208
-0.8,"cent vs mage","100",2.65594045229933e-06,0.00901532502076532,0.00294748013640671,5.575781666325,2.04501861146178,2.53054911301083,-3.89464331859533,-2.83162122812672,-3.01733920841778,0.566924069812398,0.558598777111725,0.567938227611015
-0.8,"cent vs mage","114",5.9835747467929e-12,2.03372713458564e-06,3.98564594196598e-07,11.2230392793956,5.69170731684752,6.39950128372886,-4.89095547207056,-3.74209046658908,-4.07569682898749,0.485014176774392,0.466533787882987,0.497715488291775
-0.8,"cent vs mage","132",5.16716299377625e-15,8.91469575127017e-09,2.07712459963464e-09,14.286747838787,8.04989347422719,8.68253745083577,-5.46004912900349,-4.37260597816528,-4.61793514771613,0.480552781189968,0.478731432847654,0.483797256965854
-0.8,"cent vs mage","142",0.0335473246480949,1.58201518278684e-05,5.69948274544562e-05,1.47434210848747,4.80078935284283,4.24416455678224,2.43652120138592,3.57678218758202,3.29360508047537,0.533974255420359,0.538828261875828,0.526843100305679
-0.8,"cent vs mage","143",7.75074449066437e-15,1.74227066542758e-08,3.42601844139738e-09,14.1106565797313,7.75888437552212,8.46521030366602,-5.09241741242129,-3.96629107874272,-4.23173167966227,0.458822486872685,0.448288301864279,0.45516687475407
-0.8,"cent vs mage","146",6.59432126755114e-06,0.0485477525594087,0.0172136016039261,5.18082989836274,1.31383087025936,1.76412825267852,-3.13153966487872,-2.07229929650038,-2.29434996536518,0.432069176202069,0.399296870218797,0.422740353314885
-0.8,"cent vs mage","148",2.80702751490194e-07,0.00577267186927076,0.000689485104240755,6.55175333032548,2.23862312800546,3.16147511196228,-3.90708008324461,-2.7948530437806,-2.9506721362929,0.503811687023757,0.492969482715398,0.501885495833143
-0.8,"cent vs mage","169",3.38128453826838e-09,0.0186116398667273,0.0011803042254455,8.47091828140806,1.73021535960999,2.92800603811485,-3.62299174877806,-2.40845152637413,-2.74228967999461,0.432986788913769,0.403407882825124,0.440523365281031
-0.8,"cent vs mage","210",0,9.72181048627026e-10,1.47593551963476e-10,15.286747838787,9.01225284917068,9.8309326154659,-5.45708985093711,-4.3995273423544,-4.652926498122,0.451564162181561,0.452758333248188,0.45598089276585
-0.8,"cent vs mage","219",0,8.24871882280744e-07,5.25392999476774e-09,15.286747838787,6.08361350010377,8.27951571820557,-5.17175461337605,-3.98480204899139,-4.2678401795424,0.46238054540662,0.461830053396297,0.461052886688073
-0.8,"cent vs mage","287",2.05719693905861e-05,0.049377217935356,0.0208215625551328,4.68672413054526,1.30647338320442,1.68148668195286,-3.1849175733038,-2.02293696700332,-2.36094515686147,0.449693836455862,0.429318169638689,0.45516305244871
-0.8,"cent vs mage","289",9.15781098693993e-06,0.0433973679563228,0.00359067250341787,5.03820832435671,1.36253660958215,2.44482420402026,-3.66262078629946,-2.41267553622336,-2.73637674150104,0.488258275956267,0.4636703474568,0.482575610793009
-0.8,"cent vs mage","353",2.44233983661544e-11,8.96004969785574e-06,5.05022206508392e-07,10.6121939067719,5.04768958147128,6.29668952494665,-4.42405263951678,-3.35321762121419,-3.62781465614917,0.447872722046569,0.437565160336463,0.459517079077842
-0.8,"cent vs mage","675",9.02783285539565e-08,0.000406384817181377,4.4756016298077e-05,7.04441649020696,3.3910625259641,4.34914857667358,-4.09205147578276,-2.96081050549644,-3.34621242080401,0.45933777354914,0.451981278498855,0.479845951311002
-0.8,"cent vs mage","769",6.9799860364402e-06,0.0310183524769715,0.00863068493369263,5.15614544618816,1.50838127322653,2.0639547371794,-3.1920100518631,-2.13783200888391,-2.36828295037658,0.446351998688934,0.43829512868234,0.446294423887799
-0.8,"cent vs mage","770",1.6554499286166e-10,0.00796813606219953,0.00128185838588703,9.78108395055334,2.09864325860068,2.89215995112371,-3.30627174439397,-2.19521951602628,-2.39432763833229,0.349676546371387,0.326990027347074,0.347303180696476
-0.8,"cent vs mage","819",3.92990864631449e-07,0.0383437909169505,0.00566131679533481,6.40561754500947,1.41630495215371,2.24708254223317,-3.13289112394806,-2.10783335493959,-2.39640066822954,0.445231421866059,0.426325735844285,0.443821756312543
-0.8,"cent vs mage","854",0.0412263861377804,5.86150257897391e-06,2.43141374424116e-05,1.38482473333368,5.23199103959476,4.61414113266153,2.12341720652286,3.3098154073677,3.13432159647445,0.466666763482623,0.462538512805554,0.459628827184702
-0.8,"cent vs mage","917",1.58549806847516e-07,0.0366625184000738,0.0126131438207257,6.79983428271358,1.43577770604894,1.89917665221967,-3.54772434619029,-2.3734800501637,-2.68584331470868,0.496775005970479,0.47433669541672,0.501417320189694
-0.8,"cent vs mage","921",4.9604764740252e-14,1.18739759018669e-06,2.2407434801821e-09,13.3044766057474,5.92540383680602,8.64960785855552,-4.98662603523745,-3.88628327369106,-4.16845846321686,0.476155429512993,0.463247144648756,0.480639323913901
-0.8,"cent vs mage","966",4.49225970283472e-05,0.0345773959344409,0.00558547998606506,4.34753514460831,1.46120771707388,2.25293950001616,-3.48644688317237,-2.37173475258435,-2.72162020049416,0.531442004768043,0.51997376250531,0.527346770623797
-0.8,"cent vs mage","978",0.0458352726658995,3.00238608472509e-06,0.000391670193882773,1.33880018076544,5.52253346143174,3.40707947702188,2.09056604941061,3.24793818812433,3.0184986392662,0.44835715643321,0.45277475456725,0.443064334359385
-0.8,"cent vs mage","1004",6.37801719181099e-07,0.0379204043705524,0.00756551396597413,6.19531431445985,1.42112704013768,2.12116156268319,-3.3799050925492,-2.34637195648931,-2.68033755881233,0.459007691114942,0.455925714547664,0.468132555415469
-0.8,"cent vs mage","1019",3.85052591131969e-10,0.00158273353094807,1.36358528411031e-05,9.41447994976793,2.80059219681176,4.86531769434853,-3.84898063392766,-2.70613387679893,-2.99789438239137,0.400998576039226,0.388752556143447,0.399354886215134
-0.8,"cent vs mage","1058",2.18820484392937e-09,0.0029905490103597,0.00243924392731559,8.6599120249236,2.52424907579514,2.61274476754601,-3.85800672875689,-2.72719455321293,-2.97348526101897,0.463915750835968,0.459104132922893,0.464799923012862
-0.8,"cent vs mage","1074",0.0259527304845592,2.08390857793522e-08,2.13547833297936e-06,1.58581694332635,7.68112133766098,5.67050483065965,2.16895196186893,3.26867115661732,2.90400069720458,0.370101693256321,0.375065664716188,0.376555235116794
-0.8,"cent vs mage","1079",2.30594262929857e-07,0.0421551966928267,0.00595848326351678,6.63715150193681,1.37514887997392,2.22486427618521,-3.242559265577,-2.12078953201151,-2.36310055167599,0.416768326756645,0.405160797758043,0.419046325838108
-0.8,"cent vs mage","1087",0.0166215970761282,1.39525925086828e-07,7.91341393994155e-07,1.77932724962372,6.85534508933613,6.10163611632348,2.66086921739131,3.84121856524397,3.55727714648048,0.496358813991124,0.484865912843993,0.492756789948592
-0.8,"cent vs mage","1098",1.3603267768837e-05,3.19199306081143e-12,1.69632218546094e-10,4.86635675313685,11.4959380614487,9.77049165792892,3.28224960340134,4.43319992511754,4.18677937824349,0.442618603732711,0.442204827016411,0.438471123703658
-0.8,"cent vs mage","1104",3.58809946524747e-08,0.0136849952346123,0.00350225300087573,7.44513552643915,1.86375534948381,2.45565248391921,-3.62519707340142,-2.36161325494846,-2.78768194412586,0.44968255678604,0.424894400374728,0.455447226880761
-0.8,"eld vs kin","3",0,3.87537224533219e-14,1.06805259081355e-11,29.5228909423059,13.4116865753953,10.9714073621597,-5.48465239473495,-4.73209433445594,-4.72563251838497,0.446180575711116,0.432196692386721,0.446809284819381
-0.8,"eld vs kin","4",0.0158284067455485,9.92446052846659e-09,4.72027306624627e-11,1.80056279811554,8.0032930912024,10.3260328768461,1.72687420705618,2.4819814336387,2.48985228873984,0.220080258757164,0.227580375371202,0.220300663049182
-0.8,"eld vs kin","5",1.34862172492314e-09,6.39553325721172e-06,0.000115291174078559,8.87010984856102,5.19412323836136,3.9382039381146,-3.5375798398927,-2.77877643727405,-2.77290503031307,0.385016392203873,0.38670998440648,0.384515051277503
-0.8,"eld vs kin","7",1.1433998974787e-23,2.99991574711534e-29,9.54225457085878e-28,22.9418018510621,28.5228909423059,27.0203490013964,6.78674665867569,7.53261967166867,7.55053480664213,0.461686517207814,0.467073270222296,0.461794901230795
-0.8,"eld vs kin","10",4.0252839836033e-07,0.000412788005183496,0.00232581918339397,6.39520347475917,3.38427293095038,2.63342405173425,-3.48328394416253,-2.7468470954217,-2.72412365389624,0.471238491662116,0.483430551241485,0.471212427988557
-0.8,"eld vs kin","11",0.00102945218458219,7.89528525309001e-08,2.20874606852545e-09,2.98739382044406,7.10263217450876,8.6558542105103,2.43187333081246,3.19507363802007,3.18619282870462,0.350232028652337,0.354410374183119,0.34952747282493
-0.8,"eld vs kin","12",2.45349427378905e-06,0.00568166974425322,0.0250622449500075,5.61021495128189,2.24552401391066,1.60098002968135,-2.74234530062065,-1.98611483632659,-1.97502501840537,0.369676007769536,0.379631537066823,0.369666462559998
-0.8,"eld vs kin","14",0.00194586486954285,8.24304242379593e-09,2.32206853815051e-10,2.71088732257207,8.08391246500246,9.63412496577691,2.05836086124251,2.81555841200572,2.81712332449159,0.275422230957742,0.279673043464451,0.276320724236679
-0.8,"eld vs kin","15",0.0288619393169961,5.85400994191205e-05,1.48698692246363e-05,1.53967449076251,4.2325465443358,4.82769285093121,2.1548452902482,2.92469327271373,2.93003424103485,0.426081647454749,0.442842080832094,0.428878672655919
-0.8,"eld vs kin","16",0.000139963644515241,2.84552412696015e-11,2.04215934565476e-12,3.85398475744198,10.5458377276936,11.6899103737875,2.22512403293364,2.9748279983508,2.99205028270792,0.26718899594508,0.261560393244306,0.268242455269384
-0.8,"eld vs kin","21",2.4503146337617e-11,1.61926765557185e-18,2.57702294604371e-20,10.610778146275,17.7906813589487,19.5888817144348,3.29423626278794,4.05455867709823,4.06106305394001,0.291792891221841,0.295281488482858,0.293919866925808
-0.8,"eld vs kin","25",0.0155908630814012,1.21398023937258e-05,2.25172475422031e-06,1.80712984240482,4.91578838245458,5.64748469775897,2.24730900768578,2.99568842871212,3.02622831501967,0.421531337932631,0.412288015113346,0.420098486691878
-0.8,"eld vs kin","29",0.0455783059762441,1.49708703825804e-05,1.37749703789992e-06,1.34124182042026,4.82475294973287,5.8609093263601,1.64838384601106,2.39781765516421,2.40381691386909,0.29149748638438,0.289543106826131,0.290488786699556
-0.8,"eld vs kin","31",0.00383940621271359,1.54997413558616e-05,1.49517075102294e-05,2.41573593669552,4.80967554883998,4.82530920734457,2.77122455040243,3.6118199739125,3.55681320044769,0.531682499932605,0.522772118709333,0.537199059373129
-0.8,"eld vs kin","33",9.13000719170276e-10,4.0563147981292e-06,4.63179103865416e-05,9.03952888037199,5.39186834810636,4.33425104185542,-3.98549944304303,-3.19266304340542,-3.20973494174758,0.460116233964518,0.449483703322181,0.456074930096745
-0.8,"eld vs kin","38",2.26609283157122e-05,0.0109207132337769,0.048383573163405,4.64472230302808,1.96174899685304,1.31530206181442,-2.56024883955389,-1.82397445143636,-1.80831546418824,0.378567311604725,0.371817538004633,0.379452111328828
-0.8,"eld vs kin","57",7.83387880145618e-06,0.00141181922750642,0.0109062833784444,5.10602315173964,2.85022090776186,1.96232322220982,-3.14580059621578,-2.4040026619131,-2.3979671618864,0.482657291962885,0.455301880864602,0.480406626860407
-0.8,"eld vs kin","65",3.09269827855324e-09,5.25544473972515e-05,0.000214123262273108,8.50966244739129,4.27939052609896,3.66933614854838,-3.44149414102104,-2.66175515155864,-2.66447709185977,0.369826615889433,0.377529925001809,0.370239613134765
-0.8,"eld vs kin","67",2.58358149688812e-15,1.56435859636576e-12,1.45144316704426e-10,14.587777834451,11.8056636869719,9.83819996480805,-6.12332612084913,-5.41152440116515,-5.47450704828696,0.559947514252579,0.558026766496595,0.56655376727786
-0.8,"eld vs kin","74",0.000853618870200366,1.14651338964432e-06,6.49799121699447e-07,3.06873599291195,5.9406208689631,6.18722088000449,3.05758123515825,3.74359934383195,3.79989483000795,0.500466001258502,0.494846081912456,0.494017399952195
-0.8,"eld vs kin","79",3.2824806090519e-11,6.25185574101685e-07,1.57942298599379e-06,10.4837978307851,6.20399105170262,5.80150154581034,-4.47884184454706,-3.75417241815609,-3.74204945084919,0.48399579174753,0.464047297995593,0.489128721909708
-0.8,"eld vs kin","82",1.3738705996418e-08,3.56608468746462e-06,9.08780577023037e-05,7.86205417012071,5.44780834740243,4.0415409635233,-4.66177310818426,-3.83699963986909,-3.75095296680905,0.605169282559434,0.579173972514842,0.601615109708852
-0.8,"eld vs kin","83",1.26760437667628e-08,3.43197569221799e-06,3.84771448835424e-05,7.8970162699842,5.46445579680613,4.41479716135683,-4.16579704793813,-3.37939353338493,-3.38750808422305,0.522606991172299,0.496820108028045,0.530115758366442
-0.8,"eld vs kin","84",4.32893052419024e-11,1.01582623413693e-07,3.70254240967719e-06,10.3636193842037,6.99318057552614,5.43149995828054,-4.52422228485656,-3.75902572541518,-3.75169196022391,0.488946611462963,0.446821669657322,0.488668593638811
-0.8,"eld vs kin","85",4.75875868175894e-05,0.0024948732829135,0.027975683110181,4.32250631786099,2.60295150772756,1.55321930006824,-3.05173748896102,-2.29981687633934,-2.26484675408386,0.486230958240586,0.468688195140619,0.48300430771307
-0.8,"eld vs kin","87",5.18663082652097e-06,0.000370288158642681,0.00716077384917547,5.2851146630746,3.43146017592887,2.14504004190074,-3.56887408911255,-2.80990421382577,-2.83758291900725,0.523975510239394,0.513375016384665,0.527805533576849
-0.8,"eld vs kin","89",1.12396848705619e-09,7.21400605326863e-14,6.36033549466546e-16,8.94924586500313,13.1418234976012,15.1965199756033,4.1157243418784,4.89021687877993,4.9085708289978,0.44271863092411,0.441329043380542,0.437106541170764
-0.8,"eld vs kin","91",1.15444500692224e-09,3.6582455583256e-06,2.31085564313725e-06,8.93762675028172,5.43672714603115,5.63622718361958,-4.95988879007724,-4.25942847370778,-4.2122535900615,0.586550334104133,0.570987647394824,0.572834615893811
-0.8,"eld vs kin","100",1.06928098838724e-07,2.0770877686952e-06,4.99434290633797e-05,6.97090815478117,5.68254515168124,4.30152164275803,-4.46393269146574,-3.65087846534419,-3.68204288632251,0.576398443607397,0.543102458674743,0.566979169783227
-0.8,"eld vs kin","102",2.00617061354786e-05,0.00050138705167099,0.0115548787873628,4.69763213543747,3.29982688589525,1.93723460598371,-3.55722873306825,-2.84186548051998,-2.7970506873827,0.537862964094582,0.521375196132116,0.542858259020637
-0.8,"eld vs kin","108",0.00187761365847165,0.0182731403973207,0.0360823175130772,2.72639376417571,1.73818680896792,1.44270557615177,-3.5447513669005,-2.72324335364352,-2.83684874995141,0.647355341744405,0.62858098159609,0.649544649570641
-0.8,"eld vs kin","110",3.72751452407234e-05,0.00995017141412839,0.0345994003260118,4.42858065566513,2.00216943748856,1.46093142829858,-3.16024070016906,-2.4091152474909,-2.43587051651166,0.524079880877816,0.501251044782573,0.530320005422422
-0.8,"eld vs kin","111",2.21029045321217e-09,2.5728892676715e-06,4.44295576082973e-05,8.65555065213444,5.58957890460741,4.35232801107225,-3.97003942765151,-3.19291967761782,-3.18745520980642,0.458255457751348,0.455811234842355,0.462820055671657
-0.8,"eld vs kin","115",8.0787708081375e-05,0.00274907338856981,0.0124967049705844,4.09265471247448,2.56081366618582,1.90320448313077,-3.35769108178108,-2.6264541324665,-2.61201196992562,0.556485306165387,0.546408027965374,0.562002084374649
-0.8,"eld vs kin","118",1.70646094382064e-05,0.00221140818838975,0.00711206052384875,4.76790364707317,2.65533108663732,2.14800455616303,-2.8948223887168,-2.19388206731193,-2.23657479233436,0.388837916980872,0.39830638169181,0.395427387568277
-0.8,"eld vs kin","121",1.61664589907728e-06,2.82903790517849e-12,1.1878408121381e-11,5.79138509507043,11.5483612335612,10.9252417572019,3.85683840525246,4.65378319639577,4.66155497951538,0.503150993452218,0.487483176043965,0.500608291171449
-0.8,"eld vs kin","128",7.86580422036992e-05,0.00151517681916241,0.0135176869664239,4.10425686736832,2.81953668260351,1.86909761487794,-3.30015280200907,-2.64110966479221,-2.66891456422345,0.572642598015408,0.550704925164404,0.581186453122303
-0.8,"eld vs kin","130",1.82406472947035e-06,0.000341709069390952,0.0115151768778632,5.73895975419127,3.46634349432335,1.93872938670626,-4.01241282055006,-3.2528744128049,-3.2883413228631,0.588997673123386,0.575722829049788,0.594044387830425
-0.8,"eld vs kin","133",2.22541573097357e-05,0.00094185294120321,0.0136813696970218,4.65258884634487,3.02601690167603,1.86387042146963,-3.18245501145203,-2.47831392753237,-2.47245226426953,0.497686342904685,0.465884904440239,0.496398607991568
-0.8,"eld vs kin","138",0.000115244541493196,2.91652198390359e-09,7.42436621737647e-10,3.93837963561749,8.53513474563478,9.12934061407056,3.09818336013955,3.9077739271701,3.8960219372245,0.429406730229408,0.435644859666435,0.439604033859084
-0.8,"eld vs kin","139",3.01227860915518e-10,6.47189574528291e-06,0.00419293309944324,9.52110486221141,5.18896848731869,2.37748206694879,-4.62064746782681,-3.917674490104,-3.84618589997717,0.529037541771483,0.544904831037067,0.532691502161192
-0.8,"eld vs kin","145",0.000248792836661424,0.0231054313061693,0.0181513274733262,3.60416212817415,1.63628592014934,1.74109160791389,-3.03521510593484,-2.36442325571053,-2.35144059018422,0.537310973770045,0.519316620948218,0.53671430385196
-0.8,"eld vs kin","147",0.000207369300462365,0.00273566711705755,0.031579818365089,3.68325553737149,2.56293674979565,1.50059037221456,-3.52371663059809,-2.74959114458543,-2.65430008932114,0.565807202239766,0.567494651590862,0.562850649136707
-0.8,"eld vs kin","151",1.94222703042454e-11,2.30871388357543e-14,3.59383895978377e-14,10.7117000059946,13.6366298853954,13.4444413875621,4.70140303075144,5.40092076440473,5.4671018252664,0.49468847291634,0.483714585823628,0.484697759278546
-0.8,"eld vs kin","162",4.37692890039847e-05,0.00711553336162775,0.0193649005271697,4.3588305080854,2.14779254078979,1.71298472953833,-3.49113117737756,-2.794469155749,-2.72410227417504,0.606629189573432,0.608186962604336,0.612344715053205
-0.8,"eld vs kin","163",5.34885399132399e-05,0.0016826135688505,0.00545565785547234,4.27173925696155,2.77401561318985,2.26315287371441,-3.55201716312468,-2.89577567052613,-2.74508584882277,0.572320932044369,0.560411359217944,0.580720568752898
-0.8,"eld vs kin","164",0.0132831482229835,7.10134910286441e-06,1.08145968714264e-05,1.87669898115543,5.14865913687655,4.96598966483128,2.47613438107655,3.27291799423752,3.26493795345267,0.449997178078543,0.478125156902124,0.471288096191904
-0.8,"eld vs kin","169",3.72042239204718e-08,1.46265353614914e-05,4.38674843038909e-05,7.42940775040803,4.83485853454322,4.35785727063872,-4.20745602222324,-3.38678397672665,-3.42377124980312,0.528786864890864,0.510151253988562,0.529594011535659
-0.8,"eld vs kin","172",8.88585786043819e-07,0.000345951439355068,0.0229766500132678,6.05130063808154,3.46098485814428,1.63871329100054,-3.50387008993244,-2.80563777616567,-2.74260655562877,0.453646755671146,0.453202893860839,0.461186415533143
-0.8,"eld vs kin","181",3.00654159340531e-05,0.00865408739497818,0.0393895490016413,4.52193278361577,2.06277872330818,1.40461899170215,-3.2220738566504,-2.48780197572915,-2.54533997131949,0.489378709275945,0.475226921608,0.495048945588007
-0.8,"eld vs kin","203",2.59453954285153e-06,0.0158958573594188,0.0387832707129497,5.5859397059244,1.79871604299784,1.41135556831846,-2.89539442038283,-2.11551230195454,-2.10746052015895,0.434393779237801,0.42811608172223,0.4475411147008
-0.8,"eld vs kin","207",0.00397782773969887,2.16179042259953e-07,1.30214643169303e-07,2.40035402797832,6.66518641154846,6.8853401748305,2.91373135072916,3.53651479986362,3.6228843971368,0.470167377617268,0.463463688550598,0.475137482403242
-0.8,"eld vs kin","216",0.000968572243254359,0.012147132725934,0.0479718446307172,3.01386798085441,1.91552622315704,1.31901358156456,-3.06253370401645,-2.42511842250591,-2.38331279340966,0.507248679412797,0.51997424655383,0.520288463809743
-0.8,"eld vs kin","222",0.0350837875628183,1.31811163039523e-05,0.000250865091638054,1.45489352736877,4.88004780794254,3.60055976739692,2.52842142430125,3.20823778025121,3.3001464394895,0.50436034690761,0.497884389698434,0.512783999012867
-0.8,"eld vs kin","246",0.0430017659107711,0.000514624904309875,6.69728365504595e-05,1.36651370931446,3.28850920074782,4.17410130667642,2.13794154502759,2.88805921036921,2.92554949981259,0.46940011524487,0.474511222270682,0.469144809557798
-0.8,"eld vs kin","251",0.000252329124708199,0.024590150963845,0.03742263231777,3.59803261880446,1.60923880503259,1.42686566737383,-3.55865375642449,-2.76010676787765,-2.74213164606149,0.596402609244033,0.565633638832349,0.592979043379953
-0.8,"eld vs kin","252",0.000395259782901543,0.00202023016106169,0.0135834596552872,3.40311737223047,2.69459914937277,1.86698960282116,-3.21194542244305,-2.38245505986676,-2.42010147567328,0.472760653452903,0.460976585072099,0.477821874255676
-0.8,"eld vs kin","267",3.84498244316103e-05,0.000975901050966663,0.00448543045312818,4.41510563891995,3.01059421429813,2.34819587269842,-3.92683481365466,-3.28073039845727,-3.12409579138752,0.617202249757468,0.593815817677895,0.616022017562489
-0.8,"eld vs kin","282",1.10414830704377e-05,0.00107920513313329,0.000840499414098121,4.95697258910238,2.96689599765216,3.07546258496579,-3.5706458620139,-2.97999680466765,-2.99008605713437,0.468221978065567,0.467328322794054,0.476893185943339
-0.8,"eld vs kin","344",0.0148697038041334,5.32799224388423e-05,9.81688762627919e-06,1.82769768228582,4.27343641605261,5.00802618033741,2.32113910259461,3.07570797571001,3.06965829562281,0.416161106223997,0.416351219362643,0.41897049873288
-0.8,"eld vs kin","349",0.000365119710042493,0.0180901008579534,0.0406426142441094,3.43756472215396,1.74255901180627,1.39101836481676,-2.94246863834385,-2.3100565738488,-2.23355181036278,0.499983292395233,0.490155322070626,0.491639850933353
-0.8,"eld vs kin","473",6.20638352455744e-05,0.00182921283448182,0.014237069914123,4.207161390619,2.73773576009855,1.84657938226276,-3.46602969229651,-2.76603378150684,-2.71546656345086,0.528529142316383,0.524799832025689,0.532051225538774
-0.8,"eld vs kin","614",2.28357524190778e-07,0.00109833655753268,0.0040946766959288,6.64138467417872,2.95926456090351,2.38778038321177,-3.61154283156484,-2.87465092372731,-2.82582426480703,0.50174209118275,0.484711773603003,0.499330618768912
-0.8,"eld vs kin","616",2.85667648491853e-06,0.000313775840748157,0.000781494598822497,5.54413894014584,3.50338049807757,3.1070740191927,-3.44724996159867,-2.61210608516268,-2.63609274548666,0.440551768844518,0.412340876072826,0.431440446682366
-0.8,"eld vs kin","666",1.32021014490983e-13,3.06140843578384e-10,7.89249809655813e-09,12.8793569343163,9.51407872542586,8.10278551417498,-4.60293616051573,-3.85309872916933,-3.80643807779181,0.420395743640464,0.413755336004422,0.41653455449794
-0.8,"eld vs kin","728",1.41180491941186e-07,1.25976228002344e-12,8.78502374456596e-13,6.85022530914546,11.899711399497,12.056257060336,3.40062026656621,4.183276186397,4.12615922134865,0.388804652467681,0.404119233242992,0.382085727611372
-0.8,"eld vs kin","744",1.53051062380983e-08,5.48300457450369e-06,7.81942181030297e-06,7.81516365146621,5.26098139178187,5.1068253586893,-4.40656678043244,-3.59432087542886,-3.63197924507605,0.522451383780533,0.51921796036522,0.513047927600612
-0.8,"eld vs kin","770",5.53715542337589e-07,0.000439162545826637,0.00156320055057776,6.25671328602984,3.35737470597697,2.80598530066161,-3.37995420305215,-2.60997708524087,-2.61398602058582,0.449964715089067,0.414653351402115,0.432220396244537
-0.8,"eld vs kin","786",8.30662022538903e-09,1.58279952295611e-07,7.77311261572443e-05,8.08057564481202,6.80057408929909,4.10940504025368,-4.47393102117768,-3.77532626130991,-3.72372501676954,0.497632454913072,0.489081563196849,0.498003419280168
-0.8,"eld vs kin","849",4.63816386171265e-07,1.38193385272268e-05,0.00161849167138847,6.33365391223522,4.8595127442882,2.79088953109572,-3.51736766840617,-2.78570319766703,-2.7462330918743,0.437586920465782,0.403309475005015,0.437471416626777
-0.8,"eld vs kin","854",0.0243032711396112,6.38410747040635e-06,6.60457147898111e-06,1.61433526787198,5.19489981065927,5.18015535524116,2.51511915802056,3.21594095535348,3.18860700017512,0.471850498584794,0.457219113671879,0.460972049762999
-0.8,"eld vs kin","879",8.6300530660795e-07,5.77896910474026e-05,0.00143187531453616,6.06398653380569,4.23814962733266,2.84409479806623,-3.35798487545935,-2.60203612156625,-2.57601440913547,0.424016772567242,0.407318731670689,0.419539608739177
-0.8,"eld vs kin","886",1.0014276697639e-06,1.81930268428205e-11,1.12716345449359e-10,5.99938041307715,10.7400950397064,9.94801310060227,3.75301589010858,4.59774394554613,4.59070736462032,0.513167672508394,0.512362029240506,0.519605217125329
-0.8,"eld vs kin","891",1.15045640239113e-05,0.000136505269289594,0.000389363044537564,4.93912983467436,3.86485058394025,3.40964527088235,-4.12047012253364,-3.32289719093671,-3.26224196063563,0.563503937065622,0.55153706868532,0.581379857880559
-0.8,"eld vs kin","895",1.62305716741008e-06,5.86462259122172e-05,0.000204025667375901,5.7896661831599,4.23175993100347,3.69031519287555,-3.85896561482814,-3.09490771941845,-3.10408955889871,0.505158379392972,0.49915052303994,0.515122010593834
-0.8,"eld vs kin","914",1.64939015870472e-05,0.00124372357762182,0.00848469248939854,4.78267660103819,2.90527613254968,2.07136389319043,-3.67021073753307,-2.85464160069498,-2.87323596163791,0.577058319642003,0.550431456393547,0.561087707453786
-0.8,"eld vs kin","947",3.06834497608871e-07,2.56741304285003e-10,6.20452818049396e-12,6.51309581395736,9.59050425684458,11.2072912385647,3.57503470378919,4.21195160463732,4.27865157999236,0.437846548270107,0.42695524826805,0.432609818293909
-0.8,"eld vs kin","965",6.90444593211905e-05,0.00152114959143464,0.0291673275908167,4.16087116694459,2.81782807487531,1.53510336058446,-3.5438074607767,-2.81426577291616,-2.91759030228724,0.60023009741031,0.60915184900839,0.596428450547687
-0.8,"eld vs kin","978",7.01022197711277e-20,2.48124333380887e-18,2.57004624478699e-25,19.1542682299779,17.6053306426813,24.5900590620091,5.26773447769584,6.00899583208631,6.06908700908631,0.398604110464263,0.415531483521286,0.408156694174391
-0.8,"eld vs kin","984",1.21933462418545e-11,1.07653267170927e-17,1.81905740440944e-15,10.9138770938119,16.9679727852295,14.7401535955902,4.19216082501366,4.8535282010346,4.94375073013569,0.419577952883676,0.408070122297556,0.425501007468307
-0.8,"eld vs kin","988",0.0406319074395194,8.48547623466876e-05,5.13751295316149e-05,1.3911327895118,4.07132377853373,4.28924707013204,2.41738812080458,3.13832257240291,3.1103427308637,0.524041905017519,0.522448030791926,0.509675914941462
-0.8,"eld vs kin","991",9.07409912799529e-08,3.53487996363067e-05,2.11611692091171e-06,7.04219648068977,4.45162532925547,5.6744603400849,-4.51286502706086,-3.78161063104876,-3.7914508233929,0.56217114417458,0.556052454023846,0.566371423926304
-0.8,"eld vs kin","1014",4.13372334888964e-11,9.7470864864359e-08,1.80653051102516e-07,10.3836585920704,7.01112518039937,6.74315469910677,-5.02997335418824,-4.29113816711374,-4.28400517352627,0.52064449943603,0.513712922903063,0.528310026770259
-0.8,"eld vs kin","1021",2.93357664809654e-09,2.23644590821856e-06,1.42153442687312e-05,8.53260256011153,5.65044160142438,4.84724261805586,-4.55874477651612,-3.85376164446117,-3.73989018346499,0.549677543461147,0.550860627350526,0.549164699498441
-0.8,"eld vs kin","1030",5.33786354495725e-06,5.27284998222024e-10,3.26971175817913e-10,5.27263253253981,9.27795458459889,9.48549053093293,3.40760533177249,4.09388912705363,4.08951273546082,0.426076440912595,0.432577247275571,0.432453878108699
-0.8,"eld vs kin","1047",2.96879407189002e-07,0.00546729192040557,0.0371871756520977,6.52741992586084,2.26222773678402,1.42960680484317,-2.47201375111957,-1.71764637844169,-1.7007155886395,0.291506680617902,0.274221491369142,0.291329633435282
-0.8,"eld vs kin","1074",1.55135450819576e-12,4.44779025457797e-19,8.99176797197565e-13,11.8092889479242,18.3518557010634,12.0461549083799,4.28967326315178,4.9780249889219,4.91597075774219,0.396694246032638,0.385679246386596,0.387012489518974
-0.8,"eld vs kin","1076",9.83202433138877e-09,3.3240542465833e-13,2.3616225458411e-11,8.00735705536827,12.4783318974031,10.6267895137325,3.75883201021832,4.56581055348982,4.57883887319826,0.421687888781045,0.432936990026964,0.427562962265398
-0.8,"eld vs kin","1079",0.000117007883705833,0.00725420004214801,0.0221960951759629,3.93178487556501,2.13941047246621,1.65372342161662,-3.16148568214912,-2.38675721266156,-2.41927320104472,0.504816994092409,0.483533214002253,0.490331217747955
-0.8,"eld vs kin","1082",0.0327230480204558,0.000504026347769191,0.0008405016329759,1.48514625033041,3.29754676039637,3.07546143845088,2.12653362894168,2.9580617257827,2.82462977871327,0.497744043652508,0.496811165700186,0.489457199413037
-0.8,"eld vs kin","1089",0.00100323272988921,4.47594692727459e-10,5.57094434911542e-11,2.99859830767523,9.34911507168087,10.2540711798986,2.21678197659466,2.97370938677649,2.97348932347196,0.288405811548875,0.282691591101045,0.287935241328781
-0.8,"eld vs kin","1098",3.58646440000691e-21,6.52473527994645e-29,3.43941488269343e-26,20.4453334757047,28.1854371037277,25.4635154338329,6.17803254115303,6.91750729156366,6.99491220318426,0.437301565011313,0.439948682919349,0.450713394018618
-0.8,"eld vs kin","1101",4.73724774796107e-05,0.025413081524988,0.00862100425296549,4.32447390200229,1.59494267032326,2.06444214065818,-3.52462107592681,-2.64337362189358,-2.72522013002541,0.600325110225735,0.573898370034276,0.57954618669365
-0.8,"eld vs kin","1104",5.50646713050673e-07,0.000356401412495946,0.00415051069015623,6.25912694884606,3.44806058342871,2.3818984632225,-3.58904258694614,-2.85626757480406,-2.76823810911932,0.467659631253603,0.46014807079647,0.478985209526768
-0.8,"eld vs kin","1105",1.43194010779833e-12,3.41303000213807e-10,6.72681364030515e-09,11.8440751464113,9.46685989405194,8.17219060384808,-5.33299701249523,-4.65099549791448,-4.59547452030925,0.500934991851067,0.495840512507634,0.510702511282788
-0.8,"eld vs kin","1112",1.11517347567983e-07,6.822976932591e-06,4.68857631254421e-05,6.95265756878595,5.16602609699877,4.32895901090324,-4.31659711751471,-3.59555226063188,-3.57192724303718,0.525889069312203,0.533918571656219,0.530775679960574
-0.7,"cent vs mage","7",0.00270970002556543,5.86428266008988e-10,6.66919860579082e-11,2.56707878456931,9.23178510474504,10.1759263492908,3.05503244940836,4.11338431497564,3.92273374056486,0.416486070704452,0.418653932970503,0.416863184542513
-0.7,"cent vs mage","14",0.0437195428444461,5.61741211009311e-07,1.84585252257648e-07,1.35932438792024,6.25046371381763,6.73380300059603,1.59719828763121,2.66071237443699,2.430784432624,0.259636355519367,0.263241946600495,0.259076339471523
-0.7,"cent vs mage","20",0.0460997292624798,1.00254711482917e-06,4.1082961745257e-07,1.33630162515604,5.99889520850378,6.38633825486892,1.57668033994047,2.64201395326171,2.40805917709921,0.268050331115964,0.265541825580483,0.268624921508249
-0.7,"cent vs mage","21",0.0326073758801776,3.05157983154497e-08,9.36268471724354e-09,1.48668415018559,7.51547526409967,8.02859960097331,1.75121414603359,2.81896247919719,2.58833903883016,0.260846148797728,0.264851175356911,0.26107642167988
-0.7,"cent vs mage","24",0.000748054900920798,3.62014541115852e-09,3.08087398572476e-09,3.12606652741363,8.44127398471672,8.51132606488449,3.37930252316041,4.48820183067633,4.1915502936683,0.487434920111491,0.480850771740785,0.488733496353494
-0.7,"cent vs mage","26",0.0389153548893999,7.82620166434286e-06,1.01469490488753e-05,1.40987900463946,5.10644896545874,4.99366452035353,1.96466055074828,3.05964999394467,2.81223892049283,0.371832965397116,0.370394129960832,0.372293510244551
-0.7,"cent vs mage","39",0.0322133357800175,4.75841023622277e-07,4.09498534558097e-07,1.49196430045684,6.32253811890917,6.38774764807809,2.45795715696766,3.5404586566425,3.30618076162289,0.415740738925107,0.421382605172893,0.417466855048863
-0.7,"cent vs mage","42",0.0322931247247199,2.65536391956242e-06,1.42930356529954e-06,1.49088993005109,5.5758759501279,5.84487552297019,2.37437463630121,3.39441546921598,3.19690969939117,0.412683322084601,0.413720043738972,0.412911052980328
-0.7,"cent vs mage","57",6.69447800041158e-06,0.0497745556283231,0.00253106101953221,5.17428328129261,1.30299260852865,2.5966973846218,-3.11482524444013,-1.98753210125188,-2.23424884620678,0.449142714722947,0.423910341045101,0.446837608156417
-0.7,"cent vs mage","100",6.26558709390967e-06,0.021939097388599,0.00112990298057864,5.20303822878805,1.65878124399989,2.94695884572742,-3.78285972516541,-2.7195140458185,-2.94246123471839,0.568245891722705,0.561438554977296,0.565535867744684
-0.7,"cent vs mage","114",5.19491804071425e-12,1.42077873497592e-06,4.05056347090302e-08,11.2844212998385,5.84747355167227,7.39248455819713,-4.79535815517944,-3.71500140418727,-3.97212271095528,0.491680474469703,0.464764754215978,0.496906146697169
-0.7,"cent vs mage","132",0,1.23700047728141e-09,1.73746224748797e-10,13.824349840888,8.90763013280367,9.76008462321887,-5.42946065083403,-4.2806291824286,-4.54026713722488,0.487808879165583,0.474916524245209,0.478971146818413
-0.7,"cent vs mage","143",6.65622864366127e-13,3.18369832044101e-08,1.82746149347361e-10,12.1767717683016,7.4970680916803,9.73815176531298,-4.87985413342311,-3.81379947519329,-4.12573839418699,0.449208768346901,0.45035729276026,0.450407812840542
-0.7,"cent vs mage","148",3.68183807730133e-07,0.0125578792848931,0.000288311864873531,6.43393531514782,1.9010836959995,3.54013748476034,-3.72221981004362,-2.67538525327055,-2.88621555289163,0.494394994955109,0.480230392305348,0.505099266490669
-0.7,"cent vs mage","169",1.3652792351663e-07,0.00391426778684278,0.000203244174060736,6.8647785150045,2.40734946626874,3.6919818944893,-3.44824791757871,-2.41015236506371,-2.62190780716596,0.434497540206359,0.412657779362211,0.436009648166466
-0.7,"cent vs mage","210",0,8.84482666505907e-11,5.41673696637564e-12,13.824349840888,10.0533106736809,11.2662622529904,-5.40275812382207,-4.22287346669171,-4.66232675630164,0.452603142346666,0.448692617892099,0.464806759757434
-0.7,"cent vs mage","219",7.00999476719945e-13,3.36447235744226e-08,4.15189804783635e-10,12.1542823062241,7.47308303551698,9.38175331937099,-4.91783600499624,-3.77426899378727,-4.10248846915275,0.466738421775699,0.448074621418267,0.462007732679795
-0.7,"cent vs mage","289",3.87458636362979e-06,0.0399245749073692,0.000394948898593369,5.41177465434002,1.3987596992688,3.40345909296748,-3.44775802536588,-2.49116023388273,-2.70712603369449,0.480518305484612,0.473656467383851,0.485903218816588
-0.7,"cent vs mage","353",9.96215515813296e-11,6.57267379481257e-06,3.48174474112777e-07,10.0016466985205,5.18225792144371,6.45820307169751,-4.29822828610036,-3.28114279962325,-3.58497604564268,0.450408820582446,0.442606648206671,0.461522588224937
-0.7,"cent vs mage","363",2.67396320506814e-05,0.0153444518141424,0.00396214144044125,4.57284457311959,1.81404862227586,2.40207002508552,-3.00814808465929,-2.04926367633474,-2.28411534448723,0.437094896667071,0.421533139066644,0.446012728783609
-0.7,"cent vs mage","464",2.31075072909053e-06,0.0461666656230282,0.00614201886795915,5.63624690126228,1.33567149113681,2.21168885376108,-3.1595015518965,-2.20703483130628,-2.38601984003201,0.466675610485603,0.470764173047683,0.47637842408598
-0.7,"cent vs mage","531",4.28584487671138e-05,0.0309236103042737,0.00509732507765503,4.36796355200801,1.50970980829534,2.29265766875976,-3.19973569611332,-2.22994252223522,-2.36029357722879,0.474343777747316,0.458687457438099,0.480282970271598
-0.7,"cent vs mage","546",1.66951136554527e-05,0.0425655453116393,0.0022064182716326,4.77741062004969,1.37094179844408,2.65631215470505,-3.30315929256722,-2.18598849215221,-2.37864492462559,0.445984547701658,0.428136413365806,0.439232904450175
-0.7,"cent vs mage","675",5.47625726637184e-09,0.000825101424241001,1.51274893305657e-06,8.2615161575539,3.0834926632309,5.82023314470378,-4.00657661757976,-3.00352233806909,-3.27362115691409,0.472371074713953,0.475817554425242,0.476403568825536
-0.7,"cent vs mage","769",1.0065514503625e-05,0.0327766068158672,0.00404790016592998,4.99716402103619,1.48443600858801,2.39277020711697,-3.21936750821637,-2.08927619125794,-2.24388747943213,0.454657836542875,0.441241126625998,0.455740562270314
-0.7,"cent vs mage","770",2.69979480849834e-09,0.0063710738614056,4.79478651660415e-05,8.56866924210888,2.19578736000744,4.31923072461944,-3.16792433710157,-2.09475144443893,-2.32018125566116,0.355883456481435,0.324677904953264,0.346490134643155
-0.7,"cent vs mage","819",4.69763381603381e-06,0.0406153841772432,0.0184640968801638,5.32812083980916,1.39130943445801,1.73367192979764,-3.07215623911296,-2.06140959657231,-2.22421181121103,0.442344871077493,0.445043151435753,0.443267092219772
-0.7,"cent vs mage","854",0.040932440476928,5.47162426595638e-06,8.09270693622931e-05,1.38793236104576,5.26188373307603,4.09190618656692,2.25528198205476,3.31647237932083,3.14601922408401,0.460377376284217,0.459850781968575,0.466665424127087
-0.7,"cent vs mage","917",4.79794426174888e-06,0.0438782501811917,0.00114334758671913,5.31894480158609,1.35775069996253,2.94182172057058,-3.47043966698502,-2.33407184818386,-2.59038156857309,0.506084205503027,0.479655108312166,0.498971243686226
-0.7,"cent vs mage","921",1.49847726819511e-13,2.7746190678985e-08,1.28814789853345e-09,12.824349840888,7.55679663346588,8.89003427064899,-4.88260376924646,-3.85777075077457,-4.13069511718716,0.470005138680114,0.468831106098896,0.480568368343555
-0.7,"cent vs mage","978",0.031070515786012,8.92329845668025e-05,1.52373487407203e-05,1.50765153718083,4.04947458096653,4.81709059253987,2.23990749738314,3.27393369525206,3.11779856343903,0.448237811583153,0.450105223474883,0.45302087799567
-0.7,"cent vs mage","1019",1.21304088296228e-09,0.00179424635991068,1.25686941873059e-06,8.91612456191519,2.74611792617259,5.90070984058818,-3.74834855940847,-2.67760161955481,-2.92910409797497,0.396829046938637,0.390582228935877,0.39891108501388
-0.7,"cent vs mage","1058",1.15325732907693e-08,0.0318173940199967,0.000262667694328667,7.93807377672182,1.4973353937995,3.58059333809154,-3.80469494049147,-2.61589657973742,-2.76881231582254,0.470734610991042,0.45486481870205,0.44303409646886
-0.7,"cent vs mage","1074",0.0414767004152937,3.05386193758441e-07,3.86762829681612e-07,1.38219580022003,6.51515060090782,6.41255527098991,2.21193523817064,3.23915629292902,2.9704415939889,0.372822556931224,0.383749412895657,0.37593914160778
-0.7,"cent vs mage","1079",7.7770522849473e-06,0.048636508857803,0.0012318851744139,5.10918498128304,1.31303760639582,2.90942977142686,-3.13015484252154,-2.07436666225045,-2.29033712217813,0.424678111625832,0.397990026966126,0.418797065306175
-0.7,"cent vs mage","1087",0.0274004113031397,1.05015947731898e-06,2.5627727978131e-06,1.5622429180065,5.97874474392013,5.59128989441264,2.84159068774024,3.78709205028176,3.7152873545139,0.499152904852698,0.496016306843352,0.498520312751081
-0.7,"cent vs mage","1098",0.000185508001907218,5.50434402824476e-10,1.21607947985663e-11,3.73163735230663,9.2592944299871,10.9150380397548,3.44812162206355,4.47359800894135,4.26711003420112,0.437988558856871,0.438599598164973,0.442420776193414
-0.7,"cent vs mage","1104",2.56851973531385e-06,0.0130272889753339,0.000290562030434978,5.59031709300954,1.88514595309425,3.53676113831724,-3.4687553582619,-2.47035094368451,-2.72086190959931,0.451641700520395,0.43857498608629,0.450360000623317
-0.7,"eld vs kin","3",0,0,3.25531268607904e-13,28.631002364381,28.631002364381,12.4874072893334,-5.41086132263051,-4.69951510760079,-4.91618063631682,0.44689985663274,0.43223694247768,0.445748670928794
-0.7,"eld vs kin","4",4.5765740413907e-06,1.03722497498812e-08,9.85747593065512e-08,5.33945950707941,7.98412703454736,7.00623427468552,1.82146027247534,2.52291193545706,2.29805756032756,0.220726028457856,0.227974435426909,0.219849238580052
-0.7,"eld vs kin","5",1.90223013873976e-09,1.14042934533784e-06,7.14554201878354e-06,8.72073694168963,5.94293161602557,5.14596482259888,-3.45541098373454,-2.7488294502334,-2.96939970953621,0.385170261250282,0.384498052191604,0.384919169085305
-0.7,"eld vs kin","7",7.9280190844943e-28,2.33882450562361e-28,1.58552632335647e-27,27.1008353130787,27.631002364381,26.7998265432972,6.88943383978007,7.62249988633407,7.38345340794102,0.463720747854152,0.474565241035179,0.464208959133558
-0.7,"eld vs kin","10",6.22059757204148e-07,0.000174151962165121,0.00035481286234298,6.20616789348049,3.75907162799481,3.45000064491886,-3.38494707203315,-2.68121578098442,-2.90570745271522,0.47015413866134,0.481456844581636,0.475338242452198
-0.7,"eld vs kin","11",3.07813614731835e-06,1.5434651498643e-08,8.9328624521599e-08,5.51171217504338,7.81150317207272,7.04900935320787,2.51408173774132,3.23881077968249,3.00354690319605,0.345353034443788,0.355341599980761,0.35083973203786
-0.7,"eld vs kin","12",1.00577158343395e-05,0.00214356753711043,0.00531857747221834,4.9975006388803,2.66886282867664,2.27420451029473,-2.64137687472748,-1.94448189504482,-2.17815282656721,0.369986934830925,0.378042098696283,0.368946050967904
-0.7,"eld vs kin","14",2.82240013546902e-06,1.21750829495937e-08,1.0403344593721e-07,5.54938141570309,7.91452807122806,6.98282701598176,2.1634610591311,2.84798299178094,2.63404879409784,0.276836823825893,0.279588320038154,0.276710593746686
-0.7,"eld vs kin","15",0.000902721423177576,5.32418113835101e-05,0.000129680939085603,3.04444625084102,4.2737471774558,3.88712385320104,2.25685472565546,2.94892639773162,2.73879526064379,0.429901045997572,0.443257806206306,0.426086271114473
-0.7,"eld vs kin","16",3.90345273069993e-08,6.06186399644123e-11,1.44509531509764e-09,7.40855107540535,10.2173938116599,8.84010350691728,2.31749326011663,3.01159731321133,2.78718925204757,0.266637881687093,0.262173531403751,0.26681955384983
-0.7,"eld vs kin","21",3.01105720846377e-15,2.52622749015299e-17,4.32562991147995e-17,14.5212809930478,16.5975275432227,16.3639506403009,3.39040115232233,4.09587561560438,3.86328607254628,0.293441163229118,0.298045261745837,0.292299709541871
-0.7,"eld vs kin","23",0.00340116134491722,3.25917768639991e-05,0.000341076565212751,2.46837276543712,4.48689196168294,3.46714811919835,1.70995622668076,2.42079591992291,2.18128536207175,0.309201722656706,0.301425079193585,0.310483061711122
-0.7,"eld vs kin","25",0.000427177535528647,7.00227982892514e-06,8.83065608982424e-05,3.36939159411731,5.15476053771127,4.05400702851698,2.35100413445447,3.06143153367741,2.81989430648893,0.421310619487205,0.418180856052444,0.424545096220227
-0.7,"eld vs kin","26",0.0105681312061929,0.000347372906943078,0.00142170560078164,1.97600180347719,3.45920405699992,2.84719032568288,1.7248801816549,2.42908136953585,2.21529019819897,0.362161821243195,0.363514837969554,0.363697924848473
-0.7,"eld vs kin","29",0.00109849037407982,2.30698321262857e-05,0.000108898585884611,2.95920374438965,4.63695556572568,3.96297775978966,1.74124547684123,2.43613079327821,2.22436266689029,0.292337826832247,0.290394966219556,0.291630356009647
-0.7,"eld vs kin","31",0.000279180227246075,2.9287037092852e-06,0.000105117020948096,3.55411534357755,5.53332456274355,3.9783269556623,2.9122019239674,3.61290088219703,3.3540465150423,0.542984900727975,0.5232523465036,0.534532576749607
-0.7,"eld vs kin","33",1.8797929895777e-09,7.64620534271772e-07,8.38431855217963e-06,8.72588997437153,6.11655404296207,5.07653222954622,-3.87442062164696,-3.18145523313155,-3.38716445507545,0.457383368947272,0.451331599402727,0.456114321253303
-0.7,"eld vs kin","36",0.0178451603475127,0.000108943217867326,0.00117261521242854,1.74847954534199,3.96279980107148,2.93084447597851,1.4154679380148,2.12093261553045,1.89052299937207,0.261144599126761,0.256006397604932,0.261671823679456
-0.7,"eld vs kin","38",6.02193983340199e-05,0.0045587868214344,0.0147375898567771,4.22026358793851,2.34115071585668,1.83157353394547,-2.46383172133933,-1.7750060907164,-1.99945002726254,0.377662833505735,0.367361974195576,0.377450304500437
-0.7,"eld vs kin","47",0.0291661719142328,0.00245299032141953,0.00427409729356917,1.53512056867133,2.61030416535349,2.36915559598119,2.13520426025196,2.80881251976325,2.66362134687232,0.536999279940235,0.533074712786572,0.537718938810502
-0.7,"eld vs kin","55",0.0231491818831958,0.000578887952292395,0.00328601562553186,1.63546435280551,3.23740548879453,2.48333037575606,1.82830602645265,2.50333455625532,2.3218039017307,0.418797331819796,0.41839684935572,0.41903063758343
-0.7,"eld vs kin","57",3.10697898719367e-05,0.000518559241107947,0.00334410725456305,4.50766168391165,3.28520162188513,2.47571980201116,-3.05055503272295,-2.42149432408771,-2.56288171439237,0.478646199401541,0.452473796414964,0.488229815304819
-0.7,"eld vs kin","61",0.0393634224431614,0.00268736479835864,0.0084823523543179,1.40490714897132,2.57067337593357,2.07148369104189,1.5239435268941,2.25164024347496,2.03028665161703,0.360987606972904,0.370783528942433,0.369342515316837
-0.7,"eld vs kin","62",2.88761120646371e-05,0.00473650785111079,0.013107746648283,4.53946128141199,2.32454173848309,1.88247196142424,-2.30545112800005,-1.59794055219253,-1.83023283178846,0.317872100151889,0.306559243631589,0.319343113205515
-0.7,"eld vs kin","65",1.1201913436841e-09,9.70888071705218e-07,0.000100585588812317,8.95070778767938,6.01283083460555,3.99746423744727,-3.3647893681672,-2.65814081652316,-2.8465293916075,0.365738464249731,0.376408469086334,0.368483820537407
-0.7,"eld vs kin","67",3.10029779626575e-14,6.66564026197136e-13,4.88025626854682e-11,13.5085965884034,12.1761581284878,10.3115573720355,-6.06091596345867,-5.3145815197107,-5.60100673039093,0.566791925113547,0.555704074801348,0.562643758747033
-0.7,"eld vs kin","68",0.000150347943351546,0.0168318765324948,0.0346327635272219,3.82290250834952,1.77386746321153,1.46051285246621,-2.31866739116211,-1.65901100584013,-1.86407002290425,0.386353936777187,0.35627404220231,0.385303266028047
-0.7,"eld vs kin","70",0.0404500470815159,0.00863699916404149,0.0105666009222137,1.39308096855775,2.06363712243678,1.97606469463522,1.96787355917294,2.60251721224252,2.31236767740448,0.519436569015773,0.516996600919481,0.511970019572692
-0.7,"eld vs kin","71",0.0424089145306942,0.0137761835116032,0.00783884156187802,1.37254284329985,1.86087108064465,2.10574811339425,2.10458996765046,2.71260579846627,2.530204447466,0.545271922293748,0.548764795317886,0.548108949757635
-0.7,"eld vs kin","74",1.54686731655042e-05,2.21104819882744e-07,1.0746526056938e-06,4.81054693656649,6.65540179009581,5.9687319039466,3.13768724822848,3.77777197658939,3.5873386616411,0.496852411352855,0.490815908491729,0.502250979301277
-0.7,"eld vs kin","77",0.0276152827224619,0.000389698021926013,0.00862966416972663,1.55885050615471,3.40927179864354,2.06400610487256,1.6859547491785,2.35823068052593,2.13690703348179,0.369347474570476,0.359656525657033,0.369012493687097
-0.7,"eld vs kin","79",8.43776398550845e-11,6.87814860916865e-09,1.52993705602304e-06,10.0737726265276,8.16252844505302,5.81532643636161,-4.39133225757644,-3.69267424838466,-3.90665634151664,0.486843332340208,0.469315151732979,0.487212000352447
-0.7,"eld vs kin","80",0.00512338012315277,0.000130688508029856,0.000796792757991492,2.29044342096079,3.88376260001432,3.09865462184669,1.7718834681537,2.50771609198126,2.25947334545728,0.343957244901317,0.363898247486178,0.344939479517948
-0.7,"eld vs kin","81",0.000241754156865603,0.0338533316136893,0.0470206340477539,3.61662604966162,1.47039858457879,1.327711518946,-2.10831277106124,-1.37998366833197,-1.62310350153122,0.318179804264721,0.305751897794906,0.313699036513784
-0.7,"eld vs kin","82",5.10442569726634e-08,3.81112115673785e-05,3.96572657424274e-06,7.29205311362382,4.41894724465047,5.40167723248854,-4.51554837774027,-3.8156170272042,-4.08667251074963,0.604471274877214,0.589198096398056,0.605632099374739
-0.7,"eld vs kin","83",5.54541511197375e-08,1.94842492737762e-06,6.57555415085158e-06,7.2560659384072,5.71031632287295,5.18206764139094,-4.08022207601698,-3.34203260456075,-3.64682647755683,0.52850880291573,0.491217937240856,0.532088355747415
-0.7,"eld vs kin","84",2.56147044762361e-10,1.41747255246323e-08,1.13826719927795e-07,9.59151065033147,7.8484853419089,6.94375577875746,-4.42622996736687,-3.75736624615075,-3.98893431640928,0.482174063790551,0.464953273620851,0.481531312452244
-0.7,"eld vs kin","85",0.000122621267554639,0.00341121696831074,0.00907432128079434,3.91143419881766,2.4670906566866,2.04218584838871,-2.9494472686406,-2.25753662269782,-2.46518336248253,0.490021913327859,0.469756784069194,0.48510923675139
-0.7,"eld vs kin","87",2.33390377477602e-06,0.000257606440090447,0.00165076283244484,5.63191705357997,3.58904328393341,2.78231531799054,-3.47562447915637,-2.77685099564159,-3.01394768351072,0.524271846604536,0.509092388116062,0.528004271269608
-0.7,"eld vs kin","88",0.00119889973381804,0.0230972141859356,0.0350843928548563,2.9212171362259,1.63644039831717,1.45488603465653,-3.02288640427807,-2.2425548967716,-2.53738210389719,0.595147199241941,0.599336579301103,0.601181593392763
-0.7,"eld vs kin","89",4.49385282200399e-12,3.24876639758644e-14,5.52269692604099e-14,11.3473811552454,13.4882815154591,13.2578487892876,4.20022751709161,4.90261584966206,4.64467560939792,0.434746193159007,0.438044932578786,0.430879242695157
-0.7,"eld vs kin","91",2.01950894383178e-10,1.9735742807334e-07,1.55220921044257e-07,9.69475421912277,6.70474652312936,6.80904974389136,-4.93985565387727,-4.22059942502707,-4.45021106653444,0.573936524948474,0.561073220412344,0.578292776636435
-0.7,"eld vs kin","100",1.7810934660042e-08,2.67204075848795e-05,4.49536609758744e-05,7.74931328957393,4.57315692155151,4.34723493403359,-4.42675231304095,-3.64797517450814,-3.89225880010349,0.55539245871058,0.556084559011356,0.558135344134945
-0.7,"eld vs kin","102",3.62032496610854e-05,0.000579218819853799,0.00237778106584748,4.44125244475593,3.2371573355784,2.62382813553379,-3.50375637392398,-2.78054841467015,-3.00772318937073,0.53864347009477,0.523431799487343,0.547593367101489
-0.7,"eld vs kin","108",0.000362578603631992,0.00990435939800825,0.00720600444816247,3.44059782792592,2.00417360885911,2.14230547412966,-3.34470324459661,-2.64131263117119,-2.88506469228757,0.640425308230188,0.643857002229598,0.647903423061028
-0.7,"eld vs kin","110",0.000118465863673991,0.00237472303946312,0.00671869702540044,3.92640677500224,2.62438703422723,2.17271494265241,-3.06585617628695,-2.35589409823746,-2.58928477351798,0.529843752341222,0.498995212870178,0.528397724297157
-0.7,"eld vs kin","111",1.87777764206647e-10,8.01583645647732e-07,2.74422389265663e-06,9.72635583621311,6.09605115210233,5.5615804587894,-3.93022406487985,-3.13164733483412,-3.35343687419306,0.4564988580695,0.444290416868882,0.46613504480218
-0.7,"eld vs kin","115",0.000102047130505992,0.00314774772267813,0.00330553073771261,3.9911992028336,2.5020000815986,2.48075880003474,-3.29978124713075,-2.61355498556592,-2.81223487230181,0.570231639779298,0.544790219593291,0.56601987098127
-0.7,"eld vs kin","118",5.31408297239667e-06,0.00135813711524295,0.00217981178414805,5.27457166893728,2.86705638220033,2.66158100393428,-2.9143286368095,-2.11573339612324,-2.34233816746832,0.395603003009557,0.38293776297744,0.390574935603577
-0.7,"eld vs kin","119",0.00132435172437436,1.82882981277639e-05,0.000178205369594095,2.87799665865083,4.73782670721414,3.74907921416024,1.79214794918252,2.46636214374648,2.23357477504366,0.321051319250778,0.308927834974135,0.31306260912958
-0.7,"eld vs kin","121",5.77290836369465e-09,4.4011513554176e-11,5.25447810185294e-09,8.23860533622346,10.3564336958105,8.27947041355417,3.97726418775929,4.57964369470127,4.48647712894869,0.50634849029629,0.480022989609608,0.511002489574093
-0.7,"eld vs kin","124",0.0178680925200276,0.00083241751119691,0.0123413754407007,1.74792180744077,3.07965879230448,1.90863643568217,1.86051758375127,2.57906713731908,2.38325702101973,0.430657374224777,0.418987207781355,0.435571656881876
-0.7,"eld vs kin","125",0.0259783590882138,0.00495698289528485,0.00393369111198649,1.58538828441928,2.30478257968194,2.40519974549105,2.38860181221181,3.00192078377654,2.70225036825846,0.548967146640576,0.523273845363529,0.538757542998839
-0.7,"eld vs kin","126",0.00189601228595631,0.021375324591029,0.0354330852263382,2.72215885280716,1.67008728165137,1.45059103117123,-2.75263459348144,-2.05726625859119,-2.29544215026843,0.528548106041512,0.505455667392802,0.522763775894502
-0.7,"eld vs kin","128",0.000174338251595664,0.00294908320523858,0.025829170017581,3.7586073137832,2.53031297411954,1.58788954901739,-3.28444978528011,-2.6293628599121,-2.79872049719756,0.576817265264984,0.551029149511569,0.583514593423012
-0.7,"eld vs kin","130",8.22260799754355e-06,0.000781451500306543,0.000181061571152486,5.08499041368852,3.10709797068748,3.74217371538111,-3.86622034863273,-3.19129836404649,-3.42118226966454,0.587690207022727,0.57858951559848,0.582659661596238
-0.7,"eld vs kin","133",2.97180950374312e-05,0.00198481055245312,0.00977230179957826,4.52697903277308,2.70228093975762,2.01000312910471,-3.16676195392033,-2.42499419729983,-2.66799634020204,0.49292186445692,0.469428325444283,0.501076600135076
-0.7,"eld vs kin","138",2.22806697225747e-07,8.45410210262539e-08,1.59622784731811e-08,6.65207175907967,7.07293251137582,7.7969051168886,3.25690803912152,3.96783997962201,3.70861333105285,0.433216728375678,0.438328549065261,0.440757099985563
-0.7,"eld vs kin","139",3.56612534977103e-09,3.24207409372128e-05,6.86497551529804e-07,8.4478033953847,4.48917706409374,6.16336100738424,-4.5530008588928,-3.79146333834141,-4.13392085966107,0.534840370639655,0.537559550852987,0.533080041861478
-0.7,"eld vs kin","145",0.000161014684861601,0.00814120474379424,0.0145503888168153,3.79313451363567,2.08931132301409,1.83712540126631,-2.97920986541933,-2.32234221269116,-2.49124020898304,0.531727750100246,0.522729743708755,0.526876411123028
-0.7,"eld vs kin","147",0.00386103297490517,0.0118128739269999,0.00266366921062669,2.41329648929587,1.92764443102343,2.57451970927628,-3.3620904708193,-2.6780652597736,-2.95755382734814,0.575086178041817,0.55716572400745,0.562127755440252
-0.7,"eld vs kin","148",0.00568642592960659,0.0418238850411665,0.0326666311778533,2.24516061352529,1.37857562781741,1.48589565084158,-2.61176430320043,-1.99529873805295,-2.15513084362883,0.53200774745099,0.519236716412769,0.533313510662085
-0.7,"eld vs kin","150",3.09951855516308e-05,0.0161913759617135,0.0231135974791703,4.50870575941539,1.79071624283479,1.6361324541851,-2.50174824079612,-1.76611360913084,-1.97032087524774,0.411967731761003,0.423170492710638,0.398295733842752
-0.7,"eld vs kin","151",5.42955485922251e-12,2.90575178673884e-14,2.19302113845464e-14,11.2652357744826,13.5367414864777,13.6589571821529,4.7259157089861,5.45730942312094,5.23751791349006,0.476815486073213,0.494336596062554,0.492271865401941
-0.7,"eld vs kin","162",0.000145703513590167,0.00253135374194843,0.0143371138882181,3.83652997524152,2.59664716047533,1.84353826488661,-3.4395408236762,-2.71421521888152,-2.79881503642935,0.606801708043837,0.610520275176813,0.60343715516547
-0.7,"eld vs kin","163",0.000152113933782126,0.0102478654756063,0.00293744718852441,3.81783100233408,1.98936658423774,2.53202993269931,-3.5076113632329,-2.91609362578447,-3.02866261137658,0.57520134473213,0.558236493074858,0.573285496471146
-0.7,"eld vs kin","164",0.000224233480926575,7.2218372753308e-06,1.37298850233653e-05,3.64929954117878,5.14135230145642,4.86233309961154,2.56967820362717,3.22825324665232,3.05089074879946,0.46137328037618,0.460194106162941,0.46330668158892
-0.7,"eld vs kin","169",6.04618105974833e-08,3.53935363341991e-06,6.14049710929296e-05,7.21851885152271,5.45107604279619,4.21179646874747,-4.05900037971047,-3.29802494035765,-3.54154560187868,0.538189366741223,0.504196945467798,0.524094620805385
-0.7,"eld vs kin","172",1.13213345618385e-06,0.000285297338011797,9.04090540068e-05,5.94610237538453,3.54470228054124,4.04378807496384,-3.42701848839555,-2.70318359602657,-2.92986136007593,0.461228621667131,0.461202841504224,0.452480011487784
-0.7,"eld vs kin","181",4.19572491868792e-06,0.00152044311522614,0.0012781036789215,5.37719299288364,2.81802982359978,2.89343391506873,-3.17158420343135,-2.4662417686821,-2.71087884013881,0.479391542829126,0.460592041988363,0.494156168423792
-0.7,"eld vs kin","200",0.000327503737495146,0.00866829128725854,0.0201410666437301,3.48478373944546,2.06206650317554,1.69591753352323,-2.92717433233234,-2.14994009060088,-2.32639166158741,0.524773696495011,0.501043597478687,0.521785495288752
-0.7,"eld vs kin","203",5.43941056762739e-05,0.00202242547910102,0.0365135681211133,4.26444815932685,2.69412747199577,1.43754572553854,-2.88749627056193,-2.15639372749665,-2.32550483443115,0.44250178784265,0.429537851802842,0.44761718196229
-0.7,"eld vs kin","207",4.8094512176711e-05,3.52399679674711e-07,0.000212993744917363,4.31790447596176,6.45296449502608,3.67163315049442,2.96945916692048,3.57214241134985,3.34256302101516,0.463587954636957,0.448684512005804,0.467650041903214
-0.7,"eld vs kin","216",0.000287900486992158,0.00401262712622043,0.0290883756270876,3.54075760049938,2.39657119524964,1.5362805302445,-3.06745913469031,-2.39264511955411,-2.49522028946203,0.515476188388172,0.508775678178951,0.518732955632079
-0.7,"eld vs kin","222",0.0020134475783052,7.34035721664885e-06,0.000647603027538892,2.69605967310853,5.13428280473726,3.18869112959074,2.66150781057792,3.34064713774519,3.12329867906423,0.507765272828036,0.503111438931152,0.507372948179756
-0.7,"eld vs kin","246",0.00357169326844606,0.000296154044846648,0.00411527668003668,2.44712584472782,3.52848233142559,2.38560096079831,2.25677397557655,2.99927173122217,2.83295800203488,0.473851811956469,0.492371001541616,0.478646213657058
-0.7,"eld vs kin","251",0.000418468481876353,0.00496169020567482,0.00683899057032345,3.37833724654204,2.30437035537338,2.16500799507664,-3.5569127395358,-2.64094716816108,-3.02564559407584,0.590935413448022,0.565716228307665,0.602758067679183
-0.7,"eld vs kin","252",3.63635758113453e-05,0.00277988225726241,0.0114952130751382,4.43933341701283,2.55597359836398,1.93948297424254,-3.04568205300414,-2.30172833315419,-2.58815725122463,0.466647655885341,0.476095059353496,0.471428423982049
-0.7,"eld vs kin","267",2.86691610742818e-05,0.000905959234291891,0.000836353524456944,4.54258501532491,3.04289134395718,3.07761010860507,-3.83999223397997,-3.09490486860847,-3.30193338245201,0.596336719511728,0.602553074635216,0.614551144471977
-0.7,"eld vs kin","282",4.47718157579196e-06,0.0017906757515301,0.000305415956439788,5.34899529208843,2.74698304735587,3.51510827699563,-3.52923554704427,-2.71414428850946,-3.1258280530953,0.469495626921967,0.472569522885049,0.47990408885127
-0.7,"eld vs kin","294",0.0384064430424414,0.000522573679900246,0.0398260775305411,1.41559591253207,3.28185246786155,1.39983246513794,1.96544658219663,2.72110072244767,2.51368092044606,0.442337864559423,0.441505519341709,0.446347645346158
-0.7,"eld vs kin","329",0.0124133041948476,0.000692252336957273,0.000987719816892094,1.90611260185438,3.15973556945608,3.00536623277534,2.04463852122419,2.67545677182736,2.4690982118036,0.422663139920354,0.426463094510504,0.427006034542843
-0.7,"eld vs kin","344",0.000242871167145341,4.13847322485669e-05,0.000106588577116653,3.61462404012665,4.38315985025965,3.97228933528149,2.37935952060804,3.13020316389269,2.8969743052255,0.41758915065698,0.419450796378608,0.422570817511447
-0.7,"eld vs kin","349",0.000363062554279549,0.0059866424109867,0.035726483054613,3.44001854125064,2.22281668198681,1.44700973401169,-2.96246376499874,-2.2025366177722,-2.40429182355085,0.487396305986703,0.484800346414405,0.502899672092206
-0.7,"eld vs kin","363",0.000442586978842264,0.0156500441449672,0.00918801629413512,3.35400136740862,1.80548443307673,2.03677824329344,-2.906038547778,-2.25319090345131,-2.47300770773689,0.490382149792764,0.473045774009865,0.488988818979567
-0.7,"eld vs kin","473",2.07084908801734e-05,0.00376861378079491,0.00169475891561508,4.68385154892372,2.42381836811266,2.77089207272033,-3.33211101583796,-2.65927096848475,-2.8327656303359,0.532280868050591,0.520792977559206,0.540543364584203
-0.7,"eld vs kin","614",2.26377003579776e-05,0.000355415267229779,0.000210210607929172,4.64516769287981,3.44926392056213,3.67734537180511,-3.48927071884688,-2.77640529526246,-3.03073080717487,0.501624394122865,0.493825457237135,0.503970205814315
-0.7,"eld vs kin","616",3.90409448809209e-06,2.96935664416467e-05,0.000997176278212462,5.40847967994991,4.52733763693051,3.00122806145985,-3.31709682057339,-2.63578048545511,-2.74603446966897,0.437013056957852,0.414553276040748,0.429281037710647
-0.7,"eld vs kin","666",4.29158722448086e-12,8.36495408324243e-11,5.99740982570873e-11,11.3673820562194,10.0775364386166,10.2220362731628,-4.52763326580889,-3.81399703097665,-4.04449300947975,0.429214841340432,0.407509781169416,0.42280349346634
-0.7,"eld vs kin","728",6.02798880491621e-10,4.56440710584603e-13,8.6068152628929e-12,9.21982756292138,12.3406156271948,11.0651575186525,3.43825929509216,4.1698132221994,4.00671622747643,0.382350399740391,0.386804019570799,0.398474912502492
-0.7,"eld vs kin","744",2.63344768594291e-08,2.50599156836058e-06,5.36834485990677e-06,7.57947530458274,5.60102039456319,5.27015959307307,-4.29111043331702,-3.63930490413423,-3.79107941821885,0.520773821167123,0.520224425232231,0.518185056524394
-0.7,"eld vs kin","757",9.35428261954058e-05,0.00919929381806953,0.0257354162070723,4.02898951295512,2.03624550990302,1.58946880371173,-2.63363474623475,-1.91592221173147,-2.15314636442977,0.450557207360899,0.435428491298023,0.441203256497696
-0.7,"eld vs kin","770",5.44022414733592e-08,0.000272897003907931,0.000284186854073744,7.26438320619416,3.56400123235281,3.5463960155545,-3.26498763784861,-2.59171125808751,-2.79326132995585,0.424024964948263,0.416314056809065,0.440993440865876
-0.7,"eld vs kin","786",3.76547936212016e-09,2.91551308101614e-06,2.62949513228049e-05,8.42417972834199,5.53528500569196,4.58012762881541,-4.42740984786042,-3.66535476603423,-3.93277813398944,0.501568149440696,0.478494762806551,0.501342103433447
-0.7,"eld vs kin","849",2.49371310688457e-08,4.11340124872317e-06,0.000126193931346896,7.60315351206992,5.38579892443033,3.89896152976643,-3.4279408063052,-2.75234509750862,-2.97769377268203,0.43511122296085,0.40232571717569,0.437019194679
-0.7,"eld vs kin","854",0.00104393510137174,4.88376963994714e-06,1.78263184505369e-05,2.98132649941059,5.31124482926017,4.74893833947792,2.620666769599,3.26600505755409,3.07335443743225,0.464693827362089,0.468535291829606,0.475059561131929
-0.7,"eld vs kin","875",0.00019673277474163,0.0269038446821123,0.0275953439299354,3.7061232826647,1.57018565290039,1.55916418880864,-3.11871796959195,-2.43707701048519,-2.53208015295059,0.560452868481991,0.54776431212577,0.557787568558549
-0.7,"eld vs kin","877",0.00332629326445794,0.0385716194397376,0.0440570285643593,2.47803946361886,1.41373212678142,1.35598479728102,-2.98293546524788,-2.14138463039224,-2.36976221887183,0.564220225759873,0.552087918438982,0.555551715588075
-0.7,"eld vs kin","879",3.20945374364873e-06,0.00083423940391998,0.00126417003452963,5.49356887921724,3.07870930082337,2.89819450825969,-3.25830871879129,-2.5855529965063,-2.7615416502105,0.417880114052521,0.408163439079064,0.416371799480301
-0.7,"eld vs kin","886",9.98754477796527e-07,1.5370196807208e-10,4.36525221820167e-09,6.0005412605661,9.81332057155444,8.35999065830235,3.95067622679493,4.66966607975247,4.40272797338516,0.53089257092077,0.51253750514164,0.523503145864401
-0.7,"eld vs kin","888",0.00613873778598685,0.000492718488193467,0.000632291427557412,2.2119209169587,3.3074011414601,3.19908270619841,2.15632805003597,2.82995553791382,2.61682376658283,0.453524654724206,0.4369959845231,0.459379509555197
-0.7,"eld vs kin","891",6.13911747152203e-07,0.000475511871478946,7.53530449144724e-05,6.21189405635,3.32283863613258,4.12289919374305,-4.01619004211189,-3.30162535042605,-3.56069975697466,0.568120376521785,0.55394654185518,0.57688923954806
-0.7,"eld vs kin","895",6.45639862278115e-07,0.000169304749937232,7.75200971170049e-05,6.19000966379871,3.77133085735124,4.11058569187379,-3.8285124228706,-3.15273453770233,-3.32993522835662,0.504687117131392,0.501026931511768,0.506029141005258
-0.7,"eld vs kin","914",1.34775918691515e-05,0.000950558563494631,0.00129009589717794,4.8703876991484,3.02202112128243,2.88937800592768,-3.58131656516551,-2.82956562354704,-3.10344345260915,0.56873788446393,0.56293443764894,0.570092682388975
-0.7,"eld vs kin","917",0.00117918083671089,0.0292455514923582,0.0297418681755427,2.92841958730248,1.53394018459884,1.52663175562417,-2.78007584734968,-2.06254090972142,-2.36714260819129,0.533207863333611,0.516321132706562,0.547630066498233
-0.7,"eld vs kin","935",4.3073880429474e-05,0.00332361325155685,0.0127278533045966,4.36578600185719,2.47838951812702,1.89524483881177,-3.07421692407703,-2.50172973190034,-2.66199112981449,0.551944925332135,0.535212096979537,0.553548772211004
-0.7,"eld vs kin","947",1.82619950116341e-09,2.09790040420209e-09,6.83848230755896e-11,8.73845178018526,8.67821513336465,10.1650402723425,3.56946945046622,4.2802803659405,4.00397691400261,0.44005166491796,0.427853627348094,0.426537785480401
-0.7,"eld vs kin","965",0.0011849438991167,0.00628924022576061,0.00618292989205025,2.92630221073472,2.20140181650858,2.20880567791781,-3.43136322062257,-2.80027477558651,-2.873805225632,0.607957452200441,0.6019399666824,0.605501607965753
-0.7,"eld vs kin","978",3.21365290524138e-20,9.7013558534835e-24,1.28646739334328e-22,19.4930010315797,23.0131675648537,21.8906012168928,5.42688825684083,6.06930183383743,5.90613774210215,0.412967460321606,0.408026437550962,0.415542512119995
-0.7,"eld vs kin","984",5.11578185881017e-11,6.75180434404359e-13,5.07111746744692e-15,10.2910879824762,12.1705801513251,14.2948963293312,4.16768119172599,4.88928451346485,4.65167196777599,0.42533598601978,0.421697577995478,0.411500750017251
-0.7,"eld vs kin","988",0.0182860394284469,0.000211187840825523,0.00142644550354108,1.73788034813925,3.67533108999426,2.84574481563921,2.45263466766648,3.18996690699263,2.84808940338158,0.531280718566879,0.530317041807196,0.529034922896871
-0.7,"eld vs kin","991",2.09011542465849e-08,1.6733979534099e-05,3.41437241260534e-06,7.6798297297224,4.77640076649847,5.46668911124745,-4.43588949451046,-3.75123108222363,-4.00477469387079,0.57945477712858,0.556028546859581,0.556910247755356
-0.7,"eld vs kin","1000",0.00024786157147817,0.0139453404531036,0.0105864264774181,3.60579080114129,1.85557087866582,1.97525061430673,-2.93116466433639,-2.19349723440617,-2.42065081510657,0.558492657650169,0.562067612690223,0.558552887389069
-0.7,"eld vs kin","1014",1.25254387963073e-10,9.92801193859527e-09,3.02111008859937e-08,9.90220705081186,8.00313770926286,7.51983344884122,-4.89346404156572,-4.2669191425973,-4.49649424863966,0.517217002928614,0.516974181094261,0.522942100727355
-0.7,"eld vs kin","1021",4.72755574083161e-09,5.50370297459453e-06,4.1124440705436e-07,8.32536334184985,5.25934501226807,6.38589999542968,-4.47259063798381,-3.72476150667351,-3.98689958302269,0.559768805042892,0.544885717392993,0.549540638368075
-0.7,"eld vs kin","1030",1.45863719061403e-08,1.53082934473421e-08,4.50498578854368e-08,7.83605271750239,7.81507322130122,7.34630657471084,3.50964736773478,4.25995303081773,3.82815627391748,0.434266870876123,0.4272731061744,0.417732707350365
-0.7,"eld vs kin","1047",1.6385693626767e-06,0.000507207509038918,0.00611007738152805,5.78553516966754,3.29481432549299,2.21395328956795,-2.37967892223027,-1.68068833033236,-1.90169196131293,0.290883543998779,0.273759492684828,0.290446288137802
-0.7,"eld vs kin","1074",3.45437884633474e-16,1.1111146238575e-19,1.08472372220372e-16,15.4616300345016,18.9542411364318,15.9646808620009,4.4441501248489,5.09347390161089,4.79872130034505,0.391316821084334,0.39749722566936,0.396790484617104
-0.7,"eld vs kin","1076",1.45352612092874e-08,9.33428782239056e-15,2.00564727343804e-12,7.83757715923357,14.0299188117915,11.6977454425364,3.79172118701719,4.64586363376791,4.31678408856636,0.415609002529251,0.44311601105089,0.431017376494586
-0.7,"eld vs kin","1079",0.000161960566243739,0.00209948465494419,0.00232172186853562,3.79059071352809,2.67788729525677,2.63418980793725,-3.00371265474311,-2.42071901996327,-2.59307507964157,0.5021982126329,0.476365920067533,0.4966669396209
-0.7,"eld vs kin","1082",0.0360619663963337,0.000491729340500775,0.000907942598347858,1.44295059564487,3.30827387745843,3.04194160743574,2.30018615240095,2.94386865965079,2.71805941598541,0.503110128056318,0.486424862047033,0.493533582900951
-0.7,"eld vs kin","1089",1.1070057834916e-06,1.08566504602848e-09,3.15527204976378e-08,5.95585011016741,8.96430414445207,7.50096318963139,2.31609090650947,3.00800731772262,2.78460124065851,0.288443239170638,0.281881275441576,0.288655597432645
-0.7,"eld vs kin","1098",4.8786691618317e-24,5.05404575070865e-27,3.34736424654069e-25,23.3116986317878,26.2963608310369,24.4752970269145,6.26880965138963,6.99579814996053,6.72703970303257,0.439551053717809,0.444964003891242,0.437052472517678
-0.7,"eld vs kin","1101",0.000199800837354637,0.0221134010238188,0.021687449882004,3.69940269600125,1.65534445813195,1.66379151148438,-3.31204601739424,-2.51012828197012,-2.8656872966296,0.591521366780969,0.584575167744342,0.591161126530831
-0.7,"eld vs kin","1104",4.23970396009035e-05,7.24588710245171e-05,0.0024268944673185,4.37266446722514,4.13990843695401,2.61494910840549,-3.45660403650764,-2.7691120686018,-3.04831312720542,0.472681130825367,0.455257362205902,0.483179095235421
-0.7,"eld vs kin","1105",1.08827498780283e-13,4.52784670983605e-10,3.09550340717367e-10,12.9632613522521,9.3441082846023,9.50926871362946,-5.29190330932357,-4.55047954070655,-4.74062326257226,0.513886251515437,0.494271151467516,0.511955426879773
-0.7,"eld vs kin","1112",8.42360650231265e-09,5.24824203246681e-06,3.98271950106101e-06,8.07450192884367,5.27998614487078,5.3998202794383,-4.2221161955279,-3.62678549679395,-3.71364088014899,0.544952223054246,0.545676406995516,0.537015906196354
-0.6,"cent vs mage","7",7.48038572856701e-05,2.82282151323588e-12,3.12955014437662e-09,4.12607600701936,11.5493165813881,8.5045180854107,3.15527359645294,4.23488731085751,3.92061235986745,0.41676361884151,0.42073245022945,0.417059250160433
-0.6,"cent vs mage","14",0.0360543865066783,4.07585859202707e-10,5.81600878750085e-06,1.44304188989729,9.38978089183137,5.23537494596603,1.69580244332119,2.7607709377143,2.43595869092869,0.259602451730994,0.263047859363775,0.259338916719477
-0.6,"cent vs mage","20",0.0386580083376926,5.35816500264883e-10,1.93572900136222e-05,1.41276052460212,9.27098391658886,4.71315544323167,1.67342572176934,2.74195680115679,2.40790670640486,0.26870350303668,0.265031941633057,0.26851695252781
-0.6,"cent vs mage","21",0.0289438197178578,1.00593856470155e-11,8.14223270368909e-07,1.53844415556246,10.9974285419698,6.08925648971345,1.84741411421686,2.91942572964495,2.59363239276389,0.260866682496936,0.264582183652631,0.261200761359786
-0.6,"cent vs mage","24",5.92200322007989e-05,1.45965707748875e-10,1.78191188494055e-08,4.22753136079972,9.83574916260408,7.74911377551253,3.49354680475132,4.56001844517931,4.19110383403361,0.49296825894527,0.479448464810854,0.489570024444803
-0.6,"cent vs mage","26",0.0347630628190598,3.28256893430382e-08,3.52129054248397e-05,1.45888196677983,7.48378614491147,4.45329813971488,2.08200658226001,3.13309293199384,2.80617078856387,0.375544252074626,0.370738859695119,0.372970105128004
-0.6,"cent vs mage","39",0.00595291402120994,3.51618564559949e-09,4.03301376216968e-06,2.22527038998037,8.45392820335622,5.39437029601268,2.59208132783583,3.67069551235887,3.32911357893451,0.416627174684029,0.425156676541949,0.415966996886474
-0.6,"cent vs mage","42",0.0285429835777644,7.56983915791812e-09,5.57677720546222e-06,1.54450063235539,8.1209133481843,5.25361670540464,2.43837710214589,3.50745193677204,3.1954552691557,0.411318350354361,0.411705218114116,0.411997614143463
-0.6,"cent vs mage","56",0.0405400184234709,2.26066381356226e-06,7.70481174187354e-05,1.3921160582772,5.64576401738506,4.1132379682972,1.9866329924451,3.06177344205716,2.73700425658624,0.376840497996886,0.368236052901538,0.374605226624265
-0.6,"cent vs mage","100",4.9807830506396e-06,0.0326649235963738,0.0027849493742462,5.30270237454186,1.48591835329269,2.55518269517081,-3.65879949667117,-2.52827100187983,-2.96211440254052,0.57335559139407,0.552510903247024,0.571915377386372
-0.6,"cent vs mage","114",7.98011731651191e-12,4.63601891896735e-06,1.09259717973109e-07,11.0979907239952,5.33385480040767,6.96153992484359,-4.68089960758432,-3.65479617728808,-4.00014472598854,0.495284031115007,0.460736400859615,0.489895247136478
-0.6,"cent vs mage","132",0,1.06255470096878e-07,1.26560421228698e-09,15.8096265840673,6.9736487029554,8.89770208838974,-5.29955552341383,-4.21188704960071,-4.49402462099004,0.484672112163583,0.483629872806682,0.491605924157857
-0.6,"cent vs mage","142",0.0139368272299289,9.40931024212894e-07,2.31058387748222e-05,1.85583608372482,6.02644221174986,4.63627826135151,2.6452300655282,3.68002131698448,3.39294340650125,0.522997277459492,0.535564212571267,0.527424380390996
-0.6,"cent vs mage","143",3.4154947388861e-13,2.03857369866315e-07,2.47387157802852e-08,12.4665463793014,6.69067358328263,7.60662284892726,-4.79352264854953,-3.76856711041573,-4.06741338138624,0.456843000610541,0.446314761738655,0.452641003768339
-0.6,"cent vs mage","148",2.27955346707569e-07,0.00698996297711802,0.000475752696987022,6.64215021693707,2.15552512452269,3.32261874106877,-3.72506801766718,-2.57621078100944,-3.024147321206,0.499481937203596,0.477048847199901,0.510165151415445
-0.6,"cent vs mage","168",0.0329395719471718,2.60444559945129e-06,8.88468698033573e-06,1.48228204882714,5.58428470949443,5.05135786837726,2.48715876373512,3.52232549174234,3.2500607930728,0.455273174076918,0.450360821179586,0.455996973702451
-0.6,"cent vs mage","169",2.82861899022398e-07,0.00437480483460507,0.000338725402637809,6.54842554727156,2.35904131661759,3.47015223231393,-3.34289579491417,-2.29717802020968,-2.69616713678358,0.438224330293679,0.405337099549428,0.453533141006368
-0.6,"cent vs mage","210",1.55014889813287e-15,1.19064678557e-07,8.07154780513297e-10,14.8096265840673,6.92421705617392,9.09304317670629,-5.2626854997611,-4.24409333537776,-4.57494826796507,0.456724708385781,0.466293852105306,0.452006155218562
-0.6,"cent vs mage","219",6.97567004159794e-14,2.8881929626409e-07,1.41952560123171e-09,13.156414070292,6.53937379454747,8.84785677053974,-4.925854829637,-3.76981699452925,-4.07350403971274,0.466982633249049,0.462001853843205,0.455809205242433
-0.6,"cent vs mage","289",3.78156189171247e-06,0.0350844797640034,0.00635881483491833,5.42232878723951,1.45488495884723,2.19662382124127,-3.47671811121345,-2.39355591398261,-2.8415130263067,0.485573225903171,0.475746718452129,0.49954545779099
-0.6,"cent vs mage","353",1.51802833663128e-10,2.98822036250867e-05,0.000137214444888498,9.81872012150527,4.5245873791817,3.86260016701738,-4.26444648100076,-3.1318825051889,-3.39631216580154,0.452924485571855,0.440323028271705,0.450292301910646
-0.6,"cent vs mage","675",2.15829852339176e-08,0.0019645920008128,3.93764899112785e-05,7.66588848639299,2.70672762859319,4.40476300023714,-3.93400446355888,-2.88550321467472,-3.28477878155417,0.468591528743577,0.458909182637302,0.486569869724443
-0.6,"cent vs mage","770",3.21396136474524e-08,0.00734011444771177,0.000724547012171022,7.49295934822569,2.13429716847328,3.13993343011819,-3.08788313897011,-2.01845204966741,-2.33160788117769,0.357323849805548,0.322693113031563,0.354492645325151
-0.6,"cent vs mage","854",0.0339523623561932,7.54255072784201e-07,0.000241827601880059,1.4691300027512,6.1224817602716,3.61649413085298,2.40371450987552,3.41592444590499,3.09737094308141,0.465214871580705,0.459616497796118,0.459349010382959
-0.6,"cent vs mage","917",1.46504673308038e-05,0.0205514332054664,0.00570923319183078,4.83414852166126,1.68715788612263,2.24342221800977,-3.31235491777129,-2.32882839937275,-2.63869035727653,0.493708509973119,0.482101684239194,0.499994644558133
-0.6,"cent vs mage","921",1.73125796106473e-12,5.89094886613923e-07,3.61435917813961e-07,11.7616382165151,6.22981474695505,6.44196869147263,-4.8464839095109,-3.67057914620953,-4.05022192171651,0.485224138173185,0.46958597001554,0.482347705836214
-0.6,"cent vs mage","978",0.0412180155619613,9.59925742447205e-08,0.000332856496151916,1.38491292112633,7.01776236164039,3.477742962776,2.32511595510531,3.46745866160224,3.03763054007361,0.446074450450974,0.440903791013228,0.448733296609494
-0.6,"cent vs mage","1004",1.40633997563766e-06,0.0483812322065857,0.00127067814493222,5.8519096781105,1.31532307492193,2.89596443967504,-3.50580392672652,-2.31947667717554,-2.58596979068493,0.4664208556933,0.468291902589563,0.466029498001394
-0.6,"cent vs mage","1019",5.67176076453984e-11,0.0026487317704031,0.000121863107076156,10.2462820960252,2.57696201925353,3.91412775310448,-3.65358132633955,-2.55008361207011,-2.88180879925996,0.400726468700797,0.393940667918216,0.39141736957767
-0.6,"cent vs mage","1058",1.09676458887458e-08,0.00639489352478954,0.000542620870023724,7.95988658001343,2.1941666821441,3.26550350662707,-3.67463206778253,-2.60400661440287,-2.91568832983838,0.459081246809796,0.465494551759717,0.453064846725444
-0.6,"cent vs mage","1074",0.0297420353980739,5.23901186961772e-07,5.753277108656e-06,1.5266293138267,6.28075061760404,5.2400847075212,2.31345894893921,3.35776054618286,3.01452328864763,0.377098402371088,0.381686703995325,0.377070915670653
-0.6,"cent vs mage","1087",0.00220899075282586,5.99701548250367e-09,3.42540813694237e-06,2.65580610214808,8.22206482994207,5.46528767495644,2.83935089497969,3.95706006045989,3.59157057014354,0.500455660375748,0.482542693720681,0.498874658375534
-0.6,"cent vs mage","1098",2.480492383726e-06,9.64059686042444e-14,1.92947767098063e-09,5.60546210211332,13.0158960775946,8.71456024296769,3.55662097414685,4.59353023726315,4.26043793497779,0.44027377971723,0.442669054429477,0.441644695254533
-0.6,"cent vs mage","1104",2.36870460756464e-06,0.0373985599353438,0.0016358580175709,5.62548909516726,1.42714512037103,2.78625439312274,-3.42101178485131,-2.20625245716202,-2.59352328139661,0.454295376789547,0.429180739934056,0.446474102276734
-0.6,"eld vs kin","3",1.55014889813287e-14,7.75074449066437e-15,8.52581893973081e-14,13.8096265840673,14.1106565797313,13.0692638945731,-5.27757781556926,-4.61964295067843,-4.75122812703904,0.446405568435137,0.431357304605551,0.447023422271473
-0.6,"eld vs kin","4",1.69231010914484e-05,3.51399270063839e-12,3.05190429551224e-13,4.77152005125564,11.4541991449681,12.5154290895188,1.94841655867098,2.61238999330148,2.48863261187193,0.22063047152821,0.228375540540141,0.220370892153914
-0.6,"eld vs kin","5",1.07642453810389e-06,2.61379147224949e-06,7.0905417385929e-06,5.96801641064662,5.58272906329863,5.14932058215213,-3.32841288106016,-2.6599724840583,-2.77381396210436,0.385388120348642,0.384462952604362,0.385038744281245
-0.6,"eld vs kin","7",4.45909288289016e-25,6.80689096652296e-29,1.0340942420319e-30,24.3507534812035,28.1670512059132,29.9854398800725,7.02263453932934,7.66678352300109,7.54701604125483,0.466258723308796,0.467292070947308,0.460197331133634
-0.6,"eld vs kin","10",5.51482020989249e-05,0.000345519036919141,0.000195230984396599,4.2584686415419,3.46152801948755,3.70945125590802,-3.27656515822573,-2.59807144878339,-2.7467581685701,0.474610360668364,0.482385256807719,0.474458484603386
-0.6,"eld vs kin","11",4.84685819795357e-06,3.76841932486232e-11,9.36075261086343e-11,5.31453968602247,10.4238407777631,10.028689232287,2.64474947608289,3.2879996945198,3.20772703282044,0.349969176555324,0.344015486220274,0.35400900545799
-0.6,"eld vs kin","12",0.000861007962304004,0.00659985756777702,0.00346637811268058,3.06499283232253,2.18046543691206,2.46012406617656,-2.52350731965774,-1.85126657249222,-1.98465226717635,0.368303335856024,0.379558712725299,0.369330701098335
-0.6,"eld vs kin","14",8.06978242570757e-06,1.49382156840913e-11,6.14593735234453e-12,5.09313817439669,10.82570127433,11.2114118709703,2.27441959486826,2.94940326278389,2.82038737424666,0.275734441900026,0.281195895934826,0.276196778435366
-0.6,"eld vs kin","15",0.00238435428534167,2.25596064387327e-06,1.34140547031107e-06,2.62262921338768,5.64666848106181,5.87243992691957,2.3928203493681,3.07333298078931,2.94796516653746,0.433720472625156,0.450635094078935,0.43587254019391
-0.6,"eld vs kin","16",3.14147003849052e-07,8.44386735064859e-15,6.14721681416205e-14,6.50286707797583,14.0734585978814,13.2113214689137,2.43113339284123,3.10927273536478,2.98949273874258,0.266852022212176,0.262124444508792,0.268437367288532
-0.6,"eld vs kin","21",6.00067060193763e-15,8.58816621545018e-21,6.64206933571225e-22,14.2218002125419,20.0660995588149,21.1776965951694,3.51380690158248,4.18027073433073,4.0586185406788,0.292319814449169,0.295954253556979,0.294601804448272
-0.6,"eld vs kin","23",0.00542432891698724,1.33827877701795e-07,3.78002173489973e-07,2.26565398387153,6.87345340920683,6.4225057029882,1.83013139125391,2.49710016998108,2.39487983478848,0.30968663246404,0.296625574687379,0.315617054767318
-0.6,"eld vs kin","25",0.000883009640066778,2.12890841426325e-07,4.49387947098419e-07,3.05403455508047,6.67184302152816,6.34737857984489,2.47725477350303,3.13184093815853,2.99435946824177,0.422015869142702,0.413833769425648,0.420843954614445
-0.6,"eld vs kin","26",0.0233869793887545,9.7346479741071e-06,1.151775803838e-05,1.63102586709675,5.01167974888633,4.93863204923901,1.85409165750136,2.53065265216399,2.40628230060424,0.362654991833219,0.366548587266125,0.364263975705045
-0.6,"eld vs kin","29",0.00316922506489203,6.68405758246288e-08,6.36574434830016e-08,2.49904691796656,7.17495981736061,7.19615080686361,1.86237481831807,2.53268085703979,2.40873513245956,0.292073877174432,0.290301894735291,0.291840221451174
-0.6,"eld vs kin","31",0.000617752581278943,2.28278266044047e-07,4.27120541036659e-07,3.20918543122275,6.64153543492439,6.36944954202586,3.01707916602387,3.70724205047273,3.52577128586756,0.534209361615151,0.52080879776096,0.525741653942648
-0.6,"eld vs kin","33",1.0802784013905e-06,2.66603092767741e-06,7.73928154817004e-06,5.96646430691441,5.57413481679698,5.11129935380645,-3.75151759721844,-3.11062311483025,-3.22473962653795,0.461490218921649,0.455849267346223,0.461215018818574
-0.6,"eld vs kin","36",0.0306366794728099,4.48478668813055e-07,8.8821984451908e-07,1.51375830708064,6.34825820866692,6.05147952809,1.5349076510929,2.21071905019516,2.08187142499862,0.262431759164828,0.256435387717326,0.262673461555589
-0.6,"eld vs kin","38",0.0042199247796265,0.0124330606819323,0.012826499077401,2.37469529029053,1.90542194668824,1.89189186574854,-2.37549570486717,-1.68441879865371,-1.82434115101355,0.379263000282512,0.367544751628777,0.37882181457841
-0.6,"eld vs kin","47",0.0231716052416702,0.000221385127119752,0.000172385504768471,1.63504387887938,3.6548515588267,3.76349925512226,2.28022009049096,2.91558147812827,2.84493247531536,0.532962387246867,0.534715710232516,0.533595821295329
-0.6,"eld vs kin","55",0.0426518467124611,8.97472777780967e-05,4.25771874521757e-05,1.37006216028383,4.04697871560626,4.37082303041163,1.91422202381507,2.62809541732592,2.5224495284296,0.411923663362116,0.427964232074896,0.421874349798925
-0.6,"eld vs kin","57",0.000416176429103484,0.00283332206237151,0.00397898345729457,3.38072252047271,2.5477040566264,2.40022786643808,-2.97452998237124,-2.26617977298413,-2.37074365327305,0.488148314296079,0.456179811440788,0.476720598571175
-0.6,"eld vs kin","62",0.00631691323171235,0.0112565011444342,0.0115403319635713,2.19949508847643,1.94859658015953,1.93778169829696,-2.18588125566105,-1.51909487183995,-1.6421098354762,0.316535630402052,0.306824030518274,0.31840035222112
-0.6,"eld vs kin","65",1.10647148911932e-06,2.7447651787878e-06,1.17728075248821e-05,5.95605977222717,5.56149480455413,4.92911995625878,-3.21181998197156,-2.56414811908106,-2.7034512236679,0.366407628015821,0.375270352687995,0.370326273185113
-0.6,"eld vs kin","67",1.34087879688494e-12,1.71614400930794e-12,4.65432206664396e-12,11.8726104766025,11.7654462713687,11.3321435679924,-5.94195830000824,-5.30750616523818,-5.42074148120186,0.564321444889723,0.557626035232606,0.56605904838561
-0.6,"eld vs kin","68",0.0148914247491801,0.0320564606926887,0.0383024584303414,1.82706374878202,1.49408442915862,1.41677335009231,-2.2125075719116,-1.57342393062126,-1.67250890835236,0.379579308111206,0.361027655475643,0.381912111352655
-0.6,"eld vs kin","71",0.0453010052851767,0.0111871925775103,0.00471007815870459,1.34389216035007,1.95127888586377,2.32697188615932,2.13985067033577,2.79236333959317,2.76947378249279,0.532737987762744,0.541877541616764,0.542177308046883
-0.6,"eld vs kin","74",4.56754295711148e-05,7.6640351220163e-09,4.18246774443408e-08,4.34031735947652,8.11554251368122,7.3785673996706,3.23793807259595,3.90067563351667,3.77272528628132,0.499955216201828,0.494344927002616,0.500383415689219
-0.6,"eld vs kin","77",0.0272171781444349,1.118293694491e-05,1.75593253670049e-05,1.56515690410802,4.95144412386794,4.75549217379526,1.83728582214512,2.45665153974164,2.33918197726095,0.375046310263697,0.359682907500683,0.367224629296106
-0.6,"eld vs kin","79",3.24400173095392e-08,1.01292881248953e-06,1.85516302326154e-07,7.48891892272736,5.99442107530047,6.73161792055458,-4.27778949338335,-3.6287287390785,-3.77034027119953,0.484363591161292,0.473634583283859,0.488636603921082
-0.6,"eld vs kin","80",0.00991060727018763,9.21519258306585e-06,4.87040764198458e-06,2.00389973340461,5.03549558427683,5.31243468780888,1.93860507675587,2.60209482575254,2.46070581053309,0.354254347271486,0.369413372109425,0.34875865384915
-0.6,"eld vs kin","82",1.28070527132299e-05,2.42390415852561e-06,7.98842014639095e-05,4.89255080293694,5.61548455622454,4.09753910173064,-4.44009368256054,-3.75799628303261,-3.85080189909018,0.607149276467964,0.577504500784609,0.607976087449777
-0.6,"eld vs kin","83",6.09197138932531e-06,1.753320166915e-05,9.70514091676559e-05,5.21524214497607,4.75613877185355,4.01299815435811,-3.9276182434802,-3.22638890223669,-3.41273061700573,0.531120417332858,0.489876096614718,0.526668322376744
-0.6,"eld vs kin","84",1.84825569281851e-08,1.6584308862801e-07,5.32386380918266e-08,7.73323794745651,6.78030262262662,7.27377306282865,-4.27141008337053,-3.64706590343098,-3.72256790999042,0.485397263056263,0.459903175403405,0.477525008010968
-0.6,"eld vs kin","85",0.00196130972081836,0.00723913205389403,0.0106414173125851,2.707453819172,2.14031350104051,1.97300052523249,-2.82061027004641,-2.11597449957395,-2.26847565950727,0.485276832244441,0.466238596958901,0.488994667417445
-0.6,"eld vs kin","87",7.18716006745392e-05,0.00150468164449408,0.000346533372631007,4.14344268272947,2.82255537692381,3.4602549346407,-3.31463584487548,-2.69848129554444,-2.87369936378014,0.522420851859007,0.50289109964355,0.523578370369499
-0.6,"eld vs kin","89",1.1623138035559e-12,1.42809355564659e-16,5.93283773711979e-17,11.9346766045153,15.84524334062,16.2267375294372,4.36182713371958,5.04755604332383,4.92091805736145,0.436606465747851,0.44727886727749,0.445372919888328
-0.6,"eld vs kin","91",2.08770033667794e-08,1.37575011723478e-07,2.11341766034017e-06,7.68033183874779,6.86146044150833,5.67501466780492,-4.78525850303481,-4.19381085952674,-4.26593010706726,0.581952212148726,0.564429164825298,0.58468836521315
-0.6,"eld vs kin","100",1.46356506415679e-05,4.39772086016586e-06,2.00202110765537e-06,4.83458796583275,5.35677234039974,5.6985313479906,-4.18621098396799,-3.49618551609455,-3.60853752351,0.559282557533301,0.540817724452089,0.558161469342449
-0.6,"eld vs kin","102",0.00382451891345433,0.00169041673344186,0.0013285578882575,2.41742318701296,2.77200621685169,2.87661951765335,-3.31017177723516,-2.65285936679657,-2.80344465479149,0.547360715552759,0.528679784743765,0.551472821945178
-0.6,"eld vs kin","108",0.00103338354759717,0.0168263052893744,0.0141458752539977,2.98573845709715,1.77401123569333,1.84937017608104,-3.22921144020753,-2.56582395285114,-2.7274002198974,0.638082973397091,0.637502746258207,0.637020687978134
-0.6,"eld vs kin","110",0.00360968829390391,0.00445884158211737,0.0059663267092166,2.44253029894814,2.35077795739573,2.22429296885443,-2.97667491470785,-2.29576469625489,-2.47768446986801,0.527744973707034,0.501485380317979,0.527512978444608
-0.6,"eld vs kin","111",5.74292674464017e-07,1.23740837208141e-06,1.54573050487855e-06,6.240866723437,5.9074869499481,5.81086622222004,-3.80674914721422,-3.10916204328549,-3.17728724127523,0.455267425230736,0.446887396913737,0.458687084010663
-0.6,"eld vs kin","114",0.0162494100801806,0.0336660819434614,0.0405494573129684,1.78916240105882,1.47280742383603,1.39201495372312,-2.50715373195936,-1.89664682556047,-1.9884045757479,0.539155479291104,0.513557630129787,0.538425804140652
-0.6,"eld vs kin","115",0.00658133634432158,0.0182888146483947,0.00928009056334115,2.18168591367497,1.73781444150792,2.03244778553034,-3.16790173332948,-2.50968036807685,-2.65909845359006,0.561535886006702,0.553716512764422,0.556493972050667
-0.6,"eld vs kin","118",0.000243196800773525,0.00413371065352987,0.0019182980916569,3.61404214245663,2.38365992586383,2.71708390524535,-2.74743685776011,-2.02204604010069,-2.16425900954208,0.396482119901563,0.385446297474699,0.387614062044195
-0.6,"eld vs kin","119",0.0077571207074733,5.45216276056127e-08,7.17886480651041e-07,2.11029945050738,7.26343118787798,6.14394422529058,1.86088363398753,2.52620388648685,2.45233960280607,0.311491890644441,0.306020441516437,0.314239501919177
-0.6,"eld vs kin","121",3.92419303277417e-08,3.38865992221013e-12,9.78097546769633e-11,7.40624963763084,11.4699720137293,10.0096178303748,4.05940907521667,4.69181192860319,4.70115665536918,0.503423293364146,0.476802209293107,0.513165433926979
-0.6,"eld vs kin","124",0.0132209507601161,8.93554034619531e-05,0.000946028476684903,1.87873731224638,4.04887917989304,3.02409579057392,2.06956768846263,2.71905230863408,2.51595744468602,0.427244042545922,0.43407352006873,0.428619332783093
-0.6,"eld vs kin","125",0.0193785339063617,0.000165172022372274,0.000149157436936609,1.71267908283025,3.78206351366417,3.8263550879941,2.42379924934924,3.12562933870849,2.93894536733552,0.534886078489359,0.522747071920976,0.525147295114667
-0.6,"eld vs kin","126",0.0109465779438597,0.0387003877501288,0.0237784863345348,1.96072162624622,1.41228468364006,1.62381579469133,-2.65621755702779,-1.93828226056504,-2.12871952983837,0.529540448263383,0.497778733706206,0.523653436882387
-0.6,"eld vs kin","128",0.000767510256529026,0.0028787519853035,0.00982845328117402,3.11491581217104,2.54079574952062,2.00751482238191,-3.25745156393942,-2.51435851030674,-2.60970482002647,0.582618658123023,0.558530598215134,0.578127941191085
-0.6,"eld vs kin","130",1.57095267956797e-05,0.00084329262681822,0.000202284813650469,4.80383689663541,3.07402169683424,3.69403672027104,-3.76035247323614,-3.10211556536788,-3.18083280277511,0.58675423995079,0.577914623546728,0.594330712800013
-0.6,"eld vs kin","133",0.000427640624521808,0.00323681721112508,0.0022452205402794,3.36892104488606,2.4898818252935,2.64874099331447,-3.05356224137283,-2.41077354559203,-2.42568169056482,0.494829588108494,0.470625908137181,0.49099485383882
-0.6,"eld vs kin","138",7.61082434679222e-07,9.47699614502269e-11,1.62664489556352e-10,6.11856830119606,10.023329296034,9.78870724529886,3.35708998952909,4.01791978905567,3.94616014046336,0.438257761151414,0.436726417272576,0.438051033226807
-0.6,"eld vs kin","139",9.007480670763e-10,1.01868696319338e-06,1.25670725891968e-06,9.04539666116098,5.99195925175802,5.90076587636524,-4.45471061955216,-3.7302448713627,-3.95954662624529,0.526007917882208,0.524090748507062,0.532678910924086
-0.6,"eld vs kin","145",0.00266192601387342,0.0467014227993034,0.00665422672744227,2.57480401956497,1.33066988807471,2.17690240563138,-2.92045588578001,-2.09061943119282,-2.30578247144773,0.538617703851004,0.515188870496212,0.543375510257785
-0.6,"eld vs kin","147",0.000144944197083922,0.00891660007422756,0.00166413803323633,3.83879916716569,2.04980071182075,2.7788106536543,-3.33380310917227,-2.67725710787777,-2.80925771181559,0.55892184860679,0.563662883287025,0.558404835788814
-0.6,"eld vs kin","150",0.0275066559180405,0.0380718832210876,0.0348064759992271,1.5605622051254,1.41939564033041,1.45833994487323,-2.33652180968194,-1.67794991206369,-1.78027608182126,0.408895194610634,0.40918931006406,0.395026395868093
-0.6,"eld vs kin","151",1.63470730979809e-11,4.13554741188568e-15,2.48952227559995e-15,10.7865599953698,14.3834669958512,14.6038839834167,4.8699032952296,5.61450924781558,5.33236033932377,0.481767151629688,0.498317972044401,0.476007095155526
-0.6,"eld vs kin","162",0.00096313059243541,0.0161350595676289,0.00624686321598915,3.01631482219133,1.79222942692293,2.20433800344913,-3.30871389714914,-2.59870021763257,-2.72982823214123,0.598801990971338,0.604859050598555,0.591237630899456
-0.6,"eld vs kin","163",3.85169320116964e-05,0.00612999085089853,0.00161818918662576,4.41434831301829,2.212540173672,2.79097070527968,-3.36324405306466,-2.7309632755679,-2.8810866566525,0.570597528977637,0.566489019312382,0.584832478686471
-0.6,"eld vs kin","164",0.00063829319146952,5.43496077568477e-07,6.87232476043321e-07,3.19497978806743,6.2648035858859,6.16289632555465,2.67082356188706,3.37972850990847,3.17510906314323,0.455613801953558,0.468777738828453,0.451954081824526
-0.6,"eld vs kin","169",0.000119168319013368,6.94340993001091e-06,1.64964574455208e-05,3.92383918676372,5.15842719379771,4.78260930894035,-3.92388807850848,-3.2893415292766,-3.32995483018406,0.533408729212372,0.500009989663678,0.529526124656479
-0.6,"eld vs kin","172",4.16931151308367e-05,0.000960230589147768,0.000380338245178487,4.37993565503943,3.01762446324242,3.41983000160696,-3.27110295661308,-2.6702095084766,-2.80034155031256,0.447254038971075,0.471525082314135,0.456398095846585
-0.6,"eld vs kin","181",0.000132299241289527,0.00522907796060325,0.00868987891461389,3.87844264639993,2.2815748832024,2.06098627499914,-3.15427433720905,-2.34065554585822,-2.54088981838936,0.490645354011575,0.464205910908465,0.496078003170945
-0.6,"eld vs kin","200",0.00360154404467772,0.0342221330922858,0.0199095583412802,2.44351126969931,1.46569292403696,1.70093837392901,-2.76453207984946,-2.07877383860768,-2.2765189077787,0.522844781259902,0.504907391862259,0.5322425240024
-0.6,"eld vs kin","203",0.0139313400450062,0.0124252919312656,0.0349406512842852,1.85600710711078,1.90569339875975,1.45666900414602,-2.74163570444625,-2.02634221101433,-2.11673426990029,0.442254103400663,0.425711036818202,0.442202517446907
-0.6,"eld vs kin","206",0.0473028228137835,0.00106986149273236,0.000339892370868855,1.32511294180194,2.97067244365653,3.46865858336264,2.33040723594868,2.88084745310448,2.79712437483453,0.540516856994359,0.535941546132653,0.531227521987925
-0.6,"eld vs kin","207",0.000940718430182868,4.40128827978591e-08,7.81147748977243e-08,3.02654034736625,7.35642018467041,7.10726681439825,3.03881358931519,3.73595173522783,3.65969815622524,0.463733021383131,0.463843656373259,0.463809460010563
-0.6,"eld vs kin","216",0.00062772887847786,0.0146676262180988,0.0099081876528455,3.20222789130295,1.83364016589752,2.0040057768315,-2.90760700056728,-2.19819400455774,-2.34667264463763,0.512788034220643,0.516321383948436,0.517250701506159
-0.6,"eld vs kin","222",0.0109303872783798,7.84216587367387e-06,1.14456156324798e-05,1.9613644501378,5.10556397595326,4.94136084269252,2.78633818488693,3.36510993993528,3.33740745079437,0.514121608131243,0.49924641429545,0.511548795211967
-0.6,"eld vs kin","246",0.0044126243760484,0.000363423457130521,7.86263207395023e-06,2.35530304022843,3.43958704462961,5.10443204634718,2.51184319460939,3.0366200224577,2.95798045895909,0.475092595417475,0.487165510438092,0.463391632715357
-0.6,"eld vs kin","251",0.000409197757660932,0.000987876807052307,0.00668186378054756,3.38806675481851,3.00529721062819,2.17510238232847,-3.3773651111097,-2.73660803513892,-2.73169018011439,0.595073200164056,0.570787250792478,0.585696784538741
-0.6,"eld vs kin","252",0.000194173630076601,0.00291208052005062,0.00351884810108828,3.7118097501738,2.5357966207978,2.4535994800483,-3.00984799992377,-2.22010030090005,-2.4182563299125,0.482376388917987,0.4604979190762,0.469787218657691
-0.6,"eld vs kin","267",0.000455819616639794,0.00404935598225193,0.000840933660696776,3.34120698846873,2.39261404236423,3.07523826333372,-3.73902072730539,-2.96577145971254,-3.2245446760113,0.608113098416175,0.608287584222873,0.596736886761341
-0.6,"eld vs kin","282",0.000101950345820904,0.00039425909150101,0.000382991796890942,3.99161129673375,3.40421828317802,3.41681052786728,-3.40981226200877,-2.87082652599898,-2.99643901538371,0.48184669451257,0.469040549690789,0.481431384764395
-0.6,"eld vs kin","294",0.0187989082904479,0.000141164259445346,0.000609704024450456,1.7258673708002,3.85027524585117,3.21488093833734,2.03624837237512,2.73812430630114,2.73076939502631,0.440564314342956,0.448354139889434,0.455692254320125
-0.6,"eld vs kin","329",0.0423431379637816,1.990693154311e-06,0.000413289063042579,1.37321696044376,5.70099567701903,3.38374608739457,2.06299683644954,2.84894383703862,2.6378939285442,0.425083806975315,0.430318382120884,0.446772679586037
-0.6,"eld vs kin","344",0.00243974547163253,3.22695038874308e-07,3.2779474828979e-07,2.61265547941184,6.49120771140451,6.48439800868814,2.47365259808863,3.22080290989303,3.06201889161533,0.41751866066824,0.422108386519821,0.418891035470249
-0.6,"eld vs kin","349",0.00572847466765767,0.0251737618450856,0.0240405484436494,2.24196100309484,1.59905188073743,1.61905562887672,-2.79745385488429,-2.11904326405784,-2.18614048307223,0.505021545860775,0.48646349649798,0.500574562900303
-0.6,"eld vs kin","363",0.000889139710215693,0.03298562642012,0.0081196561102591,3.05102999312592,1.4816752639492,2.09046236393364,-2.85527773399966,-2.05008074804726,-2.32726938805323,0.485289853203481,0.465634643594819,0.492329606770504
-0.6,"eld vs kin","473",0.000249388930579913,0.00256704623827458,0.000991309851630537,3.60312282709946,2.590566308638,3.00379057778463,-3.25348113344288,-2.5235451739987,-2.68174873599919,0.534141128211686,0.517570478449611,0.524910949441891
-0.6,"eld vs kin","614",4.03040414618008e-06,0.00114056945901798,0.00403605196927418,5.39465140307586,2.9428782616809,2.39404325030834,-3.44654147090285,-2.76760079274697,-2.78554598511273,0.504764338285294,0.502703884437057,0.492925781800106
-0.6,"eld vs kin","616",7.8026940604251e-05,0.000141499356966322,9.67678492621528e-05,4.10775542121134,3.84924553375533,4.01426891136244,-3.1574153590015,-2.53503297420758,-2.59768175589774,0.43228852588372,0.418480942663748,0.43257029080295
-0.6,"eld vs kin","666",9.73571015472352e-11,1.65845030925908e-09,1.73163258038178e-10,10.0116323641204,8.78029753634702,9.76154425160287,-4.39290090304031,-3.78249912537842,-3.95191957901076,0.42834499825351,0.421774887683575,0.432982144604422
-0.6,"eld vs kin","728",4.38985881721469e-10,1.02824575286541e-15,1.8077990603878e-13,9.35754944693113,14.9879030756539,12.7428498436696,3.5450512473139,4.27768393109159,4.16299344468282,0.375806298193723,0.393040665796512,0.392756346995097
-0.6,"eld vs kin","744",5.77874499909573e-07,1.86844005690493e-06,1.52162947663206e-06,6.23816646939052,5.7285208305802,5.81769108727926,-4.17284065459877,-3.51765329915669,-3.6329818606196,0.516854496824127,0.51860276461272,0.512821129052693
-0.6,"eld vs kin","754",0.0108559046577539,0.0322652361826242,0.0248810564624263,1.9643339795334,1.49126515149487,1.60413118322313,-2.39382812111504,-1.81453555258508,-1.97136545857155,0.486481598129993,0.479189385959149,0.496124864915756
-0.6,"eld vs kin","757",0.0105854277943999,0.0205166953277775,0.0197919250407039,1.97529158592109,1.6878925907576,1.7035119625447,-2.50208107343255,-1.8526011167688,-1.96702528023507,0.443379913243765,0.434318767143002,0.449226771402759
-0.6,"eld vs kin","769",0.034283980035398,0.0338932728270113,0.0384564780260059,1.46490876647241,1.46988649247619,1.41503049243011,-2.46516739215881,-1.94260147798835,-1.95667995282963,0.532199151459297,0.527489978953036,0.541055533663706
-0.6,"eld vs kin","770",2.14604464047309e-05,0.000181047953991369,0.000293154596877277,4.66836124839547,3.74220637874688,3.53290329137247,-3.16240849196557,-2.50262816839277,-2.56200741839252,0.435180193763817,0.415184121639882,0.425434497266009
-0.6,"eld vs kin","786",2.06275769448453e-08,4.85574615783275e-07,1.22146427674039e-06,7.6855517842075,6.31374402480224,5.91311922999336,-4.3048470529257,-3.63319070269367,-3.80163360354967,0.504076557799159,0.487830847676919,0.503337057961291
-0.6,"eld vs kin","849",1.41040503614887e-05,3.89298772785568e-05,5.00235499908345e-05,4.85065614996585,4.40971696533731,4.30082549119962,-3.33303222339966,-2.62493246764867,-2.75772768423165,0.435976288008158,0.402505075496967,0.433927271609654
-0.6,"eld vs kin","854",0.0008453200700795,6.8031544860154e-07,7.03428546637058e-07,3.0729788196304,6.16728966696943,6.15278001106118,2.68293290790904,3.36264680332746,3.27851141264215,0.463144685033464,0.460217541727476,0.468536370747008
-0.6,"eld vs kin","875",0.00101796455515359,0.0183398411122026,0.0437530693445031,2.99226734358001,1.73660443117377,1.35899147515313,-3.00693783413635,-2.32679791260504,-2.36079768100915,0.562238830010952,0.56204926133604,0.562306260518147
-0.6,"eld vs kin","877",0.0103411624289626,0.0360480375300756,0.0296782207526721,1.98543064034177,1.44311837347044,1.52756213912275,-2.77258537168477,-2.17623626110869,-2.26458300219726,0.563580783337541,0.548099581063317,0.57314397208231
-0.6,"eld vs kin","879",0.000138394543808292,0.000143435488496351,0.000666755929119239,3.85888103156034,3.84334338317784,3.17603311366235,-3.11835386871785,-2.48089491634922,-2.43235666019035,0.413872982250643,0.415152286497898,0.409303802085989
-0.6,"eld vs kin","886",4.11892526328498e-07,1.68025799496524e-12,1.19545792080419e-11,6.38521608812064,11.7746240294722,10.9224657061096,4.09382955416111,4.86640426101571,4.63186776973109,0.535878387938364,0.521671902114985,0.520113849822188
-0.6,"eld vs kin","888",0.00458700979456282,8.32271464272056e-06,1.23375074899383e-05,2.33847033252552,5.07973499557687,4.90877257066777,2.26189684646792,2.9558187195956,2.77333368025219,0.447399915618474,0.446633518992266,0.441205910517964
-0.6,"eld vs kin","891",1.14650416863852e-05,0.000279487664524987,0.000907365156153079,4.94062436185562,3.5536373553874,3.04221790214846,-3.90769674248939,-3.27309483854829,-3.27302684796374,0.573243496434792,0.564282740874693,0.570745610192039
-0.6,"eld vs kin","895",0.000139695684705592,0.000490727480886003,3.69228956176232e-05,3.85481700932959,3.30915962071693,4.43270424747702,-3.64115036900333,-3.0188942488654,-3.14833997647185,0.507394885249491,0.512110469271181,0.502421840378101
-0.6,"eld vs kin","914",0.000581963181860801,0.00308220119846461,0.00829179627298969,3.23510449029939,2.51113901502353,2.08135137693555,-3.36341697086774,-2.6816926894104,-2.78143425455771,0.565331448061516,0.559765581250869,0.552889254028129
-0.6,"eld vs kin","935",0.00207848724873755,0.0152172950984224,0.0107557216895873,2.68225263549258,1.81766253733073,1.96836044391994,-2.89974006724816,-2.41411542664024,-2.55654087305773,0.551561008069869,0.547303749351888,0.532463419952657
-0.6,"eld vs kin","947",1.30429149455682e-09,3.7926328352445e-09,2.27008715094842e-12,8.88462533779869,8.42105919930764,11.6439574694811,3.58748200518917,4.24076060486987,4.23127078153405,0.42056230165439,0.433540347228988,0.436035034062802
-0.6,"eld vs kin","965",0.00010744962885253,0.0137659016083506,0.0286427878511654,3.96879508028958,1.86119533888683,1.54298471368773,-3.35361583580888,-2.69822059672466,-2.87250517655616,0.598597363924616,0.597340136213085,0.590442428890742
-0.6,"eld vs kin","978",6.54697306584017e-17,1.320396246778e-23,4.24732963354167e-19,16.183959445756,22.8792957188206,18.3718840322816,5.53275998043953,6.1921033687452,6.05992737188855,0.401272128288427,0.415034107356655,0.404898887108692
-0.6,"eld vs kin","984",3.34841675398661e-12,2.23693033436241e-18,1.1750909034712e-16,11.4751604937216,17.6503475411037,15.9299285356485,4.34513790541801,5.14640803688666,4.91336851279899,0.416729369811465,0.430587802168956,0.421211281147624
-0.6,"eld vs kin","988",0.00474935038375506,3.67369716659441e-05,1.26682647238678e-05,2.32336578912127,4.43489664669585,4.89728286992013,2.61015467520952,3.26459327625071,3.14701726916649,0.531066849827205,0.534783524336667,0.527952897292273
-0.6,"eld vs kin","991",1.94986878078214e-05,1.66941567207662e-05,9.11465373925693e-05,4.70999461412452,4.77743551376251,4.04025982530702,-4.29786234527996,-3.70753394000762,-3.82496345365496,0.56205548859271,0.570796935438534,0.563626488881234
-0.6,"eld vs kin","1000",0.00290742498156561,0.0225059086727774,0.0188559629320878,2.53649148227876,1.6477034477952,1.7245512842388,-2.79665633045345,-2.10237626919836,-2.24224776006522,0.560910023180491,0.565001785353676,0.567179357739288
-0.6,"eld vs kin","1014",6.4365338581794e-10,1.68897616883845e-08,3.0486689695742e-08,9.19134794188095,7.77237647820577,7.51588972961695,-4.84869147267265,-4.15901348089693,-4.24730359563737,0.529407865479918,0.518414432064444,0.524220772694682
-0.6,"eld vs kin","1021",5.81893928156238e-08,1.58412792623702e-06,1.65975359022421e-06,7.23515617448213,5.80020974988321,5.7799563832547,-4.24678214985541,-3.70941530055643,-3.81275835696077,0.547424469998802,0.555298606657916,0.545101346779189
-0.6,"eld vs kin","1030",7.99441567858347e-06,1.75595040773786e-11,7.06874961696827e-10,5.09721327386155,10.7554877537773,9.15065740126342,3.5607751259886,4.34344543041364,4.09474740934619,0.438120873835998,0.437773238896609,0.419573092135859
-0.6,"eld vs kin","1047",0.00147353380707176,0.00198462675910638,0.00374452269915243,2.83163989574464,2.70232115726459,2.42660353239307,-2.25403271258958,-1.58911378963589,-1.70527469674245,0.291916805160549,0.272605046263603,0.289343133253249
-0.6,"eld vs kin","1074",1.09724179582161e-13,1.12106044957422e-18,5.46864058249689e-17,12.9596976577309,17.9503709688424,16.2621206189855,4.47370746141961,5.09276680838163,5.10826375436327,0.390710195266311,0.389491359870363,0.39909210183728
-0.6,"eld vs kin","1076",1.54391564321247e-09,8.85093461062779e-13,2.1666198472499e-14,8.81137643242526,12.053010867742,13.664217282831,3.98496814277656,4.74152420937098,4.52010896122573,0.426144164364353,0.434062301197565,0.427587360457572
-0.6,"eld vs kin","1079",0.0027601761688329,0.00180385253240613,0.00277436987913549,2.55906319811219,2.74379896955465,2.55683563924002,-2.89416507866049,-2.31503910673215,-2.45383250603198,0.497167548210197,0.474908597155562,0.499055005934029
-0.6,"eld vs kin","1082",0.0083394004166406,8.23022634773734e-05,7.84234900257989e-05,2.07886517299597,4.08458822065388,4.10555383450177,2.49942284212829,3.07945135482259,3.0659376478941,0.497884632880963,0.501418274204654,0.494706857613391
-0.6,"eld vs kin","1089",2.0150272717849e-06,3.36980177379556e-13,1.4409381113209e-12,5.69571907165411,12.4723956454428,11.8413546718501,2.43205698563869,3.10917762972818,2.97779404815723,0.290066794024778,0.282405773677835,0.289580489403593
-0.6,"eld vs kin","1098",1.38734946652683e-23,7.71062235138265e-26,2.43706555950514e-29,22.857814128496,25.112910567103,28.6131327877015,6.42172770898813,7.10704875594266,6.90411276909996,0.448990652485432,0.451456757969567,0.435962050337106
-0.6,"eld vs kin","1101",0.00373471687487125,0.0125292165355259,0.00421344868208139,2.42774231602843,1.90207608502627,2.37536229122289,-3.11196962010848,-2.58055511784863,-2.66860335420531,0.589908201105668,0.591351766460717,0.593298058925112
-0.6,"eld vs kin","1104",5.68751637503387e-05,0.000686547772149253,3.11424976408334e-05,4.24507733994773,3.16332923780237,4.50664655977903,-3.41953510859302,-2.65318952811986,-2.87578376741107,0.47223927303006,0.457016988742359,0.47259072682421
-0.6,"eld vs kin","1105",4.38049320950194e-09,8.57060532497937e-11,2.36738278369014e-10,8.35847698855843,10.0669885036294,9.62573151503084,-5.15187581381494,-4.52312311304136,-4.67403325035941,0.513058853593549,0.49036878146914,0.510210144983136
-0.6,"eld vs kin","1108",0.0240426971777249,7.63415475881646e-05,0.000675007329665207,1.61901681355381,4.11723904032368,3.17069151129361,1.90617858027847,2.61155892029542,2.47869664324189,0.429178427882826,0.430861956356866,0.448898379890753
-0.6,"eld vs kin","1112",2.7702242837375e-07,2.90254264138144e-06,4.33529957503702e-06,6.55748506803071,5.53722139130321,5.36298088681748,-4.0925712196016,-3.5308316621093,-3.53499488333066,0.537555760481115,0.533437633211176,0.530216437974962
-0.5,"cent vs mage","4",0.00473153623483688,0.0046662341250523,2.18456686920871e-07,2.32499782966575,2.33103347457197,6.66063465707303,1.34308254138242,2.17942739519701,2.00121914439304,0.182820026944219,0.199263726494526,0.182915153946054
-0.5,"cent vs mage","7",7.23244033559396e-08,8.04630560502807e-08,1.35816719611874e-10,7.14071514040092,7.09440347660482,9.86704676327927,3.30743973713571,4.14851285336047,3.95903464866532,0.415482500914461,0.419235278975167,0.41571277220495
-0.5,"cent vs mage","14",0.000231833075491462,0.000140226966812857,7.98406474687235e-08,3.63482460340827,3.85316845989409,7.0977759497899,1.84021528919518,2.6851711922863,2.49931225210083,0.259990926858059,0.263091095766881,0.259998426875296
-0.5,"cent vs mage","19",0.0203820080746349,0.0123155496914519,0.00042180713067235,1.69075303069409,1.90954619912033,3.37488608276278,1.65593150330938,2.48628305792275,2.31389408543783,0.34568986139798,0.335199257267387,0.345042306742737
-0.5,"cent vs mage","20",0.000277266389517032,0.000207903874777283,2.45336039078526e-07,3.55710277280214,3.68213741649484,6.61023865063871,1.82450653031772,2.66081801565958,2.47698482405803,0.268676173309125,0.265690457561126,0.268322101311443
-0.5,"cent vs mage","21",3.33643007288827e-05,1.87222393850272e-05,1.03717681894682e-08,4.47671797294928,4.72764220611106,7.98414719833923,1.99590204115088,2.83819515273739,2.65247894985071,0.260882037945416,0.264619601565563,0.261220184305591
-0.5,"cent vs mage","24",7.61889811882547e-07,4.64605244607949e-08,4.85788739699086e-10,6.1181078338463,7.33291589205744,9.31355255610814,3.63757196848495,4.47368800211945,4.27651877815097,0.490289909609832,0.482082459775853,0.493821043380276
-0.5,"cent vs mage","26",0.000439755172663306,0.000228334415837055,2.92659631939392e-06,3.35678904340906,3.64142862428879,5.53363717792502,2.2273527662622,3.05710611857335,2.87302353710642,0.375023299422568,0.369921845950488,0.369968447579169
-0.5,"cent vs mage","32",0.0371584632852258,0.0224458727766494,4.48036469754057e-05,1.42994225486533,1.64886350299508,4.34868663339404,1.28189129513603,2.11438163022173,1.94093656942332,0.22836055867201,0.223839509919248,0.229979131212701
-0.5,"cent vs mage","39",2.53603016642801e-05,4.57179597901061e-05,5.98005492819252e-08,4.59584558476692,4.33991315867197,7.22329482689765,2.75465040548003,3.58310497464322,3.43000329984885,0.419748122165631,0.423025749792544,0.418470837706106
-0.5,"cent vs mage","42",8.93231955159833e-05,7.22950949873732e-05,2.72622070790611e-07,4.04903574854133,4.14089116732761,6.56443898769956,2.57635297527841,3.4326780993252,3.23404800794435,0.409096347505165,0.414274531757874,0.412410331446011
-0.5,"cent vs mage","51",8.09412997616632e-06,0.0471160516464314,0.0086408930941581,5.09182982595402,1.32683111083585,2.06344136795864,-2.62497777997157,-1.78118037997662,-1.98425341720348,0.38383204153022,0.364781823176846,0.385036258150005
-0.5,"cent vs mage","55",0.0342200500206127,0.02407706953421,0.000435127784745577,1.46571935997142,1.61839637300264,3.36138318428618,1.61643774619169,2.45421751236544,2.24722065454792,0.357816461230329,0.363880123835661,0.353814218067999
-0.5,"cent vs mage","56",0.0013519942345619,0.00106542591126428,4.73554776749914e-06,2.86902516039386,2.9724767453377,5.32462977829893,2.11966419492749,2.96064240260711,2.78822702406092,0.371873551631319,0.367499495719721,0.370964681828548
-0.5,"cent vs mage","57",5.6402459674182e-05,0.030852536238197,0.0180809360763777,4.24870195630687,1.51070912890857,1.74277908922117,-2.86312213158915,-1.98080369233978,-2.18140687407749,0.452691743076409,0.420598481633056,0.454318496530338
-0.5,"cent vs mage","69",0.0173295783298443,0.0180389395124417,0.000325608359737999,1.76121200458267,1.74378899769388,3.48730445347118,1.82183119166953,2.6788023198791,2.46274130902187,0.384414109750328,0.390706339075767,0.382893656924773
-0.5,"cent vs mage","90",0.0316725016869748,0.00497546079711671,7.89696388232357e-05,1.49931763205153,2.30316669132474,4.10253984827837,1.53129286224678,2.33906758572719,2.18341134011583,0.281233023284104,0.293056441831741,0.282137307748501
-0.5,"cent vs mage","100",8.88486822964106e-06,0.00770223112709307,0.0039585168005146,5.05134900877755,2.11338345329118,2.40246750751212,-3.53267426468515,-2.70244419430599,-2.93860084714741,0.567098675982731,0.568141182953708,0.568748643782099
-0.5,"cent vs mage","106",0.00442090004168568,0.000543943240198241,6.41568322074172e-06,2.35448930455468,3.26444641602751,5.1927570878162,1.90900217800171,2.72836262813879,2.54878634711981,0.341342951936354,0.322411699869458,0.337524893865571
-0.5,"cent vs mage","114",5.81243646302367e-11,1.78175411696841e-07,1.72379425247837e-08,10.2356417814412,6.74915222903748,7.76351457165846,-4.55643571916,-3.67442366365715,-3.83900844265141,0.489107373543181,0.458578909846106,0.485135535134597
-0.5,"cent vs mage","132",0,3.80917494514447e-09,3.11400369610674e-11,15.587777834451,8.41916908090531,10.5066808762901,-5.26282635295379,-4.35464561870836,-4.4742209187006,0.489625103827449,0.473197626963365,0.480582258588743
-0.5,"cent vs mage","142",0.00212746373103219,0.000366701177219527,1.68189531133456e-06,2.67213783502568,3.43568769582308,5.77420104012234,2.74950561275754,3.59109321333313,3.55802643907959,0.536774593273646,0.536873266649838,0.527736494662567
-0.5,"cent vs mage","143",2.58358149688812e-15,6.24122548387291e-06,1.04171334653585e-10,14.587777834451,5.2047301268835,9.98225177157841,-4.76445595897171,-3.84504013906483,-3.96228816335329,0.444459027960046,0.447463338865896,0.442428150029632
-0.5,"cent vs mage","148",7.89473916365447e-07,0.00760660941416755,0.00221998769727654,6.10266221418727,2.11880888341985,2.653649432315,-3.48604920745562,-2.70225229761423,-2.88051178740036,0.493411992656342,0.487334955189107,0.503525624285533
-0.5,"cent vs mage","168",0.00019809953993448,0.000212588988700774,4.79418745776279e-06,3.70311653306392,3.6724592340288,5.31928498860017,2.72518322550578,3.53440147383581,3.34044651841015,0.434205071418406,0.452935087986893,0.444475326988983
-0.5,"cent vs mage","169",5.62565880383938e-07,0.00400092009214308,0.00219571251021748,6.24982661132888,2.39784012242452,2.65842452369353,-3.19189614526292,-2.37832227199128,-2.5386740751958,0.439165760733081,0.409958398087264,0.43978320531065
-0.5,"cent vs mage","210",1.43388773077291e-13,1.22379346702746e-09,9.59412988869405e-12,12.8434848513283,8.91229186952595,11.0179944061994,-5.24363637198581,-4.38455775266951,-4.45750637513103,0.479054200616149,0.463805035130385,0.464478333778186
-0.5,"cent vs mage","219",5.71617406186498e-13,4.72764255937674e-09,1.203707399762e-08,12.2428945550811,8.32535536638199,7.9194790696499,-4.75184767211719,-3.99130510202008,-4.03358049911491,0.470513908672003,0.469936565719287,0.452717771430981
-0.5,"cent vs mage","289",1.91730182618811e-06,0.00789853319796933,0.00427242346998447,5.71730951407558,2.10245355214928,2.36932570786085,-3.27977141567479,-2.49362845765971,-2.74130278208573,0.484552621463738,0.47148811260968,0.490695964402514
-0.5,"cent vs mage","294",0.00546872995257332,0.000287989940978189,2.86311192377558e-05,2.26211352167983,3.54062268117813,4.54316167435771,2.0109613196006,2.88491483317232,2.67187105664543,0.370885155433127,0.391196178309753,0.38833217355072
-0.5,"cent vs mage","353",2.76117765790728e-09,2.44187263659281e-05,4.18336212875352e-07,8.55890564936704,4.6122769917701,6.37847453950443,-4.19761296684728,-3.33774977043913,-3.38134984688019,0.46217627388157,0.442858333090865,0.4489180978585
-0.5,"cent vs mage","372",0.000604444416737295,0.0384579954832741,0.0285351261599892,3.21864362964879,1.41501335590721,1.54462020300057,-2.86248020427077,-2.11378863928558,-2.21703082310802,0.473078189879269,0.470441255635444,0.471929118547647
-0.5,"cent vs mage","652",0.0283183518622192,0.00956154922311555,0.0026182948842017,1.5479320263344,2.01947173486405,2.58198144282361,1.49070138031674,2.31204585389701,2.18403872078911,0.309439994364207,0.301162904823922,0.31458147857274
-0.5,"cent vs mage","671",0.0219737127770176,0.00816433857932876,9.49838738208897e-05,1.65809655653688,2.08807899316651,4.02235012213315,1.71031503237909,2.52312660596738,2.34026798529118,0.361776597392612,0.35401348766751,0.361875053692941
-0.5,"cent vs mage","675",3.32771505617467e-08,0.000190998009824172,1.78215318730125e-05,7.47785386832753,3.71897115802391,4.74905496834612,-3.68471090665739,-2.89851504115887,-3.1563855788371,0.462846594247817,0.447086421110928,0.477862345963356
-0.5,"cent vs mage","728",0.00616629298982896,0.00439456377876971,7.56084933441508e-06,2.2099758437284,2.3570842281842,5.12142941606873,1.66421979426506,2.50285903292039,2.31199067014417,0.305303639682382,0.304932295173057,0.303467957750476
-0.5,"cent vs mage","762",0.0392053333120808,0.0320297471444934,0.00018473147719343,1.40665484954956,1.49444648981525,3.73345909694379,1.69743448650157,2.51173832034066,2.3697469221005,0.376834551422714,0.38068719867765,0.375960965104648
-0.5,"cent vs mage","769",0.000123272600497838,0.0290480654892805,0.0150218518110243,3.90913344226014,1.53688278497092,1.8232765266037,-2.87214381220806,-2.08378528621798,-2.24344752876777,0.45196560141563,0.449909962829615,0.452770113599852
-0.5,"cent vs mage","770",4.76859494483398e-08,0.00320244070065625,0.000915336083540824,7.32160956594829,2.49451890330575,3.03841941694113,-2.94028907434199,-2.11667474520375,-2.25047542616474,0.35343583391538,0.332284877275899,0.353714783412903
-0.5,"cent vs mage","819",9.39415896471492e-06,0.0490290689359591,0.00418122915889688,5.0271420951093,1.30954635394563,2.37869602959929,-2.78103075489886,-2.08534938253378,-2.27260992307145,0.42946154085804,0.441544698964828,0.445319597568011
-0.5,"cent vs mage","829",0.0415030166274939,0.0294687385810081,0.000359589262991778,1.38192033564788,1.53063845386953,3.4441932843833,1.73146683809969,2.58901093840953,2.38911715269939,0.397255775865838,0.387765182703897,0.395713752799269
-0.5,"cent vs mage","848",0.0392872349723381,0.0319223325432385,0.00674064865975799,1.40574853567056,1.49590538255795,2.17129830883582,1.49427288302504,2.37893732452065,2.15818387265789,0.3345719038506,0.329367770919688,0.338677647256496
-0.5,"cent vs mage","849",4.23268075398075e-05,0.0442201590782169,0.00934608158282866,4.37338448654915,1.35437969941747,2.02937043229762,-2.69881684944287,-1.83915509223067,-2.04693661325592,0.411617169183649,0.374193229718171,0.418619903497353
-0.5,"cent vs mage","854",0.00566635552257498,0.000219482170831768,1.86448412917418e-05,2.24669618014233,3.65860075297935,4.72944130908005,2.52899752971295,3.42865108413492,3.12746927506648,0.475643755858613,0.452975162321691,0.457966127933969
-0.5,"cent vs mage","857",0.0128958483530383,0.0187931708755206,0.0080983017033388,1.88955008253541,1.72599993743221,2.09160604756582,1.69804010168019,2.43629157226585,2.26272002471984,0.325695144035908,0.336265828414288,0.349040403355854
-0.5,"cent vs mage","917",1.53769301228525e-05,0.0204586662593447,0.00448701574326156,4.81313035918873,1.6891226822117,2.3480424066872,-3.2307917734661,-2.42678146344563,-2.56431644699175,0.502381325864931,0.487269704379299,0.497565419895035
-0.5,"cent vs mage","921",2.61321886748814e-12,4.27078502717818e-08,9.4280932556735e-10,11.5828242148568,7.36949228852633,9.02557613040905,-4.63347907755522,-3.81245187676588,-3.99197015881561,0.484536830676755,0.462302259778224,0.47709973275605
-0.5,"cent vs mage","966",5.25856178293473e-05,0.0306265338831087,0.00845062058815789,4.2791330191814,1.5139021511078,2.07311139659871,-3.23220479687104,-2.34647845379719,-2.59097003905282,0.531199346742614,0.519201361352614,0.53941978126761
-0.5,"cent vs mage","975",0.000153905419126032,0.0257290360978672,0.0344065760177585,3.81274608806262,1.58957648371654,1.46335854419342,-2.85340937939608,-2.04546077284944,-2.12646217358993,0.442229479282977,0.453978537998601,0.439561540490279
-0.5,"cent vs mage","978",0.00361086959503129,1.37437606099845e-05,5.73046946717569e-06,2.44238819564434,4.86189441802594,5.24180979711605,2.45916272955891,3.32856182646546,3.15476381328004,0.45401323225791,0.454981882770846,0.447256245940023
-0.5,"cent vs mage","984",0.0335621250289805,0.00245672148059605,0.000405298522197483,1.47415054906078,2.60964407685186,3.39222497978322,1.89594877169065,2.74829825580281,2.55968592022599,0.412311205599869,0.418722454279675,0.418301593785172
-0.5,"cent vs mage","1004",1.58485017354211e-05,0.0350969007465238,0.0352070621380458,4.80001178825979,1.45473123248318,1.45337021322767,-3.20627022168254,-2.45892433812905,-2.35345835653975,0.470636876954413,0.460050091820495,0.443400695186401
-0.5,"cent vs mage","1019",4.3912316876036e-10,0.000177418105708586,8.43567400697786e-06,9.3574136482991,3.7510020620235,5.07388021173319,-3.47989245180638,-2.63812052341428,-2.80080367286206,0.390796970300873,0.392524204739562,0.389855058268705
-0.5,"cent vs mage","1043",0.000960010048922877,0.000395335789536718,3.83307268661009e-06,3.01772422095115,3.40303386743106,5.41645294513533,1.9544842377364,2.80538520053304,2.60333724456701,0.330401506595257,0.319300662583208,0.328678486296258
-0.5,"cent vs mage","1058",2.73449009615662e-07,0.000804834391232767,3.99394399919368e-05,6.56312364522491,3.09429347413271,4.39859802885231,-3.48882147031281,-2.70726907738204,-2.7723194523037,0.452892818538094,0.470017588905391,0.448961091395403
-0.5,"cent vs mage","1074",0.000394760714040626,0.000133992042290762,3.24621213944969e-07,3.40366607414911,3.87292099336529,6.48862310250672,2.3955206141566,3.28104780069079,3.14423897770373,0.383360728663057,0.389504432469571,0.374056926779667
-0.5,"cent vs mage","1079",1.5040500845586e-05,0.0319827211741476,0.00435144606195053,4.82273770158662,1.49508458809947,2.36136639537558,-2.89199376367565,-2.05583000782357,-2.21081159820977,0.421885844823028,0.401949194741462,0.417120895422438
-0.5,"cent vs mage","1087",0.000340551613976877,0.000161219332615633,3.82166349034096e-07,3.46781705712388,3.79258288098711,6.41774755661174,3.07871481447073,3.85285411175503,3.59850858839741,0.495344998293687,0.487713728784265,0.50242110311077
-0.5,"cent vs mage","1098",1.96252905729947e-08,2.09075217371315e-09,2.50044800706428e-12,7.70718390435015,8.67969744301567,11.6019821715022,3.69893965271696,4.48636224453548,4.28100519868045,0.442171647152124,0.438599569136819,0.440962914968439
-0.5,"cent vs mage","1104",1.15794931270425e-06,0.0325830355161398,0.00212250308370735,5.93631045070758,1.48700845819513,2.67315167011293,-3.26307426065751,-2.43647672491678,-2.56925197307646,0.443630231454804,0.430218730865721,0.45525177239879
-0.5,"eld vs kin","3",2.32522334719931e-14,6.2005955925315e-14,8.52581893973081e-14,13.6335353250117,13.2075665927394,13.0692638945731,-5.3695492883228,-4.76444296715605,-4.85968034957411,0.447586703162159,0.433195101238647,0.446471846579531
-0.5,"eld vs kin","4",7.42075104217678e-06,1.73875483361521e-08,7.38011119724513e-07,5.12955213825645,7.75976164969034,6.1319370945474,1.85698612902115,2.48047398989392,2.35409105679777,0.220197057490977,0.227863562827704,0.2202424581491
-0.5,"eld vs kin","5",7.29497648101499e-07,1.61883184287871e-05,6.81385640082033e-06,6.13697610393254,4.79079826150156,5.16660702324664,-3.40945069666205,-2.78124188221424,-2.90807693116509,0.384730042081324,0.385216748205996,0.385127923143905
-0.5,"eld vs kin","7",9.28178470218706e-26,4.0712120247368e-26,7.06013153577894e-29,25.0323685095796,25.3902762794002,28.1511872076265,6.89770107087208,7.51789253195731,7.39928396192891,0.45639307919149,0.461494147965986,0.457735234132008
-0.5,"eld vs kin","10",8.88185321724741e-05,0.000505064309787891,0.000244154993577958,4.05149640831459,3.29665331968765,3.61233438888477,-3.34723411404311,-2.7542779571901,-2.86685754530872,0.473558549453832,0.483828849530948,0.47339839183426
-0.5,"eld vs kin","11",3.5673495592318e-06,7.35727276397876e-08,8.09604114631555e-07,5.44765433271174,7.13328314259894,6.09172729329425,2.57292245321152,3.18249029088989,3.05997637092782,0.353449480377082,0.352498620290567,0.349424369063014
-0.5,"eld vs kin","12",0.00165378693232825,0.00870556188338161,0.00364992165699285,2.78152044404268,2.06020319295826,2.43771645726978,-2.6206259760567,-1.99600209591141,-2.11648679418419,0.369149875833263,0.380115584871047,0.369831640559947
-0.5,"eld vs kin","14",3.44575585024896e-06,1.046942680876e-08,5.7243475780567e-07,5.46271549782416,7.98007709488342,6.24227400407908,2.18617193561767,2.81547155296632,2.69033737793234,0.276860493381791,0.280133370302982,0.276175706820256
-0.5,"eld vs kin","15",0.00138651808506822,0.000130528253118285,0.000344422030555937,2.85807446132297,3.88429547418532,3.46290907718681,2.28985818238684,2.92404008665975,2.79276567923314,0.428026342331356,0.448591695587581,0.429237916686182
-0.5,"eld vs kin","16",7.47101680836713e-08,4.65472411538459e-11,9.62158722339539e-09,7.12662028650976,10.3321060544714,8.0167532787416,2.34951145270517,2.97663774725599,2.85222604994925,0.26698979700431,0.261920673361839,0.266932842917779
-0.5,"eld vs kin","21",2.34234742973083e-15,9.25088789015357e-18,3.78005414850401e-16,14.6303486875625,17.0338165821487,15.4225019789384,3.4222997840409,4.04210848867281,3.93089981360863,0.293211690075039,0.295182325104796,0.293193712054948
-0.5,"eld vs kin","23",0.005658736243138,6.26251386168337e-05,0.00115261438601945,2.24728054830169,4.20325129983992,2.93831596420124,1.75643570586668,2.36251314802295,2.24299234791552,0.314426946039206,0.29429613195997,0.310760390035056
-0.5,"eld vs kin","25",0.000695381696153856,1.95220743627126e-05,0.000176045704684974,3.15777674500737,4.70947403726282,3.75437456675609,2.40463939751898,3.01217400475774,2.89653203322391,0.424344888384811,0.415734903680529,0.427149593356943
-0.5,"eld vs kin","26",0.0179588972380505,0.000918379131811338,0.00270394834157626,1.74572033460264,3.03697799324113,2.56800160976542,1.76980819846736,2.39604318676178,2.28776365899339,0.363531548274894,0.367571801964408,0.363206382583896
-0.5,"eld vs kin","29",0.00205685184059619,2.32500744310215e-05,0.000463410817321562,2.68679699033197,4.63357565245445,3.33403383276393,1.77831883891884,2.3975705575693,2.27934069720456,0.290336107774732,0.290749021647561,0.292075292797274
-0.5,"eld vs kin","31",0.000375071040082389,1.11791649627843e-05,5.41050463612317e-05,3.42588646722212,4.95159063523304,4.26676222648995,2.92191279555662,3.56389506771887,3.42122766218133,0.532718711450094,0.524071457146912,0.530311551393028
-0.5,"eld vs kin","33",5.9477782290711e-07,6.32889135635408e-06,5.12782452009943e-06,6.22564523310339,5.19867235949071,5.29006684527872,-3.86333230375169,-3.22903739445914,-3.33940957524855,0.460871811105146,0.457405037292834,0.4570432324615
-0.5,"eld vs kin","36",0.020158716452971,0.000274664278406455,0.00320672412596957,1.69553712377107,3.56119781928252,2.49393840075837,1.44966872661947,2.07151285078402,1.94715192562827,0.262789585146473,0.255049385970759,0.26137313248678
-0.5,"eld vs kin","38",0.00438727463535234,0.0295687841564497,0.0121064668596208,2.35780517870541,1.52916653293079,1.91698258247636,-2.44615530984263,-1.82989040059113,-1.9336080289063,0.379774800817398,0.372914568497565,0.378959889147242
-0.5,"eld vs kin","47",0.0312427896476516,0.00162331782485638,0.00849708500369878,1.50525019520153,2.789596442547,2.07073003710145,2.16223316112408,2.79559354156443,2.69848404095303,0.529531075608574,0.532770453837711,0.53390269773155
-0.5,"eld vs kin","55",0.0278377312889991,0.00237513244829031,0.00724627904606471,1.55536616161956,2.62431216710953,2.1398849457869,1.81867035755029,2.48949412282993,2.31101735574322,0.408863439488737,0.422677746647398,0.405130441326704
-0.5,"eld vs kin","57",0.00586844554212902,0.00239561183083907,0.00227652869206142,2.2314769212189,2.62058355079928,2.64272687172283,-3.04639997302921,-2.4247530997163,-2.51309380719386,0.485565836944661,0.453381125873531,0.481123620131002
-0.5,"eld vs kin","62",0.00734940897060098,0.0231411398505454,0.0169563612826092,2.13374758487871,1.63561525305021,1.77066733866126,-2.2736592454799,-1.65253307948386,-1.75619011775051,0.318162420117264,0.306979610466622,0.317934711350644
-0.5,"eld vs kin","65",7.36224923855463e-07,4.89798474077615e-05,1.00077740531019e-05,6.13298948421389,4.30998257221397,4.9996625083305,-3.31864745666482,-2.69109639160036,-2.79927433237419,0.366236332651808,0.378037238495171,0.370409958827317
-0.5,"eld vs kin","67",4.46959598961645e-13,9.50512550612626e-11,5.81435015874672e-12,12.3497317313222,10.0220421443158,11.2354988171765,-6.06906623637103,-5.46222676132985,-5.52617563965271,0.562639020971535,0.559071372731426,0.561288501394654
-0.5,"eld vs kin","68",0.0129506816606991,0.0350932660706531,0.0429712843734454,1.88770737183841,1.45477621085401,1.36682166544656,-2.28010641915299,-1.64762647590626,-1.77856336670702,0.379859397370579,0.356107170920314,0.379875852032577
-0.5,"eld vs kin","74",7.55113722811033e-05,1.1391080694214e-06,1.18054544944244e-06,4.12198763715225,5.94343507159522,5.92791728849877,3.15717340780201,3.77052869179766,3.62165238323896,0.499296070197503,0.496187309734895,0.493930039025203
-0.5,"eld vs kin","77",0.0243548185610684,0.00112613955673323,0.00618322611165371,1.6134151014944,2.94840778624885,2.20878487168842,1.71535048865995,2.32410953002178,2.15993310187699,0.37184625620774,0.358158609081176,0.364478165333657
-0.5,"eld vs kin","79",2.59511053256122e-07,8.72451694039144e-08,1.45593581899065e-07,6.585844139681,7.0592586097476,6.83685776930358,-4.41475648059786,-3.74465932594661,-3.82938049057697,0.487741105984559,0.463969007941604,0.481414500713222
-0.5,"eld vs kin","80",0.0127517357725159,0.000439341843303315,0.00107074851413148,1.8944306948287,3.35719743217667,2.9703125195977,1.81926572026272,2.46664747589236,2.29949454417708,0.346564829704857,0.368651845998892,0.343496034606021
-0.5,"eld vs kin","82",4.90923189765701e-06,2.04758401519709e-06,0.00015132206549961,5.30898645262327,5.68875826950018,3.82009773935285,-4.36385214544065,-3.92433567073444,-3.95589026925446,0.586631171407615,0.579285902623595,0.59945749634447
-0.5,"eld vs kin","83",2.62252825324602e-06,1.99513313830098e-05,4.06093949105529e-06,5.58127982433069,4.70002811787189,5.39137348155073,-4.01819606730005,-3.42964152057076,-3.61825953164989,0.518556302319409,0.489779718792669,0.529617044468848
-0.5,"eld vs kin","84",1.48016984054509e-08,4.08573530234758e-07,3.91470747091399e-08,7.82968844907831,6.38872977291001,7.40730068533387,-4.33056958755814,-3.73096364904013,-3.95027882376686,0.480989332173536,0.447637557378855,0.484975227421486
-0.5,"eld vs kin","85",0.00268409142188286,0.00609484141664011,0.00952611111758984,2.57120269590131,2.2150375899265,2.02108435695474,-2.90020108496168,-2.2783552130191,-2.36487091728291,0.485818456059469,0.469367282602058,0.482201912422906
-0.5,"eld vs kin","87",0.00022187497310717,0.000877432597943991,0.000195187845533099,3.65389168224042,3.05678623493653,3.7095472296112,-3.37809579842515,-2.81943518742687,-2.95342297912031,0.522626178409012,0.51251680697847,0.529762344448264
-0.5,"eld vs kin","89",1.29582663745636e-11,3.85472669672114e-13,1.02605651775242e-11,10.8874530967928,12.4140064083558,10.988828716542,4.30175703126892,4.88624956492451,4.7091897729231,0.455090466460155,0.440084990469599,0.43489630622149
-0.5,"eld vs kin","91",7.37989068607444e-09,6.4925168116158e-08,6.53903665989551e-06,8.13195007107483,7.18758691714225,5.18448622783899,-4.88560041227216,-4.3779440596429,-4.33562037581289,0.581051053257563,0.573989254513177,0.582845234921172
-0.5,"eld vs kin","100",3.15438381400516e-06,3.87093112493386e-06,1.37830112874438e-05,5.50108546441133,5.41218455596786,4.86065588818684,-4.27522061067782,-3.69938361294535,-3.81292436145764,0.555708676818345,0.54841540721854,0.570543857311417
-0.5,"eld vs kin","102",0.000291025004599855,0.00478950959669894,0.00329062014080566,3.53606969522986,2.31970895221191,2.4827222484481,-3.4602858406499,-2.81587886436911,-2.99788484274098,0.545401650184557,0.522740971984709,0.541977728136345
-0.5,"eld vs kin","108",0.00243721973953652,0.0382773964148615,0.0234190822105124,2.61310531309431,1.41705761010923,1.63043012885035,-3.37109959582886,-2.66855832394893,-2.7828138653578,0.647196625816075,0.635456893928947,0.644126337751898
-0.5,"eld vs kin","110",0.00257071406761191,0.0137239732107793,0.0126890784433028,2.58994622587137,1.86252013835866,1.8965699178203,-3.05678126715079,-2.39321276722305,-2.4989701895023,0.521905584440264,0.496200365787948,0.518849278681386
-0.5,"eld vs kin","111",1.01557610354756e-05,0.00011975297803345,3.25224928527158e-05,4.99328752660447,3.92171367768448,4.48781617308148,-3.8178438969301,-3.21149353737351,-3.34657803233936,0.460112083764884,0.445826792720529,0.457539893397685
-0.5,"eld vs kin","115",0.000932163671405668,0.0106147532176519,0.00319190643584499,3.03050782654341,1.974090098291,2.49594984758189,-3.24035986194168,-2.65275528408263,-2.84934775629445,0.554962637245207,0.546633911287784,0.568915120042891
-0.5,"eld vs kin","118",0.000340237526570575,0.0079564551069296,0.000361532033975459,3.46821778747912,2.09928038331843,3.4418532154859,-2.80400413682716,-2.12340890196553,-2.35528531960569,0.389666014637375,0.389866037784779,0.390557477246748
-0.5,"eld vs kin","119",0.00248144627469576,0.000267634593162894,0.00210904389952108,2.6052951231891,3.57245775245588,2.67591438037367,1.79439306952701,2.3881213202859,2.31680734208148,0.320576035785781,0.302874687039048,0.319477417754556
-0.5,"eld vs kin","121",3.74143579978347e-08,2.22783467693249e-11,1.63185765607325e-09,7.42696170254277,10.6521170404103,8.78731772663487,4.06938855283923,4.63972613872508,4.44147197018601,0.511955852114383,0.488901706285442,0.492884332082807
-0.5,"eld vs kin","124",0.0326739661393209,0.00195346985521247,0.00104835305066278,1.48579814535695,2.7091932861622,2.97949243669019,1.99505312708804,2.61944833329884,2.5100894743925,0.441309102524204,0.435842722163795,0.437502580974896
-0.5,"eld vs kin","125",0.0276178893625344,0.00270903133569803,0.0106860727449193,1.55880951450575,2.56718597140019,1.97118187370453,2.3878069153424,3.02149520881146,2.79013641850821,0.530707164487236,0.52711587479198,0.545263017873892
-0.5,"eld vs kin","126",0.00583516388361947,0.0300997505709652,0.041211795363997,2.23394694206041,1.52143710327999,1.38497846531786,-2.72520511646696,-2.10152671667666,-2.22113027785622,0.526200699842485,0.501640292395044,0.517456115621005
-0.5,"eld vs kin","128",0.00135851775558035,0.00926275603579269,0.00849689161105477,2.86693468105899,2.03325977432758,2.07073992170469,-3.28158213845676,-2.65213560695389,-2.68335434623166,0.58232551490877,0.540422780462504,0.572171278738936
-0.5,"eld vs kin","130",5.04139290065194e-05,9.82349124018398e-05,0.00134595877095219,4.29744945452858,4.00773413778497,2.8709682431003,-3.86419354756575,-3.26670444324516,-3.33791348174815,0.591686360123655,0.576604959830341,0.592033549887907
-0.5,"eld vs kin","133",0.000145560134067439,0.00837072982080943,0.00793184442369012,3.83695755308084,2.07723667541981,2.10062581269612,-3.11655252458,-2.41178538081169,-2.61140816314138,0.497046072514703,0.470855667405458,0.503234333128284
-0.5,"eld vs kin","138",5.8650638954842e-07,5.73551422075056e-08,3.51826402035867e-07,6.23172725220914,7.24142763910132,6.45367157298473,3.29165912713726,3.92209275327422,3.83862556358437,0.435642565358452,0.442924083917309,0.442854934529457
-0.5,"eld vs kin","139",2.16246261874519e-07,7.71897367480004e-07,7.45574456574575e-07,6.66505139119864,6.11244044020856,6.1275089793541,-4.4633516858596,-3.94294714219909,-4.00343042465691,0.534217212441583,0.537938945312493,0.540121272730366
-0.5,"eld vs kin","147",0.000324890006787158,0.00966026020021211,0.00462016820106073,3.48826364680811,2.01501117565548,2.33534221330474,-3.34216995315856,-2.89480197468468,-2.90279071371395,0.559615141788772,0.558895524118182,0.563427010584596
-0.5,"eld vs kin","151",1.81648218743527e-11,5.28475196617515e-14,4.49384528178067e-14,10.7407688565056,13.276975390996,13.3473818839475,4.81401119309973,5.41779931659502,5.24784750213723,0.479381401986938,0.479876958311635,0.477206719374497
-0.5,"eld vs kin","162",0.00636339549788906,0.00621473699428621,0.008210564655095,2.19631108364528,2.20657724583925,2.08562697465164,-3.35616153803976,-2.82721665579181,-2.84120682918786,0.606608003311884,0.604067064673167,0.59880728388618
-0.5,"eld vs kin","163",0.000215238366192501,0.00218720436849404,0.00147434544761115,3.66708031320738,2.66011063536085,2.83140074686098,-3.55977693532041,-2.87171533844923,-3.04075807848113,0.57928050259428,0.558044069884193,0.569820647306131
-0.5,"eld vs kin","164",0.000939062754990952,3.91467802348838e-05,0.000229440319384708,3.0273053840538,4.40730395221974,3.63933026146679,2.55110227540339,3.24663856677433,3.0915487068961,0.457146207548014,0.479609317564453,0.463868118078957
-0.5,"eld vs kin","169",0.000122648257472915,1.7392102157343e-05,1.69511114577705e-05,3.91133861765958,4.75964792230102,4.77080182051982,-4.03898379198741,-3.36359852986165,-3.51334053748197,0.536104355120118,0.502380062297116,0.525879517135562
-0.5,"eld vs kin","172",1.73927386438325e-05,0.000209903660920875,0.00088687615755455,4.75963202902315,3.67797998683985,3.05213702035507,-3.35516087107324,-2.77710021946168,-2.82276590341401,0.458046513639468,0.457840347627908,0.466315229770083
-0.5,"eld vs kin","181",0.000127417982430319,0.00364052091146075,0.00375654570824255,3.89476927593202,2.4388364699809,2.42521132245932,-3.17655512604648,-2.53539260841565,-2.68411527519775,0.497538979715455,0.465098659855493,0.491970128477376
-0.5,"eld vs kin","203",0.00486630694708397,0.00795447394408462,0.0211624598462766,2.31280050099079,2.09938853641156,1.67443385291406,-2.80426542206763,-2.12202946663257,-2.31108367284754,0.445478811241985,0.419031157127387,0.433826127576523
-0.5,"eld vs kin","207",0.000100580593870175,1.93046276981825e-06,5.46519284189372e-05,3.99748580445004,5.71433856959984,4.26239450915934,2.85778286043238,3.59165117797382,3.48237258745938,0.448038443094053,0.462805844746017,0.466234495442111
-0.5,"eld vs kin","216",0.00111125649413381,0.0160338377022871,0.00792818511256702,2.95418568801657,1.79496251673201,2.10082621820645,-3.00675359538685,-2.39687849237007,-2.54392956379725,0.519491525904724,0.510340468673069,0.525376812356104
-0.5,"eld vs kin","222",0.00232641277779386,4.39107576335928e-05,8.57887485268991e-05,2.63331322545735,4.35742906953988,4.06656966754878,2.72847167684019,3.26827569368061,3.17510868602406,0.505115992799327,0.50152537820963,0.511005564780663
-0.5,"eld vs kin","246",0.0292389406322397,0.000368017592202064,0.00673864127368219,1.53403836652632,3.43413142041978,2.17142766234131,2.27879846806559,2.93055363297003,2.78185650885302,0.478657434497158,0.481516481478942,0.478774277363501
-0.5,"eld vs kin","251",0.000181910782838696,0.0308977027996873,0.00561782544097253,3.74014155718417,1.51007380855271,2.2504317594741,-3.55901486347435,-2.84818375135979,-3.00108145102457,0.5908011042027,0.571182802038912,0.59643917858711
-0.5,"eld vs kin","252",0.00148233413099862,0.0110722867104455,0.00569358473893168,2.82905389157057,1.95576267693787,2.24461421126126,-3.02399829263947,-2.36012758243794,-2.52671624426552,0.484235750977715,0.467080662294389,0.473468234492226
-0.5,"eld vs kin","265",0.044609692332855,0.00867043941184961,0.0154897527365688,1.35057077201963,2.06195889222323,1.80995551484253,2.09434414505738,2.68578896979723,2.62999570842784,0.479312652025373,0.485215190639576,0.476000469365878
-0.5,"eld vs kin","267",0.00129056404265846,0.00153139756180652,0.000516110308669094,2.88922043925412,2.81491204869749,3.28725746634491,-3.86627668353421,-3.24336804108674,-3.3868258890252,0.615388254755063,0.588653666844741,0.606364977243208
-0.5,"eld vs kin","282",0.000212787730683352,0.000127338519996601,0.000259274706212268,3.67205341702612,3.89504020206951,3.58623984917066,-3.49976436994526,-2.97168643730724,-3.03273280634856,0.470823987733082,0.480593038040209,0.478659556342092
-0.5,"eld vs kin","294",0.0195810170075253,0.00431992742841418,0.0131372497492118,1.70816475536812,2.3645235489499,1.88149554373794,2.07413163901918,2.61516768836543,2.42893401160757,0.442863934806959,0.442877705549182,0.446538050732055
-0.5,"eld vs kin","329",0.0261565619335442,0.000340552971040872,0.0103450482341271,1.58241934105939,3.46781532650741,1.98526748008124,2.05220570367799,2.61314222063073,2.5415429780396,0.434182440830202,0.421768857292471,0.427358941059631
-0.5,"eld vs kin","344",0.00687756963430854,2.74610572025253e-06,0.000215979753926,2.16256500375284,5.56128274720178,3.66558695797094,2.46175765403769,3.0590303373747,2.93553846593752,0.424243359894917,0.415027069482471,0.414581431064996
-0.5,"eld vs kin","349",0.0100494881003707,0.0422853540637008,0.0113406693759482,1.99785605972074,1.3738100286232,1.9453613107252,-2.83831608205207,-2.26227358380819,-2.38839555020057,0.49308232265095,0.488468071919769,0.493818701286042
-0.5,"eld vs kin","363",0.000543626944914246,0.0367619876517514,0.0356381204046596,3.26469902556434,1.43460101516268,1.44808520922019,-2.93857170470982,-2.25308371519439,-2.33601068076007,0.486913271812877,0.473022758057541,0.47812914250072
-0.5,"eld vs kin","473",0.000237682482880452,0.00394340800482508,0.00205160258608532,3.62400282445057,2.40412828631072,2.68790676216922,-3.35779642763726,-2.64137595790864,-2.8856838777756,0.535674079282996,0.521384141942893,0.542163523778754
-0.5,"eld vs kin","614",0.00343011973605355,0.000736887692027892,0.00178041570589409,2.46469071966576,3.13259869728235,2.74947858325435,-3.51719594356215,-2.79878240608478,-2.94679347464911,0.515961264235979,0.487369788333103,0.490993465140241
-0.5,"eld vs kin","616",7.86978944333181e-05,0.000170731276713919,0.000155194076264268,4.10403688705928,3.76768691204279,3.80912485971983,-3.22680895461257,-2.59670838024897,-2.78286628883912,0.43410810374855,0.414776081621242,0.436199790325939
-0.5,"eld vs kin","666",1.43819769833433e-08,1.12496178634088e-09,2.90624369824373e-10,7.84218141061921,8.94886222978654,9.5366679714678,-4.51577199092004,-3.86766674231679,-3.99944593246719,0.429109769747003,0.407538188560723,0.4196032449615
-0.5,"eld vs kin","728",1.29226064540178e-10,8.43261869676976e-12,1.38917888023518e-11,9.88864988150873,11.0740375370063,10.8572418279146,3.48473312833155,4.10897504915883,4.01641601672246,0.376546306308497,0.389053188079489,0.38559314451581
-0.5,"eld vs kin","744",8.21025083980472e-07,4.62584562045036e-06,3.24568429305665e-05,6.08564357410116,5.33480886514631,4.48869372617691,-4.23311949044978,-3.65400191441125,-3.72679270325966,0.513404009576382,0.519562231043202,0.515456733770244
-0.5,"eld vs kin","757",0.00681165558315234,0.0495056492983977,0.0208109560924935,2.16674731932921,1.30534523906384,1.68170796706584,-2.54296016251633,-1.94928354396753,-2.09150447834027,0.44631483900748,0.431072974362643,0.442810182665737
-0.5,"eld vs kin","770",6.26751110593575e-05,7.91809590147771e-05,0.000238294461272962,4.20290488780575,4.10137924251431,3.62288605193195,-3.1997126911067,-2.66855705012915,-2.7554164128561,0.429978556151761,0.420804699751664,0.435041535509286
-0.5,"eld vs kin","786",1.2248147831691e-07,8.00668830646502e-07,2.97149467451898e-06,6.91192958046621,6.09654707787688,5.52702504374301,-4.43751137038461,-3.76212687021977,-3.90908856668008,0.506213087862512,0.492603432724163,0.506816691641536
-0.5,"eld vs kin","849",6.57968287773183e-05,4.05107464860253e-05,7.48784674953695e-05,4.18179503765809,4.39242975405723,4.12564305269297,-3.40910327615611,-2.75551768210974,-2.91595220759124,0.43635058863675,0.39655443522253,0.439776105625809
-0.5,"eld vs kin","854",0.00116813556813179,2.36833034183829e-05,4.65078876172968e-05,2.93250675219368,4.62555772102364,4.33247338564405,2.62562594349166,3.32558285950333,3.06952615130477,0.460767653050496,0.460667452956457,0.463099217011745
-0.5,"eld vs kin","875",0.0192185678480661,0.0171831011941856,0.0223698231988871,1.71627897873075,1.76489845226396,1.65033744835984,-3.13636174619488,-2.43902096670936,-2.58061463420242,0.556973769690621,0.553920718676854,0.562859242461146
-0.5,"eld vs kin","877",0.0274673846426641,0.0374955800124296,0.0223598031818638,1.56118269075537,1.42601992398821,1.65053202356767,-2.79459315520484,-2.07514985873637,-2.39406818420561,0.558353732655458,0.530983497316858,0.553426442609102
-0.5,"eld vs kin","879",7.06365715665414e-06,0.00037607636146709,0.000342472340345536,5.15097038793935,3.42472396359179,3.46537449839165,-3.23751068956261,-2.54495181073138,-2.70081310494676,0.409851181797031,0.42237974242312,0.418846046493455
-0.5,"eld vs kin","886",2.11107945240088e-08,4.84285469040931e-10,2.25940935471774e-09,7.67549542131577,9.3148985617402,8.64600507745097,3.94513348287002,4.60458392437593,4.49252894655484,0.519877523230028,0.524929906865945,0.525864777190692
-0.5,"eld vs kin","888",0.00653414633791174,0.000312725509326028,0.00654984187143348,2.18481114334759,3.50483669148596,2.18376918477048,2.15749144375786,2.80307433829381,2.63805412776755,0.444588255533141,0.440352105198693,0.439396815407248
-0.5,"eld vs kin","891",0.000468591783901864,0.00254589466844553,4.93771062502118e-05,3.32920533041546,2.59415956841966,4.3064743655258,-3.97400272849727,-3.28307486803676,-3.5194131164749,0.581279712098006,0.559540321470015,0.565175444416405
-0.5,"eld vs kin","895",1.2012773060695e-06,8.52643778784651e-05,0.000149411497758707,5.92035672732296,4.06923237237328,3.82561598069314,-3.72351231256765,-3.18274027291144,-3.26475782922441,0.504583883844303,0.496248301635184,0.510265537045047
-0.5,"eld vs kin","914",0.000200980116884956,0.00522207706422233,0.0018410075531608,3.69684690553609,2.2821567234132,2.73494442969842,-3.47378730872241,-2.81310664924333,-2.90314123152092,0.558687518973623,0.557470016276522,0.565557479156199
-0.5,"eld vs kin","917",0.00599405020973731,0.0222709024562253,0.0209161097961958,2.2222796234657,1.65226218423144,1.6795190870682,-2.83533040454379,-2.14969266302003,-2.22024740747853,0.541775363235359,0.514087429727608,0.535583772675881
-0.5,"eld vs kin","935",0.0031214484968328,0.0496642729159821,0.0205768695457638,2.50564382643054,1.30395591820873,1.68662069577436,-3.13888905495976,-2.44693995498129,-2.58907884296189,0.553180316647995,0.54132593920662,0.537589242716157
-0.5,"eld vs kin","947",6.1697756997857e-09,3.09849675324756e-09,5.15924005907738e-11,8.2097306243162,8.5088489545885,10.2874142639648,3.66145163818315,4.18556613474264,4.09900660824247,0.428599182353133,0.429763750803845,0.431558097994822
-0.5,"eld vs kin","965",0.0026835154820685,0.00917997904162811,0.00533907858382308,2.57129589478443,2.03715831031462,2.27253368688332,-3.34544834646168,-2.86275495519484,-2.99653774728758,0.596997296642071,0.602136771088757,0.596520217687799
-0.5,"eld vs kin","978",1.88963880576431e-18,1.39783438538971e-23,1.3100454105141e-23,17.7236212009349,22.8545442805017,22.8827136499978,5.50403344778682,6.04258361576543,5.95561525930114,0.419744306399413,0.411746944575233,0.41044460526459
-0.5,"eld vs kin","984",7.52728937174922e-11,1.57141229779409e-13,3.2484360713908e-14,10.1233613880526,12.8037098524109,13.488325675648,4.31783250886665,4.91466845969122,4.69340851279372,0.422075380595546,0.428890717883955,0.417245244747591
-0.5,"eld vs kin","988",0.00583872066885212,0.00104872670467796,0.0216998712367741,2.2336823014019,2.9793376730211,1.66354284317103,2.49027810862942,3.12933340682343,2.98487799236164,0.52968465971089,0.531741576609691,0.524113737805947
-0.5,"eld vs kin","991",8.76687530102057e-07,5.89007538244844e-06,2.69559249918638e-05,6.05715517075419,5.22987914698337,4.56934576077581,-4.3656750884799,-3.78833118929625,-3.94121847398024,0.566012352677299,0.559246976686187,0.572969259659005
-0.5,"eld vs kin","1000",0.0200446974864163,0.041004016102903,0.0259217833606089,1.69800049371485,1.38717360459951,1.58633512328644,-2.8415247929624,-2.19544056187999,-2.3913510722299,0.562550234802081,0.561255841818664,0.561230687533089
-0.5,"eld vs kin","1014",1.25549689268765e-08,1.17874449543828e-08,2.4851809629536e-08,7.90118435781388,7.92858032234061,7.60464198183981,-4.9285778032755,-4.32039368177367,-4.47438383903844,0.506491324938922,0.509692626675793,0.522084365238284
-0.5,"eld vs kin","1021",2.03283847366341e-07,1.22995524635436e-06,6.15951621253317e-07,6.69189712838783,5.91011069068658,6.2104533973288,-4.44241991096709,-3.86278978082328,-3.92115735532193,0.551871793419578,0.559422501420859,0.55089415527602
-0.5,"eld vs kin","1030",1.36421497816031e-07,7.18253274972873e-11,2.91382185364275e-08,6.86511718651821,10.1437223851071,7.53553700381687,3.46259859324455,4.14097428831054,3.94460374324296,0.42633611017781,0.440761921530226,0.428904094294101
-0.5,"eld vs kin","1047",0.000778479955261377,0.0102862089861834,0.00514249232297946,3.10875256540986,1.98774465631045,2.28882634797357,-2.34102114497823,-1.7166859174968,-1.84317753427752,0.291159612158994,0.27271060544726,0.291654474245752
-0.5,"eld vs kin","1074",8.38585602447634e-14,1.5829265929637e-17,2.21165717638029e-16,13.0764525982063,16.8005392247523,15.6552821910857,4.36640462070413,4.87486806254504,4.8924707287364,0.393415576587932,0.382498686199255,0.396792163947835
-0.5,"eld vs kin","1076",7.52523846674736e-11,2.5216242272842e-10,4.53631294175675e-11,10.1234797331891,9.59831963155202,10.3432969928739,3.94400988503612,4.58586350211701,4.38485490836245,0.428405810591325,0.432034461805912,0.43214459086212
-0.5,"eld vs kin","1079",0.00156436986004865,0.00717024657796376,0.00423527782440325,2.80566055997934,2.144465909101,2.373118095688,-3.04981526021982,-2.45112222954408,-2.53101546676118,0.494360697957533,0.487502491162982,0.49180464357767
-0.5,"eld vs kin","1082",0.0201191762213561,0.000969568153874524,0.000859052584774909,1.69638980541748,3.01342165764118,3.06598025109472,2.29314432261402,2.93228779974011,2.74390065253202,0.498401974906759,0.504456172749257,0.480031742128742
-0.5,"eld vs kin","1089",7.18643030531662e-07,1.35037510553847e-09,1.83848798636484e-07,6.14348678189487,8.86954557695874,6.7355392036915,2.35681512583602,2.96717820241213,2.83379548477498,0.28976032306157,0.281896419384278,0.287926194354619
-0.5,"eld vs kin","1098",5.58196997259199e-23,9.20342940166273e-26,1.94976606665082e-24,22.2532125040661,25.0360503147525,23.7100174922566,6.30788014405228,6.92380420177322,6.83300314950852,0.439608969579307,0.445864105862898,0.441061133780054
-0.5,"eld vs kin","1101",0.0214618035609838,0.00777285780809282,0.0128228257713103,1.66833378452895,2.1094192769395,1.89201625861938,-3.29385758133909,-2.63920962571592,-2.76992035569298,0.582035736181668,0.580817843510431,0.594032679637497
-0.5,"eld vs kin","1104",0.000293467591665298,5.7255539125556e-05,0.00082402498114041,3.53243985195659,4.242182491603,3.08405962203228,-3.48169711434656,-2.79538666865521,-2.89773971185928,0.464206937044396,0.453013911447669,0.479209850072476
-0.5,"eld vs kin","1105",1.57398428285702e-11,4.50271667964785e-09,8.21983387437314e-10,10.8029996086368,8.34652537889462,9.08513695960984,-5.30771569032864,-4.57077918844184,-4.65428573265454,0.512198518244228,0.499254616521272,0.512921036880703
-0.5,"eld vs kin","1112",1.05297695813495e-05,8.63088047462775e-06,9.06435119367195e-06,4.97758113219944,5.0639448977069,5.0426632763001,-4.12182955754955,-3.63533877712982,-3.77879127439889,0.537699299108617,0.540982002773527,0.541119755421701
-0.4,"cent vs mage","4",0.0392598310941709,0.00156558464476404,8.52816486958727e-06,1.40605157317787,2.80532344688439,5.06914441229735,1.52989162357105,2.08252187116201,1.84314358756036,0.183025491120012,0.199093580871342,0.182984165450641
-0.4,"cent vs mage","7",4.51182324262927e-05,7.58130713837163e-09,3.00599675103311e-09,4.34564792282223,8.12025590861066,8.5220114931467,3.50461732131679,4.06066893310269,3.82467352170143,0.418001268227592,0.418848585627228,0.41865997875747
-0.4,"cent vs mage","14",0.0316240548538696,5.3484577807738e-05,1.33361566327514e-06,1.49998244535392,4.27177142804515,5.8749693123747,2.02738333407801,2.58597507503885,2.34897396553383,0.259390998700118,0.263844061629602,0.259279962732039
-0.4,"cent vs mage","20",0.0322059822770002,6.20774487819834e-05,5.24523719117424e-06,1.49206345039799,4.20706613973108,5.28023486810169,2.0037108862906,2.56153448976119,2.32092383230963,0.268844442343173,0.26521636942326,0.26898376210513
-0.4,"cent vs mage","21",0.0313043549540586,3.76811552565542e-06,2.0704502727682e-07,1.50439524069788,5.42387579075561,6.68393519574442,2.18451553964391,2.74463803840648,2.4947265677753,0.260793179194782,0.264795743380351,0.260930846815736
-0.4,"cent vs mage","22",0.00010099072334222,0.0401015867889836,5.72524683075004e-05,3.99571851717097,1.39683844234079,4.24220578498425,-2.28266098119894,-1.72806824645015,-1.96207235964485,0.32227888075029,0.327365788436481,0.322245310568613
-0.4,"cent vs mage","24",1.95442016360715e-05,1.01102588947025e-06,6.10245265106146e-09,4.70898206542771,5.99523772323184,8.21449558158919,3.84135493452048,4.37080276550727,4.13375059330081,0.495492704129513,0.484649715683435,0.489300801780768
-0.4,"cent vs mage","26",0.0319210998267964,7.85870201049603e-05,2.00481023382252e-05,1.49592215364712,4.10464917867171,4.69792672942988,2.41652552191393,2.96681773046731,2.74461920431032,0.371229710156367,0.375542564151605,0.375866460943777
-0.4,"cent vs mage","39",0.00305192250313954,6.53778708989278e-06,1.45255619244857e-06,2.51542649853045,5.18456922679485,5.83786705783726,2.94143546376091,3.50594838272904,3.22125604592576,0.417971846510647,0.42428978231602,0.41438247169396
-0.4,"cent vs mage","42",0.0158211885415073,1.4082332454261e-05,6.6030622469617e-06,1.80076089393384,4.85132540711713,5.18025460862059,2.7629020957255,3.32733884913531,3.10720895899512,0.409574083341389,0.411619064179516,0.413714827849722
-0.4,"cent vs mage","51",0.000247470691922367,0.0233769959603749,0.00015388393528806,3.60647622739737,1.63121129820646,3.8128067159704,-2.4551722975051,-1.89998755755787,-2.13806211614094,0.385698207255267,0.364629016402499,0.384442744245656
-0.4,"cent vs mage","56",0.0336055664309345,0.000210335680222379,0.000119797045726718,1.47358878005026,3.67708704966598,3.92155389179983,2.34196986957336,2.88274336243052,2.60600852759293,0.373793233005312,0.370379651918698,0.372243955279416
-0.4,"cent vs mage","57",0.000674330559386471,0.0241061805339192,0.000365949649130957,3.17112715847228,1.61787159528188,3.43657866490302,-2.71823994674844,-2.09871852626888,-2.36105552107771,0.46379722503343,0.426919408387577,0.456146443440563
-0.4,"cent vs mage","100",0.00016788261538214,0.00754095610770615,0.000403870535741674,3.77499427369224,2.1225735870246,3.39375782950286,-3.33388274754179,-2.78611571344833,-3.04570963511666,0.570536488329538,0.562211527924695,0.575239292279907
-0.4,"cent vs mage","106",0.0343540597697006,0.000203614843128683,0.000286611320555017,1.46402193309072,3.6911905659526,3.54270665986512,2.11564097310871,2.64974087836548,2.40710773471948,0.339251514249451,0.324611508621083,0.336058113790225
-0.4,"cent vs mage","114",1.25969304241164e-09,4.94699131169647e-08,5.16310541752154e-10,8.8997352693489,7.305658852378,9.28708900767009,-4.27540167144839,-3.73043993711203,-4.10464484508588,0.488605394863777,0.446936162407006,0.501170391725837
-0.4,"cent vs mage","132",3.18478091121399e-12,1.33976139788753e-09,3.30029283993986e-11,11.4969204384694,8.8729725395513,10.4814475228108,-5.02202148562262,-4.38031071806267,-4.70114138076972,0.504576645936498,0.474630999977925,0.498202765235641
-0.4,"cent vs mage","142",0.00276368019617382,0.000159372750190191,0.000264021043136456,2.55851221349486,3.79758593296319,3.57836145739593,2.96840296903499,3.51761801400345,3.33113533295006,0.533624568181566,0.534490419954079,0.544771916295983
-0.4,"cent vs mage","143",6.68474031089479e-11,3.39381231905826e-08,1.11130746585906e-10,10.1749154595667,7.46931217823846,9.95416576801479,-4.51823187860072,-3.88368625987898,-4.1588780862449,0.457275835538377,0.446672281115207,0.457755374263657
-0.4,"cent vs mage","146",0.000232022372784183,0.0331336257637994,0.000145872912810203,3.63447013619423,1.47973103731297,3.83602534490713,-2.58060524884801,-2.08422983978588,-2.32133072679303,0.420621159886117,0.404710569320766,0.426208879816146
-0.4,"cent vs mage","148",1.25444055106658e-05,0.00492133131195777,2.76613780759882e-05,4.90154991542191,2.30791739657706,4.55812618735437,-3.29294940739421,-2.7189942443056,-3.02488619082271,0.501487195978079,0.475956794490311,0.50920727543939
-0.4,"cent vs mage","168",0.0284197229420826,2.11017121093863e-05,1.84862480414906e-05,1.54638016023371,4.67568230633769,4.73315122406108,2.88394842629285,3.32682467316014,3.22008003512715,0.437646042103089,0.443611869465001,0.445309256363444
-0.4,"cent vs mage","169",1.9539277110865e-05,0.00269644323462531,3.28687891534726e-05,4.70909150779073,2.56920871802313,4.48321629450831,-3.06100980422932,-2.47172992811679,-2.6955572122566,0.435545440679747,0.414993909743242,0.430744796912065
-0.4,"cent vs mage","210",1.20911614054364e-13,2.48673594447727e-10,1.55014889813287e-14,12.9175319813769,9.60437032809749,13.8096265840673,-4.94847529275035,-4.28552047149075,-4.68923499175381,0.45783408148787,0.44369155572375,0.461210891667663
-0.4,"cent vs mage","219",3.64912801364969e-11,1.66101774337161e-09,2.52542433922703e-10,10.4378109010512,8.7796257282908,9.59766563825772,-4.56309692624625,-4.01629507732197,-4.20233416999188,0.466928235736637,0.45180088331641,0.46729216169779
-0.4,"cent vs mage","287",0.00246696014812918,0.0484949921233772,0.000874524739008877,2.60783786615169,1.31430310687146,3.05822790046424,-2.57072808314899,-2.02850643030125,-2.27155833266757,0.447212187705574,0.425407844786004,0.445414748148727
-0.4,"cent vs mage","289",0.000131430274784291,0.00394277985894516,7.01480488291816e-05,3.88130458411177,2.40419747063521,4.15398440438622,-3.12913273769127,-2.69689270776496,-2.8154422791933,0.491077836451311,0.47741512963443,0.48762646392546
-0.4,"cent vs mage","294",0.0387373795595704,0.000241181006288076,0.000409185066118604,1.41186976103844,3.61765689714997,3.38808022496143,2.30148640847012,2.76187702782154,2.58230766514991,0.382261515740187,0.382273490964259,0.383015325726133
-0.4,"cent vs mage","353",6.54731685283177e-09,3.32411185524087e-06,1.0756062105383e-06,8.18393664119093,5.47832437077946,5.96834669882999,-3.94385557985973,-3.19299352772746,-3.50257455603946,0.461749720739623,0.433000977037531,0.447694066616857
-0.4,"cent vs mage","363",0.00198124888627427,0.030727994009583,0.000637649095779285,2.70306096456944,1.5124657905085,3.19541825182969,-2.55924382169537,-2.01738157186588,-2.34563612739987,0.44057527439093,0.422428129862899,0.454034333729149
-0.4,"cent vs mage","464",0.000544092181033446,0.0419842893147807,0.000806824656040877,3.26432751514983,1.37691319389608,3.09322083849735,-2.82227385393317,-2.29299309323344,-2.44160074257545,0.468502100015001,0.472168682975003,0.472808501934854
-0.4,"cent vs mage","488",0.00207626365669654,0.0342389241603896,0.00419839192772821,2.68271749794407,1.46547988998048,2.37691702166009,-2.63192218752185,-1.96676930486251,-2.32585509851922,0.45440903839105,0.458062237357473,0.466709311900032
-0.4,"cent vs mage","528",0.00112938084551103,0.0141094190878225,0.000780395223392396,2.94715958224409,1.85049086662458,3.1076853974793,-2.59155450795158,-2.10422001518489,-2.22911276389967,0.431641598076372,0.417426676382214,0.435281825586647
-0.4,"cent vs mage","531",0.000193720292509456,0.00942921587715431,0.00209037630286149,3.71282488385869,2.02552442119524,2.67977552654653,-2.86935875160091,-2.4018726299763,-2.47677200836183,0.480079114883764,0.475688919057794,0.475814366832854
-0.4,"cent vs mage","546",0.000397543233361981,0.027251660508806,0.00034760554603859,3.4006156343294,1.56460702998035,3.4589133030095,-2.74113274976043,-2.23192551844514,-2.42534826897487,0.428071029564284,0.422042138200605,0.440242471904442
-0.4,"cent vs mage","675",9.10136572397738e-07,3.51578828567334e-05,3.15138140503445e-07,6.04089343384555,4.45397728522858,6.50149903190129,-3.56730976135135,-3.01923429672493,-3.23515317635134,0.467019060235955,0.456752228696291,0.464144574050914
-0.4,"cent vs mage","728",0.0493221139356473,0.00106645824260551,0.000354194077864192,1.30695831790533,2.97205614477249,3.45075870450225,1.85117582317134,2.38053827290828,2.16044374932802,0.306023474524607,0.30304436349033,0.303566602444262
-0.4,"cent vs mage","769",0.00048385992628802,0.0295899888729847,0.00163989137743495,3.31528034505951,1.52885519815137,2.78518491764921,-2.69662804109396,-2.16758503605767,-2.31653639012921,0.457734264581242,0.44902443709011,0.448486434807331
-0.4,"cent vs mage","770",3.7789214751137e-06,0.00217152089190624,9.2537204351259e-06,5.42263213250191,2.66323598799369,5.0336836251426,-2.71716524426301,-2.18461646167106,-2.40956886646423,0.354728186111157,0.325634356802843,0.354978663535114
-0.4,"cent vs mage","819",0.00147354492912016,0.045541058450887,0.000688350309325553,2.83163661775672,1.34159687986849,3.16219048808971,-2.68884191964853,-2.10479178569756,-2.2599517957061,0.451164101461157,0.44255158524614,0.424519481848523
-0.4,"cent vs mage","837",0.00322818930810679,0.0486029154246429,0.00158020432809323,2.49104100522151,1.31333767899163,2.80128675302914,-2.59560139643231,-1.98711940435025,-2.33378113729624,0.463929432501022,0.445795965159108,0.460312420177253
-0.4,"cent vs mage","849",0.000421809874252645,0.0280692893929188,0.000291210726257527,3.37488325796959,1.5517685819021,3.53579263255727,-2.49653704276739,-1.9740948766769,-2.20912144712501,0.414278298764504,0.37851794794358,0.41600502223804
-0.4,"cent vs mage","854",0.0404203248826225,0.000149442407036754,0.000424667310090807,1.393400200119,3.8255261459697,3.37195116870932,2.68003388121793,3.29328772216795,2.96269332531305,0.470969391827749,0.458378244628565,0.468720406140275
-0.4,"cent vs mage","886",0.0431170712344614,0.015407620774948,0.00182361918886608,1.36535074665968,1.81226441930147,2.73906584662208,2.5383585905685,3.19049898435842,2.89613267874182,0.530483069710596,0.526578708524994,0.532452455125367
-0.4,"cent vs mage","912",0.00326021763666917,0.0138984386411037,0.00167683438197302,2.48675340752421,1.85703398590706,2.77550982978936,-2.69504084170595,-2.34907490401819,-2.5135806051062,0.460319345129925,0.455837176563794,0.47083123858849
-0.4,"cent vs mage","917",0.000265952501119495,0.0225932401441226,0.000283414664692509,3.57519592105204,1.6460214815274,3.54757768185757,-3.06452211792819,-2.48277018168697,-2.66733690439326,0.50333805221874,0.483398025593725,0.492689224531303
-0.4,"cent vs mage","921",8.48011169222015e-11,4.46626482113221e-08,3.9390483021537e-10,10.0715984275787,7.35005552959717,9.4046086936691,-4.44033649736616,-3.82944421699389,-4.11373719962054,0.469458729697659,0.455346765996989,0.474178255488282
-0.4,"cent vs mage","966",0.000472260610513402,0.0154979729432779,0.000517853053766784,3.32581827578696,1.8097251016438,3.28579345838579,-2.99294674102615,-2.43727742448206,-2.65270588470166,0.530680550614615,0.514374223185015,0.52645900095395
-0.4,"cent vs mage","1004",0.000295803438740022,0.0154309037782963,0.000121190022058228,3.52899678159965,1.81160863683819,3.91653313547862,-3.04919336844399,-2.47843521136748,-2.54871385982701,0.460996772260738,0.460232795269606,0.455544074391962
-0.4,"cent vs mage","1019",3.0591613390184e-08,2.28339871063728e-05,2.18054197200596e-08,7.51439761788368,4.64141824851372,7.66143554942387,-3.36739253732481,-2.76847001412877,-3.02424154640143,0.395438554342953,0.397637333036493,0.398251706296835
-0.4,"cent vs mage","1040",0.00410149375739411,0.033265004038753,0.00445468852619148,2.38705794512273,1.4780124194896,2.35118265662942,-2.42486045366335,-1.97621406903395,-2.16013787812818,0.441610157444986,0.440894105981684,0.452169336693763
-0.4,"cent vs mage","1043",0.0333570450171215,0.000624897665781537,0.000198439369632117,1.47681242894556,3.2041910975763,3.70237216122529,2.14697677706095,2.73047396489153,2.43330972639798,0.326293398918962,0.322366621874772,0.320247894076973
-0.4,"cent vs mage","1058",0.000216071792556478,0.0112997038930624,6.29153104710856e-06,3.66540192509573,1.94693293698507,5.2012436559221,-3.36362877852472,-2.73531467354385,-2.95436296065944,0.46472261772986,0.461786999341794,0.455473000684043
-0.4,"cent vs mage","1074",0.0103370805324655,6.50137094489996e-06,4.98736532905483e-06,1.98560210028164,5.18699505396864,5.30212881814991,2.61786061666575,3.25060976859939,3.01207398407537,0.373335647924712,0.382045857964574,0.372803754407511
-0.4,"cent vs mage","1079",0.000117995664091067,0.0141180235699367,6.32032625239264e-05,3.92813395113388,1.85022609738828,4.19926050305357,-2.72631501050959,-2.1165481880866,-2.40422422855328,0.424289469033266,0.393568316413286,0.421734752149831
-0.4,"cent vs mage","1087",0.00302352518665196,2.03115237467224e-05,1.55333845882173e-06,2.51948640927123,4.69225749510968,5.80873390500328,3.23525772838125,3.77322839205542,3.57401215848557,0.497901984797224,0.491064330269786,0.497606858666244
-0.4,"cent vs mage","1098",5.26694528413155e-06,7.56315584396663e-09,2.21128814898397e-09,5.27844119330441,8.12129695057871,8.65535466160045,3.87938479999306,4.43493415262034,4.18096553727532,0.442494775030802,0.443331375165011,0.441426665181623
-0.4,"cent vs mage","1104",0.000243181028762927,0.00226710903242383,1.75549852921625e-05,3.61407030861371,2.64452759277982,4.75559953005709,-3.03851840028489,-2.48350944988156,-2.76376260513336,0.450590090179416,0.433170196388209,0.451308254547975
-0.4,"eld vs kin","3",0,9.06914612852638e-11,1.93768612266609e-13,31.1495692267406,10.0424336003849,12.7127165710593,-4.91545525671044,-4.77771716335944,-4.65806089887196,0.446612551366804,0.432085382695301,0.447092171021654
-0.4,"eld vs kin","4",0.0312500000044717,6.70710490060245e-10,7.08246041362913e-11,1.50514997825776,9.17346490114458,10.1498158442259,2.31359812133539,2.43758439792054,2.55783340951823,0.220578519906331,0.22742508169175,0.220347619011913
-0.4,"eld vs kin","5",2.36883732118309e-07,0.00173059436109519,7.10910515517581e-06,6.62546476322759,2.7618047157078,5.14818506180569,-2.96021808838996,-2.82602221558112,-2.71240272369611,0.384991982310206,0.384734567286256,0.384642079858633
-0.4,"eld vs kin","7",3.66276972903999e-25,3.69402693711414e-29,7.08648338576019e-31,24.4361903836971,28.4324999419772,30.1495692267406,7.3535472620446,7.50621151554606,7.6124566433115,0.459245337111218,0.466002331408711,0.457692076841854
-0.4,"eld vs kin","8",0.0352370148155981,0.0044526607666352,0.00576923691722689,1.45300089095316,2.35138039105572,2.23888162610831,1.80849301092125,1.94909215986583,2.07695221308191,0.391852242416385,0.38126023308304,0.395013075170919
-0.4,"eld vs kin","10",3.31683265255553e-05,0.0147716256080142,0.000296410867268071,4.4792764398176,1.83057170822618,3.52810587792605,-2.90648714233603,-2.77862427218137,-2.67894346844336,0.473183206766016,0.479597773934773,0.475356878511476
-0.4,"eld vs kin","11",0.00337269343222237,3.36670178164824e-09,3.16940840901439e-09,2.47202313309038,8.47279535118557,8.49902179414737,3.01272929472598,3.15595282780661,3.25319386251551,0.352479750488794,0.35349492459794,0.348401223695357
-0.4,"eld vs kin","12",0.000400538112022042,0.0355852845568754,0.00324957175985394,3.39735615360379,1.44872955699775,2.48817386812467,-2.16346898608604,-2.02320686065226,-1.90928912897448,0.369693766800784,0.377918877825464,0.368786085614795
-0.4,"eld vs kin","14",0.0138901572784014,8.90551287730102e-10,3.069983446805e-10,1.85729283671342,9.05034106403143,9.51286396621031,2.63094257890869,2.77792999687265,2.8916286786554,0.275434709008101,0.280457792161287,0.276995522786541
-0.4,"eld vs kin","15",0.0312541306081208,2.45048485143676e-05,8.94200102682367e-06,1.5050925773034,4.61074797789233,5.04856528459728,2.7629339557397,2.87138566123251,3.01176495098223,0.433385297425819,0.44526584621106,0.435078919733631
-0.4,"eld vs kin","16",0.00239600708717364,1.66363288711133e-12,4.541120828361e-12,2.62051190167678,11.7789425029802,11.3428369424081,2.80680172618643,2.93534291466922,3.05020667216953,0.267057338491974,0.26215790328999,0.267258492562846
-0.4,"eld vs kin","21",1.4375649160409e-09,1.22544665153702e-18,2.49499767953066e-19,8.84237253478317,17.9117055905297,18.6029298539554,3.88644421407149,4.00945530715424,4.13106508574033,0.294402101978676,0.296145154300993,0.294541438738777
-0.4,"eld vs kin","23",0.0312597673557091,5.39050845965081e-06,1.25989822802576e-05,1.5050142584508,5.26837026805894,4.89966453487603,2.20270796156251,2.34332076354401,2.44125091907084,0.316368040387148,0.30243152411623,0.311704178855786
-0.4,"eld vs kin","25",0.0297531902161704,3.91999929826757e-06,2.08506906683483e-06,1.52646646122961,5.40671401072407,5.68087955467178,2.83380909963584,2.95999393680224,3.06987526221337,0.42168249325752,0.414989320172907,0.417806888348382
-0.4,"eld vs kin","26",0.031284111249584,0.000101244017310149,9.08196698088108e-05,1.50467617838453,3.99463063059187,4.04182008138762,2.2237083740992,2.36832684890093,2.477816543837,0.364449274187724,0.365970295264704,0.364544036781526
-0.4,"eld vs kin","29",0.0312503650795914,1.67178337980893e-06,1.96766513224785e-06,1.50514490468388,5.77681999666277,5.70604881016858,2.23129157541769,2.35922523911764,2.47227181580618,0.292480144776318,0.290260889917952,0.291883547457283
-0.4,"eld vs kin","31",0.00872740421254324,2.91383315708604e-06,4.75104972899138e-06,2.05911490907834,5.53553531908329,5.32321042381916,3.39385441021961,3.52046245378962,3.65115667861774,0.539578693752952,0.520384764402887,0.532396858122531
-0.4,"eld vs kin","32",0.0338309073578387,0.00657824509173238,0.00457606592205984,1.47068635411217,2.18188994964266,2.33950772779444,1.54276702321367,1.66734624808992,1.80117714194559,0.289525036229655,0.276955784297918,0.291330596696946
-0.4,"eld vs kin","33",5.25711940018158e-07,0.000318824481334008,2.01039727320788e-06,6.27925215913316,3.49644833815403,5.6967181134682,-3.40791953723155,-3.26510651725122,-3.15809347622255,0.462024980727712,0.454346909292087,0.459371525962005
-0.4,"eld vs kin","36",0.0312541175297766,1.49566336555341e-05,1.97937597664545e-05,1.5050927590347,4.82516614372694,4.70347170499838,1.90008572363722,2.03928671329166,2.16185522576973,0.261968778398056,0.255674054500684,0.26316487100331
-0.4,"eld vs kin","38",0.00307717605824676,0.0381893061568059,0.0119792344568616,2.51184765521901,1.41805823204323,1.92157093501715,-1.99392934918089,-1.85170321814274,-1.75939484437744,0.377883591248077,0.369820811779894,0.380256236242534
-0.4,"eld vs kin","47",0.0320988125260867,0.000626296643107735,0.000402840413682148,1.4935110337293,3.20321991607084,3.39486696672139,2.60949531642987,2.7696042357904,2.88557985502549,0.536770819518846,0.533456904891564,0.52741604187557
-0.4,"eld vs kin","49",0.0334606091110889,0.00805577985187801,0.00301375283548487,1.47546615748071,2.09389241067948,2.52089236800898,1.77301709046032,1.90929791045978,2.0179011167248,0.36891926867427,0.353696272441478,0.362213667953781
-0.4,"eld vs kin","55",0.0314311695522614,0.000753153448260893,0.000482047941736818,1.50263945860561,3.12311653117822,3.3169097671629,2.3031779566731,2.41300678200105,2.54335658536134,0.413524611172974,0.417676218688416,0.416066475193312
-0.4,"eld vs kin","57",0.000329800107154587,0.0278527848979151,0.00535858689099012,3.48174920758587,1.55513137480515,2.27094972268747,-2.585992248641,-2.41290364705778,-2.30472850865931,0.482512076805118,0.450642634536619,0.480626502094915
-0.4,"eld vs kin","58",0.044095139910101,0.0135023269279712,0.00880806474202509,1.35560927507955,1.8695913807721,2.05511950182458,1.63992428751988,1.76491140795298,1.86710259843253,0.374348359693337,0.355498108542116,0.371078987315127
-0.4,"eld vs kin","61",0.0314883186322565,0.000613138368267295,0.000692433663016718,1.50185052857362,3.21244150624205,3.15962182683502,2.01821950195211,2.15431081430933,2.25156101199404,0.361466120132592,0.358609456702815,0.360016122221659
-0.4,"eld vs kin","62",0.0018953656030863,0.0498005917276689,0.0199006660328579,2.72230700517441,1.30276549694842,1.7011323884368,-1.82372892860322,-1.6791110815807,-1.55373524853292,0.319676408537693,0.308786512308589,0.317374116898238
-0.4,"eld vs kin","65",9.7547644192587e-08,0.00194642726774734,2.14256106498115e-05,7.01078321449616,2.71076181994795,4.66906679143211,-2.85699267935031,-2.69600015227194,-2.60367474098155,0.373525390526681,0.36834944114132,0.365857644848287
-0.4,"eld vs kin","67",5.73555092309164e-13,9.14086635088e-11,4.67499071861906e-12,12.2414248600003,10.0390126408552,11.3302192470068,-5.68024783274278,-5.40529456000695,-5.34525352277373,0.575267481551902,0.55475015263508,0.561697848916856
-0.4,"eld vs kin","70",0.0333616013438572,0.0020093829275547,0.00169209677565152,1.47675311156818,2.69693729198407,2.77157480209514,2.39113566041382,2.57507259765878,2.63434429979822,0.509387789096577,0.51951556593593,0.516339572054741
-0.4,"eld vs kin","71",0.0411399010127398,0.00542827236229141,0.00270311088467943,1.38573675760174,2.26533836984194,2.56813613868282,2.56502214315775,2.59745624306018,2.7287382468943,0.538243699972746,0.546425105163429,0.539441060663655
-0.4,"eld vs kin","74",0.0026571441277812,3.04221322809512e-07,8.88948755203821e-08,2.57558488811797,6.51681034960592,7.0511232738708,3.60633344636284,3.71419987384281,3.83921586139638,0.503850843955382,0.495077040142642,0.503356903473733
-0.4,"eld vs kin","77",0.0313917465144509,0.000148781088711782,9.61958061309853e-05,1.50318452117514,3.82745226764814,4.01684386157834,2.14953965072058,2.32270015984224,2.38995400021472,0.36633422865537,0.36594159426595,0.363150848178905
-0.4,"eld vs kin","79",6.94318562145215e-08,2.2564769968118e-06,8.98944427858489e-07,7.15844122401396,5.64656908944657,6.04626715523049,-3.90435039285024,-3.82450779475761,-3.65081465391435,0.485664618434909,0.472528690617183,0.487194369966635
-0.4,"eld vs kin","80",0.0312593914007165,2.44598268067048e-05,6.61410818353189e-05,1.5050194816554,4.61154662240843,4.17952870583497,2.3206935688293,2.41093845595072,2.53472636644836,0.356673274945161,0.363729608154657,0.346150488018237
-0.4,"eld vs kin","82",1.29186506496201e-05,4.34988069465864e-05,4.0860322087191e-05,4.8887828459406,4.36152265439294,4.38869821430322,-3.99658501015343,-3.954771767355,-3.7909962758024,0.593833600669955,0.595296714518506,0.613395627545424
-0.4,"eld vs kin","83",2.91261680614328e-06,0.000207777290349535,2.53960453362798e-05,5.53571664888566,3.68240192172037,4.59523390630715,-3.6404128081633,-3.43679096194137,-3.38227649835755,0.525964925597085,0.497640551115785,0.527156315663339
-0.4,"eld vs kin","84",4.534845497152e-08,4.35932995507942e-06,1.87849903644177e-07,7.34343750482822,5.36058025824841,6.72618902336777,-3.87323235987245,-3.85395304874758,-3.6981701941456,0.478126105761509,0.457147541314674,0.48044708879054
-0.4,"eld vs kin","85",0.00262116429971679,0.0367548519755649,0.0056531067696237,2.58150575577068,1.43468532196416,2.24771281198893,-2.45342285342406,-2.33072794780677,-2.22506280131647,0.48113083313114,0.476195815153419,0.486248717943335
-0.4,"eld vs kin","87",0.00102055316360821,0.00778797058470928,0.000314642692636506,2.99116436668501,2.10857569748618,3.50218234999466,-3.00013005167118,-2.88542110676816,-2.76946570088253,0.524589837099728,0.509709713494824,0.532638049482664
-0.4,"eld vs kin","88",0.0126661362366988,0.045668961301875,0.0449743470732481,1.89735584502113,1.34037886590546,1.34703513291946,-2.49387488959131,-2.37709033518007,-2.17544972207691,0.602689389298472,0.597409109543114,0.60409401026781
-0.4,"eld vs kin","89",5.96598423447949e-10,1.53169774527131e-15,3.4183844921628e-15,9.22431789862525,14.8148269269434,14.466179090406,4.7185351710762,4.92345018909719,4.93289577405568,0.442062075094915,0.460241442493076,0.442871497138811
-0.4,"eld vs kin","91",1.65578942401623e-07,0.000112160578298573,1.05539734078258e-06,6.7809948956929,3.95015976015459,5.97658400442165,-4.49898209718758,-4.30973389783512,-4.19162923744529,0.581394136833315,0.573011022409256,0.579829874709457
-0.4,"eld vs kin","100",1.1970075495304e-06,0.000112218967651626,8.24565536609758e-06,5.92190311048828,3.9499337308675,5.08377482084801,-3.91164368476222,-3.7070349409474,-3.6759250638262,0.566915351895846,0.535577032803772,0.561805572307647
-0.4,"eld vs kin","102",0.000524898789276912,0.0212690776566276,0.0021279971019412,3.27992442896736,1.67225134306964,2.6720289678299,-2.98275807082629,-2.94050978787384,-2.74821213788534,0.552240778929965,0.519166703769909,0.555340756549427
-0.4,"eld vs kin","103",0.0361427237064349,0.00235056542732744,0.00281178586340409,1.4419791222205,2.62882765584275,2.55101775686811,2.08932232563971,2.2397584016266,2.42688884673377,0.462914304798001,0.441367292728204,0.469295499602578
-0.4,"eld vs kin","110",0.00832128676340194,0.0360044296084335,0.00974805261008772,2.07980951132526,1.44364406489506,2.01108213560045,-2.52737933194182,-2.37044616541974,-2.33043593430992,0.519741759736453,0.492404382860921,0.531920811705709
-0.4,"eld vs kin","111",3.94325387353539e-07,0.000813188588225722,0.000516128158836323,6.40414526139337,3.08980872460529,3.28724244611581,-3.3572861438049,-3.22656647509283,-3.15694693417658,0.456343321992245,0.453001153139853,0.463799922643875
-0.4,"eld vs kin","115",0.0017421675168924,0.032578007969735,0.00339091049531285,2.75891008804007,1.4870754747912,2.46968367347899,-2.80930324634543,-2.67317856972876,-2.59440668875946,0.561370698719855,0.549626233991266,0.560683960437227
-0.4,"eld vs kin","118",0.00233541860015524,0.0321832321374199,0.0128571004440083,2.6316352652289,1.49237034218361,1.89085696322765,-2.30091718879674,-2.23950202706124,-2.11764650340997,0.396170460837138,0.394232613710442,0.39272451222632
-0.4,"eld vs kin","119",0.03125423364376,9.39843540000169e-07,2.05022366163939e-05,1.5050911455651,6.02694443934732,4.68819875859434,2.25829180023784,2.42772363372776,2.52235991023428,0.31887415071339,0.31762439455896,0.320448644550479
-0.4,"eld vs kin","121",1.66171224697503e-06,8.01211573426863e-12,3.38798118669391e-11,5.77944417933082,11.0962527859896,10.4700590099522,4.46708075661909,4.53026751966786,4.61285427320717,0.504120310919272,0.480577853066244,0.488934081503117
-0.4,"eld vs kin","124",0.0313271510768676,0.00253841589572835,0.00293781645044284,1.50407909850653,2.59543722131834,2.53197534164651,2.41959815523244,2.51373231101253,2.56291829566563,0.437182557049971,0.438475056394831,0.431497140558149
-0.4,"eld vs kin","125",0.031846263189685,0.00181617287938898,0.000220910890198155,1.49694152004164,2.74084281385946,3.6557828742762,2.76758915566738,2.73121781084035,2.99529158052448,0.535765288596811,0.526056425972078,0.539435885679512
-0.4,"eld vs kin","128",0.0039701182110602,0.0120829542124475,0.00840195301635698,2.4011965618397,1.91782687024231,2.07561975136193,-2.75573874724398,-2.68257239468052,-2.51845602327238,0.585831540897003,0.554936456644343,0.582139526884896
-0.4,"eld vs kin","130",0.000127288741259855,0.014604202781557,0.00105379050913053,3.89521000816846,1.8355221454361,2.97724571717982,-3.37843939453668,-3.24088390584887,-3.1379837188466,0.593450312917812,0.567533538283211,0.600111054318425
-0.4,"eld vs kin","133",0.016403786066503,0.00595276292192959,0.00968456301491903,1.78505590329233,2.22528141355912,2.01391997065895,-2.59278733304238,-2.54029184100442,-2.39808485491711,0.506380150572783,0.473877714857793,0.485910962871086
-0.4,"eld vs kin","138",7.42916555283376e-05,1.14208720968949e-10,8.53032017152203e-11,4.12905996364874,9.94230073213148,10.0690346679983,3.82578277994078,3.92673135743434,4.02037587533615,0.450034248792039,0.440130062178497,0.432617026837251
-0.4,"eld vs kin","139",3.74995105978022e-08,9.82918356348786e-05,1.74800038642159e-06,7.42597440016724,4.00748255425307,5.75745847569432,-4.15321173316083,-3.95187439308824,-3.84764290320919,0.53289528538094,0.529878352392746,0.541782330809676
-0.4,"eld vs kin","145",0.0252732228909673,0.0445977293042259,0.0172527355792124,1.59733937246418,1.35068725285174,1.76314203376381,-2.42944799690913,-2.31718922110186,-2.17864507601815,0.543582503647373,0.529198297697747,0.533157126783463
-0.4,"eld vs kin","147",0.00436519530093813,0.0337404752789693,0.00393286176628624,2.35999632097965,1.47184880409485,2.4052913180688,-2.98769227375112,-2.89359935789393,-2.75509624936469,0.567848403883165,0.562299043504323,0.561486739627069
-0.4,"eld vs kin","151",5.71773202005482e-09,2.30312614647047e-15,9.72550881137798e-16,8.24277620311212,14.6376822742739,15.0120876683371,5.20438021080713,5.41275981249723,5.58099103417011,0.490030595823479,0.492656437360824,0.485509400296009
-0.4,"eld vs kin","162",0.0131333139914792,0.0265067627003099,0.0363421403644661,1.88162567249308,1.57664330988451,1.43958949857164,-2.84191190623998,-2.87731336051353,-2.67498078235643,0.612245415553299,0.608832183935752,0.598633070948258
-0.4,"eld vs kin","163",0.00145410789463032,0.0225406090533181,0.00572569593731492,2.83740336768324,1.64703435337768,2.24217171888036,-3.02514646853029,-3.04355787052285,-2.82270275024491,0.578111970530935,0.557387610598475,0.584362516024962
-0.4,"eld vs kin","164",0.0225677241272212,4.51732957800077e-06,5.67999189425397e-06,1.64651223573065,5.34511822276924,5.24565228405717,3.01661087439883,3.15638510757968,3.28620845732157,0.457376174998939,0.469099371766867,0.459768669519579
-0.4,"eld vs kin","169",2.98891135300294e-06,0.00463032710741795,8.95117535257657e-06,5.52448696534632,2.33438832735601,5.04811993500542,-3.61860173959361,-3.47035378470384,-3.33745530624611,0.528206193594506,0.519656721214735,0.537497460993512
-0.4,"eld vs kin","172",2.59276844911648e-05,0.0312724180418725,0.000809293346724388,4.58623626678686,1.50483853699686,3.09189402996796,-2.87705635931377,-2.7926559640452,-2.61441205589673,0.444353987629076,0.448432979625576,0.461660139264145
-0.4,"eld vs kin","181",0.000645523479797385,0.031699575150595,0.00123526075061049,3.19008795640146,1.49894655831817,2.90824135770934,-2.79470742267164,-2.48809956014444,-2.51619233501361,0.482336051952168,0.469404776995282,0.494699682883981
-0.4,"eld vs kin","200",0.012220675159986,0.0447244275070296,0.0378616858280608,1.91290479980898,1.34945520989148,1.42180005256123,-2.43482576625328,-2.28888140320399,-2.15365606278306,0.54705802191632,0.512549378280107,0.525146746078375
-0.4,"eld vs kin","203",0.00501498791565888,0.0333489338612561,0.00686754681836347,2.29973010913788,1.47691804557275,2.16319837116658,-2.36748562395986,-2.22386715227606,-2.05434416475945,0.441059017953789,0.437068390064696,0.448003188045032
-0.4,"eld vs kin","206",0.0416202781080575,0.0031672936143599,0.00142930722974196,1.38069502214479,2.49931167480754,2.84487440952927,2.57406083485472,2.84289587912821,3.01950382768848,0.553140943119172,0.541984038132894,0.541886953501623
-0.4,"eld vs kin","207",0.000880989605974514,1.89456254170464e-06,1.23004876383979e-07,3.05502921541831,5.7224910535883,6.91007767112422,3.38101375680662,3.52767979722637,3.60576489923958,0.468230159392503,0.447893722494399,0.4649329221494
-0.4,"eld vs kin","216",0.00125061228513485,0.0353132021352593,0.0214644647623725,2.90287730943108,1.45206289963827,1.66827993661134,-2.60768462469753,-2.35695601760872,-2.26555951798231,0.508213265838565,0.505396407826448,0.512753530160532
-0.4,"eld vs kin","222",0.0312608854041328,4.66078953032293e-06,1.90044388981825e-06,1.50499872559119,5.33154050828457,5.72114494831925,3.03207305881326,3.38511911657491,3.34900635181938,0.496850394728626,0.512262672400702,0.501133824931376
-0.4,"eld vs kin","223",0.0446275517063898,0.0167289580450685,0.0366050930438454,1.35039693815545,1.77653110801365,1.43645848490733,2.29392355724934,2.61762551565801,2.53830546429398,0.529827062299067,0.535645693422921,0.536670889602302
-0.4,"eld vs kin","246",0.0312976163366682,6.57917452384943e-05,3.41071499886602e-05,1.50448873757343,4.18182859304658,4.46715456895115,2.76325587240925,2.92444053322575,3.00118783022846,0.478573222321902,0.482180583921418,0.472919512920697
-0.4,"eld vs kin","251",0.0053968323155425,0.0317439014912773,0.0305958433807373,2.26786107564721,1.49833969724079,1.51433757088531,-2.85469512370075,-2.8571894425943,-2.6330063278776,0.595054591205933,0.571231588589946,0.599103996877684
-0.4,"eld vs kin","252",0.00207916357729065,0.0324698145729526,0.00622348433598739,2.68211134139481,1.48852019151485,2.20596639919847,-2.51081796996047,-2.5154270867747,-2.34627412164305,0.467804564473352,0.467519132108254,0.482650728039008
-0.4,"eld vs kin","265",0.0331395056575662,0.00103500427082542,0.000117760551747948,1.47965397424476,2.98505785813742,3.92900016818552,2.55586328485498,2.58555519883568,2.66130825849253,0.480461738830472,0.476187687045084,0.469615492145708
-0.4,"eld vs kin","267",0.00071157362897016,0.00483888613627818,0.00102760818828726,3.14778015531122,2.31525459714492,2.98817244380448,-3.31644826941403,-3.22047679704435,-3.03474636465659,0.61802657878356,0.599949979532252,0.610889314660881
-0.4,"eld vs kin","282",1.05652717338551e-05,0.000727227427036168,0.000484579862529132,4.97611932861676,3.1383297502676,3.31463463760708,-3.135091957805,-2.91750889891062,-2.88443398991169,0.478950765628852,0.473772636953725,0.486363961256713
-0.4,"eld vs kin","294",0.0353191153219963,0.0104852214663916,0.000614271198683474,1.45199018322547,1.97942239203545,3.21163984695631,2.39928572923482,2.63233239539402,2.67360845649886,0.449321852013527,0.455938274352073,0.443527615761382
-0.4,"eld vs kin","329",0.0283900669559453,0.011824885897869,6.92434665023139e-05,1.54683358322042,1.92720304121721,4.15962119837692,2.38545057748668,2.61043788348377,2.6872086204742,0.419479087249951,0.432272285521582,0.420655615197476
-0.4,"eld vs kin","344",0.0298992474748962,3.75617311697665e-06,1.72441383458088e-06,1.52433974216429,5.42525439989499,5.7633585015581,2.9345495809934,3.08490548830135,3.14933288181506,0.414878154005242,0.42635194321267,0.416511256417398
-0.4,"eld vs kin","363",0.00235487289116041,0.0343809932343914,0.0056688129627303,2.6280325297909,1.46368158111073,2.24650787191963,-2.49343666254005,-2.27905349006833,-2.25509849756341,0.482011141099965,0.48065180679137,0.48681494691169
-0.4,"eld vs kin","435",0.0413435307192133,0.00664879401534444,0.00666368370313579,1.38359243756855,2.17725712161095,2.17628562523314,2.64478358987519,2.75093178742802,2.82281495404871,0.560750959096877,0.574429425821106,0.551561918004151
-0.4,"eld vs kin","473",0.000742974550557978,0.0279113025626074,0.0027140116154209,3.12902606206921,1.55421989541561,2.56638829797974,-2.88941540718712,-2.72479343149168,-2.63295655454297,0.533199677944532,0.520003213061465,0.542182245233055
-0.4,"eld vs kin","614",0.000267474073376261,0.0012745375048384,0.00402824359866403,3.57271830835423,2.89464738035579,2.39488427437544,-3.1731987423538,-2.87460278156691,-2.77127157735098,0.507295780765598,0.493672092281604,0.483288106034758
-0.4,"eld vs kin","616",8.17767102412778e-05,0.00383613869078546,0.000136929108481044,4.08737036446886,2.41610569984497,3.86350421944152,-2.81648327817619,-2.72655696412367,-2.56571582670627,0.434187608168232,0.419412061088051,0.435464746162867
-0.4,"eld vs kin","652",0.0357947953227643,0.0013542190705475,0.00225453398379918,1.44618011656639,2.86831107462128,2.64694321395456,1.72239151721814,1.92391869616031,2.00085488078322,0.355755985119876,0.372117441150931,0.353116693640478
-0.4,"eld vs kin","666",9.39713179955633e-12,2.80102727852213e-06,6.33837084585173e-09,11.0270046819008,5.5526826616677,8.19802235466995,-4.02985459653213,-3.92012342408732,-3.86361084641503,0.415316386469768,0.413670960597742,0.436118742227452
-0.4,"eld vs kin","667",0.0457750706804637,0.0296556396808517,0.00410016542001227,1.33937097643945,1.52789270367017,2.38719862143897,2.30334920446736,2.40297406000212,2.55284296013521,0.563514726580742,0.553278346521134,0.576090655853621
-0.4,"eld vs kin","670",0.0395234856787513,0.0187380045959768,0.00649889952176776,1.40314476083816,1.72727665886427,2.18716017752426,1.93533435796952,2.19051412500664,2.14977232592887,0.426711188564353,0.444305880234277,0.42288787219027
-0.4,"eld vs kin","728",4.10027698984911e-07,1.76381066548392e-13,3.09450999125331e-15,6.38718680398765,12.753548035615,14.5094081107611,3.94177194863985,4.07429952338461,4.21955600645011,0.375785908211406,0.390101874965023,0.387574552555174
-0.4,"eld vs kin","744",2.25041787093638e-07,0.000900723255871938,6.26780732919582e-06,6.64773683202565,3.04540862401491,5.20288436210025,-3.82317525677045,-3.73378008812394,-3.59163721711906,0.523823937795194,0.520046748717437,0.524599132609101
-0.4,"eld vs kin","757",0.00884268123529416,0.0424171226875741,0.0286453306690956,2.0534160303335,1.37245879464291,1.54294616008099,-2.06108368607087,-1.96755151220151,-1.87297377343971,0.445055895632489,0.427331663643173,0.446052151936911
-0.4,"eld vs kin","770",2.41745346277636e-05,0.0210164380376703,0.000556359371357132,4.61664187755684,1.677440888292,3.25464459226671,-2.79660712712706,-2.66869995658811,-2.55375399999318,0.434565864112652,0.412076290687058,0.434827132434051
-0.4,"eld vs kin","786",3.89248089955985e-07,3.39376312606473e-06,1.674742122326e-06,6.4097735098417,5.46931847334216,5.77605205637215,-3.99005613992619,-3.83823884109308,-3.72240243957684,0.505558480499961,0.490789330415182,0.504166209871157
-0.4,"eld vs kin","825",0.0420524476935859,0.0043139203832107,0.00478493178397433,1.37620872070126,2.36512787440532,2.32012424933013,2.0844437075122,2.16519082615955,2.27379320300476,0.467630737565457,0.458121950842295,0.470904670065168
-0.4,"eld vs kin","849",5.70654921474418e-06,0.00107007499159468,0.000107092205693175,5.24362643291476,2.97058578559094,3.97024213652225,-2.960389710738,-2.81676054102775,-2.68305519156419,0.433649000898798,0.401806581952907,0.440645503714969
-0.4,"eld vs kin","854",0.0160122446374561,3.28409098479083e-05,2.48359246193601e-06,1.79554778330053,4.48358481938292,5.60491966697091,3.07579700458973,3.16417490621779,3.39402159714475,0.470675685575853,0.461662638771043,0.458682445915466
-0.4,"eld vs kin","875",0.026982956241743,0.0457593475897881,0.026406138258652,1.56891047093013,1.33952017608948,1.5782951071455,-2.62782515156233,-2.43792172100978,-2.29732876536929,0.564055772449209,0.544163206282322,0.553495133881662
-0.4,"eld vs kin","879",2.15118016329667e-05,0.0266995946940378,0.000117444747207245,4.66732321553118,1.57349533127508,3.93016640255536,-2.76733892686121,-2.69737551235412,-2.50151643835501,0.403530525538333,0.430987392045276,0.412472504059544
-0.4,"eld vs kin","886",8.77605611596107e-06,5.71936341502277e-10,8.66069436442001e-11,5.05670060845359,9.2426523069986,10.0624472873652,4.40927042420538,4.63473142508944,4.72376609486088,0.52056297332511,0.529846475093429,0.539343958368961
-0.4,"eld vs kin","888",0.0312729791549206,7.91604417928945e-05,3.90540392589495e-05,1.50483074463127,4.10149179066977,4.4083340415011,2.65677911074767,2.72696046837339,2.81780897794893,0.45189587480064,0.432526672471182,0.439168597352074
-0.4,"eld vs kin","891",3.37662102688541e-05,0.00588872667027615,0.000728761001574051,4.47151767942032,2.22997860332096,3.13741487595597,-3.54822197877137,-3.42736778298358,-3.28755424086447,0.576284593027232,0.554359684899605,0.572574874289525
-0.4,"eld vs kin","895",1.41460117508912e-05,0.00421702996823025,0.000850829941265694,4.84936598549116,2.37499331267003,3.0701572353917,-3.30076406220174,-3.26044284740208,-2.98150391150535,0.508154871971475,0.504859961763562,0.52195696001882
-0.4,"eld vs kin","914",0.00168068199364064,0.0401464973477173,0.00361819306746014,2.77451445281406,1.39635233952392,2.44150826282296,-2.96241253118612,-2.84307732785468,-2.81429922703906,0.558271582240599,0.569428245896708,0.566319383863977
-0.4,"eld vs kin","926",0.0432264065743955,0.0162346262540049,0.00999109434077229,1.36425086601102,1.78955770504794,2.00038694018949,1.95956515244463,2.10841415740874,2.20753947442909,0.430796781199465,0.430552608900875,0.425013077185915
-0.4,"eld vs kin","935",0.0045542704911104,0.0131887238203544,0.0158254140408668,2.34158117896724,1.87979722602998,1.80064491870009,-2.64780531706629,-2.58500947595811,-2.4098791320425,0.54327787000282,0.546286772553468,0.541901913749959
-0.4,"eld vs kin","944",0.0314282596745362,0.000667984115925613,0.000341849496766354,1.50267966717433,3.17523386454223,3.46616505508457,1.80618436814733,1.92931065275797,2.04043516501711,0.294848538170128,0.293366310342299,0.290202377560859
-0.4,"eld vs kin","947",6.43749575001202e-07,3.3939747982909e-11,1.92034685799993e-12,6.19128304466872,10.469291386828,11.7166203208224,4.10059093053767,4.04229401610291,4.20030187607641,0.444127670943857,0.431645376940579,0.417293604241391
-0.4,"eld vs kin","965",0.00621439069535516,0.00527393722003218,0.0415715211984725,2.2066014463654,2.27786504427256,1.38120408335967,-2.83326384294758,-2.78804368314622,-2.6954942907571,0.607170475450333,0.604993617334737,0.606771108525169
-0.4,"eld vs kin","978",1.29331613227739e-17,2.9953434443258e-19,4.19560395430111e-24,16.8882953051873,18.5235533744686,23.3772055139435,5.82843027431771,6.06966477350529,6.17501517690632,0.408869302141976,0.420559257903421,0.413991172918992
-0.4,"eld vs kin","984",2.68111283899341e-11,3.34620198677604e-16,6.82627726998426e-17,10.571684907643,15.4754478472664,16.1658160755097,4.66758890547932,4.83043445804968,4.97933044397444,0.412025920756515,0.409636074078376,0.416676333011069
-0.4,"eld vs kin","988",0.0312960887488667,0.000439098835253563,7.35902268101733e-06,1.50450993532653,3.35743771489657,5.13317985854623,2.93051103229412,3.0004883414719,3.28608128853282,0.515246976795211,0.525372184268702,0.527982182150336
-0.4,"eld vs kin","991",5.86834370043016e-07,0.000673022517130907,4.83102711431798e-06,6.23148445808217,3.17197040546085,5.31596052501283,-4.11056930528232,-3.77268302945836,-3.83337262379035,0.585459640238563,0.556658943380534,0.56587439345029
-0.4,"eld vs kin","1014",2.13720409033895e-08,1.79407024926441e-07,3.26865796351923e-08,7.6701540033035,6.74616055556697,7.48563052216294,-4.400683022694,-4.43259111073566,-4.1692083856014,0.525909155617359,0.510942801467149,0.517310167750607
-0.4,"eld vs kin","1019",0.0490016743319129,0.0194945039308674,0.0133476327158186,1.30978908036562,1.71008781165979,1.87459575224858,1.81467026512698,1.99783862025403,2.07238482579955,0.423528004375164,0.434421205129036,0.430924021856057
-0.4,"eld vs kin","1020",0.0392627791874751,0.00181480068553824,0.00238443082111727,1.40601896242664,2.7411710653519,2.62261527312228,2.06095050428556,2.34225312778434,2.51041904576011,0.411465653372822,0.415402155706446,0.439400411114365
-0.4,"eld vs kin","1021",8.95630124298278e-07,0.000261245108423396,5.69444655309504e-06,6.04787130745959,3.5829518325732,5.24454847889248,-3.9680142657308,-3.79419683122757,-3.74150989384187,0.548881435720345,0.545044981255846,0.55386340284734
-0.4,"eld vs kin","1027",0.0346287119797409,0.00625898396748748,0.00855926247831335,1.46056366180007,2.20349616089927,2.06756365534598,2.35932787398797,2.42954166666257,2.55516832223144,0.509097772057649,0.498057468580547,0.508507480781442
-0.4,"eld vs kin","1030",1.50537560318504e-06,3.35969586439229e-11,1.2204608680692e-10,5.82235512662244,10.4737000352276,9.91347614091215,4.02418665554144,4.10986971179804,4.17067123262146,0.434246769153507,0.439254860709975,0.436224926896653
-0.4,"eld vs kin","1043",0.0324990157526773,0.00131707144729215,0.0021642742742989,1.48812979162586,2.88039066518773,2.66468770277685,2.21250178006841,2.41585732460807,2.47162291373509,0.424763660846492,0.428113532624978,0.423971382390719
-0.4,"eld vs kin","1047",0.000518593497532578,0.035001858899425,0.00645889936803328,3.28517293300327,1.45590889026902,2.1898414818678,-1.88806067645512,-1.75425826115677,-1.63692741722197,0.291706669662293,0.274180628569519,0.291357710430117
-0.4,"eld vs kin","1059",0.0342565124269553,0.0374395113777646,0.00596188123418723,1.46525685359545,1.42666982786463,2.22461667973762,2.44170245235457,2.56548210964512,2.80257294520841,0.589880796821716,0.5878769951552,0.595270149351789
-0.4,"eld vs kin","1074",1.3866432640944e-13,1.44752096447689e-17,1.64279334514541e-20,12.8580352536798,16.8393751376588,19.784417065115,4.86500723573703,4.9019644281361,5.06563287176123,0.38947143065354,0.400281696626646,0.390952226963575
-0.4,"eld vs kin","1076",2.15369655573154e-07,8.64653215018067e-12,1.53279374740617e-11,6.66681548648593,11.0631580393581,10.8145162798421,4.34387075775768,4.54234118532394,4.53210389205327,0.410507295788819,0.430169292851357,0.43014256131109
-0.4,"eld vs kin","1079",0.00540350597834799,0.0251710416209207,0.0121529913929039,2.26732436369976,1.59909881222843,1.91531680967641,-2.55375667921901,-2.48361268437126,-2.2930871911398,0.491282269447804,0.474226676638602,0.499852249378799
-0.4,"eld vs kin","1082",0.0314087878531916,0.000492904868249273,0.00088642558927811,1.50294882383162,3.30723689244914,3.05235771524892,2.7494905609784,2.88397420805656,2.96512321116357,0.497656981497313,0.495645453053218,0.487637199766483
-0.4,"eld vs kin","1089",0.003372691206906,3.50017968897443e-11,6.94715150508902e-11,2.47202341963968,10.4559096596706,10.1581932298277,2.80868184706026,2.92926873697065,3.03815718287606,0.290075325665958,0.281609155062245,0.289072950128301
-0.4,"eld vs kin","1098",5.40982557301363e-22,1.03968980374909e-28,6.36603689404489e-29,21.2668167374625,27.9830962151385,28.196130848776,6.75606132941852,6.91903185576023,7.02404458738984,0.439784415719012,0.444841279679157,0.441771542580822
-0.4,"eld vs kin","1101",0.0021330199804038,0.0316922977835687,0.00759808141209242,2.67100507641252,1.4990462720578,2.11929605736815,-2.86061135167942,-2.663272819993,-2.53104017814821,0.586421025897303,0.568091427123236,0.591324530149666
-0.4,"eld vs kin","1104",1.7506443148528e-05,0.000600577925280252,0.000163648916033703,4.75680208223638,3.22143063468309,3.786086866996,-3.06026885281164,-2.87060078883653,-2.78918088816223,0.475281902539898,0.459476353411938,0.476318282778012
-0.4,"eld vs kin","1105",5.21762034041047e-11,1.43088860648941e-07,1.78600314873027e-09,10.2825275254779,6.84439417439536,8.74811777978399,-4.76563137656095,-4.62489115376191,-4.55539093519194,0.515009751721154,0.500478674517842,0.506574655517673
-0.4,"eld vs kin","1108",0.0375306151326376,0.00128514074152303,0.00278174930693595,1.42561431737427,2.89104930819279,2.55568201148277,2.37214610405867,2.36561465548554,2.49848935158052,0.450543489433326,0.424658748520677,0.434004033843333
-0.4,"eld vs kin","1112",4.36881874730641e-07,0.000501710567795712,3.41591175049961e-06,6.35963597284079,3.29954675110096,5.46649335776234,-3.75191083306787,-3.73417126085668,-3.54359601888678,0.531176848274566,0.539908822773259,0.539585611506234
-0.3,"cent vs mage","4",0.00678059054513798,2.30360011351245e-06,3.66130597494963e-08,2.16873248027365,5.63759290874179,7.43636397565833,1.47798438396995,2.34694599272261,1.88580065767865,0.183004636342514,0.19948944870952,0.182699113781013
-0.3,"cent vs mage","7",1.61110589839202e-07,9.07517879451027e-11,7.61892160161278e-11,6.79287591235809,10.0421448099608,10.1181064952762,3.42909713658211,4.33286137502948,3.8612138859558,0.41518762629727,0.422192605034814,0.41815743081881
-0.3,"cent vs mage","8",0.0344391675498041,0.000757853160715042,0.000325541742335341,1.46294735468923,3.12041493377279,3.48739331645494,1.54682128697034,2.41383287057963,1.96438403290671,0.314235272539002,0.309288585889897,0.314161646196193
-0.3,"cent vs mage","9",0.0407049463805257,0.00172934596702545,0.00118340849604191,1.39035281300473,2.76211811456896,2.92686531711843,1.29220848310116,2.16705564307708,1.70657477046183,0.271230428187838,0.263209270580973,0.271963149186002
-0.3,"cent vs mage","11",0.0346912232575579,0.00121877241798014,0.000318049420175164,1.45978038610084,2.9140773828499,3.49750539183389,1.48568093246985,2.34530852825192,1.91102037205223,0.297153567306591,0.309297728746031,0.296698029181379
-0.3,"cent vs mage","14",0.000160586215389074,1.97120302959917e-07,2.87252226544109e-08,3.79429173699878,6.70526864203536,7.54173659633133,1.97557483168453,2.84314739583359,2.38262283477499,0.259394368842249,0.263125363068476,0.259327058344382
-0.3,"cent vs mage","19",0.0166831164374515,0.000112430653954614,0.000126818075228421,1.77772281909595,3.94911526324814,3.89681884257012,1.78547726071279,2.66293629495619,2.20254341654623,0.343148340500856,0.333185584230152,0.344174923968482
-0.3,"cent vs mage","20",0.000676538900517886,1.56377620265293e-07,4.29769080079413e-08,3.1697072267167,6.80582540019398,7.3667648332232,1.95338554630125,2.82636345831251,2.36484464061001,0.269108381576596,0.265975435144822,0.268739157301289
-0.3,"cent vs mage","21",3.53736845495467e-05,5.49742795475102e-09,1.24593903328493e-09,4.45131970138978,8.25984045347406,8.90450320820311,2.13280939100892,3.00281485785718,2.54532488781079,0.260249700248574,0.264567717730132,0.261245797073319
-0.3,"cent vs mage","23",0.0331811340104182,0.000754071875516507,0.000161225014790134,1.47910877545298,3.12258725671312,3.79256757455019,1.41104153826783,2.28081032324791,1.83028910815219,0.266660288175832,0.262025712758036,0.266001339493286
-0.3,"cent vs mage","24",6.71594934126962e-07,1.1627812960672e-09,2.80605226562198e-09,6.1728925884259,8.93450196269464,8.55190424404899,3.78665087826963,4.62379892503607,4.14386484703367,0.494433161371208,0.481899938046015,0.491323690483529
-0.3,"cent vs mage","26",0.00130028659290091,3.12067426617399e-06,5.15781087957617e-07,2.88596091538715,5.50575156032728,6.28753458609538,2.3592676518045,3.22740528187796,2.79182718809699,0.372029181164358,0.370624756718225,0.372750357844645
-0.3,"cent vs mage","32",0.0316974070897577,6.55732475293483e-05,2.61280650964637e-05,1.49897626247206,4.18327330727217,4.58289275058813,1.41409545866145,2.28758457857414,1.82683996309599,0.229250684566312,0.225558409432027,0.229098088059955
-0.3,"cent vs mage","39",7.89982282990654e-05,1.38736941986946e-07,7.09263959600945e-08,4.10238264856484,6.85780788236663,7.14919210774501,2.90259978567845,3.74964177337405,3.287826384131,0.418498012867276,0.422771149811947,0.416295869892935
-0.3,"cent vs mage","42",0.000162409128297673,5.22949071065205e-07,8.06755033920255e-08,3.78938956463981,6.28154060411998,7.09325831604247,2.72683711610509,3.61906794425391,3.1308522896905,0.412642565805273,0.414049720176496,0.413280248421714
-0.3,"cent vs mage","55",0.0253082606762087,0.000478533784755051,0.000170758487725753,1.5967377009374,3.32008739536941,3.7676177000573,1.75332543289612,2.64476370403022,2.16825817590006,0.35663513861498,0.368269061157815,0.355429233258646
-0.3,"cent vs mage","56",0.000688758438968739,1.80279416218738e-06,3.10158530894375e-06,3.16193306694219,5.74405385693227,5.50841626908744,2.26268234744811,3.1457031852531,2.69232130391659,0.37768707015596,0.368073036970921,0.374360476748332
-0.3,"cent vs mage","69",0.0151156613049963,0.00073175658668931,8.4253109254863e-05,1.82057284783594,3.13563335970395,4.07441406307011,1.9469186961907,2.82925288218709,2.3983042753729,0.384509226572673,0.393583732238982,0.386104455257402
-0.3,"cent vs mage","90",0.0314956816544196,2.84778538110828e-05,7.03704624995529e-06,1.50174898786818,4.54549274372638,5.15260959462638,1.64944209807566,2.51823202811388,2.04348391874563,0.28316901342439,0.293536795334004,0.279730354580547
-0.3,"cent vs mage","92",0.0450258597402991,0.00362548047631678,0.000504373847597432,1.34653798585095,2.44063442926256,3.29724744021668,1.19523368194439,2.06894293763132,1.62862338410728,0.239859329991321,0.245388794564524,0.239345346153025
-0.3,"cent vs mage","100",1.39967176664938e-05,0.0492532947388387,0.000326429570098098,4.85397379764044,1.30756471259709,3.48621050693792,-3.39912715946919,-2.53724452381416,-2.90296547976002,0.565792237604384,0.569092280883662,0.56190660943915
-0.3,"cent vs mage","106",0.000996072914529976,6.55675905867121e-06,1.60317688190969e-06,3.00170886918778,5.18331077506646,5.79501855836989,2.03909768971042,2.86552520421072,2.43329599939515,0.336943004034085,0.325318370588921,0.338158851664262
-0.3,"cent vs mage","114",2.2756095091669e-10,3.15441325775423e-06,2.29074432641997e-09,9.64290226009934,5.50108141062498,8.6400233803965,-4.3821983327156,-3.41266241106632,-4.00267342661372,0.493634316627775,0.447916290396381,0.497258451292286
-0.3,"cent vs mage","132",2.0668651975105e-14,7.50584680057435e-09,1.69710301367587e-11,13.684687847459,8.1246003040775,10.7702917953293,-5.05218172287292,-4.2069624374251,-4.55866677192942,0.490139013956307,0.489134383779574,0.49014815466474
-0.3,"cent vs mage","142",0.00693557524950815,3.71299252570345e-05,0.000174093254652125,2.15891751190487,4.43027592501273,3.75921805555764,2.91654629956634,3.69797573640937,3.35038387213821,0.529945072316055,0.543828820049388,0.536203800707426
-0.3,"cent vs mage","143",4.80158621196658e-13,2.37944322994705e-05,2.1451580511922e-10,12.3186152690192,4.62352465237598,9.66854070430354,-4.51726099910886,-3.68585227227911,-4.21375848776408,0.447793401694347,0.44244119203246,0.452746254237199
-0.3,"cent vs mage","148",1.94111653351361e-06,0.00709127641171297,0.000186795950193458,5.7119483912769,2.14927558587888,3.72863254367177,-3.38128974609066,-2.43675194580367,-2.96595492572591,0.503597906516944,0.463831119855586,0.502861281020598
-0.3,"cent vs mage","168",0.00140796197125152,2.80171982364802e-06,6.57705367715418e-06,2.85140907523557,5.55257529700437,5.18196861372889,2.81685471280322,3.64484179985569,3.26005617056004,0.451583603645904,0.447800018587975,0.445896571642515
-0.3,"cent vs mage","169",1.11802816295673e-06,0.0364036245259649,7.81607006925188e-05,5.95154725650089,1.43885537367896,4.10701155592272,-3.09708251966086,-2.26443404011423,-2.71171498229694,0.442412736215822,0.426419004698094,0.441885010591875
-0.3,"cent vs mage","210",0,8.87589578270805e-09,1.43388773077291e-13,14.684687847459,8.0517878057258,12.8434848513283,-5.00251865457521,-4.16672542351693,-4.56938032468646,0.457793073743384,0.462851924852801,0.463750687246835
-0.3,"cent vs mage","212",0.0283559780156317,0.00424827606957228,0.00267356734522425,1.54735536902806,2.37178726885782,2.57290887186253,1.63737251033769,2.47672116884601,2.06279316041612,0.369088290731355,0.383892081294276,0.36118079305609
-0.3,"cent vs mage","219",3.54624241678219e-12,2.41122139899025e-05,2.31616604863736e-11,11.4502315798822,4.61776291075682,10.6352303087521,-4.49916722303284,-3.64260366603427,-4.12142506415873,0.469605873306963,0.454580126061045,0.458180746399702
-0.3,"cent vs mage","289",2.93724888506683e-05,0.0474082407252244,0.000355448236342393,4.5320592523769,1.32414616063767,3.4492236363061,-3.1797309591527,-2.26728192094454,-2.80892070738642,0.4915444942601,0.474630199147105,0.479514897741922
-0.3,"cent vs mage","294",0.000734702846441562,0.000757975744650301,0.00120216001538937,3.1338882775757,3.12034469164113,2.92003772103929,2.24432171523239,3.03673931185456,2.54425356055046,0.388626074674393,0.392628333720685,0.388073797488716
-0.3,"cent vs mage","353",5.39269738644247e-10,4.29387431254199e-05,6.61587018799931e-09,9.26819394965168,4.36715067209547,8.179413024796,-4.03672758845741,-3.00038369397182,-3.63189608582451,0.452987030581952,0.443712473338858,0.452121939540834
-0.3,"cent vs mage","652",0.0304407825565154,0.000117353941763843,0.00085555147249083,1.51654418713117,3.93050231844259,3.06775385690456,1.63653227563287,2.52230780222121,2.07414497958027,0.311302205352354,0.298114845447366,0.314613945834705
-0.3,"cent vs mage","671",0.0163321460721453,0.000771686377432341,0.000121594090516151,1.78695674447014,3.11255916627614,3.91508753130169,1.82676660919739,2.71253943837783,2.24218038498391,0.359040590240532,0.35473062660989,0.363795687655363
-0.3,"cent vs mage","675",1.20221551471852e-09,0.00290906087541977,2.62861016477359e-06,8.92001767171496,2.53624719055003,5.5802738170284,-3.63690328032757,-2.81982800796984,-3.30665018602228,0.464527205896095,0.456321145049778,0.482786860561533
-0.3,"cent vs mage","728",0.0102738104735833,5.45749853739356e-05,5.68088328561564e-05,1.98826845019783,4.26300637200948,4.24558413325993,1.80140405096517,2.67161188922665,2.21928493181688,0.304084844854476,0.307110090040986,0.306972581536612
-0.3,"cent vs mage","762",0.0381908557634038,2.99881205599143e-05,0.00199516637255397,1.41804061004354,4.52305075184752,2.70002088360156,1.84602515685314,2.71146129898568,2.24934126196745,0.389970338991809,0.385142168264538,0.382401278672652
-0.3,"cent vs mage","770",1.16360889134807e-08,0.0353912533194583,2.92134784202778e-05,7.93419296888884,1.45110405730917,4.5344167289288,-2.78806196628215,-1.91382326186502,-2.40636759414,0.351042980489124,0.329968200247425,0.356432018660272
-0.3,"cent vs mage","829",0.0258688229780661,0.00116968524510438,0.0002924522441579,1.58722333107317,2.93193098842882,3.53394504169114,1.86686657113004,2.7692036332214,2.25028673255437,0.396248533551107,0.387529881307017,0.393850915361893
-0.3,"cent vs mage","848",0.0342600707511326,0.00221630854609295,0.000129537742410028,1.46521174449967,2.65436977889953,3.88760367612118,1.66356578487594,2.56411377795722,2.0197035204581,0.335029119373993,0.328319447771723,0.339886902687457
-0.3,"cent vs mage","854",0.000166112917142616,4.16506714355752e-05,1.0094793632194e-05,3.77959659496799,4.38037799309477,4.9959025549091,2.70972121671737,3.55609408670627,3.01752211663897,0.467816209361396,0.453275284778139,0.464171039302182
-0.3,"cent vs mage","857",0.0159458473642357,0.000253487414728586,0.0024459658098909,1.7973523973471,3.59604359786756,2.61154961789642,1.76919602854714,2.66289618232543,2.1702051758146,0.33735975859635,0.332813692101691,0.341909823394398
-0.3,"cent vs mage","886",0.0233310339493689,0.01821381901889,0.000355262147972406,1.63206601437575,1.73959898309387,3.44945106271174,2.55934392602855,3.31449426000425,3.02230508667003,0.526684082121323,0.526945492060214,0.526492837069741
-0.3,"cent vs mage","921",4.67332984479963e-13,2.3715625858022e-07,1.59962005480143e-09,12.3303735652798,6.62496540978087,8.79598315965542,-4.53913890056531,-3.62751842190393,-4.10122842759143,0.47605591535478,0.461237585610338,0.473198874612354
-0.3,"cent vs mage","947",0.0355369109732875,0.000766035738023972,0.00403219473785201,1.44932032570237,3.11575096866433,2.39445850148013,1.90213878198818,2.7299250732665,2.20278660392533,0.417862225676341,0.416682750096766,0.420446263404298
-0.3,"cent vs mage","978",0.000696352913862168,1.48774145219188e-05,4.34824429341881e-05,3.15717060277755,4.82747253629191,4.36168606433198,2.55743471458166,3.57237776471184,3.02188796341352,0.450172508785678,0.453709406679042,0.452941173077572
-0.3,"cent vs mage","984",0.0339308674960943,0.00497025286998515,0.00319559288844265,1.46940503679017,2.30362151524142,2.49544855400284,1.97746148636464,2.87471602184476,2.47104082884771,0.419924260075451,0.415912519854618,0.42122649067417
-0.3,"cent vs mage","989",0.0255684928318968,0.00103943703601407,0.00399120168751126,1.59229487127292,2.98320181296055,2.39889632544574,1.68116855364318,2.64129687049835,2.08109289643728,0.369794117705248,0.365706014305437,0.370093196259934
-0.3,"cent vs mage","1004",3.9221880069675e-05,0.0243602474368134,0.00187067642393017,4.40647159260817,1.61331830471334,2.7280013271203,-2.9987516350187,-2.28085582399925,-2.59030052493891,0.464384949639427,0.462729368074014,0.464754037673036
-0.3,"cent vs mage","1019",2.0992107162623e-09,0.00322348562324123,4.92592803912723e-07,8.67794396526856,2.49167426240368,6.30751193688145,-3.3572185353407,-2.46469522510258,-2.9734055922209,0.395896948904459,0.392276678741183,0.40108431562535
-0.3,"cent vs mage","1043",0.00491657456247081,1.12468058958982e-07,1.10624435160906e-06,2.30833737014488,6.94897080010799,5.95614893375968,2.11500433579029,2.96253493679013,2.4734645876878,0.322336606503237,0.313500017593708,0.32157854012101
-0.3,"cent vs mage","1058",6.11175810290631e-07,0.00235352195548076,5.44329535132895e-05,6.2138338430207,2.62828174590224,4.26413810037475,-3.39165465448673,-2.57779696182489,-2.9367260779348,0.456653683472383,0.463530367746661,0.462930805618064
-0.3,"cent vs mage","1074",0.00101343730963758,6.53413865110607e-08,3.1292377611258e-06,2.9942031112241,7.18481165425431,5.5045614376777,2.59875434065173,3.46573630000714,3.00034874237365,0.378396045059503,0.376904084916252,0.380939197969346
-0.3,"cent vs mage","1087",6.61407502330103e-05,6.1377029759762e-06,9.42273308800765e-07,4.17953088320205,5.21199413236163,6.02582311070155,3.0864573738087,4.03312700232789,3.54840944683998,0.495755634322743,0.48148555551355,0.49771132238656
-0.3,"cent vs mage","1098",2.90348656100038e-09,4.08055404856889e-11,4.42109705460322e-12,8.53708017978973,10.389280865366,11.3544699510937,3.79716128133485,4.65699802078944,4.21329098174547,0.444904684733391,0.438714132510882,0.435880167033828
-0.3,"cent vs mage","1104",3.11317872414068e-05,0.0173725157590538,0.000135761752185913,4.50679594623685,1.76013728568869,3.86722256550651,-3.09617804097313,-2.17607138206788,-2.65851809351736,0.458015103727506,0.423320945843419,0.452171666284342
-0.3,"eld vs kin","3",0,3.10029779626575e-14,1.14711018461833e-12,28.7748647042641,13.5085965884034,11.9403948643364,-5.2703600070008,-4.75543564306702,-4.8603548189844,0.446622168633702,0.430557885222413,0.446516226391735
-0.3,"eld vs kin","4",5.358026726859e-07,6.96245803953903e-09,9.41196219432873e-12,6.27099512437872,8.15723740916135,11.0263198259528,1.96326287685954,2.46088596727379,2.36329846922366,0.220233660877302,0.227835623688023,0.221211598773016
-0.3,"eld vs kin","5",3.753593620528e-08,1.18161494655594e-05,2.9910710708796e-05,7.42555274767514,4.92752402415708,4.52417326756911,-3.31275838367392,-2.81798289901194,-2.91273236716408,0.38616437613698,0.385146226602482,0.384022273490517
-0.3,"eld vs kin","7",9.61315518219975e-27,1.67932709731852e-28,2.8596619016529e-27,26.0171340469494,27.7748647042641,26.5436853105515,7.02534293480401,7.54743844173672,7.45225086934268,0.462612745151567,0.472294241057708,0.469125816464173
-0.3,"eld vs kin","10",3.21557794782998e-06,0.000612829875109867,0.00110957836711602,5.49274095835547,3.21266007124898,2.95484201907043,-3.25945162680734,-2.75702181920828,-2.85559396470211,0.473497682527317,0.48155898615601,0.46978354682602
-0.3,"eld vs kin","11",5.31850530611077e-07,2.35326828521563e-08,6.35509433121536e-10,6.27421040314016,7.62832855809945,9.19687799865486,2.64373865702605,3.15554479761164,3.0565131938145,0.345674930706852,0.348550581182915,0.348165845493515
-0.3,"eld vs kin","12",5.04593547242114e-05,0.00648727270571887,0.0162607285068404,4.2970583075542,2.1879378452331,1.78886000121345,-2.5078686483141,-2.00728001598427,-2.09421893166396,0.36830422996742,0.378983007428154,0.369653435153697
-0.3,"eld vs kin","14",5.52347689186578e-07,3.7734515788543e-09,7.86683087909e-11,6.25778745857524,8.42326121852837,10.1042001861811,2.29043550185769,2.79254485129186,2.69365086126435,0.276423169405129,0.280360997708198,0.276551851514565
-0.3,"eld vs kin","15",0.000659773676666942,4.2933127227921e-05,9.86480096533328e-06,3.18060501571754,4.36720747657145,5.00591167275639,2.38986192304592,2.87256183161402,2.79375081887882,0.431026945463442,0.440150450000717,0.431336012734356
-0.3,"eld vs kin","16",9.06072881632052e-09,1.93406959372698e-11,5.95427969550396e-13,8.04283686764592,10.7135279027309,12.2251707687217,2.45404455753974,2.96000546944071,2.85027128808277,0.267010148608039,0.262665544837398,0.265945569581203
-0.3,"eld vs kin","21",2.34771529783106e-16,1.61212199846881e-18,1.07660336371173e-20,15.6293545701492,17.7926020957462,19.9679442676198,3.52958540345034,4.01808835821438,3.92136763712437,0.293071298946356,0.294621048777604,0.2929457027486
-0.3,"eld vs kin","23",0.00169593927540452,1.34408187531853e-05,6.23335683231453e-06,2.77058970209633,4.8715742752435,5.20527801094381,1.85552631380839,2.34439617896489,2.25264951876718,0.313621036756511,0.298995736160906,0.310427902775553
-0.3,"eld vs kin","25",0.000356039531597678,8.12318948883377e-06,2.414526996684e-06,3.44850177898897,5.09027341590328,5.61716793441549,2.47232728005453,2.97592985790183,2.89304789624888,0.421143585431189,0.411519927439818,0.423294206823375
-0.3,"eld vs kin","26",0.00601869855731706,0.000296311596785007,6.37337171326534e-05,2.22049740749298,3.52825135114844,4.19563075148526,1.8626901061861,2.38645398941506,2.30332894319919,0.361477560307456,0.365920957147817,0.365649057798651
-0.3,"eld vs kin","29",0.000468056367993485,1.25521637258264e-05,7.79925999396898e-07,3.3297018417242,4.90128140460601,6.10794660189694,1.88490412987355,2.38124047133121,2.28471241887717,0.291975280298075,0.289818418691558,0.292402537945746
-0.3,"eld vs kin","31",0.000187228611896227,4.38230011129569e-06,6.54928763551091e-06,3.72762778252557,5.35829788414257,5.1838059355489,3.02010530498136,3.5367284858317,3.53619234137278,0.531800273623587,0.520075405715801,0.544317075424259
-0.3,"eld vs kin","33",1.9915646060602e-08,3.95086725202059e-06,2.24807263787172e-05,7.70080560057761,5.40330756224047,4.64818966031062,-3.76896554009657,-3.23468782384195,-3.36598581847282,0.462906755128101,0.451880743510977,0.463169106976047
-0.3,"eld vs kin","36",0.00592210751464994,9.35570849293508e-05,7.99889871713113e-06,2.22752371234771,4.02892331848773,5.09696980225758,1.55202162062518,2.06267513035154,1.9606858627339,0.262139575986349,0.25692591995224,0.262641989339006
-0.3,"eld vs kin","38",0.000221019198838241,0.0147071445088841,0.0383409950255185,3.65556999967526,1.83247164028513,1.41633662050113,-2.34877853464454,-1.83893304740066,-1.93763988527001,0.379337163830869,0.371294357650056,0.379064661137314
-0.3,"eld vs kin","47",0.017150909363546,0.00101058950581139,0.000707184919432969,1.76571284815182,2.9954252158859,3.1504670091331,2.30443137567697,2.77428368561112,2.68809826692029,0.538659894734795,0.53499227003063,0.530369013841668
-0.3,"eld vs kin","55",0.0131685825687085,0.00201408668106082,0.000263159098481773,1.88046096882842,2.69592184247341,3.57978161005819,1.94169322659073,2.48435290465423,2.31793372138803,0.414018254614348,0.426397953695242,0.409324444917072
-0.3,"eld vs kin","57",0.00014665672696132,0.00194372435011913,0.00543045967169821,3.83369801167983,2.71136532465171,2.26516340716389,-2.93689360114188,-2.39941761835498,-2.58386773066267,0.488663204771536,0.44583697469976,0.482928916294295
-0.3,"eld vs kin","61",0.025567916116518,0.00189735585175102,0.000662200123324197,1.59230466720157,2.72185120893294,3.17901074270353,1.66060781919802,2.1767280040005,2.05127914280797,0.362821097020241,0.364985125079521,0.362270659232174
-0.3,"eld vs kin","65",3.15566627442433e-07,5.20962486840025e-05,2.22319976956621e-05,6.50090893158413,4.28319354799592,4.65302151124514,-3.19272725195785,-2.64558938224769,-2.80079021327008,0.367617784956123,0.374879020896921,0.369278098344412
-0.3,"eld vs kin","67",5.10257345635405e-14,6.75348203286556e-12,1.60647097476504e-11,13.2922107344885,11.1704722512065,10.7941271167438,-5.99055073335532,-5.4129003191272,-5.55141069241667,0.568168449827339,0.554872840894538,0.567588547483039
-0.3,"eld vs kin","70",0.0431546995823856,0.00378691020343859,0.00237810529844487,1.36497190234599,2.42171499290227,2.62376891947296,2.07627208497106,2.50331365292016,2.48960554957129,0.524587929709212,0.514313480646297,0.517047726983884
-0.3,"eld vs kin","71",0.0402383281240282,0.00193850317792509,0.0077254483961635,1.39536007222631,2.71253348268659,2.11207630409367,2.20537891833261,2.72603207445032,2.56994417795335,0.532139338025943,0.542961404190608,0.531317089202042
-0.3,"eld vs kin","74",2.51318924369715e-05,9.35335407389289e-08,2.06353652311479e-07,4.59977480770708,7.0290326250016,6.68538784001804,3.24355563413371,3.72727550780599,3.67806869812644,0.500696805620295,0.492106033435363,0.50335422283239
-0.3,"eld vs kin","77",0.010832072101037,0.000943546976676903,0.000321640706960526,1.96528845787438,3.02523647260167,3.49262899198339,1.81216286578334,2.26108231856868,2.21839237675885,0.369636501946649,0.355515785732506,0.369253957784492
-0.3,"eld vs kin","79",5.80590859893412e-10,1.9670721462905e-07,4.61404177942328e-06,9.23612980544734,6.70617971117306,5.33591847732883,-4.31210056338324,-3.79339340566177,-3.90903817332704,0.489008778164361,0.478492084579173,0.488888963857157
-0.3,"eld vs kin","80",0.00170988396785431,0.000116487777709352,1.81370574426158e-05,2.76703335968408,3.93371963988985,4.74143317152594,1.95214464753209,2.42966496319589,2.33346993721264,0.351098985924992,0.363846282532141,0.347046633690845
-0.3,"eld vs kin","82",6.93325057887127e-07,4.00389457509277e-05,8.45492013222719e-06,6.15906310341373,4.3975173662722,5.07289049052595,-4.36432093091811,-3.81404459662012,-4.09246452954673,0.59043892463779,0.57517111649917,0.600763057192711
-0.3,"eld vs kin","83",8.6811529831566e-08,2.93888249888685e-05,2.22515948319851e-05,7.0614225903801,4.53181777735208,4.65263885650737,-3.946272974399,-3.45031642185899,-3.5592961763176,0.523374608625361,0.49763342264384,0.527177536812722
-0.3,"eld vs kin","84",2.27310616575777e-09,3.09660171780978e-08,2.8666791619508e-07,8.64338028001369,7.50911464962569,6.54262091046873,-4.26684442150508,-3.80881823563588,-3.9428028502511,0.485484481535116,0.450923158964883,0.484517783215585
-0.3,"eld vs kin","85",0.000196704269841541,0.00419418709267487,0.0120395854703604,3.70618621278787,2.37735220059838,1.9193884658219,-2.80014921308788,-2.29668389995063,-2.38496546216659,0.482235584968338,0.476436212776834,0.485055123560897
-0.3,"eld vs kin","87",8.29537826199089e-06,0.000141013624157407,0.00231483671190218,5.0811638057397,3.85073892556774,2.63547963860756,-3.35891318198978,-2.8870577386883,-2.95042434088149,0.517362198405905,0.512947046021436,0.528742128070787
-0.3,"eld vs kin","89",2.84274135318781e-12,2.74169384898629e-14,3.71151479479504e-14,11.546262652794,13.561981042296,13.4304488039285,4.38957514281618,4.8855898935025,4.77531021254885,0.443652089224538,0.447360700332315,0.449116060641328
-0.3,"eld vs kin","91",1.37534400805853e-09,2.46632700806556e-07,1.2839953870918e-06,8.86158866029514,6.60794934121028,5.89143653651964,-4.81693742313184,-4.29992037940308,-4.38742082260983,0.571279451281937,0.56349337432066,0.577436188905041
-0.3,"eld vs kin","100",4.65036285543175e-08,1.02977572868917e-05,0.000136077956719816,7.33251315894584,4.98725734849692,3.86621222050051,-4.18621554683107,-3.73754850754541,-3.79585241203926,0.558543338148938,0.536801948604833,0.561102031986703
-0.3,"eld vs kin","102",6.22919316063654e-06,0.0017516412078947,0.00264852973536069,5.20556820190834,2.75655484644933,2.57699514682483,-3.34765010204089,-2.75940360223317,-2.94383080492094,0.543316803792458,0.519605078945423,0.552069376913415
-0.3,"eld vs kin","108",0.00361606955123402,0.00494962741975545,0.0183650819732374,2.44176322492603,2.30542749109354,1.73600712882453,-3.2245098702089,-2.81518817548423,-2.83690848730302,0.647684406121781,0.627949726391155,0.635723688450342
-0.3,"eld vs kin","110",0.0010471484609043,0.00765338633654761,0.0197548209169941,2.9799917412622,2.11614636329463,1.70432690296628,-2.92562260472297,-2.41557417621966,-2.51340630080104,0.524892137462373,0.486308288839036,0.519167097421849
-0.3,"eld vs kin","111",3.98256877771669e-08,3.12784975703811e-06,5.2108432003095e-05,7.39983671533225,5.50475411598827,4.28309199500919,-3.70341867791044,-3.28469233629515,-3.28108144665171,0.455873992840816,0.447374272987026,0.45633588513041
-0.3,"eld vs kin","115",0.000859497181987681,0.0040709241260626,0.00845089851380336,3.06575554288526,2.39030699193144,2.07309711367261,-3.19447970941758,-2.65387948813835,-2.73308322033426,0.56394536579156,0.534600339255912,0.57002036159731
-0.3,"eld vs kin","118",1.03284247187314e-05,0.00822051261633276,0.00433329600101936,4.98596591160057,2.08510109979532,2.36318164394078,-2.72236426296441,-2.18234665379625,-2.31661637863054,0.392266073543974,0.391776407067353,0.39651860303767
-0.3,"eld vs kin","119",0.000930756096739668,2.82328221059687e-05,4.67931863416277e-06,3.03116411033737,4.54924570832875,5.32981738089308,1.93646801552443,2.41297456636394,2.32394583723934,0.3204299406452,0.308717018718579,0.319459134747315
-0.3,"eld vs kin","121",3.44917257019357e-09,9.60359704398668e-10,2.07447869678831e-11,8.46228507631747,9.01756607073542,10.6830910206638,4.05460665445589,4.59087376083541,4.46094346387432,0.494808102567692,0.480941001433902,0.490672971844127
-0.3,"eld vs kin","124",0.0196198992884073,0.000958321369862065,0.00123977562137394,1.70730322624257,3.01848882729609,2.90665690775446,2.07299600282211,2.52008158700343,2.43190224761062,0.431953108301896,0.437756839065492,0.437208260310647
-0.3,"eld vs kin","125",0.0475386369687467,0.000365208769011775,0.00262131156137924,1.32295327455227,3.43745880318674,2.58148135702127,2.40961900421016,2.89165156495186,2.93921011648255,0.537880910295579,0.535010816655686,0.537456756279711
-0.3,"eld vs kin","128",0.000371964821935166,0.00767402087499241,0.0133167147484879,3.42949813098329,2.11497702376141,1.87560290298715,-3.09502250429371,-2.59195298465727,-2.76731743231397,0.572314096569042,0.560897555955915,0.584895649105616
-0.3,"eld vs kin","130",3.49840960242016e-06,0.000734090090153825,0.00784347036030166,5.45612934361187,3.13425063864556,2.10549174026743,-3.79186896059813,-3.2282696218903,-3.41111683069556,0.588857255666831,0.571084398979599,0.584586011384094
-0.3,"eld vs kin","133",0.000271877973043862,0.00926869517024383,0.0100192454289844,3.56562597657215,2.03298140072596,1.99916498489274,-3.03222538974676,-2.46504287256133,-2.59498738850129,0.492363479551618,0.466224975351641,0.500832221775944
-0.3,"eld vs kin","138",1.53031806772897e-07,3.6646766815345e-10,9.23622289043733e-11,6.81521829421294,9.4359643352437,10.0345055951443,3.39372148732888,3.92552838585198,3.79015421128291,0.438423732633159,0.43851696724501,0.430855598592649
-0.3,"eld vs kin","139",2.51899763553795e-09,2.10565614300957e-06,2.90254046757883e-06,8.59877224015306,5.67661254833865,5.5372217165597,-4.47555015540897,-3.85465705686481,-4.07278892768042,0.535908544479635,0.532424271685338,0.532414509041377
-0.3,"eld vs kin","145",0.0192476654589908,0.0114756393987971,0.0386254294660151,1.71562193835091,1.94022310712987,1.41312667873388,-2.75431629686731,-2.38690154652002,-2.46458457860343,0.530465946986208,0.52852039716008,0.534879846041561
-0.3,"eld vs kin","147",0.000366186509368373,0.0380633095365499,0.00545217499606564,3.43629765952858,1.41949345328038,2.26343021325446,-3.24822523769301,-2.76978640179957,-2.93773187592965,0.562641363144139,0.554168955364618,0.555265914339922
-0.3,"eld vs kin","150",0.00227037674288986,0.0332385749592437,0.0376294093641385,2.64390207065613,1.47835760403966,1.42447259836652,-2.27821726178552,-1.84888506973946,-1.88430106298156,0.408291218494094,0.410786727364643,0.405805629866675
-0.3,"eld vs kin","151",2.98029072079876e-12,5.85968626397743e-15,3.83932479758335e-15,11.5257413693867,14.2321256361101,14.4157451460666,4.82781297872467,5.42307754719813,5.3126454138604,0.484229316097849,0.487353938916503,0.474638703852141
-0.3,"eld vs kin","162",7.05001621572532e-05,0.0208991532935752,0.0438476113043638,4.15180988408776,1.67987130850028,1.35805406080628,-3.32810263662944,-2.69453046897683,-2.82237360228939,0.603203127038736,0.613027234008701,0.601062693379386
-0.3,"eld vs kin","163",8.90751806480888e-05,0.00282212512760618,0.00464485430372227,4.05024328820918,2.54942373437183,2.33302790407762,-3.41225414460769,-2.85135037275049,-3.06178700856398,0.569226146682242,0.569761312851745,0.582290532911468
-0.3,"eld vs kin","164",0.000303936127735335,4.56768613864094e-05,4.71869837857468e-06,3.51721767391297,4.34030374559831,5.32617778207792,2.70114895997672,3.16804569792262,3.15292696369768,0.460141959528989,0.462614044235944,0.46692874607676
-0.3,"eld vs kin","169",5.85109155276857e-08,4.90793328900987e-06,0.000225311223670655,7.2327631063755,5.30910134904442,3.64721717375853,-3.907926523998,-3.41139583588144,-3.4660812253175,0.51876225725448,0.502987821053948,0.522702136542096
-0.3,"eld vs kin","172",2.02979664946907e-06,0.000128623484318372,0.000234506327193334,5.69254746870605,3.89067972986641,3.62984543513192,-3.29032890233906,-2.78013477233909,-2.85177747137771,0.472307015190216,0.444478485061579,0.461357702676394
-0.3,"eld vs kin","181",0.000138656108494037,0.00535390747947379,0.00422089725996145,3.85806099282383,2.27132913809888,2.37459521879438,-3.08637229191147,-2.54128168454418,-2.66245382693128,0.48628427418074,0.46797356161248,0.50000955122689
-0.3,"eld vs kin","203",0.00167125060072006,0.0178122033963286,0.0477582918778585,2.77695842362563,1.74928235433361,1.32095121456894,-2.66377369207459,-2.15731470833142,-2.30606566051724,0.444600316743714,0.421657289411288,0.451346052919799
-0.3,"eld vs kin","206",0.0428756115412315,0.0157299432410601,0.00141205198001464,1.36778967249814,1.80327284445483,2.85014931587769,2.42514814269512,2.81379084434279,2.88953643310016,0.547011694065703,0.533379999913585,0.545188190458772
-0.3,"eld vs kin","207",9.61071876492261e-05,1.39792329693139e-08,8.65896179352865e-07,4.01724413116947,7.85451665736954,6.06253417661673,3.01616621421612,3.62003799222772,3.46212745786603,0.47470585676199,0.455645481461913,0.468928429282072
-0.3,"eld vs kin","216",0.000176487614916913,0.0111363521604111,0.0153069141485878,3.75328576598135,1.95325704399563,1.81511235360737,-2.88090128377943,-2.37070515605667,-2.51180720551775,0.510060625618553,0.51050244331202,0.503707859857098
-0.3,"eld vs kin","222",0.00076384487170199,0.000579886854734308,9.12964611123098e-05,3.1169948327915,3.23665673601995,4.03954605652028,2.75204542557231,3.27807260942243,3.17820260951715,0.50738044685333,0.502374555620148,0.504211313986541
-0.3,"eld vs kin","223",0.0419448943731201,0.0242132113517752,0.0124748690470005,1.37732089491932,1.6159476070942,1.90396400461949,2.12067438347866,2.6913520004855,2.52624142638279,0.543033807819352,0.527923570452578,0.528114066365728
-0.3,"eld vs kin","246",0.00623818856052342,0.000257287399763317,0.000163250503525239,2.20494150204486,3.58958148214277,3.7871454705252,2.44298272319644,2.87976673907341,2.7806948097683,0.482889051629163,0.482212800501273,0.46214727166325
-0.3,"eld vs kin","251",0.000402509490873361,0.00378493563819069,0.00939224164965603,3.39522387483566,2.42194150116161,2.02723074214394,-3.38005927173625,-2.86358435417875,-2.8696330305582,0.60022622896663,0.578667413776423,0.587839733953718
-0.3,"eld vs kin","252",1.57589322732847e-05,0.00200388406683724,0.00348024905644836,4.80247321092827,2.69812740784934,2.45838967560202,-2.87924008393512,-2.46697702585574,-2.63589922446623,0.468059628592567,0.461562908319741,0.468381675670006
-0.3,"eld vs kin","255",0.0136899025570632,0.0364925998305855,0.0244256014838614,1.86359964310636,1.43779519523068,1.612154732915,-2.67993001028245,-2.18408308031075,-2.36273179754221,0.56253064340376,0.546979855656081,0.565415629799098
-0.3,"eld vs kin","265",0.0208522697389394,0.00135423771661372,0.00709182132157095,1.68084666580068,2.86830509491822,2.14924221498219,2.18505928599599,2.60305623118482,2.48735570925791,0.465295395511565,0.477529864789464,0.472376123022286
-0.3,"eld vs kin","267",4.22287142852427e-05,0.000793162394921631,0.000586544828259738,4.37439214110232,3.10063788456403,3.23169879016082,-3.79204588569286,-3.21741011666696,-3.37140827757458,0.608450027152468,0.59457970383692,0.606447221115493
-0.3,"eld vs kin","282",5.17122750813953e-06,0.00113623306371766,0.00266618736289608,5.28640635502312,2.94453257715944,2.57410933436226,-3.47407353868367,-2.88349317538865,-3.02582898107694,0.487075709214075,0.483235789696597,0.473998307506307
-0.3,"eld vs kin","294",0.00761149931844441,0.0164489478783303,0.000682679375044837,2.11852978717276,1.78386187554066,3.16578321775697,2.18521931402983,2.49371866624865,2.56200844781777,0.438284179327625,0.452352825456147,0.439749002191815
-0.3,"eld vs kin","329",0.0331360440420821,0.00175156898813753,0.000609745126053652,1.47969934121678,2.75657275267834,3.21485166249675,2.23211086416886,2.60758616697927,2.46544227221095,0.434670525425022,0.435052151649053,0.422528242813674
-0.3,"eld vs kin","344",9.48625797081822e-05,1.98947712686786e-05,1.25253437501893e-06,4.02290506924988,4.70126104959735,5.90221034635798,2.57483585757502,2.98433585126604,2.97745490785263,0.421146999101598,0.415493260080628,0.422580416909161
-0.3,"eld vs kin","349",0.000209227065801448,0.0104862062773416,0.029595118491475,3.6793821354458,1.9793816033999,1.52877991688183,-2.8015256920261,-2.23407367402869,-2.38618836331694,0.49520198032425,0.482134816822983,0.494954794179533
-0.3,"eld vs kin","363",0.000818492997188696,0.0337378894821865,0.0297904918410894,3.08698503194577,1.47188208875664,1.52592232652286,-2.77445061920457,-2.24969191971088,-2.38768837912413,0.484623269387873,0.469828332645618,0.485765915458953
-0.3,"eld vs kin","473",7.77075961238445e-05,0.00281166818904957,0.0105712161329943,4.10953652568527,2.55103593264491,1.97587504774771,-3.25352925030202,-2.74610320329708,-2.76140978482352,0.526929876949817,0.529324651437712,0.53623883075523
-0.3,"eld vs kin","614",0.000235298625758136,0.00861635199873534,0.0314117235556186,3.62838060927702,2.06467656737189,1.50290823328764,-3.33322690994321,-2.88615450981092,-2.94044121650106,0.501037853896846,0.501932674629154,0.494028002214066
-0.3,"eld vs kin","616",1.58286641591126e-06,0.000847638516230677,0.000153926451531389,5.80055573534648,3.0717893174091,3.81268674230624,-3.17798995926176,-2.64608357601404,-2.80233921995834,0.434122576341327,0.419198015777389,0.443383788859292
-0.3,"eld vs kin","666",1.28274821320495e-13,4.54225017668119e-10,4.67326407419638e-09,12.8918585816196,9.34272894951743,8.33037967741225,-4.35407128503895,-3.87360207258812,-4.02077632059222,0.415316927110656,0.406032443406906,0.429769496116062
-0.3,"eld vs kin","728",3.68146602027114e-11,6.44809895995495e-13,4.81667469756874e-13,10.433979203683,12.1905683059684,12.3172526835219,3.5700995450719,4.08932591578708,4.01429231966189,0.375808383653275,0.389856347985284,0.384947728867969
-0.3,"eld vs kin","744",2.87453166991785e-08,5.1501282721122e-06,0.000149680371550531,7.54143290218767,5.28818195403128,3.82483514746058,-4.19865960213278,-3.66613813832048,-3.68047253171882,0.527391332670124,0.516314779341762,0.523113732484915
-0.3,"eld vs kin","770",2.40185952129889e-06,0.000261030689766402,0.00104516935787985,5.61945239697841,3.58330842901172,2.98081333133925,-3.13265263410392,-2.62765699246752,-2.72138476333275,0.432904922820405,0.415695005850625,0.432678050326015
-0.3,"eld vs kin","786",1.74330855602485e-10,3.91844082972942e-07,1.18939161838385e-06,9.75862573835228,6.40688670689428,5.92467512628946,-4.26675410920532,-3.77983229410995,-3.93569269437421,0.507936160614345,0.499326510815495,0.507208447143546
-0.3,"eld vs kin","849",5.20840303476941e-07,5.58941600832332e-05,0.00175463865450813,6.28329541672022,4.25263356556827,2.75581230740954,-3.2982145326463,-2.80636627511074,-2.89930046625054,0.43077371964829,0.403274746964187,0.434977646895533
-0.3,"eld vs kin","854",0.000390084196195218,6.14886449541569e-05,6.27411267438287e-06,3.40884164426458,4.21120507754271,5.20244768624023,2.72471366891227,3.2063053747868,3.20822499076757,0.453332795120851,0.446409940022594,0.459445548224314
-0.3,"eld vs kin","879",2.01581687700615e-06,0.000740886900047062,0.0029603128914529,5.69554892307868,3.13024808410485,2.52866238358638,-3.12729335934944,-2.59630295373966,-2.79480529704422,0.414226404163979,0.414142573006052,0.41942153575107
-0.3,"eld vs kin","886",5.32347719777369e-08,8.61061932018955e-10,3.14157228890868e-10,7.27380460182069,9.06496561072197,9.50285294253313,3.95295201100794,4.57151692704662,4.48055700438953,0.517315086478022,0.511057883101215,0.5260212022844
-0.3,"eld vs kin","888",0.00598229683564966,0.000176206240981597,0.000114558441717348,2.22313204150759,3.75397871354106,3.94097290249222,2.30192772782867,2.73713851648658,2.59524608139845,0.452235425842284,0.436151723560141,0.441333223080032
-0.3,"eld vs kin","891",3.21477169225371e-06,0.000108375501640496,0.000890228628832927,5.49284986451741,3.96506887928094,3.05049844336709,-3.90627491281771,-3.44686043981373,-3.53517256464868,0.573722333239503,0.549990943813783,0.582837482470358
-0.3,"eld vs kin","895",3.89300328245504e-05,0.000197641019927569,0.000151480228344307,4.40971523009856,3.70412291359778,3.81964404888658,-3.64577461067497,-3.10991621848262,-3.24585266616462,0.507231871399024,0.50742925894356,0.50628993298883
-0.3,"eld vs kin","914",0.00022865491649804,0.00215604511099451,0.00555328432587805,3.64081945605888,2.66634215663417,2.25545009025897,-3.42108669085186,-2.94620774518791,-2.94732819555031,0.566022337706728,0.56131002634383,0.556033422053614
-0.3,"eld vs kin","935",0.000307096470569803,0.0223681359571581,0.00734417867738798,3.51272517483295,1.65037020621409,2.13405676567668,-2.9633504327468,-2.51164747137551,-2.67798664365533,0.543990461617237,0.527325360984531,0.549052605396105
-0.3,"eld vs kin","944",0.0289895485092123,0.00245213048968648,0.000499062799679295,1.53775854840784,2.61045642263531,3.3018448013944,1.44957791877751,1.95983108812406,1.84386067035706,0.288619159637269,0.294626967233991,0.293057294427697
-0.3,"eld vs kin","947",3.40402816971633e-08,4.03106307436615e-07,6.45308345963585e-10,7.46800685460927,6.39458040635331,9.19023271799765,3.70090332129962,4.25436224917782,4.12455164330631,0.43380391556783,0.439467129141759,0.443612290853065
-0.3,"eld vs kin","965",0.00289494102811625,0.0116552614196623,0.0126842166292028,2.53836027871532,1.93347798110149,1.89673634942136,-3.3451753967866,-2.8214026047773,-2.83123326746873,0.590614352744617,0.590959113294065,0.603282774279715
-0.3,"eld vs kin","978",1.33002672345488e-20,3.13775917925655e-17,1.51300162462089e-22,19.8761396329183,16.5033803912569,21.8201606056427,5.4939942272284,6.03421129450646,5.95227260234797,0.418360728232793,0.415194448016351,0.422438642845087
-0.3,"eld vs kin","984",1.30785304209227e-13,2.88111039621768e-12,4.97698123917085e-15,12.883441053102,11.540440100432,14.3030339963345,4.31375837333563,4.84149196076929,4.70208453300844,0.415732770688497,0.424111097101366,0.420026763497369
-0.3,"eld vs kin","988",0.00281097017103539,0.000541520282657236,0.000229819795689404,2.55114376293879,3.26638527222213,3.63861256577653,2.58032565096602,3.16500901298691,2.97234193958275,0.525179070533729,0.53095438942874,0.514580874644759
-0.3,"eld vs kin","991",5.05966204889001e-08,0.000631142376766852,2.23380577710795e-05,7.29587849011746,3.19987265902956,4.65095459021645,-4.30168470680238,-3.79027062193896,-3.83276857801729,0.567667756081229,0.573253594430535,0.566253286871661
-0.3,"eld vs kin","1000",0.0016984960822769,0.0247692548002613,0.0341445144075842,2.7699354505293,1.60608705926006,1.46667905929954,-2.7975239876122,-2.28505288193943,-2.33350411249506,0.559178612923305,0.567123165244917,0.558520076499412
-0.3,"eld vs kin","1014",7.25323340522623e-12,1.09957387741068e-07,5.56417638051844e-07,11.139468346946,6.95877558624504,6.25459911162899,-4.85806280178753,-4.30370493471274,-4.45082394558688,0.52222323904957,0.503326643263919,0.521871155736827
-0.3,"eld vs kin","1020",0.019380689517519,0.0165931927999277,0.00294176447807885,1.71263077587521,1.78007004061951,2.53139210046138,1.79243348571028,2.27319815799688,2.22760809118464,0.422843936336342,0.424761529437082,0.407569778801124
-0.3,"eld vs kin","1021",3.65665002736111e-07,1.56314285508898e-06,1.37614289160799e-05,6.43691660336419,5.80600133014344,4.8613364688513,-4.37622945587908,-3.81379370826281,-3.94599025750401,0.564506081278617,0.552255766748956,0.554694964569684
-0.3,"eld vs kin","1030",9.63046110941573e-09,2.70818074628588e-09,4.91866153083875e-11,8.01635291822536,8.56732235383658,10.3081530616339,3.54513636183777,4.03099270836551,3.89098181308923,0.424862055600588,0.432429351240867,0.416243586720615
-0.3,"eld vs kin","1043",0.0404046682703526,0.00158283432712784,0.00606925276716026,1.39356845451987,2.80056453970463,2.21686477499974,1.84481874959197,2.37820586304092,2.287175654339,0.422346680824528,0.411527531608414,0.437352171547941
-0.3,"eld vs kin","1047",2.05662350876056e-05,0.00618275831437096,0.020826868757428,4.68684520418908,2.20881772985347,1.68137601971101,-2.23265710184704,-1.73169699594059,-1.83405984093549,0.290940353078332,0.274892089845706,0.291077858058884
-0.3,"eld vs kin","1074",1.79282388018109e-14,1.47944734512784e-15,6.48211652165775e-18,13.7464623716884,14.8299004871626,17.1882831664142,4.55199965677469,4.92999947581668,4.97971657894726,0.399602185961213,0.39172351068447,0.403613781635881
-0.3,"eld vs kin","1076",4.68934636664186e-11,8.47966683821196e-13,2.15082423335308e-13,10.3288876880191,12.0716212106169,12.6673950789681,3.96803321262565,4.53931778924392,4.45944571300231,0.432111946858928,0.435237984924001,0.425510487147287
-0.3,"eld vs kin","1079",0.000160243364656331,0.00430062857192979,0.018739644603688,3.79521994466595,2.36646806410179,1.7272386497407,-2.89992674819157,-2.37757597531994,-2.55787352844391,0.502431483386685,0.477312627517068,0.498777008208069
-0.3,"eld vs kin","1082",0.0211580292130849,0.00574213806338613,0.000218666706734812,1.67452478756988,2.24092636958143,3.66021733576455,2.28096944331041,2.85150608165827,2.89281059146392,0.488499612755631,0.492587317944223,0.48800635506414
-0.3,"eld vs kin","1089",1.84248533158146e-07,2.81483841847375e-10,2.50455191101468e-11,6.73459596096611,9.55054653011257,10.6012699624039,2.44524528924087,2.94718926434046,2.85050266798681,0.289731158706565,0.282377272436242,0.289340068029328
-0.3,"eld vs kin","1098",2.23364308555441e-23,4.17589796354217e-27,5.75654515956299e-28,22.6509862217118,26.3792501216945,27.2398380839886,6.44613296885485,6.88553835479485,6.8326233091125,0.446126034246629,0.436772577962018,0.442537106982776
-0.3,"eld vs kin","1101",0.000703499478298368,0.00809495793572936,0.0401930441840514,3.15273622029352,2.0917854036528,1.39584909949923,-3.12715065597381,-2.67838147925084,-2.81811191550479,0.596187957361147,0.572861546269651,0.594894224657045
-0.3,"eld vs kin","1104",4.92664437302365e-06,1.72873364584435e-05,0.000757140632127464,5.30744878588982,4.76227191537325,3.12082344667635,-3.30054082320945,-2.84136793395457,-2.96306518286463,0.470964610935282,0.454360752124979,0.488919616116804
-0.3,"eld vs kin","1105",6.27035229294748e-13,8.70811106768978e-09,6.9364454931244e-08,12.202708058119,8.0600760403823,7.15886302207848,-5.16372561192456,-4.57188286629887,-4.74321881434585,0.49413938560996,0.499118396442255,0.507468930769915
-0.3,"eld vs kin","1108",0.0332831292608063,0.00405772987233083,0.000808314887761965,1.47777584834251,2.39171686781547,3.09241942217469,1.90908485839993,2.4705825462848,2.39622560793026,0.431056046378151,0.42833803528096,0.451238003775342
-0.3,"eld vs kin","1112",2.81415008772713e-08,4.76321033632267e-05,0.000240986280074487,7.55065274395406,4.32210024026306,3.61800768214528,-4.17805017777394,-3.60838132669281,-3.74871496679878,0.537718563753271,0.532969406294383,0.547019229866782
-0.2,"cent vs mage","4",0.0313009656674099,1.24755327716949e-07,8.84500124762007e-05,1.50444226380952,6.90394089862108,4.05330210149541,1.7089210214851,2.1459185636119,1.78661876155608,0.182908909919346,0.199423194607698,0.182835905051146
-0.2,"cent vs mage","7",1.49466271428635e-06,2.99022487073708e-11,1.27087450209453e-08,5.82545679921281,10.5242961506562,7.89589733358353,3.67311433815289,4.10811300164157,3.76731361948619,0.417760646927937,0.420203990936767,0.418503811143234
-0.2,"cent vs mage","8",0.0381662664393609,0.000140413977187389,0.011522250279141,1.41832032221201,3.85258965920605,1.93846269553291,1.77913268899682,2.2151934982931,1.85807886079847,0.314024079742069,0.309520940763007,0.314038114446468
-0.2,"cent vs mage","11",0.0382457198829609,0.000224150743640524,0.0149551282746507,1.41741716012396,3.64945981598427,1.82520985754179,1.73508937870835,2.16736631254943,1.80843819078951,0.29850846094838,0.311740646387581,0.297566678072435
-0.2,"cent vs mage","14",0.00216659938454095,7.35637564212964e-09,9.53110603625645e-06,2.66422138455818,8.13333610228078,5.02085669877709,2.20831535214781,2.64358648213323,2.28209552379086,0.259430886537203,0.262622011531473,0.259072463169638
-0.2,"cent vs mage","19",0.0351382732044654,3.73717693863683e-05,0.00613923066208987,1.45421958479288,4.42745633975954,2.21188604907761,2.01717904391689,2.45456538712849,2.08882395402747,0.343387514819884,0.335069548891387,0.344140847534028
-0.2,"cent vs mage","20",0.00472494890636235,1.32561507501496e-08,2.46967850132913e-05,2.32560288340972,7.87758256572437,4.6073595787996,2.19386931334946,2.62825449983502,2.26707648123142,0.268984496975722,0.264964796472801,0.269080991726152
-0.2,"cent vs mage","21",0.000491125515119479,4.25014238629253e-10,6.84804809529727e-07,3.30880750266794,9.37159652017432,6.16443319817774,2.36179717045515,2.7946760505003,2.44568468243453,0.260607733070433,0.263955569036042,0.260939039061944
-0.2,"cent vs mage","23",0.0384770566729455,9.76411608517062e-05,0.0159159996973147,1.41479815699774,4.0103670659151,1.79816607778492,1.65024073639337,2.07903884801734,1.72488386869009,0.266902981454875,0.262722241369974,0.266806403752635
-0.2,"cent vs mage","24",1.33725926556784e-06,1.91731954628394e-10,1.81723022721181e-08,5.87378438429401,9.71730550025565,7.7405900478853,3.97769200489846,4.40908771176254,4.07665544429688,0.488893131434385,0.48026313530287,0.489245650496865
-0.2,"cent vs mage","26",0.00216615795531997,5.1780200036348e-07,7.7073711902969e-05,2.66430987798647,6.28583627613919,4.1130937247021,2.59624486387864,2.99459549190125,2.65636371702967,0.374100929703437,0.36884377864027,0.369871185631006
-0.2,"cent vs mage","32",0.0335923740570088,5.69482929769393e-06,0.00328391146942966,1.47375930239755,5.24451928935146,2.48360855948696,1.6536519513615,2.08442167544453,1.73150579401272,0.22848463021941,0.225966876546365,0.229669327759752
-0.2,"cent vs mage","39",0.000131755460845195,1.25223343186638e-07,7.05642632641903e-06,3.88023137561609,6.90231470569284,5.1514151884179,3.10327811362049,3.52180269198762,3.16837472969969,0.417825088409971,0.423062797268946,0.414739482086705
-0.2,"cent vs mage","42",0.00025210896820744,7.38774904918691e-08,2.82082258156011e-05,3.59841170500294,7.13148786531685,4.54962422836874,2.96357480137686,3.39348929100785,3.00845394592374,0.411606535760332,0.412851591130466,0.411467957579922
-0.2,"cent vs mage","55",0.03784171093988,0.000245439744682168,0.0112572026985353,1.42202923604005,3.61005510950419,1.94856951388229,1.98842052746821,2.42021109857186,2.06477027164928,0.356827061650739,0.364445432151017,0.358738053204098
-0.2,"cent vs mage","56",0.0038706641971949,1.5181956491433e-05,0.000154942647552133,2.41221450463847,4.81867225751293,3.80982902738402,2.53087004184015,2.93607779205807,2.58605953533443,0.375026903948993,0.370997450147026,0.371457495802013
-0.2,"cent vs mage","69",0.0352801838649253,3.66910101696105e-05,0.0154405204571129,1.45246916018097,4.43544033116996,1.8113380648913,2.20077262650539,2.64242026205331,2.24817073550416,0.385137369195908,0.39380678438802,0.393170250393366
-0.2,"cent vs mage","90",0.0323460269246644,1.83037954238692e-05,0.00519819334741275,1.4901790562831,4.73745884684146,2.28414757090026,1.85191265240605,2.31204779251639,1.93152344918703,0.281134144024066,0.292379076188357,0.283739674040961
-0.2,"cent vs mage","100",0.000278551343684479,0.048339203207685,0.00158002353881402,3.5550947422365,1.3157005125001,2.80133644298172,-3.17964048859293,-2.80153492493963,-3.0471317248797,0.574815093277667,0.566309953692802,0.571473345039828
-0.2,"cent vs mage","106",0.00906858362093435,3.64487986508196e-06,0.000298509154999529,2.04246053803878,5.43831678141783,3.52504234492052,2.23928964735588,2.69893280695147,2.33540601778432,0.335365974141021,0.325123664887742,0.337587278083528
-0.2,"cent vs mage","114",9.06159468889405e-11,3.95185087560746e-06,3.44305114346988e-08,10.0427953670424,5.40319945202032,7.46305652618821,-4.12276855751286,-3.72353920517609,-4.13126472549133,0.486416577160808,0.458903865514654,0.4927722895609
-0.2,"cent vs mage","132",7.14676255906636e-10,2.55981592514956e-07,1.49331010520134e-12,9.14589064647029,6.59179126342489,11.8258499960305,-4.85228666295891,-4.39481838844447,-4.75568910305189,0.504125687236615,0.481171890255036,0.485222011088475
-0.2,"cent vs mage","142",0.0101277823254201,1.99507671295746e-05,0.0007147964970614,1.99448564143857,4.70004040054185,3.1458175844689,3.07692217476886,3.54371359472014,3.27462024155998,0.536393422349957,0.530450853628185,0.531487623395348
-0.2,"cent vs mage","143",2.00363204037416e-11,1.78368484834805e-06,1.87348781329913e-11,10.6981820320602,5.74868187681755,10.7273491275684,-4.41284942760054,-3.84942924217583,-4.26727798544031,0.464868511618056,0.444533553313776,0.449596526768332
-0.2,"cent vs mage","148",1.0813295617197e-05,0.0235014623174796,7.40372826957715e-05,4.9660419239714,1.62890511404087,4.13054952903161,-3.28014049856478,-2.73115016983578,-3.11788797203845,0.514773338660224,0.481413327737236,0.50756356057221
-0.2,"cent vs mage","168",0.000245240437486178,1.82389441132414e-05,1.07817487118153e-05,3.61040791780307,4.73900030740377,4.96731079440905,3.07127412142453,3.46585766817999,3.09990188030705,0.441803061660943,0.456151990522607,0.448579205465903
-0.2,"cent vs mage","169",6.66101077029374e-05,0.0479692591679776,0.000252680013656895,4.17645986412495,1.31903698867906,3.59742910830484,-2.86000222826114,-2.47607555702748,-2.83480972492271,0.442225915162398,0.416310983478987,0.444033974860885
-0.2,"cent vs mage","210",2.84193964657694e-14,3.78974630894461e-07,3.14551047246129e-13,13.5463851492928,6.42138986135464,12.5023088645643,-4.7525639409607,-4.28611910440774,-4.71619196755029,0.462349661746445,0.457902272114635,0.465551280730094
-0.2,"cent vs mage","219",5.67642381512e-11,1.84298220350036e-05,3.12281370901113e-09,10.2459251865591,4.73447885846454,8.50545392277,-4.26951951864239,-4.03218985006286,-4.31273735876261,0.459388164833858,0.469981339902395,0.461271424336702
-0.2,"cent vs mage","289",0.000643520620378797,0.0495131370749233,0.00678268897686722,3.19143753240645,1.30527955657768,2.16859809723945,-3.00638050670938,-2.48098815560255,-2.9196448114164,0.497842497156973,0.463107525834295,0.48776159270938
-0.2,"cent vs mage","294",0.031454014886302,1.30218096853928e-05,0.000229687993096687,1.5023239120095,4.88532865618523,3.63886170688658,2.33243035770568,2.87785190398498,2.48276020516608,0.391761039682341,0.385241758880968,0.384660446858528
-0.2,"cent vs mage","353",3.70939865877426e-08,0.00149419244516759,2.46286714814771e-06,7.43069648939939,2.82559346377102,5.60855901421955,-3.74299221047551,-3.22788488013397,-3.64557785114538,0.45652373625644,0.446555022583358,0.459133598184206
-0.2,"cent vs mage","671",0.0352296527168054,9.43128734778956e-05,0.00523430569752357,1.45309163794049,4.02542902307577,2.28114091699024,2.0473109328011,2.5047493604812,2.16225314118098,0.361271703743566,0.35613013459465,0.363098421729175
-0.2,"cent vs mage","675",1.06343794939959e-06,0.00831178952872736,4.11606338072023e-05,5.973287845695,2.08030546252374,4.38551794642537,-3.45573167258912,-3.02315918522279,-3.31854965446719,0.480562139590319,0.462959656601529,0.478018221625803
-0.2,"cent vs mage","728",0.0333281168922877,1.9242675181131e-05,0.00177467491737961,1.47718922418502,4.71573455102795,2.75088118881629,2.02904182856663,2.47418331477823,2.0891603774461,0.307130976841069,0.307596207981368,0.306666423679796
-0.2,"cent vs mage","762",0.0347660997482164,0.00029868128832196,0.00595824655700249,1.45884402812138,3.52479198406833,2.22488152929651,2.06157470805361,2.50766341537569,2.15195797867675,0.382574709339288,0.387415610054588,0.379089587429941
-0.2,"cent vs mage","770",2.8864523947924e-05,0.0426343289580085,6.22091944497266e-05,4.53963560076693,1.3702405681944,4.206145422324,-2.53092676929094,-2.11048993649882,-2.48187147270781,0.350350845872955,0.324961534449173,0.353492592043967
-0.2,"cent vs mage","829",0.038588145296748,0.000722927186433556,0.00389294042166483,1.41354609488663,3.14090544284735,2.40972224276018,2.08390286331517,2.55416331954504,2.18880613957523,0.395175467409439,0.384162215889282,0.392172891940164
-0.2,"cent vs mage","848",0.0393250894833391,2.63368526409171e-05,0.0244283990362756,1.40533028047642,4.57943612619857,1.61210499444672,1.8488963394895,2.32828955720196,1.93509091307516,0.339854105120788,0.329820565775094,0.340295433599172
-0.2,"cent vs mage","854",0.00587140673472704,2.8697289371911e-05,0.000356764256409473,2.23125783334588,4.54215912300179,3.44761866332542,2.88046709821861,3.33697898633013,2.98930239393223,0.473518837398163,0.459038281725434,0.464513999011031
-0.2,"cent vs mage","857",0.0239013731823799,0.00016949179496143,0.0122908296427734,1.62157714723602,3.77085132099615,1.91041880083059,1.99335019754787,2.44341249263402,2.05650712616372,0.34522218169149,0.331416203508523,0.343391052802711
-0.2,"cent vs mage","886",0.0326040521135422,0.000107772517029905,0.0119320709068238,1.48672842136795,3.96749197406566,1.92328417448943,2.72961984873256,3.20563928384231,2.80165894584634,0.535715680568465,0.518802323181219,0.538175629830899
-0.2,"cent vs mage","917",0.000137688526520842,0.0466487679335517,0.00616891948870377,3.86110224766094,1.33115982215812,2.20979089774757,-2.85962097855735,-2.40059486945885,-2.7877243345628,0.49632259055708,0.476080184162436,0.507903362307233
-0.2,"cent vs mage","921",2.76290788858713e-11,1.89660700640456e-06,4.7206245185986e-10,10.5586335936015,5.72202264941254,9.32600054224738,-4.35382470807361,-3.89989552519661,-4.2298871216667,0.472549993543004,0.476898713929493,0.471749679809154
-0.2,"cent vs mage","947",0.0383208947348816,0.00121059428457366,0.0386241624474675,1.4165643593564,2.91700138079847,1.41314092500108,2.09539170534218,2.57084509710044,2.20171044081806,0.411836229512719,0.404258957597629,0.415216337701191
-0.2,"cent vs mage","978",0.000504445224598074,9.89204990926187e-05,0.000206509838888221,3.29718598492024,4.00471370111964,3.6850592521283,2.87655744205791,3.32062981606296,2.97256029389709,0.451401983744491,0.458608564369083,0.444530316820844
-0.2,"cent vs mage","984",0.0129422013745793,0.0250833557429556,0.0454295612527155,1.88799184704293,1.60061436245228,1.34266145747207,2.23479056876814,2.71184320824796,2.31113693214383,0.410332288335105,0.41967022905565,0.431811391706114
-0.2,"cent vs mage","989",0.0362786926769188,0.00530613084219452,0.00343906759332374,1.44034837137572,2.27522204509201,2.46355928823177,1.97395374053158,2.37481577754405,2.07864290639537,0.391193705616099,0.388593295295267,0.376532347020858
-0.2,"cent vs mage","1019",4.31056461570115e-07,0.00473584983205567,5.64688859434473e-06,6.36546584041388,2.32460207700801,5.24819078023525,-3.15264808658287,-2.63009476294347,-2.99909417116635,0.396120293987243,0.392916373175523,0.388490520134767
-0.2,"cent vs mage","1043",0.00357074662327736,5.79490528155657e-07,0.0015968238602748,2.44724096582978,6.23695365823938,2.7967429866352,2.34994877953697,2.76956677430049,2.36349655375056,0.327163533901128,0.32090581033921,0.327481641621182
-0.2,"cent vs mage","1058",2.16370673410491e-05,0.0319379237031425,0.000121005078034931,4.66480160326553,1.49569332093323,3.91719640392922,-3.12919652046494,-2.5977222001577,-3.03970062498994,0.463297603249432,0.456585307339041,0.462778935985929
-0.2,"cent vs mage","1074",0.00262680389938154,2.53955227084931e-07,6.28423980118401e-06,2.5805723476918,6.5952428437892,5.20174725101209,2.86272692545912,3.14453678083489,2.83076213301849,0.382967959286652,0.374681598195092,0.371763208598951
-0.2,"cent vs mage","1087",7.15930853943851e-05,1.76050593285281e-07,7.75018532372374e-06,4.14512892070995,6.7543625070318,5.11068791244746,3.48463366329699,3.81189070243557,3.44653384930744,0.497469564905149,0.493180267542478,0.499977677187745
-0.2,"cent vs mage","1098",8.59114745066187e-08,1.56512154971457e-12,1.24314903928914e-09,7.06594882706397,11.8054519288393,8.90547680131757,4.03771826575088,4.45929314593111,4.14807571701231,0.439057852439416,0.438412150430608,0.444268881714498
-0.2,"eld vs kin","3",1.2401191185063e-13,4.82096307319324e-12,0,12.9065365970754,11.3168661950405,29.2510935420592,-4.95214128807702,-4.61879336437993,-4.98673603002182,0.446726113321893,0.431596948035836,0.446493954324213
-0.2,"eld vs kin","4",3.18537731756901e-08,1.66539164160841e-12,2.49496390907699e-08,7.49683911678782,11.7784836193417,7.60293573228591,2.27459386914683,2.60205058400601,2.22804180762179,0.219757165674438,0.227142658125786,0.220079429281005
-0.2,"eld vs kin","5",2.6786310253529e-06,0.000149810968878451,2.70215742154278e-07,5.5720871052381,3.82445638724413,6.56828935356867,-2.9862534489844,-2.6635192538135,-3.04626597875594,0.383926447335817,0.384426107594222,0.38526276909061
-0.2,"eld vs kin","7",2.94484760875872e-28,5.60927145735e-29,4.68086285067111e-26,27.5309371743531,28.2510935420592,25.3296740835189,7.30862364735267,7.68367314182897,7.29161970717282,0.454508673108746,0.469172106862367,0.462923285600731
-0.2,"eld vs kin","8",0.0325812035312927,0.00153442473563274,0.0354965786230055,1.48703287713785,2.81405440909011,1.4498135048817,1.78041380935389,2.10981385910076,1.73097000486468,0.393766692321472,0.381240440387447,0.393357993539697
-0.2,"eld vs kin","10",0.000143188016306448,0.00456914863374851,3.92605220075674e-05,3.8440933274874,2.34016471417742,4.40604393032188,-2.94447846636422,-2.6073911346867,-2.99213592394628,0.474193674913871,0.481346670073711,0.47204918084275
-0.2,"eld vs kin","11",4.54173315399524e-08,2.4025004659254e-10,3.10586762665647e-08,7.34277838600176,9.61933651943515,7.50781705802077,2.99554746252888,3.31299326454683,2.92945638219288,0.353120733426295,0.351292013656662,0.349985632756893
-0.2,"eld vs kin","12",0.00198532011906565,0.0469879071447717,0.000133681549970265,2.70216945628894,1.32801389815046,3.87392852765962,-2.19218869088524,-1.85356792537955,-2.24047393132025,0.368673204409769,0.37861874500475,0.369561653465629
-0.2,"eld vs kin","14",3.66720030395874e-08,7.0113945663706e-12,2.5184007029243e-08,7.43566536805189,11.1541955922697,7.59887516810275,2.62118821453917,2.9383482336889,2.56097843489308,0.27756636807503,0.279525836103061,0.275911718346552
-0.2,"eld vs kin","15",9.99324345328479e-05,6.04192361674829e-06,0.00010940458091688,4.00029353226991,5.21882476946896,3.96096449312808,2.72372140482325,3.03091731471147,2.69004324200998,0.430486099046015,0.443467684533181,0.435694221096802
-0.2,"eld vs kin","16",5.81548385407882e-10,1.49192722668274e-14,4.96786162260567e-10,9.23541414569658,13.8262523603894,9.30383050972676,2.77267281480863,3.09951995683002,2.7228937448462,0.266709225574774,0.262545035188453,0.267347817875877
-0.2,"eld vs kin","21",5.38115635669281e-18,9.96650388605161e-22,7.20153774535153e-18,17.2691243887633,21.0014571595692,17.1425747587056,3.8402926695701,4.15379360633659,3.7931057933162,0.292368518416423,0.293835511302673,0.292010405517786
-0.2,"eld vs kin","23",0.000282931525216773,4.72977744511822e-07,0.000206455308755358,3.54831865924186,6.3251592940679,3.68517394527407,2.16805693549679,2.48781877877873,2.13536234265227,0.31197088115307,0.300198934695863,0.317758781738467
-0.2,"eld vs kin","25",5.09026593325736e-05,3.32940046698582e-07,3.25494678051614e-05,4.29325952801112,6.47763396388751,4.48745610789982,2.79639651891242,3.1263407538754,2.76040835843919,0.419117077007277,0.415075056145694,0.422976404897246
-0.2,"eld vs kin","26",0.000965675428654196,1.52205092772731e-05,0.000463454469307261,3.01516881895784,4.81757081585657,3.33399292538116,2.1988269832168,2.52852250839303,2.15742398819492,0.364644799322586,0.366068814932275,0.364484503083693
-0.2,"eld vs kin","29",4.31837869705839e-05,7.72124438231231e-08,6.01610877459877e-05,4.36467927519512,7.1123127016305,4.22068432005921,2.20159141970623,2.52298520212648,2.15755263338885,0.291898571580071,0.290746274333523,0.29187350079187
-0.2,"eld vs kin","31",1.65658337074622e-05,4.93506491097326e-07,2.81469776461431e-05,4.78078670252641,6.30670713067578,4.55056823179208,3.35925433421945,3.66970784024631,3.3123513769238,0.534553469405683,0.522663728701029,0.533542956102686
-0.2,"eld vs kin","32",0.0328561668874932,0.000567943073552848,0.0376108156713641,1.48338310422144,3.24569519260034,1.42468724786632,1.51357448859561,1.84338816653052,1.46898317205822,0.290366075897179,0.278444131940083,0.290684242607727
-0.2,"eld vs kin","33",2.11906179720994e-06,7.18568040474712e-05,1.5366051315953e-07,5.6738563779773,4.14353210268124,6.81343772079012,-3.42457407253394,-3.10670629464301,-3.46260718904755,0.460973734388956,0.454568150402582,0.460612159805904
-0.2,"eld vs kin","36",0.000905377815619794,6.06561643911702e-07,0.000667239546202818,3.04317015118376,6.21712505588517,3.17571822167983,1.86511298058616,2.20393575162893,1.82424841763266,0.26072372582935,0.25616446763895,0.263050375942006
-0.2,"eld vs kin","47",0.00181879207351524,0.000432951924218365,0.00541814084442205,2.74021694716326,3.36356032583106,2.26614970968302,2.66476352894014,2.95364324333405,2.52213369019865,0.538592116512904,0.543556702531353,0.530670541079826
-0.2,"eld vs kin","49",0.0348894538207194,0.00119026797302677,0.0274310586080973,1.45730582919059,2.92435525196442,1.56175743195858,1.73227145329688,2.07666514112673,1.72395596464366,0.363072367109838,0.356597051625811,0.368151960839699
-0.2,"eld vs kin","55",0.00173371129209902,0.00013930571858262,0.00200823679907379,2.76102322213522,3.85603105516326,2.69718507914272,2.26481671153054,2.55618503997994,2.2179378266787,0.410663922274188,0.414745764827043,0.412224971757097
-0.2,"eld vs kin","57",0.00299748346013894,0.0148894165839789,0.000255509187979566,2.52324320462284,1.82712231899212,3.59259347824128,-2.59267272248424,-2.2771257833417,-2.69032438770453,0.48278195713589,0.457090982187921,0.48364457366906
-0.2,"eld vs kin","61",0.00762981518815644,0.000136904370010359,0.00507089717127907,2.11748598153869,3.86358268889235,2.29491519607782,1.93306789986193,2.30892183865089,1.92635823561904,0.35295013589571,0.36124275855115,0.359278984428054
-0.2,"eld vs kin","65",1.5696976812562e-06,0.000805462964785264,3.93646697112464e-05,5.8041839832627,3.09395442366086,4.40489338814892,-2.86099815964399,-2.55938348694554,-2.91325746821764,0.364649233246323,0.375224020450754,0.368999449582307
-0.2,"eld vs kin","67",1.28662358545029e-12,2.69362915074807e-10,1.70516378794616e-13,11.8905484916913,9.56966219661235,12.7682338989091,-5.60331814594564,-5.36582451822665,-5.69227562022581,0.567506813975559,0.564119411317753,0.568701943098503
-0.2,"eld vs kin","70",0.00575391865435518,0.00233793239173863,0.0146840151111783,2.24003628221184,2.63116805190788,1.83315517723956,2.36448406669136,2.68685745840685,2.28192637606526,0.51881148084358,0.520213128595374,0.511882838087249
-0.2,"eld vs kin","71",0.0027069121340118,0.000175528832856516,0.013979264730512,2.56752584113867,3.75565153491337,1.85451567064177,2.57012504442865,2.95357214343252,2.39795741980765,0.534841060342826,0.540787496536108,0.539000522607477
-0.2,"eld vs kin","74",6.02189914364509e-06,1.19970850034013e-07,3.19946671395456e-06,5.22026652244086,6.92092426401275,5.49492240370744,3.58924232032474,3.85749885199913,3.45302225463638,0.50383357387531,0.501079854819508,0.497484373487437
-0.2,"eld vs kin","77",0.00171227839429747,4.51935994873849e-05,0.00175129290448283,2.76642562325825,4.34492306749255,2.75664121190495,2.10131220194389,2.4816573435884,2.08482556730645,0.362973816649236,0.36823990736761,0.370087245984915
-0.2,"eld vs kin","79",8.18101568861268e-08,6.82348693252036e-07,1.10007612555714e-08,7.08719277449781,6.16599363581946,7.95857726050954,-3.9686741112991,-3.71988432840114,-3.97384468036286,0.493259975690616,0.479897453979184,0.484162504182655
-0.2,"eld vs kin","80",0.000404890352129506,1.47617348518888e-05,0.00018773618606201,3.39266257163079,4.83086259967238,3.72645200925193,2.25737109840269,2.55743187888688,2.20265939881931,0.346879915903679,0.360096863893666,0.345503635289929
-0.2,"eld vs kin","82",7.5085267382254e-05,0.000802266911017865,3.93725091457991e-06,4.12444526835216,3.09568111962437,5.40480690744875,-3.99201055119205,-3.69771345372211,-3.99795103005421,0.610859906030957,0.584949174706225,0.601849222568146
-0.2,"eld vs kin","83",8.75675104438868e-06,0.000193020550735551,3.13289953228594e-05,5.05765699716741,3.71439644956264,4.50405353211269,-3.6029316141134,-3.25518460027312,-3.65587703401429,0.523580319236571,0.500387934018769,0.529570463629799
-0.2,"eld vs kin","84",1.07615756399789e-07,1.00339786898429e-07,5.91263432600264e-09,6.96812413743812,6.99852682566161,8.22821897963611,-3.95276815514849,-3.70337935031987,-4.05313158670558,0.472813922833565,0.453706252229716,0.496463678194627
-0.2,"eld vs kin","85",0.0056134785101266,0.0310148371653439,0.000837188778424093,2.2507679356086,1.50843049463373,3.07717660152441,-2.51613163046343,-2.1622804269017,-2.54231115947254,0.482795729571167,0.467541435299998,0.48060879403077
-0.2,"eld vs kin","87",0.00171869348948879,0.00312000599673412,0.000315831291930461,2.76480156816044,2.50584457125526,3.50054484317043,-2.98648040726337,-2.72758147423338,-3.09149647931205,0.531762550095428,0.503703622550654,0.532132440342949
-0.2,"eld vs kin","89",6.80228955679929e-14,3.16692967139608e-15,5.30044388436083e-14,13.1673448851578,14.4993615809804,13.2756877589924,4.69370569905931,5.00408325029187,4.62834079948431,0.440432169544321,0.441446999660107,0.43958656753242
-0.2,"eld vs kin","91",2.70012717795869e-07,3.82644035291755e-06,5.10958290349304e-09,6.56861577977253,5.41720505212433,8.2916145499836,-4.44938957427413,-4.18542724096853,-4.56839875171915,0.584252032554594,0.567429400539107,0.572309991335323
-0.2,"eld vs kin","100",5.61748671042968e-05,1.37959249243011e-05,4.49157952047424e-06,4.25045794633988,4.8602491776745,5.34760090701546,-3.86761559434899,-3.51936785768424,-3.82527778826116,0.570756334959675,0.544098574514273,0.565608155994908
-0.2,"eld vs kin","102",0.00141168969878917,0.010097508160416,9.99041792446428e-05,2.85026075435604,1.99578578717781,4.00041634375677,-3.02816103457796,-2.65560980919763,-3.12006994489457,0.542315927520815,0.527239354785372,0.551764010606843
-0.2,"eld vs kin","103",0.026408486530262,0.0121835265285274,0.0250324926794661,1.57825648748638,1.91422698672744,1.6014959021682,2.05956110187394,2.38081632848553,1.99897621600833,0.452711764903337,0.445373947054782,0.454464625347343
-0.2,"eld vs kin","108",0.0172613404614383,0.0412579651971151,0.00418013750513346,1.76292548136698,1.38449219481793,2.37880943192389,-2.96319338699507,-2.67830910010057,-2.94747515441846,0.653924709286528,0.631037151898141,0.651446485035567
-0.2,"eld vs kin","110",0.00764617638973226,0.0473660310700655,0.0024885049561308,2.11655568745696,1.32453300447584,2.60406148997396,-2.6253878994031,-2.26556319885579,-2.73480560310446,0.523809705440137,0.491683043169738,0.531479229903849
-0.2,"eld vs kin","111",2.58214797256174e-05,0.000489169820730551,7.39612084771358e-07,4.58801887367856,3.31054034455171,6.13099600137084,-3.4127633549525,-3.07033500767347,-3.46716884375944,0.464578981596126,0.456175300530832,0.453782487406302
-0.2,"eld vs kin","115",0.00224338746131667,0.0177458364921392,0.00121533291920579,2.64909571180287,1.75090352433228,2.91530473838754,-2.85276854120561,-2.48739671232087,-2.89120277309188,0.564114082982292,0.549371923795625,0.560900116407876
-0.2,"eld vs kin","118",0.00184412217790817,0.029504343833931,0.00015094703100567,2.7342103091861,1.53011403947175,3.82117542474446,-2.34060676972947,-2.01523353369505,-2.36926596580484,0.38302538519544,0.387052824320895,0.382892070381316
-0.2,"eld vs kin","119",8.6285337131816e-05,4.64686318305534e-06,0.000173394137465814,4.06406299969363,5.33284011420476,3.76096559030438,2.21200410927616,2.55557018601095,2.16750362215123,0.315952597141998,0.308916415343534,0.319730160857179
-0.2,"eld vs kin","121",9.1208727648781e-11,7.95978006570303e-11,3.60048617161836e-09,10.0399636025888,10.0990989319572,8.44363885273402,4.42790290638507,4.68747238207135,4.38522840635542,0.49584191189625,0.485404095997367,0.505769906086507
-0.2,"eld vs kin","124",0.00128470154269246,0.000137887585964512,0.00598817398811779,2.89119775436912,3.86047483164717,2.22270558959456,2.41517762940178,2.66609650260125,2.32237265047976,0.439156044122249,0.432624167054082,0.436074879858636
-0.2,"eld vs kin","125",0.00336469940993718,0.000392255236884387,0.00998392866915634,2.47305372800363,3.40643124956433,2.00069853049643,2.79533709573266,3.14718862273317,2.64199183540326,0.539558001121505,0.522351822082163,0.530390460395925
-0.2,"eld vs kin","128",0.00747003984913462,0.0356332161215722,0.00119994138989805,2.12667708142247,1.4481449780751,2.92083996617362,-2.8322045537181,-2.53603556353207,-2.84649402688527,0.575544770293058,0.554427895887414,0.583669748732958
-0.2,"eld vs kin","130",0.00081791250093391,0.000525769634614663,5.74131779013633e-05,3.08729315402319,3.27920449981981,4.24098841364747,-3.496338675512,-3.13343340201276,-3.57517438072387,0.594203339691495,0.565811817141551,0.586267403878769
-0.2,"eld vs kin","133",0.000882579146995619,0.0120361112764033,0.000511443142000887,3.05424633799433,1.91951380576874,3.29120264052035,-2.69447723967495,-2.3546985226399,-2.76909572677874,0.490793508427836,0.456569776267008,0.498163708366312
-0.2,"eld vs kin","138",1.50105569998525e-08,3.17308408567274e-10,6.47082773532251e-09,7.82360319200229,9.4985184190878,8.1890401616976,3.71633162938003,3.95317169038397,3.65207898017035,0.442360858914216,0.429406576705889,0.43368806174218
-0.2,"eld vs kin","139",1.09661034701917e-07,1.73748250493254e-06,3.67124465148546e-08,6.95994766066653,5.76007955971598,7.4351866731779,-4.18602816687178,-3.86885031431731,-4.18932986994317,0.536136676549934,0.538378906289859,0.542916239536513
-0.2,"eld vs kin","147",0.00271322301929511,0.0425156723630516,0.001481398376481,2.56651450698722,1.37145094839375,2.82932813564347,-3.03007433788538,-2.62828479779275,-2.95525395989342,0.564394913276561,0.549790286609549,0.558991042474932
-0.2,"eld vs kin","151",1.77953178493945e-15,4.82832251358123e-16,8.8149343908482e-14,14.7496942504809,15.3162037283861,13.0547809157865,5.24879698591603,5.47978414281901,5.10436415444614,0.481662925472069,0.483093606674061,0.478379464634647
-0.2,"eld vs kin","162",0.000948099521476414,0.048307755552962,0.00482930088614973,3.02314607262029,1.31598313998414,2.31611573534853,-2.98383637053224,-2.62518712397144,-2.95466830784762,0.597786576661532,0.610835088715108,0.603484804514147
-0.2,"eld vs kin","163",0.00361024474582478,0.00439696821908915,0.000340449262454426,2.44246335539123,2.35684667341238,3.46794760233545,-3.00549642403144,-2.74383022120917,-3.10092509034536,0.571669728866501,0.560937692480574,0.577328499866749
-0.2,"eld vs kin","164",5.09939534303208e-05,4.50890808123004e-06,4.6514249570273e-05,4.29248131699084,5.34592861814685,4.33241398126656,3.08117846267441,3.3489310700931,2.96206923173758,0.475308039928848,0.477561823151814,0.457145275172062
-0.2,"eld vs kin","169",3.22868655498056e-05,0.000903500721286699,1.75964870600815e-05,4.49097411480006,3.04407149639502,4.75457402552114,-3.57609872519073,-3.275791077399,-3.70963636052418,0.529066651422085,0.52070930435485,0.522940080958764
-0.2,"eld vs kin","172",0.000218699516209883,0.002112465525757,1.25404987235068e-05,3.66015217767389,2.67521036976084,4.9016851916903,-3.00349743855393,-2.57592718999724,-2.99952092903779,0.46025937580679,0.446076202164553,0.452467514264947
-0.2,"eld vs kin","181",0.00140871488345665,0.0118064390690484,0.00050240319837036,2.85117689693419,1.9278810698596,3.2989476044815,-2.78340723463847,-2.41704907258831,-2.76927068756652,0.487675657557273,0.465747083997215,0.485819967986364
-0.2,"eld vs kin","206",0.0117309913185327,0.000933601403281054,0.00486913784404719,1.93066528660762,3.02983850418124,2.31254793051435,2.73112252070427,3.01944147303242,2.65534853184012,0.543235299322972,0.538766171827584,0.552803123502979
-0.2,"eld vs kin","207",6.58072942759634e-06,1.74341753543882e-08,1.39491450550054e-06,5.18172596522759,7.7585985901583,5.85545240954248,3.39289421099225,3.69527488103045,3.28136280775744,0.464061075423547,0.463483546632742,0.4631934165474
-0.2,"eld vs kin","216",0.00494997484023256,0.0319531914068073,0.00306831446833202,2.30539700849591,1.4954857590659,2.513100132056,-2.58937411252331,-2.31696967523221,-2.5211765471331,0.509166015459262,0.50920952171994,0.508958619444697
-0.2,"eld vs kin","222",3.29749681251078e-05,1.02831606711815e-05,0.00026751282677546,4.4818156155874,4.98787337842651,3.57265538947733,3.20819680269875,3.34264570458023,3.07912928110046,0.515654632299381,0.497193206021334,0.5018171556951
-0.2,"eld vs kin","223",0.0314902437920397,0.005125032392192,0.0327535007314152,1.50182397711742,2.29030338535401,1.48474227530319,2.30054053892149,2.6385945340602,2.31921675750917,0.541076843889755,0.517710099887597,0.53207602619212
-0.2,"eld vs kin","246",0.00188370201740289,0.000156150707534945,0.00227998303492076,2.72498779710203,3.80645604359628,2.64206838452047,2.70164260898632,3.03600418238936,2.6189999419215,0.467908744783777,0.486445665733235,0.471478272518978
-0.2,"eld vs kin","251",0.00928712485196777,0.0221737288668278,0.000222504708100234,2.03211871595125,1.65416126718713,3.65266079510858,-2.97890904882241,-2.69872592834455,-3.12229260361957,0.601786154012475,0.570425691010388,0.599236679810984
-0.2,"eld vs kin","252",0.000780427389995275,0.0186943795310894,0.000568783395192728,3.10766749694658,1.72828894456142,3.2450530906915,-2.70348306419185,-2.3114890108194,-2.69664867237447,0.48113648593254,0.473461505996167,0.473426705622338
-0.2,"eld vs kin","265",0.0132929101622112,0.000617384311216724,0.00530728574268427,1.87637993034147,3.20944441087364,2.27512752945554,2.60316382166309,2.88358591391677,2.44444450345401,0.472139129810734,0.49063027859453,0.471663254422648
-0.2,"eld vs kin","267",0.00151543750783547,0.00255389212038048,0.000895925827550721,2.81946196794815,2.59279745183102,3.04772794348388,-3.30093813306488,-3.10910378491179,-3.39676353629999,0.601572555829812,0.591648801101198,0.624540147862442
-0.2,"eld vs kin","282",0.000111671345930915,0.00901447762034957,1.21623203786753e-05,3.95205824944939,2.04505943512825,4.91498356062914,-3.11824353861787,-2.74834499553597,-3.27486033168375,0.465416499524466,0.46924380089046,0.466691621072548
-0.2,"eld vs kin","294",0.0115021262415473,0.000820813125650731,0.00872680280166187,1.93922187011453,3.08575570735884,2.05914483761386,2.38411011015322,2.72197587618298,2.39392228146952,0.441565760906138,0.453694818589654,0.454718476884673
-0.2,"eld vs kin","329",0.0104650338423623,0.000172791198567264,0.00375050894236959,1.98025936287929,3.76247838286997,2.42590979470824,2.46149014324715,2.79560974436297,2.4257507198756,0.437067344585398,0.426760762621951,0.423733081406708
-0.2,"eld vs kin","344",0.00256009656499834,1.29407769262319e-05,3.72011485648237e-06,2.59174365310417,4.88803964911968,5.42944365130991,2.91863431688113,3.17199710331825,2.79917149061826,0.427846530732447,0.420033996287349,0.409977162793184
-0.2,"eld vs kin","349",0.0297854932783856,0.0472868012338113,0.00502953255181384,1.52599520314254,1.32526006330517,2.29847237669387,-2.41021211058977,-2.03834703304978,-2.53125869691024,0.503976026740546,0.478945065845089,0.496207766415871
-0.2,"eld vs kin","435",0.0146870567922474,0.00314049195697866,0.0147719836446639,1.83306522578575,2.50300231451727,1.83056118186564,2.47408694189514,2.86691744176268,2.47889139875549,0.560015217961042,0.565466619715034,0.552317866702466
-0.2,"eld vs kin","473",0.00114398700672027,0.00950259355059921,0.000164151161327762,2.94157890818437,2.02215784618589,3.78475604040065,-2.93612680728783,-2.61531468668863,-2.96340851766199,0.533383436497104,0.527907433415331,0.524207830156083
-0.2,"eld vs kin","614",0.00129912215054624,0.0148813463466623,0.000118490029470416,2.88635001227253,1.82735777547863,3.92631819250754,-3.1162101328348,-2.78862069908946,-3.09945416452072,0.494830695958052,0.490024925560363,0.488863880526458
-0.2,"eld vs kin","616",0.000101018531129944,0.00191961765011212,7.31585732049851e-06,3.99559895068011,2.71678526555819,5.13573477305954,-2.87283582708769,-2.52119713902398,-2.86880796282057,0.439000976051543,0.418160586483154,0.435443198588452
-0.2,"eld vs kin","652",0.0437348530653639,0.00197950323637714,0.0373291733237648,1.35917232822192,2.70344378386399,1.42795162767087,1.73712795680936,2.03137812659502,1.66690693092956,0.360316023408477,0.355044817287572,0.355199067142905
-0.2,"eld vs kin","666",6.56226212374563e-10,2.74229778056874e-07,7.9000755011845e-12,9.18294642609525,6.56188538782658,11.1023687581284,-4.07023893346451,-3.74248260059709,-4.09814871124402,0.421965830174592,0.411579932277926,0.415187926883383
-0.2,"eld vs kin","728",3.04239083276136e-11,1.91156413623892e-13,7.61444809170001e-13,10.5167849961973,12.7186111260795,12.1183615695985,3.9462496430763,4.24027478128954,3.87137481209998,0.386362545226982,0.386191302106311,0.384672532629032
-0.2,"eld vs kin","744",2.75783940372226e-06,2.51684728435476e-05,3.00681822897076e-07,5.55943102753941,4.59914313549421,6.52189282548813,-3.85931507224305,-3.47897519750233,-3.89169296821998,0.524645066800554,0.515115273175696,0.524423344199549
-0.2,"eld vs kin","770",0.000445706883682125,0.0017879203228711,7.97747816556628e-05,3.35095065843777,2.74765183906831,4.09813437580096,-2.82062164499328,-2.44197169457202,-2.88951424055464,0.430083942060515,0.408980517690341,0.436723880005886
-0.2,"eld vs kin","786",5.6865649060069e-06,4.13758111953102e-06,1.48730010748992e-08,5.24514999948636,5.38325347855294,7.82760139067343,-3.92337533200276,-3.73434851762503,-4.00928223274221,0.495483101438642,0.498590272323622,0.498043636404852
-0.2,"eld vs kin","849",8.55239924997904e-05,0.000867657893299575,7.60774334183311e-06,4.0679120332418,3.06165147797905,5.11874414737267,-2.95759537658002,-2.68199062553485,-3.01103498693452,0.436243448650682,0.403533020150783,0.433321507499675
-0.2,"eld vs kin","854",0.000159062731349163,9.43505450056477e-06,0.000152285151853994,3.79843156432206,5.02525558683703,3.81734243929191,3.07341984196165,3.40223018099087,2.95523778598499,0.467298504679397,0.471030863549352,0.463710155770668
-0.2,"eld vs kin","879",0.000365192280678327,0.00394669025737409,0.000113901098966907,3.43747841102339,2.40376695639946,3.9434720856403,-2.74554120959904,-2.48693699589337,-2.81534896267665,0.408812353492214,0.421967960159927,0.417689983703108
-0.2,"eld vs kin","886",1.07733787676126e-09,2.32482071719075e-11,1.67015433114891e-09,8.96764807107487,10.6336105328974,8.77724339587665,4.3708092782653,4.7578633096475,4.30951380310763,0.517746073745095,0.514172617177502,0.525773822779257
-0.2,"eld vs kin","888",0.000627908120606719,1.5845369692054e-05,0.000202541950940375,3.20210390026402,4.80009762372858,3.69348501109129,2.61866266878374,2.87514651266146,2.56773133715353,0.452795579657223,0.436732773895803,0.446173317563573
-0.2,"eld vs kin","891",0.000109044682292588,0.00389296788171654,4.87105712636064e-05,3.96239550851074,2.40971917934138,4.31237677711726,-3.50585587761512,-3.2716958914177,-3.55658341432251,0.564399583366281,0.565791076458819,0.553390765998617
-0.2,"eld vs kin","895",0.000282527357435367,0.00389159000373975,2.17457205451956e-05,3.5489394925951,2.40987292084273,4.66262619739768,-3.2885606209678,-2.96262637902121,-3.3581993516023,0.500240336852672,0.50135878707033,0.510859749803238
-0.2,"eld vs kin","914",0.00104116265433867,0.004484369357099,0.00148344945903882,2.98248141807482,2.34829862374351,2.82872724546069,-3.05958435699626,-2.76440520361515,-3.00079085223753,0.562150602298623,0.55553783075262,0.569279111862599
-0.2,"eld vs kin","935",0.0176801390588484,0.0482124181581365,0.00777463740200736,1.75251432347153,1.31684108535172,2.10931985670363,-2.73986315583198,-2.3447100891938,-2.77145120040017,0.529231117551676,0.533612854474237,0.543233557412239
-0.2,"eld vs kin","944",0.00983680022588615,4.22201228148178e-05,0.00350281730938739,2.0071461485435,4.37448050770008,2.45558251286614,1.74454710667395,2.11148329388228,1.74025127592615,0.290631068050088,0.296693956589828,0.296245744101553
-0.2,"eld vs kin","947",5.38433856437652e-09,1.95307895921805e-08,2.260553500212e-10,8.26886763971692,7.70928019866836,9.64578521011967,4.04229952496848,4.36686998885984,3.95076460899875,0.442005150593884,0.442191309912679,0.431619705422825
-0.2,"eld vs kin","965",0.0079876633590522,0.0172705372062035,0.00117185698123412,2.09758024680419,1.76269415333808,2.93112538836137,-3.01249447918501,-2.84172204890609,-3.1440131831386,0.603548523315089,0.590986174849026,0.598231388216031
-0.2,"eld vs kin","978",4.9609645778317e-23,5.0800407514037e-21,3.1523548757531e-23,22.3044338738925,20.2941328038502,22.5013648978113,5.80487906515908,6.20214628323341,5.73118386652935,0.398715505269763,0.415706215500407,0.401866038861931
-0.2,"eld vs kin","984",1.21284146074123e-15,1.10966290028214e-13,4.22519239867273e-12,14.9161959651888,12.9548089336298,11.3741535101985,4.73257626000601,4.89999365683855,4.65310789295318,0.41756332423103,0.428718346097502,0.418920535010203
-0.2,"eld vs kin","988",0.000663585983006913,0.000140284581394468,0.000125108867265508,3.17810279619657,3.85299005942978,3.9027119079884,2.91799883182106,3.30916291627069,2.85164624787214,0.52780375486957,0.541714043747375,0.509011478455807
-0.2,"eld vs kin","991",7.94019196078308e-07,0.000963814693262158,2.86979746426662e-05,6.10016899801357,3.0160064572068,4.54214875248385,-4.07756307032197,-3.66888236552074,-4.07896982060465,0.564995272351245,0.553258565561084,0.572924004986255
-0.2,"eld vs kin","1014",1.01095915114651e-08,6.24803705319459e-07,2.26846331896357e-09,7.99526639217366,6.20425640359455,8.64426823888,-4.51802447527034,-4.20417560622287,-4.5402425138345,0.524582398708803,0.507566017748986,0.516789217490958
-0.2,"eld vs kin","1020",0.00749365371670494,0.000786914354785974,0.0255242760102714,2.12530637961678,3.10407253227611,1.5930465677211,2.15423137415598,2.50021836385434,2.09188725437394,0.416689070747497,0.422439187150498,0.435749429477564
-0.2,"eld vs kin","1021",1.02675206037336e-06,1.99696888068134e-05,3.38970348870404e-07,5.98853441697893,4.69962870280765,6.46983828965876,-4.05815157060161,-3.7310851067597,-4.09982519375227,0.551738240808401,0.559669616197291,0.559469752885709
-0.2,"eld vs kin","1027",0.0369076010432884,0.00787039590055437,0.0296048357395923,1.43288418258871,2.10400342099524,1.52863734422855,2.22062634627579,2.58500610186933,2.15085672044683,0.496423691122207,0.522332972513381,0.512387093473139
-0.2,"eld vs kin","1030",2.73656802715365e-10,9.69539527743808e-11,1.09821421869625e-09,9.56279375144977,10.0134344802097,8.95931293773341,3.96965264502258,4.30783830903266,3.95206077082828,0.420857418311732,0.447499667451887,0.429475446049295
-0.2,"eld vs kin","1043",0.00938162262339317,0.001689828323927,0.00667876722310998,2.02772204057178,2.77215741476997,2.17530369285516,2.16991088639604,2.52618168545201,2.09429998753886,0.421455170244404,0.420957841288048,0.414098131100136
-0.2,"eld vs kin","1059",0.00802961363170243,0.00423443956490634,0.0320874599437075,2.09530535156523,2.37320406112424,1.49366466047049,2.50254778962155,2.74781398958171,2.39829052186545,0.588500067648058,0.575765108609402,0.583957291754371
-0.2,"eld vs kin","1074",1.19379350319611e-15,5.55175932432191e-17,2.80350070211596e-16,14.9230707889338,16.2555693693516,15.5522993307996,4.80296019894715,5.1809563294132,4.74103673148579,0.392220296536293,0.399722358584407,0.392192250657762
-0.2,"eld vs kin","1076",1.37285070996188e-10,3.70666937488511e-11,1.58927842423733e-12,9.86237668735531,10.4310161501632,11.7988000124732,4.27772574437228,4.6644614924575,4.1686270055887,0.431560569059664,0.436891115319236,0.417896886070996
-0.2,"eld vs kin","1079",0.00594224062262028,0.0361996040858502,0.000408176608173816,2.22604976603616,1.44129617930857,3.38915188749874,-2.60048341991099,-2.35594274907458,-2.64312917721355,0.49551061732107,0.481864747853497,0.498628607396857
-0.2,"eld vs kin","1082",0.000334521479138113,0.000110803232383698,0.000784193361446438,3.47557599158323,3.95544757005951,3.10557683852062,2.72821665731903,3.04662857839877,2.58667103253609,0.486432447690881,0.493044269106496,0.484248817383183
-0.2,"eld vs kin","1089",7.15466517204335e-09,6.04749354827756e-13,1.8912250541966e-08,8.14541068578072,12.2184245862896,7.72325678740033,2.76444880067731,3.08960465789671,2.71410913483216,0.288957992296234,0.282615404139657,0.289070459547592
-0.2,"eld vs kin","1098",4.62871914430864e-26,1.46822391920822e-28,1.2527120386889e-23,25.3345391700008,27.8332077050054,22.9021487489429,6.71918217833425,7.08562053460848,6.67322815448962,0.435725076505269,0.443932741480811,0.445628247275763
-0.2,"eld vs kin","1101",0.0150749233722034,0.0441642319177406,0.00171831028334014,1.82174488675755,1.35492931819408,2.76489841083359,-2.79943636539137,-2.56567336705399,-2.93417987217951,0.589906791685626,0.580025246938204,0.58953373909208
-0.2,"eld vs kin","1104",0.000978917066656941,0.00590718685605738,3.79953194270246e-05,3.00925409984028,2.22861929132757,4.42026990002044,-2.99647394848487,-2.7365872248957,-3.06965600174958,0.468910595949279,0.460764409000525,0.478833956160896
-0.2,"eld vs kin","1105",6.19761059351849e-08,6.4912609121226e-09,3.75661792182772e-11,7.20777571470516,8.18767093432631,10.4252029739225,-4.77755647126653,-4.4422354986962,-4.83420937073167,0.513788815466799,0.499026226869002,0.508263362364897
-0.2,"eld vs kin","1108",0.00356160791714066,0.000147887902796409,0.00354200011914666,2.44835389194594,3.83006734975996,2.45075142853704,2.20954821448699,2.63739681390093,2.18328570506033,0.429956029339649,0.427157751876372,0.43907541069476
-0.2,"eld vs kin","1112",7.61930264531543e-06,0.000105962476591974,2.0212361738404e-06,5.11808477553054,3.97484789977402,5.69438293784391,-3.86655871847769,-3.46880015499266,-3.94160415714728,0.546667000572642,0.531065311243641,0.547846911574102
-0.1,"cent vs mage","4",4.76016284221758e-06,3.31262998514596e-07,4.64039194046214e-08,5.32237819008059,6.47982707132712,7.33344533617115,1.85826182981707,2.13424617553621,1.83583697938647,0.182843605018588,0.199360826261086,0.183067401902993
-0.1,"cent vs mage","7",5.63548418615531e-10,1.17662022290801e-11,1.48108503270642e-10,9.24906876456164,10.9293636915411,9.82942000685687,3.83712763789103,4.0959891850999,3.80540213091628,0.416529862098659,0.418727738000973,0.414827931777765
-0.1,"cent vs mage","8",0.00243300976845239,0.000297742725881805,0.000678525479128352,2.61385614738794,3.52615883991398,3.16843383962239,1.92862269891977,2.20667726627866,1.91719043297869,0.314127248667667,0.30886411307799,0.314938383872123
-0.1,"cent vs mage","9",0.00754386883055229,0.000619342472232145,0.0022789573100758,2.12240587152505,3.20806913664862,2.64226381004216,1.67097414540789,1.9539711060692,1.6561849571871,0.271831053029694,0.262727926732353,0.271397256929311
-0.1,"cent vs mage","11",0.00297058867305008,0.000377475589112454,0.000589087357546491,2.52715747926051,3.42311112842299,3.22982029759453,1.86933770850271,2.15504917985944,1.85121318732788,0.296546542775792,0.311065344433891,0.298066548881853
-0.1,"cent vs mage","14",6.54440921539581e-07,6.38498398858784e-08,2.86845611909538e-08,6.1841295524859,7.19484018746504,7.54235178945611,2.35590118297321,2.62997308162578,2.33654341612322,0.259576807388516,0.263193750108796,0.259377899110374
-0.1,"cent vs mage","19",0.00066050536083881,0.000271813912015386,0.000218278407307885,3.18012365318456,3.56572831891738,3.6609892237542,2.1724689331836,2.43782090712369,2.15205840534895,0.345267547267284,0.334200361986376,0.344829889731235
-0.1,"cent vs mage","20",2.43723882933849e-06,6.38768022979159e-08,1.26953940518417e-07,5.6131019114465,7.19465683297078,6.89635381453154,2.33326383701472,2.61528155266479,2.30847593491943,0.268824143334505,0.265464805261389,0.268658409437195
-0.1,"cent vs mage","21",5.59798606505638e-08,1.94917786219413e-09,2.41020436620897e-09,7.25196818694821,8.71014852976639,8.61794613113722,2.51782460114726,2.78769555436057,2.48996410408442,0.261327015113905,0.26371509537251,0.261190059466754
-0.1,"cent vs mage","22",0.00485554664990347,0.0124668212406713,0.00362305130653231,2.31376186901609,1.90424426774209,2.44092551581749,-1.94774228465994,-1.68072714133735,-1.96977928255432,0.322112480352772,0.327070134859683,0.322291614607974
-0.1,"cent vs mage","23",0.00229496860732599,0.00014249870690262,0.000278307776497928,2.63922325076216,3.84618907662112,3.55547465840561,1.78878767612772,2.0743803891628,1.77194367383995,0.266407448435182,0.262151415261802,0.266855466346316
-0.1,"cent vs mage","24",8.95088214037796e-09,1.58280558635354e-11,2.04461010050704e-09,8.04813416135231,10.8005724256045,8.68938949809315,4.12883102753406,4.38929114168863,4.10923854054235,0.493115660305475,0.483987985242002,0.489053881999147
-0.1,"cent vs mage","26",9.62354111460605e-06,9.07187125472874e-07,3.2722030384611e-06,5.01666509391279,6.04230312178424,5.48515975642263,2.73547397745604,3.02122885970415,2.72261987569204,0.376662605861182,0.372888206769469,0.374051140026782
-0.1,"cent vs mage","30",0.0390625106215433,0.012413552308208,0.0300990304398902,1.4082398472222,1.90610392139471,1.52144749382102,1.33922024180641,1.61556140396084,1.32303510500973,0.23899441940238,0.238010841690245,0.237848983874969
-0.1,"cent vs mage","32",0.000575650925909469,2.40735434403707e-05,3.60787852456776e-05,3.23984079245757,4.61845998021365,4.44274809335793,1.7917732678107,2.06890696835013,1.77211983214384,0.228862754452043,0.224720206067475,0.228246788725979
-0.1,"cent vs mage","36",0.0205639385644445,0.00244598364061367,0.00428734237753192,1.68689370227449,2.61154645196652,2.36781183332269,1.38693192867352,1.66147795693356,1.3780439442879,0.203323433911623,0.204108148231693,0.203489023378989
-0.1,"cent vs mage","37",0.0466109164278667,0.0143312951205573,0.0396637280260258,1.33151235822054,1.84371456059388,1.40160646852102,1.54344204887805,1.82419568397267,1.53444921191151,0.335315281234907,0.338533073997407,0.335869372080257
-0.1,"cent vs mage","39",2.19521699761709e-07,1.1657732904799e-07,7.81281613379461e-08,6.65852254320789,6.93338589920535,7.10719239622262,3.27509656000313,3.52756611467939,3.2169540463324,0.416983470115065,0.42421471565935,0.413825918913436
-0.1,"cent vs mage","42",2.52415653769644e-06,6.85137533692073e-08,5.05333170384344e-07,5.59788371545417,7.16422223999945,6.29642219346556,3.11151691209253,3.39748164514729,3.05679440605394,0.411356968265751,0.414345975014063,0.410185551498161
-0.1,"cent vs mage","44",0.0482375015257538,0.0114187931867615,0.044148191342184,1.3166151946838,1.94237979276486,1.3550870838463,1.4512189584667,1.72330723637885,1.43633619957853,0.300771626799469,0.29256415893578,0.299671145257847
-0.1,"cent vs mage","47",0.0128875431362068,0.00755624818207169,0.0171015770883888,1.88982986806845,2.12169378628036,1.7669638376077,2.17083706809158,2.4534061730668,2.15659511471806,0.500224406746601,0.494408793705237,0.492183890032526
-0.1,"cent vs mage","51",0.0082838002293453,0.00748838818790561,0.00480949524306787,2.08177038302087,2.12561165044842,2.31790050047713,-2.11507370170655,-1.86095131010139,-2.16007550943054,0.38637069701432,0.368668205328054,0.388402104053879
-0.1,"cent vs mage","55",0.00129466509736354,0.000145478623936725,0.000583405096223649,2.88784255990499,3.8372008155326,3.23402978150132,2.12247861145996,2.41994695788311,2.10374997613939,0.355215636776417,0.36732459072591,0.356688669975869
-0.1,"cent vs mage","56",1.2353004839229e-05,1.52069894127039e-06,9.75008544401608e-06,4.90822738844755,5.81795675641808,5.0109915783833,2.64708244189073,2.93204433961955,2.60287310320888,0.372858602957347,0.365782628521961,0.372097124099425
-0.1,"cent vs mage","57",0.00506047698571667,0.0108637810491014,0.00403149557708822,2.29580854590692,1.96401899583652,2.39453381232432,-2.32436638904992,-2.0670702242224,-2.3090084054912,0.45153596401606,0.427393902938296,0.452607825111095
-0.1,"cent vs mage","61",0.0371458803830055,0.00349064753609277,0.0111222870621937,1.43008934411431,2.45709400133131,1.95380590013146,1.52835534119533,1.81394907109901,1.50309313821526,0.280787825484013,0.282171479289578,0.282631242331418
-0.1,"cent vs mage","69",0.00445421975072668,0.000916840386340698,0.00017679133047656,2.35122836068012,3.03770626450998,3.75253903580771,2.32754625924255,2.60043790395271,2.31486217234661,0.384728982583703,0.388766574282133,0.3846303504566
-0.1,"cent vs mage","90",0.000187648510612142,6.70857866700855e-05,7.68248251232184e-05,3.72665487828258,4.17336948317842,4.11449841965743,2.04668569519786,2.27860349546283,2.02563372342053,0.280774412202034,0.293003244863301,0.285403123949352
-0.1,"cent vs mage","92",0.00748398491712042,0.00102496376166538,0.00173413670082369,2.1258670964283,2.9892914891321,2.76091667036999,1.58562880586019,1.86365474622903,1.56462255390322,0.239986306213994,0.245932309445459,0.239366686550271
-0.1,"cent vs mage","95",0.0352582918920637,0.0135533253238943,0.0295961523063254,1.45273873116942,1.86795413706714,1.52876474639879,1.75303661169887,2.04132063615584,1.72472821445437,0.371094458565695,0.371897368356021,0.369235073329584
-0.1,"cent vs mage","100",0.000720215848610853,0.00520383351081827,0.00194913093257216,3.14253732605206,2.28367660651659,2.7101589862371,-3.08677490195835,-2.71874966639963,-3.00133139402501,0.568791633119494,0.559502797093906,0.566367488073364
-0.1,"cent vs mage","106",6.67603016343951e-05,2.19285590595063e-05,7.68618757438955e-06,4.17548170977204,4.65898990516996,5.11428902118206,2.39299291472792,2.68737959433542,2.37691094086745,0.334639008450489,0.325999108295121,0.336171216021978
-0.1,"cent vs mage","114",7.81821529353437e-09,1.84472278160988e-08,1.77069570640379e-08,8.10689237438643,7.7340688888344,7.75185606579146,-4.01291367404297,-3.7017093644457,-4.06485162192786,0.490309875019309,0.458042892523245,0.493958891470885
-0.1,"cent vs mage","119",0.00483423965854064,0.0010722498182168,0.00475661806022134,2.31567182314605,2.96970401871673,2.32270171950667,1.53342593114856,1.78836258891351,1.50039630534042,0.244160414948616,0.246227963303143,0.240907174528031
-0.1,"cent vs mage","132",6.3554259408093e-12,1.91413380620324e-09,1.15470192258577e-08,11.1968553377073,8.71802770644186,7.93753011108218,-4.62506663483574,-4.4287231674792,-4.54136697886087,0.490959761097041,0.486078306838463,0.481635902432697
-0.1,"cent vs mage","142",0.00226233432345217,8.94049331147263e-05,3.07105671261847e-05,2.6454432154576,4.04863851738533,4.51271216344953,3.2543750856948,3.62198344532827,3.31665726271186,0.540830918561148,0.530248856201701,0.529052774591807
-0.1,"cent vs mage","143",2.89691733812304e-10,9.31922035632019e-09,6.50022682571617e-10,9.53806389696373,8.0306204190957,9.18707148836666,-4.07183473748832,-3.93000491384728,-4.25108370019676,0.441217365148379,0.458407566095029,0.448910855737461
-0.1,"cent vs mage","146",0.00340547157157069,0.0057897339339918,0.00784653552709054,2.46782274079952,2.23734139372579,2.10532205453895,-2.28421005239371,-2.01213178791511,-2.26574884496679,0.428792282466109,0.393108416466445,0.424091406654737
-0.1,"cent vs mage","148",0.000213936315632522,0.000924414063461394,0.000158859442336782,3.66971548779819,3.03413345605617,3.79898696633959,-3.00576130190708,-2.73540049780045,-3.00413125290908,0.50678692838925,0.476306525745993,0.495943820018834
-0.1,"cent vs mage","155",0.0104839113195796,0.0276385196441005,0.0417585736241282,1.97947666128325,1.55848522206541,1.3792543442431,2.27015639876912,2.55912491417451,2.20592498594443,0.470445722243814,0.471217118224566,0.469123895924379
-0.1,"cent vs mage","168",6.11788905109829e-05,1.48337581920991e-06,0.00107234085567707,4.21339840328019,5.8287488047831,2.9696671472828,3.18152268157515,3.49990933405278,3.13866933278899,0.460459701872007,0.445699017896858,0.452146183956525
-0.1,"cent vs mage","169",0.000526264252019949,0.000535312495244918,0.000237186140342996,3.27879612965545,3.27139261921215,3.62491069198744,-2.71793773614725,-2.42986030535834,-2.77184459244182,0.437887269659633,0.404150612286627,0.445932547461557
-0.1,"cent vs mage","173",0.00718874674979565,0.0399610185787897,0.016056086862816,2.1433468157491,1.3983634504383,1.79436029099767,-2.35690603771992,-2.19622332752277,-2.46888434711421,0.507793100630761,0.491513465404096,0.500888287539647
-0.1,"cent vs mage","191",0.0132597208520187,0.0296570135194211,0.0106373981842393,1.87746561874452,1.52787258484299,1.97316458373317,-2.33947145492506,-1.98268670888,-2.26555150365368,0.463330768843237,0.461741838935689,0.456338970133018
-0.1,"cent vs mage","194",0.011865142956226,0.0460944862082027,0.0151821663924521,1.92572702485279,1.3363510215207,1.8186662531337,-2.1518035740345,-1.94493493495001,-2.18197848048867,0.483899971599313,0.471127390656684,0.483235554983657
-0.1,"cent vs mage","210",7.25547191771092e-12,4.59318917672306e-09,3.22043433587105e-12,11.1393343344885,8.33788566720672,11.4920855516112,-4.7020231905259,-4.24005113574729,-4.69781377138489,0.455394882877869,0.452536501166605,0.452596916262283
-0.1,"cent vs mage","212",0.035901718949863,0.008726504564532,0.0116771084025769,1.44488475719973,2.05915967981392,1.93266468806943,1.9636191700042,2.24997510930574,2.01040681965325,0.37128338295047,0.38487787591268,0.374029226823869
-0.1,"cent vs mage","219",6.303710980519e-09,2.31182631391114e-08,4.32912112738458e-11,8.20040370707358,7.63604479730317,10.3636002626002,-4.25577560564011,-3.73149145390477,-4.27879508029427,0.467058582335686,0.450028694324512,0.469312370835529
-0.1,"cent vs mage","255",0.0114792882171784,0.0340265764146456,0.0312144393640097,1.94008503989408,1.46818174526284,1.50564446093463,-2.34903716138679,-2.05134906863603,-2.3764235393654,0.526995653729751,0.503671595136069,0.527389130621628
-0.1,"cent vs mage","287",0.0137272299406588,0.0150819117802493,0.0141718005380203,1.86241709152209,1.82154360389145,1.84857496880335,-2.23453485262954,-2.0887676863654,-2.29889974450042,0.444197727192057,0.453274230103548,0.447993814807553
-0.1,"cent vs mage","289",0.00096671991402201,0.00312045639994921,0.0019973802405964,3.01469933503203,2.50578188114711,2.69953925076609,-2.85718194490096,-2.55476504603565,-2.81887538933022,0.495018600168398,0.458115094800071,0.49110961612539
-0.1,"cent vs mage","294",6.33870726961603e-05,0.000860182567036813,0.000800964650967544,4.19799930409266,3.06540936335881,3.09638665024347,2.51067380659436,2.82850592413962,2.59339320632104,0.384579586558137,0.389169795801563,0.391968011855657
-0.1,"cent vs mage","353",2.58151182096924e-07,8.28623197643913e-06,4.0273931163635e-06,6.58812588193965,5.08164291261663,5.39497597656722,-3.5753813524985,-3.27009968536201,-3.59181274534338,0.452238408970579,0.444819175946365,0.455703315399343
-0.1,"cent vs mage","363",0.0457726842348806,0.0411052105326658,0.0131682273568235,1.33939361861454,1.38610312308367,1.88047268372951,-2.28925674678888,-2.0212809560934,-2.28659914848367,0.445440401925233,0.43005815210264,0.445547208177346
-0.1,"cent vs mage","401",0.0275463372866327,0.0271622578666607,0.0250021393431305,1.55993613916985,1.56603413209864,1.60202282872135,-2.26917035452577,-2.05642782130137,-2.29201443147464,0.430921093483996,0.443044087361941,0.440951267890227
-0.1,"cent vs mage","464",0.00206377449347259,0.0245057042177279,0.0139685429567192,2.68533775936604,1.61073281269925,1.85484889230086,-2.50822438527663,-2.22415069866942,-2.45779995890206,0.478919947333539,0.473446276500866,0.479957249229045
-0.1,"cent vs mage","528",0.0156827992504782,0.0188674720673338,0.0190830073297705,1.8045764167451,1.72428628429466,1.71935318289155,-2.32361218727318,-1.99728207727138,-2.40580580611453,0.442769660295236,0.410535775649894,0.438289302284744
-0.1,"cent vs mage","531",0.00511695186437354,0.0135447425866795,0.00709320520182056,2.29098866845592,1.86822924417433,2.14915747611238,-2.35916739455685,-2.20624827458064,-2.41431265497304,0.463598533164763,0.466577201740569,0.470637847871373
-0.1,"cent vs mage","546",0.0112504000631783,0.0279403324719313,0.00495552723810851,1.9488320338067,1.55376843036693,2.30491013241586,-2.48625052808377,-2.21024538935988,-2.63334833099631,0.43037781404239,0.434519915304725,0.451389337034536
-0.1,"cent vs mage","652",0.000522612619200377,0.000808704451403669,0.000877347322296554,3.28182010784458,3.09221016636789,3.05682844506524,2.00353868649625,2.27596968060949,1.96893415725362,0.314997996716025,0.300137909051346,0.311890801745383
-0.1,"cent vs mage","671",0.000977408574329006,0.000143588382170554,0.000428060775164918,3.00992385543733,3.84288069772139,3.36849456639578,2.21427546454322,2.48130703120711,2.17510813896362,0.360397130785095,0.354560946846261,0.362684889977041
-0.1,"cent vs mage","675",1.56244438766188e-05,4.41846303424031e-05,1.61047213954816e-05,4.80619543162318,4.3547287740512,4.79304678388071,-3.24176971340971,-3.04320270658617,-3.33896112984808,0.470322450883595,0.471986015345232,0.474921246891428
-0.1,"cent vs mage","728",0.000193163091669225,2.34521077691208e-05,4.24983588695083e-05,3.71407585212167,4.6298181187757,4.37162784048329,2.16802563750456,2.46795063013911,2.1551182667635,0.303138196317222,0.307717561896981,0.303193354505347
-0.1,"cent vs mage","737",0.0113985924067204,0.0137910010471415,0.00934321790035138,1.94314877565804,1.86040420855434,2.0295035225195,-2.43268094512406,-2.11668744016887,-2.40706984920585,0.474475482659382,0.467761862023722,0.477996040889835
-0.1,"cent vs mage","762",0.003417527754753,0.000803579597401861,0.00240559152126022,2.46628794971197,3.09497109836514,2.61877811561771,2.22176782321928,2.51472111010839,2.16872541024304,0.380794580747193,0.382073348802073,0.388087258616819
-0.1,"cent vs mage","769",0.0120674073959418,0.0217017360182653,0.0150642334434208,1.91838602522821,1.66350552361706,1.8220529628796,-2.40262225467751,-2.08980032084484,-2.38302464521918,0.450890195232985,0.439749042263385,0.441474881162275
-0.1,"cent vs mage","770",0.000101047531305883,0.000344908131286542,8.99636720033066e-05,3.99547429227563,3.46229656692212,4.04593282648866,-2.41692902314115,-2.13059061766012,-2.41591270451368,0.352939804364472,0.327696850653289,0.348567832803871
-0.1,"cent vs mage","788",0.0407899668172123,0.00727557556736343,0.0402197636336152,1.38944664798292,2.13813264415067,1.39556048602466,2.22937753571038,2.5033856911519,2.20642241044493,0.528457699442318,0.516894033829095,0.529756622475238
-0.1,"cent vs mage","798",0.0349980805735413,0.00671109464671703,0.0366769019059335,1.45595577334052,2.17320663627578,1.43560735626217,1.90889840827536,2.13159825008676,1.86193940224227,0.435248422456939,0.406564171981548,0.430483127692494
-0.1,"cent vs mage","816",0.025019731593231,0.0176484798061433,0.0193993353695958,1.60171735364356,1.75329269765503,1.71221314894923,-2.09031383363765,-1.7878892671105,-2.04010620047907,0.412026371075588,0.395568678358971,0.411977150358618
-0.1,"cent vs mage","819",0.027259827325779,0.00975827825409986,0.00607899262893383,1.56447689948076,2.01062680228266,2.21616838321785,-2.41960610675993,-1.99595758850224,-2.37190160137744,0.44799279487199,0.429162265776935,0.443073724084262
-0.1,"cent vs mage","829",0.00165464675488935,1.86075034771734e-05,0.00159067424453154,2.78129470809787,4.73031189117973,2.7984187507668,2.2220151903776,2.53693627627454,2.20304730251255,0.395130321856209,0.380955874003054,0.394476516354006
-0.1,"cent vs mage","834",0.0121811522224103,0.00468488519318828,0.0109819218914502,1.91431162958761,2.32930104737508,1.95932164952054,1.90718694960023,2.15388090990831,1.93125633335099,0.401392346690648,0.40225727334881,0.392720439106288
-0.1,"cent vs mage","848",0.000944808294962485,0.000408801442764674,0.000585292991182332,3.0246563024811,3.38848758013452,3.2326266764822,2.02367545200347,2.29697029465007,2.03165365028895,0.337411639354777,0.326638381141988,0.327922758062019
-0.1,"cent vs mage","849",0.0101485126244237,0.0101619402536102,0.00614497574968591,1.99359760369551,1.99302336282109,2.21147982665847,-2.15193296467984,-1.91257921208982,-2.20645106848901,0.410075492446481,0.382226600449417,0.414635190238251
-0.1,"cent vs mage","854",4.38145001931488e-05,2.4074563677453e-06,2.26557011277817e-05,4.35838213808684,5.61844157519789,4.64482249313101,3.06230594557915,3.28572817179033,3.02235078724243,0.451583503004083,0.46284616546796,0.463392879195939
-0.1,"cent vs mage","857",0.0289139587426241,4.77211933668205e-05,0.00158553547643537,1.53889244301023,4.32128870443705,2.79982403616748,2.13350524150746,2.39197511801984,2.08908668741045,0.336481798386996,0.348526496312106,0.341587414052764
-0.1,"cent vs mage","884",0.0115561203163321,0.0239079286263026,0.0101557844509632,1.93718794515537,1.62145804936041,1.99328652528066,-2.09693033785808,-1.77140432717175,-2.09021222219637,0.401363598014684,0.384185462732104,0.3912827342367
-0.1,"cent vs mage","886",0.00258530260847583,5.26729067662517e-05,0.00786039503517434,2.58748861562631,4.27841271434216,2.10455562733397,2.89612306346632,3.17319403036602,2.88588735334888,0.537393276134557,0.534471716763911,0.528013545593945
-0.1,"cent vs mage","912",0.00150256197776685,0.0364051490073811,0.0141203691473701,2.82316760515084,1.43883718702824,1.85015394941947,-2.50443137643778,-2.20612061598977,-2.56999741033497,0.463743484299852,0.463943942863539,0.466135766884452
-0.1,"cent vs mage","917",0.00437575791773327,0.0120059080239661,0.00581371717235115,2.35894671270314,1.92060498805303,2.23554609975426,-2.70480197771954,-2.43331072453594,-2.68853997029302,0.500795237149077,0.476862483361357,0.501005303245853
-0.1,"cent vs mage","921",5.83291060822037e-10,1.31909281972904e-09,1.34260462932486e-10,9.23411467926244,8.8797246436668,9.87205185969335,-4.14846576623026,-3.97457564990069,-4.14675715413301,0.472801470993344,0.473478229380987,0.465932438815157
-0.1,"cent vs mage","947",0.00137687372848791,0.0143829560362613,0.00177629460005221,2.86110588656621,1.8421518470336,2.75048500445454,2.25183829846581,2.48989867599196,2.20227640945633,0.41327256314784,0.418164450475921,0.41172743156684
-0.1,"cent vs mage","966",0.00217405358639225,0.00940193386610792,0.0144586585249314,2.66272975556359,2.02678280799625,1.83987199903635,-2.68076829810881,-2.35639088137567,-2.61615213792486,0.529140399992656,0.510849816032844,0.530185083190024
-0.1,"cent vs mage","975",0.0193751376629694,0.0285312418496052,0.0195525532974031,1.71275520308975,1.54467932484859,1.70879652161506,-2.28986579577293,-2.01518667736975,-2.320592385351,0.441188406330032,0.442489773829163,0.434627004733753
-0.1,"cent vs mage","978",3.23339617449497e-05,1.07822466497166e-06,3.97759789461873e-05,4.49034107984377,5.96729073767287,4.40037912291468,2.95259696844169,3.28210593550016,3.00679959100332,0.466191360322467,0.434320671307344,0.443705524316514
-0.1,"cent vs mage","984",0.000357716142765357,0.000405365860656791,0.00035568318836414,3.4464614608694,3.39215282977396,3.44893666158743,2.4044338465791,2.65528681803181,2.42696980962287,0.420421591773827,0.412216796297362,0.413148347829149
-0.1,"cent vs mage","989",0.00536042145058051,0.00579120081241923,0.00126691732587366,2.27080106357849,2.23723137545456,2.89725172457066,2.1204015935381,2.41899992551426,2.0714858965714,0.380245048568824,0.373229414135278,0.376272319777622
-0.1,"cent vs mage","1004",0.00365155205109162,0.00674637761543514,0.00523210191358852,2.43752250432261,2.17092935367306,2.28132380518875,-2.67532214365842,-2.40971579598359,-2.65481667214659,0.465115646738963,0.462434789441385,0.4688599005922
-0.1,"cent vs mage","1017",0.0120650027633549,0.023371858493685,0.0150566533028566,1.91847257428485,1.63130675181572,1.82227154962417,1.97456657472498,2.20062298818801,1.94688388631998,0.387436243634297,0.388572329367164,0.398073617558268
-0.1,"cent vs mage","1019",3.74983914446178e-06,4.19775739088032e-05,2.30643265961565e-05,5.4259873616512,4.3769826650501,4.6370592208668,-3.03615360819363,-2.69006849568838,-2.92918684179205,0.394613788626598,0.396377204622276,0.386262314389437
-0.1,"cent vs mage","1030",0.0105501232791796,0.00190673977138999,0.00899214269753724,1.9767424655649,2.719708574684,2.04613680984204,2.04458960066166,2.44914574656757,2.11559586463345,0.420404402555938,0.402925060995188,0.410106833981989
-0.1,"cent vs mage","1043",8.99214794985866e-07,4.49732787956871e-05,1.06128801226841e-05,6.04613655617019,4.3470454488571,4.97416674129662,2.43964516956007,2.74080369117122,2.4002456169092,0.321481006307787,0.310856414719759,0.327633834329573
-0.1,"cent vs mage","1058",0.000102876288379334,0.00883343770107133,0.000436189305100012,3.98768471282432,2.05387024953022,3.36032498706771,-3.00462588835305,-2.71398844716446,-3.01418611450558,0.459719448030841,0.467883772166303,0.465544957341903
-0.1,"cent vs mage","1074",0.00143436868795091,6.60503691041371e-08,2.02238918693133e-06,2.84333920392452,7.18012475110862,5.6941352654253,2.92913862614218,3.240313024829,2.94755219754721,0.3755762111497,0.374077274550042,0.373199014769012
-0.1,"cent vs mage","1076",0.0208264174199514,0.00336810907580916,0.00117244163102612,1.68138543137543,2.47261385236984,2.93090876904295,2.24035211872768,2.52380179965372,2.2801535823569,0.419727079859605,0.424553011960203,0.413966655579292
-0.1,"cent vs mage","1079",0.00282730948530502,0.00460541301227668,0.00121908496561233,2.54862664980422,2.3367314163011,2.91396602464359,-2.34676698672495,-2.09577271380187,-2.37869690190715,0.414043407547206,0.399402626102817,0.416428301338012
-0.1,"cent vs mage","1087",1.29671221729788e-05,1.59753749688068e-07,5.1253440222129e-06,4.88715639732172,6.79654893943106,5.29027697867526,3.50049398902731,3.81412902101964,3.515673843866,0.494852004313148,0.489588219456759,0.492249398958773
-0.1,"cent vs mage","1091",0.0415037082566784,0.0105108643279701,0.00436996564397968,1.38191309838514,1.97836156965837,2.35952197737482,2.26408571371445,2.56113746647245,2.50792339158553,0.471522475340501,0.481315039828716,0.469207916059417
-0.1,"cent vs mage","1098",2.8128296434042e-11,9.43771375997837e-12,1.52417284147844e-11,10.5508565697082,11.0251331986764,10.8169657811303,4.19151409428493,4.49195403396761,4.13835460947938,0.438285643063886,0.443835760419305,0.433563460440624
-0.1,"cent vs mage","1104",0.000398113873459973,0.00484258781801951,0.000287390290263478,3.3999926878715,2.31492249481423,3.5415279089792,-2.7671291338292,-2.43336570616737,-2.67195647647115,0.454578888161182,0.433704122568618,0.449147749540358
-0.1,"eld vs kin","3",0,8.52581893973081e-14,7.37870875511248e-12,31.8925731641907,13.0692638945731,11.1320196313468,-5.02760560179818,-4.51462789257968,-4.65130283096254,0.447033904368017,0.432666056380353,0.447338683955787
-0.1,"eld vs kin","4",8.40636397486594e-09,3.09200000772888e-12,1.4279275073993e-07,8.07539181004154,11.5097605136681,6.8452938401338,2.18517413248259,2.72223025909915,2.58000271553481,0.219995045244855,0.228428447622974,0.219993358488418
-0.1,"eld vs kin","5",6.03082885683527e-08,1.55261413814412e-05,7.80624844141393e-05,7.21962299578484,4.80893646345792,4.10755763099249,-3.08297061937529,-2.55502428853395,-2.69572708591286,0.38491595627592,0.385081461526887,0.384181621865311
-0.1,"eld vs kin","7",2.83680070187638e-28,1.28063933118446e-31,1.55035380975211e-29,27.5471711742907,30.8925731641907,28.809569179192,7.26167026154394,7.756832700598,7.69200796855491,0.461876538488876,0.460252141336711,0.467199630506671
-0.1,"eld vs kin","8",0.0317312111750008,0.00136589404239534,0.0304214188192307,1.49851335063578,2.86458298922537,1.5168205348263,1.69305221935387,2.22805743437101,2.09307644926608,0.393729253572069,0.382166379263827,0.39472730611979
-0.1,"eld vs kin","10",2.81898056395613e-05,0.00116859863501862,0.00182968340224698,4.5499079184511,2.93233462530303,2.73762405155495,-3.02652516136818,-2.49207603043732,-2.63442801655462,0.473518740994369,0.480854052194618,0.470726070697066
-0.1,"eld vs kin","11",2.71844447943983e-08,2.7759064083712e-10,7.9410256970633e-07,7.56567953245044,9.55659518051298,6.10012339860501,2.87627101625654,3.4125999393838,3.30663187518958,0.347815926115494,0.350534863272127,0.358333109985007
-0.1,"eld vs kin","12",0.000116444867857588,0.0140182905005311,0.0238941496500889,3.9338796476209,1.85330494439026,1.6217084206295,-2.28093225205011,-1.75880965057465,-1.89085115239495,0.368602322484456,0.379402965633637,0.369603486360725
-0.1,"eld vs kin","14",9.39132672227357e-09,1.15475890544247e-11,1.42826767801881e-07,8.02727305017679,10.9375086798113,6.84519039186499,2.51831348243775,3.04857281242149,2.91589962389401,0.276099287587387,0.280089249981426,0.276037749634769
-0.1,"eld vs kin","15",8.8906616335767e-05,2.76852040148679e-06,0.000129792919208867,4.05106591809399,5.55775227178344,3.88674899961883,2.64103989893963,3.14161126995279,3.00924217745256,0.433072669093265,0.442652127425552,0.429824006221125
-0.1,"eld vs kin","16",1.8906347949563e-10,2.22973301395373e-14,8.68147486991208e-10,9.72339235367897,13.6517471358345,9.06140648755939,2.68909561527432,3.22021501571233,3.07378732870439,0.267338992232617,0.262638850119199,0.26695538948374
-0.1,"eld vs kin","21",4.56629815185281e-18,3.97230017441097e-21,2.99714287346099e-17,17.3404357350979,20.4009579406488,16.5232925537922,3.75478710663492,4.28770272953799,4.14812357476391,0.292631227982018,0.295416855112526,0.293173448215965
-0.1,"eld vs kin","23",0.000133379437152553,2.16454200439859e-07,0.000336050207990141,3.87491111959135,6.6646339819915,3.47359583146706,2.08002398484732,2.60644635813775,2.46120086139357,0.313174344972446,0.29843498664076,0.308032065279292
-0.1,"eld vs kin","25",3.24294537860118e-05,3.12097901967414e-07,5.15268175475941e-05,4.4890603661503,6.50570915080611,4.28796668005396,2.7045002989418,3.23926744983649,3.10492675523385,0.418695025056857,0.411878682950564,0.420649780547309
-0.1,"eld vs kin","26",0.00129580283798503,2.15692190826197e-05,0.000953548289692671,2.88746107322547,4.66616557832112,3.02065730847427,2.10438095186107,2.62940197798081,2.49720572057837,0.364427727459635,0.365224547362702,0.363362555387413
-0.1,"eld vs kin","29",4.32178252104193e-05,1.43136179659574e-07,9.70343839894658e-05,4.36433709129077,6.8442505783957,4.01307434685876,2.11291126764239,2.63744526786908,2.50728600208242,0.292512972087174,0.290479715774932,0.293766059351409
-0.1,"eld vs kin","31",1.60259305273114e-05,1.73143690010082e-07,0.000249693598791656,4.79517674426506,6.76159333110694,3.60259259118928,3.31373394897653,3.77064085599662,3.67728849602269,0.538012140582204,0.515056011930512,0.540585150151282
-0.1,"eld vs kin","32",0.0458020151662761,0.000539220025592736,0.0329076609909376,1.33911541377908,3.26823398731301,1.48270298536984,1.43275672070851,1.96848770955427,1.81812847132684,0.29186195749969,0.277960442410469,0.291178004136341
-0.1,"eld vs kin","33",1.29827310070183e-07,5.64606532250456e-06,2.70860983965557e-05,6.88663394108563,5.24825410156296,4.56725354819231,-3.48034664164324,-2.98856974101312,-3.14604086983481,0.454899910573529,0.454775499292655,0.46302506719235
-0.1,"eld vs kin","36",0.000464299280888766,1.4257592909371e-06,0.000806675662339282,3.33320198897282,5.84595378966075,3.09330104566172,1.79348322719006,2.31273883713343,2.17252201607122,0.264295340834268,0.255171620069851,0.26144163821966
-0.1,"eld vs kin","38",0.000623452165783926,0.0425529409241221,0.0479492200766901,3.20519686204592,1.37107041952814,1.3192184525005,-2.09530885584912,-1.56966187646953,-1.72555808911682,0.376902140901133,0.36784180863593,0.382575759269363
-0.1,"eld vs kin","47",0.00497792025324233,0.000207276652977687,0.00494876010379112,2.30295206511076,3.68344961278303,2.3055035985479,2.57987947572645,3.04543371715363,2.85594088956047,0.543635084610063,0.535078276349459,0.529896652740194
-0.1,"eld vs kin","49",0.0300396070496693,0.000650887278653429,0.0321522085337592,1.52230575266908,3.18649421649715,1.4927891900467,1.64494010060062,2.17343661720141,2.06025341446128,0.361877979743084,0.3498665985459,0.366788687379213
-0.1,"eld vs kin","55",0.00264345576964216,8.76789904144981e-05,0.00219908514284811,2.57782795182253,4.05710445954329,2.65775795556269,2.1956390921073,2.72169809382237,2.59597229152926,0.4173400841196,0.424283444916504,0.421701351617599
-0.1,"eld vs kin","57",0.000372640131624901,0.00461547370182273,0.014099949384799,3.42871037540676,2.33578371922526,1.85078244634759,-2.64950595130099,-2.1066874806474,-2.27846859901756,0.479990035536807,0.452702040041489,0.487223094453522
-0.1,"eld vs kin","61",0.0048273082506052,0.000124153535922679,0.00424683143268717,2.31629496816648,3.90604090712158,2.37193497689646,1.92305146110087,2.46650727359333,2.28778458241368,0.37027863290582,0.372412595115828,0.362451440258207
-0.1,"eld vs kin","65",9.65726495014161e-08,6.0743011851116e-05,0.000167622945208564,7.01514585342376,4.21650367804352,3.77566653286921,-2.97245833520229,-2.44995923497405,-2.57271224558039,0.367550147203706,0.377680240489872,0.362742900245285
-0.1,"eld vs kin","67",6.97567004159794e-14,1.58669365840636e-11,2.6783343482865e-11,13.156414070292,10.7995069140177,10.5721352090446,-5.76433873922415,-5.24834594888656,-5.30908800895674,0.570795115638728,0.56382016408203,0.562306355426777
-0.1,"eld vs kin","70",0.0159253926773491,0.00295257335659126,0.00821740354041066,1.79790985032678,2.5297993035478,2.08526538516094,2.27217138215921,2.78627286322196,2.72406512537814,0.516770050730465,0.515739898106964,0.518389802035395
-0.1,"eld vs kin","71",0.0398171403942059,0.001556214919945,0.00536283112539429,1.39992993355049,2.80793042527651,2.2706058786782,2.52854209478523,2.98311933558484,2.83923589521067,0.537315796135368,0.528658618152485,0.553279308767145
-0.1,"eld vs kin","74",2.1693902407028e-06,2.30879971161102e-08,3.27917773923915e-07,5.66366231790765,7.6366137404977,6.48423504289795,3.42125415646442,3.97590439798698,3.91318639358306,0.495437837231719,0.491205220433134,0.506668837850946
-0.1,"eld vs kin","77",0.00129764472663024,2.0483019679815e-05,0.00204071359497122,2.88684419380959,4.68860601773487,2.69021794229596,2.0312264170802,2.57031960164388,2.43474569064928,0.365722364161877,0.361587022045166,0.366213650989946
-0.1,"eld vs kin","79",2.81600043034297e-09,9.89729346026817e-07,2.34231301576542e-06,8.55036728316076,6.00448355247061,5.63035506830037,-4.0417139014234,-3.57651881737837,-3.61263934465564,0.493367888374425,0.471896020358471,0.490668756752752
-0.1,"eld vs kin","80",0.000292248309448677,1.67986638240865e-05,0.000411199681058983,3.53424799239618,4.77472526094699,3.38594723086681,2.16116833467468,2.68625721458294,2.56474798238789,0.344264413850335,0.362783422600493,0.346240280024226
-0.1,"eld vs kin","82",0.000122170157345304,2.33398974288669e-05,0.000148240410475117,3.91303486678634,4.63190105686713,3.82903339113363,-4.0502257478901,-3.58844717061444,-3.76344649424086,0.6004726432499,0.574572243305629,0.605254283717353
-0.1,"eld vs kin","83",6.10457650192731e-07,3.56543692242633e-05,3.0798272191195e-05,6.2143444593613,4.44788724242593,4.51147364709948,-3.67603768053689,-3.16876462505715,-3.31265109108988,0.519158354317405,0.510184852898511,0.520484067320313
-0.1,"eld vs kin","84",1.26922711822603e-09,5.65689154689838e-08,7.25365120917287e-05,8.89646065736417,7.24742214741039,4.13944333124434,-4.07573969056432,-3.55521939787919,-3.70799737432332,0.476073725293912,0.457373956273234,0.487822972080505
-0.1,"eld vs kin","85",0.000320380525256708,0.0100350235020988,0.0166674967211811,3.49433389093549,1.99848160605444,1.77812962163651,-2.59627336972414,-2.03639494045601,-2.22366235045726,0.484204238469502,0.466635568520123,0.484563757479576
-0.1,"eld vs kin","87",7.04231397659638e-05,0.00340300729463916,0.00724218218108848,4.15228461612135,2.46813711995557,2.14013055446429,-3.1135774650533,-2.53088954369447,-2.75808515422143,0.529087245583544,0.505713879926392,0.527443136450343
-0.1,"eld vs kin","89",1.65103892348854e-14,2.40396937833941e-13,6.44322861726387e-12,13.7822426880594,12.6190710686589,11.1908964588361,4.66734714757451,5.17596227772125,5.00524349706918,0.448844067015741,0.450457936695619,0.443378426539423
-0.1,"eld vs kin","91",4.40030185092185e-09,6.66416991459538e-06,1.33743999497e-06,8.35651753085624,5.17625393836741,5.87372569374636,-4.5867645845067,-4.02663723175164,-4.12320416999951,0.575960513568912,0.569656407333442,0.580002727919657
-0.1,"eld vs kin","100",1.39940164381833e-06,0.000114477541606627,0.000217617598519146,5.85405762027609,3.94127970557725,3.66230598659009,-3.92237685024017,-3.39524959224728,-3.58605676202608,0.547658283177478,0.546020546144773,0.56931668051531
-0.1,"eld vs kin","102",0.000188336173638909,0.00252593091004536,0.00303113264686151,3.7250662572379,2.59757853255995,2.51839505784568,-3.13386892854008,-2.6038277104743,-2.757059586942,0.551031830003235,0.526995122910036,0.548804301779237
-0.1,"eld vs kin","103",0.0189346803534799,0.00102297014394148,0.0328163662942962,1.72274202203994,2.99013704127384,1.48390950937991,1.95320039264574,2.50475218922882,2.35719848507444,0.448752569299439,0.434819123253926,0.464640286283229
-0.1,"eld vs kin","108",0.00259692990581632,0.0297452026032951,0.0305039245184129,2.58553977232988,1.52658306862191,1.51564428238942,-3.09387785724517,-2.5152016311425,-2.61128786084873,0.651553311932955,0.63505993428893,0.637263100115649
-0.1,"eld vs kin","110",0.000761650852363872,0.0192656948675704,0.020026688709244,3.11824406755984,1.71521532240446,1.69839085271268,-2.6947027459669,-2.12005686945399,-2.3159994478845,0.519709499876122,0.500479587061913,0.524738671436291
-0.1,"eld vs kin","111",2.16882016918289e-06,2.52524096091685e-05,3.55529653086448e-05,5.66377645663925,4.59769717477162,4.44912417092649,-3.46024936878126,-2.98482791170224,-3.05619297154875,0.45953474051735,0.443976084476172,0.457781783522353
-0.1,"eld vs kin","115",0.000180722912778189,0.00783746592623107,0.00935614914867794,3.7429867823461,2.10582433427376,2.0289028636124,-2.94026730919051,-2.33949778924428,-2.50215694781734,0.550998517402238,0.545437472992052,0.567976855864918
-0.1,"eld vs kin","118",7.8951382031678e-05,0.0119407950066731,0.00807464357521939,4.10264026333171,1.92296675733419,2.09287663887076,-2.45905938709106,-1.93380955903315,-2.11164074750863,0.390118946387806,0.395495805136709,0.387102777337611
-0.1,"eld vs kin","119",0.000196552026901619,2.19456010319767e-06,3.87554179002558e-05,3.7065224732499,5.65865252047877,4.41166757574585,2.17593357049787,2.65504608038323,2.51391769672901,0.326240968691065,0.315455029098843,0.310290512629381
-0.1,"eld vs kin","121",4.54166069394321e-11,1.29374659437694e-12,7.15640650921815e-09,10.3427853149099,11.8881507804224,8.14530499794033,4.33146289905853,4.79399718305065,4.66671779654018,0.497460721146264,0.476916332923255,0.490820861747863
-0.1,"eld vs kin","124",0.00213879251023972,2.8924344329169e-05,0.00027057127535109,2.6698313454092,4.53873647705906,3.5677183112812,2.31056557764635,2.84498061476575,2.68545053080365,0.433332827894246,0.435192808269177,0.433340916836611
-0.1,"eld vs kin","125",0.00725870156756187,0.00107326474699086,0.00334626532586785,2.13914105870421,2.9692931354665,2.47543962673528,2.74435607778321,3.08948405599728,3.02673667876201,0.537404302583422,0.522923884611861,0.540383488544839
-0.1,"eld vs kin","128",0.00645919357697194,0.0102630804573592,0.0138384351961507,2.18982169979638,1.98872226643288,1.8589130156667,-2.93522911568302,-2.4117640203782,-2.51144507750408,0.58761658187041,0.556054489421102,0.582903059685663
-0.1,"eld vs kin","130",1.87310582954064e-05,0.00255154836273476,0.00321103402332449,4.72743768451098,2.59319619551918,2.49335509273191,-3.5071281006493,-2.95169298229726,-3.12975614236741,0.588274500977572,0.564533277122159,0.583756172540096
-0.1,"eld vs kin","133",0.000177732408556948,0.0101289868251048,0.00890100676085946,3.75023337369085,1.9944339937584,2.05056086909013,-2.76826589431482,-2.25802500119195,-2.42541194530866,0.49817274647995,0.465626993822941,0.47966020264895
-0.1,"eld vs kin","138",3.85832970121155e-08,5.65033359867178e-12,1.2976294132236e-07,7.41360066386195,11.2479259104486,6.88684931891596,3.60127229676225,4.18277196162194,3.99497676167134,0.437918710818284,0.440325668002056,0.432550110373864
-0.1,"eld vs kin","139",7.61044900606067e-08,9.04128131087235e-06,2.18252869286337e-06,7.11858971969434,5.04377001788647,5.66104003808273,-4.15857190846909,-3.6694699431067,-3.85663413525911,0.532169405976123,0.533259749133195,0.534127525157833
-0.1,"eld vs kin","145",0.00338446860948191,0.0274009651299241,0.0356549310340774,2.47050950957441,1.56223413998186,1.44788039925396,-2.68365360554999,-2.11224102134308,-2.30103055500129,0.527574012243132,0.525138747198256,0.538364130797683
-0.1,"eld vs kin","147",0.000698663407582239,0.016154520573504,0.0133248407302585,3.15573200227489,1.79170592624871,1.87533797332452,-3.06149104415477,-2.56540315115198,-2.70836697296211,0.565072499891475,0.553971705179278,0.55526696368996
-0.1,"eld vs kin","151",3.2348408648687e-15,6.10896692782615e-16,2.06138676032981e-14,14.4901470792022,15.2140322260059,13.6858405176245,5.11885790965524,5.62853346596421,5.46758838351849,0.484277386600097,0.48261549910062,0.48523356064591
-0.1,"eld vs kin","162",0.00193800391486376,0.0329237986207367,0.0414200866642204,2.71264534998803,1.48249006334883,1.38278899675707,-3.1225194704619,-2.53188571690623,-2.6282893718303,0.600018962521214,0.600950779573586,0.596172412788317
-0.1,"eld vs kin","163",0.00102057482702604,0.0167214372866928,0.0150452642067071,2.99115514795608,1.77672639562594,1.82260018130327,-3.08998329861501,-2.56336870984942,-2.83522699080944,0.580442363195032,0.551306337995249,0.57807897871592
-0.1,"eld vs kin","164",2.91906043627922e-05,1.09164317729617e-06,0.000316187744390989,4.53475691327822,5.96191929519834,3.500054967568,2.90090917554795,3.46937182220381,3.29885202119029,0.453227291558001,0.467619507454043,0.460466471095093
-0.1,"eld vs kin","169",1.11347205022755e-05,1.28475893889553e-05,0.00025614295460077,4.95332067991804,4.89117835196581,3.59151758521059,-3.61690607628453,-3.20524508519198,-3.27188864041659,0.519107280229195,0.500899766134188,0.528310975416031
-0.1,"eld vs kin","172",2.1227531410863e-05,0.00145768989750378,0.000980296524169828,4.67310050781119,2.83633485607777,3.00864253723407,-3.11485238664548,-2.48229649000998,-2.6245338414458,0.460445389091386,0.444650348238817,0.455538046850631
-0.1,"eld vs kin","181",0.000328356669824768,0.00208126973508124,0.0117127255688705,3.48365415757443,2.68167163104931,1.93134203218763,-2.7982390159137,-2.3372476708493,-2.45580187359816,0.490461046459338,0.469616640922788,0.49317135156776
-0.1,"eld vs kin","200",0.0096340226198466,0.0344759334259029,0.0345220927195831,2.01619233833474,1.46248396659574,1.46190288534909,-2.47919846486628,-1.93177609120353,-2.0798018502476,0.52210806076572,0.508414318626273,0.526985891438492
-0.1,"eld vs kin","203",0.000474042299490665,0.0213297887410106,0.0383013662545207,3.32418290386231,1.67101344596021,1.41678573396307,-2.39332109722062,-1.89454950420836,-2.09565184476508,0.429051939061483,0.424436148953735,0.442431835736711
-0.1,"eld vs kin","206",0.0351017340124714,0.00024986412812437,0.0183038619268207,1.45467142902002,3.6022960891152,1.73745726892761,2.65943432674329,3.10573519974253,2.8589482619528,0.544349773976583,0.544032164143135,0.538097294436936
-0.1,"eld vs kin","207",7.63713316902732e-06,4.29036872029948e-08,2.43805112394631e-07,5.11706963651937,7.36750538233504,6.6129571918206,3.25878526695242,3.84504905113389,3.7056386214807,0.45339196120943,0.461025318568579,0.467821726402141
-0.1,"eld vs kin","216",0.00115467228152475,0.0492021827177594,0.0429768962942557,2.93754125951296,1.30801563054053,1.36676495159351,-2.6581891207849,-2.13364324357595,-2.27414623241444,0.512238349401662,0.506377823317501,0.525182815857758
-0.1,"eld vs kin","222",2.25702310595817e-05,9.93245608853765e-07,5.92614419015079e-05,4.6464639948705,6.0029433462875,4.22722778582509,2.99771596497115,3.56790707836968,3.45508157888489,0.503385682491443,0.503842089176089,0.510498598193294
-0.1,"eld vs kin","223",0.0498422046964428,0.030754963104459,0.0399820476982383,1.30240275554787,1.51208478964623,1.39813496706452,2.22032282284957,2.71606753444267,2.61645610207586,0.530868858890308,0.516337446087213,0.547012806897755
-0.1,"eld vs kin","246",0.000667855504204317,0.000410471916967349,0.000607719162096805,3.17531749039102,3.38671655041621,3.21629706962323,2.55445473638429,3.17657569533365,3.11284820292156,0.468115517361414,0.460605017596239,0.477327977657497
-0.1,"eld vs kin","251",0.000682285642677916,0.0187895587536545,0.0154511599522769,3.16603376747337,1.72608341857446,1.81103891158132,-3.07854951010138,-2.5301665367379,-2.71854220772764,0.593861045990725,0.573044271066644,0.587593920272783
-0.1,"eld vs kin","252",0.0025824340688753,0.0110952689709157,0.0248026112933149,2.58797075747113,1.95486216516081,1.60550259294088,-2.63925061635406,-2.19830104667877,-2.34461915521168,0.479281441646399,0.460867861048211,0.472213763865005
-0.1,"eld vs kin","265",0.00518412065312428,0.000294589538593971,0.00631636693786667,2.28532489942598,3.53078267980018,2.19953264838164,2.38859687605058,2.8840282233001,2.75928551343363,0.477541250519169,0.48031851717311,0.478926860825583
-0.1,"eld vs kin","267",0.000216227722383701,0.014898475674908,0.000469473884758133,3.66508862626414,1.82685816379183,3.32838856105683,-3.4388063523336,-2.99356508337864,-3.23757369021264,0.611335855084014,0.590373903253839,0.598209421031389
-0.1,"eld vs kin","282",2.89227749201133e-05,0.000653916871677011,0.00224878090113374,4.53876004212856,3.18447745728214,2.64805285584221,-3.10135629693033,-2.71203402254811,-2.8304500829865,0.47772772560576,0.476116270791434,0.477698239329945
-0.1,"eld vs kin","294",0.0144681815731358,0.000453498398425703,0.00089876817704687,1.8395860495568,3.34342424235495,3.04635231317504,2.35221715486975,2.89362970840835,2.79564272067225,0.435451200533914,0.455853528015878,0.455959919520673
-0.1,"eld vs kin","329",0.000904377032864187,0.00019213566231617,0.00134929845448044,3.04365047532602,3.71639201822172,2.86989197709034,2.38884047109978,2.8830502611491,2.62088701720906,0.433504011987937,0.430446696588616,0.428576904407793
-0.1,"eld vs kin","344",5.22808261960611e-05,7.15927237467638e-07,0.000175471924602322,4.28165755786358,6.14513111452465,3.75579236048404,2.71285060716666,3.23239371207456,3.14019166392453,0.414256156880997,0.414045369106449,0.418957674119028
-0.1,"eld vs kin","435",0.00693006699438492,0.00286977317575958,0.00888105661292121,2.1592625669537,2.54215242814715,2.05153536148911,2.5103189664188,2.9464155954962,2.89361717166394,0.552131243390925,0.565068602013957,0.556418814334638
-0.1,"eld vs kin","473",0.000753537913904951,0.0135758833813377,0.00874544061145054,3.12289489147746,1.86723190132231,2.05821830507597,-3.0334956014425,-2.40855911901253,-2.64360583399855,0.546732437021549,0.526204501787198,0.529283402220541
-0.1,"eld vs kin","614",8.15677887962641e-05,0.0024957234151772,0.00234728123545387,4.08848131072946,2.60280354636064,2.62943487303946,-3.1517265374594,-2.56079998381722,-2.80758801865419,0.492782140478071,0.489545586917864,0.502357823479354
-0.1,"eld vs kin","616",4.61213468021239e-06,0.000204246292047901,0.000620699347456899,5.33609801923964,3.68984581904403,3.20711871118947,-2.92567973663232,-2.42747620777582,-2.58157687872687,0.436492584728424,0.41327041073745,0.432716538387079
-0.1,"eld vs kin","652",0.0487904254288494,0.000519453494193508,0.0156185277891855,1.31166539503395,3.28445332802831,1.8063599053605,1.66485120635848,2.11946091208102,2.02725396545588,0.359542587928267,0.356899931542346,0.368841844359051
-0.1,"eld vs kin","666",1.82020636603343e-11,2.61468475164548e-08,4.58282144871758e-09,10.739879371054,7.58258066583075,8.33886706297063,-4.11909396631252,-3.65283681921763,-3.83288150761267,0.420819952709186,0.420264383352183,0.4305301102914
-0.1,"eld vs kin","728",2.56783875968248e-11,4.60070519988612e-14,7.29231446616614e-13,10.5904322500653,13.3371755941998,12.1371346115508,3.81637737623368,4.36462030896361,4.18709788361988,0.382979741229633,0.39281998490023,0.377528636892927
-0.1,"eld vs kin","744",3.54388607515222e-07,5.78500922521471e-06,2.7650140717702e-05,6.45052024776918,5.23769594415274,4.55830265413266,-3.92140657878354,-3.46189906793311,-3.51757173316689,0.52405308957077,0.524230248847414,0.520730195407026
-0.1,"eld vs kin","757",0.00351860821335245,0.0436593714566534,0.0437095087074447,2.45362908788253,1.35992252091437,1.35942407492981,-2.24645962309304,-1.71247496761851,-1.88048256492813,0.446850755465291,0.432887353882784,0.449411390721788
-0.1,"eld vs kin","770",2.59565339888034e-05,0.00110331915587391,0.000830185223752161,4.58575329993148,2.95729884151671,3.08082500078165,-2.89691933537122,-2.35779223409363,-2.49568955258924,0.430342371253782,0.416068988484831,0.435590524371687
-0.1,"eld vs kin","786",3.4857047457475e-07,9.81156266576791e-07,2.64685989765456e-06,6.45770940228718,6.00826181799486,5.5772690459619,-4.01044244957652,-3.48605377973936,-3.60806252767736,0.510484776053584,0.483875433872901,0.497242654361174
-0.1,"eld vs kin","825",0.0373454468916888,0.00505371060135761,0.0317883331506347,1.42776233923949,2.29638963139751,1.49773224410349,1.93380886655522,2.36258567332175,2.31674586608159,0.45490305419978,0.46323113067531,0.467833816481497
-0.1,"eld vs kin","849",3.27547806196377e-06,3.26887443381923e-05,0.00101257422916468,5.48472530497879,4.48560176150797,2.9945731299553,-3.1061818123937,-2.52265997785649,-2.68041062640236,0.4423858591131,0.398894776108806,0.435846125329758
-0.1,"eld vs kin","854",0.000352999104053288,5.88552118371313e-06,8.58387882328194e-06,3.45222639689322,5.23021507280552,5.06631642183794,2.92287128154205,3.45781058901402,3.33471046965239,0.464453258200404,0.453853924631576,0.471075909559972
-0.1,"eld vs kin","879",2.55534697831259e-05,0.00196140038162193,0.000797882829246854,4.59255012076009,2.70743374453702,3.09806088101487,-2.89733835188493,-2.30900169210661,-2.36144728342396,0.416097309757848,0.405742485819625,0.415314542312758
-0.1,"eld vs kin","886",4.62181671445488e-07,3.94731384572e-11,1.20123198280684e-08,6.33518728115876,10.40369834205,7.92037311322662,4.29957246750201,4.98603113236889,4.74609704387241,0.530206161662022,0.525612977296513,0.528746646973878
-0.1,"eld vs kin","888",0.000623490339331705,8.01683217390922e-06,0.000516687850776567,3.20517027130723,5.09599720792164,3.2867717501879,2.44705797593777,3.04808644104508,2.86897350904876,0.44399670047258,0.443081291291092,0.448799536934682
-0.1,"eld vs kin","891",0.00046660352136728,0.000589943835199263,0.000346817934484367,3.33105198799274,3.2291893328055,3.45989845258508,-3.6744580997827,-3.13264450552638,-3.18060542743367,0.567489768825568,0.556177585160159,0.570308439033511
-0.1,"eld vs kin","895",9.31994789514711e-06,0.0020806166096008,0.000322617899375228,5.03058651564101,2.6818079388535,3.49131154090167,-3.37176108049409,-2.86047930175967,-3.05574425285967,0.509111330916927,0.502207123792252,0.508347643282087
-0.1,"eld vs kin","914",0.00149051718792467,0.00450552433460915,0.0373360133561821,2.82666301152816,2.34625466031719,1.42787205676306,-3.13304636034464,-2.59163225390902,-2.65711764352076,0.563661747532303,0.551694165593067,0.562938849727563
-0.1,"eld vs kin","922",0.0450304546104097,0.00934458755926647,0.00929643233334615,1.34649366854238,2.02943986225599,2.03168368749026,2.02704482015908,2.40368872129461,2.30758900693389,0.479511296640153,0.459488879038163,0.475531985413949
-0.1,"eld vs kin","935",0.00101676739962836,0.0287406730736901,0.0283094494905637,2.99277838691165,1.54150306540267,1.54806857590282,-2.76393981496143,-2.22983727964758,-2.321678817465,0.546806428710281,0.532777326008245,0.552332224819292
-0.1,"eld vs kin","944",0.0038628055558618,3.45297618422463e-05,0.00784063666015639,2.41309715262184,4.46180641704455,2.10564867114635,1.69676343063286,2.22875198895497,2.06512556921818,0.295241442884955,0.295209148884447,0.294760690072685
-0.1,"eld vs kin","947",8.29762897657341e-10,5.62144111273518e-12,1.1909897910437e-10,9.08104598828618,11.250152334417,9.92409196119765,3.88874188308912,4.46069644790245,4.29257556773285,0.428540801581836,0.429674004519065,0.442577015424201
-0.1,"eld vs kin","965",0.0307655276653764,0.0120675787052255,0.0431232813538227,1.51193563184538,1.91837986001425,1.36528820005605,-3.05305871140535,-2.52611055572746,-2.61358020651775,0.61249136051201,0.615050792913845,0.604953394814836
-0.1,"eld vs kin","978",7.01730171815331e-19,9.42035633140107e-26,6.05646637625319e-24,18.153829850005,25.0259326694115,23.2177806895128,5.79471558650392,6.24260372572154,6.14735576586089,0.409209278281054,0.403421507419898,0.405630821549328
-0.1,"eld vs kin","984",4.75240166255049e-15,2.74244550603441e-15,1.28727234068088e-12,14.3230868608599,14.561861993348,11.8903295622312,4.53482793905531,5.05319183736991,4.98166766432247,0.408542529008405,0.425576890747537,0.41788659445698
-0.1,"eld vs kin","988",0.000201036473968141,2.53408895036966e-05,0.000561307457970952,3.6967251415544,4.59617814478932,3.25079918736502,2.85238294192312,3.32137638914335,3.21485676717684,0.525073249060699,0.530833477076133,0.527461454317612
-0.1,"eld vs kin","991",1.07818373376802e-07,3.04292517144674e-05,2.1822868743718e-05,6.96730722452749,4.51670872724333,4.66108815944547,-4.03043312432422,-3.48783062214207,-3.66554618351696,0.56107011565891,0.570048595231482,0.575924035882873
-0.1,"eld vs kin","1014",1.12061597717204e-10,5.62675566054685e-07,1.18770696529031e-05,9.95054318987471,6.2497419434883,4.92529069660696,-4.62756178950607,-4.07587483886534,-4.12385508246356,0.518546430757266,0.511816738212939,0.527001483230755
-0.1,"eld vs kin","1020",0.00999179744450129,0.000460617706021716,0.00342749564355663,2.00035637863983,3.33665937188692,2.4650230885386,2.03856358445213,2.54694596400933,2.35540283893783,0.417464375974128,0.424182093760327,0.4156617238178
-0.1,"eld vs kin","1021",1.78710830695352e-08,9.10160152978806e-06,1.13727441769802e-05,7.74784912646083,5.04088218192591,4.94413472993642,-4.10676889476277,-3.56797118626218,-3.70866442690568,0.550379546480075,0.545724621748964,0.550676952019831
-0.1,"eld vs kin","1027",0.00307009694459795,0.00115304487947191,0.0204819324809905,2.51284791056868,2.93815378851824,1.68862906985262,2.24897440554261,2.68035601544637,2.55321631811507,0.506859233684235,0.509229064934399,0.509495067214851
-0.1,"eld vs kin","1030",7.15966210630011e-07,9.19587279573461e-11,2.13146238616296e-10,6.14510747333908,10.0364070448508,9.67132232692771,3.86128720295655,4.34581594442581,4.27000298802563,0.432203458940781,0.430911552913597,0.421144876612237
-0.1,"eld vs kin","1043",0.0047885194686599,0.000233484455836074,0.00056939112080111,2.31979874253147,3.63174202717208,3.24458930961117,2.18459335497223,2.66828718700047,2.49183834015675,0.439806343361983,0.419166248375373,0.427793979759
-0.1,"eld vs kin","1047",8.52663947310272e-05,0.0124453627094043,0.0358792009671011,4.06922209964743,1.90499244173137,1.44515723729581,-2.00620528025044,-1.47143941517294,-1.6188176422292,0.290518463202974,0.273547108654313,0.291001390893023
-0.1,"eld vs kin","1059",0.0103663254931568,0.00284682398344876,0.0327902310175604,1.98437515883214,2.54563938405785,1.48425552357771,2.52452634530345,2.86873990155713,2.79306473893918,0.586400184881039,0.580791312506203,0.593108574713336
-0.1,"eld vs kin","1074",3.67308132863901e-16,1.82006123223011e-15,1.85516316441551e-14,15.4349694554859,14.7399140008213,13.7316178875104,4.72501300321718,5.26429969431606,5.12227236881847,0.385680050885966,0.403529031626523,0.402612467946257
-0.1,"eld vs kin","1076",3.85848770591945e-12,3.05288142251821e-12,9.73004923134713e-12,11.4135828791797,11.5152900638789,11.0118849623166,4.21545419418697,4.69315827603054,4.62298885911545,0.432112563238058,0.427899445108913,0.432972368232228
-0.1,"eld vs kin","1079",0.000756328350292251,0.0117385511868584,0.0114457766553491,3.12128962015827,1.93038550192834,1.94135473285501,-2.67242674990268,-2.18350546540753,-2.33652675847688,0.505319805747227,0.473294651797678,0.495467027994257
-0.1,"eld vs kin","1082",0.0112824642699779,7.21302404856994e-05,0.0173738470092853,1.9475960331569,4.14188261984878,1.76010400711886,2.61468272755683,3.15689277041095,2.97992818540291,0.491620580225251,0.489663118169906,0.484005724059575
-0.1,"eld vs kin","1089",2.23647920916873e-09,9.97697939504263e-13,4.75366878934729e-08,8.65043513477515,12.0010009247075,7.32297108091028,2.68029957900945,3.20491633624571,3.06924924464695,0.2890337679052,0.280846756938535,0.289476119032395
-0.1,"eld vs kin","1098",2.56296312646731e-26,3.81660336808138e-23,3.39667952661465e-27,25.5912576419964,22.4183229707829,26.468945426456,6.59599299188618,7.22312721312201,7.08772290308992,0.432595929149952,0.458875576973473,0.450015433308775
-0.1,"eld vs kin","1101",0.000995813243826073,0.0142098156137189,0.0204111878136883,3.00182210211927,1.84741155743241,1.69013172110853,-2.94430182708285,-2.41459348502466,-2.5547965492555,0.588795493161043,0.580117026425916,0.594748420524518
-0.1,"eld vs kin","1104",8.91590523651264e-05,0.00376484298612406,0.00214318071028097,4.04983455610458,2.42425313146377,2.66894120825401,-3.18807499113658,-2.56085716534179,-2.71860616012245,0.486227722342578,0.46068758750536,0.468757121909124
-0.1,"eld vs kin","1105",1.16486584845569e-10,1.72589974221926e-09,1.07371792645051e-07,9.93372408719601,8.76298443612115,6.96910979598827,-4.8185567107034,-4.328517555856,-4.54874357345142,0.512165380312924,0.492515459397717,0.507384164700854
-0.1,"eld vs kin","1108",0.00440059889500313,0.000218915065863452,0.0107975331471899,2.35648821462847,3.65972434900215,1.96667545404411,2.24828255531267,2.6849852479153,2.56978795731727,0.436528718106332,0.433922053342454,0.437601611945354
-0.1,"eld vs kin","1112",4.83406430655341e-07,6.04251159540816e-05,1.6943371475331e-05,6.31568757656065,4.21878250752073,4.77100016735571,-3.9065507751489,-3.30208720859921,-3.51471517897163,0.532078788897864,0.544222939305145,0.522902126468398
0,"cent vs mage","4",0.000256926234517695,1.37407052948929e-10,4.26214871183513e-06,3.59019154803198,9.8619909748588,5.37037140126596,1.93885645334262,2.22255367033292,1.99356707247289,0.182870562822716,0.199471402034016,0.18304383057225
0,"cent vs mage","7",2.34254880886187e-08,5.87749824741508e-13,1.51194374816928e-09,7.63031135147603,12.2308074917033,8.82046436644998,3.90067648656001,4.20358319011085,3.94872244767338,0.414767572687323,0.420191045560295,0.415090798714599
0,"cent vs mage","8",0.0156382134023037,2.77383600928654e-06,0.0019835211174947,1.80581286469314,5.55691921823288,2.70256317146278,2.01239139902046,2.29695768182363,2.06962804111182,0.31400033383299,0.30969792165599,0.313599054674293
0,"cent vs mage","11",0.0193497251092149,7.82919948005171e-06,0.00242929119456159,1.71332520038146,5.10628264141197,2.61452042401272,1.95199561529515,2.24796990897673,2.00342138344113,0.296646069081104,0.311883267407155,0.296815322059176
0,"cent vs mage","14",1.64259085474847e-05,2.3320266325381e-11,8.14636474819818e-07,4.78447059947007,10.6322664940939,6.08903614856092,2.4378023898029,2.72776375861048,2.49726833114927,0.259184306681471,0.263186599983,0.259405166328505
0,"cent vs mage","19",0.00396980931982776,1.11407788616089e-06,0.000718758841094502,2.4012303530191,5.95308444619328,3.14341680022935,2.23661293215654,2.52058379675151,2.30418758460181,0.343782248931588,0.334812551948012,0.346945153208731
0,"cent vs mage","20",3.78867686453218e-05,3.04089751151346e-11,1.28121629844733e-06,4.42151243403222,10.5169982167958,5.89237754528084,2.41826433270544,2.71168445675533,2.47933189648075,0.268335934767789,0.265260118486532,0.268851060267595
0,"cent vs mage","21",1.34810537674698e-06,1.61258624579427e-12,4.47841994573104e-08,5.87027615917232,11.7924770487418,7.34887518463764,2.59603000295258,2.87914750498367,2.65437237086034,0.261260063658267,0.265175032399027,0.261419818300536
0,"cent vs mage","22",0.0326474143181337,0.0259718111884283,0.031910720583388,1.48615120923835,1.58549776305024,1.49606338879127,-1.87558237968408,-1.58768908750279,-1.82020982220691,0.322649329847517,0.32716776848039,0.32305431577864
0,"cent vs mage","23",0.0184192369064585,2.13051190826773e-06,0.00207221975625438,1.73472836622273,5.67151603401433,2.68356419011026,1.87632051988097,2.15093170642526,1.92826850925151,0.26621341635853,0.262783285023247,0.266383369555133
0,"cent vs mage","24",6.03267118745735e-08,8.58558598958441e-12,7.80864401174215e-09,7.2194903453888,11.0662300577124,8.10742437577016,4.21344895797252,4.47309220374644,4.27454362594034,0.488448660073256,0.479600176263974,0.494150915674536
0,"cent vs mage","26",4.30062910465152e-05,3.95904594421697e-08,5.53062085989541e-06,4.36646801030544,7.40240945828717,5.25722611265704,2.80673879901726,3.09503849473327,2.86776081980756,0.371416453885238,0.372427110858334,0.370736258430604
0,"cent vs mage","32",0.00568791813891812,2.62981328174304e-08,0.000464579099710011,2.24504666264256,7.58007508557387,3.3329403319546,1.87637768028145,2.16321533515056,1.92429230830735,0.228452462921695,0.224839505539478,0.227595851664763
0,"cent vs mage","39",3.35733666567043e-06,8.61096608190008e-10,8.20306410327508e-07,5.47400510655903,9.06494812142654,6.08602389461874,3.34257662763948,3.61302833058135,3.3933554678023,0.418057800509557,0.423982117824734,0.416893986568765
0,"cent vs mage","42",3.09797092490164e-05,2.28787930483669e-10,9.45517962450396e-07,4.50892266250129,9.64056689011765,6.0243302162436,3.16729838526439,3.45468499584627,3.21524288076827,0.408620023389436,0.412032776305721,0.408365854678955
0,"cent vs mage","51",0.0327638274586437,0.0165773638652178,0.0325928171958188,1.48460536982146,1.78048452986611,1.48687809919365,-2.04936732254862,-1.76784003752242,-1.98544190531578,0.38681235848724,0.368635784188056,0.388483841509548
0,"cent vs mage","55",0.0094112027189461,1.08982606263212e-05,0.000872648524916384,2.02635487170304,4.96264281037762,3.0591606410885,2.22433530810176,2.51031484648046,2.28186979622519,0.35701316399782,0.366943364151224,0.355937128754538
0,"cent vs mage","56",0.000190236940189986,7.77888465367802e-09,5.21593840166339e-05,3.72070514795084,8.10908266823878,4.28266754610582,2.77232771028572,3.02636427128574,2.7865573617339,0.371010326855686,0.367470659602061,0.372839386984184
0,"cent vs mage","57",0.0339893123719727,0.0210073689876693,0.0336473120412178,1.46865762141513,1.67762833625122,1.47304962422734,-2.23143241271497,-1.97193153956385,-2.17483781800929,0.451585407649962,0.430948388529412,0.445481237861174
0,"cent vs mage","69",0.00337474256384639,1.1355656985798e-05,0.000428252901903773,2.47175935094116,4.94478773444708,3.36829968551009,2.44502765628123,2.69443208931184,2.4657500872041,0.384429674818514,0.389601347213483,0.384375607394751
0,"cent vs mage","90",0.00275781036036838,1.06674589450929e-07,0.000345563763851807,2.55943560120484,6.97193901989625,3.46147180434211,2.09257573526169,2.38905805618941,2.12693158789314,0.281499238381507,0.291854855784546,0.279951866975043
0,"cent vs mage","100",0.0084221421475677,0.00681434607881129,0.0316257218341188,2.07457743290111,2.16657581378232,1.49995955324705,-2.9806167408913,-2.66421974416443,-2.81895900097587,0.572557516060523,0.554429592900335,0.560923756870978
0,"cent vs mage","106",0.00372882611949136,7.65205303501407e-08,4.25848538329155e-05,2.42842786794094,7.11622202861676,4.37074483907637,2.46492022556255,2.74403974090046,2.53752786410095,0.339079127530349,0.322494119648636,0.338893400537419
0,"cent vs mage","114",1.54974192983804e-06,2.6650399793914e-07,2.64884631283442e-05,5.80974061652563,6.57429627155342,4.5769432389184,-3.8778040824628,-3.60665542117711,-3.92030006232373,0.484553696572473,0.450994267885375,0.492472134129883
0,"cent vs mage","132",2.91626087151747e-07,1.29148071866444e-10,6.79909629358731e-07,6.53517362919048,9.8889120733003,6.1675488079982,-4.52977312933011,-4.2441011145619,-4.45090499261622,0.478627401416686,0.473314393125361,0.484347769470731
0,"cent vs mage","142",0.000132819738713293,2.28762875156097e-06,4.54341632040911e-05,3.87673737845259,5.64061445375598,4.34261746627312,3.35817730728762,3.70222111711265,3.42305651358107,0.532449093488132,0.529765416930784,0.530833503467534
0,"cent vs mage","143",1.2497685174684e-05,1.81826200278894e-06,4.01429197788988e-08,4.90317041970859,5.74034353686375,7.39639104246767,-3.99947740931014,-3.7427347838035,-3.97688489147578,0.44402290353925,0.445698984347489,0.443975726731926
0,"cent vs mage","146",0.0327738720865234,0.0246155457413844,0.0323206951832643,1.48447224563415,1.60879053121585,1.49051930659149,-2.23554892775648,-1.96547830749394,-2.15476945310656,0.425236794046067,0.406842045208033,0.424122051949245
0,"cent vs mage","148",0.000877376867111757,0.00445696535067069,0.0312924149886421,3.05681382037347,2.35096074219182,1.50456091893214,-2.94054627165792,-2.62937443918123,-2.89400126487501,0.505890010222123,0.480706955967995,0.504403934233056
0,"cent vs mage","168",0.000807672001655729,3.11092490544117e-08,9.082919128478e-05,3.09276497188799,7.50711047219125,4.04177455261907,3.2884046881753,3.57018546125793,3.32577985667995,0.451574603442126,0.441979774273134,0.455850017194418
0,"cent vs mage","169",0.00173731999128568,0.0017263951178083,0.031274010695213,2.76012018290547,2.76285980083072,1.50481641964911,-2.63790937874473,-2.37909445817382,-2.54177967824825,0.4348222762962,0.411440497303822,0.42987013657195
0,"cent vs mage","173",0.0467125834247382,0.0372352822329508,0.0374585693661888,1.33056611352826,1.4290453499783,1.42644881340591,-2.20411797900741,-2.15633181179476,-2.19183626488575,0.502674487375012,0.498567102882903,0.494322700212323
0,"cent vs mage","210",8.53906341191646e-09,3.43500077918761e-11,2.38654536709645e-07,8.06858976131834,10.4640731600901,6.62223030548698,-4.51922922539703,-4.29149281588828,-4.4856810652284,0.464012238771443,0.455332825134475,0.459225359730574
0,"cent vs mage","212",0.0364939641063566,0.000721437225778247,0.00195181978661946,1.43777895943584,3.14180145207454,2.70956028364156,2.13350264591353,2.36938500304248,2.13585411592312,0.370382596774909,0.385088546654686,0.370166061787957
0,"cent vs mage","219",1.25438473251072e-06,9.79322560610325e-09,6.80039621837302e-07,5.90156924055465,8.00907424055599,6.16746578281729,-4.08359555211534,-3.81523439784678,-4.09648790923407,0.464389555643593,0.468356320554175,0.464570382752597
0,"cent vs mage","287",0.0413662878993342,0.0388964592150156,0.0329786972731425,1.38335344978779,1.41008993115165,1.48176650388434,-2.09197660010305,-1.90416134690249,-2.10490213828603,0.430227559682733,0.426445152522026,0.433630370616767
0,"cent vs mage","289",0.031682496172583,0.0033221130619854,0.0314020609058252,1.4991806089237,2.47858559122213,1.5030418484027,-2.67863778057063,-2.5398017585452,-2.70670781534982,0.488451861278942,0.48538930722162,0.489955787029813
0,"cent vs mage","294",0.000187344204642708,2.96736165241251e-07,0.000310939594474643,3.72735973694767,6.52762952005474,3.5073239721769,2.62846984870087,2.95689316159451,2.62530620947742,0.383383534271377,0.390129709275008,0.391287638063957
0,"cent vs mage","353",1.25935931148979e-06,3.21337731029268e-05,0.03126428418569,5.89985034238295,4.49303827720062,1.50495151029896,-3.44229096183077,-3.17879767206637,-3.37876853736399,0.459062039352297,0.445647289175101,0.456631746478521
0,"cent vs mage","363",0.0343353200254484,0.0460032860968012,0.0332457293416479,1.46425890037001,1.3372111447807,1.47826413509705,-2.31945847117837,-1.98051460573128,-2.25698882536777,0.456251774884917,0.437255356939822,0.450861027709541
0,"cent vs mage","453",0.0366669422951963,0.0445458743753561,0.0353699264491888,1.43572530492054,1.35119251203083,1.45136584328801,-2.17993131740448,-1.9833096201368,-2.16313968304901,0.447531825116553,0.457500206782302,0.447414725502229
0,"cent vs mage","464",0.0331495363257767,0.0219637075971075,0.0363672739720793,1.47952254184639,1.65829434668767,1.43928925168804,-2.36452734395234,-2.10864874509907,-2.3591916015639,0.475455446482518,0.474656110128897,0.486894719451715
0,"cent vs mage","528",0.0399262895648617,0.0194930148433609,0.0326592319956414,1.39874104784173,1.71012098650691,1.48599403221346,-2.20403272563314,-1.95801721441049,-2.23348826994008,0.448051299067472,0.416065008622684,0.433613278369079
0,"cent vs mage","546",0.0127758593913999,0.0188589734340803,0.0341921497331279,1.89360987660307,1.7244819512619,1.46607359332785,-2.33859247634184,-2.03504100528769,-2.16410329799895,0.437686226385745,0.419827043140275,0.436837618554359
0,"cent vs mage","652",0.00532806766755919,8.65297706077508e-06,0.000595459217558888,2.27343026817316,5.06283444760728,3.22514797758279,2.10683335104277,2.34470663242434,2.14418438380394,0.318654922962332,0.296929839550004,0.306432990231406
0,"cent vs mage","671",0.00392745996387674,1.92819392608354e-06,0.000312524856294322,2.40588823341874,5.71484928952416,3.50511543584896,2.31276416053984,2.55911462354144,2.35820072190559,0.362765950232164,0.353748135740566,0.366068294759195
0,"cent vs mage","675",0.000415039641247711,0.00025561450648984,0.0312534102431176,3.38191042099165,3.59241450297954,1.50510258731312,-3.1636104885485,-2.89474546492579,-3.14638121572899,0.487524576125109,0.457614790711905,0.471611943439223
0,"cent vs mage","728",0.000556165197066936,8.97437257299131e-08,0.00029052760687534,3.25479619129834,7.04699590460064,3.5368125932428,2.26530141085931,2.53753729916862,2.3016062019004,0.303665118572489,0.3069545345242,0.304935912002876
0,"cent vs mage","762",0.0166977246200597,1.293226455382e-05,0.00164787841155264,1.77734270563557,4.8883254196583,2.78307483580627,2.27773614100314,2.5701816823081,2.34698274878753,0.39066184758479,0.380334300428399,0.387118592536194
0,"cent vs mage","769",0.0326541748912877,0.019190598477673,0.0362059453390923,1.48606128555773,1.71691148115312,1.44122010858415,-2.34403080393931,-2.04769254116,-2.1971965560461,0.457689424936026,0.449700934047997,0.45925325078852
0,"cent vs mage","770",0.022535303878572,0.000690353349066179,0.031273285309241,1.64713658128516,3.16092856394358,1.50482649302222,-2.32377582161323,-2.06930777723682,-2.24598370989835,0.350211019126217,0.329019600622609,0.351357516141352
0,"cent vs mage","788",0.0283995277986923,0.00061901466933177,0.0301566912566087,1.54668888094336,3.20829905900193,1.52061631027657,2.33375498881514,2.61495680350895,2.39177409953334,0.535038359296489,0.515414149966996,0.538904956828869
0,"cent vs mage","819",0.0346705861999877,0.017443856292173,0.0331842315936623,1.46003881535924,1.75835749983474,1.47906823432738,-2.22656963942722,-1.96169737284403,-2.13310682638687,0.445560184236828,0.431510759333112,0.441016730398427
0,"cent vs mage","829",0.0111479072813387,1.05377653255734e-05,0.00145232867907858,1.95280665202999,4.97725147732741,2.83793508655834,2.32734412932191,2.59193281540397,2.40866504332159,0.395510556421128,0.379614183512205,0.3972887277821
0,"cent vs mage","834",0.0431391533995911,0.00207992502575256,0.036309131788416,1.36512838212392,2.68195231959916,1.43998413566458,1.98601388053793,2.25501847743356,2.00003767960718,0.390035108476181,0.397427247744821,0.394213776716705
0,"cent vs mage","837",0.0414224467170876,0.0319470957972392,0.0379993347618591,1.38276425203004,1.49556861595819,1.42022400632484,-2.08919833798486,-1.89077802309299,-2.04809349957121,0.453406022105622,0.446776210727684,0.451218916702172
0,"cent vs mage","848",0.0361548003330295,9.96039373758005e-06,0.0298223882268048,1.44183403253981,5.00172349343589,1.52545758046077,2.10969442208353,2.39414523274434,2.15354848200347,0.345302899393221,0.321457328264554,0.34129164406162
0,"cent vs mage","849",0.0346387180006649,0.0143076954650503,0.0326345804801408,1.46043818985157,1.84443031225075,1.48632196581865,-2.10574538628099,-1.79771650520041,-2.04111545065975,0.421380632806409,0.376487184371979,0.413939713190854
0,"cent vs mage","854",0.000394638417263754,1.90095663199579e-07,1.30863676328146e-05,3.40380063932322,6.72102779091981,4.88318088331474,3.12620676820696,3.40671266682747,3.23191644909072,0.469784075662137,0.452597628725826,0.470964626891587
0,"cent vs mage","857",0.00896627379552119,4.75095105370916e-05,0.0021362315127004,2.04738800358438,4.32321944384169,2.67035168271097,2.20861181778899,2.51518984081593,2.26944099951461,0.341172579969388,0.329226549604575,0.348869979195525
0,"cent vs mage","884",0.0344867672668027,0.04592107680016,0.0332216106964094,1.46234751377959,1.33798793674935,1.4785793153041,-1.98672879268355,-1.74864380841808,-1.94540472358325,0.396441318300591,0.40261550369639,0.397919738988895
0,"cent vs mage","886",0.00169535747092278,2.9695580836178e-05,0.00147081103928843,2.77073871558429,4.52730817564104,2.83244311915941,2.92107996472126,3.2377950797038,3.08266924112458,0.537239824228307,0.527983736132097,0.517966861649761
0,"cent vs mage","917",0.00873074452564928,0.00888028901549171,0.0321310219008968,2.05894871968573,2.05157289956029,1.4930754618477,-2.6892676263541,-2.34295830188726,-2.52049723675523,0.50385880434552,0.476272938156552,0.489644318895572
0,"cent vs mage","921",1.31797224569452e-07,1.18323049474664e-08,1.90268068051665e-05,6.88009373516586,7.92693064603489,4.72063409154792,-4.13514962050154,-3.69625685115904,-4.03526649741672,0.479344274731735,0.462753785926707,0.476927951160691
0,"cent vs mage","947",0.0357262341596007,6.27872665283378e-05,0.00495256180814487,1.44701275961337,4.20212842373414,2.30517009574525,2.28168728551816,2.64889221506609,2.37644688399489,0.424770334909415,0.409650366793406,0.412465274501999
0,"cent vs mage","966",0.0215014300012804,0.0354534720623142,0.0336021545889694,1.66753265538612,1.45034122666808,1.47363287451195,-2.55431687116018,-2.26679754029378,-2.51459964356219,0.527035462154006,0.519829285934551,0.520143659726084
0,"cent vs mage","978",0.0015433771605665,3.20008651553761e-07,0.000335516373850437,2.81152793087972,6.49483828020738,3.47428628056392,3.04612287372238,3.31921530137305,3.10092129600128,0.450900743084736,0.454110676303837,0.448941373496636
0,"cent vs mage","984",0.00392694007040507,1.65773168847881e-05,0.00236977847854881,2.40594572650931,4.78048576066314,2.6252922489436,2.47754872980425,2.74248733677111,2.51636594296364,0.424858930922511,0.420242493323388,0.408212644202191
0,"cent vs mage","1004",0.0359093822449542,0.00635390669788468,0.0332916146421493,1.44479206604951,2.19695916673445,1.4776651410653,-2.45214480137826,-2.3187525654129,-2.46367799417623,0.451434587219978,0.452397043672023,0.450227816383535
0,"cent vs mage","1019",6.88431791132261e-05,0.000193027781337522,0.0312510365212575,4.16213908257092,3.71438018107874,1.505135573584,-2.85510669608771,-2.57394508861517,-2.83653094617708,0.394297293232456,0.38721420349399,0.398615357307307
0,"cent vs mage","1030",0.0133109522762369,0.00247043714981169,0.0069951681678949,1.87579087363719,2.60722619048421,2.15520184035573,2.25691709341416,2.58632461346108,2.20407305593988,0.41722104006616,0.404485227176335,0.418360621287448
0,"cent vs mage","1043",0.000111768617082531,5.83892365347597e-08,3.84263407604952e-06,3.95168012257814,7.23366720330512,5.41537097028948,2.58233162616679,2.82594163396623,2.60246236088971,0.3317229467521,0.321439322861851,0.320930181724862
0,"cent vs mage","1058",0.00152528024044311,0.00163111532147439,0.0312921331740086,2.81665035586032,2.78751533282272,1.50456483013846,-2.94077173824977,-2.68168194331292,-2.79050660518013,0.46182806240958,0.468519390293536,0.44955033731854
0,"cent vs mage","1074",3.89381013824504e-05,1.07401249273447e-08,1.016255419967e-07,4.409625228451,7.96899066696599,6.99299712518092,3.04254751954138,3.37340347851259,3.05693490799621,0.375686939085806,0.376929923787787,0.375184470297236
0,"cent vs mage","1076",0.0230932488296871,0.000341205819681806,0.0314803032061036,1.63651496489344,3.46698357001876,1.50196109333637,2.32586956631151,2.60195706421486,2.37463820799896,0.417915669539057,0.429311302698465,0.43159380082339
0,"cent vs mage","1079",0.0325090498645706,0.00626771877776523,0.0320014608165984,1.48799572335543,2.20289049784555,1.49483019636424,-2.30824342516026,-2.00916291622344,-2.21542469063084,0.423072686957507,0.401917319587507,0.414755539591946
0,"cent vs mage","1087",8.5807017331189e-06,3.15923297337996e-09,9.43869650826874e-07,5.0664771939276,8.50041834645237,6.02508797798516,3.5830701569887,3.92422216998263,3.62711376803086,0.496141260376428,0.489649871965259,0.500573143279303
0,"cent vs mage","1098",1.82921431631551e-09,1.42895505140845e-14,6.7476443157395e-09,8.7377354082795,13.8449814319734,8.17084781816691,4.24699788035,4.58085291823472,4.31964498197116,0.438015404494544,0.443378919145067,0.44088387846136
0,"cent vs mage","1104",0.0263658037966981,0.00297666339126235,0.0316895727682313,1.57895898408411,2.52627027371156,1.4990836158318,-2.61790626310778,-2.33642061885366,-2.52614945785108,0.454790497678497,0.429808835613338,0.434448761493934
0,"eld vs kin","3",4.10789458005212e-12,0,2.00585392046149e-10,11.3863807101305,31.1666831592677,9.69770069835825,-4.80990675305658,-4.63224910906875,-4.78872646263532,0.445339512493791,0.43061676140142,0.446427074533927
0,"eld vs kin","4",1.28095600637868e-08,4.46577354006477e-08,2.5894636825531e-09,7.89246578556762,7.35010330383374,8.58679017562017,2.40597339858449,2.58798268404881,2.42899040160247,0.220484408474473,0.228264268850548,0.219929372309718
0,"eld vs kin","5",3.465263723879e-05,3.03613179106332e-06,0.000837537029931467,4.46026370781495,5.51767938070498,3.07699598245305,-2.86808222224884,-2.68890437264564,-2.83416984077948,0.384067089007869,0.385826752693653,0.38301655646061
0,"eld vs kin","7",7.74862916615647e-28,6.81266197062313e-31,1.25967340991975e-24,27.1107751230721,30.1666831592677,23.8997420379418,7.43703292766027,7.61919693866903,7.49843592838497,0.453991959239265,0.459180109029012,0.463650747218442
0,"eld vs kin","8",0.039053845454521,0.0174489332402102,0.0198682946393365,1.40833619667901,1.75823111896565,1.70183940820524,1.90875403543266,2.09993636361682,1.94556354679964,0.393348669831287,0.381570594788502,0.394987885085219
0,"eld vs kin","10",0.00122111649843106,0.000321502240095191,0.0062257539417602,2.91324290099186,3.49281599674414,2.20580804777934,-2.79523533759501,-2.62194791354164,-2.78775700727012,0.475319419786324,0.480357110371289,0.47530675048116
0,"eld vs kin","11",7.1068224851535e-08,4.20625108101061e-08,1.95333579132128e-08,7.14832453226844,7.37610480681783,7.70922309220502,3.10896001886861,3.27866577765329,3.11213406489544,0.35028249844311,0.346059154649802,0.346979185816905
0,"eld vs kin","12",0.00960212791055897,0.00283416834426126,0.0461121307334691,2.0176325130638,2.54757435704821,1.33618480958696,-2.05887098612548,-1.87858954077555,-2.0434237490292,0.370099744638547,0.379028613245899,0.370390862328731
0,"eld vs kin","14",2.34657587921775e-08,4.46937711408185e-08,4.07683152379768e-09,7.62956539781511,7.34975299918726,8.38967723551788,2.72934638815188,2.91797996425572,2.76538241719098,0.276001323871512,0.279830168193242,0.275956219529866
0,"eld vs kin","15",7.0454272530027e-05,9.91780081164008e-05,5.09878435306768e-05,4.15209266501096,4.00358461829478,4.29253335560523,2.8227612412965,3.02524467444818,2.87051659701505,0.427750462485383,0.445740786370355,0.429803832218215
0,"eld vs kin","16",3.45713931419917e-10,2.09754787606043e-10,6.3554207624375e-11,9.46128311910704,9.67828811771186,10.1968556915686,2.89833043304807,3.07435287179323,2.93301786631582,0.267179359483031,0.261756154060022,0.267261496586223
0,"eld vs kin","21",4.89530540878119e-18,7.98231820902201e-18,2.57381599208995e-19,17.31022020821,17.0978709633889,18.5894225050138,3.96782245234964,4.16103974819119,4.00523933979764,0.292496290656614,0.297211361268941,0.293878370591043
0,"eld vs kin","23",0.000157221180077719,5.43182354806708e-05,4.84036219112526e-05,3.80348894830125,4.26505434648629,4.31512214006595,2.28802082586795,2.47615045137258,2.3053595032668,0.310907758601954,0.298803462711654,0.307854806722518
0,"eld vs kin","25",3.9526538515185e-05,2.0705517031049e-05,1.79723255778752e-05,4.40311121676195,4.68391392039329,4.74539572254096,2.92049045927834,3.11757369855704,2.93939422855317,0.418469720901489,0.417411303001412,0.419132160773629
0,"eld vs kin","26",0.000827482520738186,0.00108717590927877,0.000306691887903512,3.08224117124062,2.96370017969647,3.51329771109066,2.34232286563929,2.5108582666426,2.34993484189467,0.366034325744383,0.365933847786694,0.364235760640242
0,"eld vs kin","29",3.45163731806208e-05,2.95994897206221e-05,1.19161226861536e-05,4.46197484419648,4.52871577588121,4.92386503401983,2.32831919544183,2.50644220874772,2.36239259875329,0.29253815182637,0.290165459254062,0.292839010623063
0,"eld vs kin","31",1.85462973513505e-05,9.73182557376503e-06,1.45218216444956e-05,4.7317427814874,5.01180568365308,4.83797890150577,3.55517420671449,3.67118866447945,3.51047541730306,0.542505818520353,0.524013175421076,0.533680674467777
0,"eld vs kin","32",0.0409145611345267,0.0235859631698833,0.0140788055636003,1.38812210287419,1.62734638395827,1.85143418888293,1.64350239850526,1.82876721797736,1.66788316797759,0.291616223679892,0.277669297335991,0.290922753908189
0,"eld vs kin","33",2.87019683235425e-05,9.09132940007427e-07,0.000814919038583262,4.54208831919837,6.04137260644776,3.08888553585277,-3.285753492377,-3.1194502787261,-3.28046627946524,0.461247035546275,0.455397828748396,0.460664345262953
0,"eld vs kin","36",0.000641316257035541,0.000339038481602734,0.000193997149701633,3.19292775080264,3.46975100563396,3.71220465088393,2.00736739919688,2.19458350093957,2.02698103612244,0.262497792290667,0.257498060844667,0.261752775984401
0,"eld vs kin","47",0.00948458678538424,0.00229217622502856,0.000912095453218085,2.02298158525361,2.63975199638379,3.03995970921913,2.70506994100058,2.85291333690446,2.75850766551646,0.521177940300456,0.527449309630859,0.532178743245737
0,"eld vs kin","49",0.0379293425606817,0.0175931314361899,0.0128336330085256,1.421024684973,1.7546568527302,1.89165038398289,1.8644929030437,2.03319949163935,1.90380490463382,0.363603411333588,0.350176333390409,0.366197941154666
0,"eld vs kin","55",0.00190318819646002,0.0017309219120312,0.00105443908021591,2.72051826444924,2.76172252423259,2.97697850638474,2.39845484875862,2.56564533142507,2.43115536382784,0.413225275051996,0.419309052626462,0.420982680313733
0,"eld vs kin","61",0.00369256838361444,0.00458645861875006,0.00259671798997824,2.43267145313141,2.33852252055376,2.58557521326889,2.08499988057207,2.30358645048084,2.11910696746147,0.356363495655572,0.366941513561476,0.358722148983714
0,"eld vs kin","65",2.8846543912464e-05,8.63198019893937e-06,0.00094862966214878,4.53990621195909,5.06388956456023,3.02290329977045,-2.78181158390512,-2.57396542118368,-2.70096693610585,0.363986449291435,0.383734674657761,0.366763546588761
0,"eld vs kin","67",5.16729217285109e-11,4.05234757786902e-12,4.87084557294441e-10,10.2867369815607,11.3922933114172,9.31239563923982,-5.44847726522019,-5.36285463551272,-5.49601062718895,0.561824770707846,0.565211981578446,0.563414794478068
0,"eld vs kin","70",0.0114832160862098,0.00315554155350566,0.00299909403527471,1.93993646273193,2.50092609647815,2.52300991691448,2.47239019035997,2.63010910814162,2.54878094678689,0.514561721690084,0.51004792686211,0.516708219675367
0,"eld vs kin","71",0.00725826642497162,0.00283575278673541,0.00650607205936596,2.13916709444748,2.54733163245807,2.18668113090789,2.59355513825882,2.79189773183321,2.69220740035175,0.544457801675659,0.546037041577852,0.536779259275231
0,"eld vs kin","74",4.15874442956287e-07,4.45017761096241e-07,2.40964294509624e-07,6.3810377678392,6.35162265555354,6.61804730533492,3.65976130773537,3.86247806776058,3.70354752912231,0.493405630423204,0.501432325925603,0.492603466918418
0,"eld vs kin","77",0.00192941820968332,0.000936062667966876,0.000832878139598978,2.7145736269584,3.02869507493589,3.07941853661387,2.21608536209506,2.43300687777765,2.25636403723417,0.362535954207132,0.358183062962883,0.363704963624168
0,"eld vs kin","79",1.04599353493222e-06,3.95648476583076e-08,5.6813812757524e-05,5.98047099974402,7.40269050215393,4.24554606437544,-3.80278035244042,-3.5986176775891,-3.73658880123641,0.481026903703725,0.469849135090119,0.484518567476609
0,"eld vs kin","80",0.000243803034431404,0.000345757778252115,5.98249063862364e-05,3.61296089335007,3.46122804111316,4.22311797229618,2.3460552147092,2.5324318506572,2.41671964293526,0.344932412858578,0.361075335054718,0.350206938718727
0,"eld vs kin","82",7.59744354206994e-05,0.000131532412920427,0.000811682340492764,4.11933251855418,3.88096721281751,3.09061390273312,-3.91022738625218,-3.6972165668363,-3.927782302991,0.604786376626169,0.585634478334184,0.603970315701012
0,"eld vs kin","83",5.92841187187287e-05,1.3889018556124e-05,0.00032834076080905,4.22706163170418,4.85732844185914,3.48367519983048,-3.44140457939632,-3.27170696273349,-3.44021223416729,0.52123524695358,0.491790225075659,0.52625654859806
0,"eld vs kin","84",1.08662116847507e-05,4.69920272795569e-08,6.77519482142558e-06,4.96392183872585,7.32797581870692,5.1690782120914,-3.75572556861521,-3.67636677988333,-3.77821436679515,0.478546664623242,0.457182792561121,0.480658298483185
0,"eld vs kin","85",0.019844090676857,0.00550808111035291,0.0459533453366995,1.70236879713834,2.25899967307754,1.33768286712043,-2.33823838440866,-2.14784673115724,-2.34158161117305,0.482279644517377,0.468371574541001,0.481892466502945
0,"eld vs kin","87",0.00144485782018351,0.000433960805721251,0.0157000236891837,2.84017488712734,3.36254949313183,1.80409969229943,-2.959705333348,-2.71994788890239,-2.89405723991302,0.528438269398954,0.506299016902675,0.534178782096669
0,"eld vs kin","89",1.74715264673748e-13,5.88196681584355e-15,3.13294637198242e-14,12.757669149545,14.2304774299712,13.5040470390639,4.8701439952172,4.98997807532723,4.77851731549938,0.451537251939949,0.439365132358126,0.440455508684723
0,"eld vs kin","91",1.55488909292853e-06,3.41907237660154e-07,2.77575188240842e-05,5.8083005828731,6.46609170574743,4.55661935699123,-4.32936397844088,-4.12491791112602,-4.36395338111034,0.584831350091373,0.561195508939613,0.583545682866758
0,"eld vs kin","100",0.000104249964564346,5.82595511174017e-05,0.000397708242218921,3.98192408397542,4.23463286588045,3.40043540847818,-3.70913263384063,-3.5191409714408,-3.59530350477268,0.575292151217271,0.540377155458952,0.554492600307962
0,"eld vs kin","102",0.0141223513094232,0.00263889295319303,0.0113794391624237,1.8500929891416,2.57857822659711,1.94387914169022,-2.90550929202445,-2.72074796014366,-2.83036505937655,0.549517696179262,0.526341229492126,0.54310051541506
0,"eld vs kin","103",0.0478823095314341,0.00459193064960184,0.0305009272641536,1.31982491021701,2.33800467956537,1.51568695738817,2.19596295149415,2.41267886673756,2.21412943533337,0.455893622444299,0.436844512791906,0.464943660670228
0,"eld vs kin","108",0.00801537942284601,0.00742031917014203,0.0413732670366606,2.09607591468873,2.12957741401338,1.38328018372202,-2.79104574562677,-2.65700507670204,-2.8763355797434,0.655239622747268,0.632784297874844,0.657441979815446
0,"eld vs kin","111",4.86014048036198e-05,5.41159289996619e-06,0.00210149083852102,4.31335117745287,5.26667488168791,2.67747249896734,-3.25722440771984,-3.10031117059779,-3.20644048804585,0.453622400420499,0.442833722695353,0.462180068447741
0,"eld vs kin","115",0.00606469408783385,0.00391006366948961,0.0433969469390222,2.21719110070283,2.40781617071593,1.36254082288784,-2.71990944625865,-2.49880757281236,-2.73321165607619,0.564743302294873,0.555825840478901,0.555589284863118
0,"eld vs kin","118",0.0135547013755103,0.000478542246604948,0.0392567604541787,1.86791004594751,3.32007971586517,1.40608554210033,-2.20880159515172,-2.06667309386132,-2.25524558904716,0.396830309987176,0.388084142580945,0.39824062691056
0,"eld vs kin","119",0.000139107264095821,0.000249046846856173,8.62934528861165e-05,3.85665019082492,3.60371895243243,4.06402215310626,2.33365313946124,2.50215851973694,2.40399859309404,0.320930317814772,0.309419242387752,0.322190473275749
0,"eld vs kin","121",7.4379216609838e-10,7.01997832221691e-11,7.28047679877573e-10,9.12854840010741,10.1536642289751,9.13784017778908,4.5784647887178,4.73917105509337,4.5667121707798,0.498545247265345,0.482565148846591,0.500355178818814
0,"eld vs kin","124",0.000979031564467164,0.00125648647190594,0.000950000638218661,3.0092033060999,2.90084218292356,3.02227610294826,2.51685675770866,2.69587078653133,2.50516920884942,0.42835039367282,0.439615821470321,0.433207140207486
0,"eld vs kin","125",0.00671767488319344,0.00759287187694803,0.0033878759580042,2.17278101863246,2.11959392839865,2.47007249909118,2.84429249048406,3.09392380817026,2.88449452592227,0.535390630870368,0.545871682864732,0.552250886640869
0,"eld vs kin","128",0.0423424530624116,0.0033113182182858,0.0354373583349006,1.37322398522524,2.47999908146333,1.45053865990394,-2.62843778249483,-2.55018342148256,-2.65603777231195,0.57890186621382,0.550176197490022,0.58528912189055
0,"eld vs kin","130",0.000625867721873124,0.000119521587568058,0.00756865632109599,3.20351744591254,3.92255364689189,2.12098121483678,-3.30954746978854,-3.31398546524551,-3.2834042760926,0.586118831323497,0.571831258451012,0.588956102022137
0,"eld vs kin","133",0.00138925905930829,0.00200349651613719,0.0285197923141691,2.85721676251468,2.69821140842155,1.5448536414127,-2.60569970531722,-2.36120234485152,-2.53148917112444,0.484114254111284,0.460681172884436,0.493871671368203
0,"eld vs kin","138",8.00753130926197e-08,2.12172365129897e-10,2.52547462326883e-09,7.09650135457945,9.67331118241937,8.59765699105172,3.90617661024745,4.03738354380499,3.88148633543023,0.454364479395525,0.432459714830426,0.447826341269422
0,"eld vs kin","139",1.06861486171538e-06,4.65712652699453e-07,6.2374106767791e-05,5.97117879017922,6.33188196279111,4.2049956606647,-3.98764962644887,-3.82991634294461,-3.96955033582319,0.539961441959148,0.532458412891421,0.527186117609189
0,"eld vs kin","147",0.0136397989364816,0.00784755329917473,0.0226740481849536,1.86519203154319,2.10526572596766,1.64447093477276,-2.87452056140507,-2.63857390766506,-2.76985783025437,0.571907774350418,0.567496037673767,0.561639884734249
0,"eld vs kin","151",1.46336083333777e-14,1.63005758366556e-13,2.03639698098068e-14,13.8346485729824,12.7877970533712,13.6911375554888,5.30936961839946,5.46826519850856,5.29700279794289,0.483240867239836,0.475004821403571,0.473976677083607
0,"eld vs kin","162",0.0290961755764219,0.00744659189992892,0.026820505743419,1.5361640912618,2.12804244640712,1.57153303709198,-2.74199092700707,-2.66614157688786,-2.78657766961499,0.604752083610365,0.602012114080618,0.603996727457078
0,"eld vs kin","163",0.0352680768078801,0.00572145807870066,0.019995419039828,1.45261822205913,2.24249327980157,1.69906949001618,-2.89796833126979,-2.68973069357347,-2.9064634996438,0.577514275104552,0.550231924704164,0.573961718331932
0,"eld vs kin","164",1.32396418239721e-05,3.04254610263534e-05,8.16822378864427e-05,4.87812376383715,4.51676283233588,4.08787237218927,3.13513475110986,3.29036710150118,3.1772327591071,0.457369887186416,0.470183865312207,0.469747389435969
0,"eld vs kin","169",3.32451162254912e-05,2.45973583944942e-06,0.000687939443640289,4.47827214440905,5.60911153095741,3.16244978916324,-3.55149250076923,-3.35028111905752,-3.39404102545817,0.52160663179644,0.501395049893861,0.517823737922139
0,"eld vs kin","172",0.00203467680087754,6.36424194603941e-05,0.00237845444714875,2.69150456665641,4.19625331836667,2.62370516189864,-2.84615242799662,-2.65741474900747,-2.81358505210437,0.465031927271887,0.456564725008171,0.461245484686235
0,"eld vs kin","181",0.0161953887345354,0.00209278291120334,0.014029322147073,1.7906086232489,2.67927581960984,1.85296331221452,-2.51934923462667,-2.34572495926473,-2.65620415480763,0.49259317113764,0.466709858319112,0.498018733305573
0,"eld vs kin","203",0.0154454716760393,0.00206235849089076,0.0410424949118761,1.81119882461256,2.68563584095193,1.38676624698184,-2.29986535484064,-2.12788998877247,-2.19508313175792,0.450470071677453,0.432614024830175,0.440491781916833
0,"eld vs kin","206",0.00241354973396443,0.0258790561630769,0.00203865562533119,2.61734374761646,1.58705156689987,2.69065613010694,2.73477689573807,2.95272033672916,2.82815470283964,0.539262176927329,0.547671167256853,0.552415090148768
0,"eld vs kin","207",9.21656598788395e-07,2.7055252359191e-08,1.07879429190033e-05,6.03543086314534,7.56774841080946,4.96706136014531,3.50330205592337,3.75993872020556,3.50668399093192,0.458730088628392,0.456428708296305,0.465247824399071
0,"eld vs kin","216",0.00938656613778182,0.0159978325314339,0.0254806973264178,2.02749325546128,1.79593885380673,1.59378869090218,-2.49968982619963,-2.20351505663718,-2.5117778768751,0.517248102769595,0.502891731955008,0.518087955194328
0,"eld vs kin","222",0.000597695508844969,5.66761052654378e-06,6.0353434921087e-05,3.22352000749437,5.24660000175283,4.21929800767397,3.23902020116887,3.46304718695553,3.23820390478406,0.510326772590612,0.501424793500534,0.503386818343391
0,"eld vs kin","246",0.000831317613979957,0.000684173763004813,0.000636089360146506,3.08023301755746,3.16483358434667,3.19648186879748,2.834623784131,3.07391761076468,2.84047444698891,0.467782219980817,0.476685304426258,0.477876632059094
0,"eld vs kin","251",0.0091876146426594,0.00627004295478025,0.0436338766193918,2.03679722876612,2.20272948389654,1.36017620072807,-2.88695080365364,-2.62564518218614,-2.8353910858098,0.596172709538406,0.57477664690231,0.589183395428369
0,"eld vs kin","252",0.00924865838667227,0.00249813834144863,0.0226408676327326,2.03392126158779,2.60238351501546,1.645106934335,-2.48193188905147,-2.41124634886564,-2.45174111644247,0.47506614779653,0.464349205993985,0.462783595498914
0,"eld vs kin","265",0.0435144615133954,0.000766923241507891,0.00121377280516897,1.36136638645414,3.11524810079383,2.91586259719434,2.57604485204318,2.75854676263279,2.71844231973079,0.476187766606277,0.479718912018214,0.482541500275013
0,"eld vs kin","267",0.00562691488587268,0.0016998516332589,0.00964646164394765,2.2497296540437,2.76958898313283,2.01563195819045,-3.19596828512326,-3.10041960295916,-3.26584148719102,0.608838084026163,0.596541323670139,0.606576738914486
0,"eld vs kin","282",7.86893528566322e-05,0.000467076626943552,0.0269627143493425,4.10408402632487,3.33061186476834,1.56923638930278,-2.96650497293599,-2.81681158172706,-2.92592060139899,0.477537242380571,0.4824718972842,0.467288839576286
0,"eld vs kin","294",0.00026345552083387,0.00417853874838669,0.000677498579952559,3.5792926961515,2.37897556618258,3.16909161074051,2.57693458640377,2.71404164722291,2.56545463409337,0.431164827089891,0.453110054175418,0.43919194579026
0,"eld vs kin","329",0.000937759006569765,0.000469501809763941,0.000306104368379193,3.02790875603913,3.32836272934254,3.51413047259332,2.64808844807098,2.70498614393111,2.6129087647957,0.432723164099424,0.423313914172114,0.43261001803179
0,"eld vs kin","344",6.35315229529681e-05,7.24871144022442e-05,1.04431723716567e-05,4.19701073380148,4.13973918848236,4.98116755361134,2.89837374068796,3.1354403379223,3.03069133919818,0.410116469399517,0.410782764180053,0.423887087036789
0,"eld vs kin","435",0.0258325451269008,0.0323735797268574,0.0138367590218845,1.58783280326857,1.48980927558463,1.8589656225774,2.76449183127422,2.84519891352254,2.70524559228696,0.57035224542686,0.575016668828547,0.543531069599077
0,"eld vs kin","473",0.00421302142646242,0.00383185072684091,0.00486853313067703,2.37540633214523,2.41659141759245,2.3126018702461,-2.82335226053005,-2.59315539218553,-2.79278588683857,0.539533138391296,0.523854385983155,0.533289257829867
0,"eld vs kin","614",0.00476617309386306,0.00195043642961633,0.0161666912561669,2.32183018936167,2.70986820003907,1.79137885555599,-2.91856089021056,-2.71447797109593,-2.97121652928071,0.501515054984877,0.49061589169328,0.511935318834401
0,"eld vs kin","616",0.000352962462558101,1.84323376355803e-05,0.0125140829269912,3.45227147923179,4.73441958296573,1.90260097141257,-2.74799324200407,-2.59459431550224,-2.64803202200909,0.438902033752145,0.420171591515419,0.433544337732486
0,"eld vs kin","652",0.0270143052501614,0.00518931660580035,0.0394922404295282,1.56840619710132,2.28488983172222,1.4034882276567,1.89393531698104,1.98539288358221,1.89100202061083,0.373286696882173,0.358520080353619,0.367014057545764
0,"eld vs kin","666",2.78267603323149e-09,1.2766535444538e-10,9.02891623803109e-08,8.5555373524765,9.89392694466795,7.04436437594226,-3.91673158121736,-3.77131722098569,-3.97208475577142,0.420411728317568,0.408208577528871,0.425715119073274
0,"eld vs kin","670",0.0258098679046846,0.0169674957538182,0.0249280343774774,1.58821421817653,1.77038225082037,1.6033119650851,1.98930878664292,2.1928687616437,2.12982645341119,0.425186506191354,0.434443157169905,0.426035953417818
0,"eld vs kin","728",5.00108269424306e-12,3.82471072508254e-11,4.69616718821165e-12,11.3009359642173,10.4174014063277,11.3282564501707,4.02114251301985,4.24171015574626,4.08969325860484,0.376333831500454,0.399193400398177,0.391732114435669
0,"eld vs kin","744",0.000214446321800454,3.05285340670792e-06,0.000123122278024885,3.66868139841286,5.51529404934901,3.90966335772755,-3.68315255174014,-3.58822946030653,-3.64584716275891,0.522545228058796,0.526211725644966,0.525191909169085
0,"eld vs kin","770",0.0037346633068278,0.000163399318915718,0.00880645499231357,2.42774854527506,3.7867497580347,2.05519888013627,-2.73487028369191,-2.47762277770603,-2.66608646389481,0.432303824456624,0.406957908170989,0.435283341864865
0,"eld vs kin","786",4.77633325666985e-07,8.58535756952621e-08,2.66391507762226e-06,6.32090537901363,7.06624161229826,5.57447962406176,-3.8762722859606,-3.65735349849132,-3.86226330907735,0.506068001283461,0.488898786812837,0.498506610260977
0,"eld vs kin","825",0.0358960984863427,0.0341767788728891,0.0445206795660848,1.44495275192115,1.4662688715056,1.35143821519204,2.01980117352091,2.22206629214694,2.1120669403458,0.458258041349572,0.448885839118437,0.463640408863844
0,"eld vs kin","849",0.000281643261933636,1.34338943102958e-05,0.0019521751840621,3.55030063441636,4.87179807278854,2.70948121225453,-2.87396320298574,-2.67014859443543,-2.85379970427787,0.437489319566136,0.403559042527121,0.437678047489981
0,"eld vs kin","854",0.000353531494220514,0.000358040469144599,0.000106653252208845,3.45157189118272,3.44606788248218,3.97202589694385,3.10283857864097,3.36429780178758,3.17494512259066,0.460291552856989,0.470703801808305,0.464134643381411
0,"eld vs kin","879",0.00151453141988443,0.000190174076119763,0.00388668851289101,2.81972171253193,3.7208486849037,2.4104202632157,-2.65832613685868,-2.45633782759955,-2.59571804277755,0.415158972065642,0.40912745258524,0.421595967094969
0,"eld vs kin","886",3.2721146085108e-09,2.85079178023151e-11,1.28341157876404e-09,8.48517149321217,10.5450345020868,8.89163404688163,4.52880121620589,4.71313376392789,4.62675275018438,0.526079309069932,0.528008561312212,0.529542335521101
0,"eld vs kin","888",0.000647262442405781,0.000256562978892793,0.000789144634355247,3.18891959231644,3.5908060105586,3.1028433920431,2.72494560899038,2.87074687940513,2.76329523947305,0.444040492347807,0.435584816780187,0.450571929807679
0,"eld vs kin","891",0.00263204410475337,0.000316188068679231,0.000602698555068121,2.57970683759208,3.50005452214744,3.21989984972455,-3.39297071198646,-3.16053569824409,-3.33068328225537,0.571309236473462,0.553486187190953,0.572323588897326
0,"eld vs kin","895",0.000400553935156195,0.000221445971166148,0.000347605555131821,3.39733899727356,3.65473221655884,3.45891329164852,-3.15750238672198,-2.94961078183336,-3.16269204149859,0.511446095958666,0.501984628076284,0.500900011474451
0,"eld vs kin","914",0.00769123487741561,0.00501676213350168,0.0170453325900659,2.11400392581731,2.29957649027316,1.76839452035934,-2.96714759002999,-2.77347158177389,-2.96448465030277,0.558547691593275,0.546385562910908,0.556932051336721
0,"eld vs kin","922",0.0467333833215405,0.00375073892888906,0.0257733558352857,1.33037277654713,2.42588316397211,1.58882903019335,2.09719056088457,2.40055479958662,2.21025060780664,0.474611090182611,0.463957122063915,0.475515454559756
0,"eld vs kin","926",0.0223671404896572,0.0176228988921882,0.0268587839308671,1.65038953440772,1.75392265044568,1.57091365451428,2.07635233422258,2.24109728029484,2.0343094881862,0.431246835275032,0.430959486023464,0.440137554813366
0,"eld vs kin","944",0.00738092044363542,0.00814638064766229,0.00266376154239516,2.13188947575615,2.08903530093833,2.57450465542409,1.90008627614145,2.08975216741013,1.91662347189389,0.291542496674881,0.297502650141395,0.29013868974704
0,"eld vs kin","947",8.56980791611305e-10,9.72190608689165e-11,5.07889830096429e-10,9.06702891225499,10.0122485785034,9.2942304833266,4.06208064300284,4.36835223232687,4.15312329937767,0.416154478607143,0.435592194425962,0.433036834267352
0,"eld vs kin","965",0.0114464376001376,0.00255011714086848,0.0401835542370755,1.9413296549249,2.59343986958004,1.39595165252351,-2.96120788748569,-2.70297838465932,-2.87545024525835,0.594309197685592,0.590060966428431,0.599833462092342
0,"eld vs kin","978",6.67495776546209e-22,6.45993836564761e-25,1.877518791641e-23,21.1755514778712,24.1897716255942,22.7264157075514,6.00842002926487,6.1458594818044,5.98514666213088,0.413446657949734,0.408534393581765,0.40949781258968
0,"eld vs kin","984",3.4056237369652e-15,1.19114207486787e-14,7.14725675332078e-13,14.4678033358174,13.924036434444,12.1458606163111,4.76859140408611,5.0285744803321,4.96319569330169,0.418631114036322,0.421551337088481,0.426254681622485
0,"eld vs kin","988",0.00110028114493635,0.00015159084278207,0.000344265783482915,2.95849632930212,3.81932703253861,3.46310613960437,3.04834985078114,3.20016504877157,3.15593390258213,0.521715460844544,0.532257019909781,0.524201610277763
0,"eld vs kin","991",0.0018555636566825,4.31790989126228e-06,3.358476978466e-05,2.73152414221968,5.36472642502539,4.47385762433699,-3.82963762260095,-3.68224673825597,-3.81202324889531,0.577878412417298,0.560015235783264,0.56398272799106
0,"eld vs kin","1014",1.79956909940635e-08,1.88371478966445e-07,5.92172444720958e-07,7.74483147275949,6.72498485241977,6.22755180529535,-4.43162458561519,-4.19151566345884,-4.37926470791421,0.523542129264926,0.511683356686297,0.532525505898984
0,"eld vs kin","1019",0.0234633273122901,0.0398816707997993,0.0237572545621137,1.62961040096291,1.399226655678,1.62420374876727,1.97614590574677,2.04931407608296,1.96860188166716,0.431161553409109,0.421383439875255,0.436106724958148
0,"eld vs kin","1020",0.00489220617814223,0.00216908320564359,0.003010183620913,2.31049524825419,2.66372378820767,2.52140701167626,2.24684936649436,2.40651338240122,2.28979718663393,0.415597311236314,0.422646846867071,0.42267983576264
0,"eld vs kin","1021",2.17462961666192e-05,1.89846914021527e-06,0.000118933501093517,4.66261470153123,5.72159645796224,3.92469579642642,-3.88284798464887,-3.64171998780423,-3.88795186378723,0.55103544897247,0.543705411788745,0.565739787883057
0,"eld vs kin","1030",2.02150430338092e-10,2.13945050044641e-10,2.82417673791078e-09,9.69432532980268,9.66969775714998,8.54910812847801,4.13767379712161,4.19965427609524,3.97374221782681,0.436953270805095,0.420131627527821,0.417732363411613
0,"eld vs kin","1043",0.0289647678590984,0.0150125725781009,0.00118601354715095,1.53812994784563,1.82354487999253,2.92591035024722,2.26727065511832,2.4157101346691,2.34473222777315,0.415197791036727,0.408112324760251,0.428122738574886
0,"eld vs kin","1059",0.0319215444414568,0.0125886062659259,0.0199896194262118,1.4959161045965,1.90002234967955,1.69919547414949,2.57854304501267,2.68471202379944,2.73694788283216,0.587407460885374,0.580308786754828,0.594688812880746
0,"eld vs kin","1074",6.11511745360877e-19,5.83345753645215e-18,1.19568754873479e-18,18.2135951970146,17.2340739591497,17.9223822932477,4.95936445652892,5.10640759673909,4.97226488931081,0.37467565139665,0.388343716305266,0.389775421562148
0,"eld vs kin","1076",4.68058477639574e-12,1.51674521868735e-11,1.97118674347978e-11,11.3296998842557,10.8190873654302,10.7052722302,4.40070491102789,4.72700376185528,4.42954285806494,0.418086351123873,0.434704099855275,0.425775055846336
0,"eld vs kin","1079",0.0132551214167613,0.00145766219136947,0.0420582809022152,1.87761628978016,2.83634311073853,1.37614848271817,-2.517323223353,-2.3601601148773,-2.46238624073766,0.499915977291105,0.474175288030111,0.493727027645166
0,"eld vs kin","1082",0.001330588559803,0.000213945222778746,0.000173449907129004,2.87595621487147,3.66969740651117,3.76082592835794,2.82366755785624,3.07748481275793,2.8473535043058,0.497168814333726,0.490984356005854,0.482083880506411
0,"eld vs kin","1089",9.80922353779348e-09,1.61198570234118e-09,7.10677524990697e-10,8.00836536842001,8.7926388145296,9.14832741880108,2.8945252246425,3.06974801839568,2.92404092446346,0.289387748571603,0.281191079021955,0.288229551904367
0,"eld vs kin","1098",7.57107643170591e-26,7.1848771838147e-26,1.13898978958616e-27,25.1208423694939,25.1435806511689,26.9434801691134,6.87461065213452,7.08331730072265,6.84643483667907,0.446625894478181,0.448348821600139,0.4344415577608
0,"eld vs kin","1101",0.0052828386757077,0.00963112974355697,0.0433182733642224,2.27713265134594,2.01632276660182,1.36332886237301,-2.77453082199982,-2.60205199357172,-2.68676360831047,0.593889866046321,0.578862076652831,0.587300110249796
0,"eld vs kin","1104",0.00230354612245839,0.00273902717833156,0.0351852472096799,2.63760308771838,2.56240365838464,1.45363939329588,-2.88627117265939,-2.60202844746351,-2.86394898955974,0.461738273967567,0.456799595245987,0.471601710970669
0,"eld vs kin","1105",7.98929911909647e-10,1.17236365109073e-08,3.87472705010855e-07,9.09749131856587,7.93093765524165,6.41175888536588,-4.62887930387,-4.48269888248787,-4.64334081647632,0.503960978502394,0.500914673099652,0.503422506721923
0,"eld vs kin","1108",0.00404535294696002,0.00175408179786466,0.0023422339005681,2.39304358128776,2.75595015810057,2.63036973750713,2.40293745725414,2.6336381876821,2.46349075172172,0.436824166212205,0.445547692458989,0.439715724869917
0,"eld vs kin","1112",4.54204446091568e-05,3.40774613805629e-06,0.000454605859938471,4.34274861889747,5.46753276570927,3.34236497045324,-3.6745583886718,-3.48933275868377,-3.56965084848241,0.534093562855707,0.529296531615541,0.539126041596738
0.1,"cent vs mage","4",0.000759843804095322,3.98097391675577e-09,1.9125246019836e-08,3.11927567349712,8.40001066789346,7.71839296954062,1.93383839671096,2.33218204875112,1.92144286913615,0.182890738605836,0.19953509041962,0.182975071866659
0.1,"cent vs mage","7",5.18266400006859e-09,6.41824651681901e-12,8.52038959580086e-11,8.28544694621473,11.1925836062124,10.0695405466138,3.92096984146702,4.30486560659626,3.87224748420695,0.418039222604134,0.418659955847923,0.415189079861949
0.1,"cent vs mage","8",0.0204714357930571,2.28021623660521e-05,0.000417698810556155,1.68885169641252,4.64202396619628,3.37913676143498,2.00951308167533,2.40360439521691,1.99252065060818,0.315067065961102,0.309448119231034,0.313300981468425
0.1,"cent vs mage","9",0.0312695427692473,4.12531816512288e-05,0.00167951788847445,1.5048784690687,4.3845425508647,2.77481536614541,1.74479585959369,2.15150414346678,1.73604373160325,0.271702237839823,0.262360093025228,0.271768777970763
0.1,"cent vs mage","11",0.0225903112246238,4.23456381455934e-05,0.000391544163956795,1.6460777858036,4.37319131796279,3.40721924489343,1.94547670251354,2.36230462940888,1.93860743366657,0.297982818419156,0.312057300286412,0.29565017426485
0.1,"cent vs mage","14",2.38901905818e-05,3.30430122229471e-10,1.70476766481529e-08,4.62178038569198,9.48092036897349,7.76833480069734,2.43499335204421,2.83681229316091,2.42271401504869,0.25938819780602,0.263417289807092,0.259473403282222
0.1,"cent vs mage","16",0.032763890042223,0.00382708169360866,0.0493361254809056,1.48460454025791,2.41713226714452,1.30683496000101,1.29542636134853,1.7025445049043,1.28640655420947,0.229872177773653,0.230021742039016,0.229026168388991
0.1,"cent vs mage","19",0.00609564737761032,5.35704819517125e-06,0.000132205145231508,2.21498016410734,5.27107444643976,3.8787516424134,2.24602763271016,2.64676057751611,2.2409285429755,0.344678564702576,0.332589067550055,0.344072141409558
0.1,"cent vs mage","20",6.06225888290201e-05,1.07203841993886e-09,6.98377218638643e-08,4.2173655214466,8.96978965002716,7.1559099359418,2.40468593177356,2.8131813979629,2.40358875951839,0.268210253636883,0.265267511234213,0.269125372974295
0.1,"cent vs mage","21",4.23392526345678e-06,3.13556584813247e-11,5.33815537782243e-10,5.37325681234277,10.5036840744357,9.27260878934416,2.59887983047975,2.99151220640593,2.58615757673882,0.260926943371444,0.264527165644737,0.260951921450842
0.1,"cent vs mage","23",0.0217835352800817,1.33754114415455e-05,0.000220823712921782,1.66187163660791,4.873692849752,3.65595429218324,1.87415383623053,2.27484497943785,1.85314408787374,0.266458033939644,0.262291387811249,0.266826388646605
0.1,"cent vs mage","24",3.47510656586899e-08,3.29973736432358e-11,1.72838535180373e-09,7.45903187301365,10.4815206255052,8.76235942302371,4.19701275704817,4.61894001765536,4.23336011995828,0.495698123841438,0.481734339284121,0.489153014116437
0.1,"cent vs mage","26",9.20965542890269e-05,6.05160871118336e-08,7.54431158932439e-07,4.03575661824241,7.21812916063359,6.12238038300539,2.80661033868326,3.19980834341348,2.80099901841615,0.373211664422091,0.370470933584063,0.374090694587675
0.1,"cent vs mage","28",0.0383162798821956,0.00246189851194438,0.0202413374682396,1.41661666308677,2.60872985417115,1.69376079440707,1.99278993015479,2.38237285528333,1.97635797767292,0.453814469494768,0.451879940875451,0.452140489336269
0.1,"cent vs mage","30",0.0315419181561848,0.00115359455999234,0.0193373156832574,1.5011118994879,2.93794680062298,1.71360381282073,1.41503641588292,1.81550673024446,1.41059175753422,0.238458939266796,0.23741203080667,0.238829590956764
0.1,"cent vs mage","32",0.00944249556594711,7.10018855313292e-07,2.42110661062124e-05,2.0249132104385,6.14873011797137,4.61598608648346,1.87588242226514,2.26590946276432,1.85289029405776,0.22964668253378,0.224712763634612,0.227456454160814
0.1,"cent vs mage","36",0.0312608279170032,9.03647049578886e-05,0.00272212341256524,1.50499952423671,4.04400116504635,2.56509218913228,1.46580151497535,1.86464662842915,1.45484731572003,0.203763309960503,0.204349157008958,0.203540379362776
0.1,"cent vs mage","37",0.0332990315064828,0.00252204460018978,0.0327336887183946,1.47756839765004,2.59824723757061,1.48500505183292,1.6309832401237,2.02758892212254,1.62069493001938,0.335464669713652,0.33932900103309,0.33550927762449
0.1,"cent vs mage","39",6.51651327167007e-06,4.25075156139381e-09,1.17925449972199e-07,5.18598471591125,8.37153427698271,6.9283924579267,3.31248641918898,3.71226896044056,3.28998986691995,0.414989830086748,0.421938231896968,0.415182759296075
0.1,"cent vs mage","42",2.38970914994131e-05,5.9093909558562e-09,1.83775360751841e-07,4.62165495355482,8.22845727684139,6.73571271605555,3.18198887222328,3.6102155406522,3.16669902563948,0.412503391650398,0.41216244673698,0.412128788061251
0.1,"cent vs mage","44",0.0334918293187987,0.00247153795377005,0.0279456803675886,1.47506113071147,2.60703271597952,1.55368531255398,1.52353130437893,1.93607672350451,1.52321356131172,0.300027533982406,0.292606833784834,0.299412232023578
0.1,"cent vs mage","47",0.0320997960552323,0.00115818544101074,0.0118842161321945,1.49349772685895,2.93622189867431,1.92502945850369,2.27212386258592,2.65891812047955,2.24732003039741,0.496381619637605,0.49180263101062,0.496654133086506
0.1,"cent vs mage","51",0.00243004425037527,0.041164537517812,0.00282421281705364,2.61438581795773,1.38547675950888,2.54910258035762,-2.05154798953465,-1.61792984844366,-2.03119257187266,0.386152137798729,0.362895235045375,0.385281458816731
0.1,"cent vs mage","52",0.0344086462067209,0.00295287531522605,0.0482629173873382,1.46333241417119,2.52975489067546,1.31638642948633,1.49190004977407,1.89567550366038,1.47604433449452,0.305951563791819,0.301089969763653,0.304979806369417
0.1,"cent vs mage","55",0.00518204612951209,2.71966478440387e-05,0.000366422536202945,2.28549872533256,4.56548462216258,3.43601782362974,2.20856607150292,2.62377481008817,2.19585917198238,0.357383380201232,0.365054565191273,0.354743752752587
0.1,"cent vs mage","56",0.000256734497763689,1.29907030317183e-07,1.63564558180548e-05,3.59051577066718,6.88636734511373,4.78631079512751,2.72615416645936,3.14759357653532,2.6939098754246,0.370978129474694,0.370899784159805,0.377800165969217
0.1,"cent vs mage","57",0.00265706966968033,0.0399794610660707,0.00456586155086199,2.57559705802441,1.39816306458532,2.34047726161676,-2.25155877122479,-1.84568124670656,-2.24976277571653,0.449612618139399,0.422701607553075,0.454792786833076
0.1,"cent vs mage","61",0.0316912720006987,0.000432752566099431,0.00976191495274757,1.49906032907105,3.36376034820238,2.01046498030102,1.60624415161973,2.01896003621516,1.60454929221689,0.281800752053123,0.281228052415962,0.279663890938767
0.1,"cent vs mage","69",0.000625989539782948,1.29800374783949e-05,0.000672077347297896,3.20343292374245,4.88672405355748,3.1725807424646,2.42133768557366,2.82680092046378,2.38493747215584,0.390742917254858,0.395825683256909,0.38842061226529
0.1,"cent vs mage","90",0.00262677314051138,1.70757734320857e-06,5.77383465569337e-05,2.58057743314405,5.7676196162157,4.23853565709336,2.12142561438214,2.48204082530146,2.0644436469613,0.282823078054725,0.29216873006496,0.280453766840354
0.1,"cent vs mage","92",0.0312571411132595,4.75437707799049e-05,0.000960790842678207,1.50505074658281,4.32290637658424,3.0173711448571,1.66184503415583,2.06475993858378,1.64720689700168,0.239098967396915,0.246964929384144,0.240512899010685
0.1,"cent vs mage","95",0.0328824470823839,0.00185641419349694,0.0169389767553653,1.48303587012133,2.73132511977583,1.77111282794395,1.82653713860722,2.21714019081139,1.81646819508718,0.371690805964074,0.366526836388796,0.376833986908173
0.1,"cent vs mage","100",0.00108986263583947,0.00552317246951311,0.000926804944885552,2.96262823623944,2.25781139505473,3.03301165773621,-2.9958147534098,-2.49583761575955,-2.88740471806964,0.573580716897335,0.558176531597838,0.56373658246236
0.1,"cent vs mage","106",0.00129562622954395,2.45800118599408e-08,5.70565205784498e-06,2.88752026841819,7.60941791190092,5.24369471602373,2.46929093801175,2.89888954833067,2.44538505093009,0.334365136371901,0.32522933060547,0.332678207433974
0.1,"cent vs mage","114",5.04100825574127e-08,2.76814953623546e-08,3.47132008506718e-09,7.29748259131012,7.55781045286855,8.45950533885834,-3.91376583795892,-3.56909459099869,-3.88288886445946,0.488380736180168,0.467133621984244,0.472068538921757
0.1,"cent vs mage","119",0.0312827800608525,0.000236749077973455,0.0031043155387435,1.50469465869923,3.62571170369457,2.50803414122495,1.57742779278113,1.99088596266155,1.59610667862284,0.241206315505568,0.250840636532042,0.240582065525105
0.1,"cent vs mage","132",7.21465133006009e-13,2.49160793328503e-09,8.54519580095747e-12,12.1417846526633,8.60352029500113,11.0682779815914,-4.64340662897314,-4.23562944540573,-4.68550209282585,0.492269290203568,0.48160393602537,0.487541852591904
0.1,"cent vs mage","142",0.00552331066757961,1.08958105512495e-05,0.000286278945177508,2.25780052849078,4.96274045657503,3.54321059165522,3.37038627714937,3.83885105460725,3.39092572816955,0.538285356987754,0.544904724965767,0.542346197871105
0.1,"cent vs mage","143",5.34818532218643e-10,2.80661525578683e-08,9.25608301314908e-11,9.2717935522312,7.5518171184454,10.0335727590703,-4.07745996599266,-3.78437298331112,-4.13831037255418,0.453547683600698,0.459372848234918,0.445758872363196
0.1,"cent vs mage","146",0.00124028050223306,0.0455796768592815,0.00305707511653481,2.90648008355111,1.34122875810975,2.51469388993084,-2.24866970917999,-1.85098909736435,-2.19984647504969,0.42625549245593,0.405042828809869,0.422415299062699
0.1,"cent vs mage","148",0.000151302893631968,0.000793223061396442,0.000175139545370582,3.82015276611839,3.10060466802747,3.75661578197392,-2.90859826784061,-2.60063792258907,-2.99815866795342,0.500240349301096,0.479213526906524,0.513863733937978
0.1,"cent vs mage","155",0.0344839207479121,0.00136655565215241,0.0139293926118496,1.46238336168783,2.86437267723107,1.85606782048007,2.29289118007347,2.80838807202422,2.29796970478907,0.465123256361233,0.477090400450638,0.463391948595161
0.1,"cent vs mage","168",8.33002453529867e-07,1.82795115872065e-06,9.4137477906282e-05,6.07935371941805,5.73803541242138,4.0262374413179,3.3232774500184,3.709857408888,3.21153177735051,0.435409162351587,0.437351106878735,0.456859422759777
0.1,"cent vs mage","169",0.000416704348113319,0.00263533368490703,0.000359365439452881,3.38017196786101,2.5791643867745,3.44446369176967,-2.67754991974508,-2.26857159853329,-2.69310457702315,0.444280485413413,0.413016911503755,0.442086833510282
0.1,"cent vs mage","210",4.76799965250703e-12,3.16471035835542e-10,7.03595791582782e-10,11.3216637849193,9.49966603146782,9.15267676685221,-4.74596475978537,-4.24564491642352,-4.5955003007971,0.470136950494498,0.462186964505796,0.460074962386635
0.1,"cent vs mage","212",0.00591973407642346,0.000364748549171094,0.00623177899857515,2.22769780201624,3.43800642688685,2.20538795671566,2.07957381954321,2.49677250212283,2.05133755569265,0.377050248631622,0.381845921152595,0.366488161884753
0.1,"cent vs mage","219",1.52605722212424e-09,3.98028313018926e-08,8.18217148694181e-09,8.81642918146182,7.40008603408073,8.08713142253355,-4.09227893762351,-3.79485319552829,-4.14077309778632,0.461255790225313,0.466500239054532,0.46505321065
0.1,"cent vs mage","289",0.000592742893897897,0.00487255912527271,0.00061459642282362,3.22713364386083,2.31224288230292,3.2114099718253,-2.77658305818729,-2.37507529224581,-2.7065969330524,0.495550657032468,0.471317687948431,0.482213554633284
0.1,"cent vs mage","294",0.000257400698353056,2.43130994830091e-06,0.000104174467977995,3.58939027914699,5.61415967288999,3.98223870881944,2.67465003730407,3.05467958530069,2.66093826231391,0.378420171722534,0.384129411587911,0.377631440267277
0.1,"cent vs mage","353",1.20440566357654e-06,0.000261670012221635,9.32213387118421e-08,5.91922721093555,3.58224604531158,7.03048466464103,-3.49242953114665,-3.04396343804566,-3.49756058381672,0.458457617647242,0.44944660488483,0.456312893391646
0.1,"cent vs mage","363",0.00324219986244767,0.0446800392673242,0.0041313572282611,2.48916021697585,1.34988645387391,2.38390725102801,-2.19601821123796,-1.82650174954082,-2.27450937317518,0.438533706966433,0.423795267491479,0.451782395148778
0.1,"cent vs mage","401",0.00724388101339975,0.0417960056263813,0.00594159952044014,2.14002869193726,1.37886522103146,2.22609662414534,-2.25807878876906,-1.95008091988198,-2.27233094381575,0.441401700376827,0.43487047280261,0.440649351890618
0.1,"cent vs mage","464",0.0163312389069671,0.0256422991545957,0.0151503485398423,1.78698086792406,1.59104303744542,1.81957737592807,-2.37976345556267,-2.00852721563515,-2.46618047198104,0.4800185678706,0.4795137618694,0.480051033992259
0.1,"cent vs mage","528",0.00664584399620884,0.0290915040979941,0.0221603283223162,2.17744985751726,1.53623382414406,1.65442380948901,-2.19757191028277,-1.87802408962428,-2.0759317951591,0.425820145309208,0.420211040136265,0.415804273389581
0.1,"cent vs mage","546",0.00161023003233546,0.038585113097279,0.00170173396301397,2.79311207760928,1.4135802224465,2.76910833345576,-2.3488391590471,-1.95702445472264,-2.38420311119921,0.432539214430942,0.429384944780684,0.446153458039264
0.1,"cent vs mage","652",0.00233351257028988,0.000939000707428121,5.74847196299383e-05,2.63198985529186,3.02733408054325,4.24044758248121,2.08014900324071,2.4935030916876,2.10206388761676,0.312431501820926,0.306160350569818,0.307794604867721
0.1,"cent vs mage","671",0.022035432142241,7.62204915476644e-06,0.000260246231662971,1.6568784280154,5.11792825477994,3.58461555030859,2.28708487984666,2.70011757860877,2.26817327402699,0.361428199909138,0.355325279962125,0.359982778772828
0.1,"cent vs mage","675",1.09123406609902e-05,8.51767421812126e-05,1.69086693865114e-05,4.96208208468916,4.06967897473162,4.77189056749586,-3.11153973928704,-2.80076591573096,-3.16801368715948,0.473430275657557,0.462972915376097,0.471403459478888
0.1,"cent vs mage","728",0.00281538515520036,1.19599767991946e-07,2.67252260002134e-05,2.55046218364175,6.92226966282182,4.57307861351935,2.25421821762597,2.67224020324395,2.22983498237352,0.306660032200487,0.308075570962081,0.304824150235707
0.1,"cent vs mage","737",0.0326984103944932,0.0370105056491611,0.0352998961947941,1.48547335968468,1.43167498139664,1.45222657172533,-2.28214109880681,-1.93254914469383,-2.30605203997381,0.462390884238452,0.466790819434997,0.461833937486787
0.1,"cent vs mage","762",0.00427188894350044,0.000149676964870714,0.000817392167821421,2.369380046207,3.82484503198363,3.08756952797534,2.28346518858283,2.65726140591791,2.27637196060415,0.383426970887346,0.387038228178841,0.38896173576179
0.1,"cent vs mage","769",0.00238773566858313,0.0448856086296511,0.00319178678236082,2.62201375293202,1.34789288159323,2.49596612807851,-2.32247089275,-1.90668878299421,-2.32692512394861,0.458495368609885,0.432660970260522,0.449424296907094
0.1,"cent vs mage","770",4.65266175631676e-05,0.00547224225792798,5.34781954848798e-05,4.33229851907745,2.2618346845057,4.27182325556452,-2.32805896577645,-1.90802520183379,-2.3527798776019,0.350848733926745,0.322498701928852,0.35965776069022
0.1,"cent vs mage","788",0.0310856912241516,0.00201163669741613,0.0169781564290392,1.50743947117834,2.6964504503329,1.77010946934313,2.26369124048337,2.73043644862692,2.31611695425577,0.535750786982554,0.510449269960805,0.531453369200498
0.1,"cent vs mage","819",0.00413833678576937,0.0404221619247485,0.00832526708479001,2.38317416851576,1.39338046254561,2.07960182489793,-2.15286826270729,-2.00323176615411,-2.21250976877314,0.435228255593964,0.440231516428849,0.441962105707851
0.1,"cent vs mage","829",0.0111882145613751,6.8845290443926e-05,0.000764999043830839,1.95123921356188,4.16212576352866,3.11633910766893,2.30841975000326,2.7440748947617,2.2927818830455,0.394863447677268,0.379161326414088,0.400427481143779
0.1,"cent vs mage","834",0.0331399866408209,0.00116557069485399,0.0144043303999269,1.47964767098666,2.93346138026963,1.84150692553878,1.95910464379869,2.35904056226037,1.97677776305951,0.396306417988138,0.407055884808351,0.396227994711821
0.1,"cent vs mage","848",0.00198109650584844,1.98181744480612e-05,0.00196575337463265,2.70309436800683,4.70293635306204,2.70647097010246,2.17505091664237,2.54707412955895,2.076929452018,0.344553376222662,0.329055296170622,0.339732034384343
0.1,"cent vs mage","849",0.00250536750890171,0.0280293398654518,0.00296128483575633,2.60112855906571,1.55238713042978,2.52851981731595,-2.0946165889455,-1.69238490331768,-2.13059326887553,0.412800646145341,0.377014217575595,0.416189326337576
0.1,"cent vs mage","854",9.658945428337e-05,4.08231949364765e-08,0.000159070247705284,4.01507028762749,7.38909300919898,3.7984110426396,3.07953749140407,3.50123460100609,3.10770638612581,0.461377198011687,0.449339554400556,0.461889615246734
0.1,"cent vs mage","857",0.00237245826474807,2.81697866792366e-05,0.00307228560770102,2.62480141875274,4.55021644177465,2.51253841361353,2.23283285337539,2.5574300086049,2.18589751721623,0.332749531800624,0.338633853034722,0.345866900667142
0.1,"cent vs mage","886",0.000931324998726977,4.98412630626012e-05,0.00027084183359513,3.03089873950887,4.30241096044665,3.56728425469757,3.02160875666315,3.42733979285496,2.97216280451012,0.537299435701251,0.524507557787543,0.535876828246214
0.1,"cent vs mage","917",0.00175878164603649,0.0095058191903733,0.00107503415038517,2.75478807515755,2.02201045065245,2.9685777393872,-2.68102655885583,-2.22647031432937,-2.65338676991674,0.506246106028599,0.479666981499081,0.499937912005085
0.1,"cent vs mage","921",3.78597761277929e-09,3.79553855656365e-08,3.20095503379262e-08,8.42182195843222,7.42072659248279,7.49472042667214,-4.0417414222941,-3.66913111010086,-4.19058219064586,0.463941004497182,0.463527828819439,0.482826368411508
0.1,"cent vs mage","944",0.0346614975106809,0.00544255970166954,0.0429512733913647,1.46015267801633,2.26419679830645,1.36702395596208,1.42601338921926,1.80416326203048,1.40671875048965,0.284501575712749,0.294180331689332,0.282191089250713
0.1,"cent vs mage","947",0.0328415976371582,0.000100688490893453,0.00381723140271288,1.48357572402139,3.99702016824598,2.41825151207732,2.30061150630108,2.77998074732322,2.29161820842467,0.404863876446363,0.412513619559882,0.415307186300803
0.1,"cent vs mage","966",0.000655422649339317,0.0440333887833699,0.00394307215894942,3.18347855484696,1.35621789020968,2.40416527518475,-2.62285652931811,-2.13214810938396,-2.57155243026359,0.527382097195586,0.514774808007746,0.527159439730129
0.1,"cent vs mage","978",0.000284524213958936,2.52921711554779e-06,0.000129807785686538,3.54588076778819,5.5970138879205,3.88669925838852,3.05595794601795,3.48221486848547,3.10901643061675,0.446124157460492,0.448036982265228,0.450327874506048
0.1,"cent vs mage","984",0.0017150846170286,1.60158016568089e-05,0.00122393712011458,2.76571444833139,4.79545131822932,2.91224089353746,2.53124789324009,2.94959029370765,2.45452232953258,0.415522924241395,0.413709697055645,0.415616857333709
0.1,"cent vs mage","989",0.0207344884786517,4.9773541566479e-05,0.00342741950997121,1.68330667424446,4.30300145654234,2.46503273545481,2.12435339744311,2.61289079536215,2.17527785052044,0.386075202790567,0.374873186486318,0.377244043418504
0.1,"cent vs mage","1004",0.000676578387250476,0.0100326979813966,0.00129634865913378,3.16968187951253,1.99858226130958,2.88727817718967,-2.71161302432253,-2.2955355709313,-2.59140052767028,0.466322424720565,0.455022476694849,0.473085738972314
0.1,"cent vs mage","1017",0.0186295815954026,0.00173379632329306,0.0370189829363801,1.72979689887984,2.76100192235309,1.4315755172737,2.00416411943835,2.49269025570968,2.00333570932546,0.393393366173214,0.383039800550534,0.39661943499886
0.1,"cent vs mage","1019",4.27627459754103e-07,3.72559190550609e-05,7.37901460737504e-07,6.36893441469624,4.42880471865431,6.13200162993204,-2.92515029209992,-2.50454156734419,-2.98614838008035,0.397778509815122,0.388772858098951,0.394728561302156
0.1,"cent vs mage","1030",0.00173859857153843,0.015612007915477,0.0378108432313929,2.75980068153428,1.80654123719817,1.42238363719294,2.28900241426097,2.56536200719548,2.19369754962203,0.405028092421756,0.417099044656881,0.414498563326037
0.1,"cent vs mage","1043",0.0026032031900285,2.43171453573733e-08,3.52711701545026e-05,2.58449193221187,7.61408740918164,4.45258013196241,2.53351947203968,2.97719248413199,2.45912748764166,0.324136303784019,0.31631684707736,0.327378746107292
0.1,"cent vs mage","1058",3.37375609195058e-05,0.0147618672435436,0.000623464068116426,4.47188631823442,1.83085870468931,3.20518857100409,-2.93724930004085,-2.44834772372193,-2.89519264374569,0.460614482226561,0.461589960487951,0.459133124489791
0.1,"cent vs mage","1074",2.82135391431453e-07,8.41338385504939e-10,4.75749924192341e-06,6.54954243196122,9.07502929623513,5.32262127224294,3.01821493420959,3.45391402367027,3.03969649861659,0.371098650061157,0.37168579086918,0.385641986613877
0.1,"cent vs mage","1076",0.00405901963661318,0.00105872710545203,0.00305419227846804,2.39157884765977,2.97521596800325,2.51510362515483,2.23763289695952,2.7570672985174,2.30250645391282,0.43797071343212,0.423770206418218,0.427221824116846
0.1,"cent vs mage","1079",0.000766174339370219,0.0187320289548279,0.00117779010947151,3.11567239745414,1.72741517958352,2.92893209700224,-2.25285794145139,-1.87500380569917,-2.30418352463973,0.409361659402556,0.393183354214946,0.422282333774342
0.1,"cent vs mage","1087",2.4346879430245e-05,1.58988735183021e-06,1.30769284051179e-06,4.61355669494516,5.79863364562398,5.88349425397523,3.50994417894822,4.06404211515622,3.61604339967505,0.502471800811193,0.498695818327826,0.495423303394129
0.1,"cent vs mage","1089",0.0333438142401059,0.00384609563743349,0.0467421952875238,1.47698472218401,2.41497992074933,1.33029089444981,1.381449018037,1.7851939088722,1.37284307067032,0.262653118953351,0.264992406527739,0.260152272508835
0.1,"cent vs mage","1091",0.0305538174440961,0.000836996378692124,0.00650566961182408,1.51493452056606,3.07727642100009,2.18670799598885,2.44218098165684,2.91191375491897,2.49169795568376,0.47491570801555,0.480912974649484,0.467620046026276
0.1,"cent vs mage","1098",7.76368840222462e-10,6.84610016555601e-13,1.59637321041177e-11,9.10993190346271,12.1645567509723,10.7968655689536,4.29820229433529,4.66726389890026,4.24613420641353,0.443003323452306,0.440930342098172,0.441894711171724
0.1,"cent vs mage","1104",0.000270528792413704,0.0112062638936588,0.000990625210718795,3.56778650608071,1.95053915464996,3.00409062372209,-2.63425870607349,-2.26488434197712,-2.63976183814232,0.44674937071323,0.434335818128576,0.451053516438604
0.1,"eld vs kin","3",1.93768612266609e-13,1.26337135197829e-12,6.2005955925315e-14,12.7127165710593,11.8984689753274,13.2075665927394,-4.49610665696961,-4.75853932673775,-4.75793735642188,0.447405681120612,0.432626142327837,0.447501142310446
0.1,"eld vs kin","4",7.1953908932681e-14,3.16810416574827e-07,1.7324727982936e-13,13.142945607818,6.49920054745314,12.7613335755581,2.71829114659308,2.47262708628962,2.47283715143928,0.219479223327365,0.227595776377777,0.2200894885645
0.1,"eld vs kin","5",7.94826273261266e-06,0.000151799678324667,3.49118218744937e-06,5.09972778556851,3.81872914874337,5.45702748692361,-2.54552452614195,-2.8065249310491,-2.78893975428634,0.383804256937007,0.385428349788079,0.38523157177821
0.1,"eld vs kin","7",2.80846341839991e-31,8.41476766437724e-27,2.66685062498578e-28,30.5515312286476,26.0749578705939,27.57400130923,7.80610662366327,7.54873542733257,7.56744608439932,0.464645361417391,0.472672895747966,0.469218412630305
0.1,"eld vs kin","10",0.000450821887358829,0.00249051587833218,0.000123911152747827,3.34599500715918,2.6037106850699,3.90688960275342,-2.48415198301792,-2.73469800331395,-2.74820776140524,0.470695103542726,0.482970524672581,0.474293451716985
0.1,"eld vs kin","11",1.25902254622862e-11,2.46667862786068e-07,2.54065907940767e-11,10.8999664925967,6.60788742904222,10.5950536072304,3.41278091363677,3.16106199331883,3.1735900472721,0.345000891287109,0.347214279233505,0.348473466861431
0.1,"eld vs kin","12",0.00618414022857805,0.0378876060185132,0.00269275896074254,2.20872067112609,1.42150283536359,2.56980252022553,-1.74551653528739,-1.99751572320567,-1.99411345387577,0.368616356579178,0.380727971602866,0.370054278888813
0.1,"eld vs kin","14",8.36982099311976e-13,1.48234777435145e-07,2.27730248504283e-12,12.0772838302423,6.82904989435735,11.6425792799426,3.05194896081687,2.81157238496772,2.80505527619098,0.275526101467682,0.280868478903901,0.277075381216455
0.1,"eld vs kin","15",6.0445403179303e-07,0.0004286843811166,1.32903028058562e-06,6.2186367212676,3.3678623394855,5.87646512399224,3.17122073710359,2.9152624718776,2.88894083498069,0.434901863060778,0.445515100487646,0.428638433620674
0.1,"eld vs kin","16",8.44767743059443e-15,2.04811510676252e-09,1.98970894904614e-14,14.0732626777633,8.68864563908927,13.7012104467399,3.21389833393383,2.97394944356152,2.96701461328243,0.266974573730912,0.262606523705817,0.265931830219712
0.1,"eld vs kin","21",2.99958541407734e-23,1.0470295253286e-16,9.62907521427911e-23,22.5229387668873,15.9800410714191,22.0164154209358,4.30122097554008,4.03653987471026,4.03812013991997,0.293714939713288,0.295667128412046,0.292320774118365
0.1,"eld vs kin","23",1.3899596992788e-07,0.000362504928174789,3.95055082492661e-07,6.85699779156933,3.44068608491487,6.40334234651326,2.60011243428216,2.36564266706649,2.3562763739047,0.308304533650841,0.298268645832919,0.309877289511305
0.1,"eld vs kin","25",1.65688481918578e-07,5.77909466143914e-05,2.31086992484183e-07,6.78070768115863,4.23814019174162,6.63622449957207,3.24698128967331,2.99300440865246,3.00530527358681,0.422537767824587,0.413914551350586,0.420849953126858
0.1,"eld vs kin","26",5.00636494847671e-06,0.00241251074210352,7.97567989202547e-06,5.30047749485313,2.61753074421178,5.09823228497684,2.62790985217157,2.3967408253287,2.39827801293377,0.36246182542663,0.365749515935629,0.363694166129368
0.1,"eld vs kin","29",4.91172366879647e-08,0.000134146353980639,4.8185791502931e-08,7.3087660743776,3.87242112670138,7.31708100287223,2.63987942422487,2.39163184190181,2.39115079012865,0.291992531950443,0.289577392507967,0.291876043187982
0.1,"eld vs kin","31",5.02417885800287e-07,4.89544450294718e-05,4.22747019323074e-07,6.29893490835107,4.31020786843435,6.37391944581444,3.76829260178653,3.513909985245,3.57955590272914,0.535503128823343,0.52681752605961,0.538998744120988
0.1,"eld vs kin","33",6.5110960456043e-06,4.28462020740018e-05,2.44318063526884e-06,5.1863458982995,4.36808766828931,5.61204442250655,-2.99330324988453,-3.23608933189047,-3.22408346578512,0.460854643845656,0.455486373425984,0.459223457020744
0.1,"eld vs kin","36",2.86261917784859e-07,0.00146274848629682,6.81947512738695e-07,6.54323642353255,2.8348303426401,6.16624905027777,2.32024498050524,2.07980852963294,2.06201512046991,0.262817383778646,0.257646070855846,0.261518041867664
0.1,"eld vs kin","47",5.43850357162831e-05,0.00416271086380583,0.000203814214034191,4.26452058191695,2.38062375356542,3.69076553151039,3.00441382847348,2.77582362982935,2.84594361536058,0.521421686613297,0.532400492718909,0.540696291841706
0.1,"eld vs kin","49",0.000415516951960438,0.0386121030307725,0.000909897676547574,3.3814112534859,1.41327654362882,3.04100744395292,2.20087884961646,1.93601431231021,1.93870086781428,0.367805204986038,0.348878214102691,0.363492999651647
0.1,"eld vs kin","55",2.19017672800933e-05,0.00870693046265535,5.91387792869634e-05,4.6595208399989,2.06013492399181,4.22812764420637,2.69344518535528,2.44587603650868,2.44595841941264,0.408690724786703,0.421808907499525,0.415763677756255
0.1,"eld vs kin","57",0.00574442073974077,0.0163320052480821,0.00244665199399383,2.24075375848444,1.78696048919401,2.61142779927769,-2.17880359601148,-2.36341599135791,-2.40094572248948,0.485331660321227,0.449652951011128,0.482492647704167
0.1,"eld vs kin","61",2.61335080602358e-05,0.00838725007479882,7.66068664500329e-05,4.5828022883614,2.07638040783671,4.1157323018072,2.44054144287808,2.1927658695787,2.1844179908809,0.363999060640121,0.364095496280179,0.36242348931274
0.1,"eld vs kin","65",9.03269516650052e-06,0.000370502419296601,4.59244943305508e-06,5.04418264599924,3.43120895183112,5.33795561696359,-2.45496151782409,-2.71151868672139,-2.67581389491129,0.370411637159523,0.389436727118939,0.362099552182026
0.1,"eld vs kin","67",8.1473242504367e-12,1.28197313875589e-10,1.34992133212405e-12,11.0889849991216,9.89212107451479,11.8696915396679,-5.21616451085389,-5.39073556457205,-5.41693334765584,0.567629974366991,0.553651136129949,0.562988176319401
0.1,"eld vs kin","70",0.000275678060803003,0.0404040381135681,0.000754685195545547,3.55959779483481,1.39357522788939,3.12223416936191,2.79597475433428,2.55525883754247,2.5799392434216,0.514103119247751,0.518451628002355,0.509628329198606
0.1,"eld vs kin","71",0.0025225133051732,0.0306425256333859,0.00381001062279108,2.59816653436833,1.51367544192983,2.4190738134548,2.95066720669369,2.52247376826291,2.60236402810906,0.540912763245541,0.526656941463054,0.528488180095906
0.1,"eld vs kin","74",7.60820240034712e-08,4.50326904682119e-06,3.11256813758049e-08,7.11871794241861,5.3464721054334,7.50688113260261,4.03206692371708,3.70613440018497,3.82173339876865,0.501247787189538,0.488214416793487,0.50182304831439
0.1,"eld vs kin","77",1.33350804349903e-05,0.00258059372231886,1.68647759008096e-05,4.87500436037402,2.58828036354742,4.77301942534276,2.56244036958018,2.33676717311929,2.28182744436264,0.367953116394204,0.358079882418406,0.360109878235932
0.1,"eld vs kin","79",1.80940022408664e-07,1.36360165500033e-06,8.7817143537815e-08,6.74246536023377,5.86531248034057,7.05642069346643,-3.45821266926712,-3.78730256300506,-3.71223276037406,0.483966804830756,0.469152251949528,0.478430096248428
0.1,"eld vs kin","80",8.59236158006717e-07,0.00133282021694245,1.16294333131922e-06,6.06588745546624,2.87522842827226,5.93444144734806,2.68547848158861,2.44908565325906,2.43809546048371,0.347427782835688,0.362667257782164,0.347373176165988
0.1,"eld vs kin","82",0.000181660390408049,0.0001998654450482,0.000247771201555875,3.74073975680029,3.69926228503198,3.60594917306967,-3.55245756996056,-3.81520893586836,-3.88208466880123,0.597172265470431,0.587274772366477,0.597520316232332
0.1,"eld vs kin","83",1.27250456982669e-05,4.96494393979452e-05,4.25854740914872e-06,4.89534064934724,4.30408565084944,5.37073851351954,-3.14187352963921,-3.39305453256361,-3.43196894545488,0.516378599094776,0.492715112781609,0.521372030197881
0.1,"eld vs kin","84",7.10642178744128e-07,1.50467101947762e-07,5.59662837949855e-08,6.14834901940199,6.82255844362056,7.25207352962915,-3.49621612870629,-3.77250253239477,-3.80341034056844,0.48009167060426,0.450497651471062,0.490290853303198
0.1,"eld vs kin","85",0.0125330449098115,0.0241391855095792,0.00483087876939615,1.9019434041153,1.61727738770441,2.31597386096989,-2.04597959748976,-2.28040084402857,-2.26851972965443,0.481965628089205,0.465906314063213,0.490214583718378
0.1,"eld vs kin","87",0.00454115743223808,0.00366975089122711,0.00190198505307613,2.34283344177507,2.43536341537661,2.72079290032819,-2.50648528533157,-2.82832319025926,-2.85621996392536,0.526940834506332,0.527264681343444,0.531768638848266
0.1,"eld vs kin","89",1.66931251008493e-15,2.53485445877663e-13,3.8168765838138e-17,14.7774623519364,12.5960469710702,16.4182918824494,5.09754622981597,4.95104015183944,4.85392395514235,0.436514471494908,0.447137893570311,0.443227760969982
0.1,"eld vs kin","91",1.54653083387463e-06,9.91488780112445e-07,7.5725529806058e-07,5.8106414168518,6.00371219599506,6.12075767948679,-4.03426936680094,-4.26698580917954,-4.35980387880106,0.582235621630039,0.561685838061886,0.577722163308767
0.1,"eld vs kin","100",3.43909355739636e-05,9.24858992444757e-06,3.64404636589527e-05,4.46355600943291,5.03392447641909,4.4384161058142,-3.41759569079442,-3.71554875651067,-3.58761724344466,0.566006602397108,0.541357194389195,0.573933607737445
0.1,"eld vs kin","102",0.0100245783098854,0.00533665296866966,0.00143545338175557,1.99893388719074,2.27273103753593,2.84301090722534,-2.54428758153815,-2.83065047522816,-2.8690504743358,0.547015870386719,0.521998301363944,0.537482307204429
0.1,"eld vs kin","103",0.000995996505791329,0.0191425661087778,0.000899087045482305,3.00174218518896,1.71799984439713,3.04619825983228,2.49809075138245,2.25596070666878,2.24462203398694,0.454455642218414,0.433021427869354,0.455693554665107
0.1,"eld vs kin","110",0.0172120686644844,0.00943202392461256,0.00299080665685348,1.76416693004549,2.02539510631055,2.52421166138382,-2.21609610010681,-2.38090015598252,-2.46311747796923,0.525288914827988,0.493657516125967,0.526370033732124
0.1,"eld vs kin","111",2.63528110762682e-05,4.6289763036553e-05,1.39461833330392e-05,4.57917305142694,4.33451504242265,4.8555446299669,-2.92854573447879,-3.2109652092109,-3.16049407406401,0.454494048961239,0.442384611357141,0.450430420605456
0.1,"eld vs kin","115",0.0307895634363365,0.0153410585482866,0.00516334721469225,1.51159646889265,1.81414467260224,2.28706866938341,-2.3742678649377,-2.58549889787337,-2.61252417579475,0.577360988195215,0.551044742871233,0.560510002041116
0.1,"eld vs kin","118",0.00471348354587728,0.0086314522423522,0.00614014317262166,2.32665800464221,2.06391612806472,2.21182150209098,-1.90559319852983,-2.20130311186594,-2.19232342051001,0.386660017257293,0.390005196529467,0.402089752508936
0.1,"eld vs kin","119",8.06310353436722e-08,0.000637510464767787,9.78127795009729e-08,7.0934977636019,3.19551268186875,7.00960439977096,2.67219504570413,2.38922753993387,2.41206554781323,0.316310306736706,0.307405702094264,0.315990117058497
0.1,"eld vs kin","121",1.22012054515099e-12,1.60539865276033e-09,1.22014012974956e-11,11.9135972598927,8.79441710581608,10.91359028893,4.88676456565761,4.66073833764506,4.58964061939444,0.508653427997548,0.490122986396752,0.500819462348865
0.1,"eld vs kin","124",0.000147406310646712,0.000798109687739313,0.00129663161196121,3.83148392339435,3.09793741753862,2.88718339447694,2.87426156387471,2.63887538705295,2.52659196660754,0.448047975796522,0.435860832093019,0.43389745349606
0.1,"eld vs kin","125",0.000200143772949578,0.0030851587246556,0.000514636176407129,3.69865791750345,2.51072248755657,3.28849968827381,3.09759999418754,2.88463280698444,2.89647239750549,0.544302738687276,0.523114276844216,0.542872409375507
0.1,"eld vs kin","130",0.00380412332570355,0.000566691639361606,0.000189365985643536,2.41974541213306,3.24665319463908,3.72269802730714,-2.97267478663097,-3.23614386735855,-3.29992169130537,0.5761143459477,0.580056560310672,0.589239257807453
0.1,"eld vs kin","133",0.015132629183094,0.0108496681380162,0.00105866620629287,1.82008560994702,1.96458354550508,2.97524094982277,-2.24670777199806,-2.4946524450921,-2.42736943305701,0.48829224533271,0.461366734850693,0.492115769341576
0.1,"eld vs kin","138",2.80628610200243e-12,6.16701666622055e-08,5.9086345243953e-11,11.5518680545525,7.20992487790127,10.2285128722554,4.09428918351147,3.90058468055865,3.87429980846234,0.433050186275044,0.433389111861717,0.435127255538329
0.1,"eld vs kin","139",2.55996009900354e-06,6.4025403932921e-07,3.07243566713334e-07,5.5917668037966,6.19364767290974,6.51251720191637,-3.68460177500667,-3.94735889787806,-3.94067766699466,0.532210055896648,0.532446850227125,0.53805723650394
0.1,"eld vs kin","147",0.00458984491779099,0.0406621736275487,0.00382167888344198,2.33820198820684,1.39080940953421,2.41774580734068,-2.52463948153641,-2.69715817204992,-2.70140726880771,0.561378447788848,0.555928129796299,0.560712425091734
0.1,"eld vs kin","151",5.36683646518155e-16,2.83931954926483e-15,5.89430152231002e-17,15.2702816380559,14.5467857273499,16.229567651634,5.61337151229261,5.40262460872637,5.3607878623657,0.480490812227681,0.478760228870392,0.478737524147134
0.1,"eld vs kin","162",0.0211073348720728,0.0370365377514748,0.0161938542897528,1.67556659963513,1.43136961879649,1.79064977276893,-2.52217946591472,-2.76513851751434,-2.80106041049737,0.601715492353537,0.605737321559969,0.600945321813325
0.1,"eld vs kin","163",0.00451943839213802,0.0109685543023652,0.00444110589956881,2.34491552942515,1.95985061033601,2.35250887081416,-2.66990040655045,-2.86315907865294,-2.87923690247347,0.573077547350078,0.554442057073604,0.576349752597046
0.1,"eld vs kin","164",1.2331352969397e-07,7.63123752167174e-05,7.73187369864635e-07,6.90898927093811,4.11740502885336,6.11171524885313,3.4450076847455,3.21782865730787,3.22524025387186,0.457979130037679,0.467274635899782,0.463448053341896
0.1,"eld vs kin","169",2.18434175940785e-05,0.000116630373065966,0.000209448570723336,4.66067941147406,3.93318833519273,3.6789225989174,-3.1108460070512,-3.46514650065347,-3.40112785303386,0.520316151043793,0.510414825456553,0.526683476170724
0.1,"eld vs kin","172",0.000825815614741974,0.000570593522301653,0.000139087609979509,3.08311690962775,3.243673163006,3.85671155553772,-2.5100098381217,-2.76361658722039,-2.77846269412084,0.462422230727008,0.447299303614915,0.459716833922297
0.1,"eld vs kin","181",0.00786341392444744,0.0188169893249145,0.00121880647406853,2.10438886278318,1.72544986147045,2.91406524755343,-2.2589289825373,-2.57806667995643,-2.57311223170958,0.494604401877467,0.467831061840103,0.495460548166467
0.1,"eld vs kin","203",0.0234007694041496,0.0394787290498097,0.00364617826848033,1.63076986299656,1.40363683714574,2.43816210169184,-1.91625983789919,-2.23580115216077,-2.22858787243125,0.443591044573265,0.4403737303236,0.452976919457001
0.1,"eld vs kin","206",0.000370306746178558,0.0029860559309875,0.00264480489194797,3.43143837598341,2.52490206188502,2.57760636048162,2.93147644494003,2.85731267689504,2.78072508141694,0.54693082276272,0.534955319270372,0.541773154709129
0.1,"eld vs kin","207",5.68084575463266e-09,0.000106127517364064,1.57620623582833e-08,8.2455870024533,3.97417199508151,7.8023869586597,3.83410255555849,3.59053466598958,3.62683630052243,0.468539251852712,0.463878893398684,0.465535272131347
0.1,"eld vs kin","216",0.0171657015596096,0.0430550108473624,0.00903216532229169,1.76533844232615,1.36597629701591,2.04420812180254,-2.07410392504686,-2.3085933718782,-2.39960765440715,0.5176202184595,0.521628502404127,0.515399504861931
0.1,"eld vs kin","222",3.28592915877454e-06,7.86832742639587e-05,3.17689055403135e-06,5.48334180373874,4.10411757598729,5.49799774664562,3.60655334399373,3.34194965397797,3.35104934756124,0.510456410137007,0.49967215573199,0.525864452248611
0.1,"eld vs kin","223",0.00589010405235737,0.0190721991786876,0.00576766350923795,2.22987703306256,1.7195992264033,2.23900008468668,2.83018691378575,2.55475426124756,2.5075703860481,0.526416242560938,0.518051828848894,0.535222694422123
0.1,"eld vs kin","246",6.40391525889943e-07,0.000409510059420658,4.83038789695719e-06,6.19355442360406,3.38773542553427,5.31601799248993,3.24655383247933,2.98375475952252,3.00112267129815,0.479783059373928,0.477639051421339,0.469920831049562
0.1,"eld vs kin","251",0.0158599198097407,0.0120837522341993,0.017392283248704,1.79969901287435,1.91779818810111,1.75964340033072,-2.59483029964716,-2.82339392346424,-2.78000553758461,0.589091608039129,0.577161238536486,0.601099872710646
0.1,"eld vs kin","252",0.00571407032359934,0.013825884709531,0.00341063830182716,2.24305441901747,1.8593070689076,2.46716433507798,-2.18265419504693,-2.41405709855966,-2.37555609927503,0.476723537033916,0.455802802455498,0.469849273010118
0.1,"eld vs kin","265",0.000502353171087413,0.0401211336078738,0.000178905971423095,3.29899085192656,1.39662680464741,3.74737516355326,2.92502684605456,2.55490333573369,2.68381733786186,0.490963414509695,0.489182443155318,0.485094297057212
0.1,"eld vs kin","267",0.00465893733454283,0.00593536550946354,0.00071449413041034,2.33171313102963,2.22655253132518,3.14600133459991,-2.88602912597146,-3.21358003683809,-3.13906728149665,0.601498665347911,0.590902308522261,0.607555673411357
0.1,"eld vs kin","282",0.00991734896301449,0.0082796064327814,0.00032007207655071,2.00360440492277,2.08199030670952,3.49475221254413,-2.5299785867642,-2.96107156521846,-3.01436985169982,0.483602077716777,0.471196759255998,0.482994841139837
0.1,"eld vs kin","294",0.00279056346630042,0.031980419960395,0.00017327044994552,2.55430809579537,1.4951158374852,3.76127549683521,2.81206920319815,2.59533105049213,2.64833914693826,0.441596787286603,0.443315192291883,0.455929673242139
0.1,"eld vs kin","329",3.78322334315966e-05,0.00456195024976306,0.000100279440258164,4.42213801931031,2.3408494552214,3.9987880988609,2.88814888557963,2.5552984857779,2.64607308604244,0.426805373859538,0.42249376535114,0.435234883247186
0.1,"eld vs kin","344",5.83777952149858e-07,3.33889064405853e-05,1.01385237007379e-06,6.23375231126727,4.47639780480297,5.99402527925324,3.30446723169064,3.10502117065032,3.01311217968974,0.414980185944527,0.425975207014463,0.411701314457709
0.1,"eld vs kin","473",0.0105025853950123,0.00585445018180884,0.000363580176711578,1.97870377858961,2.2325138852575,3.43939980361142,-2.45050279756049,-2.79592033180953,-2.75733610353746,0.540204399075323,0.52585167963474,0.532736819269427
0.1,"eld vs kin","614",0.000677276062648673,0.00681530841712864,0.000141524666401078,3.16923427363814,2.16651448600299,3.84916786015184,-2.64119616983155,-2.8042766767211,-2.86129283838458,0.50377971708012,0.485598493396465,0.494746334658221
0.1,"eld vs kin","616",0.0011059312652265,0.000622431018146855,0.000253367213559196,2.9562718640444,3.20590877290404,3.59624958476262,-2.41488031542436,-2.67719538729342,-2.62422745542551,0.44541588115247,0.420070685747414,0.425633751551351
0.1,"eld vs kin","652",0.000800787658102042,0.0175522296560743,0.000778897818131821,3.09648262890971,1.75566770735635,3.10851951271541,2.16140489291535,1.94761394105084,1.96114750031991,0.362532882004711,0.359188809379451,0.368329888897396
0.1,"eld vs kin","666",4.15512180391986e-09,9.01808809919413e-09,1.84256834038129e-09,8.38141624071382,8.0448855263141,8.73457639530062,-3.63353841962597,-3.87046898935117,-3.90853968466743,0.422969004553943,0.415986077107369,0.428124275860204
0.1,"eld vs kin","670",0.00466049673697474,0.0256542800914574,0.00598778585808766,2.33156779175851,1.59084016797778,2.22273373977752,2.34338195906087,2.1775605200395,2.12649731062347,0.431099920401428,0.43083536307228,0.425490606064859
0.1,"eld vs kin","728",2.74197387369071e-15,7.93659998562518e-12,3.31639414985524e-16,14.5619366876085,11.1003655081174,15.4793338596252,4.38980686946676,4.09356778792784,4.11316293132538,0.387547481159844,0.390509065998117,0.381841640184558
0.1,"eld vs kin","744",4.03157219755234e-05,3.06401767982162e-05,3.0233750644902e-06,4.39452555843245,4.51370873309073,5.51950797312173,-3.41062198254145,-3.63485704996999,-3.6665105276091,0.528976687864367,0.519879468455829,0.511063525194248
0.1,"eld vs kin","770",0.000410364602216194,0.000498351717181342,6.4228800238749e-05,3.38683010824028,3.30246404094253,4.1922701903097,-2.40215310035075,-2.66505908529633,-2.66426573052361,0.43559941634591,0.417342806817633,0.440724434756271
0.1,"eld vs kin","786",2.26155778899931e-06,6.04737994408605e-06,4.65451303448607e-06,5.64559231036208,5.21843274473351,5.33212574916132,-3.51542567895877,-3.76035351686225,-3.78431476421698,0.496884474484716,0.498637627559101,0.50008083365708
0.1,"eld vs kin","849",0.000144739846070992,0.00014409655805061,0.000211085257533839,3.83941189357645,3.84134639279794,3.67554209731897,-2.52199362169782,-2.7908212337304,-2.76763325752352,0.436172586169831,0.394802370085644,0.437425540904382
0.1,"eld vs kin","854",1.57346461901264e-07,0.000308172066753443,1.82967021044418e-06,6.80314301820378,3.51120672903299,5.73762718277853,3.59672954829878,3.26144759436578,3.25852398276578,0.480965500925154,0.460174788867987,0.467476353473777
0.1,"eld vs kin","879",0.00153058596581479,0.00237792168920567,0.000202091686714561,2.81514227310322,2.62380245186445,3.69445155134492,-2.34430680599813,-2.56606748717349,-2.61680953738529,0.419948464240845,0.418448180654292,0.406223993299236
0.1,"eld vs kin","886",5.2368294233742e-12,6.07711502922676e-09,4.51661678459246e-11,11.2809315719251,8.21630254313505,10.3451867558847,4.81736634901173,4.60304339279439,4.65453315421582,0.518727356763702,0.524844664429864,0.525067730056499
0.1,"eld vs kin","888",5.22305722769655e-06,0.000403946104547231,9.60052802692108e-06,5.28207521568384,3.39367657562985,5.01770488020296,3.06679210138266,2.85509415874311,2.83565774487804,0.457952146288559,0.447702929659214,0.458239958947876
0.1,"eld vs kin","891",0.00105234906425587,0.00019640357399419,0.000430984038160475,2.97784018077633,3.70685061353567,3.36553881398589,-3.09044924462396,-3.39863156407793,-3.37334459958728,0.571101982417216,0.561863670842825,0.57108022018202
0.1,"eld vs kin","895",0.000141841433340586,0.00493185387408987,4.46243792692539e-05,3.84819688873848,2.30698979959792,4.35042781192877,-2.95594850425492,-3.10597823921265,-3.15683928889222,0.508326322994625,0.506086440328641,0.501599908132895
0.1,"eld vs kin","914",0.00318194336137044,0.00834940411906166,0.0009828593705696,2.49730755506756,2.07834451817362,3.00750861742193,-2.69127175308364,-2.96787568949209,-2.93238242846497,0.566371906835179,0.555071077709472,0.570792325401212
0.1,"eld vs kin","922",0.00109896632005339,0.0312227418525574,0.00349486515116817,2.95901561716623,1.50552896164676,2.4565695767805,2.46730311765372,2.19310584630673,2.28573882380192,0.480859959464083,0.456653253011058,0.481825916829698
0.1,"eld vs kin","929",0.014464657730497,0.0318717904459909,0.0462499688349222,1.83969183837377,1.49659353869217,1.33488855556983,2.38181571063231,2.15584794199202,2.10428274274725,0.465561066763874,0.461421790911019,0.462691293961691
0.1,"eld vs kin","944",1.40939267514135e-05,0.0125854004508929,2.21773015158823e-05,4.85096798993678,1.90013296121644,4.65409129894692,2.20287893829542,1.9677481007924,1.96368039753709,0.291253975958923,0.295751866542029,0.290551425367106
0.1,"eld vs kin","947",2.56419242810667e-11,1.72800271981579e-08,1.47045288959889e-11,10.5910493865912,7.76245557829228,10.8325488848699,4.5049412465365,4.1578073285909,4.16709683713087,0.429575553954895,0.426853576477569,0.428753669583921
0.1,"eld vs kin","965",0.00621624736703017,0.0376396907357199,0.00771472141614504,2.20647171171057,1.4243539535849,2.11267975198779,-2.64942520032434,-2.71332791694595,-2.74309100554967,0.605881041594391,0.612386313641713,0.600862755314121
0.1,"eld vs kin","977",0.0310180948421377,0.04341384923184,0.0113843924068426,1.50838488044105,1.36237170630514,1.94369014303715,2.44427705228158,2.25669682192537,2.11552158742469,0.512697152497879,0.519696410761864,0.518280369744188
0.1,"eld vs kin","978",9.0923797482419e-23,9.10706015364392e-20,4.18030153972714e-26,22.0413224340203,19.0406217948275,25.3787923899196,6.27066971918013,5.97699788471418,6.05966606220852,0.415099772501075,0.406317503415503,0.406644032465658
0.1,"eld vs kin","984",1.28200462857764e-16,1.76071592183223e-13,9.69799740356697e-16,15.892110406828,12.7543107085034,15.0133179364936,5.22992060979173,4.84595776215582,4.85264469123137,0.434592875479394,0.42377983874207,0.422295434884398
0.1,"eld vs kin","988",8.57920692478297e-06,0.000296409400385626,3.57106888247098e-05,5.06655285715243,3.52810802717426,4.44720177260517,3.38372917997085,3.27313906270267,3.10188945104949,0.525495781017228,0.550830331217948,0.525355259100247
0.1,"eld vs kin","991",0.000244051035576611,0.000658726227599311,6.210682408906e-07,3.61251934517094,3.18129504450612,6.20686067838384,-3.45582423390067,-3.80193297705138,-3.87427403694267,0.579269391589674,0.57507837875998,0.564848633395995
0.1,"eld vs kin","1014",3.23844920182806e-08,1.83955955950059e-08,1.50626116732717e-07,7.48966291088083,7.73528614643372,6.82209972023668,-4.103329944039,-4.30875382629261,-4.19988310652645,0.513236508569809,0.500034382950206,0.520805028766249
0.1,"eld vs kin","1020",0.000225471220322492,0.021661872164302,0.000661201540645776,3.64690888461879,1.6643040114462,3.17966614316293,2.50929594388625,2.34202130175854,2.30943606135349,0.41470371049188,0.41672083613726,0.418372606948244
0.1,"eld vs kin","1021",1.17041531285763e-06,1.10296313537784e-05,3.4322588784837e-07,5.93166000485432,4.95743900285404,6.46441996288136,-3.68271245250071,-3.8515460031386,-3.92528859204374,0.550561338660106,0.557956381025198,0.557033745555722
0.1,"eld vs kin","1030",4.52421893022136e-08,6.70213939908856e-08,3.72228905742623e-10,7.34445638741446,7.17378654343221,9.42918990439957,4.22169402938194,4.16791899740179,4.1082277287078,0.429252070513698,0.449018197169788,0.434063684903973
0.1,"eld vs kin","1043",6.01393033222468e-05,0.00883795707592195,0.000687135021602052,4.22084160724741,2.05364811204455,3.16295791596075,2.61447945351181,2.36613742148725,2.35068632318313,0.426119676448586,0.415293948059754,0.416791175344255
0.1,"eld vs kin","1047",0.00805883826684073,0.0476449006798876,0.00279794861007687,2.09372756001435,1.32198357404127,2.55316026645784,-1.47673824199911,-1.72011576214305,-1.72445789606447,0.291354124602026,0.273653513420179,0.290624278389855
0.1,"eld vs kin","1074",4.12909334954786e-20,5.24036117669483e-16,1.46746837341031e-19,19.3841452985893,15.2806387794972,18.8334312498087,5.29403340890812,5.05931437083212,5.02509033639348,0.400443309371348,0.40573662125143,0.383704249052937
0.1,"eld vs kin","1076",6.18837218543108e-14,8.5731508656278e-12,9.49919002935016e-11,13.2084235745431,11.0668595337289,10.022313424267,4.7575016139147,4.46567385034169,4.50960537221427,0.429112132123799,0.425024463807043,0.435762615527239
0.1,"eld vs kin","1079",0.0161312324776567,0.0186549630328551,0.00268867003156398,1.79233244985858,1.72920560723119,2.57046249352385,-2.14172178791885,-2.44116111820039,-2.40125044125256,0.497178574064305,0.475496184651216,0.49566488111058
0.1,"eld vs kin","1082",2.33294312167576e-05,0.000186467209845271,0.00012066579323446,4.63209584939462,3.72939752758337,3.91841582779004,3.18762245660339,3.03845947448684,2.9673320018309,0.492974047316425,0.492304224586345,0.481590587281763
0.1,"eld vs kin","1089",3.29530220481194e-13,2.57393370420272e-08,9.28294429214349e-13,12.4821047510657,7.5894026432396,12.0323142557825,3.20206882416966,2.96517898821653,2.95707341012363,0.288289322362558,0.282784725752913,0.288963220538487
0.1,"eld vs kin","1098",1.35710564950891e-28,3.26886126242783e-22,4.81697802799308e-28,27.8673863415719,21.4856035114296,27.3172253346578,7.16030585173508,6.93692783337611,6.94844236539821,0.443294567901433,0.44634783070802,0.448766895544419
0.1,"eld vs kin","1101",0.0112980199703786,0.0111385063265076,0.00495035463696692,1.94699766194015,1.95317304413971,2.30536368766019,-2.5558888133772,-2.70880059539791,-2.65121920640715,0.585995068829054,0.56478832722108,0.597958606646933
0.1,"eld vs kin","1104",0.00114423761983288,0.00204873790017498,7.68397279496518e-05,2.94148377775786,2.68851359835262,4.11441418142323,-2.48298361102638,-2.75203549352751,-2.74142604990488,0.469259686859091,0.454601860630851,0.466330366020411
0.1,"eld vs kin","1105",1.17182277738165e-08,2.70483894178e-10,4.28499392450081e-10,7.93113806461915,9.5678585896253,9.36804978950686,-4.41329409441173,-4.69203972105623,-4.61246977837579,0.520017613374132,0.491414323650884,0.509031691446989
0.1,"eld vs kin","1108",2.15251717451841e-05,0.0135425517055522,0.000225600806286869,4.66705337470877,1.86829949759838,3.64665935253749,2.65294366529102,2.49617708275602,2.40473498129484,0.430922778050912,0.439658689364441,0.440333743428991
0.1,"eld vs kin","1112",6.72186506026598e-05,1.21121752902471e-05,2.60297725194429e-05,4.17251021013046,4.91677785258672,4.58452962728002,-3.25637091975396,-3.60039966523667,-3.62100179555985,0.528026394983485,0.521488964214052,0.53968028577449
0.2,"cent vs mage","4",9.86363214870104e-11,1.83741364337875e-08,2.86035882297819e-06,10.0059631325567,7.7357930631746,5.54357948258267,2.11394009504669,1.96823718546336,1.74713337506343,0.182948617070991,0.199348469082202,0.182837662015046
0.2,"cent vs mage","7",1.53682817383655e-12,2.747468700652e-11,3.575170817807e-10,11.8133746863884,10.5610672463882,9.44670320324508,4.08914913888754,3.92269399923699,3.71233470030195,0.416092180093164,0.419916113250663,0.415911546270795
0.2,"cent vs mage","8",4.48919404326655e-05,6.15785301544016e-05,0.00324808771788858,4.34783162202125,4.21057068167918,2.48837225071148,2.17947367130052,2.03766904391866,1.8159760462236,0.313502075445453,0.308987715202616,0.313877550252489
0.2,"cent vs mage","9",0.000102764481517697,0.000121752154756499,0.0092752622044674,3.98815696458507,3.91452334394843,2.03267380437127,1.92641421916206,1.77773983867885,1.56024043558651,0.271860868680638,0.263535922828293,0.272090680818536
0.2,"cent vs mage","11",2.64061406322238e-05,0.000200288278173663,0.00263816997387958,4.57829506810802,3.69834446694936,2.57869722685641,2.14914500793518,1.99105608392401,1.76920950524963,0.299815412092568,0.312124929666055,0.29848008153508
0.2,"cent vs mage","14",2.57824364273406e-10,2.22367087523274e-09,6.08329981180645e-07,9.58867604443212,8.65292949211147,6.21586077906486,2.61246783128469,2.4638148826432,2.24671811285165,0.259892411981599,0.263729644029993,0.258528143633167
0.2,"cent vs mage","19",1.05103371443216e-05,8.39527309010903e-06,0.000737660219285126,4.97838335270915,5.07596517211695,3.13214363664572,2.4350253719482,2.28230570549097,2.06679473106799,0.342135312718425,0.329496180127555,0.343780202986163
0.2,"cent vs mage","20",1.24772281231712e-09,5.1118873020626e-09,1.62828651018078e-06,8.90388188456686,8.29141872930816,5.78826917509629,2.59173254060223,2.44754619319357,2.22087806148017,0.268218092106857,0.265589603583598,0.268554146182374
0.2,"cent vs mage","21",1.72275918371723e-11,8.80693610831999e-11,8.60512974296922e-08,10.7637754262619,10.0551751543216,7.06524257725614,2.77522899000705,2.62300154668524,2.40288511675071,0.261478500689611,0.264921944671127,0.261475985182902
0.2,"cent vs mage","22",0.0263165471027342,0.00782446144570871,0.00030304992333498,1.57977109350039,2.10654554505385,3.51848582152099,-1.69790712374377,-1.83976764516902,-2.06316827701999,0.322242161705873,0.32674694740004,0.322325490093099
0.2,"cent vs mage","23",7.12168966411175e-06,2.28326471738682e-05,0.00132218145382045,5.14741695513527,4.64144373431105,2.87870893896142,2.05296369016377,1.90516876218845,1.68949989982291,0.267110951780024,0.261672544494986,0.267097348784113
0.2,"cent vs mage","24",1.73893736065984e-10,4.05378522314049e-11,2.97040441085026e-08,9.75971606170617,10.3921392647392,7.5271844188834,4.40073827531519,4.24119288083125,4.06166150226909,0.49047884888779,0.483603256832254,0.494587212545235
0.2,"cent vs mage","26",1.72090499276699e-07,8.48015465696422e-08,9.99216361547394e-06,6.76424310541676,7.07159622721809,5.00034046327326,3.00526905230895,2.86157035206254,2.6249015669504,0.3742191512068,0.371100077126657,0.371102142667434
0.2,"cent vs mage","32",4.38766367282905e-07,9.14749640994788e-07,0.000470333312212288,6.35776666975559,6.03869775228575,3.32759426046798,2.04503671663594,1.89980916652729,1.68592879286745,0.227573593959232,0.224073711668928,0.230021936401524
0.2,"cent vs mage","36",6.46792171512986e-05,0.000311347288339611,0.025674607387971,4.18923524524258,3.50675491238765,1.59049618884233,1.64655436990044,1.49752793823677,1.28026058628042,0.203587252710162,0.20502493092588,0.203514006107306
0.2,"cent vs mage","39",2.99610346424845e-09,3.09195351101571e-08,3.71108293995548e-07,8.52344319325017,7.50976704452769,6.4304993393827,3.51586315280424,3.38741392630914,3.15854934479156,0.41737591438011,0.426507982803384,0.419058240602452
0.2,"cent vs mage","42",2.76604577505792e-08,6.92277287554016e-08,1.98093484243039e-06,7.55814063706454,7.15971991662165,5.70312980918549,3.34504309800352,3.20849713601072,2.99136250500156,0.414769448036028,0.411199043834651,0.410936314332734
0.2,"cent vs mage","47",0.0259338576454229,0.0110182134774113,0.0333270023669039,1.5861328773876,1.95788881744431,1.47720374766737,2.38859020910829,2.33428402879086,2.10212275846827,0.491975030943025,0.491074935844298,0.494603643540265
0.2,"cent vs mage","51",0.0264972910856755,0.00971849958130144,0.000792636210311032,1.57679852329633,2.01240077970954,3.1009260915034,-1.87036363257898,-2.00649586116794,-2.22622299736216,0.388140456648872,0.364276496647968,0.387804681973006
0.2,"cent vs mage","55",3.42003935657114e-05,7.09852181554182e-05,0.00129064351529607,4.4659688962119,4.14883207863161,2.88919369632298,2.39153214678659,2.26066824599644,2.02833683326712,0.358979530419372,0.36816857598314,0.358135186926787
0.2,"cent vs mage","56",3.65597607863047e-07,2.23722076130756e-07,1.6817747911577e-05,6.43699665455549,6.65029115909192,4.77423216163319,2.91483952127021,2.7663720586602,2.52943097023701,0.371852578699569,0.37006856138416,0.376685205814461
0.2,"cent vs mage","57",0.0285213144634593,0.0128821040978896,0.000946896494639428,1.54483046300418,1.89001319571292,3.02369749118015,-2.08058415503857,-2.22027166735079,-2.43267277123314,0.455431753182777,0.436939678542623,0.457608873972193
0.2,"cent vs mage","61",0.00106971744782786,0.00158956678908679,0.0380801660766588,2.97073092049613,2.79872121954382,1.41930116622193,1.78202008754532,1.64511265145306,1.42982614797838,0.2826134290029,0.282780268583303,0.279776346079502
0.2,"cent vs mage","69",3.06258724067842e-05,3.2043039051508e-05,0.000555361107627367,4.51391153116436,4.4942663009302,3.25542453750302,2.58657506190382,2.50797540893586,2.22551475605748,0.387422957765975,0.396605051872811,0.387636048862605
0.2,"cent vs mage","90",1.29152888216655e-06,5.68425617311519e-06,0.000253695880445234,5.88889587735338,5.24532635789739,3.5956865848651,2.2445306059792,2.15256065494557,1.86059877339519,0.27979920197739,0.295941632160631,0.277944570650279
0.2,"cent vs mage","92",6.96036970080117e-05,0.000116814297070474,0.013614213412086,4.15736769217769,3.93250400004189,1.86600744581568,1.84301908654827,1.68958249177927,1.47385229484614,0.240526819456119,0.24463990049944,0.23962999437424
0.2,"cent vs mage","95",0.00303606190790812,0.00645427276632403,0.0382059794676908,2.51768937704903,2.19015268467023,1.41786866204638,1.97971239402569,1.81044940369202,1.6202390157769,0.370731213913272,0.367178149952474,0.369663788649668
0.2,"cent vs mage","100",0.0114551250048568,0.00126377948368185,0.00041954438990195,1.94100016717966,2.89832869929335,3.3772220818685,-2.74662899575111,-2.91514728175961,-3.12518707297701,0.560679325778757,0.560370567805548,0.565583256907107
0.2,"cent vs mage","106",6.21634033804848e-07,9.71230015671541e-07,0.000107950205394797,6.2064652163934,6.01267790427635,3.96677652700514,2.63402506232721,2.52608227186405,2.27916480059236,0.334357321969648,0.326627030570464,0.333966021634748
0.2,"cent vs mage","114",1.14806442121713e-07,1.39207725494404e-08,8.02258727489312e-10,6.94003374173409,7.85633666237999,9.0956855496705,-3.823639835577,-3.91533536607327,-4.10976618318371,0.493695016433379,0.456301265216317,0.485704923512115
0.2,"cent vs mage","119",9.9320446115199e-05,0.000441871469971389,0.0197286602952571,4.00296133840328,3.35470403834264,1.70490240517516,1.7374418394867,1.66898066031156,1.39389530909186,0.235442233493355,0.253314603528287,0.234321671763444
0.2,"cent vs mage","132",8.03699627798434e-09,5.89045508798363e-11,2.82450047147294e-12,8.09490623279832,10.2298511509574,11.5490583484341,-4.40243699468163,-4.57641229420243,-4.78216510584677,0.491036474165226,0.486109820620071,0.485379026216801
0.2,"cent vs mage","142",2.47833353230891e-05,1.34660241722341e-05,0.000167053000539156,4.6058402469939,4.87076061028554,3.77714571933207,3.58176578997775,3.44030701937838,3.17517261023586,0.540887508921314,0.544215478163463,0.537386723361217
0.2,"cent vs mage","143",5.80163137157908e-10,3.15969451942074e-09,2.10781496423618e-12,9.23644986918641,8.50035490312302,11.6761675165801,-4.05352836167315,-4.10893192868576,-4.27796703986843,0.456620826501886,0.455705496170901,0.431825913752416
0.2,"cent vs mage","146",0.0182567848001296,0.00858778925303879,0.000854745900738999,1.73857570360948,2.06611862182374,3.06816297335173,-1.9957763231685,-2.17845055204234,-2.42887143409438,0.421668561379333,0.401469587266468,0.430071680815589
0.2,"cent vs mage","148",0.00699855785213407,0.000219981093090046,0.000254229138637985,2.15499144304094,3.65761464426652,3.59477467398483,-2.64599149976905,-2.85758668065745,-3.04751643774924,0.492951763091967,0.472699437544569,0.498447935200286
0.2,"cent vs mage","155",0.0125958621796472,0.0437670388163529,0.00310595054969738,1.89977209993659,1.35885283582284,2.50780546301973,2.6739004059428,2.33437464032473,2.22596622015164,0.464870150858524,0.470188493626624,0.462795824408285
0.2,"cent vs mage","168",7.01257205556595e-07,4.17188182832095e-05,0.000432554055169256,6.15412266325109,4.37966800178793,3.36395961214181,3.49199540339415,3.27745584609632,3.06931689711366,0.447873128011054,0.441886755515076,0.459981107592853
0.2,"cent vs mage","169",0.00198874284591209,0.000211004842716151,9.63892675899808e-05,2.70142136962644,3.67570757721052,4.01597131968564,-2.48216499760401,-2.56132774957512,-2.78339046533436,0.437815423670469,0.40316874772814,0.435941883924703
0.2,"cent vs mage","173",0.0224283185628636,0.0339204884867843,0.00544861084376598,1.64920328398467,1.46953790212324,2.26371420961111,-2.11448492436581,-2.29651464876145,-2.48328305973379,0.497592174760793,0.495458964096684,0.500021072255778
0.2,"cent vs mage","191",0.0359299600802358,0.0460711837893705,0.00552673032059671,1.44454326531533,1.33657062849865,2.25753172650456,-2.16144021038249,-2.15331595172754,-2.49305317894232,0.470664684083772,0.457050241213846,0.460032105899847
0.2,"cent vs mage","210",7.1669790842795e-10,1.5650690812774e-11,2.1284706983038e-11,9.14466386294992,10.805466488178,10.671932324182,-4.39654763782066,-4.53763723677163,-4.76905327700991,0.459203423316282,0.455813605774849,0.461695986047789
0.2,"cent vs mage","212",0.00148825295376088,0.00465885597927488,0.0444035797260516,2.82732324682373,2.33172071483037,1.35258201653847,2.19732043193652,2.12985555579247,1.95061637921635,0.380277621473313,0.390826206830497,0.369980785963853
0.2,"cent vs mage","219",8.91286890134734e-07,1.56204433478577e-09,1.06320191655314e-11,6.04998248143136,8.8063066439033,10.973384249195,-3.95770635171764,-4.04542421859115,-4.32088861551685,0.461351302456609,0.466428926783991,0.45986826582308
0.2,"cent vs mage","287",0.0175708727028678,0.0221857338546292,0.00464897069555527,1.75520666760958,1.65392620121631,2.3326431913516,-2.05901173719042,-2.25067993315451,-2.4004692399811,0.450192539218752,0.437870858848618,0.454394057975758
0.2,"cent vs mage","289",0.0148871443153585,0.00256053792145331,0.000875557946429644,1.82718860157784,2.5916687878999,3.05771510602616,-2.50589025030065,-2.62497419668097,-2.86450073560204,0.490714076335138,0.463864082274948,0.488262993024174
0.2,"cent vs mage","294",2.18399392417213e-06,2.41830908085797e-05,0.00856272231504126,5.66074857416427,4.61648819332938,2.06738813971064,2.83265817469043,2.67379248705902,2.416308505873,0.379499893461986,0.37717050696857,0.389818026158978
0.2,"cent vs mage","353",4.55642664784824e-06,2.26704884411873e-06,2.28202795437303e-08,5.34137561687324,5.64453912279244,7.64167903986715,-3.23454428110768,-3.53265201439724,-3.70649618145569,0.453143010324518,0.449065777400329,0.45075880601717
0.2,"cent vs mage","363",0.0492638310481573,0.0352795310898218,0.00200877340825333,1.30747181786477,1.45247719583206,2.69706904936188,-1.89203070443293,-2.08575553014323,-2.40637177573433,0.434332038641832,0.422708385011916,0.452563404162191
0.2,"cent vs mage","372",0.0389126596160493,0.0193326215116487,0.0048866567669985,1.40990908487089,1.71370925146298,2.31098816423221,-2.1088989091722,-2.32556409374651,-2.39296175753209,0.473401325274294,0.475430999776106,0.478509867751647
0.2,"cent vs mage","401",0.0492928277773018,0.0368301288378208,0.0136457486970463,1.3072162669974,1.43379676190923,1.86500263104021,-1.92704694667875,-2.11124745908453,-2.42300444008588,0.438556217189772,0.434655616338583,0.446009278976731
0.2,"cent vs mage","453",0.031339362803747,0.0282896328464817,0.00126487681785312,1.50390983791305,1.54837268894392,2.89795176692416,-2.08555533841563,-2.23974000344398,-2.53681716018417,0.450168418496225,0.45741674051162,0.458564013311185
0.2,"cent vs mage","464",0.0168270559996975,0.0222446746560262,0.00117614447545103,1.7739918599556,1.65277394173099,2.92953932703772,-2.21459674344813,-2.43258430099605,-2.63228689608818,0.483083886092227,0.46297205920238,0.475474573544298
0.2,"cent vs mage","531",0.0395504106622312,0.027816563826563,0.00453861581850784,1.40284900275,1.55569651932353,2.34307657754874,-2.17941263751988,-2.38019125244576,-2.5215604630223,0.467938518875858,0.461719571164977,0.466950243863846
0.2,"cent vs mage","546",0.0132787829465312,0.00644728585776441,0.000640901927599523,1.87684172796704,2.19062307374772,3.19320842221438,-2.13162729562372,-2.27963562096018,-2.67474146582637,0.430959931851606,0.427467660755814,0.448477175453525
0.2,"cent vs mage","652",0.000837401212323022,0.00156188126798418,0.00489737593144099,3.07706641470725,2.80635198365922,2.31003655747168,2.2906883743385,2.08913226271519,1.94417228860009,0.316113252208192,0.298642179641279,0.32180670190736
0.2,"cent vs mage","671",1.2287290307908e-05,3.36083624846573e-05,0.00240864373309075,4.91054388066707,4.47355264734017,2.61822743254421,2.46214401897898,2.30124120656166,2.08447588419353,0.359097493991492,0.355352202837177,0.358105853361973
0.2,"cent vs mage","675",3.155884031337e-05,1.08361921185297e-05,6.89080420001513e-07,4.50087896410513,4.96512330381627,6.161730090248,-3.02247330270516,-3.1643536375821,-3.37752186389456,0.467157022269672,0.462973250646745,0.467331796809695
0.2,"cent vs mage","728",9.41331825198559e-07,4.37718601303656e-06,0.000140198031512372,6.02625725813501,5.35880499720256,3.85325808415336,2.41948730391298,2.29471433294735,2.06162973966744,0.304415176610493,0.304671985960554,0.307713475336408
0.2,"cent vs mage","737",0.0399009594069241,0.0144655926799181,0.00319740851053306,1.39901666170364,1.83966376786841,2.49520187341353,-2.14735150722399,-2.28398562150397,-2.44692265800614,0.474572784156046,0.458238398944508,0.472315831544999
0.2,"cent vs mage","762",0.000227649479264365,0.000638236684982717,0.0010214693484809,3.64273333877934,3.19501823676476,2.99077466083313,2.45882294920294,2.31486222596385,2.10807402333207,0.383634608635962,0.387056720148743,0.379342567677814
0.2,"cent vs mage","769",0.0462205858922933,0.0160921916123892,0.00172479200025637,1.33516455370379,1.79338480485371,2.76326327078636,-2.04949951789063,-2.28390605423358,-2.46522307704919,0.448761854665642,0.446329716038768,0.453131389731828
0.2,"cent vs mage","770",0.00909970795290254,9.18246729253415e-05,2.02437592246642e-05,2.04097254575343,4.03704060991403,4.69370883674665,-2.15157230440073,-2.32262173599305,-2.51114628500823,0.35652223571194,0.330678894963143,0.354230486052776
0.2,"cent vs mage","819",0.0216965320648806,0.0250099441929051,0.00347553980224926,1.66360967746235,1.60188727735148,2.45897773353954,-2.07613707933234,-2.18413777373195,-2.40526058236852,0.43659658267724,0.425663577698969,0.441708562144639
0.2,"cent vs mage","829",9.90460755972937e-05,0.000102764932639013,0.00157172533805525,4.00416272739655,3.98815505809885,2.80362334543971,2.51206089411806,2.3679136242548,2.15291814575178,0.392466397090846,0.38662513455784,0.398242132887112
0.2,"cent vs mage","834",0.00132217417307513,0.00289631001833992,0.0256552086140861,2.87871133046087,2.53815495350796,1.5908244495497,2.17506559815553,2.03968103312194,1.81155028970464,0.393506460970945,0.40761059326088,0.401159111093081
0.2,"cent vs mage","837",0.0378540428066717,0.0309613087352326,0.00439008776622498,1.42188773109475,1.5091806899634,2.35752679729633,-1.98933170989548,-2.07276450563194,-2.42210920766895,0.457897779282939,0.448791795752867,0.462190433545031
0.2,"cent vs mage","848",0.000446214437636947,0.00031833007810552,0.00556897357674017,3.35045638186792,3.49712232418735,2.25422484271415,2.28587180411216,2.13423530622268,1.91778455789593,0.331766366973732,0.327884983216606,0.340992318981545
0.2,"cent vs mage","849",0.0309184710794874,0.00752386824851767,0.000600308643082151,1.50978199011461,2.12355881804494,3.22162540374414,-1.92064032984647,-2.07231858236891,-2.30343674076686,0.414385319442777,0.376220122393699,0.419408238782741
0.2,"cent vs mage","854",7.20786026362246e-07,3.2791375779358e-06,0.00165796787495017,6.14219364146933,5.48424036189577,2.78042388866333,3.27371941167169,3.14060593218356,2.94304292753865,0.457848949961676,0.454808721559688,0.470652622150775
0.2,"cent vs mage","857",0.000147476408780301,9.61531003294985e-05,0.00779347744253381,3.8312774465059,4.01703670794879,2.10826871727982,2.41789730976665,2.27461334059098,2.04551862568929,0.353152082034848,0.323631980662565,0.338549647873542
0.2,"cent vs mage","884",0.0281317446144761,0.013033563763295,0.000955354316666665,1.55080333385167,1.8849368190443,3.01983552974089,-1.85031520125557,-2.01183146762608,-2.23051226234687,0.403049102140772,0.403430179727112,0.405418214513399
0.2,"cent vs mage","886",4.79375551028998e-05,0.000615981302511588,0.00122429665653749,4.31932411949711,3.21043247020454,2.91211333653116,3.18660909324381,2.97536645115463,2.83054459245068,0.530159758193211,0.522234652852486,0.522413261412792
0.2,"cent vs mage","912",0.0278745442159806,0.0221954198027456,0.0108328470414307,1.55479222514927,1.65373663634297,1.96525738899895,-2.25008968914749,-2.36541560608464,-2.53213583275186,0.468539253754516,0.465334731385069,0.457391512877259
0.2,"cent vs mage","917",0.012740759107759,0.00382433151970629,0.000457506439147984,1.89480469551013,2.41744446709195,3.33960278910189,-2.45255965570652,-2.56058077130324,-2.82128423492636,0.496698665858305,0.476072994869683,0.504884547481965
0.2,"cent vs mage","921",8.77279318344896e-09,5.63744384474416e-10,9.07748925134598e-11,8.05686210891177,9.24891777115198,10.0420342566628,-3.99510607106533,-4.03143648375656,-4.21756988867017,0.476256169921494,0.462907766926952,0.475648900019486
0.2,"cent vs mage","925",0.0364295893438614,0.0237186498584543,0.00588296239660144,1.43854572435787,1.6249100360376,2.23040392757731,-1.93228505908771,-2.04511373281456,-2.15501957966981,0.438775807316344,0.429423140619937,0.433982587461956
0.2,"cent vs mage","947",0.00209266498030303,0.00246269015007547,0.00477941470890404,2.67930029332954,2.6085902266414,2.32062528419473,2.51770928155389,2.4061488259293,2.14188215538846,0.42473172482336,0.409720093920797,0.416091943062922
0.2,"cent vs mage","966",0.0402834116372101,0.00610629632064277,0.00191129121262623,1.39487375578298,2.21422212448913,2.71867313691085,-2.34611280658619,-2.59744731128722,-2.6864302907823,0.526310293808003,0.515942602028723,0.520234104759282
0.2,"cent vs mage","975",0.0167981183065794,0.0238849424338983,0.0011805728184323,1.77473936439548,1.62187580109072,2.92790722021762,-2.06641279305105,-2.25069772075348,-2.44984465788254,0.438742700356152,0.428747637306769,0.447514379041792
0.2,"cent vs mage","978",4.51361396845648e-06,5.41435060487694e-06,0.000173767306166166,5.34547558715863,5.26645362502777,3.7600319314965,3.2431778313758,3.13290558695824,2.81612278833738,0.45090630280537,0.448894859880273,0.450734824123625
0.2,"cent vs mage","984",0.000435247705418826,0.00209243640547351,0.000755075640350268,3.36126350976047,2.67934773246093,3.12200954036912,2.64680432823652,2.5302345969646,2.39173958056784,0.420354810080306,0.419358749433328,0.415771301863213
0.2,"cent vs mage","989",0.000327507835901651,0.000912277689984379,0.0199072238022187,3.48477830468552,3.03987294580391,1.70098930106972,2.36546307997269,2.21636246439785,1.98254109188728,0.377384756288061,0.373267437199756,0.383212606289274
0.2,"cent vs mage","1004",0.00817152844225202,0.0225493016752689,0.000190835402272639,2.08769670332652,1.64686690315513,3.71934105528475,-2.44646066106554,-2.52154775695065,-2.72899508204686,0.465258845202972,0.462340945698129,0.461007904283419
0.2,"cent vs mage","1019",2.71363690700058e-05,2.67232917968564e-05,4.84768997255321e-07,4.56644826273201,4.57311004615321,6.31446516266907,-2.71255455404891,-2.83235258914411,-3.08326741323292,0.395336727280547,0.383971908175834,0.395090236377212
0.2,"cent vs mage","1030",0.000327512301491605,0.0109370834437317,0.00505261389207604,3.4847723830933,1.96109847445272,2.29648388817531,2.46562444364942,2.28135273837652,2.11226442092937,0.39803174123418,0.415744517566895,0.402361835354315
0.2,"cent vs mage","1043",3.73088068054667e-06,1.22194658477597e-06,0.000228844281960138,5.42818864016013,5.91294777809025,3.64045993464233,2.68971104369517,2.59772119180698,2.32468660265548,0.33164135092448,0.310876162801062,0.344801766818737
0.2,"cent vs mage","1058",0.000801853947263514,4.29615943493131e-05,1.83417195977677e-05,3.09590472856603,4.36691960989089,4.73655995019204,-2.64614518833456,-2.9042438173981,-3.0912603480368,0.44935748164903,0.462596828854309,0.463552971301056
0.2,"cent vs mage","1074",3.5551809017159e-07,4.12432118415118e-06,7.36468096460495e-07,6.44913829574487,5.38464752111087,6.13284606189842,3.26312390166123,3.05982916454635,2.81419886103294,0.3684766120655,0.38733763182272,0.383138766064453
0.2,"cent vs mage","1076",0.000919434871164004,0.00490300172668738,0.0235492105013467,3.03647902890101,2.30953795380855,1.62802364822324,2.51419006981851,2.33554778809263,2.19692241428258,0.414521932167656,0.427818703148904,0.416549001863465
0.2,"cent vs mage","1079",0.0203514451266635,0.00171022218885643,0.000361351935423503,1.69140474672121,2.76694746321851,3.44206961483142,-2.09300361868665,-2.25231565710582,-2.48331885669376,0.411650136803827,0.393653223100113,0.423085758370804
0.2,"cent vs mage","1087",1.17773660971749e-07,1.9390120168099e-06,3.9360285906066e-06,6.92895182477503,5.71241949942152,5.40494175559192,3.75236396484887,3.58984049515406,3.46664838767642,0.495532014298494,0.4900902456859,0.497314836165159
0.2,"cent vs mage","1091",0.00359340667953729,0.00488899265401556,0.0423258158955564,2.44449362925116,2.31078061528738,1.37339466144058,2.65955631835087,2.437078708561,2.25314782179579,0.492399093971363,0.488391062422767,0.485506749654494
0.2,"cent vs mage","1098",3.82944140443168e-13,1.20497475722687e-12,1.60278651390132e-09,12.4168645713749,11.9190220509413,8.79512432044628,4.41904425712819,4.29154976959858,4.06301765345721,0.445467101380597,0.446685882078838,0.445567084401906
0.2,"cent vs mage","1104",0.00769133704090452,0.00118990881858478,0.000753134608013459,2.11399815707594,2.92448631684502,3.12312739525626,-2.3762706742618,-2.5791433451651,-2.89341765868423,0.443051649491156,0.438033473259155,0.462954585228125
0.2,"eld vs kin","3",1.75166825489015e-12,1.55014889813287e-14,5.27050625365177e-13,11.7565481405839,13.8096265840673,12.2781476670251,-4.48042746592442,-4.66698292730958,-4.80593284018061,0.446949617091943,0.431096325243036,0.446499153620789
0.2,"eld vs kin","4",2.93485637645784e-13,2.50730840602186e-10,1.32157868606461e-06,12.5324131470358,9.60079224330716,5.87890697410902,2.74618246619445,2.55280709622007,2.4190652083847,0.220465971963893,0.228232818281566,0.219621959704649
0.2,"eld vs kin","5",5.85011100021669e-05,9.22555449759205e-06,1.37856641115621e-05,4.23283589352051,5.03500752131988,4.86057230732103,-2.52564560873668,-2.71654659934291,-2.84524955249181,0.384910185064167,0.386150050003618,0.38414183798886
0.2,"eld vs kin","7",7.14014536237073e-32,2.90937016909532e-29,2.93054557436868e-28,31.1462929465666,28.5362010184684,27.5330515203008,7.7987754906457,7.63731936647914,7.48458769451706,0.462135262801261,0.471344392903883,0.460032814767394
0.2,"eld vs kin","10",0.00239272696862134,0.000400828264334884,0.000517078709551356,2.62110685541338,3.39704166186167,3.28644334371066,-2.47330933868499,-2.67520463987161,-2.80222437410833,0.47246248687802,0.485093168830707,0.473051185070615
0.2,"eld vs kin","11",4.2814664543372e-11,6.45681515237019e-10,1.09737730732023e-06,10.368407454364,9.18998164652814,5.95964402482839,3.45026249474173,3.25727486605233,3.11166244901076,0.34981146047901,0.353383027309603,0.348471775635184
0.2,"eld vs kin","12",0.0179354639541608,0.00682446698501749,0.00667932959170577,1.74628738452324,2.16593126289605,2.17526712573314,-1.72869401585177,-1.91285565183003,-2.03978460650637,0.369869705373299,0.37894577885956,0.368838135475052
0.2,"eld vs kin","14",1.4731227446645e-12,2.72867292323267e-10,7.74588661351183e-07,11.8317610650314,9.56404851861675,6.11092886462938,3.07862241972608,2.88661389517911,2.75284174258358,0.276354747677101,0.281606559442796,0.2761637496593
0.2,"eld vs kin","15",5.5729049739681e-07,7.80836107467322e-06,0.000725560050048986,6.25391836222518,5.10744011220709,3.13932663791175,3.15850280335415,3.00819267578828,2.86205654862043,0.42655007716019,0.442639625584631,0.428975132746226
0.2,"eld vs kin","16",3.1409084285864e-14,3.65434752264209e-13,1.86511885035388e-08,13.5029447250276,12.4371901543045,7.72929348856936,3.24110514029635,3.04600174192641,2.92162599200608,0.267559097615492,0.262624710654364,0.267998007002233
0.2,"eld vs kin","21",5.60367443328001e-22,3.34149962232215e-19,4.46737526231344e-16,21.2515271046384,18.476058583627,15.349947564988,4.30889943832446,4.12960836409537,3.98406559380032,0.292633236528675,0.297531628622202,0.291322718920977
0.2,"eld vs kin","23",2.61346902268903e-07,3.75677419480386e-06,0.00116049770052615,6.58278264320539,5.42518490791713,2.93535571574214,2.63333571400312,2.43485004127738,2.30889557953607,0.309815323915144,0.295850275181448,0.3092595912263
0.2,"eld vs kin","25",1.66432037690277e-07,2.70836393275358e-06,0.000174465057298264,6.77876306955472,5.56729297832994,3.75829154258531,3.27096066221254,3.07807464516919,2.94817713831336,0.423192531201197,0.416742738922662,0.422959426517537
0.2,"eld vs kin","26",4.71406242025461e-06,7.72398425299359e-05,0.0047376235215723,5.32660467115564,4.11215862029463,2.3244394537441,2.65886195097486,2.47583611899723,2.34354097577934,0.36423892472051,0.365686578756109,0.365227486173586
0.2,"eld vs kin","29",2.21312200324626e-08,1.23903386525339e-06,0.000404393174291455,7.65499464396875,5.90691682333202,3.39319618342865,2.66378289285092,2.47634094910666,2.34386060727818,0.291613045381606,0.290706122905842,0.290982549378464
0.2,"eld vs kin","31",6.93096906117546e-07,1.71687369884285e-06,0.00015145221935086,6.15920603977515,5.76526165237149,3.81972435821908,3.83028622023297,3.64410988330156,3.49219224121798,0.533930785453838,0.519095529422019,0.533243544615243
0.2,"eld vs kin","33",2.67657495628584e-05,2.03148934672565e-06,4.22443765244595e-06,4.57242058988731,5.69218545080269,5.37423109516262,-2.98707111123423,-3.13768313528792,-3.26044684087216,0.462516974549706,0.451759568148722,0.454760284962398
0.2,"eld vs kin","36",7.05707506552757e-07,8.84951263885442e-06,0.00649583330661177,6.15137526298658,5.05308064614786,2.1873651283093,2.34601269149883,2.13799093596449,2.02111913794909,0.261706239725273,0.25539880533292,0.262722893200841
0.2,"eld vs kin","47",0.000215292513049943,0.000471288128062034,0.0138139223351548,3.66697107281299,3.32671350015568,1.85968299002008,3.03991230142288,2.86008097942166,2.7471742188324,0.531489373763772,0.53215076751744,0.537430295917207
0.2,"eld vs kin","55",2.9512078835949e-05,0.000466646899900289,0.00913306511249007,4.53000019764396,3.33101161499724,2.03938344611927,2.77042352065477,2.51414312947599,2.39602248673984,0.421302615805026,0.41972589698358,0.415099337545425
0.2,"eld vs kin","57",0.0117864001838902,0.00314044292306401,0.0114991914050093,1.92861881738097,2.50300909540546,1.9393326970976,-2.10281429112186,-2.37313635865072,-2.43756377802185,0.473218802190686,0.454913856785443,0.480590544328367
0.2,"eld vs kin","61",6.61455460483249e-05,0.000655798648901105,0.0286634658389623,4.17949939398227,3.18322948241414,1.54267129810711,2.44374404981481,2.26914410517963,2.12175633853581,0.361785395068311,0.363709761684075,0.361445294589595
0.2,"eld vs kin","65",5.4042654063825e-05,8.1492740202725e-05,1.34962794113152e-05,4.26726333069054,4.08888107874874,4.86978593919662,-2.4103124084998,-2.59918871810585,-2.73891147450285,0.369460834696993,0.37669109063485,0.367344354492347
0.2,"eld vs kin","67",5.6235009935716e-10,5.64512557070055e-13,5.29201456961337e-11,9.24999322379073,12.2483263931445,10.276378968813,-5.17677928945217,-5.44538993226871,-5.49353221561334,0.569544639593109,0.562644858377909,0.570067047126407
0.2,"eld vs kin","70",0.00051122429364347,0.00422134154405301,0.0475694352052795,3.29138851646035,2.37454950814013,1.32267200495358,2.82358447240242,2.6208016570761,2.47391617050492,0.511643732769064,0.517630117940343,0.509167254700559
0.2,"eld vs kin","74",1.11064697157253e-09,3.17252254804913e-08,1.54506126886043e-05,8.95442396325731,7.49859528256391,4.81105429410296,3.95744723231848,3.84449957253451,3.79862478208807,0.482129283482741,0.494469901033045,0.509545035100561
0.2,"eld vs kin","77",8.77030673550336e-06,0.00015747760591299,0.0116557557476357,5.05698521721469,3.80278119628644,1.93345956200724,2.58879817385918,2.38990266681229,2.24493801447147,0.36575402175967,0.357822223804047,0.361189101416382
0.2,"eld vs kin","79",2.22342775809448e-06,2.06631291584498e-07,3.62153540014887e-07,5.65297697674827,6.6848039096633,6.44110726525709,-3.53564628208155,-3.69166441732241,-3.81715384455747,0.489721077328703,0.476098767137351,0.482873800603337
0.2,"eld vs kin","80",8.53964961149104e-07,1.80374736934958e-05,0.000982036639499065,6.06855994838802,4.74382428928877,3.007872308511,2.71124021656355,2.51123699445647,2.41541493300458,0.34609776537627,0.360729604113634,0.348357418349823
0.2,"eld vs kin","82",0.000751012223598044,0.000126607907687414,0.000145644442328782,3.12435299429014,3.89753916827003,3.83670608303764,-3.65397699604416,-3.78629286726321,-3.78687279121094,0.600990441401286,0.589730052309097,0.604771292261893
0.2,"eld vs kin","83",0.000113696571661321,3.26594302292034e-05,1.10904063536258e-05,3.94425263057188,4.48599139616002,4.95505254096497,-3.14713219119832,-3.2932638952679,-3.50716952425678,0.534315572023526,0.493661858739131,0.532839454174446
0.2,"eld vs kin","84",8.56055917352191e-07,4.07278606978302e-08,1.33350672971865e-06,6.06749786639253,7.39010840139272,5.87500478824385,-3.51036656835375,-3.70787676475055,-3.78958420029794,0.483401639851599,0.455614991061086,0.487186923729869
0.2,"eld vs kin","85",0.0235632110022998,0.0043984063902149,0.00851818847089026,1.62776552774067,2.35670464653638,2.06965275508616,-1.98890693870853,-2.20966652736261,-2.31823879932788,0.4849885098638,0.46598354613756,0.483271255465473
0.2,"eld vs kin","87",0.00216421819447681,0.00216053651333741,0.000578297128874476,2.66469895619012,2.66543838965964,3.23784896387325,-2.55577141180078,-2.78244635928837,-2.88887727484104,0.50952378030735,0.512737960364146,0.516435954669383
0.2,"eld vs kin","89",1.02493197837133e-17,8.62092327491624e-15,2.6115403673687e-12,16.9893049564602,14.0644462200536,11.583103256754,5.10454853377919,4.96498597489807,4.84084729851088,0.430565554413984,0.445525251549726,0.4449323578736
0.2,"eld vs kin","91",2.0596999627504e-06,6.26086748774569e-07,2.64767540826901e-07,5.68619603886005,6.20336548802927,6.57713525829514,-4.02307839839858,-4.16984022414358,-4.27402842957331,0.575995716380792,0.562697037344867,0.579120148763282
0.2,"eld vs kin","100",9.78634102126508e-05,2.96172269747302e-05,0.000223330139701682,4.00937965460171,4.52845560638031,3.65105266240624,-3.40198343933204,-3.52862083608713,-3.8037198091818,0.564760653514346,0.546944991237685,0.567638853834693
0.2,"eld vs kin","102",0.00570838772461094,0.00172838408866787,0.000408166606442677,2.24348653644381,2.76235974041424,3.38916252933802,-2.58331828287872,-2.83592429543548,-2.95475024799254,0.547296787766109,0.529255027813978,0.54139164452384
0.2,"eld vs kin","108",0.0310160040584576,0.00847585141870365,0.0116360985673452,1.50841415517322,2.07181666505736,1.93419260857719,-2.46958125733412,-2.65938492369726,-2.74183740186109,0.64201812342337,0.637058992306696,0.650194249205802
0.2,"eld vs kin","110",0.013160680814646,0.00902672781756792,0.0045978074680123,1.88072164367069,2.04446965260068,2.33744921865406,-2.17218751518505,-2.31899637035211,-2.45577200781304,0.524719031898316,0.494079615747913,0.524911322981251
0.2,"eld vs kin","111",7.76419675434056e-05,4.43287623157261e-06,1.75742710769321e-05,4.10990346758536,5.35331439428051,4.75512267904391,-2.94090599978979,-3.12816085378514,-3.26503757425725,0.467236911779021,0.438707431938606,0.458341883358459
0.2,"eld vs kin","115",0.00958410708120788,0.00674523519589846,0.0247779086999932,2.01844834264697,2.17100290255249,1.60593535164762,-2.36675269430011,-2.58409371155145,-2.66291152033318,0.577832423363503,0.541668208398769,0.565600221158261
0.2,"eld vs kin","118",0.0205683529732416,0.00183565502645246,0.000958628924883728,1.68680048337921,2.73620893216801,3.01834947110067,-1.89261348830355,-2.05709158400658,-2.27331024242479,0.382911011834899,0.389695596112974,0.395835733770298
0.2,"eld vs kin","119",1.06732339989133e-07,3.21034292396267e-06,0.000610300928853421,6.97170396904062,5.49344857443931,3.2144559690642,2.70822928066393,2.46710806489751,2.3612252985835,0.319312722812371,0.30364670234987,0.316150292967645
0.2,"eld vs kin","121",1.3993436798833e-12,1.18656475879916e-11,2.46605697062426e-09,11.8540756093492,10.9257085544364,8.6079968945927,4.93743022254866,4.72144131339977,4.5149850061691,0.507655250028124,0.484210389233681,0.493792734778882
0.2,"eld vs kin","124",0.000142830020278296,0.00073254413397161,0.00949018891464043,3.84518050214685,3.13516620501762,2.02272514228617,2.86933189366889,2.58409955798095,2.51708015871343,0.438216759669766,0.42435725263971,0.431235163170757
0.2,"eld vs kin","125",0.00958083262286159,0.000672408831483341,0.00869383712392492,2.0185967468921,3.17236659112892,2.06078850042805,3.0626539748047,3.01340134476686,2.77960223962322,0.538437731373864,0.522722744175662,0.525173755839841
0.2,"eld vs kin","128",0.0145820125133469,0.0133573870683643,0.00469355708789091,1.83618253341687,1.87427848892447,2.32849789542778,-2.4701222694773,-2.49932122437133,-2.64215976312662,0.58712570846848,0.553244251635243,0.578384869827417
0.2,"eld vs kin","130",0.00253052766598426,0.00192617480789513,0.00133074727615754,2.59678891023481,2.71530430150057,2.87590441409074,-2.94982925046562,-3.23058208390452,-3.18627767978428,0.588106285484498,0.582425459458955,0.582844023916112
0.2,"eld vs kin","133",0.0213550476968143,0.000754434681711761,0.0034209193469199,1.67049945423294,3.12237835509333,2.46585716480954,-2.24492266338976,-2.50574139740517,-2.52468250354839,0.49769540388321,0.467065026223809,0.494520196610465
0.2,"eld vs kin","138",1.74437477504968e-11,4.25894039394061e-11,1.0011205168042e-06,10.7583602021728,10.3706984380582,5.9995136381725,4.18762104493812,3.91411358265089,3.88018533801585,0.439324914852304,0.430092685086126,0.437796376553807
0.2,"eld vs kin","139",2.41401143255019e-05,1.0311082819709e-07,8.97400384069993e-06,4.61726067745255,6.98669572482984,5.04701374893327,-3.72232030771757,-3.88884107098119,-3.98721136086618,0.544977724603249,0.523659099268596,0.527422687373486
0.2,"eld vs kin","147",0.0254826098877939,0.00478364523602962,0.00149599812991419,1.59375609431857,2.32024103590671,2.82506894936491,-2.39991362855888,-2.77460927602956,-2.74794550828514,0.571849966037682,0.558524000986136,0.560017728041937
0.2,"eld vs kin","151",1.92948148286626e-15,2.45814526736042e-16,5.38115020417211e-15,14.7145593849742,15.6093924554818,14.2691248853122,5.6193374851127,5.41618098812297,5.3600671102623,0.482963357735052,0.470410571623227,0.477991390794378
0.2,"eld vs kin","162",0.0398627291140875,0.00543938799208154,0.0171240075594574,1.39943297160103,2.26444996181174,1.76639458911676,-2.33632988068544,-2.78261692496536,-2.72086311150583,0.612228045848218,0.60048520638663,0.605042016034129
0.2,"eld vs kin","163",0.00515510342469775,0.00167108181048096,0.00108079371383463,2.28776261722335,2.77700228800564,2.96625718994353,-2.62268656939223,-2.82658134935521,-2.92347736013828,0.576228586915832,0.549932623574604,0.578819786134533
0.2,"eld vs kin","164",9.9516914408425e-08,3.00900675919509e-06,8.4061075538122e-05,7.00210309804884,5.52157683669401,4.07540505761772,3.51746289495998,3.29180106285843,3.18506736867888,0.458950156161763,0.479865972473761,0.467284085884118
0.2,"eld vs kin","169",0.000338954410236939,2.21207416294762e-05,0.000110634555230066,3.46985871098273,4.65520031678009,3.95610920574512,-3.10647121877415,-3.33864765916898,-3.42001088846512,0.524708081551778,0.514018021436248,0.522621445960917
0.2,"eld vs kin","172",0.00226080013659839,0.000373350539201596,0.000420989625400858,2.64573782925528,3.42788321711701,3.37572860650798,-2.43198020037674,-2.69355988140181,-2.85005241434614,0.46197150011234,0.451232401621083,0.461777333603623
0.2,"eld vs kin","181",0.0150427625013226,0.00127301238539652,0.00223384158781443,1.82267240118374,2.89516737098641,2.65094762798737,-2.29432834456207,-2.40356895115379,-2.52316787501259,0.494476176640424,0.464391409014717,0.484592970826614
0.2,"eld vs kin","203",0.0303194915808419,0.00475364027892188,0.0101540569706943,1.51827808554283,2.32297368562637,1.99336040425732,-1.8338337767957,-2.04226910639101,-2.20434404974326,0.442387859244441,0.419680655895066,0.438699239270675
0.2,"eld vs kin","206",0.000821737532313805,0.00993728769042541,0.0295480958202159,3.08526687646251,2.00273213691275,1.52947050129436,3.07476991046355,2.85347270153008,2.8153518124179,0.544333321381911,0.536143739298632,0.548777932515965
0.2,"eld vs kin","207",1.61589986745039e-08,9.27037443107604e-08,1.44336092402801e-05,7.79158555467598,7.03290272431654,4.84062505649199,3.81949634614993,3.70411665100339,3.49964573194898,0.451845113571214,0.45834706268605,0.460713774852146
0.2,"eld vs kin","216",0.0156995091803603,0.00781836368651213,0.0364184895890966,1.80411392488969,2.10688413137478,1.43867806998325,-2.16151943150023,-2.3057625624368,-2.44899831328427,0.516097511859338,0.512497362140406,0.513782750783248
0.2,"eld vs kin","222",5.98009823669136e-06,1.10193458923753e-05,5.2121327577123e-05,5.22329168168006,4.95784418441011,4.28298453094725,3.49507484939458,3.41591030996404,3.35275265445694,0.514396810147822,0.508054643601775,0.515164682738451
0.2,"eld vs kin","246",2.90063663756098e-06,3.4875323464475e-05,0.00453297859040207,5.53750667181298,4.45748175567003,2.34361633214189,3.17898791068802,2.9870266709034,2.84000826391245,0.470134365108366,0.476560524693735,0.464992892685009
0.2,"eld vs kin","251",0.0131557438871984,0.0037558724965427,0.013100148037112,1.88088458984575,2.42528915948043,1.88272379660854,-2.58105205644369,-2.83871916258192,-2.85797132205366,0.591996598054047,0.565442036858303,0.597494194482514
0.2,"eld vs kin","252",0.00481794724885265,0.0194524208808686,0.0186613198099335,2.31713795935171,1.7110263424217,1.72905764430326,-2.1082497047192,-2.36384449749599,-2.47905787245347,0.473757559317022,0.481265474736633,0.471606882425367
0.2,"eld vs kin","265",9.270635507428e-05,0.00683097453641025,0.0337492776951633,4.03289049369703,2.16551733356684,1.47173551753997,2.88120710677407,2.78668747309918,2.73716473148364,0.471808826166469,0.485236728845727,0.469109257301143
0.2,"eld vs kin","267",0.0199728867409441,0.00302956213226044,0.000951858847962696,1.69955916071477,2.51862013627814,3.0214274487751,-2.84877922293084,-3.0939298955339,-3.21733703537593,0.619857764384366,0.599435081558462,0.602767750009779
0.2,"eld vs kin","282",0.00458656739183265,2.97259225150084e-05,0.000150291025903702,2.33851222088831,4.52686465859453,3.82306695099566,-2.72046288169053,-2.89722066661954,-3.03274620792152,0.47949511275933,0.459293759422027,0.462533108938072
0.2,"eld vs kin","294",3.37961672122931e-05,0.00252023364980935,0.0332935073859463,4.4711325498092,2.59855919409187,1.47764045061909,2.90991848648716,2.73378857866959,2.56439995198721,0.438147747516946,0.451439293772757,0.459752165622919
0.2,"eld vs kin","329",0.00270504776412298,9.01938787537798e-05,0.0226923275936801,2.5678250619763,4.04482293600201,1.6441209554484,2.89287056680513,2.79101143156161,2.57934206846726,0.433810904291566,0.441344973294161,0.420833061274235
0.2,"eld vs kin","344",1.72086059711815e-07,1.98112017732867e-05,0.000462754466796699,6.76425430942518,4.7030891787938,3.33464938047177,3.33142736187692,3.09101632284957,2.91751273506197,0.409967284131117,0.421286432454355,0.419265572584434
0.2,"eld vs kin","435",0.00124685297146847,0.0124825315989466,0.0188675574370821,2.90418475537838,1.90369732587524,1.72428431924461,2.99375592122012,2.89242779435374,2.69020492338379,0.553094007289613,0.565849443762201,0.556013660163755
0.2,"eld vs kin","473",0.00545819931366481,0.00384992764435818,0.00675192384937863,2.26295060951546,2.41454743255676,2.17057246448388,-2.48779654422837,-2.63281313851721,-2.73204917331816,0.530452714662658,0.516046245586507,0.53150182958391
0.2,"eld vs kin","614",0.00315580864514093,0.00109207522886677,0.00376656591720485,2.50088933844071,2.96174744372251,2.42405442774611,-2.4872149368668,-2.74091896029953,-3.00855027811433,0.498578559425862,0.505610502675401,0.494058076629057
0.2,"eld vs kin","616",0.00198679531841082,0.000117785023728409,0.000339578907168839,2.70184687202629,3.92890992623474,3.46905929364798,-2.44440341629905,-2.60612168929328,-2.68754883875205,0.436876301762413,0.42796137091243,0.434807467641314
0.2,"eld vs kin","666",6.87323336046967e-09,1.83674946895492e-10,9.01033645044994e-09,8.1628389106459,9.73595007704775,8.04525899194594,-3.57717247152395,-3.82356208874915,-3.95579525066029,0.420303465991353,0.414482174059211,0.425610907710175
0.2,"eld vs kin","728",3.0959680718046e-16,1.60517589131824e-13,4.64045319903013e-11,15.5092035267716,12.7944773717055,10.333439603017,4.36209656019726,4.17292159466201,4.05886777464821,0.377328070219914,0.38397994181639,0.379923506643897
0.2,"eld vs kin","744",4.27562469780399e-05,1.9705890461569e-06,4.72266833933959e-06,4.36900042292679,5.70540393563684,5.32581255271936,-3.40737941885657,-3.52442443232384,-3.66291470643501,0.52432637926053,0.51238457057219,0.515362670230874
0.2,"eld vs kin","770",0.00149381023790857,0.00190264978677277,0.00130956742918165,2.82570456842657,2.72064114322588,2.88287213498783,-2.35386699244214,-2.53862980455451,-2.64215283400494,0.440612804638434,0.420608203033975,0.440449240525277
0.2,"eld vs kin","786",2.29341460118332e-05,4.03927091300189e-08,8.46538433938652e-07,4.63951742685328,7.39369701781884,6.07235331957683,-3.50324234993324,-3.76305973614698,-3.85815773141716,0.499012351112146,0.485321576388242,0.516900715698645
0.2,"eld vs kin","849",0.000271677216436105,3.03345589332667e-05,0.000327950010428039,3.56594678112928,4.51806231534795,3.4841923509524,-2.50378950911101,-2.70767893444366,-2.82734534458567,0.433009017822983,0.400862690633566,0.434797740327559
0.2,"eld vs kin","854",1.94688173939176e-07,1.79734854727158e-05,0.000292830180913284,6.71066042828965,4.74536769502319,3.53338416419626,3.5763354442429,3.35824448018068,3.1719513878669,0.4698940175857,0.463749159036705,0.468672500089507
0.2,"eld vs kin","875",0.0424034636022736,0.00767870139618196,0.0378921591702282,1.3725986678903,2.11471222061417,1.42145064706075,-2.2567230311487,-2.37918353722553,-2.48123719133283,0.558478579663963,0.546729465384808,0.576847210153389
0.2,"eld vs kin","879",0.00379721888122432,0.00119256234054959,0.00218957340821,2.420534368315,2.92351890918594,2.65964048995754,-2.30961521086092,-2.45483118319256,-2.6330637521697,0.414543220207702,0.418771158653988,0.415607136357974
0.2,"eld vs kin","886",1.79227973287044e-12,1.2082103145907e-10,3.35621090823029e-09,11.7465942061912,9.91785746098306,8.47415075541112,4.82819120034103,4.70389229399371,4.50323916251519,0.525899116746256,0.519595645040106,0.518621514512857
0.2,"eld vs kin","888",5.10755380901744e-06,9.05209805698375e-05,0.00542919133444171,5.29178704929928,4.04325075019054,2.26526485275802,3.00314455818257,2.80770035371721,2.7425121451378,0.438597582480908,0.438728669961113,0.446110393766994
0.2,"eld vs kin","891",0.00350395118417557,0.000271298917319696,0.000969456013220833,2.45544195290089,3.56655193938628,3.01347189122565,-3.18119006847314,-3.28279588134218,-3.37463240926811,0.572662921023971,0.556324162335706,0.573360945296974
0.2,"eld vs kin","895",0.00142762885664969,0.00118024106457836,0.00037262245671825,2.84538468223706,2.92802927886027,3.42873097516461,-2.8332628754526,-3.15692171653525,-3.2460771710252,0.512334373273973,0.505364477810441,0.504975784058886
0.2,"eld vs kin","914",0.00661364475423496,0.000643951984867299,0.00276353957285847,2.17955913651922,3.19114651382743,2.55853431210228,-2.63926304012924,-2.74780031414913,-2.97790461117146,0.568164532997978,0.546494820789807,0.567093851038865
0.2,"eld vs kin","935",0.0188177183194888,0.0130513144696961,0.0140158307235799,1.72543303666479,1.88434574593588,1.85338115634288,-2.26454873026783,-2.41107868258031,-2.54567399533778,0.552039473488984,0.543765691473229,0.549183211692997
0.2,"eld vs kin","944",4.28510306617885e-05,0.000448207754309033,0.0375557874665421,4.3680387278751,3.34852063413632,1.42532312733872,2.24436679474699,2.01537009660162,1.91499210188955,0.291832031696203,0.293125208019085,0.292889957651661
0.2,"eld vs kin","947",1.57592790375146e-12,3.44896776220752e-11,6.20859405092719e-06,11.8024636546885,10.4623108650008,5.20700673558096,4.52810887782238,4.35643730093599,4.23764690913516,0.438379473394392,0.441204754516854,0.450861889207743
0.2,"eld vs kin","965",0.0157618921563018,0.00624859923800979,0.00577538432216258,1.80239164828589,2.20421732847745,2.23841911040709,-2.5350834369497,-2.6920969853328,-2.7739505977966,0.602884887249231,0.604367015264137,0.601034048662154
0.2,"eld vs kin","978",3.76692695736182e-25,2.55442602996225e-24,8.00332511312707e-23,24.424012800907,23.5927066689239,22.0967295407258,6.29988513539366,6.12305815445688,6.05667961914113,0.412972204114657,0.405125690598556,0.418441347652925
0.2,"eld vs kin","984",1.02136372111081e-15,5.61578211811068e-16,6.86933566159181e-12,14.9908195723677,15.2505897503686,11.1630852618423,5.09687574135607,4.94990361048923,4.81841653981136,0.421220304550098,0.416358350513792,0.42340549818381
0.2,"eld vs kin","988",3.217299196661e-06,0.000308163302791144,0.00139964782996112,5.49250854947517,3.51121907990771,2.85398122485357,3.38448062554156,3.27651801419288,3.03031085687331,0.522145704120238,0.531854048955307,0.514548378901983
0.2,"eld vs kin","991",0.00179563945574801,3.03585310140958e-05,2.44712174673309e-05,2.74578086037365,4.51771924687099,4.61134442352966,-3.47397451392694,-3.71198431172786,-3.73505238536083,0.573940345339007,0.553862583396688,0.558138554423482
0.2,"eld vs kin","1014",9.5469899031102e-08,2.02144263463993e-08,1.5335529690197e-07,7.02013353674439,7.69433857874922,6.81430121886266,-4.04891154126287,-4.24316569836931,-4.35617561316766,0.527541244710699,0.513964098180422,0.520719250758427
0.2,"eld vs kin","1020",0.000461038274816555,0.00214485518144433,0.0192294348925801,3.3362630185331,2.66860202563442,1.71603347845732,2.55038611206746,2.3791784219936,2.32697822357819,0.427697182834623,0.421558436510209,0.414914893159544
0.2,"eld vs kin","1021",1.01617485139808e-05,1.88598704419942e-06,1.43709571707344e-06,4.99303155734364,5.72446129497728,5.84251430492602,-3.57235718695702,-3.73381322099031,-3.89734069994065,0.552284741534244,0.550827112391046,0.55585565337928
0.2,"eld vs kin","1030",1.84221578645078e-12,1.73561845457287e-10,1.0572219631094e-08,11.734659500428,9.76054574072965,7.9758338232568,4.34474607761511,4.07154677437649,3.93035754429726,0.431967960829686,0.426620735565369,0.421991220501325
0.2,"eld vs kin","1043",0.000326303141837993,0.0197927689412348,0.0175278434389314,3.48637874455005,1.70349344521858,1.75627151460709,2.62480831750473,2.42878577422738,2.30027094684014,0.41763229454448,0.415273839291212,0.430293646713579
0.2,"eld vs kin","1047",0.031748811534495,0.00306300698691524,0.0143179200782904,1.49827252718055,2.51385201253875,1.8441200661153,-1.4497564601517,-1.64545550343234,-1.77419399539881,0.289805363643989,0.273444770416522,0.292227638684207
0.2,"eld vs kin","1059",0.0013835909616904,0.0467704451500725,0.0470049767981762,2.85899228367763,1.33002849655932,1.32785615735026,2.92614771377589,2.57209119654614,2.57136446752016,0.590976545716197,0.576377801516909,0.584989847326411
0.2,"eld vs kin","1074",1.03503722138377e-19,4.89602504449764e-16,2.30956074317999e-15,18.9850440320902,15.3101563693226,14.6364706109966,5.32032886411149,5.10029031810606,4.98204477471242,0.403732476923871,0.408340140354996,0.399582387220632
0.2,"eld vs kin","1076",4.86595260571105e-13,1.11804464034181e-13,4.41115173859324e-13,12.3128321254049,12.9515408559603,12.3554480027293,4.62051699596837,4.46118210030231,4.47034944129032,0.427264711141568,0.424910663818184,0.424628098334149
0.2,"eld vs kin","1079",0.0320639809653499,0.00153530684486528,0.00800308421576486,1.49398255796592,2.81380481385833,2.09674261303863,-2.17496058720369,-2.35404504958198,-2.49789407952865,0.495981388725233,0.474129363542796,0.503492972885928
0.2,"eld vs kin","1082",8.028425392937e-06,5.10364885221456e-05,0.00206183767006929,5.09536962411297,4.29211921414421,2.68574553001676,3.21398677388712,2.90985434137024,2.84601323596643,0.488018667642878,0.487349268640384,0.494730742281628
0.2,"eld vs kin","1089",1.40617036137191e-12,4.98966057095408e-11,1.82386349122044e-07,11.8519620601685,10.3019289968967,6.73900766997046,3.22661595710727,3.04151351048388,2.90492623146512,0.288552307229788,0.28183219328365,0.288455734311317
0.2,"eld vs kin","1098",1.31996051327981e-26,1.59225630953172e-26,2.47353607269627e-24,25.8794390605526,25.7979870214881,23.6066817517406,7.24502651725324,7.07224674584246,6.89298491675001,0.454102842417457,0.460453801352665,0.447756512858367
0.2,"eld vs kin","1104",0.000963612409295556,0.000266278870824705,0.000731574554771323,3.01609761584069,3.57466329337441,3.13574140832764,-2.5822106764198,-2.74912174269402,-2.91563825995529,0.484060445236982,0.456258951117369,0.475446461208732
0.2,"eld vs kin","1105",4.62466125963801e-07,6.92859969932862e-10,2.64998667634905e-08,6.3349200723212,9.15935452935712,7.57675630961136,-4.35636824652943,-4.48752698612393,-4.65178113133013,0.511768595206583,0.506703439395934,0.51758316521134
0.2,"eld vs kin","1108",5.58136921773608e-05,0.00085502786345762,0.0128174634355865,4.25325924716232,3.06801973234935,1.89219791279887,2.76742436445697,2.5524174157169,2.40644401107913,0.434014044280595,0.436933448352357,0.435000099249065
0.2,"eld vs kin","1112",6.2391877311569e-05,1.69540337539609e-05,3.83543466959634e-05,4.20487194666986,4.77072695653648,4.4161854103565,-3.19902701993675,-3.5049774060442,-3.78189936113699,0.53791917147082,0.524256026868632,0.539801005250374
0.3,"cent vs mage","4",2.86745572104279e-05,1.63629816230756e-11,6.86252735115325e-09,4.54250327970577,10.78613755736,8.16351591162291,2.12658458781013,2.23732180386271,1.84121463119967,0.182782934839431,0.199522120796267,0.182820847318473
0.3,"cent vs mage","7",1.89243110507835e-09,3.65128372074027e-13,6.54086547123309e-11,8.72297992225269,12.4375544191553,10.1843647830958,4.11253364820828,4.20104922539971,3.83148774462301,0.416337698285222,0.42026803915916,0.417651149916545
0.3,"cent vs mage","8",0.00330793276566642,3.78792262468559e-06,0.000292055525057522,2.48044332614392,5.42159890084492,3.53453457343628,2.19408917378295,2.30635801614203,1.90952098699044,0.314537308759803,0.309044856555065,0.314713406183075
0.3,"cent vs mage","9",0.0163027924452328,4.91641087373177e-06,0.000790955761174406,1.78773800052325,5.30835182945972,3.10184780628124,1.9455971777692,2.05177053530826,1.65312462394865,0.271692954617185,0.262409745207065,0.27232385205968
0.3,"cent vs mage","11",0.00290606527735432,5.40259521277406e-06,0.000370349698744313,2.5366946346091,5.26739757057744,3.4313880042829,2.15296953362886,2.25008941121181,1.85283802108551,0.298628448585319,0.310929342928465,0.298035304479058
0.3,"cent vs mage","14",1.75548492488794e-06,1.26522534675044e-11,7.54309625121963e-09,5.7556028956581,10.8978321162792,8.1224503505756,2.62945218045642,2.73605822688772,2.34455088497128,0.258917960262947,0.263148020002827,0.25999572259977
0.3,"cent vs mage","19",0.00224734866848501,3.24367112118344e-07,5.36475797926452e-05,2.64832954304508,6.48896318574813,4.27044986561616,2.4419598922977,2.53788926334007,2.1492291484786,0.342471433472816,0.334983131962819,0.343767482987911
0.3,"cent vs mage","20",8.45394718461979e-06,3.25199851089559e-11,3.19287744653711e-08,5.07294046971966,10.4878496619433,7.49581775083548,2.60119523983693,2.71242587399912,2.32340613986606,0.268822061298116,0.265192659887763,0.268434323014664
0.3,"cent vs mage","21",3.20303477356317e-07,4.60268216735316e-13,8.20442628741057e-10,6.49443834641747,12.3369890137505,9.08595178254789,2.77679039543102,2.88738114502855,2.49604331965793,0.261073790481309,0.264444989508218,0.260821670035218
0.3,"cent vs mage","23",0.00474784603779756,6.13060664939453e-07,0.000173950730376821,2.32350337270377,6.21249654808377,3.75957374341563,2.07213753704368,2.17571531044973,1.78596929094502,0.26629191558167,0.262377264605947,0.266112547379914
0.3,"cent vs mage","24",1.01475175642027e-08,9.60755124346092e-12,1.89389613645022e-09,7.9936401882955,11.0173872904761,8.7226438419132,4.42972045867566,4.50684611799117,4.10234982529973,0.4952408078146,0.476882829742193,0.49469317822694
0.3,"cent vs mage","26",1.80790054935665e-05,4.72241791275904e-09,5.24172804470589e-07,4.7428254632708,8.32583558244702,6.2805255151993,3.00635936986512,3.1277446479262,2.71847463137289,0.374215362304471,0.371275100184286,0.37055698371139
0.3,"cent vs mage","28",0.0399797982283251,0.00243283868256177,0.0119426220612952,1.39815940202746,2.61388668745059,1.92290031125239,2.1722333112538,2.23583862083944,1.89793601850028,0.457051165190684,0.455782179787475,0.456701205627942
0.3,"cent vs mage","30",0.0387367715919693,0.000174894084185198,0.0150541488956502,1.41187657716925,3.75722488033937,1.8223437928162,1.61126354362542,1.72294287599201,1.32509129561552,0.238158251390353,0.237442257743479,0.237611012693187
0.3,"cent vs mage","32",0.00110139998978662,8.20448044533728e-09,1.26425211953772e-05,2.95805493188199,8.08594891575255,4.89816630959357,2.06839753373008,2.17775038646425,1.79061456748599,0.228755776534293,0.225016918711486,0.229999623918927
0.3,"cent vs mage","36",0.0329802327256381,2.85136372025462e-06,0.00133602979235067,1.48174628407343,5.54494738050734,2.87418385734757,1.65769677652883,1.76623708557012,1.37625758477106,0.203268119306591,0.204041592678158,0.203518681052721
0.3,"cent vs mage","37",0.0461031662113081,0.00112527755212145,0.0189857800292474,1.33626924769319,2.94874034467447,1.72157155520373,1.82291014312134,1.92837604933108,1.53433094495216,0.335812059375533,0.339722421809005,0.335838200605085
0.3,"cent vs mage","39",1.54311414210711e-06,4.83504449889891e-10,1.97938697135419e-08,5.8116019485617,9.31559952457223,7.70346929265826,3.53571560921622,3.61705397334316,3.22233370406871,0.417809390819912,0.420280990478496,0.414881033543225
0.3,"cent vs mage","42",9.26732374445217e-06,6.64513322680642e-09,1.21448071776223e-07,5.03304566508148,8.17749630755995,6.91560937607164,3.38710107932631,3.49498784823982,3.08785799081173,0.412417924299917,0.412696530298709,0.410991089753259
0.3,"cent vs mage","44",0.0419563861276101,0.000559957799120762,0.0194535777118491,1.37720192639908,3.25184470210021,1.71100051579704,1.73398972115605,1.83186543585532,1.43937989513666,0.298928946042579,0.292597302633641,0.299839053037537
0.3,"cent vs mage","47",0.00536162987213534,0.000792803104263858,0.00380100164314226,2.27070316984538,3.10083465801569,2.42010194265486,2.4804980530653,2.56044867731845,2.20312268713674,0.505502872659495,0.497053633114422,0.489469238186847
0.3,"cent vs mage","52",0.0434094303427392,0.00135260677202959,0.0269797471359504,1.36241591332343,2.86882844254448,1.56896212501163,1.67929144843742,1.81216271558446,1.39520094620859,0.30391089417619,0.3013806427257,0.306010490984889
0.3,"cent vs mage","55",0.00231923827566976,4.85470532622905e-06,0.000211452262566859,2.6346546301923,5.31383712601891,3.67478766348447,2.40859394261295,2.51572066775565,2.1135232801959,0.3557307061219,0.366050022786168,0.356391687223952
0.3,"cent vs mage","56",0.000240880751857746,1.10362955308271e-08,1.45716460456318e-05,3.61819790193585,7.95717667846388,4.83649138658576,2.9157419560307,3.03847295363808,2.65608272700184,0.372881625320351,0.367093711885868,0.370902473815915
0.3,"cent vs mage","61",0.0353997456449227,0.000140583661505091,0.00417921091433077,1.45099985846583,3.85206514966111,2.37890571054611,1.80688866838143,1.9164205377937,1.52451666464388,0.282507564263408,0.28284222847223,0.282128343468534
0.3,"cent vs mage","69",0.0022737303265036,1.16316248697574e-05,2.98452534434878e-05,2.64326104565375,4.93435961264231,4.5251247287629,2.59445120936126,2.71921506252491,2.34080725414541,0.384531686680797,0.396855913104185,0.385612074178143
0.3,"cent vs mage","90",0.000436398786926811,7.86931737801699e-07,5.47621213275004e-05,3.3601164653058,6.10406293877412,4.2615197368897,2.26915659977119,2.36397241854673,1.98378972239754,0.27918918551572,0.285725223341096,0.278129837083553
0.3,"cent vs mage","92",0.0136692123351779,6.2556929572781e-06,0.00104814457081283,1.86425651018283,5.20372457552242,2.97957881088665,1.85706324462047,1.95598351363358,1.57872454587997,0.23918054774766,0.244921599157865,0.239109697334409
0.3,"cent vs mage","95",0.035516688873666,0.000633738325556158,0.0135835913690195,1.44956752912441,3.19809002796352,1.86698539165028,2.00677902471098,2.10819670783033,1.7037625580199,0.373627424445959,0.369120806407895,0.370103381104667
0.3,"cent vs mage","100",0.0278225572940313,0.0237490974716223,0.00247931351964562,1.55560295458682,1.62435289006193,2.60566855139164,-2.75163925396056,-2.65553962904535,-3.00590060334308,0.567529915973976,0.562475982542799,0.571809167795016
0.3,"cent vs mage","106",0.000156480378159751,1.73142875727984e-08,2.07897746455467e-05,3.80554011301343,7.76159537356689,4.68215021825516,2.68582202279984,2.77595715283976,2.39714879922999,0.334309432460833,0.327570354906132,0.336381249551926
0.3,"cent vs mage","114",1.70122583214835e-06,8.21370275169238e-05,1.24663813590478e-08,5.76923803139282,4.08546101801945,7.90425959173916,-3.74907646029412,-3.64725892171055,-3.99067171213504,0.485911474913994,0.468393494208628,0.487053764367561
0.3,"cent vs mage","119",0.0314021870425147,6.21125872166185e-05,0.00112217999051279,1.5030401039198,4.20682038042279,2.9499374794281,1.78056092334526,1.8920572543471,1.5165345305497,0.239203721558119,0.24556208104874,0.23696522105895
0.3,"cent vs mage","120",0.0437860821434161,0.00661590975935548,0.0398333898740318,1.35866391252918,2.17941042716791,1.39975273298456,2.22808584065678,2.30252422074753,1.91987379820256,0.501504679287027,0.489035618064251,0.501407041335482
0.3,"cent vs mage","132",5.51255554514148e-10,3.31064328424648e-07,2.33878715005797e-12,9.25864702150108,6.48008761116253,11.6310093009619,-4.4004996967444,-4.16405874797124,-4.65027035385147,0.481240833983654,0.479837298277224,0.485444977806657
0.3,"cent vs mage","142",0.000694943153304364,8.36301417097429e-06,7.3385732576701e-05,3.15805071946162,5.07763716731054,4.13438836604442,3.56300167533008,3.66586940976421,3.21913889301668,0.532071102942418,0.538811639683229,0.544655603533703
0.3,"cent vs mage","143",4.73236741321825e-08,9.38825155504865e-05,2.21498580009934e-10,7.32492154482625,4.0274152821427,9.65462905362072,-3.94475394661617,-3.80196720885658,-4.22747500538376,0.460550495337051,0.452538262707093,0.447710142502367
0.3,"cent vs mage","148",0.0141579913139204,0.008379772868801,0.000136508850998129,1.84899835845141,2.07676775263025,3.86483918880618,-2.66226179184536,-2.63472153363871,-3.00200480044658,0.504217283662325,0.476582677691942,0.504577460199846
0.3,"cent vs mage","155",0.0397084402774405,0.000954030598983354,0.0187011416248718,1.4011171714152,3.02043769578174,1.72813188082988,2.41788256522068,2.62325197775413,2.22472694535583,0.480022948687744,0.473254719803603,0.474282123012021
0.3,"cent vs mage","168",3.25021364174503e-05,5.5933169898151e-07,1.39684942484038e-05,4.48808809121143,6.25233056722165,4.85485040668855,3.43020069183478,3.54126101579609,3.18993280877008,0.453728556348901,0.44199261980186,0.446854995087972
0.3,"cent vs mage","169",0.00665556185683271,0.0379091214001563,0.000593229746445172,2.17681527587343,1.42125628087258,3.22677708017721,-2.41781057444818,-2.35916782442115,-2.70735432749451,0.432997096854844,0.418844472283136,0.432144435369213
0.3,"cent vs mage","210",1.17101800189516e-09,5.05650949005528e-09,7.91506027386646e-11,8.93143642852829,8.29614917333885,10.1015457735991,-4.4373380113168,-4.20691356206292,-4.60686863563285,0.466486793314395,0.452533186978232,0.457180937991907
0.3,"cent vs mage","212",0.00102365581168048,5.76909024466883e-05,0.0234692699708551,2.98984604357024,4.23889266741122,1.62950041924505,2.32031941571412,2.43311408886647,1.93565512326795,0.380568210514037,0.376099525933717,0.381225970253666
0.3,"cent vs mage","219",5.79713494195841e-07,6.26305648237234e-07,1.66496307531305e-10,6.23678659028546,6.20321367166577,9.77859539360848,-3.90193469251541,-3.748518530393,-4.18080890132321,0.460171856357586,0.452290327645666,0.468523487193941
0.3,"cent vs mage","294",0.000265920450879614,1.82454504301405e-05,0.000107107897417565,3.5752482615303,4.7388454106271,3.97017850602696,2.7886875919428,2.91788701789017,2.54080192224976,0.384977177611117,0.392859138631013,0.385312263229784
0.3,"cent vs mage","353",9.49369500472536e-05,0.00545087452842471,2.29567950073401e-07,4.02256472457599,2.26353381471417,6.63908874379081,-3.22045060765447,-3.13323459137135,-3.54524110021902,0.460177314379491,0.431311880255836,0.450556639626238
0.3,"cent vs mage","531",0.0496847316692497,0.0404990357325846,0.0033882083340895,1.30377705131794,1.39255531705701,2.47002989362948,-2.0998312024664,-2.10710571408386,-2.3875262939666,0.468968278599273,0.454327764705521,0.472902350147965
0.3,"cent vs mage","546",0.0378006871967713,0.0355395503200589,0.000826951527560554,1.42250030484391,1.44928807159973,3.0825199462273,-2.08294478700224,-2.15701240553089,-2.39580990833111,0.440642595676264,0.437337566932994,0.437135242695932
0.3,"cent vs mage","652",0.00150285312594823,2.05879706507101e-06,0.00113384112839565,2.82308346100129,5.68638645953221,2.94544779367481,2.23957903455379,2.42705747598685,2.02853816519749,0.307949450526445,0.300226928631252,0.314048227686306
0.3,"cent vs mage","671",0.00598493122420305,1.00907113196418e-06,0.000127252014306095,2.22294083592102,5.99607821817273,3.89533533437354,2.44775042176827,2.57625584505243,2.1986567660528,0.359151989805995,0.354095206346282,0.358753444706149
0.3,"cent vs mage","675",0.000725405355668459,0.000617655554522853,0.000244089551231283,3.13941924234716,3.20925364865411,3.61245081107737,-2.96467705314583,-2.98200963942143,-3.2345774689892,0.475399898050442,0.4652577968404,0.468744516282178
0.3,"cent vs mage","728",0.000129671077975314,2.69442899428938e-07,1.72344566992418e-05,3.88715687878406,6.56953325678669,4.76360240278347,2.46855898292116,2.54604123532002,2.17848674354611,0.307979556081084,0.30682226557061,0.305558810681688
0.3,"cent vs mage","762",0.00276944884818794,4.34847038813232e-06,0.000444482862905879,2.5576066518767,5.36166348300326,3.35214497865076,2.48574574065616,2.58227064064248,2.21257611783379,0.385302038284585,0.382341904442635,0.382849017873444
0.3,"cent vs mage","770",0.0097638164606152,0.0326427580725106,0.0004184540997515,2.01038039300856,1.4862131536845,3.37835217283893,-2.14392734839877,-2.09805714430216,-2.42594096176737,0.351020288581718,0.338859384225703,0.349445865286095
0.3,"cent vs mage","788",0.0379620226948971,0.00394478227159909,0.0238244948833512,1.42065065552216,2.40397696225242,1.62297629831603,2.50656827328412,2.65201738889549,2.22367689818946,0.532746036548462,0.523888657848293,0.532552712471345
0.3,"cent vs mage","814",0.0394684951797103,0.0121795338150134,0.0455658561146102,1.40374943168927,1.91436933448162,1.34136046556698,2.11450445756972,2.27995845874659,2.01383391350845,0.468707935799808,0.468638784268053,0.4551054003594
0.3,"cent vs mage","829",0.0016807891482782,6.00070705346051e-06,0.000233762997626883,2.77448676453958,5.22179757439555,3.63122423225994,2.55838872783313,2.64146006879949,2.24025812466294,0.393950831634711,0.38098596580019,0.394369014082458
0.3,"cent vs mage","834",0.0237655338343164,0.000767204502718091,0.00469599664096247,1.62405242590135,3.11508885695851,2.32827222241035,2.1648753236811,2.2651264372061,1.87835793308351,0.398692918000701,0.400336293090262,0.388559114509143
0.3,"cent vs mage","848",0.0276728909418842,1.37046844583417e-05,0.000133858449542379,1.55794546845122,4.86313095936407,3.87335420965591,2.26878451635639,2.42088130303816,2.03353456976771,0.339871628037688,0.329674507784813,0.33892283418084
0.3,"cent vs mage","854",0.000148381378857611,9.67171932191609e-05,6.60462408230167e-06,3.82862059748562,4.01449631540533,5.1801518962369,3.2205975063101,3.46617474262757,3.0332069494974,0.475613591687171,0.458186635661006,0.464840543620736
0.3,"cent vs mage","857",0.000415747690533235,1.91539656650924e-05,0.001180038191545,3.38117015459541,4.71774129542047,2.92810393666944,2.43417549259412,2.53256642869859,2.12116610092957,0.33724027529938,0.329412457428657,0.34084819489442
0.3,"cent vs mage","886",0.00025256362761867,1.42810721995142e-05,0.000703823892197052,3.59762919321809,4.84523918521727,3.15253599457212,3.17934583259032,3.29045577698002,2.87706465756352,0.53263259847844,0.524750264552527,0.537561771201064
0.3,"cent vs mage","917",0.0476083443432894,0.0470871728500458,0.000954098605153525,1.32231692155166,1.32709738414813,3.02040673906834,-2.38968536593804,-2.33994465774021,-2.6832966018568,0.496991420992216,0.475203515467319,0.494900926594638
0.3,"cent vs mage","921",1.26549971519961e-06,1.73046892377865e-06,7.35095204730067e-09,5.89773794824358,5.76183619547568,8.13365641028817,-3.857518866338,-3.69592275660492,-4.12397241934111,0.475804328560915,0.459868263354449,0.471884474816642
0.3,"cent vs mage","947",0.00096505298072672,0.00236167097502254,0.00232498053254576,3.01544884354154,2.62678060785948,2.63358067917977,2.49273232512927,2.63651505138967,2.20706660049909,0.410101960286506,0.410165831228848,0.411548640663793
0.3,"cent vs mage","978",8.34443123874627e-05,1.82432720760802e-07,2.23366103500265e-05,4.07860325973872,6.73889726484858,4.6509827317563,3.25604279362367,3.40592630519429,2.94843531148606,0.449890214920505,0.452053663709082,0.451253422371818
0.3,"cent vs mage","984",0.00243097743321515,0.000382216837100648,0.00260087276862746,2.61421907269744,3.41769018567754,2.58488089241563,2.67680833683458,2.90185299663677,2.39401543459426,0.410983930633592,0.416486555837041,0.416689700663932
0.3,"cent vs mage","989",0.00313598836929707,0.000216877353476881,0.00257007186755894,2.50362555668896,3.66378579502827,2.59005473221428,2.40154226129033,2.52002586183036,2.0891202865127,0.377924742328562,0.370547685881598,0.374735880392182
0.3,"cent vs mage","1004",0.00501969753948556,0.03882377175992,0.00470585386996253,2.2993224503629,1.410902274848,2.32736156301938,-2.37079432923432,-2.32443168235511,-2.67647220186564,0.461968713581452,0.458951543671812,0.456614231262154
0.3,"cent vs mage","1017",0.031380433541432,0.00293602830292872,0.00366854608588223,1.5033410606423,2.5322397621938,2.4355060207575,2.26876969059141,2.33151951215194,1.96738517454002,0.390901822960716,0.386566096931948,0.400557034262299
0.3,"cent vs mage","1019",9.87148233956063e-05,0.000416565319477512,1.41381971937336e-05,4.00561762711218,3.38031688942066,4.84960596527246,-2.70588068726239,-2.56313650388974,-3.02506860549075,0.392280651636283,0.387821934224608,0.401105181562662
0.3,"cent vs mage","1043",0.000315391861418954,8.99762454832417e-08,1.83413505595645e-06,3.50114951768575,7.04587213297452,5.73656868835133,2.76340927929449,2.82241429912995,2.48549224609353,0.331765377775828,0.323486467583591,0.325396036489809
0.3,"cent vs mage","1058",0.00399336533049264,0.00647455662381937,0.000171553565966946,2.39866095683314,2.18878996661684,3.76560025013085,-2.72943117145959,-2.55627396113567,-2.95447612436088,0.453553171939353,0.467001467429365,0.461610001256535
0.3,"cent vs mage","1074",4.79397435978344e-07,6.42157896020487e-07,2.38581441078474e-07,6.319304293088,6.19235817296044,6.62236334252104,3.25918565440345,3.27043201357554,2.97713858362671,0.379079327981877,0.370150725431514,0.381207204710767
0.3,"cent vs mage","1076",0.00268458714140388,0.000388778662071097,0.0023389890254149,2.57112249432074,3.41029757913434,2.6309718159048,2.46877024303399,2.62763724525418,2.26834543169383,0.424308460944854,0.431327559346496,0.421484116336362
0.3,"cent vs mage","1087",1.17536923315818e-06,1.08466664853909e-08,2.73078508097774e-07,5.92982568170441,7.964703713377,6.56371247848285,3.70046312740619,3.89182849346001,3.58792587351748,0.498143840717367,0.486120445753912,0.489604447690136
0.3,"cent vs mage","1089",0.0463418561029981,0.000906686321468785,0.0358265282888925,1.33402657565725,3.0425429361124,1.44579527439116,1.58239903807291,1.68895052818971,1.30350343619956,0.263660648435644,0.26649051340543,0.263553041688853
0.3,"cent vs mage","1091",0.00879765401359911,0.0002138710618396,0.00350368863496139,2.05563312157481,3.66984797435126,2.45547449557658,2.59581178233248,2.73817533411956,2.4689112275714,0.4746738872675,0.48334556360755,0.472247464728617
0.3,"cent vs mage","1098",5.03513044269311e-10,1.3251820960643e-13,5.67824962386716e-13,9.29798927390718,12.8777244403067,12.2457855191921,4.46013061647175,4.54572966388219,4.18376638695109,0.444164665614155,0.439107094581882,0.437930645770438
0.3,"cent vs mage","1104",0.0283445722172948,0.0470222108655632,0.000762195608589591,1.54753009309426,1.32769695530164,3.11793355775593,-2.40634622928579,-2.30570864218743,-2.82660584664898,0.44200672363637,0.423227733034996,0.465832901558324
0.3,"eld vs kin","3",2.14850637281216e-11,6.92374005351049e-11,0,10.6678633537915,10.1596592457425,31.6197745176218,-4.43943647738493,-4.85731578469045,-4.64813443790313,0.447576594087333,0.433240026982721,0.446289031475058
0.3,"eld vs kin","4",9.43414959724453e-17,1.12634861176914e-10,7.09233702067484e-13,16.0252972414311,9.94832717188644,12.1492106353467,2.79488183330183,2.38794513485428,2.57117459173797,0.220263719592499,0.227820675830411,0.220493739239677
0.3,"eld vs kin","5",0.000196043879950426,0.00080513590876048,1.2390663936515e-06,3.70764671085036,3.09413080355423,5.90690542193391,-2.47863355008153,-2.87885879701364,-2.69152263487816,0.385441073835379,0.383766948499081,0.38598397098817
0.3,"eld vs kin","7",2.31156671417773e-29,4.0453644708673e-29,2.40007869812236e-31,28.6360935678624,28.3930423441245,30.6197745176218,7.84412007478268,7.44577492285634,7.6021515043752,0.454529877799144,0.467645263066899,0.460720862875333
0.3,"eld vs kin","8",0.000113279909010948,0.00526227976799606,0.00130378186859251,3.94584710848957,2.27882606646182,2.88479506289161,2.31198088477638,1.89821542883428,2.08405812449066,0.394898472056597,0.382878036155647,0.393932029638439
0.3,"eld vs kin","10",0.0057638762369989,0.0111658184847628,9.38906794256359e-05,2.2392853530082,1.9521094364629,4.02737751822297,-2.41291547903124,-2.83592397588295,-2.6465290636467,0.472277950703882,0.483295696965687,0.474750270305581
0.3,"eld vs kin","11",1.10680297628193e-11,1.03054875544006e-09,5.05405855872766e-11,10.9559296816768,8.98693145685159,10.2963597304444,3.50937633869558,3.09544197161173,3.25823343858435,0.354810801053437,0.351905101976133,0.347960785499589
0.3,"eld vs kin","14",7.78680095411748e-15,1.96288237513254e-10,7.56788299529165e-12,14.1086409265795,9.70710572452706,11.1210255910476,3.13430880024074,2.72485504614169,2.89685763166634,0.276946648273734,0.28109081746178,0.276104532049177
0.3,"eld vs kin","15",6.73835464422255e-08,2.33102351233907e-05,1.60293925413788e-06,7.17144613553719,4.6324533458584,5.79508293559507,3.24073559690618,2.79101869807055,3.00393616299656,0.432595355629172,0.439663687286215,0.430902248529261
0.3,"eld vs kin","16",3.62132280448447e-17,1.3251497712427e-12,6.08657954368433e-14,16.441132760475,11.877735034068,13.2156266979455,3.29283110791482,2.88243837656141,3.06369327793789,0.2666664681878,0.263171366383028,0.267362627887493
0.3,"eld vs kin","21",3.76828883645639e-25,3.43942507281324e-20,5.16651452374096e-22,24.4238558162636,19.4635141471297,21.286802345415,4.36318316437424,3.95951701836623,4.14090740072671,0.292567903371418,0.296209755994289,0.29272817016311
0.3,"eld vs kin","23",1.46469961548096e-08,2.24883310473454e-06,4.07240452498735e-07,7.83425143245337,5.64804277416969,6.3901490886664,2.67618870153337,2.28193445953466,2.46629756758638,0.308917388128673,0.299705790002335,0.311767050361684
0.3,"eld vs kin","25",1.43457870009396e-08,1.10187907583067e-06,4.8829318299332e-07,7.84327562163967,5.95786606390624,6.31131933881039,3.34397590560773,2.89419319835095,3.10490026925301,0.426456358511206,0.409354939851944,0.421768003744346
0.3,"eld vs kin","26",2.41186017107793e-07,6.33579388645898e-05,9.06015979229188e-06,6.61764787426388,4.19819895948509,5.04286414268758,2.72046189565358,2.31630963862585,2.4951540006111,0.363285091432593,0.367589337004252,0.364382151272126
0.3,"eld vs kin","29",5.15110525827775e-10,9.27301385731118e-07,6.7351188787705e-08,9.28809957560532,6.03277909122002,7.17165473432282,2.71928427584073,2.31484225048059,2.48925927594569,0.29029675234797,0.290731760006857,0.291633652061688
0.3,"eld vs kin","31",1.48635889845386e-07,5.97452680139478e-06,8.51667745026957e-07,6.82787631251451,5.22369648630974,6.06972980035583,3.84726908043016,3.41845798650294,3.64135305295817,0.531752433912734,0.516282670265385,0.537501803230803
0.3,"eld vs kin","32",2.82219608242786e-05,0.00218681886028062,0.000984160181980671,4.54941281533077,2.66018718917938,3.0069342100151,2.03889963010543,1.63402485001195,1.81066546555648,0.291386124139025,0.278424495520575,0.290518534369551
0.3,"eld vs kin","33",5.74574173869151e-05,0.000291604579575801,8.93871871768918e-07,4.24065389870291,3.53520565981606,6.0487247288234,-2.92171828558762,-3.33045793380006,-3.15276681964616,0.457723636867988,0.455763967485949,0.460298182457577
0.3,"eld vs kin","36",5.39424827615444e-09,5.63521459339189e-06,1.00430365295634e-06,8.26806906854637,5.24908954102845,5.99813495764413,2.39759032820993,1.97795039036198,2.17159225692156,0.262303695816027,0.255741404634309,0.262543232964679
0.3,"eld vs kin","47",1.75932547243692e-05,0.000979325285038932,0.000267465208304034,4.75465380931587,3.00907303237115,3.57273270270545,3.14609353711438,2.72312090084033,2.92714303583353,0.534413238589732,0.541928196922923,0.54000402346781
0.3,"eld vs kin","49",5.49686164768624e-05,0.00249948958593487,0.00106166676288519,4.25988519379697,2.60214866838546,2.97401177868832,2.28054893707033,1.87235525733362,2.06062882141813,0.364477316231256,0.353783583938933,0.369090527317213
0.3,"eld vs kin","55",3.04990430707726e-06,0.000343538892327693,5.88085384774826e-05,5.51571378673855,3.46402408897659,4.23055961364424,2.84796848833786,2.42873603514103,2.5819241659642,0.424945941003351,0.430908796040221,0.4173142978358
0.3,"eld vs kin","57",0.0283439081523925,0.0133172595765783,0.00117102585113972,1.5475402679912,1.87558513501679,2.93143351749518,-2.06517992731957,-2.5485928960539,-2.31676177208993,0.487219423275479,0.452701962975706,0.48321648894344
0.3,"eld vs kin","58",0.000269092111477768,0.0129094279000513,0.00324052698788228,3.57009903353276,1.88909300369455,2.48938435728766,2.12192181810326,1.70120375077689,1.87797502777469,0.371851718073211,0.353309993736322,0.367319366222158
0.3,"eld vs kin","61",6.26979991836466e-06,0.000450317204873916,0.000203680604594892,5.20274631813844,3.34648146001228,3.6910503245514,2.5059096461883,2.06585194265779,2.28743142823043,0.361972498779558,0.350091789418861,0.366524467954012
0.3,"eld vs kin","65",0.00013803234285496,0.00304226361804335,3.87236123186974e-07,3.86001914057204,2.51680315619324,6.41202413646432,-2.3951663123445,-2.76952185446417,-2.63215699184678,0.374267291154396,0.374669328942591,0.366720962315652
0.3,"eld vs kin","67",9.85871705337186e-10,1.22206763458754e-10,4.08205876508324e-13,9.0061795975226,9.91290475766522,12.3891207474966,-5.06524442346595,-5.50907937953489,-5.33098090513288,0.56886777343085,0.557396181491545,0.564764141547692
0.3,"eld vs kin","70",9.45092101235966e-05,0.00257218494663916,0.000411743786876453,4.02452586650714,2.58969780774738,3.38537294551736,2.85019536542599,2.49729245188562,2.65438709552265,0.5141411135509,0.51845178650767,0.506539214668625
0.3,"eld vs kin","71",0.000239003054918134,0.00315373883738873,0.00257037576767449,3.62159654789869,2.50117427365045,2.59000338176671,3.11724664296582,2.56256900949079,2.63920729367818,0.553507605230128,0.52828071902834,0.539764884673083
0.3,"eld vs kin","74",8.29630512831621e-10,2.24660330748591e-07,1.74227556271741e-08,9.08111528348653,6.6484736060763,7.75888315478013,4.10947924452895,3.65554697416727,3.80450397176886,0.496291356363156,0.501561182394193,0.485728969706881
0.3,"eld vs kin","77",4.34351950297334e-07,9.04435273018381e-05,6.53887002483835e-05,6.36215822410732,4.04362250849107,4.18449729515849,2.65620339999428,2.21158609628466,2.40917014654205,0.364254170574133,0.351434254194146,0.366497320478227
0.3,"eld vs kin","79",4.61010692952593e-06,1.54550979609199e-05,1.94160317956728e-07,5.33628900121241,4.81092823785062,6.71183952547536,-3.40541655034728,-3.84817223266919,-3.63055427028325,0.484036515558403,0.469130687046414,0.483080172063904
0.3,"eld vs kin","80",4.53003965046458e-08,5.27830636275327e-05,1.03246210471965e-05,7.34389799668416,4.27750540612206,4.9861258796359,2.76213701001942,2.34720580270398,2.52339711322776,0.346481187692117,0.36206899166954,0.349053123171026
0.3,"eld vs kin","82",0.000166484223901139,0.000119963338223266,8.72853635457758e-06,3.77862691409337,3.92095145761931,5.0590585748995,-3.57316017577176,-3.98196063622936,-3.73335012538933,0.605864990376904,0.584396776995354,0.595313946332243
0.3,"eld vs kin","83",0.000193312971030907,0.000134733614897685,5.3551257666177e-06,3.71373900443936,3.87052403795713,5.27123032518568,-3.06010045958721,-3.48161059119464,-3.36292395734419,0.521015136229278,0.494806278297562,0.532850212386636
0.3,"eld vs kin","84",9.55057221075109e-06,2.92539637905302e-06,9.64333568631909e-08,5.01997060741866,5.5338152804972,7.01577271510328,-3.47469339843753,-3.78493343467053,-3.63975440050579,0.484899170746218,0.454548063706378,0.492042342760232
0.3,"eld vs kin","87",0.00502644035074127,0.00717187589323551,0.00314816215944061,2.29873946689351,2.14436723435655,2.50194290555807,-2.47188575206336,-2.9933351336766,-2.74743808091467,0.528294810324207,0.517945213826108,0.527431476992049
0.3,"eld vs kin","89",4.86648164076431e-18,2.91591502924185e-14,2.53986856322096e-17,17.3127849107001,13.535225135659,16.5951887572953,5.20738150817937,4.75603339936601,4.94244096939273,0.440203534898478,0.432514871697057,0.430411963818337
0.3,"eld vs kin","91",1.87955410562198e-05,1.49557024241984e-05,6.79733892613451e-06,4.72594516798962,4.82519318465277,5.16766107492395,-3.89540230912746,-4.32052581700019,-4.14432458202869,0.584874976527285,0.566415902872308,0.586963403057269
0.3,"eld vs kin","100",9.90350840600707e-05,0.000715480932959174,2.72515839029546e-05,4.00421092545816,3.14540193537863,4.5646082508067,-3.30873544418403,-3.70908508825447,-3.61676813827104,0.568518492663026,0.544137951800337,0.574440956270849
0.3,"eld vs kin","102",0.0141294404047084,0.0204155000886105,0.00101001162161106,1.84987503800705,1.69003997733472,2.99567362901684,-2.52044788663529,-2.96525860595643,-2.75237657481074,0.544345137608766,0.524540132338507,0.550780297286031
0.3,"eld vs kin","103",0.000211580952032332,0.00736922471193225,0.00252786840108499,3.67452343304332,2.13257820020618,2.59724553884307,2.61239829737647,2.18728052887275,2.3462546416623,0.458965785483202,0.439027503831809,0.461732483293504
0.3,"eld vs kin","111",0.000101224147628068,5.63331775537118e-05,1.99355912633696e-06,3.99471587158089,4.24923575107031,5.70037087920847,-2.90784581664124,-3.26677100491399,-3.14466631498249,0.459922904358261,0.448598766392422,0.461071170702889
0.3,"eld vs kin","115",0.0208392895012463,0.0238250432594759,0.00193570622780332,1.68111709203989,1.62296630213414,2.71316055267061,-2.34117257280951,-2.71096016027501,-2.53204945909392,0.561623295144923,0.5492069452532,0.552350738207725
0.3,"eld vs kin","119",8.49143498443305e-09,5.39431951434258e-06,4.05779939805741e-07,8.07101891126847,5.2680633331508,6.39170942661518,2.7444066983609,2.3119889655445,2.55638814973352,0.319379861993821,0.301164639557599,0.325496245602942
0.3,"eld vs kin","121",4.49305710367353e-14,9.40189847187956e-12,1.84594053390441e-10,13.347458061787,11.0267844429308,9.73378229367476,4.91843096860386,4.49895864660918,4.647748218817,0.491749785752531,0.479373585366083,0.50382469844966
0.3,"eld vs kin","124",2.36937156248607e-05,0.000588268758076909,0.000171103910350712,4.6253668283089,3.23042421561916,3.76674006512675,2.91278832519066,2.40121906504827,2.66924273766076,0.429368453127912,0.426540813822306,0.439181390000901
0.3,"eld vs kin","125",9.72968923442825e-06,0.00202482244135504,0.000432105273970029,5.01190103084453,2.69361305448421,3.36441043296648,3.37139715542306,2.7513550139838,3.02149768933499,0.543085571243787,0.528702837933851,0.538909608380629
0.3,"eld vs kin","130",0.00304098109360594,0.00148711836865265,0.000270606664638173,2.51698627994404,2.82765446200479,3.56766151158193,-2.94648411880884,-3.36401256855044,-3.22339909338334,0.593574421627239,0.581598607274875,0.585472312563473
0.3,"eld vs kin","133",0.03049233137924,0.0342940025359981,0.0040243728081408,1.51580936912654,1.46478182436729,2.39530179410056,-2.2509912565956,-2.59100442818817,-2.3094677674372,0.496497963502611,0.455683037757854,0.497814515999288
0.3,"eld vs kin","138",2.59709954041786e-12,1.25636454611361e-09,7.96266676229418e-11,11.5855114046157,8.90088432764163,10.0989414591231,4.22319616019302,3.79452456333692,4.02157550300082,0.438200338711049,0.430136609920207,0.435957776932312
0.3,"eld vs kin","139",3.30649420411853e-05,2.76417674196699e-05,1.43618159185701e-05,4.48063223422464,4.55843419154134,4.84279064410805,-3.47260980390177,-4.08426870727975,-3.80574659669309,0.53845596340921,0.551241395706079,0.532838120406912
0.3,"eld vs kin","147",0.016430819155517,0.0351478624332955,0.00347502179648345,1.78434078435236,1.45410108207098,2.45904246702702,-2.44731462562979,-2.82089931198229,-2.68869580546169,0.562877136931301,0.556270399278708,0.555212089069799
0.3,"eld vs kin","151",6.94877211035659e-17,2.23687172871695e-13,1.09542148091008e-16,16.1580919310659,12.6503589193936,15.9604187469299,5.69989692438192,5.20986701305014,5.49330552763619,0.479768251492439,0.486496376411864,0.486166286540183
0.3,"eld vs kin","162",0.0249392281286029,0.0460556468972001,0.0039383161821952,1.60311699210351,1.33671711322084,2.40468942007439,-2.50516441258533,-2.78806987969043,-2.65967752239488,0.606791954803119,0.615607372674415,0.603777411901421
0.3,"eld vs kin","163",0.018881814998377,0.0302607169689692,0.000514868969778654,1.72395626184441,1.51912078642591,3.28830328152679,-2.61193034781632,-2.91507402860245,-2.8274007512381,0.580456713670236,0.56314134195024,0.5786174607665
0.3,"eld vs kin","164",2.90128542332084e-08,5.03153406297029e-06,7.78383692952988e-07,7.53740954397373,5.29829958283504,6.10880627106283,3.60393320905554,3.11294384606236,3.26837361503481,0.4684966816854,0.469323732893199,0.456879848838999
0.3,"eld vs kin","169",0.000863635827610836,0.00086917755269556,4.98787328323425e-06,3.06366934941917,3.06089149825848,5.30208458829116,-3.1344516191815,-3.56357470921886,-3.35578731813405,0.52262028196957,0.506666811062237,0.526345651997226
0.3,"eld vs kin","172",0.00515280600238147,0.00747145457421608,0.000507443437499654,2.28795620795251,2.126594839676,3.29461235962322,-2.4285114996045,-2.89990668181032,-2.62797135786247,0.459391039339181,0.451398994053256,0.463766653315844
0.3,"eld vs kin","181",0.0183475690368248,0.00487932601600034,0.00076797253489724,1.73642146949531,2.31164016319133,3.11465431142143,-2.17846493973035,-2.66148603591656,-2.44453549044656,0.481535799434853,0.469317460399903,0.492474532153936
0.3,"eld vs kin","206",6.40270303777832e-05,0.00635664126800072,0.00203746440642038,4.1936366406161,2.19677229694201,2.69090996944945,3.21196460501735,2.76697055803009,2.98467890681715,0.548581157619569,0.539987115974437,0.542683142652292
0.3,"eld vs kin","207",4.15284426409638e-08,8.91653122259805e-07,5.69010546884289e-07,7.38165435507162,6.04980406534092,6.24487968367312,3.90471979874707,3.56352522108794,3.64917549540391,0.4699385604398,0.457502223689405,0.464846619621582
0.3,"eld vs kin","222",5.27345200878238e-07,2.67988503196981e-05,7.89188640097995e-07,6.27790500194624,4.5718838369608,6.10281917478612,3.63548386266647,3.13231146871409,3.36193975023855,0.510371519414227,0.505938315235208,0.510461089798381
0.3,"eld vs kin","223",0.00152481710474771,0.0059307902183062,0.00135961703916957,2.81678224494822,2.226887437397,2.86658340133306,2.86918840142014,2.5139321799112,2.69609780793362,0.541143007953716,0.524425767969018,0.529991794394456
0.3,"eld vs kin","246",3.72394004249812e-05,0.00012095605266083,5.30955263037584e-06,4.42899732001665,3.91737239459082,5.27494206994379,3.09967202189804,2.85085372822212,3.00525059985881,0.457499654171957,0.474783519644751,0.459494581456226
0.3,"eld vs kin","252",0.0429380145774386,0.0185296925098503,0.00856366057464785,1.36715804089645,1.73213178750157,2.06734055453486,-2.11244076976655,-2.49217208259362,-2.29372063896576,0.485747131786688,0.462764662297495,0.480954036615566
0.3,"eld vs kin","265",0.000754236534574191,0.00711050320259552,8.68926043607947e-05,3.12249243456673,2.14809966363346,4.06101718582957,2.93793592892422,2.50266765242308,2.89536405782978,0.471162984941968,0.489881593854334,0.466077351302284
0.3,"eld vs kin","267",0.0193303952496697,0.00617210746560038,0.00109910527586363,1.71375926583717,2.20956652082812,2.9589607074519,-2.81618687108356,-3.33239329329567,-3.16108401444807,0.614102011935722,0.594409646808057,0.606640660012613
0.3,"eld vs kin","282",0.00980939527411103,0.0337976941015509,0.000108749481699331,2.00835776501676,1.471112929105,3.96357280421844,-2.66401624257938,-2.90979830410306,-2.84325611054062,0.482177796721595,0.475221276161188,0.476774413185679
0.3,"eld vs kin","294",3.98746157903208e-06,0.0053288269419867,0.00104530050722731,5.39930348853532,2.27336838359857,2.98075883886468,2.96374608691636,2.50453662668367,2.73624988630197,0.446037688889926,0.444601321723785,0.458703629650666
0.3,"eld vs kin","329",5.23124898910851e-05,0.00053483724420343,0.000101780602359555,4.28139460858613,3.27177835760146,3.99233498320671,2.96032913682485,2.54819944881536,2.75447037164244,0.433108784709313,0.420536843861279,0.431349519528616
0.3,"eld vs kin","344",3.83694867480629e-08,5.98961532575904e-06,1.59966105750933e-06,7.41601401013124,5.22260106863986,5.79597202762347,3.34734166023218,3.01327709884588,3.17738437838702,0.419058354821218,0.420067567189269,0.433694779889294
0.3,"eld vs kin","435",0.000562402920575507,0.00759815445663183,0.00492558097447993,3.2499524326779,2.11929188227629,2.30754253691664,3.04870518311473,2.5796231709363,2.79796940466853,0.554741379968391,0.567572047286008,0.564294770312488
0.3,"eld vs kin","473",0.0316759358445888,0.0234193606752734,0.00224307858030592,1.49927054531155,1.63042496489947,2.64915551179578,-2.35965209782417,-2.77035461613282,-2.66512406760595,0.538981475947962,0.530311537384332,0.536720264263472
0.3,"eld vs kin","614",0.0128208520320412,0.00165105941548682,0.000676912189381978,1.89208311206229,2.78223729781306,3.16946766534776,-2.60475909921413,-2.95611308553319,-2.65579447817514,0.51086092859728,0.502508328914959,0.505653829648743
0.3,"eld vs kin","616",0.00183887274882788,0.00623977532583886,3.30319475522546e-05,2.73544832317845,2.204831047578,4.48106581970058,-2.36484935247362,-2.73567439086926,-2.51773843159382,0.437061319337212,0.427414571267923,0.434280757908219
0.3,"eld vs kin","652",6.51308391680986e-05,0.00484894324626388,0.0103723161209963,4.18621332619062,2.31435289899,1.98412425554401,2.21900989348601,1.82273285763002,2.07326929425898,0.352692500665434,0.350225810501363,0.364355452243473
0.3,"eld vs kin","666",8.39730805756263e-08,2.15883310233195e-07,1.46001290686944e-10,7.07585991430905,6.66578093132857,9.83564330492967,-3.54884437200494,-3.95004603782219,-3.78007221262322,0.426396860000555,0.410647429253707,0.42622735535386
0.3,"eld vs kin","667",0.0017721969022456,0.0216706138501089,0.0110741554480043,2.75148802691397,1.66412878651409,1.95568938458635,2.85670831365049,2.35237151876071,2.62643377661676,0.569118924937226,0.556157015220369,0.566036519783322
0.3,"eld vs kin","670",0.000432191276078896,0.017982416885694,0.0278041822795654,3.3643240037393,1.74515193832137,1.55588987299113,2.4946004642848,2.00153210786055,2.1188794773466,0.435238469477512,0.437065863079592,0.428218036367195
0.3,"eld vs kin","728",4.66617769695055e-17,1.64013800416783e-13,1.28078874364611e-14,16.3310387264648,12.7851196080944,13.8925224979172,4.41643434846925,4.01422938956537,4.22510169277948,0.377799812636371,0.389016545314582,0.384233419432891
0.3,"eld vs kin","744",8.8240324673831e-05,0.000153194578565562,1.16234171107483e-06,4.05433290261009,3.81475660376818,5.9346661770938,-3.28236181692128,-3.7423705238746,-3.61700679201675,0.51879543727269,0.520306895023813,0.53066889181573
0.3,"eld vs kin","770",0.00367287586491894,0.010099829604459,0.000185874300829271,2.43499374959964,1.99568595319433,3.73078065207623,-2.28195479701215,-2.71878407409707,-2.52325953491051,0.432513420706082,0.420395268457468,0.439303660859328
0.3,"eld vs kin","786",4.32916373617138e-06,6.99333180991172e-06,2.73155096739606e-06,5.36359598813673,5.15531586546846,5.56359069167059,-3.50894739772044,-3.86166224964378,-3.67927331652373,0.497667778073921,0.488402803148582,0.499353177638349
0.3,"eld vs kin","825",0.00124593107668314,0.0411521315767951,0.0101759549279739,2.90450598162877,1.38560766450847,1.99242482529782,2.43070070655013,2.05737286783221,2.16878179390531,0.447183817233685,0.468949705506326,0.449011242684487
0.3,"eld vs kin","849",0.00460165342763016,0.00234265418819644,1.07759682646379e-05,2.33708609321532,2.63029181521962,4.9675436962859,-2.44684435798075,-2.92752119049435,-2.67661063972879,0.434654593128657,0.408184296770123,0.432802366051461
0.3,"eld vs kin","854",1.63098664636514e-08,3.14180678174492e-05,1.32373764728393e-06,7.78754959471305,4.50282052718982,5.87819807956922,3.57517825405492,3.07458760221228,3.24644128603834,0.45457882793943,0.460188191397799,0.453303555576497
0.3,"eld vs kin","879",0.00721062538793872,0.00311470794731994,1.29155984473743e-05,2.14202706666029,2.5065826690092,4.8888854658847,-2.25701584846947,-2.65526739483425,-2.47342743453664,0.410104794198324,0.41433919957188,0.407102714785689
0.3,"eld vs kin","886",1.45335668471986e-12,2.73151741218735e-10,5.15525096504469e-11,11.8376277874945,9.56359602670979,10.2877501877847,4.92174233429182,4.4590787651277,4.66668011783974,0.523660587232122,0.516720929299046,0.521234874229155
0.3,"eld vs kin","888",7.67889863033586e-07,4.0671301354668e-05,1.74601991101581e-05,6.11470106552424,4.39071193130553,4.757950808056,3.14233548441705,2.68844900863037,2.87962450690467,0.450669905063039,0.443336509070237,0.444192620092303
0.3,"eld vs kin","891",0.00531966402324212,0.000324326191194765,6.28423388387177e-05,2.27411579579887,3.48901797814768,4.20174765994895,-3.02810507234937,-3.47163750678672,-3.24634694715762,0.571033593690568,0.555187583546392,0.573403048637577
0.3,"eld vs kin","895",0.000667997401545418,0.000153471616007676,3.05937378989287e-05,3.17522522689074,3.81397193387466,4.51436745829792,-2.93710089184287,-3.31111105743288,-3.11930295112583,0.506113635511345,0.50555300213083,0.50714832808298
0.3,"eld vs kin","914",0.0279702336169091,0.00277549484124193,0.00575230703025695,1.55330390623803,2.55665957554604,2.24015794147292,-2.57099359872603,-2.90365806721714,-2.76869006995687,0.555167029481679,0.545386327706058,0.559103021641186
0.3,"eld vs kin","922",0.00179676949936655,0.00255237805750208,0.00353351795585367,2.74550763328277,2.59305499761285,2.45179269744156,2.59738408414431,2.26270573983376,2.41169755960491,0.490223922955254,0.45033706755686,0.479099985036996
0.3,"eld vs kin","926",0.0010011861532054,0.0221324868151809,0.00192688964865948,2.99948516548418,1.65496978582723,2.71514315631006,2.45303053076621,2.10045845128888,2.25148085201927,0.435269718252275,0.437059935240941,0.435953857377623
0.3,"eld vs kin","944",2.85638272658158e-07,0.000576009473832905,9.0384974492496e-05,6.54418360190065,3.23957037352207,4.04390376020343,2.28537230182081,1.87496766793452,2.05716056409818,0.291124764506437,0.294603611779989,0.287984873578134
0.3,"eld vs kin","947",5.80175015214175e-09,9.32559273560139e-13,2.22528206033307e-12,8.23644097768477,12.0303235548415,11.6526149332303,4.4545158248869,4.20228613348956,4.28740002212327,0.425079467658293,0.427694640183384,0.434883117226823
0.3,"eld vs kin","965",0.0428723653957003,0.0363187126074616,0.0133248886051873,1.36782255451221,1.43986955435207,1.87533641294714,-2.46370601446906,-2.88433136673241,-2.57686451764934,0.615801303501351,0.607909423254054,0.590312332175357
0.3,"eld vs kin","978",9.02938906013532e-23,1.91784728415553e-23,2.07495128024193e-25,22.0443416336054,22.7171859781294,24.6829920960461,6.38210658893062,5.94470193130347,6.09152786920805,0.418824934448215,0.407699783630974,0.404714942744808
0.3,"eld vs kin","984",1.09792630628225e-18,1.57989114194734e-15,2.82465033610523e-17,17.9594268091109,14.8013728358812,16.5490353058972,5.19383138920696,4.82562189492752,4.90343047698247,0.423164117731293,0.41560830976052,0.409214861218383
0.3,"eld vs kin","988",1.42436580939085e-05,0.00010296884901354,1.90089247110939e-05,4.84637845971774,3.98729414177761,4.72104244942842,3.40383413819657,3.02439136034107,3.20267239909398,0.528073795109373,0.527598010691172,0.526690984143084
0.3,"eld vs kin","991",0.000139971798137306,2.04931249540488e-05,2.48633396955507e-06,3.85395945822987,4.68839181188578,5.6044405364372,-3.39741385978588,-3.78663388041687,-3.68770537930763,0.571562001554524,0.558794982294259,0.582785611999827
0.3,"eld vs kin","1014",2.91286693617565e-06,4.5326704212716e-05,1.62277935254101e-08,5.53567935409687,4.34364585813671,7.78974052668533,-4.05607493720351,-4.34689161498064,-4.2460910796315,0.522250748349317,0.515896899948632,0.530905247460624
0.3,"eld vs kin","1019",0.000978466333619516,0.0198657492300271,0.00412548846865731,3.00945411264758,1.70189505102994,2.38452462246362,2.32154746356941,1.84079630849709,2.10205282573477,0.429852288837185,0.412534296200769,0.427969727217573
0.3,"eld vs kin","1020",5.42679830092993e-05,0.00207682360097948,0.000476607896635185,4.26545631964422,2.68260038953837,3.32183876636078,2.70849780892805,2.17469745175487,2.49813677222429,0.426150366287128,0.42047432335175,0.424220678033321
0.3,"eld vs kin","1021",1.89212319343429e-05,0.000122365958851613,1.09470101529493e-06,4.72305059072125,3.91233938234638,5.96070447912334,-3.49506642285193,-3.88329293851832,-3.67773549512742,0.53882600555841,0.561305136645534,0.553905237124948
0.3,"eld vs kin","1023",0.0136907489058397,0.039572724803145,0.0167889894816701,1.86357279461416,1.40260404510348,1.774975442977,2.40069375116302,1.90948245395936,2.08959597185179,0.473527924505245,0.478755555848564,0.479934741171037
0.3,"eld vs kin","1030",5.08494749979885e-12,5.69446554118355e-11,1.27631469261835e-10,11.2937135266479,10.2445470307433,9.89404223124382,4.40974704902851,4.06878991752639,4.25962210309057,0.428863408507805,0.434385936944162,0.433617093683461
0.3,"eld vs kin","1043",0.000105917250606504,0.00132792309764738,0.000195208935278837,3.97503330114759,2.87682707499394,3.70950030729699,2.65796902490008,2.21990690634256,2.43318704435161,0.424947270650555,0.405901543167767,0.426256873232201
0.3,"eld vs kin","1059",0.00392229265420545,0.0237005916815956,0.0104105160387438,2.40646000542478,1.62524081176017,1.98252774241797,2.77883627734081,2.56727138928567,2.70136810280938,0.582112247874291,0.581234334587589,0.588487285469729
0.3,"eld vs kin","1074",7.58098082137791e-20,4.77174781862877e-12,4.56307162647318e-17,19.1202746020519,11.3213225163579,16.3407427140593,5.38802585620782,5.01135132492744,5.0732895589445,0.399028639018111,0.408223197954665,0.400375447882348
0.3,"eld vs kin","1076",1.17783661633566e-11,2.90060158692786e-13,6.68186209531652e-12,10.9289149485515,12.5375119197604,11.1751024918618,4.8578159751729,4.56295428912474,4.5463603593986,0.427912568652295,0.441813161340361,0.432987976663883
0.3,"eld vs kin","1079",0.03440910713141,0.0345577782674405,0.00262313660631237,1.46332659657211,1.46145418625121,2.58117909186378,-2.16317512058844,-2.49449950393283,-2.36352288489651,0.504042105908151,0.47564962888761,0.491459870413297
0.3,"eld vs kin","1082",2.11638705917658e-05,0.000390823836745135,8.87089231977914e-05,4.67440490266133,3.40801895608126,4.05203269244958,3.24564893237778,2.78384784309418,3.05132134010263,0.488263962925383,0.487964291712054,0.485337351759211
0.3,"eld vs kin","1089",2.72655390965239e-15,1.88155157419864e-11,1.71033062326808e-12,14.5643859109854,10.7254838729684,11.7669199282151,3.2784997002474,2.87103170913077,3.06213937778665,0.289027944197017,0.281881462105371,0.289509812399451
0.3,"eld vs kin","1098",2.55049342172964e-29,5.14202426790233e-28,1.79356088278568e-28,28.5933757922701,27.2888658780255,27.7462838765241,7.24699182620602,6.8631107639373,7.05736558378756,0.443614798063127,0.448428997101347,0.44804121995677
0.3,"eld vs kin","1104",0.00441410944883764,0.0322979693189192,0.00121285205762142,2.3551569026114,1.49082478235347,2.91619217067267,-2.52366938295711,-2.91206056632543,-2.69381866479476,0.465734264033602,0.449861305897354,0.477522325069281
0.3,"eld vs kin","1105",3.38500917478983e-08,9.82558018780169e-09,1.12009281171154e-10,7.47044014985766,8.00764179566793,9.95074598987967,-4.32196111288639,-4.72766152279356,-4.48566607546844,0.515674287044214,0.509868158011414,0.497644469915681
0.3,"eld vs kin","1108",8.40092383812344e-06,0.00114945389902585,0.00197673337771494,5.07567295254077,2.93950844222869,2.70405190448292,2.8840102928245,2.44127072146326,2.60440384828811,0.44771910180956,0.436507505809066,0.453947731601892
0.3,"eld vs kin","1112",6.10469710939705e-05,0.000152610765591052,1.79554021500823e-06,4.2143358791361,3.81641482895076,5.74580486346435,-3.35487946184353,-3.66294892176888,-3.53934037558995,0.526891913845488,0.534019359754261,0.530025965966417
0.4,"cent vs mage","4",7.98060355612796e-12,1.00904097199881e-09,2.97320137980047e-11,11.0979642626363,8.9960911989249,10.5267756743221,2.37848311287252,2.15735509690723,1.91121630000468,0.182817092749989,0.199284399882226,0.18292583475667
0.4,"cent vs mage","7",1.30878837308961e-12,9.16573819696493e-13,2.07143345164962e-12,11.8831305718065,12.0378325517647,11.6837290145962,4.33024400043435,4.10770886505691,3.87837719111669,0.414843295990326,0.416580481755433,0.415335823559182
0.4,"cent vs mage","8",1.09207685372003e-05,2.16954280150165e-05,2.39901744179964e-05,4.96174679755431,4.66363177753633,4.61996659452913,2.45510776492501,2.22911269432156,1.99247347240209,0.314173276024833,0.308999395844418,0.313899605900979
0.4,"cent vs mage","9",4.0266135618824e-05,2.05250752984213e-05,6.2698197805297e-05,4.39506004806705,4.68771524095011,4.20274494233457,2.19491269210893,1.97609436205533,1.7259615432275,0.271704211049823,0.263806099606146,0.27140243471091
0.4,"cent vs mage","10",0.00710256006303047,0.00465052700673681,0.015521517291347,2.14858508496407,2.33249782922856,1.80906582695342,2.16262667200443,1.95034907081802,1.69247756633208,0.412066757052318,0.406310297201377,0.407715955128417
0.4,"cent vs mage","11",9.36172321011548e-06,2.63449856986648e-05,1.58822311075017e-05,5.02864420342397,4.57930203284722,4.79908848870901,2.40071613604708,2.16787991018619,1.93079176798388,0.297981327770018,0.310374763572674,0.296849526786038
0.4,"cent vs mage","14",3.11165453868503e-11,1.67484986537769e-10,1.27147546542707e-10,10.507008625137,9.77602411731987,9.89569201561603,2.88203170624609,2.65642030277317,2.41123844647247,0.259204282633754,0.263653655191452,0.259093551692532
0.4,"cent vs mage","16",0.00184193055304996,0.00165336744376269,0.00445486858160848,2.73472674818681,2.78163061825864,2.35116510310277,1.73899256423488,1.52557850667475,1.27063809064711,0.230114264549136,0.230097039458239,0.23001772088897
0.4,"cent vs mage","19",4.74821567090312e-06,1.49471910058915e-06,9.3624449992224e-06,5.32346956297863,5.82544041571837,5.02861072059869,2.67292640520516,2.4644447357457,2.21687820364471,0.346185736421463,0.333151408088794,0.346245586749677
0.4,"cent vs mage","20",3.03102339178446e-10,1.63782324397985e-10,9.52262692193545e-10,9.51841071197163,9.78573296967346,9.02124323015257,2.86060362515701,2.6350803894801,2.38703584772449,0.268229671649189,0.265661640465072,0.268901458842052
0.4,"cent vs mage","21",3.08345184622248e-12,8.15452457428083e-12,6.62224681925751e-12,11.5109628294926,11.0886013541559,11.1789946365945,3.03698294898332,2.81850595924404,2.56590584245528,0.260596714280401,0.263918359128046,0.260794088229145
0.4,"cent vs mage","23",3.51674322987178e-06,5.71704356959948e-06,8.64052759192699e-06,5.45385933993461,5.24282849801408,5.06345973862445,2.31329659568594,2.09308391717478,1.84177541893165,0.266275319748346,0.262074207181148,0.26708873028906
0.4,"cent vs mage","24",1.05300751332979e-11,6.9361060937382e-12,5.747664635074e-11,10.9775685300623,11.1588842725715,10.2405085800273,4.66806074920044,4.42907667689028,4.17319989649928,0.492712314863964,0.481231707003432,0.49001682372176
0.4,"cent vs mage","26",2.52827472664605e-08,3.54245003372725e-08,1.07317895652194e-07,7.59717573664605,7.45069626676281,6.96932785179958,3.2448060067172,3.03056101567559,2.78002643139907,0.371692930930799,0.371479838502357,0.371816607459866
0.4,"cent vs mage","28",0.00382233095011021,0.00609127920940259,0.0112420503737829,2.4176717129942,2.21529149304107,1.94915447303642,2.39582198083911,2.14736049864683,1.95228931568004,0.454906810003884,0.452211455884208,0.452195058191919
0.4,"cent vs mage","30",0.000365948314544881,0.000980853169326335,0.0011734973574502,3.43658024873955,3.0083960002898,2.93051788403394,1.86590805155984,1.64210060571865,1.39407606158692,0.238173421404845,0.238195439345972,0.238287566253399
0.4,"cent vs mage","32",5.70690214222658e-08,2.50281052910277e-07,4.35727883681458e-07,7.24359957435053,6.60157202665216,6.36078464722166,2.32123948219012,2.09352736542102,1.85097981076841,0.228502673548861,0.225566525375864,0.2298234643747
0.4,"cent vs mage","36",1.88572128398976e-05,4.30268859742937e-05,4.51408520144194e-05,4.72452249705481,4.36626008438733,4.34543024805691,1.90519575833906,1.69454957674847,1.44230261729727,0.203129665414827,0.204459278485808,0.203217516833392
0.4,"cent vs mage","37",0.00134362650393964,0.00199768768626687,0.00603661290347415,2.87172143799411,2.69947240736774,2.21920667229547,2.0790084654682,1.8501829975799,1.60116325391609,0.335130378448398,0.339269677347757,0.336526798493772
0.4,"cent vs mage","39",1.21239021691789e-09,4.47751944794484e-09,7.402332526464e-09,8.91635757672187,8.34896251913236,8.13063140949156,3.77614605478197,3.54577046500452,3.30348097256971,0.416707385741999,0.422752488296964,0.41883737838556
0.4,"cent vs mage","42",4.60692473003886e-09,3.62643070455592e-09,1.90391511454788e-08,8.33658888338349,8.44052061681426,7.72035241840178,3.66267435209494,3.37025319467331,3.16647249718069,0.411648521318463,0.409261905865218,0.412326727065466
0.4,"cent vs mage","44",0.0010167048660495,0.00183358800766968,0.00320060742194934,2.99280509786187,2.73669824014678,2.49476759200298,1.97987254216694,1.75801018194502,1.52035333627555,0.300341202066003,0.291337201288104,0.299345219500302
0.4,"cent vs mage","47",0.00744322267106591,0.000756037547181483,0.0168600880142612,2.12823898848244,3.12145663554535,1.77314016256963,2.68620623399573,2.52459114541504,2.14355971597693,0.495540583646232,0.491565173766716,0.509655304305379
0.4,"cent vs mage","52",0.0028388585795497,0.0022717783274836,0.00603412007514198,2.5468562417295,2.64363404789386,2.21938605189177,1.94914429615271,1.71022285345059,1.47013070013835,0.307361662781217,0.299213247091021,0.305933348718451
0.4,"cent vs mage","55",1.63685500245558e-05,5.35629432898968e-05,2.73315327558019e-05,4.78598978999701,4.27113556647257,4.5633360123351,2.67553832670156,2.4517046628376,2.17973728756059,0.356425688417727,0.367515245471466,0.356105488019706
0.4,"cent vs mage","56",8.89684120504845e-07,5.54091752257517e-08,3.00352475836482e-06,6.05076416085206,7.25641831433334,5.5223687837676,3.15101886811792,2.95136369658437,2.69067393318933,0.379063352347038,0.366199259827624,0.373759098803309
0.4,"cent vs mage","61",0.000213938648746221,0.000509500964344822,0.00103016283076497,3.66971075156219,3.29285498965709,2.98709412392242,2.06962886706263,1.83240024584917,1.58234926967241,0.282328679491372,0.282740940369518,0.280675705734631
0.4,"cent vs mage","69",1.07279724889195e-05,2.04036287907486e-05,1.09159280643489e-05,4.96948234887064,4.6902925863169,4.96193933498082,2.87830973942802,2.62380952706988,2.37040503129257,0.389232634670068,0.39299756523142,0.381366358425347
0.4,"cent vs mage","90",1.99106601450191e-06,1.15202815030752e-06,9.5645266501277e-07,5.70091434054586,5.93853690860912,6.01933651840453,2.51820938480637,2.30556092002407,2.07037471992374,0.282039917616497,0.28941222415426,0.277767449012809
0.4,"cent vs mage","92",7.42190722883574e-06,3.15712079239118e-05,4.1936690265833e-05,5.12948447847774,4.50070880155239,4.37740584797666,2.11020185628057,1.88574815459742,1.63548869319874,0.239815279706972,0.246005876762781,0.240806867186189
0.4,"cent vs mage","95",0.00108729195720493,0.00149277393487301,0.00288125919056683,2.96365382447109,2.82600595668952,2.54041767196264,2.23148184439468,2.05913336390119,1.75654935992476,0.367255472130106,0.366849115027942,0.37015616172653
0.4,"cent vs mage","106",1.40211120162375e-06,1.93600548930966e-08,1.41083084872943e-06,5.85321754105095,7.71309341563635,5.85052505277086,2.92551315555711,2.72814436234158,2.42034083159554,0.340822442372582,0.325431213755785,0.334767644620593
0.4,"cent vs mage","114",8.32677832537223e-06,1.06617365791771e-07,1.21893977224799e-08,5.0795229969304,6.97217205184511,7.91401775231972,-3.52590666945148,-3.67616211486275,-3.89395892266323,0.496429920198485,0.449829791991558,0.484012664178816
0.4,"cent vs mage","119",1.53511557819334e-05,9.51492338215526e-05,0.000181374625828815,4.81385892111059,4.02159470447009,3.74142347049162,2.04578442949036,1.82709631043199,1.54652106369098,0.24130010820243,0.250337189991956,0.236839947986939
0.4,"cent vs mage","120",0.0086324019130178,0.00708253306106661,0.0160034239685785,2.0638683476877,2.14981138952828,1.79578708912071,2.50419442824896,2.20336762516128,1.98884785022968,0.497005348219494,0.493115958015574,0.50589780756524
0.4,"cent vs mage","132",1.08686519784129e-08,1.07957019712668e-09,8.57223113590705e-12,7.96382431742619,8.96674911318748,11.0669061274464,-4.1677377551715,-4.30491898884866,-4.48500195576677,0.488033736608324,0.479102700605119,0.47576697868506
0.4,"cent vs mage","141",0.0150649738625778,0.00794575410387985,0.0457628511767097,1.82203161748203,2.09986487912215,1.3394869253921,2.5772468807707,2.33156876642092,2.0435537898764,0.552155085105343,0.556790246978683,0.552269071149203
0.4,"cent vs mage","142",2.79247576766218e-07,1.4336759736861e-05,3.08723608333566e-06,6.55401058688425,4.84354899283932,5.51043015841243,3.77372849970481,3.58486646664623,3.3834772554684,0.533807697859343,0.532045802280257,0.52179492073294
0.4,"cent vs mage","143",6.03403431449523e-06,8.99561935526522e-09,1.48004599779631e-10,5.21939222439743,8.04596892978213,9.82972478711944,-3.71152594094958,-3.88761173221894,-4.15880763254083,0.450174825602263,0.45104680103021,0.442653620731853
0.4,"cent vs mage","148",0.0214674842675732,0.00847947987450012,0.000467422044904933,1.66821884670145,2.07163078625299,3.33029080894252,-2.50911012954237,-2.54169447420941,-2.97824780096997,0.513295564741309,0.462798763433369,0.505957681808964
0.4,"cent vs mage","155",0.00321686066626337,0.000873312378738422,0.00671654933931188,2.49256774953739,3.05883038390463,2.17285379060499,2.70360263445904,2.65673507179662,2.30722217569679,0.469540942206847,0.476681714353034,0.472297530365621
0.4,"cent vs mage","168",1.09285629567224e-06,1.39657785641859e-07,7.05615468572339e-07,5.96143694152666,6.85493484824048,6.15143190712514,3.76398966130017,3.53132928358485,3.26071439226951,0.448474399536858,0.449734813819117,0.457346211925157
0.4,"cent vs mage","169",0.0351819406437385,0.00821266954096215,0.000692769301125773,1.45368020843678,2.08551565183773,3.15941136557367,-2.27158595598195,-2.39347987083424,-2.72048782858754,0.447424653875073,0.412876707052177,0.44909066296534
0.4,"cent vs mage","184",0.00379678172268848,0.00620148915479431,0.0165139742498126,2.42058436977008,2.20750401146074,1.78214839693358,2.71192666101584,2.39017346596725,2.26368736016033,0.561390547645721,0.53546491285192,0.538597066869655
0.4,"cent vs mage","210",1.71097813810491e-09,1.55686621002478e-10,4.39208854470981e-13,8.76675553958868,9.80774870711364,12.3573289130727,-4.17034026469172,-4.39014430866894,-4.5577634512395,0.456355081575208,0.458676499899765,0.462483685926959
0.4,"cent vs mage","212",0.00012526063491467,6.83518581418256e-05,0.00258670579313215,3.90218539129958,4.16524967466203,2.58725296428124,2.57861737845252,2.36005964723865,2.04718058268351,0.364134522065161,0.38035868627351,0.373986458488617
0.4,"cent vs mage","219",7.75180187064611e-06,4.2992186831684e-08,1.24091449252427e-11,5.11059733600692,7.36661046358784,10.9062581433234,-3.56936317783505,-3.81105896789668,-4.13294099590357,0.45123609025727,0.455369942025183,0.462235843803151
0.4,"cent vs mage","294",1.39016888475007e-05,9.68586863178213e-07,1.79850498430835e-05,4.85693243624976,6.01386142553096,4.74508835425658,3.08701394484133,2.87540212304009,2.68385311047217,0.387646357956674,0.387604059663804,0.379149726370943
0.4,"cent vs mage","353",0.00117400045143616,0.000280640916616347,1.4717404318131e-06,2.93033173608994,3.55184900983924,5.83216877897377,-3.01866135340236,-3.10457769909776,-3.36283858153621,0.45466560825789,0.43784674263548,0.440702347143436
0.4,"cent vs mage","652",6.13072673111209e-06,5.62156905325692e-07,5.72589696854103e-05,5.21248804153302,6.2501424502558,4.24215647091391,2.57960773747788,2.30012576948039,2.06630207388862,0.309675172249588,0.296122013799384,0.312374658881054
0.4,"cent vs mage","671",2.550429294667e-06,2.36512139940775e-06,2.98617244641914e-05,5.59338671187465,5.62614656243579,4.52488511611342,2.74862686094803,2.52384281798057,2.26614246956505,0.362231668400565,0.354778005872498,0.363033436290687
0.4,"cent vs mage","675",0.00647108577302524,0.000415823670598397,1.99834750680531e-05,2.18902284364794,3.38109079225883,4.69932898699847,-2.75697984962753,-2.95815374579086,-3.18940507590634,0.474057150431334,0.461515478881113,0.483584394642443
0.4,"cent vs mage","728",2.0857980335081e-07,2.49361789293535e-07,1.85526399953782e-06,6.68072774633107,6.60317009444344,5.73159428260707,2.69242076966796,2.4679273260336,2.22819303077253,0.303470755590332,0.304666798935068,0.305556039904962
0.4,"cent vs mage","762",1.03600297097543e-05,0.000143531296449163,5.8379681249988e-05,4.98463899915026,3.8430533923569,4.23373828056673,2.7377084839221,2.52708161513803,2.2740988330661,0.381934926861223,0.376669068032612,0.385819150281533
0.4,"cent vs mage","770",0.0265560952958493,0.00187264803369188,0.000675874664729058,1.575835781568,2.72754384109212,3.17013383285017,-1.90455475745819,-2.11257557284951,-2.35588054268922,0.35566788440961,0.328868947171407,0.354702055070629
0.4,"cent vs mage","788",0.00406500231609165,0.00299147880466636,0.024833749912233,2.39093920262452,2.52411406988998,1.60495769674721,2.80150651654962,2.59071468547418,2.27299619163322,0.535406405723485,0.51603094022388,0.538321797960908
0.4,"cent vs mage","798",0.00235641031382778,0.00834592063247015,0.00687088490622214,2.62774908505814,2.078525749632,2.16298732623878,2.39843765093503,2.19216941838092,1.94070662401251,0.43310899642314,0.40735752078936,0.438214454748819
0.4,"cent vs mage","814",0.0353518157118027,0.0170304745634254,0.0152483888332828,1.45158827540695,1.76877325001712,1.81677604207327,2.40578547454904,2.38492735713023,1.95727459812423,0.46927293006812,0.45114023700117,0.471318187033291
0.4,"cent vs mage","829",2.09311658785495e-05,9.09752506684606e-06,8.74937019490559e-05,4.67920658052329,5.04107673910771,4.05802320763156,2.75921970810296,2.55591371798528,2.29181713770154,0.392190018955013,0.385244318303616,0.398527139967749
0.4,"cent vs mage","834",0.00150676419617973,0.0042584309669672,0.00253161688990479,2.82195470807742,2.37075038866931,2.59660201555398,2.38837713995002,2.15710402671601,1.89827014665184,0.394768634492692,0.399096522901583,0.393810603466262
0.4,"cent vs mage","848",2.47220084466541e-06,3.13128025858591e-05,0.000774026631544785,5.60691624952713,4.50427806003869,3.11124409650836,2.58777954389944,2.33325261253542,2.12122911226937,0.340396891924643,0.33777467975813,0.342000125144197
0.4,"cent vs mage","854",6.03299032153675e-08,5.85612982984172e-06,1.33931827842916e-06,7.21946737140273,5.23238930357555,5.87311620406345,3.65347222954197,3.36313680353899,3.07973493081665,0.466648645214098,0.451830909276109,0.46801879087108
0.4,"cent vs mage","857",4.5024429628388e-06,3.34806842420928e-05,0.000194241901322288,5.3465517801367,4.47520567494614,3.71165707952505,2.67353784953521,2.40701950391507,2.16302856748517,0.335695773317597,0.336609856836579,0.334950993688186
0.4,"cent vs mage","886",0.000395997990017756,6.51064389471695e-05,0.000215917552691452,3.40230701843412,4.18637605811475,3.66571205091644,3.44451323619664,3.25263847677498,2.93963191900377,0.53593074638501,0.51358568974919,0.52666233614599
0.4,"cent vs mage","921",1.99435017092936e-06,2.01361113128755e-08,6.35515525528504e-09,5.7001985852668,7.69602439666341,8.19687383524531,-3.70976907268813,-3.9419530895273,-4.06772531711203,0.477662011116152,0.476532717757679,0.471011715512807
0.4,"cent vs mage","944",0.0031523705501052,0.00403392992738569,0.00993004194083592,2.50136273838828,2.39427165010294,2.00304891720098,1.84595805980667,1.65813847384663,1.38932498735642,0.279262325815844,0.295935894004163,0.284293825909406
0.4,"cent vs mage","947",0.00291739648277965,0.000829295824139304,0.00169606326420404,2.53500454496731,3.08129052147144,2.7705579523256,2.68195101216582,2.56027044875121,2.26291377001405,0.418189470055866,0.420135490244362,0.417911270804759
0.4,"cent vs mage","978",1.89960368687076e-07,4.93107665156066e-07,3.66424863410884e-07,6.72133699618305,6.3070582464871,6.43601506536501,3.55758800085109,3.2586404978726,3.05796442716317,0.446268108448818,0.454466897259382,0.444366036311616
0.4,"cent vs mage","984",1.70958248953547e-06,0.000703502150961691,0.000140641376524582,5.76710993909917,3.15273457036944,3.85188689160119,2.96902000127258,2.65783192818077,2.44608124570406,0.407733129120677,0.419363686324381,0.422895548574191
0.4,"cent vs mage","989",2.46067396158297e-05,0.000501062898797565,0.00035888846385849,4.60894592634829,3.30010775340203,3.44504050144141,2.57750974490801,2.40312707876198,2.21388995368501,0.378326918516757,0.377319819186453,0.375228238996836
0.4,"cent vs mage","1017",0.00245610396665404,0.00323369537099865,0.00147423446155287,2.60975325349647,2.49030089504362,2.83143344099456,2.53497643354608,2.30198810903325,1.96139233524681,0.394514943967717,0.385782197954445,0.3913237211952
0.4,"cent vs mage","1019",0.00259523026297002,0.000365096880031055,5.8838397261522e-06,2.58582410313314,3.43759187833783,5.23033916582141,-2.46415413326844,-2.64929628301122,-2.9270061832067,0.388819479513171,0.398378755631472,0.392380054508823
0.4,"cent vs mage","1030",0.000260994261037888,0.000246191899368998,0.000242927804711261,3.58336904219038,3.6087262410766,3.61452277444317,2.67184878375744,2.48037503063424,2.29872416729722,0.399584623317096,0.405983128281644,0.411327145259397
0.4,"cent vs mage","1043",5.46848732428696e-08,4.6367718396414e-07,2.17403696309347e-07,7.26213279022379,6.33378427378774,6.66273307628879,2.99670526691861,2.79638900585133,2.53314894783192,0.322236324138312,0.324083516933595,0.321578175512756
0.4,"cent vs mage","1058",0.00989091370430015,0.000654233307684323,6.48427627128326e-05,2.00476358722926,3.18426734927359,4.18813848973071,-2.53636407252645,-2.70550907890672,-2.9368599957386,0.461615671420654,0.468274799722742,0.46336781358665
0.4,"cent vs mage","1074",6.76495249373269e-10,2.45692461118369e-09,1.09773824308056e-08,9.16973524884939,8.60960816930308,7.95950120554909,3.55153062028543,3.27534280332611,3.06409346810181,0.371488694468952,0.386871059045226,0.372221437551905
0.4,"cent vs mage","1076",0.000798685646884036,0.00150379372984031,0.0139887774364706,3.09762412016885,2.82281173032395,1.85422023946067,2.65505911438958,2.5190867203461,2.29687655446411,0.424906314557205,0.427073135792696,0.423439843400069
0.4,"cent vs mage","1087",3.7192829731332e-08,3.36431372842688e-08,1.68763005709241e-07,7.42954077808224,7.47310351222858,6.77272274833334,4.04675122458695,3.8663066532388,3.52627671436399,0.505720728413451,0.491827577052502,0.500194307013437
0.4,"cent vs mage","1089",0.00164188613744171,0.00285730592750849,0.00481271208856605,2.78465696390072,2.54404325786162,2.31761011839475,1.81544395426884,1.60420503427623,1.36450263821055,0.2599666501293,0.264752562464933,0.262407458898396
0.4,"cent vs mage","1090",0.00678688129322804,0.00981855823983363,0.0198351548872323,2.16832974682251,2.00795227946907,1.70256440389123,1.8142924570738,1.58456521909385,1.35216673094464,0.322116785751031,0.309067729972033,0.324165720198324
0.4,"cent vs mage","1091",0.000503717909237066,0.000379329487966523,0.0111773072560731,3.29781260791822,3.42098339520029,1.95166281046423,2.85543514329506,2.740110099071,2.37603523617883,0.477495135008248,0.480826843177036,0.483822856495832
0.4,"cent vs mage","1098",2.48960154741013e-12,2.6264604890981e-14,1.67301620599653e-13,11.6038701547549,13.5806291280784,12.7764998521394,4.7261957998065,4.48351636568205,4.2578597009667,0.443967950643415,0.442734568189879,0.442457506486142
0.4,"eld vs kin","3",4.16067715003354e-10,0,4.4062982429427e-11,9.38083598221202,30.1254030308852,10.3559261107076,-4.29507189869894,-4.85281300495657,-4.75025925089018,0.44656231616682,0.43205070415118,0.446776469910308
0.4,"eld vs kin","4",3.92642667467926e-14,5.54172806478331e-08,6.45237259455583e-12,13.4060025085082,7.25635478906653,11.1902805620693,2.92521484201141,2.37912270959848,2.47876746739702,0.220135259152891,0.227982358937137,0.220051494796154
0.4,"eld vs kin","5",0.00211303875839417,1.98543276706058e-06,0.00038903290674635,2.67509253683205,5.70214481491537,3.41001366187758,-2.34984854797123,-2.88601424422134,-2.787887700603,0.384997321540598,0.384570683781023,0.385383592108812
0.4,"eld vs kin","7",3.75949551660475e-27,7.49198620633983e-30,5.87932732211568e-28,26.424870428757,29.1254030308852,27.2306723604894,8.0122918512733,7.40895422188252,7.58908659896513,0.472511532262158,0.461263703019514,0.474743194852728
0.4,"eld vs kin","8",0.000487974605394906,0.0172279386666253,0.00472611138662718,3.31160277845596,1.76376668304327,2.32549604698053,2.43573053179903,1.88851280605388,1.98102450082993,0.394185880676604,0.381369637545341,0.3930523753455
0.4,"eld vs kin","10",0.0156604424324678,0.000128105056301367,0.00481540573536586,1.8051959725932,3.89243372833146,2.31736711431165,-2.28588132776369,-2.83236335036607,-2.73534252070725,0.473607350940666,0.480848442783424,0.476122812242045
0.4,"eld vs kin","11",4.29173040131052e-12,5.19520223151436e-08,4.52693515368831e-10,11.3673675674378,7.28439754217392,9.34419572653347,3.6091164215944,3.07377863443616,3.19304099353932,0.346598017193428,0.34845564984479,0.352362337067909
0.4,"eld vs kin","14",7.02898902436057e-13,2.25616162244081e-08,2.64289914141319e-11,12.1531071348258,7.64662979244579,10.5779194101424,3.25591496168214,2.70835236245433,2.80739017699208,0.274292419861483,0.280478710788246,0.275152057471079
0.4,"eld vs kin","15",3.60223946769658e-07,0.00012136979989348,6.33143330707849e-06,6.44342741976681,3.91588936409483,5.19849796345947,3.36073711105288,2.79998574909088,2.90825749357655,0.430359897393488,0.442024771260024,0.427175644606433
0.4,"eld vs kin","16",4.09884881768859e-15,2.30011838183917e-10,4.04857751005292e-13,14.3873380999451,9.63824981126221,12.3926975417364,3.42409533866236,2.86649667194947,2.97177984393561,0.267190211990775,0.261374313996102,0.266435500830205
0.4,"eld vs kin","21",2.39494379886956e-23,1.35589748468116e-17,1.98154587894218e-20,22.6207046735343,16.8677731449235,19.7029958679471,4.48400509005973,3.95237734728509,4.0618266665806,0.291982261106721,0.297280457286147,0.29417992032152
0.4,"eld vs kin","23",1.58615459186549e-06,0.000155983401799694,4.26051226898155e-06,5.79965448718093,3.80692161248091,5.37053817971969,2.81964901905087,2.26107521340512,2.38587153092893,0.312725441221636,0.298001332992086,0.318842059042259
0.4,"eld vs kin","25",1.64354393761e-07,2.53184345132872e-05,1.51131165898512e-06,6.78421868123462,4.5965631510741,5.82064596728205,3.46099945121741,2.90505720117008,3.00953753105358,0.423928202931961,0.415647364971778,0.42237015444684
0.4,"eld vs kin","26",2.69014821440181e-06,0.00076213836898848,3.03581148423628e-05,5.5702237917732,3.11796617376172,4.5177252004636,2.8413616680271,2.28744580615989,2.3958253487626,0.3619392419322,0.364507450050369,0.361114142268972
0.4,"eld vs kin","29",6.95951166614684e-09,2.42934695791782e-05,3.22446497434727e-07,8.15742123282309,4.61451045508021,6.49154233621162,2.85000764594213,2.30107897380205,2.39888658958784,0.29219912842826,0.28939745430426,0.290829080566446
0.4,"eld vs kin","31",2.62510277766303e-07,1.55438191310857e-05,4.42132663975756e-06,6.58085368848731,4.80844226585838,5.35444739900409,3.95559026961046,3.48010409346413,3.57647482710376,0.537611263971786,0.521552785457063,0.546018031648747
0.4,"eld vs kin","32",0.000321109241898665,0.0169467231786094,0.00393344847942377,3.49334719475168,1.77091426460103,2.40522653387632,2.17021864358227,1.61608329535644,1.71143544250722,0.292734958390754,0.277070167366202,0.29036561059516
0.4,"eld vs kin","33",0.000875197777526775,6.13317469571432e-07,0.000112922286291467,3.05789379385466,6.21231466480799,3.94722033745289,-2.76795631263513,-3.33256975770589,-3.24784523091656,0.461310378211838,0.457103413547605,0.461771699295266
0.4,"eld vs kin","36",1.83391075418578e-07,0.000453023696948775,4.91453977500796e-06,6.73662180274873,3.34387908013966,5.30851714569203,2.52439730430861,1.97906887417791,2.08162005140887,0.261342912058909,0.255527296720632,0.262559190109938
0.4,"eld vs kin","47",4.02702290131837e-05,0.00207327803694916,0.000584973933132601,4.39501590059175,2.6833424529395,3.23286348596722,3.24440447943644,2.71801428607887,2.81766739907775,0.535814721566112,0.54027392000012,0.536821714881418
0.4,"eld vs kin","49",0.000205288939105865,0.0245926966289253,0.0036791137986138,3.68763444962939,1.6091938475585,2.434256778805,2.39622798538146,1.86244124178169,1.94145139644169,0.364565068677555,0.358035850870227,0.362221111198346
0.4,"eld vs kin","55",6.69728781987715e-06,0.00135771157776534,0.000199734231757166,5.17410103660235,2.86719247857445,3.69954749652541,2.93938873938507,2.39223821830555,2.5147117656705,0.420743386703133,0.424865880350493,0.421457176443119
0.4,"eld vs kin","58",0.00140243479293525,0.0396443387265852,0.0126486233082697,2.85311732239034,1.40181882184818,1.89795674106192,2.24700156468326,1.70163790897755,1.78313400995805,0.374933877749198,0.354988584894875,0.369819232014982
0.4,"eld vs kin","61",1.42815684406893e-05,0.00531040268974017,0.000400760432321632,4.84522409453943,2.27487254496353,3.39711516356958,2.64492617636241,2.08349114637537,2.16863915361478,0.368306569562284,0.359807568122923,0.356210199781706
0.4,"eld vs kin","65",0.00498636991642132,5.23046963222821e-05,0.000902352256049918,2.30221550627722,4.28145931504698,3.04462389151078,-2.23851234502554,-2.76533480123656,-2.65107303555075,0.366258648947073,0.375865918628449,0.358899815528662
0.4,"eld vs kin","67",4.17717719326342e-09,1.10318929917123e-12,4.93870979991392e-10,8.37911710184181,11.957349959426,9.30638649236423,-4.98666703479169,-5.49271912250101,-5.4761241506124,0.567179924471153,0.55762090733592,0.572124961981579
0.4,"eld vs kin","70",0.000168679435185327,0.00584260627663689,0.00223983116049139,3.77293786186814,2.23339337907486,2.64978471775089,2.9484375079866,2.50458503192309,2.56503524795597,0.503403824330277,0.517881553351057,0.514820655393544
0.4,"eld vs kin","71",0.000247345913937221,0.00584856546126523,0.00778138810978699,3.60669525962434,2.23295064479931,2.10894292297857,3.0840384692531,2.61814949681927,2.61090622033796,0.524821471374882,0.543463141526381,0.529751639712927
0.4,"eld vs kin","74",2.03253663765121e-08,3.54705318537721e-07,2.992400214677e-06,7.69196161725353,6.45013229956226,5.52398032277208,4.24098037566926,3.73259746789165,3.76601130842671,0.502260701256022,0.501780939766663,0.496968341111329
0.4,"eld vs kin","77",1.18723621101463e-05,0.0013379971192775,0.000130104705184942,4.92546286576787,2.87354482160798,3.88570699706711,2.79600367831115,2.23857451434215,2.30008802701515,0.37377224049871,0.364014462725365,0.362176850282152
0.4,"eld vs kin","79",8.52615282605269e-05,2.11127937510875e-08,1.00928810820101e-05,4.06924688715727,7.675454294859,4.9959848437319,-3.32984419462167,-3.84188427015434,-3.78286399551862,0.48846478333463,0.474321134665235,0.494009637472599
0.4,"eld vs kin","80",6.31142934873436e-07,0.00250686178739411,6.18478840398665e-06,6.19987227499181,2.60086960965037,5.20867515400623,2.8944711513447,2.34226339784701,2.47781253211565,0.351110653053168,0.36359255927881,0.35131637607879
0.4,"eld vs kin","82",0.00762112816029863,4.61862573384785e-05,0.000488624768814699,2.11798073502175,4.33548722898752,3.31102452203941,-3.34255486913046,-3.86243552103418,-3.77887525106384,0.607907402211795,0.588438240827495,0.598505922126364
0.4,"eld vs kin","83",0.00158597477980231,2.52057789502407e-06,0.000123704073072937,2.79970372312168,5.59849987673946,3.90761600058123,-3.02850463323475,-3.52268031706915,-3.42158908570583,0.529028540387095,0.497656394449541,0.527199801241432
0.4,"eld vs kin","84",7.23744719506233e-05,4.9811198891065e-09,2.37620675188792e-05,4.14041459189687,8.30267300523594,4.62411577442418,-3.32496603454101,-3.83491375161927,-3.74283437436944,0.484151094513468,0.45025195109138,0.482722494059788
0.4,"eld vs kin","87",0.0466636191376974,0.000483807870372326,0.00153561543849535,1.33102158121784,3.31532707100624,2.81371753030064,-2.42504759371649,-2.97595756689272,-2.83637275893349,0.524681126365424,0.52072337945978,0.523210773670823
0.4,"eld vs kin","89",2.02672921970695e-19,1.56655361867009e-12,3.31347932387579e-15,18.6932042711603,11.8050547358643,14.4797157350637,5.3113294374847,4.79111458741882,4.90726314464383,0.436370014683479,0.450031448939155,0.442403408484045
0.4,"eld vs kin","91",1.12336427171156e-05,8.25098198146617e-08,2.86889598388036e-05,4.94947939285552,7.08349436129817,4.54228519746529,-3.81999749519225,-4.3591197366284,-4.30222270647291,0.579841509435806,0.561746843655109,0.590797897592496
0.4,"eld vs kin","100",0.000333566362342355,2.80639975277449e-07,0.000106953244573714,3.47681775115678,6.55185046657256,3.97080603597243,-3.20271268383363,-3.79578836065028,-3.64659075862187,0.560887823691865,0.543343127066729,0.555465690156804
0.4,"eld vs kin","102",0.012213944486469,0.000283802524237667,0.00200707717049965,1.9131440582451,3.54698374609625,2.69743592891867,-2.3778834672801,-2.98985413497368,-2.91505792822885,0.546738202206702,0.525612192226201,0.547037213442969
0.4,"eld vs kin","103",0.000544164347926353,0.00496239989315231,0.00335117392863452,3.26426991534211,2.30430824119408,2.47480303134528,2.70711253403707,2.14492481093369,2.25061094732014,0.457811888454384,0.443084300736409,0.458007421674481
0.4,"eld vs kin","111",0.000431223814940291,5.24911898116728e-07,0.000155608373758201,3.36529726263682,6.27991358301796,3.80796703601518,-2.77751514569358,-3.32440685280442,-3.15495703153472,0.462808171804213,0.442489553816369,0.454150792748768
0.4,"eld vs kin","119",1.23675942333842e-07,8.66366446347821e-05,1.21723042697412e-06,6.90771477189704,4.06229837592125,5.91462720016714,2.89717392469947,2.37496312824805,2.42424586619157,0.325804562103669,0.320766999938762,0.312424838142175
0.4,"eld vs kin","121",2.35563524954767e-13,2.94060483086676e-10,1.25992941112237e-11,12.627891955554,9.53156333363809,10.8996537860085,5.03870579196109,4.49190596599133,4.6992034632557,0.500613762469756,0.486293643979206,0.508355115555556
0.4,"eld vs kin","124",6.0348863763346e-05,0.00229384368251067,0.000580798417913417,4.21933090230158,2.6394361810887,3.23597457531831,2.9639330713783,2.50889589767996,2.54462726202599,0.43148427134397,0.445232380937038,0.42812754377869
0.4,"eld vs kin","125",0.00010761988418069,0.000718703068324656,0.000328632585144246,3.96810747967211,3.14345050102662,3.48328937685128,3.3952614412172,2.84628180083254,2.98256529939834,0.532986457755326,0.531933555237022,0.535468393665808
0.4,"eld vs kin","130",0.00937941367534333,8.15018542999995e-05,0.000909699068016885,2.02782430933114,4.08883251024044,3.04110225022199,-2.77923729779874,-3.30129981522961,-3.24848083711879,0.577812459023457,0.567302919594665,0.575760338204657
0.4,"eld vs kin","138",1.95412837689051e-11,9.21132847656984e-10,4.71731559005243e-10,10.7090469086092,9.03567773045058,9.3263050683306,4.34572775846796,3.86610231642919,3.98206938194125,0.434881873706142,0.437858525843046,0.446880835852962
0.4,"eld vs kin","139",0.000104582668999132,6.45791674436851e-07,1.11072670739304e-05,3.98054027896454,6.18990755821858,4.95439278540803,-3.49539467674842,-4.05382374006542,-3.84350779467238,0.53942947859425,0.534597596057152,0.541264379151746
0.4,"eld vs kin","151",8.57968499929162e-19,1.63532299726945e-12,5.61002010998136e-16,18.0665286568577,11.7863964558002,15.2510355819456,5.83358108694464,5.28235234022206,5.45260842393839,0.478539176822475,0.481553582835969,0.484383080619829
0.4,"eld vs kin","164",1.21317561740779e-07,4.2341162510623e-05,2.00305128431502e-06,6.91607632679169,4.37323722224911,5.69830793128061,3.71328535391871,3.13163647295883,3.28260525652718,0.468418536884514,0.472838096311643,0.469037867748705
0.4,"eld vs kin","169",0.00092036480809812,4.80771378828647e-06,0.000501872680986616,3.03603999576284,5.31806139455517,3.29940644412602,-2.90885427685248,-3.50773475978439,-3.39295566609916,0.530262600448399,0.512904621330009,0.521876941508015
0.4,"eld vs kin","172",0.021552115646977,9.7401050348677e-05,0.00937037506264979,1.66651009122441,4.01143635977257,2.02824302550718,-2.27409754732934,-2.86116537364864,-2.73820451357787,0.45438451284492,0.455414035794478,0.468388775888103
0.4,"eld vs kin","206",9.16166140416637e-05,0.00424832030503444,0.00213506354051212,4.03802576287858,2.37178274676067,2.67058919563513,3.22628083407092,2.74420587320525,2.80496510061391,0.551355630512087,0.550250386800909,0.545252189265921
0.4,"eld vs kin","207",1.42275322430945e-09,2.40949294337566e-08,1.77755357308356e-07,8.84687042150019,7.61807434126877,6.75017730134703,4.10231106691136,3.52341972604703,3.57708542198445,0.461682278005839,0.457698522280541,0.463318900248785
0.4,"eld vs kin","222",2.98769820809677e-07,7.07606028172325e-05,6.39823784812942e-05,6.52466327338196,4.15020847594487,4.19393961948634,3.79373055746084,3.27709607753883,3.35609146139948,0.509977980749342,0.510254702213473,0.520943521734729
0.4,"eld vs kin","223",0.000722077646848384,0.00987774165444691,0.00962728961278469,3.14141609912753,2.00534233670002,2.01649596333157,3.05470288076174,2.42688733827573,2.55728480475489,0.536942423609275,0.524564631302797,0.525276377423748
0.4,"eld vs kin","246",0.000193820120033575,9.50027186508332e-05,3.69364651630056e-05,3.71260114180535,4.02226396651998,4.43254466909222,3.35789139440164,2.78887631972664,2.93260378019035,0.471316717429755,0.473016612771353,0.473189050290453
0.4,"eld vs kin","265",6.35626214728201e-06,0.000666292534090344,0.0061357847381808,5.19679819976386,3.17633505304063,2.21212988515101,3.25382355822081,2.6519278727123,2.70716948457854,0.48280968019391,0.47632967838827,0.477074578080135
0.4,"eld vs kin","267",0.011092909215318,0.000366537101083053,0.00218703173868563,1.95495454127479,3.43588205927622,2.66014491433958,-2.72712528299688,-3.30883734937888,-3.2727256130305,0.607953907217207,0.586000231650962,0.603494477325837
0.4,"eld vs kin","282",0.00772562075719383,2.11464874100548e-05,0.0314443108022765,2.11206661473903,4.67476176186443,1.50245791971579,-2.49535428082077,-3.03183315229075,-2.87583279131912,0.475786571451926,0.466928573967567,0.460276368111851
0.4,"eld vs kin","294",5.80894483018655e-06,0.00972978523597962,0.000520600953400622,5.23590274816817,2.0118967457397,3.28349504088247,3.08669189471328,2.40005627074472,2.67933398826617,0.458247778580816,0.443656510474944,0.443436502475355
0.4,"eld vs kin","329",2.23883487461993e-05,0.000165008196755555,0.000882759900509624,4.64997793665139,3.78249448174192,3.05415740294913,3.12577507193569,2.62631717263844,2.59826559076944,0.428689617116687,0.439044539833469,0.42855288207387
0.4,"eld vs kin","344",1.40728836234269e-08,5.55419806825758e-06,3.18412251775146e-07,7.85161690374315,5.25537863693407,6.49701022995456,3.50463355084146,2.90483315874925,3.08310174663688,0.418204021411347,0.417398248063914,0.414472973657928
0.4,"eld vs kin","435",0.000155937018007728,0.00817236603604953,0.00484938007914516,3.80705077507348,2.08765218977865,2.31431377591612,3.25259759246036,2.65131896774371,2.76669108099493,0.562528771133952,0.568285846952198,0.549692780367307
0.4,"eld vs kin","614",0.0230635528238492,0.000597786286897892,0.00415193528471303,1.63707379101603,3.22345405181411,2.38174942435783,-2.41615806668894,-2.87421741274123,-2.91877129417504,0.501636241250907,0.489184764637951,0.50039916643868
0.4,"eld vs kin","616",0.0256745817874949,7.25384831888448e-05,0.00700886418641985,1.59049662188307,4.13943152994668,2.15435235543376,-2.18670173467953,-2.68782609303927,-2.66370003617927,0.431655389098662,0.409979848079171,0.431912651662405
0.4,"eld vs kin","652",0.000173600284952187,0.0343789761887802,0.00288580825871759,3.76044956629627,1.46370706081313,2.53973252804061,2.38189506034887,1.85917971050306,1.92597023059547,0.359633832999946,0.359885849842506,0.362304567181665
0.4,"eld vs kin","666",8.76003996249167e-07,6.59882238550809e-10,2.56570572493055e-07,6.05749391261616,9.18053356098957,6.59079315675599,-3.47829620839752,-3.97347376498431,-3.89941897082197,0.427351973878045,0.417035952768818,0.426674754915056
0.4,"eld vs kin","667",0.00326407729085275,0.0274088937750693,0.0096385376212955,2.48623956603539,1.56210849226342,2.01598885314893,2.9900421232124,2.47000278264469,2.5526550088437,0.56982591775642,0.553790204669027,0.580406903161318
0.4,"eld vs kin","670",8.79251968803409e-05,0.0340489067103559,0.0177967136450501,4.05588665054642,1.46789682845846,1.74966018744337,2.56209807424976,2.01772838583876,2.1975672501111,0.423437293064471,0.440595957289127,0.429034554168424
0.4,"eld vs kin","728",3.4833825632742e-17,5.05722504012814e-13,2.93840893637181e-13,16.4579988264332,12.2960877203814,12.5318877638722,4.56962969127153,3.99908804108025,4.11999427312369,0.38257912841238,0.385655662014621,0.388095766463942
0.4,"eld vs kin","744",0.000292553941824643,4.57723851865982e-07,0.00328770567836446,3.53379404590001,6.33939645601518,2.48310706825592,-3.18293359992548,-3.74263157894681,-3.63724861562337,0.519153894676189,0.526480157448054,0.52735398999013
0.4,"eld vs kin","770",0.0204780700400334,8.40402915829972e-05,0.00639419249499164,1.68871097594129,4.07551244945187,2.19421429357977,-2.15776515518599,-2.69647842636117,-2.62074805442457,0.43528962355531,0.417784732114328,0.441215396814324
0.4,"eld vs kin","786",7.42761438738348e-05,6.26882436150154e-07,9.46712858535475e-06,4.12915065121371,6.20281389795483,5.02378172412581,-3.30178503107508,-3.88108769283295,-3.81984108643247,0.507139891725871,0.488587787557157,0.50232692414176
0.4,"eld vs kin","825",0.0015911792547198,0.0330141786711546,0.0165913104032082,2.79828089203762,1.48129950266243,1.7801193114797,2.65427275179678,2.08562812846652,2.16783758701684,0.463286118702527,0.463020198074071,0.453728770948364
0.4,"eld vs kin","849",0.00462568680987419,1.22532480294111e-05,0.00276489981205048,2.33482377522903,4.91174877544016,2.55832060101822,-2.36161853799076,-2.86811756671012,-2.76577365243329,0.432697204250746,0.40050410450382,0.435030009763261
0.4,"eld vs kin","854",1.02033730660355e-07,0.000666462157627032,2.78184339672668e-06,6.99125623394366,3.17622450521538,5.55566732216992,3.64349882524591,3.11314824502093,3.20033681693646,0.461422215268563,0.461633406164996,0.463020169963125
0.4,"eld vs kin","879",0.0261562430209757,0.000159281845668307,0.00101570713103493,1.58242463620534,3.79783372059166,2.99323149846043,-2.10986800051318,-2.71360761641885,-2.57378892228403,0.407857787678041,0.413205794808178,0.410488406416342
0.4,"eld vs kin","886",6.79882095957963e-12,2.61921638231105e-09,2.08691611464999e-10,11.1675663954034,8.5818286215588,9.680495007416,5.04696037883547,4.54303462059513,4.54375589571276,0.533564187306567,0.514198105233132,0.513962806966707
0.4,"eld vs kin","888",1.11315607035916e-05,0.000844233842405328,1.9228785007139e-05,4.95344394101663,3.07353724247384,4.71604815629014,3.22802722816848,2.66762597635469,2.77868365787794,0.446476063356243,0.440090487430581,0.438959960573503
0.4,"eld vs kin","891",0.0151208926591963,0.000251438037660509,0.00272668693739441,1.82042256958086,3.59956902141355,2.56436472240562,-2.88134233517434,-3.50397056419702,-3.23938804620013,0.575064808936564,0.561026991483675,0.56547210183897
0.4,"eld vs kin","895",0.00314551114468412,4.73193501473804e-05,0.000496177454096893,2.50230877175183,4.32496122831597,3.30436297360626,-2.7819274012389,-3.30834870201708,-3.0780172755129,0.509199454777897,0.499164261245597,0.504171106352672
0.4,"eld vs kin","922",0.0316327604407358,0.0493491727560235,0.0285347580990794,1.49986290761419,1.30672012304511,1.54462580479297,2.64063334539834,2.11593345471558,2.24435656165627,0.476398542763632,0.461033964972742,0.492396124701283
0.4,"eld vs kin","926",0.000470754474272514,0.0160567590443913,0.00728585477862674,3.32720554355213,1.79434210981561,2.13751948934851,2.45686297596406,2.06102657845058,2.13238165009837,0.406578850274019,0.424113696409796,0.423105790909352
0.4,"eld vs kin","929",0.00742844807952106,0.0472026725448927,0.0130500693432479,2.12910190776017,1.32603341156419,1.88438718063912,2.55954153738163,2.08035849827021,2.07507487353282,0.481329710204112,0.467278272125904,0.464261142206109
0.4,"eld vs kin","944",2.224958992567e-06,0.00193095026359403,0.000168205099653523,5.65267798893743,2.71422891240644,3.7741608413692,2.43005129539932,1.85981195625564,1.9852372811101,0.29452023761575,0.295538382247434,0.294737656067014
0.4,"eld vs kin","947",2.88034800514074e-12,4.77473965406072e-10,5.09655783375418e-10,11.540555037386,9.32105030363778,9.29272304321931,4.61104729361996,4.03091745578278,4.15622687685954,0.437934539692822,0.428171825008971,0.434574564400243
0.4,"eld vs kin","978",3.15293126402742e-26,5.57213183863251e-22,1.57627500851468e-21,25.5012854970539,21.2539786165637,20.8023680100311,6.53314802150326,5.89315413399146,5.94719783782278,0.425874007343051,0.400147238042012,0.401721913650152
0.4,"eld vs kin","984",1.8760012726569e-19,2.18464090312521e-16,2.70194066065827e-16,18.7267668713367,15.6606199392921,15.5683241930755,5.35231440137514,4.70962090468198,4.80768872992351,0.424234276673844,0.409324868000624,0.406177656833518
0.4,"eld vs kin","988",1.3215611288832e-05,0.000483950270297366,0.000116859347871971,4.87891274375235,3.31519926324206,3.93233654157867,3.64146378830152,2.96252685722971,3.07088802773154,0.528339955243219,0.523174598740342,0.510224908013672
0.4,"eld vs kin","991",0.000408064250598778,3.76259288129626e-05,0.00192422205619794,3.38927145092079,4.42451277051131,2.71574481160343,-3.41862302425044,-3.9072826740151,-3.70884001623737,0.559758521011056,0.570441031933398,0.574992133762432
0.4,"eld vs kin","1014",6.82681081636382e-06,8.17591930866424e-10,4.37147766152875e-06,5.16578213209012,9.0874634034098,5.35937173653662,-3.86826576879433,-4.32665831856617,-4.30456991783591,0.51201033934631,0.513386322090926,0.52631288214842
0.4,"eld vs kin","1019",0.000719354512668377,0.0140190556133386,0.0214844207844817,3.14305702762634,1.8532812414143,1.6678763503112,2.48579634944623,1.95525497164093,1.92619602027678,0.428223989449175,0.441776990637199,0.424799623417971
0.4,"eld vs kin","1020",8.04522858798864e-05,0.00757417122666425,0.00046023150025961,4.09446161183944,2.12066488115936,3.3370236596336,2.76694396826441,2.30338783061436,2.3387674400228,0.417017511187711,0.429323950527549,0.407881533067111
0.4,"eld vs kin","1021",9.1210264702157e-05,7.13965863253936e-07,1.23211284932553e-05,4.03995628390128,6.14632255258638,4.90934951327964,-3.35923571096517,-3.93198484206342,-3.84936341129086,0.550646443059087,0.544577319612807,0.559990594473083
0.4,"eld vs kin","1027",0.00153545791284826,0.0434909329744728,0.0314971912059212,2.81376208314033,1.36160127567982,1.50172817313605,2.92986099295801,2.37329827253652,2.5628935300065,0.503407793441364,0.501525085146167,0.495416076611405
0.4,"eld vs kin","1030",1.72295731441533e-13,2.73360657702099e-10,1.58908954158159e-12,12.7637254818924,9.5632639893013,11.7988516305968,4.52884593539651,4.01670591284899,4.19984296037535,0.429846560665182,0.435155412526231,0.430509939981604
0.4,"eld vs kin","1043",3.61618514611437e-05,0.00475861939773165,0.00480753653332886,4.44174934205802,2.32251902940486,2.3180774067956,2.85618464639238,2.22826711250884,2.41746857497183,0.430737432640084,0.414605083932251,0.437363707517607
0.4,"eld vs kin","1059",0.000733068500782223,0.0433464655805575,0.0116858369672137,3.13485544129103,1.36304630860159,1.93234017696237,3.10116648833733,2.59933509372598,2.62544711000654,0.588816603114013,0.570241765826199,0.592362543212867
0.4,"eld vs kin","1074",4.50818849890029e-23,9.68816628518097e-16,2.32025753236404e-18,22.3459979332824,15.0137584156828,17.6344638087826,5.41069742045746,4.91828162382067,5.04052400967135,0.383777274019569,0.389028847689142,0.402504728696569
0.4,"eld vs kin","1076",4.34308756030604e-14,1.12137556500153e-11,3.6367154023603e-13,13.3622014148067,10.9502489114983,12.4392906841036,4.95603424864288,4.33970563652566,4.60325032703176,0.431822937208832,0.427528366027214,0.424858606060989
0.4,"eld vs kin","1082",1.40221529567743e-05,0.000822182318909939,4.92326961736389e-05,4.85318529981714,3.0850318669894,4.30774637992356,3.43956492112514,2.7737323097269,2.96186798521964,0.511020755596931,0.495742910675497,0.483460198942721
0.4,"eld vs kin","1089",2.31369237776925e-13,2.15152946380053e-09,1.0279860407125e-11,12.6356943841563,8.66725270215946,10.9880127826974,3.4221592396606,2.8586913080022,2.97033095426591,0.290182446631529,0.282475123941022,0.288960355423629
0.4,"eld vs kin","1098",2.25131061078161e-27,5.30088259718156e-26,1.6029616360934e-28,26.6475645817466,25.2756518143287,27.7950768715525,7.39401255975895,6.82714124248864,6.92060381350095,0.451557169597772,0.445582057352793,0.436402336690788
0.4,"eld vs kin","1104",0.0386849779379539,6.46063674871011e-05,0.00676719435479498,1.41245764648449,4.18972467661432,2.16959135033744,-2.29809085460264,-2.93055641172825,-2.79751715937763,0.469021632189094,0.447597965433216,0.45980535453855
0.4,"eld vs kin","1105",5.78904511476056e-08,1.42780339634774e-11,9.12579536537529e-07,7.2373930659082,10.8453315893102,6.03972927396843,-4.24780347355191,-4.73337825048717,-4.57554023740244,0.514913342771336,0.498890981540728,0.509283315764667
0.4,"eld vs kin","1108",0.000800975658358629,0.00125498951531877,0.000245377244442088,3.09638068191971,2.90135990243651,3.61016571492385,2.92648402132759,2.3289700061348,2.49223273166163,0.455154658332229,0.428249786519489,0.432643840353809
0.4,"eld vs kin","1112",0.000286183108378402,0.00065609724090827,6.59009698688566e-05,3.54335600354111,3.18303178858142,4.18110819381884,-3.20223092281619,-3.64600340115997,-3.57920197784145,0.53425926279148,0.539317426049217,0.548057948952062
0.5,"cent vs mage","4",5.16517389257402e-18,6.1545510744197e-10,1.50341872094572e-07,17.2869150527864,9.21080361990776,6.8229200461128,2.3406060880802,2.12606043664557,1.82989407372104,0.182901887039145,0.199181384636478,0.182862906921892
0.5,"cent vs mage","7",1.92097396117779e-15,2.07706895895341e-12,8.76495614039036e-11,14.7164785219647,11.6825490845936,10.0572502527629,4.30267868008294,4.07949847176345,3.8046537922811,0.415108106412469,0.416795713651503,0.417475696817738
0.5,"cent vs mage","8",3.37308010007232e-08,1.59442324780944e-05,0.000689832340054293,7.47197334555661,4.7973963819432,3.16125644931642,2.40869598718869,2.1978211536466,1.90175987274377,0.314715218320175,0.309113721340319,0.313821530444602
0.5,"cent vs mage","9",1.81607340512699e-08,2.32782651903263e-05,0.00209157679800884,7.74086660141113,4.63304938855574,2.67952618447129,2.16045170109811,1.94666641455698,1.64297312282712,0.271442109738066,0.263122499118937,0.271601050543208
0.5,"cent vs mage","11",9.87029117180589e-09,1.71819513975811e-05,0.000901446145096442,8.00567003553266,4.76492751378334,3.04506021412858,2.34799462737871,2.14104209692386,1.83571735046299,0.295838538616858,0.310113962897082,0.295394791243616
0.5,"cent vs mage","14",3.15493100435694e-15,2.23210861659082e-10,3.78616328119492e-08,14.5010101339649,9.65128467602554,7.42180066068578,2.83699413008571,2.62827094022531,2.3321386956169,0.259542252418505,0.26333229379017,0.259355358224985
0.5,"cent vs mage","19",6.30053517900563e-09,4.64991959315178e-06,0.000224765290867563,8.20062255921033,5.33255455690626,3.6482707533722,2.65700081506325,2.42747121685438,2.13325181562893,0.344828559431121,0.333227141683012,0.34549835231666
0.5,"cent vs mage","20",2.15314064817784e-14,3.55085690924983e-10,2.02280179795263e-07,13.6669276001196,9.44966682833914,6.69404666901984,2.81671234824839,2.6039236247476,2.30657159712618,0.268959868428846,0.265735742599349,0.268573541920744
0.5,"cent vs mage","21",6.02945633089349e-17,1.6599023958424e-11,3.00502239494698e-09,16.2197218459258,10.779917448221,8.52215228706701,2.99769826300222,2.78883286782149,2.48575610625064,0.261068066237972,0.2652457616245,0.261192602505285
0.5,"cent vs mage","22",0.0488566268699914,0.0086031032224147,0.00136384709180195,1.3110765206274,2.06534486628258,2.86523431802935,-1.46653766254311,-1.68202344247876,-1.9765810498263,0.322207100099295,0.326652630617287,0.322299772772086
0.5,"cent vs mage","23",1.04351952321871e-09,3.00093558325441e-06,0.000432007835796855,8.98149942130208,5.52274332684686,3.3645083758414,2.27412460900615,2.06307100534808,1.7643600621234,0.267282271901531,0.261915313251223,0.26602042543118
0.5,"cent vs mage","24",5.00233176635979e-13,1.92162926203778e-11,1.17895287256459e-09,12.300827508223,10.7163303965748,8.92850355503571,4.59446928319646,4.38393153921903,4.14531825416676,0.491316897354861,0.483705949763965,0.492811031830346
0.5,"cent vs mage","26",4.20321261723704e-11,3.49070501905105e-08,4.24597622513907e-06,10.3764186408874,7.45708684955624,5.37202244194577,3.22819644313151,3.01050581291484,2.68250343202074,0.372678962173426,0.371150978709169,0.371365265890413
0.5,"cent vs mage","30",3.03803224963025e-07,0.00060665247996407,0.0301860856203547,6.51740762028162,3.21706002268848,1.5201932004482,1.82689209273011,1.6039105022632,1.31352934922682,0.238394966914982,0.237400556914108,0.238801783813344
0.5,"cent vs mage","32",3.74023822429029e-12,1.01327988743714e-07,8.7061486866116e-05,11.427100735714,6.9942705775615,4.06017392008426,2.28504281227025,2.06933086257306,1.76713010721602,0.229821358317403,0.226071917855559,0.228268235493861
0.5,"cent vs mage","36",6.26403455682834e-10,3.67949229935023e-05,0.00440552029736458,9.20314585506913,4.43421210165306,2.35600279351058,1.88344462255559,1.65757774424256,1.35995430417757,0.203513713019778,0.205224215307319,0.203321901522933
0.5,"cent vs mage","37",3.02455937745369e-05,0.00205535631652895,0.0432041434617974,4.51933788510361,2.68711287797859,1.36447460049289,2.03009910765731,1.82440284532592,1.52025932220185,0.336007553278311,0.338810799236047,0.334995761722236
0.5,"cent vs mage","39",5.2083936993261e-12,1.94898300318654e-09,1.74317839504613e-07,11.2832961951421,8.71019194828848,6.75865816537446,3.76715655581853,3.50596247732264,3.23025836985023,0.418773490017901,0.422050321424429,0.418154900691454
0.5,"cent vs mage","42",3.45150494272332e-11,4.31473629618479e-09,7.78858116525541e-07,10.4619915003444,8.3650457419213,6.10854164992979,3.5873101444459,3.3420436817866,3.09515870398218,0.4133018606971,0.411527089737586,0.412345003552852
0.5,"cent vs mage","44",1.48156623016326e-05,0.00151008277060626,0.0426825790868556,4.82927892956933,2.82099924751982,1.36974934629188,1.94500910191677,1.7286246720549,1.42918354998008,0.2992920734374,0.292634689387062,0.299454827346413
0.5,"cent vs mage","47",9.81399732696704e-05,0.00147935149108488,0.0482544201603966,4.00815406464363,2.82992862620431,1.31646289862391,2.6559659099693,2.41382842736428,2.13007948242447,0.494084472094975,0.50077701366993,0.500201793567643
0.5,"cent vs mage","52",2.59572011206232e-05,0.00296676348755305,0.0489339302626326,4.58574213788863,2.52771707456108,1.31038990128839,1.90904869807642,1.68271203924467,1.40027225571884,0.30650784430089,0.300554344334002,0.306257313678418
0.5,"cent vs mage","55",3.53660196881888e-08,1.34060240730882e-05,0.000882304837466735,7.45141381563697,4.87270000508253,3.0543813396338,2.62497163360144,2.40061171545273,2.08374771651596,0.356422584769201,0.366716823609304,0.35629394418208
0.5,"cent vs mage","56",3.19044112072119e-10,7.34851799584094e-07,4.21676035565592e-06,9.49614926582982,6.13380023793967,5.37502107984205,3.11242876757409,2.91064865982436,2.6306636159947,0.37092837876209,0.368493013130236,0.372305459337545
0.5,"cent vs mage","57",0.0454534811003546,0.00986696946776929,0.00480209824465518,1.34243285029061,2.00581621567118,2.31856895909049,-1.89611394542916,-2.03737341617571,-2.3577066224322,0.46059678933608,0.428621573137875,0.460699825063496
0.5,"cent vs mage","61",1.05136368156541e-06,0.000435408444269889,0.0130043113648198,5.97824702937976,3.36110315254744,1.88591264065205,2.01576717464756,1.80374786512187,1.49788372156543,0.283776808984051,0.282505524376612,0.281588640756193
0.5,"cent vs mage","69",6.34311497746001e-08,6.3706061543075e-06,0.000284951105624162,7.19769741636166,5.19581924318323,3.54522965360315,2.85195644476334,2.62421560855013,2.35283123800677,0.387169133386664,0.3987200927378,0.388105024225715
0.5,"cent vs mage","90",5.16182815633863e-11,1.82141075982231e-06,0.000142433661307806,10.2871964577534,5.73959210219651,3.84638736187434,2.52585242984952,2.26885488948779,1.9593182032449,0.28328226920906,0.287650099348917,0.278374681643223
0.5,"cent vs mage","92",1.55198945007631e-09,3.86638622114078e-05,0.00206360967016116,8.8091112352616,4.41269476558622,2.68537244567187,2.07040283331087,1.85742965317402,1.54993285641549,0.239733611373055,0.246126378634745,0.239895970123802
0.5,"cent vs mage","95",3.26949178691857e-05,0.00253565903634213,0.0325835843001142,4.48551974926327,2.59590914534495,1.48700114359595,2.19175501258231,1.98090232807105,1.70936575601894,0.368989336828855,0.369897459824608,0.373760268462167
0.5,"cent vs mage","100",0.0371794075948143,0.00119109091306136,0.00029491993097413,1.42969753442299,2.9240550886146,3.53029587641534,-2.42604240533304,-2.84607055157982,-3.04353946498766,0.561756953830762,0.574110285119617,0.562773891036096
0.5,"cent vs mage","106",1.34269829018376e-10,3.24036299451494e-08,1.01859990145916e-05,9.87202156412117,7.48940633618707,4.99199637017412,2.87496432641039,2.63759214223287,2.34468924899745,0.335889881025233,0.323699553658969,0.334702310066304
0.5,"cent vs mage","114",0.00102012772632779,1.09699417708064e-08,3.86082939118959e-08,2.99134544846694,7.95979567768368,7.41331938928556,-3.50227956947614,-3.85945765993789,-4.04208800747135,0.486079374859858,0.470506949417395,0.489596920079095
0.5,"cent vs mage","119",3.02048191378696e-09,0.000157512309131548,0.010445140109778,8.51992376041988,3.8026855016901,1.98108573007378,2.01912240780914,1.77538951941785,1.51037924775617,0.237314061620545,0.247970136116779,0.242157803012926
0.5,"cent vs mage","120",0.0015361729811959,0.00529272545411455,0.0377085277881333,2.8135598776971,2.27632063328164,1.42356042293702,2.45916574088114,2.19766074702283,1.92983621283796,0.498223534691812,0.481092905968497,0.496093298490757
0.5,"cent vs mage","132",0.000287806144660503,5.07350816451406e-12,3.06883494079665e-10,3.54089993811428,11.294691636403,9.51302646973988,-4.142314003496,-4.50450942811613,-4.64046501822325,0.479662596382056,0.483833883843698,0.489136675611853
0.5,"cent vs mage","142",1.41135164900868e-06,2.36330378529335e-05,2.44814765872156e-05,5.85036476498635,4.62648044942275,4.61116239149623,3.76206041723392,3.54154891816305,3.31784570817285,0.537373809747354,0.533593949331553,0.536888213334233
0.5,"cent vs mage","143",0.000156231761604801,1.44489637153115e-10,5.63843963086968e-11,3.80623067028284,9.84016329954138,10.2488410650701,-3.65815548780013,-4.00890119413202,-4.17045570966357,0.452521012092669,0.455990317088017,0.445412886241279
0.5,"cent vs mage","146",0.0498927789404942,0.00947442387574931,0.00170101987350061,1.30196230594434,2.02344718929553,2.76929061237142,-1.83245547673666,-2.01663754621028,-2.3217131414467,0.43242903556271,0.39918086921238,0.419308609054543
0.5,"cent vs mage","148",0.033330308494159,0.000634550830785142,0.000158193421516565,1.47716066663677,3.19753358295416,3.80081158062632,-2.52244757795074,-2.6637536976944,-3.03201680713615,0.500631248693829,0.478590243240384,0.503688148440892
0.5,"cent vs mage","155",0.00127779079134194,0.0338233033624909,0.0127722211541861,2.89354024602372,1.47078397917345,1.89373357015051,2.75347787928861,2.522241664628,2.24059058273023,0.475831727356876,0.459103170096488,0.471302267574635
0.5,"cent vs mage","168",1.73607581423033e-06,2.97074418330022e-06,4.06995896379269e-05,5.76043131315553,5.52713474454924,4.3904099696171,3.61484013279805,3.41494536290534,3.14252104860796,0.456936839618808,0.451353113424086,0.444780977821403
0.5,"cent vs mage","169",0.0341843049233626,0.000917872172917906,0.000363134385045794,1.4661732462749,3.03721779642601,3.43993262597387,-2.15957758658202,-2.42152279285648,-2.79524087241752,0.437291043640571,0.4145323045898,0.445643908847603
0.5,"cent vs mage","184",0.00163620790518312,0.0127375727848383,0.0445928771601993,2.78616151341711,1.89491332133972,1.35073450579601,2.54274077037465,2.39432076086623,2.05722796631781,0.557135388842327,0.53762243420065,0.560321917866855
0.5,"cent vs mage","191",0.0499126091469433,0.0293796521531134,0.0284634861003163,1.30178972709836,1.53195335044085,1.54571191024566,-1.89819696272152,-2.04596054046728,-2.25975678915959,0.469769408218242,0.454427231048847,0.466220456970852
0.5,"cent vs mage","210",1.47408955936191e-05,3.25477013396469e-10,7.07513792922813e-12,4.83147612980458,9.48747967777961,11.1502650891862,-4.11962929063694,-4.32243203735452,-4.64811458661782,0.459827061494123,0.442907343556516,0.465060025436606
0.5,"cent vs mage","212",3.15171492303991e-06,6.53600755928797e-05,0.0339498249782225,5.50145307194066,4.18468745418752,1.46916246029918,2.54295916403226,2.33678102249442,1.99747376651307,0.368384741468859,0.386057737611266,0.369854485585622
0.5,"cent vs mage","219",0.000578398981869232,2.13380622592206e-08,1.92983351124784e-10,3.23777248018269,7.67084502204078,9.71448015641461,-3.76364503845939,-3.91622517785214,-4.26598329985324,0.47829256558968,0.461320771937791,0.471818267854352
0.5,"cent vs mage","289",0.0361259022252831,0.00202659135106415,5.76673296409528e-05,1.44218129782518,2.69323381513033,4.23907015868187,-2.29724551254744,-2.56436440752328,-2.84456879784002,0.487939519472353,0.477320378168056,0.488302217020034
0.5,"cent vs mage","294",3.10543014218699e-08,9.29142380733774e-05,0.000421848082057805,7.50787823592542,4.03191773010863,3.37484392108233,3.02026386653953,2.75282434451712,2.56128966315538,0.379681756319858,0.389030652753213,0.377781235012
0.5,"cent vs mage","353",0.0312510697723182,3.89780776740752e-06,7.76796255271408e-08,1.5051351114955,5.40917958328222,7.10969287671344,-3.14939078111715,-3.21320490245906,-3.59788908500957,0.459741531367143,0.443674151814795,0.448114724252095
0.5,"cent vs mage","652",4.88118282537286e-06,1.08846781081988e-05,0.00459489065041005,5.31147492547939,4.96318440979239,2.3377248195311,2.45113566141375,2.29954673097214,2.0250160876862,0.305414551723638,0.305458363381836,0.314783888337781
0.5,"cent vs mage","671",5.61503867349515e-08,4.25714301157222e-06,0.000282328059600049,7.25064724819545,5.37088176018382,3.54924595669588,2.67105428534097,2.47776741042108,2.18321414969634,0.361420172457728,0.354853156907144,0.359385108567083
0.5,"cent vs mage","675",0.0316330090851818,8.96772503067552e-05,1.53054248695664e-05,1.49985949392265,4.04731771659184,4.81515461014067,-2.85898566379974,-2.90703364426063,-3.19328103476814,0.482892339797063,0.448618372451637,0.469572904836969
0.5,"cent vs mage","728",3.60691407655834e-10,7.6005786597128e-07,8.7431126284612e-05,9.44286420326551,6.11915334204113,4.05833392700974,2.66478256821287,2.449336093964,2.16467402895354,0.305255161868436,0.308551352493637,0.304010799709247
0.5,"cent vs mage","762",9.8540262465952e-07,4.35127326163393e-05,0.00149185280806296,6.00638628529875,4.36138364199039,2.82627402391393,2.6809849541289,2.47910202440048,2.19100668999311,0.385663935297864,0.387092399770943,0.387436767293082
0.5,"cent vs mage","770",0.032046519007771,0.000106697117996385,1.21937404986842e-05,1.49421913799604,3.97184731117694,4.91386305166187,-1.93225080671962,-2.1673359872446,-2.46569296870006,0.351108689036131,0.332328558080705,0.352932772957559
0.5,"cent vs mage","788",0.000209218691842375,0.004833720401198,0.0405898597138784,3.67939951769499,2.31571847426943,1.39158244968281,2.77219720582207,2.51661200492196,2.16000116032671,0.533225931185206,0.516824209157877,0.541623560164644
0.5,"cent vs mage","798",0.000105509442323858,0.00149601898767873,0.0350665612733401,3.97670867244545,2.82506289431129,1.45510682018167,2.38871817176998,2.15676107832777,1.86908317589422,0.444477816152132,0.405327599109223,0.436236206085362
0.5,"cent vs mage","829",1.07645154733674e-06,3.76557706393341e-05,0.000979462906321025,5.96800551363228,4.42416845997379,3.0090120067189,2.7226418781795,2.49642101358231,2.20391813484414,0.399796092089963,0.379398741483566,0.398434098903772
0.5,"cent vs mage","834",2.00689369340243e-05,0.00122398025625293,0.0175629430904224,4.69747563179327,2.91222558763945,1.75540270592249,2.36763234414099,2.19911708108465,1.88049959780261,0.395321828838182,0.402190496809838,0.395482441868667
0.5,"cent vs mage","848",9.10393159141422e-08,0.000590920884484152,0.000418853232829296,7.0407710143039,3.22847066079721,3.37793812819936,2.51571720204156,2.25464619918657,2.01145979208742,0.340148886147153,0.326464352309978,0.329770441474324
0.5,"cent vs mage","854",1.54634423655921e-08,4.94567480983829e-07,2.95906940511556e-06,7.81069381999301,6.30577444295567,5.52884484832189,3.58491089729883,3.29730910043167,3.04241445234268,0.457261491755252,0.452932077555768,0.456424698583018
0.5,"cent vs mage","857",1.89720794626228e-07,2.51417904421521e-05,0.000366401641799652,6.72188506501815,4.5996037977933,3.4360425889809,2.62226385550784,2.38359505606701,2.13402455774787,0.34327527935856,0.3292719782407,0.350325527606183
0.5,"cent vs mage","886",3.14329973879808e-06,0.00123023711278569,0.0010692931589239,5.50261420355155,2.9100111756744,2.97090321167745,3.45392950378179,3.19297724250956,2.99338446031949,0.526274918631011,0.524798137107714,0.524260763875154
0.5,"cent vs mage","917",0.0370027093689505,0.00147245638495166,0.000641451516946626,1.43176647536799,2.83195756041546,3.19283616347964,-2.25176952133377,-2.45526482471143,-2.76542216113058,0.50569210854965,0.481773084340114,0.498653561901239
0.5,"cent vs mage","921",0.0012850007580462,2.64735077302088e-08,1.13250556749949e-10,2.8910966161341,7.57718851102411,9.94595965427905,-3.64828775744005,-3.93503807945208,-4.08016897087991,0.482320217389879,0.471192268925967,0.46200296884861
0.5,"cent vs mage","947",1.40957956200082e-05,0.000466241655062038,0.0023022412379336,4.8509104058777,3.33138892825123,2.63784917123004,2.72227627973536,2.4763209912717,2.26496465367413,0.405670270256888,0.404348991105076,0.413882686395358
0.5,"cent vs mage","966",0.0440878233890787,0.0104630678053894,0.00140433752360759,1.35568134171454,1.98034096024779,2.85252849973931,-2.18404339361834,-2.29793343126654,-2.71198115088418,0.541209390939052,0.507945120002742,0.52095782275753
0.5,"cent vs mage","978",4.03642932869548e-09,1.65582241176974e-07,1.37248322939491e-05,8.39400264690316,6.78098624347155,4.8624929535633,3.50789154458543,3.32735004259098,2.99215592290544,0.449693740796715,0.441992292024701,0.452248205019195
0.5,"cent vs mage","984",2.44942768205124e-06,0.000479501327155233,0.00122242157271116,5.61093537831409,3.31921018645912,2.91277899447949,2.84224196690281,2.60583990118185,2.2834219626848,0.417187758271509,0.417610413783209,0.421591337869166
0.5,"cent vs mage","989",5.58230903527184e-05,4.25183410232743e-06,0.00442852099121726,4.25318612474488,5.37142368908038,2.35374129242274,2.52371918183506,2.41782063967254,2.09389014643492,0.383670946788372,0.363638442420207,0.383426913385101
0.5,"cent vs mage","1004",0.0446655152869036,0.00313540227974171,0.0041496087200796,1.350027651377,2.50370673021961,2.38199285237748,-2.19165726900447,-2.39826118032134,-2.57577739751633,0.461797905741998,0.451444259990495,0.453361435895935
0.5,"cent vs mage","1017",0.000244843292701265,0.000954527104684356,0.0308344675569555,3.61111178865506,3.02021173489974,1.51096354647791,2.48817150614196,2.12428764347512,1.92522323707888,0.386834607709625,0.389911066169397,0.398171502122408
0.5,"cent vs mage","1019",0.031380754543758,3.18708002916702e-06,8.4841639076495e-06,1.50333661810247,5.49660703103858,5.0713909498325,-2.48773365439083,-2.65158101193385,-3.00831217957622,0.396564439438193,0.388255360617412,0.398114491188736
0.5,"cent vs mage","1030",0.000195465348652654,0.000342129436448289,0.00363115650103297,3.70893022150478,3.46580955797782,2.43995503280831,2.64448629802618,2.45532286981435,2.17129607265698,0.415993424424096,0.403274969902314,0.406717826740716
0.5,"cent vs mage","1043",3.06679432856719e-10,3.51134214295003e-06,2.31729186556602e-05,9.51331534855727,5.45452685109412,4.63501926287729,2.94211105626656,2.65283786285484,2.44775140756971,0.326686207541611,0.313792650653142,0.320353625255908
0.5,"cent vs mage","1058",0.0328483745360855,8.575863512957e-05,1.02484806765745e-05,1.48348611613386,4.06672213950314,4.98934051340698,-2.59516757570846,-2.70910160913765,-3.01052918085492,0.455309942845329,0.46340241902301,0.456471800579992
0.5,"cent vs mage","1074",2.18503277011899e-08,1.07680499587781e-08,1.72013208051351e-05,7.66054204529533,7.96786293818963,4.76443820446695,3.50540601673803,3.27257523454332,2.95161792247386,0.377712708741188,0.374326690827226,0.382089925598928
0.5,"cent vs mage","1076",0.00167216471784634,0.000122989551700004,0.00665117278786672,2.7767209442844,3.91013178150183,2.17710176967565,2.75984471460266,2.63603391295817,2.27400291956666,0.41660734458065,0.432329476442259,0.416328408622998
0.5,"cent vs mage","1079",0.0391198831440417,0.00397734995096355,0.0011752535594244,1.40760245117415,2.40040619551488,2.92986842481443,-1.88174810435315,-2.06773576705575,-2.38946561547681,0.416819074136245,0.396775073679027,0.417442155430816
0.5,"cent vs mage","1087",1.51166463690411e-10,2.45610706832458e-07,2.13721974397538e-06,9.82054454646485,6.60975270505163,5.67015082238921,4.04737195697304,3.82921494764986,3.50810821530002,0.495272348617651,0.490470733749029,0.496813669723734
0.5,"cent vs mage","1091",0.000323433759622757,0.00407344709694533,0.00341222049257056,3.49021465093343,2.39003791962679,2.4669629131397,2.84887270517471,2.67894764716039,2.36142724450561,0.479992786572326,0.479812615820975,0.472462345750446
0.5,"cent vs mage","1098",4.12464777206747e-15,1.38383306724539e-11,6.34012956590476e-12,14.3846131324907,10.8589162959679,11.1979018668529,4.6531485699929,4.44805255233857,4.14565945151276,0.444444058761052,0.445397928094178,0.44071283063556
0.5,"cent vs mage","1104",0.0329786603108779,0.000742482768644359,0.000120570389177582,1.48176699063846,3.12931362089224,3.91875933726858,-2.16292274008183,-2.46008769969701,-2.77939470517315,0.441743278320923,0.430560292328871,0.46047869014307
0.5,"eld vs kin","3",6.64758102730811e-10,7.67323704575773e-13,9.45590827861054e-13,9.17733636035242,12.1150213851338,12.0242967490566,-4.24790199184185,-4.73578692710279,-4.69074725481866,0.447879089634071,0.432269859890213,0.447395570808625
0.5,"eld vs kin","4",4.28719516602416e-13,2.965718746603e-10,4.01476202057054e-12,12.3678267456477,9.52787003759288,11.3963401929049,2.98740468139389,2.49446838202429,2.53501918732642,0.220881989728835,0.227948682821116,0.219830296339756
0.5,"eld vs kin","5",0.00250767421044666,7.92630725935886e-05,7.02209564205091e-06,2.60072888642018,4.10092909646592,5.153533259671,-2.28072583326759,-2.77736398184475,-2.74278008609631,0.385507168842437,0.385647532646627,0.383600369027926
0.5,"eld vs kin","7",2.86077616859693e-30,9.35993806575617e-29,2.62660135801651e-30,29.5435161207148,28.0287270249573,29.5806058355318,8.06522776876576,7.56668538149199,7.58189198320879,0.462577653369077,0.470884026311833,0.45978562901689
0.5,"eld vs kin","8",0.00151481509382504,0.00582376270311781,0.00439303205411757,2.81964037615996,2.23479632923521,2.35723562785792,2.5007586377003,2.00040086230279,2.03813100873622,0.395402547065531,0.382190647294053,0.394079861934128
0.5,"eld vs kin","10",0.0242503009901746,0.00072117938074077,0.000427743895287597,1.61528286664684,3.14195669869744,3.36881617994427,-2.2211473959939,-2.73324322119603,-2.71712344711245,0.472868836244793,0.479379975103091,0.480057202038926
0.5,"eld vs kin","11",1.25548110445398e-10,1.48986448563754e-09,8.806480449898e-10,9.90118981922595,8.82685323213559,9.0551976246853,3.6893613464721,3.18217151101556,3.24089695521426,0.351233063098681,0.347483304032952,0.349272166874801
0.5,"eld vs kin","14",4.5764674547402e-12,5.33483102501547e-10,2.43537518155975e-11,11.3394696217488,9.27287933182818,10.6134341240881,3.32601674313665,2.82185863657577,2.8645005431132,0.276858724590053,0.280070483601479,0.276173519957031
0.5,"eld vs kin","15",1.35494664281119e-06,2.27318932155405e-05,2.38792138022481e-06,5.86807780677402,4.64336439274742,5.62197997599183,3.42794662755413,2.9166399234975,3.00870207037702,0.429518232990045,0.444389102331584,0.436824053691297
0.5,"eld vs kin","16",2.86703282868623e-14,1.03202973963248e-12,2.38566180730625e-13,13.5425673341775,11.9863077876195,12.6223911221203,3.48284530996753,2.99137407693382,3.02603074423302,0.266407944743511,0.262585809662794,0.267550626779844
0.5,"eld vs kin","21",1.78139592779259e-21,6.5598400998209e-20,4.04247806259742e-21,20.7492395448008,19.1831067466932,20.3933523282104,4.55502372384149,4.05582894760088,4.10105167441974,0.293726495109503,0.295295085680272,0.292971779131744
0.5,"eld vs kin","23",3.40026703573473e-07,4.21052716157956e-06,1.49040241076876e-06,6.46848697484243,5.37566352672193,5.82669645562743,2.87362772078091,2.37053287330344,2.42266560855844,0.314511781095386,0.296094136415171,0.313172994931424
0.5,"eld vs kin","25",2.32309739316315e-07,3.40432873419338e-06,1.42300774792825e-06,6.63393258252577,5.4679685095296,5.84679273528232,3.50396568286934,3.02191549420734,3.03152258957275,0.421065690632622,0.417304269836877,0.418111751578333
0.5,"eld vs kin","26",9.05800292759623e-06,0.000124109176683175,1.58675615728825e-05,5.04296754328668,3.90619610540279,4.79948980776357,2.92724749751335,2.41046834002683,2.4481770837515,0.365205899355519,0.366028049185252,0.363367732025015
0.5,"eld vs kin","29",7.47352757247554e-08,2.55807967684632e-06,3.18336866671083e-07,7.12647435887488,5.59208593261898,6.49711306271527,2.90520701639088,2.41095134033806,2.44858796156756,0.291313329685012,0.290399001645067,0.290161081989275
0.5,"eld vs kin","31",6.07029830391973e-07,3.79589749704029e-06,2.87774950114088e-06,6.21678996649261,5.42068552360798,5.54094701269511,4.08422733389996,3.63529964447414,3.59836289089412,0.543669140151082,0.536894273331546,0.536001918630109
0.5,"eld vs kin","32",0.0006342913546854,0.00407321001613461,0.00306286937206336,3.19771120794356,2.39006319696115,2.51387152497005,2.22775231111854,1.73447035725098,1.76859349968551,0.29057990691896,0.277788031225381,0.291019067006653
0.5,"eld vs kin","33",0.000436618102570358,1.92179946536468e-05,5.77110908612772e-06,3.35989826202259,4.71629193177114,5.23874071653251,-2.73068823381127,-3.23921090190118,-3.17738050309839,0.458202379499524,0.454809769411525,0.459470489010203
0.5,"eld vs kin","36",8.33193397028085e-07,1.24725308781452e-05,3.6058318650002e-06,6.07925418044972,4.90404541220807,5.4429945276982,2.58250475995071,2.09440250058318,2.12922567905247,0.261697649948538,0.257006652156147,0.261938535577399
0.5,"eld vs kin","47",0.00011322948858165,0.00126993476497231,0.000518365133085171,3.9460404542387,2.89621858765838,3.28536421820607,3.32015815656472,2.81870063312035,2.87012422522957,0.539795309860649,0.538504685914413,0.533498178238801
0.5,"eld vs kin","49",0.000604799229276269,0.00373086786138411,0.00200722830243249,3.21838877094811,2.42819013238184,2.69740322798699,2.45796261900728,1.97775933820155,1.98979500356242,0.360092484389987,0.358043530937644,0.356371725550024
0.5,"eld vs kin","55",2.99876777568363e-05,0.000327306990600443,9.14465686264737e-05,4.52305716466532,3.48504471896093,4.03883258602733,2.98636845661467,2.47939559570669,2.57540874915791,0.411979996964618,0.418549251073679,0.426076402995772
0.5,"eld vs kin","58",0.00326787194690162,0.0138452594233545,0.00636799096597652,2.48573496983962,1.85869890231813,2.1959975613868,2.33886505366896,1.805775906156,1.87253181759902,0.374760302612311,0.352427300058837,0.37885981079446
0.5,"eld vs kin","61",6.3032312492517e-05,0.000590375609952849,0.000263334953455232,4.20043675944083,3.22887159271904,3.57949149150073,2.70576048448112,2.20793420699245,2.21582957469536,0.366048502207784,0.36149074270538,0.35456498346545
0.5,"eld vs kin","65",0.0034888933827067,0.000194762693869689,2.41239599692639e-05,2.45731230197913,3.71049422711932,4.61755140085861,-2.20447265804699,-2.64876642479834,-2.65210602023293,0.371592174917373,0.37686468104365,0.371283829302247
0.5,"eld vs kin","67",1.5948383990753e-09,1.8152243597136e-11,2.2769103732075e-12,8.79728331633435,10.741069688995,11.6426540643289,-4.91331830245689,-5.38727295179227,-5.36279092844927,0.565777122076837,0.561969705297934,0.568198702162559
0.5,"eld vs kin","70",0.000179079371608006,0.00417701488457208,0.000614339166191892,3.74695443823127,2.37913397714666,3.21159179606121,3.04240273291247,2.53827089737505,2.61811648084712,0.508454488571359,0.514058580892098,0.511064241077294
0.5,"eld vs kin","71",0.00259056874301119,0.00490129607899927,0.00884238291666907,2.58660487883939,2.30968906170045,2.05343068203413,3.21044499550709,2.74234317647955,2.7054269679916,0.542648288361428,0.526268260930196,0.528740437881828
0.5,"eld vs kin","74",5.32397276262907e-08,4.74757270317206e-06,2.09939562861627e-07,7.27376417503623,5.3235283758601,6.67790571142506,4.21186178651683,3.7503734827493,3.92136941665756,0.499744495516641,0.493847863075737,0.510002796611897
0.5,"eld vs kin","77",1.19685412778009e-05,0.00012032333320978,2.49110115937282e-05,4.9219587780486,3.91965014571384,4.6036086361466,2.79843620416983,2.32831108209206,2.37513635686268,0.36006168117994,0.356698928998237,0.362899436733102
0.5,"eld vs kin","79",2.6422690038085e-05,4.17578931139912e-07,8.02311165173747e-08,4.57802296986968,6.37926142169283,7.09565716399892,-3.28519099935361,-3.70405132333482,-3.67511342481675,0.487281985975983,0.465637948526428,0.48400476633485
0.5,"eld vs kin","80",4.1700660707703e-06,6.83601213513871e-05,2.68824478846213e-06,5.3798570639846,4.16519717500058,5.57053118746422,2.94389162540818,2.46107736357661,2.54783833456044,0.345369149618556,0.366478274854244,0.35470571432676
0.5,"eld vs kin","82",0.00128032733132071,0.000184895853148435,0.000250747752755622,2.89267898346733,3.73307282910555,3.60076295051176,-3.26445233941259,-3.85520390788191,-3.6682590556141,0.607225494055183,0.58120222906217,0.602547843568531
0.5,"eld vs kin","83",0.000719428871402708,2.43370555941668e-05,1.35186616805385e-05,3.14301213749432,4.61373196581657,4.8690663005191,-2.90177040465114,-3.4128043679593,-3.36040801385793,0.512383680502909,0.496149816711371,0.521588072212875
0.5,"eld vs kin","84",1.84116807837062e-05,4.67876924740905e-08,9.56078378654768e-08,4.73490656338249,7.32986837328359,7.01950650309842,-3.23001308729135,-3.76934870863283,-3.64354139000539,0.480207609211461,0.456404582862354,0.475694002429955
0.5,"eld vs kin","89",2.77249249920651e-16,3.56263473175167e-16,2.61990071176992e-15,15.557129620132,15.4482287025203,14.5817151671335,5.3888855760785,4.93302789587675,4.98821509958628,0.434934029943477,0.447120401372441,0.442801312387048
0.5,"eld vs kin","91",5.96597661630712e-06,2.96362509960479e-07,8.5566527689889e-08,5.2243184531913,6.52817673573681,7.06769609142683,-3.87155152424082,-4.23232967653282,-4.19953878668841,0.5866894202298,0.553159389042285,0.574366741504616
0.5,"eld vs kin","100",0.00125818440025197,1.76281907224076e-05,0.000102782216489592,2.90025570376911,4.75379225943049,3.98808202102699,-3.13289436872308,-3.6282281489864,-3.66080255052269,0.563168312973448,0.54488823973121,0.5571200119058
0.5,"eld vs kin","102",0.0432219089364442,0.00148688700073813,0.00776600113426427,1.36429605600308,2.82772203539238,2.10980255035903,-2.33413918449836,-2.77080336446709,-2.70502498705869,0.53522331543835,0.519537467433333,0.548000225081178
0.5,"eld vs kin","103",0.000693863550101486,0.00259776738326274,0.00175493348398233,3.15872592617966,2.58539974036397,2.75573933964652,2.78225387386829,2.31074203857443,2.31511914211083,0.456991974099673,0.449166065316143,0.45484230172597
0.5,"eld vs kin","111",0.000730654606406041,1.18029635095517e-05,1.9221710856364e-05,3.13628787335788,4.92800893555352,4.71620795993435,-2.69957029990836,-3.17577935877114,-3.15283374342946,0.457108304968676,0.448060309091769,0.455378989370955
0.5,"eld vs kin","119",2.69739797550615e-07,8.64107070809427e-06,6.54814839090531e-06,6.56905497278505,5.06343244110828,5.18388148738149,2.92836266586856,2.42819530673347,2.44309889440926,0.308745727480484,0.312164478591991,0.310169779679534
0.5,"eld vs kin","121",1.34458388663897e-12,1.09813788098259e-11,2.30626760395684e-11,11.8714120975925,10.9593431269256,10.6370903014737,5.03945200036948,4.58796664891561,4.64566195655379,0.488338671865031,0.488686851486361,0.501061083170642
0.5,"eld vs kin","124",0.000141821489008323,0.00135698345816706,2.48209584222842e-05,3.84825795920472,2.8674254464232,4.60518145291493,3.00809823991187,2.47761677315887,2.64568327334243,0.420962805414343,0.436557597587351,0.426068203525208
0.5,"eld vs kin","125",0.000101346327226815,0.00990109238391701,0.000175609129823897,3.99419198544191,2.00431688720697,3.75545290910721,3.49343391209328,2.93041736397501,3.05899908627421,0.535201613783386,0.533911308636146,0.530249216014156
0.5,"eld vs kin","130",0.0441714660202352,0.000320569717384902,0.00138706909585268,1.35485818657061,3.49407750566808,2.85790190431956,-2.72236310216903,-3.27941055484359,-3.16950893017342,0.595870900341744,0.569329531032292,0.586617740510695
0.5,"eld vs kin","138",2.00138752394283e-11,4.59533760730055e-09,9.48996939363568e-10,10.698668811806,8.33768257663878,9.02273518822567,4.46174244425767,3.85763171478302,3.97501646311831,0.448285524005892,0.428316842440233,0.4327203189338
0.5,"eld vs kin","139",1.39810183825292e-05,1.18029646159376e-06,1.24617150073966e-06,4.85446119326811,5.92800889484363,5.90442218504485,-3.44405289685319,-3.94003952005952,-3.91867951910804,0.530047733955652,0.534664021591016,0.537642615609798
0.5,"eld vs kin","151",1.86283398074827e-18,5.12218259342795e-16,7.68660346217774e-15,17.7298258485164,15.2905449440432,14.1142655228113,5.85834154166864,5.42445837697144,5.38236875809779,0.479199554292939,0.483068740042106,0.480668889972676
0.5,"eld vs kin","163",0.0316225249230161,0.00102326276255546,0.00123813517396629,1.50000345646725,2.99001282994891,2.90723193843145,-2.38846183150409,-2.95447149874926,-2.8328043924291,0.568128784797484,0.560709998247457,0.585226383054654
0.5,"eld vs kin","164",2.04764858703157e-07,4.69443309040097e-06,4.79112586437893e-07,6.68874457396973,5.32841684654508,6.31956241993976,3.72692487840925,3.24688260013066,3.28682008305413,0.463379069963136,0.472692443684268,0.462834307591509
0.5,"eld vs kin","169",0.000672622296047497,3.97731767362056e-05,7.01382569652434e-06,3.17222874081278,4.40040971995427,5.15404503115173,-2.91457194374772,-3.46016935729358,-3.37440786546783,0.52171287391816,0.516428148191409,0.533879739381741
0.5,"eld vs kin","172",0.0440936181745273,0.000958318285509787,0.000175477117937339,1.35562426296184,3.01849022507284,3.75577950712661,-2.23708268619334,-2.70839694704669,-2.72986744659938,0.462862150365321,0.44868742266029,0.455325345102051
0.5,"eld vs kin","206",0.00151810507272329,0.0100093743120685,0.00439831053342152,2.81869816854284,1.99959306950459,2.35671411144852,3.34612599180804,2.84119822073938,2.80959717608298,0.549359320156435,0.53879147148326,0.546671066999783
0.5,"eld vs kin","207",3.4172944482782e-07,1.47800698069041e-07,9.82526926628642e-07,6.46631759897324,6.83032351474487,6.00765553873778,4.11900756092534,3.57316795697202,3.60651554100558,0.467510326841076,0.458521923564574,0.469376071241122
0.5,"eld vs kin","222",4.23607158778415e-05,5.7515558737404e-05,6.47280491246159e-07,4.37303670911297,4.24021465687946,6.18890748223253,3.82482326635203,3.25643195648434,3.37677194145448,0.508013986817256,0.50622889326103,0.514945674066042
0.5,"eld vs kin","223",0.00189089542524656,0.000920894470889157,0.00376921253102516,2.72333248886739,3.03579013455493,2.42374937370742,3.0870612319167,2.62133691240866,2.67935017858769,0.533503018988556,0.51571212614354,0.523534606048963
0.5,"eld vs kin","246",4.02221987452786e-05,0.000124888960948859,5.33157272337776e-05,4.39553419239564,3.90347594762163,4.27314466258052,3.44274116505403,2.93669085026726,3.03155158760543,0.487025840203951,0.470128844440266,0.478516506012953
0.5,"eld vs kin","247",0.000559200831445973,0.0411549667305455,0.0201062992268121,3.25243219153253,1.38557774505669,1.69666785845738,2.92557281522086,2.17690160947766,2.24455785570281,0.499174181684787,0.504978706735598,0.49525340204941
0.5,"eld vs kin","265",6.75426489386676e-05,0.00277272052870414,0.000415633373461237,4.17042191087729,2.55709390213444,3.38128958785176,3.10931461388935,2.78350189513946,2.69135913479522,0.463660203051089,0.486583191092014,0.479361478727619
0.5,"eld vs kin","267",0.0191344375357618,0.0013181339908859,0.00109546654238561,1.71818429950717,2.88004044061862,2.96040088207333,-2.68661012701281,-3.33196720483328,-3.29668989094685,0.605897597178766,0.597654145886809,0.60914945739163
0.5,"eld vs kin","282",0.0246761054100183,0.000129148889157128,0.000122544557858963,1.60772338322902,3.88890932495334,3.91170597077912,-2.3375805619404,-2.90221195170516,-2.84102758607984,0.483204028919378,0.471708956674235,0.481406995624678
0.5,"eld vs kin","294",7.0669126986133e-05,0.000187201196502528,0.00467461730976565,4.15077027372627,3.72769137978176,2.33025393710374,3.1273914015394,2.68514403204622,2.57420630159942,0.445399203292875,0.441442067089095,0.438251322939132
0.5,"eld vs kin","329",0.000221539131882451,0.000730511883874534,0.000125102786595935,3.65454955043604,3.13637271462475,3.90273301652753,3.16591933316993,2.72176402933735,2.667641977628,0.432937386383052,0.437028386338293,0.424114587281844
0.5,"eld vs kin","344",7.12523119633655e-08,5.16173867394721e-06,4.43667598634206e-07,7.14720103929641,5.28720398649025,6.35294228696565,3.54424219242082,3.07163331284381,3.08807391364301,0.422058920095355,0.417467820042513,0.418935670928067
0.5,"eld vs kin","435",0.00141947706804447,0.00276768881004325,0.00182010651727783,2.84787161920166,2.55788274213384,2.7399031952499,3.23816211933205,2.85729622794756,2.69146954997694,0.556948157103717,0.56495468891596,0.557843378710586
0.5,"eld vs kin","614",0.0269610808599414,0.0115741630086023,0.00062850610512424,1.56926270107964,1.93651040539757,3.20169049934813,-2.31481236248377,-2.85175654321382,-2.87362759024398,0.486823939965161,0.481766069812679,0.496672023492359
0.5,"eld vs kin","616",0.0307485522364062,0.000650236309940073,0.000412931492186453,1.51217532771106,3.18692878266161,3.38412199442912,-2.15704475408042,-2.6338457924434,-2.58010174827695,0.433920387098012,0.41562093392104,0.430830693319941
0.5,"eld vs kin","652",7.21924071562053e-05,0.00620576796706667,0.00174063844462585,4.14150847699497,2.20720446666781,2.75929142865898,2.44348373117922,1.90573181208292,1.98632574732435,0.363354059820684,0.356229528981902,0.368222928726299
0.5,"eld vs kin","666",4.32251320783954e-07,3.4016265901271e-08,3.51825410934333e-10,6.36426367102499,7.4683133623131,9.45367279640211,-3.35928414307503,-3.95342506665092,-3.85557464367308,0.419094575554205,0.423212680692241,0.418243412520764
0.5,"eld vs kin","667",0.00755125029805032,0.0115470632969787,0.0280955303424718,2.12198113412073,1.93752845352815,1.5513627655753,2.9233781340376,2.48900463128674,2.58457946194195,0.573957957410375,0.563632676154191,0.580900626025656
0.5,"eld vs kin","670",0.000643498852901657,0.0281779628012129,0.000827903684596819,3.19145222293042,1.55009040853587,3.08202018456918,2.68760466024781,2.12387751135692,2.31210425317854,0.429664096223721,0.439910410031575,0.435790741237205
0.5,"eld vs kin","728",2.495801087583e-14,1.2876307066991e-13,8.96818689395568e-14,13.6027900303708,12.8902086750503,13.0472953497699,4.63967679877129,4.0899599170404,4.16939511003267,0.385846433635246,0.380261937070398,0.382835476547097
0.5,"eld vs kin","744",0.000157417505703827,7.69746221288758e-06,9.03293816033993e-06,3.80294697332492,5.1136524343864,5.04417096294538,-3.13313545950987,-3.57016376367842,-3.57165246913484,0.528360506017501,0.518292335587904,0.524089593621267
0.5,"eld vs kin","770",0.0299313373093767,0.000447730153351071,0.000173148872649129,1.52387387877932,3.34898365613476,3.76158033174291,-2.14280806367991,-2.61877258019225,-2.55063316251328,0.430272060567081,0.428023634431815,0.429883262485974
0.5,"eld vs kin","786",9.44280756556237e-05,1.90383672319674e-06,8.76102287919617e-07,4.02489886068617,5.72037030030832,6.05744518551493,-3.25505301108492,-3.73421825350595,-3.69649452845354,0.496688162786058,0.501840750251838,0.500357410958017
0.5,"eld vs kin","809",0.00254060480132565,0.0370859201455936,0.01321196974174,2.59506288550131,1.43079094115815,1.87903242960751,2.20209163480138,1.70869209590002,1.74723263459407,0.381521357322409,0.378595181018873,0.374343647946267
0.5,"eld vs kin","825",0.00108276580655521,0.0113380094465342,0.0155446855995663,2.96546546758464,1.94546318550205,1.80841805739398,2.76228849172156,2.17055609233403,2.15858641598883,0.461047725875492,0.463914345866524,0.461050803544569
0.5,"eld vs kin","849",0.0124550268074436,7.49377244269201e-05,7.57279433166557e-05,1.90465533337739,4.12529949891018,4.12074383795099,-2.28253782722508,-2.77338759384482,-2.71162933996366,0.437020454871792,0.40548741581322,0.437521506260517
0.5,"eld vs kin","854",1.80571598984482e-05,8.86163216257744e-06,7.05343603811486e-06,4.74335055620563,5.05248628105665,5.15159926756703,3.7316510228621,3.22317065034395,3.32562000560556,0.467397505291023,0.461859804358124,0.474263994264021
0.5,"eld vs kin","879",0.0352733947638734,0.000809189251828955,9.4639183455584e-05,1.45255274117545,3.091949894441,4.02392901544547,-2.01415088229251,-2.55933969362195,-2.49642929822083,0.412653186885725,0.414060401503863,0.412682816474909
0.5,"eld vs kin","886",5.23245520843109e-12,1.80918448956838e-10,6.56842410828856e-09,11.2812944806796,9.74251714418708,8.18253881357086,5.04261683589142,4.59329916145639,4.64694532931452,0.519144541283804,0.51894095360319,0.533897949943135
0.5,"eld vs kin","888",4.24155970570378e-06,0.000237443960947758,2.28750504699027e-05,5.37247441533562,3.62443887160909,4.64063793906365,3.27758897551575,2.7904749435502,2.83806673864993,0.440518724459264,0.441323136582236,0.449707687427216
0.5,"eld vs kin","891",0.00704764264987608,0.000146867199178303,0.000170554969256542,2.15195612490268,3.83307518723551,3.76813562255236,-2.79641306917533,-3.2767197101224,-3.282440078093,0.568013059829306,0.550598708160114,0.570391031509719
0.5,"eld vs kin","895",0.00495779127569453,0.00100256461535442,0.000155439079123902,2.30471176109426,2.99888762749825,3.80843978531481,-2.66442543320943,-3.23159037446509,-3.08363648607604,0.504759583963065,0.509619472968363,0.501831229459176
0.5,"eld vs kin","914",0.0229675249511895,0.032473783065814,0.0151273426448126,1.63888580314873,1.48846711485707,1.82023735591958,-2.4190658948988,-2.8059774683674,-2.77367377019256,0.568629971538658,0.552156775150472,0.573872166366739
0.5,"eld vs kin","922",0.0112756396316711,0.00870948989473636,0.0145230420486964,1.94785881258738,2.06000728039861,1.83794240522084,2.74146881091071,2.24787527867492,2.17487292915095,0.477741843056657,0.458467950196205,0.465573523920963
0.5,"eld vs kin","926",0.00019099493966678,0.0156774246793578,0.0055168059798503,3.71897813905545,1.80472527707265,2.25831228944485,2.69679151665394,2.1541886758152,2.15983654123587,0.421388818582718,0.433481798696355,0.421884789420391
0.5,"eld vs kin","929",0.000527586516015619,0.0391787953379834,0.0295779842567071,3.2777063126231,1.40694892173867,1.52903142655341,2.70834502312891,2.06897005636168,2.19558040888134,0.462899183613018,0.468095973819264,0.457447703705483
0.5,"eld vs kin","944",1.10938357331881e-05,0.000344354345682356,0.000211291511627592,4.95491826902309,3.46299443193535,3.67511794983527,2.48549208775908,1.99718041616699,2.04994423940114,0.292522689152372,0.299767583974924,0.296521295068968
0.5,"eld vs kin","947",1.5465261441991e-12,1.17342972001353e-10,4.14381566363979e-11,11.8106427338015,9.93054291639715,10.382599572289,4.74222753223061,4.23278623703868,4.20307403268687,0.436341087022691,0.433001241381323,0.424272023007137
0.5,"eld vs kin","977",0.00261065293545011,0.0369816197728691,0.00400895759607998,2.58325086017149,1.43201407092121,2.39696853738526,2.82599199929011,2.13799080956146,2.18562847951548,0.531952046486214,0.511222719591318,0.52074788849707
0.5,"eld vs kin","978",3.81326564400428e-25,8.97837284277467e-25,2.76532163516656e-22,24.4187029393613,24.0468023637152,21.5582543485349,6.54494904536429,6.0910590218265,6.08930138385199,0.40609402749718,0.408332451327355,0.409783150157644
0.5,"eld vs kin","984",1.78622397042848e-15,1.78366530284048e-15,4.24706373603557e-14,14.7480640868681,14.7486866358155,13.3719112214673,5.38232036691039,4.82416117135091,4.91281659641956,0.426115887568835,0.413576539745517,0.42658324208526
0.5,"eld vs kin","988",2.06767404726387e-05,7.22363305363771e-05,6.89164440232214e-05,4.68451792333049,4.14124432344038,4.16167713953705,3.65305815986156,3.1130919927396,3.19861969982282,0.525302516662166,0.527127500456049,0.526683777120654
0.5,"eld vs kin","991",0.00343325329365852,8.61154872032086e-05,5.35720391860419e-05,2.46429415463419,4.06491873702431,4.27106182216568,-3.22931115570398,-3.8520171416484,-3.8492169368751,0.565035795420274,0.557071335833802,0.577178934006475
0.5,"eld vs kin","1014",9.18951014453541e-06,6.51187006443952e-08,3.98375064256916e-08,5.03670763847192,7.18629427379145,7.39970785346758,-3.84502008833873,-4.27482487382514,-4.27093937067898,0.524790657008264,0.51592352149283,0.535708525902832
0.5,"eld vs kin","1020",0.000101842071401874,0.00694277977808882,0.000909187876405044,3.99207277599565,2.15846661015431,3.04134636402218,2.77412134341969,2.31766130498674,2.44378141777732,0.417011967083511,0.417926604804361,0.424452135791527
0.5,"eld vs kin","1021",0.000272416190276579,7.62877402880131e-05,3.04617123713537e-06,3.56476708494269,4.11754524911015,5.51624568693146,-3.29833644609103,-3.76604066233663,-3.78323334037944,0.55450066111361,0.544900721847216,0.5581534302769
0.5,"eld vs kin","1023",0.00788872211883859,0.0485235367377218,0.0138602378331849,2.10299334174424,1.31404755220574,1.85822931743319,2.48766928783648,2.05016609765747,2.20645856344643,0.482687947458389,0.478769905357441,0.480480119782282
0.5,"eld vs kin","1027",0.000425809309094203,0.00177441587678175,0.00272241753518103,3.37078484819584,2.75094458527976,2.56504526659817,3.06933884977396,2.55990610090051,2.40016365763606,0.512722755070847,0.51231108798571,0.501994996015451
0.5,"eld vs kin","1030",6.83666725011469e-12,8.59124019366503e-11,5.59712397742435e-11,11.1651555572882,10.0659441388012,10.2520350732764,4.57904788789565,4.15872831929655,4.0884783199528,0.422116162397438,0.447033573822883,0.41471952284342
0.5,"eld vs kin","1043",0.000102907713490896,0.00390999602063302,0.000672166393882713,3.98755207129217,2.40782368460362,3.17252320462486,2.93894879509583,2.31749219271035,2.43223123158635,0.43199130361134,0.406390926478906,0.429928058292145
0.5,"eld vs kin","1059",0.00279831890080235,0.0114556875217595,0.00765773322664599,2.55310279414484,1.94097884118028,2.1158997672928,3.19623541243256,2.70156666433051,2.72152661899199,0.5890833954052,0.579404200371286,0.58660905943188
0.5,"eld vs kin","1074",5.83834880921321e-20,5.05250004239188e-18,1.53861287289893e-18,19.2337099618675,17.2964936741688,17.8128706383317,5.60044271049141,5.021448555299,5.07165231848744,0.391329467891856,0.401296457250244,0.3903427985288
0.5,"eld vs kin","1076",2.16966013065155e-14,6.47442923916961e-12,1.45181023035421e-12,13.6636082914707,11.1887985112938,11.838090147614,5.08757451712746,4.55445001395259,4.58220835157504,0.423911181734117,0.426039786670032,0.427075631100151
0.5,"eld vs kin","1082",7.27991087985415e-05,6.26357514434698e-05,0.000169915886214933,4.13787393725626,4.20317770796213,3.7697660150512,3.46738645867904,2.9042425110747,3.02358124739346,0.496089025162695,0.490451938762458,0.487052987172162
0.5,"eld vs kin","1089",9.55570399491638e-13,3.13791257477664e-11,1.85016320815158e-11,12.0197373117649,10.5033591604371,10.7327899595574,3.47398691875475,2.97775614738517,3.02928756686843,0.288138556034172,0.281864480536264,0.289610165840334
0.5,"eld vs kin","1098",2.91469978103054e-30,3.22181522115786e-26,2.05574305154099e-24,29.5354061716619,25.4918993710343,23.6870311689917,7.46401209606954,6.95093880147067,6.99392723148212,0.442947967416124,0.444430024066682,0.438347460350314
0.5,"eld vs kin","1104",0.0245559327067456,0.00594288931204044,4.38231380807981e-05,1.60984356543383,2.22600235852148,4.35829652676669,-2.28252107792197,-2.79386414953342,-2.76042318427654,0.475353909329547,0.44604629345325,0.461194177232299
0.5,"eld vs kin","1105",3.60938949581109e-07,1.16325818087476e-10,7.47049307137093e-10,6.44256624990109,9.93432388451034,9.12665073270822,-4.11538796059982,-4.65236422807669,-4.5692541248664,0.500831265816841,0.50239294756092,0.508650681000115
0.5,"eld vs kin","1108",0.000143423443686734,0.000281047197339654,0.00108007869731885,3.84337985402653,3.55122074122318,2.9665445995444,2.97096300075385,2.48416793557037,2.55850176312274,0.445003306259263,0.432228306177735,0.450345106003471
0.5,"eld vs kin","1112",0.00313144510904864,9.73803767108655e-06,4.75530809936697e-06,2.50425519662313,5.01152854974151,5.3228213396056,-3.0491832769025,-3.59771757593725,-3.61426886134787,0.51805898877607,0.536508173703974,0.531709976802866
0.6,"cent vs mage","4",1.55307526499745e-09,0.000335629262085921,2.33796456440159e-08,8.8088074970203,3.47414018190641,7.63116207555291,2.53293275164435,2.3570732883156,2.00129853213846,0.182643011380642,0.199061326991126,0.182899136178637
0.6,"cent vs mage","7",1.11446788303235e-11,2.38289380496452e-09,1.0291622326458e-10,10.9529324425923,8.62289531180611,9.9875161595531,4.52057889160301,4.31606842578085,3.9642637785601,0.419652498487716,0.416310530385718,0.415411418870094
0.6,"cent vs mage","8",5.68740816807336e-05,0.00717042781555376,0.000238307969501633,4.24508560262863,2.14445493186477,3.62286143372275,2.59783900505714,2.43906263722545,2.07201833565528,0.314781471862812,0.309904745951985,0.313496778238421
0.6,"cent vs mage","9",0.000192552879015,0.0295531407093462,0.000998876390086396,3.71544998350201,1.52939635842883,3.00048825193905,2.35057878104363,2.17426889780654,1.81385732589448,0.272860752459417,0.263367811376184,0.271766738774898
0.6,"cent vs mage","10",0.0170316623672177,0.0388896720740365,0.0216023164779051,1.76874296086445,1.41016571890029,1.66549967571806,2.30063225572034,2.14807083152794,1.77768385901267,0.413508646208971,0.400618281503921,0.409422911925681
0.6,"cent vs mage","11",4.24783747049586e-05,0.00814372960897916,0.000175182165008024,4.37183210845605,2.08917665436853,3.75651011068433,2.5538907697061,2.38621049733518,2.02377950648763,0.296518961981474,0.312992327873351,0.296265114687598
0.6,"cent vs mage","14",1.11534515471652e-09,7.46496392799154e-06,7.78992446263124e-09,8.95259071504402,5.12697228652061,8.10846675357538,3.03704174802103,2.86073612465028,2.49989170436421,0.259373149024425,0.263337831091786,0.25920968208698
0.6,"cent vs mage","16",0.00645779929784078,0.0384964355370807,0.0299484685811927,2.18991545656177,1.41457948083545,1.52362538041129,1.90037228285778,1.7219574782633,1.35881696667473,0.229696054200049,0.229773825553342,0.229584629758781
0.6,"cent vs mage","19",2.88277152493187e-05,0.0014540560379673,7.1775687676432e-05,4.54018977640933,2.83741885584905,4.14402263787501,2.84754076562212,2.66107542343744,2.31376838657192,0.345321051490512,0.332240180401296,0.343174630359548
0.6,"cent vs mage","20",4.87357294361951e-09,1.15302912749549e-05,4.4009877698516e-08,8.31215252938914,4.93815972154244,7.35644983832034,3.0123826911005,2.83302047481008,2.48304657934337,0.268885407333078,0.266111301488622,0.268954983673462
0.6,"cent vs mage","21",5.78469653382455e-11,1.0322326331817e-06,9.91291920968663e-10,10.2377194192779,5.98622241518787,9.00379843330824,3.19178059052117,3.02118771479513,2.65200942346243,0.261292225673353,0.264849440893597,0.260463014368145
0.6,"cent vs mage","23",2.67514312581437e-05,0.00974422699933286,9.94319301365122e-05,4.57265297734796,2.01125260736623,4.00247413013671,2.46952731282539,2.29432799843618,1.94670099102578,0.266686017844987,0.262459855978352,0.266835849332188
0.6,"cent vs mage","24",6.16127293655347e-10,1.03210754970057e-06,1.79989786754643e-10,9.21032955208736,5.9862750451431,9.74475213757415,4.81285488309644,4.66207046555087,4.2621364600265,0.492871600194257,0.481992130570866,0.495121189054046
0.6,"cent vs mage","26",6.58209405586972e-08,0.000110512863983636,3.3383381891602e-07,7.1816359160779,3.95658716603372,6.47646966938045,3.40673356708129,3.24410741242043,2.86760019931622,0.372826889192597,0.374103587341762,0.369360214120837
0.6,"cent vs mage","28",0.00456267489912081,0.0395157242579596,0.0154343683778596,2.34078047458649,1.40323005375126,1.81151113849306,2.53119870075886,2.35116876614597,2.02582958344391,0.462816428108805,0.455057412671661,0.453386745105336
0.6,"cent vs mage","30",0.00309742212430393,0.0330928151287031,0.0117428726589102,2.50899960388983,1.48026628684866,1.9302256486333,2.02450987286537,1.84256216591339,1.48273225090262,0.237570810026698,0.237730385162283,0.238277273895789
0.6,"cent vs mage","32",2.35492647471978e-06,0.00208577700168788,1.24055027571663e-05,5.62802264782254,2.68073212549404,4.90638563040519,2.47380163819181,2.30108753069181,1.94112147241369,0.228888806096769,0.225619251063613,0.230370905532575
0.6,"cent vs mage","36",0.000264579357465727,0.0314665086946387,0.00100191669700107,3.57744404256893,1.50215144071457,2.99916838579083,2.06388013545636,1.88456300604087,1.53424562890442,0.203591659428272,0.204108733909737,0.203545352580988
0.6,"cent vs mage","37",0.00389009025453765,0.0353646077445509,0.0135408960031179,2.41004032242932,1.45143115464139,1.8683525973691,2.21836220073886,2.0522508915414,1.69056016637275,0.336723945750698,0.338457942960809,0.335102607834123
0.6,"cent vs mage","39",6.59846568813934e-09,3.70292258427753e-06,2.55485220699001e-08,8.1805570372823,5.43145536750026,7.59263421785615,3.91093400522304,3.76449014787579,3.36004797758794,0.417310645982718,0.424541377341489,0.41455118293053
0.6,"cent vs mage","42",1.84480948141828e-08,3.69670672686075e-06,1.80697813424999e-07,7.73404847798245,5.43218500221515,6.74304710268645,3.7721173727904,3.5893016372531,3.25181906852063,0.409367747198433,0.412102077486875,0.410774111361741
0.6,"cent vs mage","44",0.00373436213222232,0.0363214851197399,0.00956294519737816,2.42778356951494,1.43983640227315,2.01940833303947,2.14528661908583,1.96259309409194,1.60243489128934,0.300106067681026,0.292519480419465,0.299678659243481
0.6,"cent vs mage","47",0.00466846202437556,0.0382031340583959,0.00328685821191328,2.33082616961309,1.41790100754809,2.48321903005644,2.84991832971199,2.68517965614859,2.31882922728751,0.496846892265455,0.506525282033229,0.497051784762483
0.6,"cent vs mage","52",0.00568215805585945,0.0338908262372266,0.0215280274739684,2.24548669003707,1.46991784320469,1.66699576099935,2.09532971949601,1.9187339096468,1.56149693218634,0.30552187422962,0.299726438541736,0.304982987774349
0.6,"cent vs mage","55",2.56488117560831e-05,0.00185675707563867,0.000636073444159196,4.59093274983987,2.73124491242113,3.19649273568564,2.82755459462894,2.64431905371474,2.30266319430723,0.360853954892251,0.36971839009262,0.359097069424896
0.6,"cent vs mage","56",1.07832447009152e-07,0.000317242384264496,1.14995834230155e-06,6.96725053936517,3.49860879480175,5.93931789185182,3.33854439063477,3.17946849854295,2.78893324423413,0.372204881363874,0.373569030972384,0.36802600333631
0.6,"cent vs mage","61",0.00106165822376721,0.0338219579406168,0.00446182379837426,2.97401527178697,1.47080125486386,2.35048758441182,2.20903674706478,2.02999782602607,1.69317216702659,0.280421212463938,0.282536610787271,0.283248189732891
0.6,"cent vs mage","69",1.31637558760368e-05,0.000864399007949007,4.32885747523166e-05,4.88062018036378,3.06328574021837,4.36362671280994,3.01099289240239,2.84506414514494,2.4835010597949,0.38243829494982,0.395314507731547,0.38917399883842
0.6,"cent vs mage","90",1.44332031678271e-06,0.00159417395703123,9.88905354334449e-06,5.84063727502329,2.79746428993071,5.00484527165581,2.68662446095223,2.5212514425701,2.18028879304975,0.280695354963877,0.289516017019908,0.283020547909308
0.6,"cent vs mage","92",0.000159733345763684,0.0309820961007833,0.000377929834356,3.79660441154188,1.50888920329053,3.42258882286269,2.265249990334,2.09509705359863,1.72543703835416,0.238573467793633,0.245832594058228,0.239792710702271
0.6,"cent vs mage","95",0.00133173216208921,0.0331685855960135,0.0117895045112302,2.87558311166955,1.47927304765276,1.92850444703048,2.41848872732893,2.26317508245407,1.86884574035046,0.371637915740904,0.373269319440746,0.370379729982914
0.6,"cent vs mage","106",4.31753574124666e-08,0.000189314301658755,1.06637676987565e-05,7.36476405858692,3.72281657622709,4.97208932423252,3.11967174174448,2.89808627513634,2.53153623674738,0.339626772406555,0.323892534898865,0.338015976155816
0.6,"cent vs mage","114",1.72571123866927e-06,3.37667493592155e-05,5.30347061287026e-08,5.76303187255133,4.47151074579945,7.27543983328042,-3.32632997079556,-3.50829410297024,-3.89813652329182,0.481558447740387,0.455772102604383,0.484704215700385
0.6,"cent vs mage","119",0.000259366469121845,0.0325402958937303,0.00124056343392873,3.58608617018186,1.48757850227715,2.90638102397471,2.17433864544012,2.0051415734508,1.65977076510165,0.239850582353047,0.248032964681466,0.237802382007879
0.6,"cent vs mage","120",0.00469779016273435,0.0329807116519773,0.00969495964597777,2.32810638585595,1.48173997746069,2.01345399427642,2.65323466864278,2.4281251123958,2.13487721782671,0.50306793691145,0.481468117127801,0.498980642395962
0.6,"cent vs mage","132",7.51687740177531e-09,2.63001691542056e-06,3.06562613257751e-10,8.12396253292095,5.58004145825922,9.51348081049239,-3.90873677061274,-4.12751257752366,-4.58453013500576,0.469966247279151,0.468933038279118,0.491349852760157
0.6,"cent vs mage","142",2.10643513585349e-07,2.34866069993344e-05,5.07523723805564e-06,6.67645190970334,4.62917971919091,5.29454365217921,3.9615401947883,3.84266902725956,3.46521632360225,0.536162369643981,0.533956835457426,0.529802281734187
0.6,"cent vs mage","143",3.52196270365229e-07,8.35574582376221e-06,9.23853606578835e-10,6.45321524737038,5.07801477944047,9.03439684143356,-3.48322918086251,-3.70315180083193,-4.09095989248346,0.449514603381723,0.449444685105727,0.455502875299294
0.6,"cent vs mage","155",0.000835051541219204,0.00100035701656925,0.000865324982142322,3.07828671807774,2.99984497734521,3.06282075791684,2.99139592423929,2.78624836277032,2.48980238626561,0.464979705331035,0.469783107839167,0.471464149373328
0.6,"cent vs mage","168",2.39661673360367e-06,0.000128214461374201,7.88587027574519e-05,5.62040141268711,3.89206298775938,4.10315037144127,3.90899593178779,3.5543668438427,3.35222780406808,0.444175727438518,0.467259321340237,0.44743386442353
0.6,"cent vs mage","210",7.2461640744879e-08,4.50730359796124e-06,1.2572224280157e-11,7.13989183648448,5.34608318821732,10.9005878800593,-3.98605245819269,-4.183531485736,-4.55599967042779,0.462002336705661,0.451247438824902,0.473101207368512
0.6,"cent vs mage","212",0.00206789267419822,0.00204539825328095,0.00133993025235634,2.68447200533295,2.68922211926395,2.87291780745991,2.7347082596106,2.47286089270439,2.11397891756712,0.368206771841252,0.379318872822184,0.372825851616377
0.6,"cent vs mage","219",1.8589674995075e-05,1.15065921607223e-05,1.24575910274982e-08,4.7307282029704,4.93905327975284,7.9045659307597,-3.50464957764564,-3.70542185475141,-4.04500680416938,0.476115351618244,0.455828322528058,0.462757519215434
0.6,"cent vs mage","294",7.71377471376012e-07,0.000806794877242271,2.40688669976995e-05,6.11273304916191,3.09323686801068,4.61854435294177,3.29140510111523,3.12411715209884,2.67499245748195,0.377508441200752,0.378527788459779,0.37940629436699
0.6,"cent vs mage","353",0.00175605488908679,3.8547231182037e-05,3.36162513246328e-05,2.75546191345557,4.41400681153127,4.47345071801722,-2.87333288274199,-3.17782064281046,-3.44541265565624,0.451881964603118,0.44463937278435,0.465402206863523
0.6,"cent vs mage","652",0.000115892744400407,0.00249515122753375,8.188109814618e-06,3.93594375269475,2.60290312727783,5.08681634144153,2.69298004902173,2.47446157115947,2.13284423063867,0.318731011238506,0.296053515544946,0.306599195395067
0.6,"cent vs mage","671",6.58840967344393e-06,0.001804103983991,0.000100446250463731,5.18121940382767,2.74373843443708,3.99806627029755,2.89311295553398,2.71053388292247,2.35977300692601,0.360898649524884,0.353599347261829,0.361556212456384
0.6,"cent vs mage","675",0.0033325260126529,0.0317028846276559,5.97220739058141e-05,2.47722645193435,1.49890121977352,4.22386511939624,-2.56635510030594,-2.78475640477465,-3.10427218125355,0.485026508365007,0.459524889773271,0.475769475701288
0.6,"cent vs mage","728",7.89544601632352e-06,0.000407732986030977,3.14974213519423e-05,5.10262333152562,3.38962415224238,4.5017249998124,2.84814289916028,2.68994645629774,2.32091142720202,0.305678664076016,0.307189072801989,0.304867098084445
0.6,"cent vs mage","762",6.00250869226545e-06,0.00616340560440093,0.000700336738964472,5.22166720236628,2.21017925106587,3.1546930904005,2.88561828950907,2.70897242740205,2.31569107683761,0.381937510434449,0.384906521861301,0.393380486422891
0.6,"cent vs mage","788",0.00716264156817222,0.0296067574036556,0.00441255156165197,2.1449267811965,1.52860915488066,2.35531020674631,2.85523619809909,2.7638989773031,2.40989504193997,0.544145323550242,0.518297849419023,0.532135862104313
0.6,"cent vs mage","798",0.0159518450301182,0.0325090750587608,0.0127647219032154,1.7971890781204,1.48799538678166,1.89398864245116,2.53657122932827,2.36900708989244,2.03442750168399,0.434718998627058,0.411214178596817,0.442865018246104
0.6,"cent vs mage","814",0.00159259322194925,0.0364517104915931,0.00670575165855888,2.79789513695605,1.43828208765792,2.1735525343123,2.66570786714115,2.48129350040444,2.05248304973044,0.464004091839894,0.465096589319785,0.462927742692704
0.6,"cent vs mage","829",6.20789982331053e-05,0.00180520957153213,0.000390658617222596,4.20705529989009,2.74347237244163,3.40820259149789,2.92087990783874,2.72427280510546,2.40625731043958,0.394654492574658,0.390396635585495,0.39503104561781
0.6,"cent vs mage","834",0.0016621383742531,0.0328923470542851,0.00111834438150875,2.77933282370894,1.48290513605346,2.95142443977836,2.60645933133102,2.38916226532682,2.10564206231949,0.393105001900979,0.407050042997044,0.395162609909366
0.6,"cent vs mage","848",0.000162924738854653,0.000851328247585187,0.000355398786531561,3.78801296644453,3.06990295621547,3.44928405937694,2.70833954227125,2.58606165369557,2.13060816195716,0.342597902162779,0.326236686431525,0.338507384284908
0.6,"cent vs mage","854",9.58687071205463e-06,4.07113956525557e-06,2.32711310380576e-05,5.01832312945774,5.39028400904742,4.63318250834842,3.65673785909529,3.61236464613903,3.21811163419659,0.463326149623402,0.459038340539912,0.45740227347444
0.6,"cent vs mage","857",4.7545431916658e-05,0.000297562723368127,0.000326595173645701,4.32289120298923,3.52642147517424,3.48599023746379,2.82585630877102,2.64595366069269,2.25048728472311,0.345832734384368,0.324708703346065,0.341143618551673
0.6,"cent vs mage","886",1.20447802138388e-05,0.00146105152493459,0.00375409061030079,4.91920112034707,2.83533446811759,2.42549524927495,3.53469939412184,3.39081676367823,3.10668891362168,0.525130210708157,0.531836443789413,0.530594980448324
0.6,"cent vs mage","921",3.70739010095429e-06,0.000387401507652987,3.90820973224502e-09,5.4309317140033,3.41183869346694,8.4080221381179,-3.45060084310167,-3.6167623892216,-4.04252239835073,0.481266212057332,0.462877877890036,0.483953014478599
0.6,"cent vs mage","944",0.00788385276178065,0.0387833315363783,0.0243829069866253,2.10326149516673,1.41135488721916,1.6129145180372,2.02386303715357,1.86210862255552,1.4852817922316,0.283204081554331,0.293906017209679,0.280669462874006
0.6,"cent vs mage","947",8.21968810827481e-05,0.00247649306201068,0.00132636140873341,4.08514466122212,2.6061628843723,2.87733812266379,2.93739157101586,2.771320975551,2.36990921907238,0.406432900731651,0.405640298338816,0.412347302996689
0.6,"cent vs mage","978",2.65798357308381e-05,0.000450565165231289,1.18336096708604e-05,4.57544770741928,3.34624238813956,4.92688275993539,3.68407456617308,3.45428975527354,3.15645209564719,0.445025903050153,0.454384068467927,0.44986990202906
0.6,"cent vs mage","984",1.58949223462563e-05,0.0206738608873725,8.09044063354644e-05,4.79874158946514,1.68457841038278,4.09202782455504,3.06688141937185,2.85259493133989,2.5575660270015,0.416847376707725,0.418556074299681,0.417492036430201
0.6,"cent vs mage","989",0.00543401663821603,0.0339670199131607,0.000596329055291094,2.26487903616576,1.46894255416156,3.22451402975341,2.78500814021307,2.55369036636234,2.31263963868923,0.386160490439628,0.37882531748667,0.370845831655336
0.6,"cent vs mage","1017",0.00113170588492972,0.0314751974886857,0.0063328067361538,2.94626642575253,1.5020315362645,2.19840376551803,2.70889493768139,2.46039992192409,2.15572893090041,0.390346466373116,0.381600183675022,0.398713689612594
0.6,"cent vs mage","1019",0.00341364640867912,0.0398924676732406,9.06404218505618e-05,2.46678146585526,1.399109098217,4.04267808188534,-2.3581289972986,-2.49125413255429,-2.85280739836975,0.397257293223027,0.398129560302595,0.399854344391606
0.6,"cent vs mage","1030",0.00485854985578662,0.0336483957492167,0.0025858990468271,2.31349333641836,1.47303563675564,2.58738843392652,2.81281104258112,2.5847262315395,2.33465418524387,0.409656525961203,0.405665968100566,0.404313129517826
0.6,"cent vs mage","1043",5.9691457656182e-07,4.80263328613892e-06,1.22856536488585e-07,6.22408781557462,5.31852057344568,6.9106017322616,3.17814897880639,3.00904801435799,2.61130370085567,0.336867697079323,0.318921423055727,0.320037703788567
0.6,"cent vs mage","1074",7.66497096779495e-09,3.05703850258983e-05,2.87418548195548e-05,8.11548948576073,4.51469909141555,4.54148520864769,3.60627963989039,3.4900644178702,3.05287152674833,0.382281922227377,0.370921828455605,0.375694137234397
0.6,"cent vs mage","1076",0.00175427121639843,0.0286511748731818,0.000698062337835658,2.75590326234993,1.54285756460486,3.15610579260724,2.87704284836104,2.75238998999784,2.37677031363882,0.42486076952024,0.436746061442068,0.423587198589172
0.6,"cent vs mage","1087",9.93113637452937e-09,5.40178167509493e-06,1.24357732216524e-07,8.00300105432932,5.26746297276198,6.90532720633639,4.22490943543254,3.95387555868785,3.67160502426646,0.500119409570985,0.490528570764718,0.495057153683514
0.6,"cent vs mage","1089",0.00534897058627811,0.0383722391427082,0.0202271878399318,2.27172979026206,1.41598285759217,1.69406449243899,1.99392191656582,1.81746674637715,1.44732669880581,0.264170802174952,0.26771723445034,0.260567728681095
0.6,"cent vs mage","1091",0.000190803414793578,0.00248712920681528,0.00347000760743932,3.71941385702848,2.60430165246657,2.45966957308656,3.0891714973049,2.83418976113747,2.60018796718797,0.486763947494766,0.48081124262482,0.473555835812691
0.6,"cent vs mage","1098",1.89278234097697e-12,2.55899426391962e-11,5.91225096858935e-13,11.7228993245188,10.5919306875989,12.228247138896,4.88887223243875,4.68497866610538,4.33475418800905,0.442302007523757,0.436051808947302,0.437356925793824
0.6,"eld vs kin","3",8.18687888315406e-10,7.75074449066437e-15,0,9.08688163452396,14.1106565797313,34.3120921809546,-4.16962422823813,-4.74939500946456,-4.82303166496203,0.447716217242758,0.432383281162378,0.446152931956294
0.6,"eld vs kin","4",8.75564825798617e-19,4.21992540999428e-09,4.5895133058203e-12,18.0577116937332,8.37469522541609,11.3382333667075,3.06094264969397,2.47881979889854,2.3942821874043,0.220238949409445,0.227544161540063,0.220649518890565
0.6,"eld vs kin","5",0.0044737212613796,1.40920974267091e-06,1.87986768874656e-07,2.34933107844588,5.8510243629549,6.72587271673068,-2.214553947974,-2.79289178147261,-2.87328869424657,0.383862083857825,0.383200155948393,0.385594267632565
0.6,"eld vs kin","7",4.87425020972665e-34,4.67743703232419e-28,7.73888001227681e-28,33.3120921809546,27.3299920502626,27.1113218868214,8.10536229488509,7.5862254622978,7.46631416748845,0.458115362525418,0.476696654750676,0.466036353615056
0.6,"eld vs kin","8",2.3870532160906e-05,0.0118006360942589,0.00437580796533217,4.62213789888312,1.92809458211921,2.35894174550154,2.56169779074984,1.98437448282252,1.89565392048734,0.392596140566096,0.381398921796708,0.393966899824939
0.6,"eld vs kin","10",0.0305725956092914,0.000198824266189905,2.6543765037012e-05,1.51466768816501,3.70153061174337,4.57603747563786,-2.17600699570506,-2.72453264277401,-2.81718078981549,0.477338066716648,0.481579279738,0.469634438240793
0.6,"eld vs kin","11",4.22280430341668e-14,7.29665776775692e-09,1.22098936905005e-09,13.3743990445319,8.13687602281136,8.91328811736797,3.75161054021388,3.18219854709673,3.10041467004662,0.34639259650682,0.350016445480857,0.352319473871534
0.6,"eld vs kin","14",1.89324781553993e-16,2.44671072772257e-09,2.61488526801483e-11,15.7227925355991,8.61141737383582,10.5825473616958,3.3869064708395,2.80936577885833,2.71485277894807,0.274458327478437,0.279648558000022,0.275128344552703
0.6,"eld vs kin","15",1.03365199044578e-08,7.3647905799257e-05,6.43617278884491e-06,7.98562565473225,4.13283959794229,5.19137230512077,3.4907830821324,2.93341309748683,2.80656398957086,0.427676814187351,0.447669886649061,0.425809044986675
0.6,"eld vs kin","16",9.4887099053388e-19,1.85981417179262e-11,4.90809538269675e-13,18.022792830679,10.7305304472857,12.3090870058928,3.55325573973915,2.97410748738046,2.88213874669115,0.267286302865008,0.262562636468308,0.266340499604437
0.6,"eld vs kin","21",2.95602915082128e-25,1.01057397793528e-18,2.12352104127958e-20,24.5292912874699,17.9954318889442,19.6729434313692,4.62602422137924,4.05143718799343,3.96620161961182,0.292880148984132,0.296313001768686,0.293709295202712
0.6,"eld vs kin","23",3.99178950887561e-10,3.46032882747943e-05,2.56568248565084e-06,9.39883236757103,4.46088262919155,5.5907970904638,2.95347765179165,2.37549712900509,2.27850650741795,0.309582226623778,0.298953551727902,0.312274337551978
0.6,"eld vs kin","25",1.70676692268347e-09,7.69391030118432e-06,2.00387443716045e-06,8.76782578240239,5.11385288118592,5.69812949485907,3.60418910137221,2.99980061143479,2.93750238166478,0.42210518509785,0.415229086668541,0.425890514395966
0.6,"eld vs kin","26",5.5379141034e-08,0.000421542361116823,4.98752840418175e-05,7.25665378472419,3.37515877625898,4.30211461797301,2.98605441558895,2.40296222958946,2.28244331209831,0.36420027462493,0.365929410040998,0.360946821758812
0.6,"eld vs kin","29",1.88482664751743e-11,5.39415556873727e-06,4.81732049719587e-07,10.7247285868315,5.26807653254574,6.31719445903467,2.99053511580179,2.40374324116347,2.30959410003249,0.293685739899717,0.290360122249727,0.292014034829026
0.6,"eld vs kin","31",1.10407962088752e-08,6.59183512142319e-06,4.56956169682395e-06,7.95699960625788,5.18099366398564,5.34012545458651,4.16907607272058,3.55133133771383,3.43291178956975,0.533598992257464,0.52122595817039,0.53571305835613
0.6,"eld vs kin","32",1.02354322794773e-06,0.0108819299973977,0.00345298067206652,5.98989381078094,1.96329407220347,2.46180585259128,2.3011978961965,1.70896568280952,1.62543209343727,0.29057766108584,0.276673098749074,0.291619707435052
0.6,"eld vs kin","33",0.00121431154451627,2.87900390427198e-06,2.61471687869015e-07,2.91566987610573,5.54075774616651,6.58257532961861,-2.64156456194155,-3.22245275210038,-3.30931137429122,0.46137008597066,0.456299766550525,0.461113017393391
0.6,"eld vs kin","36",1.22614517885248e-10,8.35910404509531e-05,6.13197777940866e-06,9.91145810515063,4.07784026910683,5.21239942757789,2.66381776492869,2.08025317823264,1.98602053033095,0.263118232217303,0.256290207819132,0.261882762920081
0.6,"eld vs kin","47",1.72966339165138e-05,0.00126625558615431,0.000716820008988006,4.76203840633486,2.89747862571408,3.14458988047791,3.38096323972239,2.85710852607595,2.66017946369101,0.530667996179429,0.53758915070121,0.521081021045401
0.6,"eld vs kin","49",8.04516623479514e-06,0.0144484387589961,0.0040902575960478,5.09446497777895,1.84017907851191,2.3882493401542,2.54846281399475,1.93685256141592,1.86215069141647,0.366620075328298,0.355822875301844,0.365952406753225
0.6,"eld vs kin","55",2.99605039816281e-06,0.00126466004937292,0.000180579006118513,5.52345088541185,2.89802620059323,3.74333274160202,3.05989700462542,2.43424101396717,2.39163463648612,0.420701379124717,0.417559259580069,0.412376486658862
0.6,"eld vs kin","58",5.17946921657257e-05,0.0298976276382734,0.0147026961911827,4.28571474375374,1.52436327135727,1.83260301670882,2.38327908968006,1.78439421790103,1.72054737857853,0.37241162222453,0.34844443851679,0.37080286114175
0.6,"eld vs kin","61",5.09131239288725e-07,0.00156138125515659,0.000354941029186855,6.29317025469222,2.80649103877364,3.44984379575093,2.76139374626624,2.15596617915155,2.10688866539018,0.362064603203247,0.354160943770055,0.363961205417349
0.6,"eld vs kin","65",0.00457477951403914,2.29912419000693e-06,8.09593541906116e-07,2.33962983233931,5.63843756914916,6.09173296483941,-2.09463960602434,-2.66682097056177,-2.74558172358689,0.374929525985763,0.375874502766122,0.365505052912128
0.6,"eld vs kin","67",2.64076061209234e-08,1.79946451258258e-12,7.32445354367783e-13,7.57827096629003,11.744856713691,12.1352247712221,-4.83278014150785,-5.34491141991505,-5.51312231181345,0.566154827104858,0.553482097576947,0.56865828043225
0.6,"eld vs kin","70",4.50656627427966e-05,0.00920918351892815,0.00165423077459269,4.34615423774689,2.03577887240279,2.78140390400903,3.07712316568006,2.53378188476719,2.51776684945198,0.50762304639749,0.512788742035696,0.516217556223344
0.6,"eld vs kin","71",2.94708073550177e-05,0.0136344526820546,0.00202163757011484,4.53060796645661,1.86536229094086,2.69429670008401,3.36387537366678,2.68764234225864,2.56759636020835,0.532426119186381,0.526312813411784,0.531079165898711
0.6,"eld vs kin","74",2.25296260795083e-10,3.280757223021e-07,1.45441197970016e-06,9.64724601613031,6.48402590634159,5.83731255691072,4.36767513677984,3.78927908100367,3.69049791123046,0.495819176256994,0.497309525685001,0.497852822039743
0.6,"eld vs kin","77",4.55820432075392e-07,0.000471115900903788,0.00032300214092484,6.34120621154108,3.3268722373915,3.49079459906592,2.92288248221326,2.32585304620882,2.22328290308814,0.370342260915678,0.354511259261654,0.361270316131188
0.6,"eld vs kin","79",3.28723476332416e-05,2.27523565752645e-08,2.52755759683383e-09,4.48316927894988,7.64297361462753,8.59729893911892,-3.16770377753094,-3.77412895461825,-3.87803173691093,0.491949510309121,0.476303577050721,0.487542109420164
0.6,"eld vs kin","80",6.51878386794631e-09,0.000264495734484478,1.1897165430487e-05,8.18583341787289,3.57758132742763,4.92455649949297,3.02298317863157,2.48014753965417,2.37593281626979,0.346098133767424,0.369766409296179,0.349224840685143
0.6,"eld vs kin","82",0.0141776747294035,2.24251947801199e-06,8.13824984162096e-06,1.84839499164922,5.64926377608481,5.08946898157885,-3.25415143517389,-3.80920959726541,-3.89047529111784,0.599775168261722,0.579089684430301,0.591530030410028
0.6,"eld vs kin","83",0.00207657231758908,4.34344498555675e-06,5.78709484305489e-06,2.68265293978502,5.36216567492697,5.23753940004913,-2.79255892481206,-3.41383268558576,-3.44315320606335,0.520928578908507,0.488891303302145,0.52224037633246
0.6,"eld vs kin","84",3.23219384715227e-05,4.51464141515593e-08,1.07674385811822e-08,4.49050260079844,7.34537673872889,7.9678875968284,-3.2708347307702,-3.80006587539743,-3.84682650337174,0.491809123608289,0.456079676554983,0.478767363071885
0.6,"eld vs kin","89",3.57314185501409e-18,1.21465990929325e-14,9.18101086380153e-16,17.4469497418085,13.915545302471,15.0371094987114,5.48060943959804,4.94220172117644,4.76624471157241,0.449704169886194,0.447251891381333,0.43324139256531
0.6,"eld vs kin","91",1.19647435981849e-05,1.7676804970413e-07,3.09268844607872e-07,4.92209660378574,6.75259622965736,6.50966382812611,-3.72715641846049,-4.24870840585691,-4.31722184537798,0.576465561346029,0.562255116965979,0.577368618008592
0.6,"eld vs kin","100",0.00309332214144389,5.40303713880952e-06,2.36037809915083e-06,2.50957484981048,5.26736204724433,5.62701842363059,-3.10619135104152,-3.56442277360937,-3.71425661212519,0.580546775929009,0.547151258228697,0.560551613479648
0.6,"eld vs kin","103",4.8812759828635e-05,0.0123996720409557,0.00350221662444144,4.31146663703794,1.90658980134476,2.45565699477743,2.86029841991464,2.22104996896232,2.11733448610766,0.453927407629518,0.44154327700711,0.454788428508844
0.6,"eld vs kin","111",0.00200296223487658,2.18163139394497e-06,8.68416340046511e-07,2.69832723909351,5.66121862547027,6.06127201349345,-2.57863327043967,-3.18792657961037,-3.27566883586665,0.449775536019909,0.437985677141679,0.451470442082711
0.6,"eld vs kin","119",1.54199557461304e-10,2.69152517947517e-05,2.93743609795982e-06,9.81191687266891,4.57000155296292,5.53203157241563,3.03286760823591,2.46778383555257,2.35912905611836,0.318432487714546,0.313217003746761,0.322488276381461
0.6,"eld vs kin","121",3.51943007744733e-14,2.49202644265261e-11,6.98709876647184e-11,13.4535276587547,10.6034473537315,10.1557031177117,5.2241830543267,4.66651139885732,4.53307769197041,0.503824926359929,0.487532610318981,0.497976112036921
0.6,"eld vs kin","124",1.88284051463663e-06,0.00326171295089164,0.000155105723661549,5.72518646519133,2.48655426197422,3.80937217569534,3.14367717252762,2.4938684651507,2.4772893652101,0.426360905823957,0.428183426433194,0.432324778882445
0.6,"eld vs kin","125",3.42591629593166e-05,0.00200953150437102,0.00354249684404229,4.46522325218752,2.69690518077962,2.45069052798682,3.62046284992319,2.92021871171382,2.94097588960311,0.534223143694629,0.531700735634181,0.546481312767358
0.6,"eld vs kin","130",0.0336558346463763,0.000241908503639507,0.000174573791364601,1.47293963470697,3.61634886492128,3.75802095604909,-2.58589500818995,-3.27527429997735,-3.37763746679184,0.591617907528952,0.578131911304577,0.591375220798439
0.6,"eld vs kin","138",5.5747839365979e-14,2.46195322017878e-09,3.65923179533153e-10,13.2537719600218,8.60872020339952,9.43661007910455,4.49181164365816,3.87504183439636,3.81011990996291,0.441244285626721,0.435467062002768,0.440213679645057
0.6,"eld vs kin","139",0.000227340795000706,2.17511796524125e-07,6.64025045095162e-05,3.64332262563011,6.66251718456495,4.17781553999719,-3.35947674549184,-3.9666758614946,-4.052485808323,0.542558936492438,0.531360108488633,0.550533094420636
0.6,"eld vs kin","147",0.0467474658262358,0.00489269610070188,0.00508493918710116,1.33024192719815,2.31045175867027,2.29371423661819,-2.26806916797147,-2.6783169526417,-2.93707083631735,0.574210255852255,0.577852890289963,0.55505702515464
0.6,"eld vs kin","151",1.41335038283059e-19,1.46864156730963e-15,1.42697707354335e-15,18.8497501591237,14.8330841840148,14.8455830044001,5.97732653002737,5.32994724330239,5.42048917310623,0.477523907322032,0.468609218822882,0.490923390404372
0.6,"eld vs kin","164",1.60144664211515e-08,8.56398791579075e-06,8.87369475326182e-07,7.79548752682282,5.0673239541881,6.05189551468348,3.8866184315382,3.21186758021397,3.17806686942789,0.47409065748162,0.472662903611972,0.470428310724949
0.6,"eld vs kin","169",0.00123521414708782,2.36465985206205e-06,3.95338058908709e-06,2.9082577429418,5.62623132215526,5.40303137442908,-2.86351660971689,-3.27798841273565,-3.42679353217793,0.526776771964499,0.496090595683596,0.520138321569082
0.6,"eld vs kin","172",0.0326829619680329,0.000129632378620783,0.000108758495815161,1.48567859142724,3.88728651003905,3.96353680755468,-2.17946880112052,-2.75163767888903,-2.86847425870762,0.464772197406063,0.448972852860853,0.46256170944697
0.6,"eld vs kin","206",6.4724928031277e-05,0.00889389096787743,0.00274896933870208,4.18892842379207,2.05090819896393,2.56083010413862,3.38310495311402,2.75725132346539,2.63325505071354,0.534716352595092,0.531939199549903,0.542931019207172
0.6,"eld vs kin","207",3.81158740205005e-10,1.35299444184614e-06,2.77983175567923e-07,9.41889411713943,5.86870398749736,6.55598148817948,4.1026430610134,3.55504186925293,3.45212877706892,0.455363548751706,0.458712058826153,0.455253522057725
0.6,"eld vs kin","222",8.60879021531953e-08,6.05213456973546e-05,6.43818347309857e-05,7.0650578752277,4.21809142396614,4.19123665110196,3.81456260699274,3.21257776980501,3.23703474222458,0.507001625525149,0.501674045647051,0.515522793204831
0.6,"eld vs kin","223",0.000244321942101553,0.0152026676752612,0.00562496854194693,3.61203752809121,1.81808019791107,2.24987990203386,3.17300907270379,2.50008680814278,2.4847918461687,0.535031056190273,0.523752426753615,0.526619942249237
0.6,"eld vs kin","246",8.99277129157174e-07,0.000740990392783003,0.000411191635888169,6.04610645162951,3.13018742277422,3.38595572797328,3.47918199502444,2.96793700609029,2.85289097541785,0.474269513560956,0.480128442955095,0.476707261001713
0.6,"eld vs kin","247",0.00233213798807255,0.0294575231897712,0.030898068157394,2.63224575679229,1.53080377175799,1.51006867315805,2.85472514112668,2.15268861196986,2.1516296152416,0.501827046350404,0.507704041536884,0.524395773376328
0.6,"eld vs kin","265",3.02143661440093e-05,0.00123365074593699,0.00122778638574265,4.51978651222296,2.90880777432301,2.910877186585,3.23649889460112,2.67630913713377,2.69372489126898,0.468850396459187,0.478714027328923,0.475958302243797
0.6,"eld vs kin","267",0.0419834047749666,0.000881723220751071,0.000408362161872995,1.37692234386177,3.05466772163115,3.38895450569155,-2.6044802835618,-3.29149839457549,-3.30564154528813,0.620222491991921,0.596445343065219,0.612382213505593
0.6,"eld vs kin","282",0.0288493011724724,0.0002363213977974,0.000160252168724893,1.53986470246024,3.62649695325292,3.79519608437463,-2.39514425044933,-2.99377763987163,-2.91417369779416,0.476128497369353,0.479218221939095,0.470712071243271
0.6,"eld vs kin","294",2.27129386170014e-05,0.00110242724542153,0.000388795827965839,4.64372667279986,2.95765006213637,3.41027840398531,3.14659109061272,2.62763819643163,2.55955736152684,0.448136890182652,0.463732828035253,0.444931028644876
0.6,"eld vs kin","329",2.33025625418215e-07,0.00158757562170593,0.00017068901810183,6.63259631774742,2.79926557859826,3.76779441989991,3.18515116439563,2.72420565868364,2.56899410361715,0.425806781298615,0.428238666534542,0.431939528688932
0.6,"eld vs kin","344",8.04423251919551e-09,3.1412549116494e-06,1.55829277466934e-06,8.09451538457653,5.5028968193383,5.80735094301906,3.61590717650441,2.97500788683973,3.08008637929264,0.421235335184888,0.408457299408123,0.426284806457797
0.6,"eld vs kin","435",0.000751930799410114,0.00289765801883011,0.0331237803393809,3.1238221259206,2.53795287121089,1.47986010404769,3.30174179730433,2.81559365323811,2.67670278039077,0.555947907608057,0.570854155892099,0.551055313148801
0.6,"eld vs kin","614",0.0310141219944021,0.000367221206717192,0.000259879065522701,1.50844050914301,3.43507224660392,3.5852287035469,-2.30285873367433,-2.81799659063216,-2.93642749182247,0.49544166418749,0.489865112799786,0.498772813317875
0.6,"eld vs kin","616",0.0393200738942458,3.86530447062897e-05,2.55066551148361e-05,1.40538567466917,4.41281629095496,4.59334649005406,-2.07583925264461,-2.60871887793143,-2.71618703450029,0.437855923526438,0.416061946130849,0.436439079169174
0.6,"eld vs kin","652",5.40039231580355e-06,0.00895328097309485,0.00363436219538479,5.26757468936226,2.04801778620407,2.4395717936987,2.54713649713809,1.8788108336998,1.85519411967203,0.367919930281989,0.350869543956559,0.360479416480642
0.6,"eld vs kin","666",2.97420689356539e-06,1.08618287396796e-10,2.59625950037643e-11,5.52662882410979,9.96409704908514,10.5856519012595,-3.32108651709902,-3.93738565286061,-3.93331218903179,0.423248227142755,0.420099165867085,0.423411372864072
0.6,"eld vs kin","667",0.0016788445596221,0.0199714916629525,0.0474411551827633,2.77498951233333,1.69958949663176,1.32384474453014,3.06725155845979,2.54367182930798,2.4331535019072,0.568486049758559,0.56630497495698,0.574199017598363
0.6,"eld vs kin","670",0.00015335364497806,0.0372347287046462,0.00716900466677559,3.81430589705323,1.42905180611508,2.14454113690309,2.76591317878228,2.14665977729985,2.08624820407057,0.433834448130876,0.436287079627195,0.432773677544358
0.6,"eld vs kin","728",4.68799547059397e-18,4.78320097611044e-13,2.00911244130609e-13,17.3290128165926,12.3202813709612,12.6969957569938,4.68782984901566,4.12288190411465,4.04797230673392,0.379479560153945,0.391379401906944,0.388060316455759
0.6,"eld vs kin","744",0.00408154344464776,2.21818723462993e-06,2.71563673821759e-07,2.38917557643508,5.65400179834256,6.56612832464883,-3.0583436871298,-3.61757586211564,-3.74867240422097,0.52330287696071,0.522955432191631,0.521585709224271
0.6,"eld vs kin","770",0.0356761725528667,0.00024224038377903,3.35860472970139e-05,1.44762174421552,3.61575345413105,4.47384110476524,-2.02729797076943,-2.65698012331878,-2.72675643120974,0.436227546969345,0.42515572068213,0.439837960555759
0.6,"eld vs kin","786",0.000560268605100712,4.98010939471734e-08,3.58282173969302e-07,3.25160371273415,7.30276111728039,6.44577479925604,-3.19578753046614,-3.79229543158729,-3.76321779411,0.51078576724552,0.485336115425568,0.508901168194638
0.6,"eld vs kin","825",8.66407254629745e-05,0.0409681077219594,0.0196744150770782,4.06227791991866,1.38755409523383,1.70609817040846,2.87458133268642,2.05200670387447,2.05745223501636,0.45604895139109,0.450163368286096,0.456917219112155
0.6,"eld vs kin","849",0.00902653921773305,1.08266386623207e-05,4.67024168509559e-06,2.04447872662229,4.96550635750169,5.33066064410468,-2.17939325868315,-2.76772915763154,-2.88738010447295,0.434577550115474,0.404922120629954,0.432941733417999
0.6,"eld vs kin","854",3.39381174327295e-09,7.13405421846605e-06,1.78843190242091e-06,8.46931225191973,5.14666359436812,5.74752759169945,3.86515356749847,3.23336793369032,3.12330300673877,0.468101314799675,0.462283587395747,0.459948055397749
0.6,"eld vs kin","879",0.0347894864304301,0.000467386202160959,1.3560440647408e-05,1.45855198234975,3.33032411268365,4.86772619781199,-2.0359532983056,-2.62725626406922,-2.7189346911719,0.422457015322915,0.406039503406449,0.41843959159926
0.6,"eld vs kin","886",4.03044496409627e-12,1.63520295682649e-10,2.60008319766705e-11,11.394647004781,9.78642833623944,10.5850127552178,5.21739946780941,4.61436016015733,4.51586478545725,0.523655452009223,0.511139354489395,0.522446353416331
0.6,"eld vs kin","888",6.72451040303572e-08,0.000103661815714308,3.4051444150644e-05,7.17233933021036,3.98438118843688,4.46786446456307,3.40381010907039,2.81433455600754,2.69160428779181,0.4479798559308,0.443737464135438,0.439972178206975
0.6,"eld vs kin","891",0.0241751460487019,1.08892253763586e-05,4.16259988319584e-05,1.6166308935447,4.96300301342498,4.38063533229635,-2.75652696015123,-3.3690383160461,-3.49403856431937,0.571801835901162,0.558436872946221,0.569264591687403
0.6,"eld vs kin","895",0.0090725508876698,2.11724954598221e-05,1.28542057064128e-05,2.04227058717566,4.67422795159041,4.89095475433653,-2.4318690231296,-3.17687606484578,-3.26754025042212,0.511572215205006,0.507276754256128,0.517213569419109
0.6,"eld vs kin","922",4.0791868070575e-05,0.0426728591766186,0.00526830569134244,4.38942640563741,1.36984825746813,2.27832903321454,2.90461195055502,2.25334548633906,2.18733051209524,0.471539378017999,0.464488013506868,0.479610680425711
0.6,"eld vs kin","926",0.00048816051072281,0.0361666333150557,0.00909543953380567,3.31143735533428,1.44169191702619,2.04117630897058,2.69602299152743,2.15279034792575,1.97230145979644,0.438983616574852,0.438601686078582,0.428577622779963
0.6,"eld vs kin","944",2.5286390945308e-08,0.00159741265675222,0.000202975268416007,7.59711315184923,2.79658287885192,3.69255687560791,2.52699517128716,1.95967473852005,1.88811616481006,0.28847766795707,0.292601719941883,0.297192324398228
0.6,"eld vs kin","947",6.35856115110288e-15,8.06852094742247e-09,7.71396224041167e-10,14.19664114769,8.09320606914953,9.1127224913218,4.89630749022361,4.15436879996913,4.13426222968168,0.442482009777625,0.427493829766246,0.44708568301818
0.6,"eld vs kin","978",4.15913443286223e-26,7.80948114596246e-25,2.81289418345241e-23,25.3809970420042,24.1073778192508,22.5508466049863,6.57777071811591,6.14282675662537,5.98527115152204,0.40310634007041,0.418471911571168,0.414032341664054
0.6,"eld vs kin","984",8.88063463349767e-19,6.79857437199902e-16,9.67496136740293e-15,18.051555997287,15.1675821471886,14.0143507604648,5.47981055088754,4.81075461617631,4.82854476457263,0.415828958271294,0.418463238884036,0.425866753165571
0.6,"eld vs kin","988",7.91398210587115e-07,0.000218964886452401,0.000272642694531109,6.10160493604247,3.65962552371067,3.56440613475447,3.71328950222798,3.12516901573762,2.9954217467212,0.522563590804141,0.537030266588616,0.524976949842648
0.6,"eld vs kin","991",0.00242425946229546,9.10509509105624e-06,2.2359821396142e-05,2.61542090058955,5.04071551419577,4.65053166979187,-3.18857714731535,-3.88980281830236,-3.82047175324687,0.573582659650279,0.561947527318569,0.578467830256457
0.6,"eld vs kin","1014",0.000439030101064658,8.9694025268947e-09,1.23630326090616e-09,3.35750570235897,8.0472364853745,8.90787498524763,-3.73773713475559,-4.24963385988357,-4.40785848360497,0.521675848262814,0.511269208310216,0.515815969799697
0.6,"eld vs kin","1019",0.000178917561868651,0.0288892793305903,0.0119112093111898,3.74734702864272,1.53926329189245,1.92404414359574,2.59729451304242,2.02232633201198,1.90978268072325,0.430217852052793,0.421571412916413,0.432728821862431
0.6,"eld vs kin","1020",5.54968590194708e-06,0.00455345341460553,0.0112041237143591,5.25573159614063,2.34165910223808,1.95062210440337,2.97149017947629,2.32213210544305,2.22256506337804,0.425188073831117,0.425033342773557,0.412920487267703
0.6,"eld vs kin","1021",0.000653391773828599,6.84511557233342e-07,1.52721515608846e-07,3.18482633757306,6.16461921487799,6.81609977465307,-3.26842650230351,-3.83495458667292,-3.93493730030462,0.552165046551709,0.555214495086557,0.549683346709263
0.6,"eld vs kin","1027",0.000916919168100187,0.0279969543858878,0.00851217029880862,3.03766894829438,1.55288921027721,2.06995969624581,2.98709464218685,2.37879922259525,2.41241131601292,0.503052784070963,0.517003787514912,0.504848412730346
0.6,"eld vs kin","1030",2.14734392724052e-14,1.30099552870214e-09,4.0402768319203e-11,13.6680983916417,8.88572419603128,10.3935888768556,4.83933971386671,4.01492501831861,4.0784093822552,0.449276287571836,0.425046755427254,0.430001868775743
0.6,"eld vs kin","1043",6.6571400503945e-06,0.00306086725571903,0.00193527426087394,5.17671230642917,2.51415550456105,2.71325747945964,2.89636375764754,2.47868252362044,2.27467303428113,0.424478200004168,0.427288497273566,0.417143415562723
0.6,"eld vs kin","1059",0.00203878457399274,0.0190399117001402,0.0138420766865362,2.69062866106291,1.7203350700393,1.85879874905226,3.17090715612338,2.62645158769915,2.44578099001911,0.590828313042111,0.576942894087142,0.583913030132145
0.6,"eld vs kin","1074",2.70019983098662e-23,1.39072860264103e-18,2.83407633910525e-19,22.5686040942546,17.8567576132684,18.5475884557097,5.59843728685115,4.90561560806917,5.03786429620872,0.380278004715849,0.387669319149677,0.408134695479328
0.6,"eld vs kin","1076",3.7756267927142e-17,6.271438797985e-12,1.92856919026408e-10,16.423010940718,11.2026328115869,9.71476477556337,5.11620960050591,4.47151454263256,4.44940120387041,0.424763810989421,0.440630677349728,0.434665149781104
0.6,"eld vs kin","1082",4.17898859767465e-06,0.0029938640399591,0.00053445457594055,5.37892881382257,2.52376792611596,3.2720892001964,3.51811026050052,2.92872479867476,2.7742993700111,0.49122214935992,0.50185663848848,0.487744224921654
0.6,"eld vs kin","1089",3.99013609762211e-17,1.71623583906498e-10,2.24857954704919e-11,16.3990122909202,9.76542303317328,10.6480917439718,3.54535411864255,2.97650466716972,2.8805043756737,0.28796688131498,0.282227205880123,0.289101756165596
0.6,"eld vs kin","1098",6.72534596268822e-30,1.35129962402566e-26,4.00662264356636e-27,29.1722853699394,25.8692483440693,26.3972215588736,7.55587638498381,6.91041435930578,6.84895184231226,0.448860499218896,0.442440308466109,0.443588875660535
0.6,"eld vs kin","1104",0.0101386671447554,8.70139866436539e-05,6.58075898302624e-05,1.99401913471914,4.06041093319817,4.18172401472477,-2.24790436250525,-2.78436887787132,-2.81522991679174,0.464387034005459,0.461760639841468,0.476511359728871
0.6,"eld vs kin","1105",2.40785985760698e-07,1.45304867840304e-10,3.33195187086227e-08,6.61836879351019,9.83771983621285,7.47730128048551,-4.02776898710696,-4.5549994530715,-4.6563265532358,0.506851299087569,0.491014240033268,0.521314909937516
0.6,"eld vs kin","1108",4.02313501720905e-06,0.00633542578628951,0.00150599202656796,5.39543539217522,2.19822419207936,2.82217732748904,3.02742161866952,2.45738868892886,2.31478402518342,0.439528661073696,0.437370388006297,0.433960770762374
0.6,"eld vs kin","1112",0.000561701019692558,1.17025639187461e-05,2.40705817545913e-06,3.25049478772,4.931718978102,5.61851341326649,-3.02259691431209,-3.54346822412712,-3.65759070659992,0.521663022708457,0.52903114870085,0.533327510299745
0.7,"cent vs mage","4",2.53695319692861e-13,5.10716013246755e-11,4.69642845870163e-07,12.5956875448016,10.2918205248434,6.32823228894068,2.56479301163575,2.10939727181681,1.83123381285425,0.182892013111553,0.199491204291449,0.183001800567757
0.7,"cent vs mage","7",6.22984168714765e-14,3.11952526052542e-13,4.92269458594793e-10,13.2055229895,12.5059114932962,9.30779710791037,4.54763862127777,4.07874560295,3.8073575445258,0.416777004408649,0.419236149124384,0.417193650766339
0.7,"cent vs mage","8",1.25884035641487e-06,3.45388769553214e-06,0.00142574971070451,5.90002934274694,5.46169178778872,2.84595670786451,2.63411700582857,2.18800161056189,1.91009081531884,0.314252028812001,0.310282673729916,0.314265255565074
0.7,"cent vs mage","9",7.748645746208e-07,8.28852205311846e-06,0.00577551359393749,6.11077419379587,5.08152290267023,2.23840938960116,2.37970237975302,1.92827011592991,1.643788172398,0.272764211658098,0.263073517003121,0.27124900693617
0.7,"cent vs mage","11",1.18102718859332e-06,9.064359652063e-06,0.00150631867676736,5.92774010431694,5.04266287103879,2.82208313907779,2.58702900233238,2.13534205214114,1.85093273416838,0.297941139094802,0.310038598261513,0.297827688470674
0.7,"cent vs mage","14",1.22775967300352e-12,3.32915177651264e-11,1.26247176181087e-07,11.9108866355588,10.4776664048435,6.89877832713157,3.06171281790512,2.61258515010729,2.32798576908581,0.259783553137815,0.263731879976479,0.258984106286791
0.7,"cent vs mage","19",5.89602983154222e-07,2.29607426819455e-06,0.000429615181158903,6.22944032778785,5.63901406847553,3.36692038052766,2.86628315638254,2.41557428684822,2.13510943215061,0.344645387298501,0.333629067994593,0.344388991964943
0.7,"cent vs mage","20",2.09406176113373e-11,2.30805075382267e-11,4.82554794782394e-07,10.6790105136199,10.6367546453158,6.31645336476478,3.0414844164988,2.58624334349201,2.30406649803742,0.268392802932594,0.264587940539864,0.268486101426541
0.7,"cent vs mage","21",2.65445910148342e-13,9.81837992800362e-13,1.36624897999892e-08,12.5760239616534,12.0079601666298,7.86447014927353,3.21916451024048,2.76736602678486,2.4852645089504,0.261072194918136,0.264470791089984,0.261293275097239
0.7,"cent vs mage","23",2.5945757516001e-07,6.44571694570518e-07,0.00086633199341846,6.58593364506092,6.19072876981615,3.06231564692094,2.50085948160676,2.05161500183628,1.76168445039059,0.266866750014183,0.262124666304887,0.266135278101735
0.7,"cent vs mage","24",9.32377481742168e-12,1.44142332551725e-10,4.01748170984795e-09,11.0304082238615,9.84120845434438,8.39604609174699,4.85775192015436,4.41445726089471,4.08717732197454,0.491939378896973,0.484610242159784,0.491214221597171
0.7,"cent vs mage","26",1.40244355543163e-09,3.52269172231079e-09,3.25076088149554e-06,8.85311460890095,8.45312536112115,5.48801497503365,3.45456940484513,2.99167882401304,2.71385867857544,0.370881367411913,0.372834398699264,0.37047710417924
0.7,"cent vs mage","30",2.10666103059797e-05,0.000221929651506715,0.0494669084856373,4.67640533832817,3.65378466881151,1.30568523072299,2.05535752004988,1.59775288183672,1.31019862800643,0.238497594548016,0.237719013375346,0.238836692945934
0.7,"cent vs mage","32",1.20009216969401e-08,1.66019228645673e-08,0.000130581935677361,7.92078539790877,7.77984160827872,3.88411689793277,2.50777179548012,2.0428269546063,1.76301977550552,0.229776183572078,0.224933645063852,0.22847842348011
0.7,"cent vs mage","36",8.07182898631328e-07,5.43520283720947e-06,0.0092856301625483,6.09302804784736,5.26478424376958,2.03218861784442,2.100121342657,1.64529947817796,1.36181601956528,0.203635391851683,0.205008212975277,0.203156565630107
0.7,"cent vs mage","39",5.21174377193242e-11,9.73106152921118e-10,1.94915421718304e-07,10.2830169439133,9.01183978140354,6.71015379812097,3.93227720587793,3.44831423911647,3.22529331857898,0.415870144007218,0.418937815614957,0.414996342176935
0.7,"cent vs mage","42",7.48956435094716e-10,1.3008607250837e-09,4.83819032383838e-07,9.1255434433796,8.88576919810824,6.3153170514419,3.8195923061061,3.36062979355615,3.07031739604638,0.411344973050375,0.412026618071718,0.410814889758381
0.7,"cent vs mage","47",0.000744661252248389,0.000660571969464481,0.0157902356768918,3.12804124367579,3.18007985899032,1.80161138788849,2.88889636106239,2.45646266899447,2.15381470458274,0.499348164506589,0.490219096265247,0.493587041326281
0.7,"cent vs mage","55",2.26790201908671e-06,2.10601043233068e-05,0.0013286666016092,5.64437571234049,4.67653948182459,2.8765839816202,2.83891156686893,2.37651029029559,2.10200711793225,0.357476504039902,0.366622795618671,0.356804764616007
0.7,"cent vs mage","56",1.75383515403324e-07,4.80037682014339e-07,3.60438024364334e-06,6.75601122913311,6.31872467002324,5.44316939943405,3.36551773035625,2.88417950399346,2.62457326991572,0.372791491150917,0.367865280750921,0.369674598283781
0.7,"cent vs mage","61",1.08259958397486e-05,0.000110221101491519,0.0284572492705194,4.96553214413712,3.95773525317901,1.54580708191759,2.24121617308606,1.7982422797661,1.50555696708982,0.282902295871265,0.2819293291186,0.28083740694442
0.7,"cent vs mage","69",1.55375373773215e-06,3.50547874507486e-05,0.00110235620059071,5.80861781360404,4.45525266182115,2.95767805071553,3.03195488178741,2.56069762022788,2.31024185105616,0.384579022230169,0.400101715703333,0.385948985132833
0.7,"cent vs mage","90",1.71602797474837e-08,5.48092999319962e-07,0.000240330483510703,7.76547563654569,6.26114574504717,3.61919113980431,2.66273452700512,2.27184362183884,1.98695699506912,0.278688506416582,0.291728253597589,0.280511689824971
0.7,"cent vs mage","92",4.54442553324159e-07,3.54304098823773e-06,0.00511106780593144,6.34252100870419,5.45062382343242,2.29148835744302,2.29097931035072,1.84807208356892,1.55265221414658,0.239557456325715,0.246366393555571,0.240012985392259
0.7,"cent vs mage","95",0.000197044191918898,0.000407480073390676,0.0460590096466514,3.70543636188819,3.3898936242935,1.33668540440085,2.41651714000279,2.01347145319466,1.69325371299124,0.366181565655504,0.370950777055462,0.370029952404379
0.7,"cent vs mage","106",4.62091668602265e-08,1.25613858044116e-07,7.08307945294496e-05,7.33527186163209,6.90096244547071,4.14977788656783,3.11189621159376,2.62585685444938,2.37135444473001,0.335964516478427,0.327840165724293,0.339000812461887
0.7,"cent vs mage","114",0.00111824930357839,3.6334014605798e-08,2.70918693569341e-07,2.95146136362448,7.43968661356533,6.56716102732595,-3.28696357960308,-3.73057121098625,-4.06330521574518,0.488321825716482,0.46115896305128,0.492541205954668
0.7,"cent vs mage","119",1.29119363559154e-06,4.22066878561392e-05,0.0115133760306779,5.88900862329292,4.37461872750068,1.93879731090455,2.24168523614443,1.75547421497608,1.50579897934414,0.238936851202261,0.24916910645455,0.241638774809478
0.7,"cent vs mage","132",2.19604229591506e-07,2.12007380008076e-09,2.99537412268027e-09,6.6583592996019,8.67364902095333,8.5235489264405,-4.0282435512859,-4.36946424609054,-4.63639119244197,0.484832420064761,0.477939562148385,0.47880004151362
0.7,"cent vs mage","142",6.23567657713113e-08,7.55520652524492e-07,0.000516790109741029,7.20511641824423,6.12175365951181,3.28668580640229,4.00837268021935,3.55484125583065,3.26938301106419,0.533618286503229,0.538955943096235,0.53538136225845
0.7,"cent vs mage","143",5.31358428921869e-05,4.34744915602135e-09,6.2290527544998e-07,4.274612425831,8.36176548842553,6.20557799102486,-3.51268322940534,-3.95803142690814,-4.13558905401556,0.45210641944621,0.460214634743482,0.44076575865316
0.7,"cent vs mage","155",0.000120330387601746,0.0228613828546913,0.00962322272787972,3.91962468437051,1.64089750324968,2.01667946241645,2.90425996007585,2.45651291765577,2.32731558424518,0.475958809450881,0.479504478575059,0.465088503424075
0.7,"cent vs mage","168",1.08407259481501e-07,7.52395674627819e-09,1.16651609986006e-05,6.96494163433644,8.12355370978656,4.93310926284354,3.94281094509755,3.44218863078024,3.15428120130536,0.447953115185148,0.437911953395683,0.447306441377232
0.7,"cent vs mage","210",2.63465115233711e-08,1.14566337898007e-11,1.3236806699346e-09,7.57927688050632,10.9409429688666,8.87821677321371,-3.94739751252031,-4.36690130421155,-4.73185782803166,0.456004500748095,0.453640529079585,0.459199752186123
0.7,"cent vs mage","212",1.9620547964264e-05,0.000233703175158077,0.0102431509658918,4.70728886777498,3.63133538711884,1.9895664265048,2.73955862942471,2.23618848455745,1.96426407616072,0.374693390510215,0.382349379125721,0.368810224030677
0.7,"cent vs mage","219",1.00519946551999e-05,5.63347955485078e-08,4.13729309116109e-08,4.99774775100045,7.24922327749522,7.3832837120353,-3.47652889785697,-4.0060930171105,-4.20517540976564,0.464813760312554,0.457806520957716,0.46310194828751
0.7,"cent vs mage","294",6.50311284183533e-07,0.000123735661170773,0.000758063370527317,6.1868787100608,3.90750511671935,3.12029448787723,3.23481543797024,2.82443055392298,2.47513462238689,0.386905685270481,0.38488225777525,0.383519072610365
0.7,"cent vs mage","353",0.00368629128192959,3.54306046309343e-06,2.17560337465733e-05,2.43341035084874,5.45062143627428,4.66242027620642,-2.86836270869141,-3.3736439534822,-3.52634435483341,0.465758325668748,0.44295324521596,0.445139193768071
0.7,"cent vs mage","652",2.43049355035336e-07,9.31399843844874e-05,0.00363543836653507,6.61430552704764,4.03086383921552,2.43944321377644,2.78061478229539,2.22789258438033,1.98493728593004,0.31424026718968,0.305840596151532,0.312979348326511
0.7,"cent vs mage","671",1.71216796302334e-06,9.56040817371593e-06,0.000656036596756115,5.76645363344617,5.01952356548454,3.18307193299337,2.88729376901879,2.43206148498484,2.15170695853275,0.362521734463222,0.351522961266589,0.358874664637568
0.7,"cent vs mage","675",0.039559702538263,5.83187558872873e-05,0.000173183395353794,1.40274698265819,4.23419174938571,3.76149375003182,-2.55366563383452,-3.08711155676583,-3.42315739877957,0.466867235290033,0.464250379783919,0.478453675837796
0.7,"cent vs mage","728",1.6263624368768e-09,3.25641805216584e-07,0.000109096820387061,8.78878266489481,6.48725984638288,3.96218790668459,2.88967302190873,2.43124615799118,2.15605301203672,0.30320899757534,0.304925408974143,0.307241719201775
0.7,"cent vs mage","762",4.7631602739609e-07,8.26819732832742e-06,0.00165532149127387,6.32210480481515,5.08258916707365,2.78111764640374,2.93179767397216,2.45001711879323,2.17815525385661,0.381940614897349,0.381619647851209,0.390301438288636
0.7,"cent vs mage","798",0.000671262064051448,0.00316307428235695,0.0408255656426885,3.17310789599795,2.49989060889398,1.38906778935194,2.54164887474343,2.12169923870278,1.88391456331433,0.447096194490161,0.412653404230097,0.435299952888042
0.7,"cent vs mage","829",4.77824879623105e-05,4.60031269518783e-06,0.00128337033377856,4.32073124093667,5.33721264719254,2.89164800402346,2.95776850035455,2.51545893871882,2.21107796767962,0.392929714642822,0.382320322069523,0.390928020997344
0.7,"cent vs mage","834",0.000406364987626318,0.00187450341283226,0.0357725829083433,3.39108371788883,2.72711376453938,1.44644970110507,2.58833345007867,2.13058932362416,1.84565691940331,0.393937608570727,0.404539536648409,0.390339350964777
0.7,"cent vs mage","848",4.42772320966735e-06,2.09565969886849e-06,0.00754966916701158,5.35381953600274,5.67867923834021,2.12207207911112,2.68949925624821,2.28977697313097,1.97529395869624,0.337438468440024,0.319233813243022,0.345101150362517
0.7,"cent vs mage","854",6.1005415070725e-10,2.33593882640114e-06,0.000157893610704184,9.21463161366206,5.63153853472072,3.80163544372228,3.82442592885961,3.26806098487538,2.9956303190545,0.456385294463292,0.454488590947194,0.466957962207324
0.7,"cent vs mage","857",4.4455340518281e-07,6.54205355022178e-05,0.00268865364204618,6.35207605880401,4.18428590526291,2.57046514089179,2.87213212367433,2.34025754121288,2.10391419647784,0.335612698586882,0.331491861773614,0.334247859316966
0.7,"cent vs mage","886",1.34186515555862e-06,4.47666491179386e-05,0.00145002841186069,5.87229112436015,4.34904541229631,2.83862348811438,3.69189690219056,3.28244336360146,2.86743381950162,0.529891874438392,0.521672893111183,0.536850796447765
0.7,"cent vs mage","921",4.03120622584367e-05,2.07894820402548e-08,2.67775014976113e-07,4.39456498392212,7.68215633076768,6.57222994772809,-3.38740920135508,-3.93799007826255,-4.17910307378161,0.472054536298223,0.464024379626048,0.47519636628346
0.7,"cent vs mage","947",1.23205763182393e-05,4.75883289935925e-05,0.0107486792884003,4.90936897675137,4.32249954465707,1.96864489509692,2.93272699161523,2.50350118467176,2.17558530662169,0.410989366704947,0.407985649118684,0.422796634200314
0.7,"cent vs mage","978",7.14402815619411e-07,1.05191184129651e-06,0.00012699944462597,6.14605684246559,5.97802065604044,3.89619817822833,3.72001002296957,3.2780664889205,2.95691858707007,0.444340279063719,0.443758395949976,0.444979025103438
0.7,"cent vs mage","984",4.09088702659668e-05,2.14175207881446e-05,0.00152086872021482,4.38818251375587,4.66923080289463,2.81790827217114,3.21789662852483,2.78224893730879,2.41703644322595,0.41051275587462,0.404999184267774,0.415262161681575
0.7,"cent vs mage","989",1.45537107981923e-05,4.43824680357429e-05,0.00390464506957182,4.83702625934429,4.35278855103367,2.4084184371598,2.7383526220716,2.43119208393778,2.10403252978191,0.381630131677568,0.378954833736267,0.377643997523512
0.7,"cent vs mage","1017",0.000692742908910316,0.000765828548932614,0.020327184572575,3.15942791106992,3.11586844784365,1.69192276938302,2.69608030912453,2.19111321041164,1.87401969741453,0.395916439575087,0.38241600304456,0.38993362117634
0.7,"cent vs mage","1030",0.000895102025935259,0.00179020315756326,0.0140622665185478,3.04812745990715,2.74709768119766,1.8519446752502,2.93759976927605,2.43800313793556,2.12283999160223,0.404382964356169,0.414509078049584,0.411974684830012
0.7,"cent vs mage","1043",3.56330154714696e-09,8.60068848895723e-08,1.23812292971254e-05,8.44814742358766,7.0654667818975,4.90723623330833,3.14310035133551,2.69106247328833,2.42497098334899,0.330092067841941,0.330659368238051,0.326434542873187
0.7,"cent vs mage","1074",1.44263997541839e-11,3.23393906549575e-08,7.83006549117468e-07,10.8408420377199,7.490268167413,6.1062346054597,3.62153945718998,3.15540431467729,2.94916693070198,0.380889649651656,0.379111191681926,0.373235168483162
0.7,"cent vs mage","1076",0.00156260188525524,0.000125067124566985,0.0115484078166539,2.80615165605648,3.90285683495493,1.93747788798883,2.88517908438511,2.50286732876041,2.23302856104955,0.415255783150381,0.436675604649696,0.42068885358681
0.7,"cent vs mage","1087",1.61994002191639e-09,9.58648018244434e-08,3.54054754702228e-06,8.79050106486043,7.01834082118578,5.45092956897372,4.28829237350805,3.78644465689132,3.55872963035918,0.49243691692062,0.495163631366127,0.502977025949518
0.7,"cent vs mage","1091",2.13583194194091e-05,0.00047821271734641,0.014215193896745,4.67043292278538,3.32037887865954,1.84724721211057,3.07679719559239,2.63987333842024,2.32445005198034,0.477111261185733,0.483716247087348,0.478717845830975
0.7,"cent vs mage","1098",1.61147118332448e-15,1.27273257219212e-13,2.04228518770357e-11,14.7927774562299,12.8952628411401,10.689883612495,4.90230490234538,4.463233010002,4.16431396742871,0.446116988751201,0.441020106280179,0.442999919991927
0.7,"eld vs kin","3",4.52807677776834e-07,8.4405607503335e-12,3.35576233467805e-10,6.34408621788904,11.0736286999755,9.47420880481379,-4.20535147330106,-4.75063306157999,-4.67735707556988,0.44700878284873,0.432510404050592,0.446584667927957
0.7,"eld vs kin","4",2.10018719956124e-15,1.30510256153281e-10,2.79949105826801e-12,14.6777419928313,9.88435535793678,11.5529209153278,3.02076950333147,2.48021774851399,2.5462728981171,0.220473013893557,0.227042627090398,0.220781491621621
0.7,"eld vs kin","5",0.0419223188363818,0.000237393373783742,0.00168037631084113,1.37755470336228,3.62453140740889,2.77459344957126,-2.25840263211575,-2.79316970402151,-2.7221152883362,0.3850536795191,0.385066317536408,0.385089183443152
0.7,"eld vs kin","7",1.60751188081999e-31,2.38827896957688e-28,4.72123969828794e-30,30.7938458086025,27.6219149456031,29.3259439497909,8.0841637444024,7.54886347751466,7.5792878079204,0.462117643754596,0.469334549308792,0.453279012391742
0.7,"eld vs kin","8",0.000287006646466532,0.00650325570188731,0.00288345265859948,3.54210804580846,2.18686916960652,2.54008717457311,2.53171839438892,1.98679108867947,2.05966126053312,0.393482196128446,0.38153710119104,0.394719428752657
0.7,"eld vs kin","11",1.01764531461662e-11,4.22398839318335e-09,1.84325119939814e-10,10.9924035626137,8.37427728384151,9.73441547483063,3.73467323064897,3.18341451378293,3.23064510620847,0.353644500000821,0.349896753527829,0.346827983211166
0.7,"eld vs kin","14",7.33653425821455e-14,2.14959893547428e-10,1.0604834121272e-11,13.1345090501644,9.66764256164642,10.9744961202431,3.34904716840191,2.81584242722724,2.87787117004805,0.276037274539738,0.280614164584374,0.275800880299945
0.7,"eld vs kin","15",1.44286761705316e-07,2.5289962009989e-05,1.75171881116712e-06,6.84077351355011,4.59705182304249,5.75653560624974,3.48181515026198,2.94186892404313,2.99563015188805,0.433268455617347,0.450340513220995,0.433250407250932
0.7,"eld vs kin","16",4.27437836959409e-16,6.29785783756376e-13,1.32725650472878e-13,15.3691270365581,12.2008071469796,12.8770451375552,3.52048385308032,2.97823817655051,3.04949062840933,0.267568038723387,0.262534870169533,0.268688473954393
0.7,"eld vs kin","21",4.49480613590414e-24,2.67630548724685e-20,1.12374843908823e-21,23.347289034948,19.5724643154732,20.9493308985031,4.57595220125188,4.0535046134996,4.09323304185219,0.291750350691519,0.296407083356806,0.289321368630429
0.7,"eld vs kin","23",2.52347348457909e-08,3.21021974489385e-06,7.46830391975712e-06,7.59800125425959,5.49346523839624,5.12677801691635,2.89624065695877,2.3613544376514,2.42929491349443,0.310474953882325,0.297849027370943,0.310026307997652
0.7,"eld vs kin","25",7.20729638849753e-08,1.97498014982451e-06,7.68694255562348e-07,7.14222761790972,5.70443726503246,6.11424636439307,3.5421769007261,3.02319280259032,3.0600548926776,0.422647486402125,0.417033149758233,0.420878031227375
0.7,"eld vs kin","26",9.42688609691087e-07,0.000103129371549585,2.24945499733668e-05,6.02563174037609,3.9866176287487,4.64792269091978,2.9372083176129,2.40577169921163,2.4721655424558,0.364370802491912,0.366305127483004,0.364477440622595
0.7,"eld vs kin","29",3.21922911349102e-09,1.02300953636642e-06,1.10680946888798e-07,8.49224811334732,5.99012031783035,6.95592713407372,2.93494848356377,2.40071734579197,2.47393721289565,0.291983290193655,0.290282263517464,0.29248625678883
0.7,"eld vs kin","31",1.36489573491989e-07,2.99708615316839e-06,2.0754320052967e-06,6.86490052333271,5.52330077280082,5.68289149028265,4.10161527595462,3.57763692953691,3.65247665262638,0.532158687371879,0.518609142638666,0.548031273529447
0.7,"eld vs kin","32",7.5781776352599e-05,0.00457966155065507,0.00195175453728197,4.12043521891996,2.33916661634419,2.70957480234922,2.25533223523346,1.71247761426876,1.7830759825976,0.29008559907328,0.277049562576854,0.291628429041846
0.7,"eld vs kin","33",0.0373146454245444,9.57426408182114e-05,0.000403185651520664,1.42812068082626,4.01889459777574,3.39449493186084,-2.68560756751838,-3.20892207862557,-3.17514079678865,0.456832561916449,0.452829720182762,0.462681899447406
0.7,"eld vs kin","36",2.48036322949407e-08,1.11283412385447e-05,3.45678669668476e-06,7.60548471553916,4.95356956564139,5.4613274180598,2.60498028710279,2.07745853702098,2.14152594435094,0.261691048884839,0.254970454852912,0.26202740995439
0.7,"eld vs kin","47",5.57319372111143e-05,0.00095464833853561,0.000454613454001138,4.25389586084699,3.02015657894969,3.34235771574701,3.38479917499779,2.85626456120889,2.86365627096748,0.54874185449207,0.539148460904941,0.53328374561075
0.7,"eld vs kin","49",0.000192928327849854,0.00538768337384146,0.00195319514708783,3.71460399980231,2.26859793504148,2.70925436343542,2.48972286455446,1.93415249482836,1.98555157038547,0.362416356230493,0.353928463243292,0.361563691438323
0.7,"eld vs kin","55",1.02758375205008e-05,0.000522917616811073,9.2189294052104e-05,4.98818277132938,3.28156672677819,4.03531951066068,3.02039735051562,2.47966495524511,2.54093081649104,0.418098367771629,0.419705297956864,0.41820867930928
0.7,"eld vs kin","58",0.00101701004995802,0.0155247810148104,0.0061473105283875,2.99267475541575,1.80897451705993,2.21131484815149,2.34815034425633,1.80277199554392,1.87985878647096,0.374216234895638,0.352711288198421,0.371556534414284
0.7,"eld vs kin","61",2.69389750161913e-05,0.000682379470718294,0.000175715233959253,4.5696189324913,3.16597404732687,3.75519058490403,2.74298377787449,2.20049365297113,2.23167575308168,0.370098285321934,0.371196349760285,0.355373169182584
0.7,"eld vs kin","67",2.03751736519801e-07,1.07695302907033e-10,1.14810111730146e-08,6.69089868120024,9.96780323789089,7.9400198604118,-4.92613907126585,-5.45893209662929,-5.35293870078835,0.565775573600761,0.559634117718549,0.565144111865165
0.7,"eld vs kin","70",0.000144240671048044,0.00311581172169941,0.000594781370886209,3.84091226582126,2.5064287932002,3.22564264245005,3.13582471514929,2.54865572311109,2.64612472820001,0.52426174882045,0.518273753638593,0.516942245176464
0.7,"eld vs kin","71",0.000204874162407266,0.0118467032961351,0.00166550538666505,3.68851280895602,1.92640248842949,2.7784539583525,3.21227870942688,2.58958785893337,2.78855384717235,0.526112776503404,0.537604050089633,0.538979247001833
0.7,"eld vs kin","74",8.02998493001505e-09,2.25361584124325e-07,3.34278622832605e-08,8.09528526976708,6.64712011324435,7.4758913957158,4.37015779360917,3.74699384166603,3.80963507662163,0.504456810634961,0.492865795061552,0.494328420154651
0.7,"eld vs kin","77",5.53891511409445e-06,0.000115443027548901,5.71224571677048e-05,5.25657529052453,3.93763229218362,4.24319311930921,2.84398549550603,2.32390280235907,2.37771648251446,0.364380411016408,0.351116787637341,0.361921821629446
0.7,"eld vs kin","79",0.0195498210861269,8.12656571007866e-06,7.8219043599332e-05,1.70885721277775,5.09009294865815,4.10668749856123,-3.16711805213058,-3.71473525946881,-3.70868102591123,0.489667356657263,0.469634627963921,0.488176835754772
0.7,"eld vs kin","80",2.13609678451898e-07,5.91378011715397e-05,1.98252006372682e-05,6.67037907372669,4.22813482720286,4.70278240879132,2.98826902739079,2.44860380133864,2.49936458814521,0.352470096397813,0.359746115992233,0.346402358378462
0.7,"eld vs kin","82",0.022586356100536,9.13501733740286e-05,0.00057375439369286,1.64615382897689,4.03929062406062,3.24127397570434,-3.20236087746091,-3.88453430211933,-3.75129974736745,0.617710202017389,0.579834773413635,0.602705122980012
0.7,"eld vs kin","83",0.0336555503001664,0.000228689245976974,0.000357585728086716,1.47294330392252,3.64075425744253,3.44661982303293,-2.87859363144476,-3.39406834535305,-3.28431684248556,0.5239506354208,0.498083488218762,0.523620222654891
0.7,"eld vs kin","84",0.00158773805703261,1.29438618025105e-06,1.60681838279574e-05,2.79922114534017,5.8879361325309,4.79403320836862,-3.27078526249403,-3.78399732996586,-3.75263516403651,0.484882507732509,0.457941461879996,0.486377850265513
0.7,"eld vs kin","89",1.4561415566121e-15,7.64252802271457e-15,5.05321377034793e-14,14.8367964036856,14.1167629601795,13.2964323290488,5.43232866353998,4.91114086530738,4.99959658257896,0.438817511851361,0.450077260053902,0.455523748349715
0.7,"eld vs kin","91",0.000563153167714059,8.77224004240744e-06,6.53602908086147e-06,3.24937346865472,5.05688949285559,5.18468602415778,-3.74120631176889,-4.14968794233831,-4.20931490895923,0.57808406735777,0.563334427482401,0.577299806018264
0.7,"eld vs kin","100",0.0337378117776536,2.32314388099909e-05,0.000519393725343924,1.47188308901745,4.63392389188341,3.28450330127,-3.17354321489706,-3.64842142762514,-3.64316905356708,0.550132043773901,0.533336291777194,0.56427490648686
0.7,"eld vs kin","103",0.00114883585499073,0.00208780813809576,0.00131408831910939,2.93974201862612,2.68030941390483,2.88137544511652,2.79947383110261,2.29875406971909,2.33438812915561,0.459341507856342,0.448133395840378,0.457692172018948
0.7,"eld vs kin","111",0.0433406208276713,5.10891694318259e-05,0.00343888988665254,1.36310487197096,4.29167115768389,2.46358173007645,-2.65766512622724,-3.11199066351747,-3.10269852028775,0.460993655542269,0.450696459072171,0.458727780846468
0.7,"eld vs kin","119",4.47367107397016e-08,3.22570626878951e-06,7.10630111295332e-07,7.34933595050562,5.49137518178641,6.14835639423996,2.92010391373414,2.4077623172743,2.49347143271052,0.30696930850291,0.306945061779786,0.311072541890975
0.7,"eld vs kin","121",1.31625043706364e-12,7.78137551491357e-11,6.65868754482007e-12,11.8806614715981,10.1089436259236,11.1766113636544,5.17950865625941,4.56828353451735,4.67714769758666,0.503477789513235,0.483413175237699,0.506253562084322
0.7,"eld vs kin","124",2.89656550272182e-05,0.000958806057642192,9.46831507146226e-05,4.53811664595002,3.01826923079997,4.02372729874456,3.1414460160511,2.64087216209091,2.5610038976115,0.431553848746613,0.433749838298681,0.423023682607433
0.7,"eld vs kin","125",0.000880577425061064,0.000749928648245566,0.000534760122493502,3.05523245253205,3.12498005547141,3.27184098590283,3.48282957607817,2.97080704436235,3.06705933132497,0.551897977131385,0.537307572886311,0.540249252876092
0.7,"eld vs kin","138",1.6374850766455e-11,1.25267091141232e-09,1.79501758920238e-10,10.7858226492965,8.90216300732145,9.74593129145552,4.4743109123929,3.92917669485549,3.95532453886198,0.442566605692258,0.442364769270802,0.435504440582494
0.7,"eld vs kin","139",0.00995721814572619,2.28391357281543e-05,0.00156690508147013,2.00186197811354,4.64132033455908,2.8049573110249,-3.30872310001244,-3.91343705876301,-3.83570137415141,0.544946451088351,0.532201859335098,0.542898893047912
0.7,"eld vs kin","151",4.21352410935161e-15,2.58939824796776e-16,8.12960365503968e-15,14.3753545167473,15.5868011501855,14.0899306271765,5.87995652791159,5.38760389308783,5.50363767259703,0.479644652448642,0.481679389693917,0.489976708140709
0.7,"eld vs kin","164",2.08457884923238e-07,6.73746609509544e-06,4.03990835149958e-07,6.68098167303043,5.17150340729686,6.39362848708976,3.75568619715647,3.26176520060672,3.28973577399968,0.4628023787411,0.473506727763869,0.458952623255822
0.7,"eld vs kin","169",0.00942106205078553,0.000621406749786062,0.00110168358706908,2.02590013576377,3.20662403370267,2.95794312065809,-2.89153329550857,-3.42896478331957,-3.36687105574643,0.522398857371495,0.510699391847217,0.52851274228824
0.7,"eld vs kin","206",0.000916613083340593,0.0102188530772773,0.00289071765733294,3.0378139481145,1.99059784492157,2.53899432474248,3.21004019021334,2.8667207189531,2.76832314408382,0.548627544378818,0.544473918569761,0.555525489544574
0.7,"eld vs kin","207",6.4475529914529e-09,2.83117255043433e-06,2.36251178438975e-08,8.19060507977537,5.54803366104188,7.62662601651915,4.22294357395006,3.60167552535529,3.71861290190696,0.479540088553752,0.462254505402933,0.466194521442176
0.7,"eld vs kin","222",1.14207529387046e-06,2.68148335119702e-05,7.06932611791408e-06,5.94230526331037,4.5716248951416,5.15062198326391,3.82312145359965,3.21024359710319,3.32840931271164,0.511983461679862,0.497585437177251,0.500530573122597
0.7,"eld vs kin","223",0.00504563839430429,0.0135867567126904,0.00492894328748828,2.29708387727971,1.86688420109565,2.30724617881679,3.09629135648053,2.4967519955181,2.65560515769414,0.525852819874639,0.51454662079607,0.531388878000523
0.7,"eld vs kin","246",2.33801002256506e-05,0.000212090906274343,0.000223640552162181,4.63115363143963,3.6734779521319,3.65044944415128,3.43972232382079,2.82450224583143,2.9075317555379,0.477343989988614,0.467149820079809,0.460620922654004
0.7,"eld vs kin","247",0.00428798158554786,0.0188152667853961,0.0102932754177114,2.36774708836009,1.72548961935294,1.98744640662842,2.69935725659701,2.20310200108131,2.17318095249396,0.511429230617068,0.492551021511997,0.50547322071116
0.7,"eld vs kin","265",0.000336247724197295,0.00058045056312323,0.000462074741445203,3.47334064638552,3.23623476313826,3.33528777082512,3.17271150837328,2.54485189179457,2.84812202586139,0.489176055628479,0.479939593182538,0.485929022352838
0.7,"eld vs kin","294",9.53132050043506e-05,0.0129875277514507,0.000264887917079152,4.02084692660993,1.88647351144331,3.57693785168968,3.18484908385583,2.46492891173291,2.77671468246732,0.447475765426687,0.443380401685282,0.45205724383641
0.7,"eld vs kin","329",6.1451522779613e-05,0.000960935431666423,0.00023323752041735,4.21146735075004,3.01730579299021,3.63220158427546,3.1817259410726,2.66960683272153,2.76393582949986,0.434044830637791,0.432870312368845,0.429563611587997
0.7,"eld vs kin","344",9.88479413755006e-08,2.34313977880011e-06,1.3775564756019e-06,7.00503237094889,5.63020180301598,5.86089058736584,3.53351447670947,3.11776453047278,3.08772892410327,0.413468041344213,0.420498072194148,0.414666606316273
0.7,"eld vs kin","435",0.00144683646042866,0.00426402485866418,0.00120055865097886,2.83958055550659,2.37018027209846,2.92061661846886,3.18784383760341,2.82478209262884,2.81084327842753,0.568394062488377,0.580988972966102,0.550964352344759
0.7,"eld vs kin","652",0.000303990679663549,0.00286486839579284,0.00263424475980703,3.51713973163053,2.54289532353733,2.57934387519993,2.51898366607238,1.90444794797122,1.9680645489233,0.366165337039949,0.346638232376407,0.367739469565604
0.7,"eld vs kin","666",0.0036916587436278,6.14768114363257e-08,2.63052757800096e-06,2.43277845190647,7.21128866575785,5.57995714077393,-3.28047419662988,-3.80304905932802,-3.80830519725911,0.415514957221735,0.40284698938044,0.422732487742256
0.7,"eld vs kin","667",0.00122215470887186,0.013934543383063,0.0344586764786459,2.9128738145873,1.85590725798513,1.46270140735982,3.08793138047674,2.60605019494863,2.59951904102949,0.563891313052222,0.560013319050122,0.560989322037489
0.7,"eld vs kin","670",0.00551384787554075,0.00876782255185222,0.00762475598621263,2.25854522004464,2.05710824826792,2.11777405041227,2.66188237419231,2.11074959581174,2.08011489807728,0.42767295783838,0.431002114612628,0.422469032683558
0.7,"eld vs kin","728",2.02293851662313e-14,1.28146241235716e-13,1.4203229966379e-13,13.6940173165851,12.8922941279466,12.847612881176,4.64146295500627,4.11580223475511,4.15816705280626,0.379965768354166,0.388163732465876,0.379031128586775
0.7,"eld vs kin","744",0.0053482692360733,0.000116294287648936,0.00040131255084849,2.27178673813447,3.93444161720168,3.39651725771195,-3.15742765043056,-3.63821267536944,-3.53971616491172,0.522522051084289,0.512615577849498,0.516119891563775
0.7,"eld vs kin","786",0.0114746250747447,0.000113911596414831,8.74687570798013e-06,1.94026149582378,3.94343206167496,5.05814704470155,-3.26341154839563,-3.78323757236347,-3.78069693767734,0.495724294442773,0.49172560409435,0.507336235694884
0.7,"eld vs kin","825",0.00589407767470681,0.0409894918328001,0.00540319445120053,2.22958414512772,1.3873274658157,2.26734940270626,2.69009538560267,2.06841735771414,2.25579134868155,0.455685422338726,0.444612004771088,0.461073969431661
0.7,"eld vs kin","854",2.69689537075242e-08,7.12518361559108e-06,4.35663440130612e-07,7.56913590218868,5.14720393943026,6.36084888352472,3.80246560372095,3.20999100889335,3.39568170997957,0.451792385971255,0.455641790016299,0.474634991697031
0.7,"eld vs kin","886",5.25258218983256e-12,4.12053704287615e-10,5.34994630359352e-11,11.2796271432416,9.38504617727806,10.2716505768891,5.13553545284443,4.61950510089808,4.66531830105704,0.525716611646703,0.514384527021711,0.523986914861569
0.7,"eld vs kin","888",7.07493431636901e-06,0.000147005624845229,1.56909507921701e-05,5.15027758777129,3.83266604761571,4.80435073956908,3.34072175614551,2.74063392855791,2.82246267006855,0.456858830861317,0.437310574954648,0.438212083361685
0.7,"eld vs kin","891",0.043363867149939,0.00208758232074123,0.00437394764429073,1.36287199475865,2.68035638974196,2.35912641972813,-2.83952870358119,-3.41821505784196,-3.2864868296509,0.57014647079988,0.564170039657604,0.572688840086843
0.7,"eld vs kin","895",0.0346813655708249,0.00160431327536459,0.00455522525147374,1.45990381061342,2.7947108227865,2.34149014271879,-2.57018765499482,-3.13265980549219,-3.09354685908228,0.510666723809016,0.497034773736693,0.498536259271011
0.7,"eld vs kin","922",0.0013700804490417,0.012057682995914,0.019495872556197,2.86325393098294,1.91873613819625,1.71005732278113,2.74311016711403,2.29081885243352,2.16299979282133,0.487684985661596,0.465698469804966,0.46879104404213
0.7,"eld vs kin","926",0.000666740035214779,0.0143470739293921,0.0331232883797351,3.17604346635211,1.84323666380083,1.47986655430621,2.73508924497016,2.0888616295662,2.16049158209918,0.437042731932293,0.423364706539164,0.425068659916648
0.7,"eld vs kin","929",0.0114329916478236,0.0442268663630113,0.00625753324218575,1.94184011377446,1.35431383090995,2.20359683459078,2.64243927606035,2.12184041499175,2.3019238230369,0.465117739415526,0.477068533710371,0.476314287859423
0.7,"eld vs kin","944",4.72175162477694e-06,0.000710126120437175,5.07171073313247e-05,5.32589686156602,3.1486645124842,4.2948455245638,2.51662418350897,1.97438091600553,2.0428568336228,0.295292459641023,0.29585845285639,0.294647932092516
0.7,"eld vs kin","947",1.79871427467336e-11,9.94041275218287e-11,4.3481805045396e-11,10.7450378187489,10.0025955821747,10.3616924354923,4.72579837569078,4.28735329195246,4.27699476545405,0.436945289253453,0.440596523511647,0.436729211654578
0.7,"eld vs kin","978",4.50426660065088e-23,2.83322210744018e-24,5.15312732148979e-25,22.3463759121698,23.54771937809,24.2879291270252,6.61086629663872,6.08878177910858,6.14201605091568,0.42201577851431,0.410785770794932,0.410040280329986
0.7,"eld vs kin","984",1.05025228976598e-15,4.88934521271527e-15,2.83412727726594e-16,14.9787063629377,14.3107492982476,15.5475806500049,5.33877649263742,4.93461505841086,4.95679526034505,0.418379323381681,0.428412852767776,0.423805947699427
0.7,"eld vs kin","988",2.31096317277898e-06,0.00041788752863844,7.82968699296549e-05,5.63620697532847,3.37894058967075,4.10625559936543,3.67488449770488,3.04917682387482,3.21585399763285,0.531160227267313,0.520261030846798,0.520331184403131
0.7,"eld vs kin","991",0.0220086776220022,4.19735129217436e-05,0.000505435456069907,1.65740605098233,4.37702468152276,3.29633429578491,-3.1294927424563,-3.78816221412049,-3.6957643021717,0.574503880931252,0.561629557025622,0.580027033590751
0.7,"eld vs kin","1014",6.70952818747267e-05,8.09577302349062e-09,4.91082922966889e-08,4.1733080182485,8.09174167639699,7.30884516786432,-3.76983584063668,-4.32794264523472,-4.30920563998943,0.527460597644168,0.505896218601145,0.511995059785463
0.7,"eld vs kin","1019",0.000895482676491474,0.0381573297684162,0.0181060305039125,3.04794281135256,1.41842202462354,1.74217675229261,2.59228888380504,2.06563831863257,2.066196834512,0.436041948080236,0.430800960699853,0.43453875008251
0.7,"eld vs kin","1020",0.000170499020304981,0.00413811643448361,0.000864426890527198,3.76827811213989,2.38319729372289,3.06327173157833,2.89609488312056,2.35471118793021,2.35435940601026,0.404258912042692,0.426975626270922,0.416838257400296
0.7,"eld vs kin","1021",0.0173059191090831,5.5090236466499e-05,1.84813038586396e-05,1.76180533058522,4.25892536347937,4.73326739249702,-3.22244051207721,-3.8080470161762,-3.84400553960842,0.545458079663329,0.548804789148612,0.552727851015739
0.7,"eld vs kin","1023",0.00949105851288132,0.0458994248731141,0.0146288848097727,2.0226853491462,1.33819275620561,1.83478877978186,2.58326342167986,2.03945681406897,2.11167496303277,0.466357077795162,0.472007852953318,0.478301757553874
0.7,"eld vs kin","1027",0.00273331389647074,0.0210550132097188,0.00334983195672617,2.56331049063553,1.67664448177133,2.47497697866376,2.93529014600808,2.56828522152504,2.6248577812414,0.510114327122416,0.516876266452082,0.513903038375952
0.7,"eld vs kin","1030",1.37332597531105e-11,1.92342749792394e-10,1.43116793867781e-12,10.8622263655484,9.71592417943515,11.8443094014871,4.66707925656573,4.11566930568157,4.2287406026834,0.428009838494418,0.438378428252581,0.431884603218821
0.7,"eld vs kin","1043",0.000113493517401442,0.00255133521623067,0.000265650072262556,3.94502894408483,2.5932324763197,3.57569006161675,2.8835664384321,2.41522119523087,2.43103949826511,0.416927634266543,0.41910490180933,0.430972628698288
0.7,"eld vs kin","1059",0.00302192489970441,0.0185246661744745,0.00701662833131626,2.5197163328657,1.73224960952353,2.15387152730949,3.25637618063702,2.61440860404779,2.86117664484475,0.589125791979005,0.588997570777414,0.60256716808377
0.7,"eld vs kin","1074",1.47745692327813e-18,3.18603247881686e-17,6.55046773340257e-20,17.8304851725484,16.4967498012596,19.1837276882856,5.56058258563025,4.91399134259927,5.03669369417953,0.39846555759779,0.393527894633279,0.382160364106672
0.7,"eld vs kin","1076",2.10902766675693e-14,5.14434736436026e-13,6.27313714110208e-13,13.6759177230386,12.2886697140085,12.2025152179668,5.09492010234118,4.53495199925981,4.65172017295276,0.426999209875722,0.437415651079812,0.432377861418719
0.7,"eld vs kin","1082",3.10059100241629e-06,0.00159924277639109,3.20281546901252e-05,5.50855551757707,2.79608560226779,4.49446808259694,3.46438317840437,2.90242707984988,3.04489202271147,0.48421575510196,0.496237017376632,0.491928344134978
0.7,"eld vs kin","1089",3.6665393511108e-14,2.49453747719334e-11,7.14717906560536e-12,13.4357436495805,10.6030099669639,11.1458653369376,3.51202740871959,2.95630736377383,3.03222012370658,0.289184617600025,0.280279614428596,0.288759710618139
0.7,"eld vs kin","1098",4.06476542198839e-29,2.105450271719e-27,1.40017247277814e-29,28.3909645125239,26.676655011652,28.8538184647773,7.50790296859389,6.93002452977264,7.02605642460782,0.451073534896256,0.442529045545258,0.443405632858108
0.7,"eld vs kin","1105",0.000193342175333476,1.24076133227689e-08,1.33352155820697e-07,3.71367339937709,7.90631174955974,6.87499995895075,-4.08430990960352,-4.68138570728699,-4.56275139556645,0.512297770749923,0.49582653286433,0.517050912796671
0.7,"eld vs kin","1108",0.000156391473414169,0.00173637590942274,0.000668082557043427,3.80578692870661,2.76035624821767,3.17516986708581,3.0413809225072,2.39639110341866,2.5495643299841,0.445026864758138,0.41806805678747,0.44593708424017
0.7,"eld vs kin","1112",0.0165837952576038,9.43182832517125e-06,5.2611575824107e-06,1.78031607265092,5.02540411271676,5.27891869000165,-2.9416015232639,-3.63757934602184,-3.59514236643052,0.53541863286494,0.528775642369797,0.538206914704344
0.8,"cent vs mage","4",9.57289239224827e-11,5.89797750200169e-06,3.70302326327539e-10,10.0189568229123,5.22929688840937,9.43144355960046,2.61878359174855,2.13132589779525,1.83189566884426,0.182969886997789,0.19942821049176,0.18299937889835
0.8,"cent vs mage","7",2.58258354114747e-12,3.64687040597862e-10,8.67633787805831e-12,11.5879456210678,9.43807966936194,11.0616635438272,4.57595917124208,4.10228433044304,3.80266727686994,0.414639714735676,0.418176994765461,0.417169059641525
0.8,"cent vs mage","8",2.50778650326871e-05,0.00126563869496597,4.56156910447837e-05,4.60070943929228,2.89769025575435,4.34088574150252,2.69476442083381,2.20699494259884,1.91171190977466,0.314030095825592,0.308919728614631,0.313817908959953
0.8,"cent vs mage","9",5.74197124492498e-05,0.00302701546221674,0.000142078941236635,4.2409389867266,2.51898536062973,3.84747028788867,2.43379663489246,1.95287232326226,1.64292342648149,0.270701126951841,0.262782048516397,0.271810034793995
0.8,"cent vs mage","10",0.00298360329479703,0.049375043111919,0.0231407093816808,2.52525892192788,1.30649251216021,1.63562333182215,2.40546393423585,1.89801258995354,1.60541783242259,0.407701909319254,0.406089467075467,0.414203629545927
0.8,"cent vs mage","11",1.43665258969465e-05,0.00104693543975536,5.46454377257723e-05,4.84264823995189,2.98008009866736,4.26244609086397,2.62815021579059,2.14265727619393,1.84021062696717,0.296838811207765,0.310249316558514,0.296084046262234
0.8,"cent vs mage","14",1.82635935327872e-10,2.59227254956274e-07,5.77674120307793e-10,9.73841376689408,6.58631933900961,9.23831708833409,3.11734456019784,2.62782151914991,2.33392442917142,0.25930074413037,0.263552167110963,0.259706616268238
0.8,"cent vs mage","16",0.00263753835241953,0.0429657883957388,0.00848915993507924,2.5788012165765,1.36687721476229,2.07113528426848,1.97991878827049,1.49204761261181,1.18998232232083,0.230105516632794,0.229874035888061,0.229527158696468
0.8,"cent vs mage","19",1.34698815745478e-05,0.00030206204144632,2.01676417404805e-05,4.870636222521,3.51990384680936,4.69534488210325,2.9209134708104,2.44155811750024,2.14677578700727,0.344908221911977,0.333162744245178,0.34393787842566
0.8,"cent vs mage","20",8.95928980456212e-10,3.62729386027703e-07,2.56865716361716e-09,9.0477264151352,6.44041725921773,8.59029385676326,3.09441200399643,2.61359436429528,2.30508839488574,0.268705176029374,0.266153243946383,0.268924059202641
0.8,"cent vs mage","21",5.08947735278789e-12,2.14928573723572e-08,3.09453607105804e-11,11.2933268138232,7.66770584330077,10.5094044506444,3.26927412253455,2.78623991057016,2.48929978259191,0.260197003185731,0.263987060001067,0.261585216608148
0.8,"cent vs mage","23",7.12454728692617e-06,0.00088386969422347,2.83709464915587e-05,5.14724272669297,3.05361175676409,4.54712617533547,2.54952231730885,2.06344807153472,1.76840328486598,0.267097689259458,0.261869429467088,0.266230407135958
0.8,"cent vs mage","24",8.16936067357502e-11,1.99027762665108e-09,3.49396753601858e-10,10.0878119296124,8.70108633901098,9.45668113455443,4.88885665596225,4.42860843316161,4.06796045845503,0.493957110528013,0.478397971127499,0.487662861074223
0.8,"cent vs mage","26",1.55090536571316e-07,3.74869907026647e-06,9.6910493259644e-08,6.80941470147876,5.4261194215065,7.01362919593136,3.4718558202461,2.99784845892954,2.70966224668692,0.373173082681494,0.370655996435554,0.370606202780414
0.8,"cent vs mage","28",0.00132792061190611,0.025235523434438,0.0125448812556095,2.8768278879512,1.59798768271431,1.90153344517262,2.67030376253177,2.16040311266088,1.83227003832792,0.45278446713054,0.452442200878599,0.458966143483446
0.8,"cent vs mage","30",0.00129085816410703,0.0319057289835402,0.00292246993626506,2.88912147417794,1.49613132814825,2.53424994777308,2.10052374087744,1.60841470703561,1.31021540047965,0.238434074293639,0.238538600709259,0.239051281991326
0.8,"cent vs mage","32",4.66363805450268e-07,0.000186813412887317,1.54324727192564e-06,6.33127516258692,3.72859194537667,5.81156448208396,2.55634893024948,2.07522915272005,1.76744635518159,0.228109500937841,0.225526076936501,0.229647536203854
0.8,"cent vs mage","36",5.05030982982378e-05,0.0102598878175839,0.000139818336345125,4.29668197767238,1.98885738780808,3.85443586971116,2.15040539942617,1.66514742122911,1.3648558285772,0.20271737997407,0.2050413442002,0.203412888595285
0.8,"cent vs mage","37",0.00267906662583797,0.0308401497259433,0.00697826573951138,2.57201648576694,1.51088352215827,2.15625249619402,2.31583977406056,1.81329366699538,1.52025940485277,0.335936340816306,0.338664885310187,0.337138923001797
0.8,"cent vs mage","39",3.44762888378582e-10,2.66459507362658e-07,2.93480751187084e-09,9.46247948948257,6.57436877937699,8.53242037798493,4.00770776382146,3.51850618721821,3.26267666855462,0.413878035443396,0.422179429576123,0.419281546997106
0.8,"cent vs mage","42",1.5178833530712e-08,4.15259277453231e-07,4.56513966105035e-08,7.81876160200048,6.38168065604277,7.34054593158079,3.88344187105862,3.37879261279893,3.06458606847696,0.414135054287316,0.412978987215975,0.411775496854857
0.8,"cent vs mage","44",0.00263958682985296,0.0302297223209547,0.0100134561917347,2.57846404720507,1.5195658420723,1.9994159978524,2.21022776921487,1.73198678247017,1.42205859956801,0.30125877360195,0.291946360411507,0.300614047039288
0.8,"cent vs mage","47",0.00517215541697323,0.0307864512334232,0.00450798546844597,2.28632843357514,1.51164036951078,2.34601749257799,2.96070863541752,2.42203835455584,2.17800687418619,0.486528956725014,0.496392042943598,0.488687448794222
0.8,"cent vs mage","52",0.0017007208417986,0.0334170602314184,0.0106602924766163,2.76936696611458,1.47603175855482,1.97223087980869,2.18099151917906,1.69081809305548,1.39413159889421,0.303988024471874,0.30088987432145,0.306758552063067
0.8,"cent vs mage","55",9.23409705901853e-06,0.000541003606248607,5.06430196062139e-05,5.03460556491866,3.26679983994214,4.29548040727152,2.90140770538351,2.41386081931982,2.09743780084589,0.360186509775073,0.366910546799792,0.356631474570918
0.8,"cent vs mage","56",3.92988399527566e-07,9.19422401083183e-06,2.65480357288535e-06,6.40562026920605,5.03648491917577,5.57596760654779,3.40440904114062,2.95591679124268,2.63385804566841,0.376022342541258,0.37137393778883,0.371130371628612
0.8,"cent vs mage","61",0.000234741982170061,0.0140870789494751,0.00156990509796475,3.62940923253902,1.8511790514358,2.80412660025061,2.28935139807297,1.8123326042953,1.4928778023611,0.281809010375757,0.281684410293163,0.28265676478865
0.8,"cent vs mage","69",1.35114661321521e-05,0.000261187665378301,8.43345325236304e-05,4.86929752303155,3.58304733652647,4.07399455807318,3.12175075188202,2.62944473979637,2.32561086686017,0.394688031413826,0.395378539604015,0.389081869717974
0.8,"cent vs mage","90",1.20258747916584e-06,0.000212160116212163,3.46641707980657e-06,5.91988332215815,3.67333625538747,5.46011918410307,2.78407090040163,2.2780741271501,2.01156577910066,0.282637238716089,0.289299596206862,0.283182359075242
0.8,"cent vs mage","92",4.4324567846813e-05,0.00565040811134207,7.47696540453438e-05,4.3533554899664,2.24792018331278,4.12627462880291,2.34104605705532,1.84772844807163,1.55824031058633,0.239768404583249,0.24592068848166,0.239239965726784
0.8,"cent vs mage","95",0.00208494255338808,0.0198695729439443,0.00324535743097647,2.68090590668076,1.70181146706641,2.4887374647335,2.50582730172925,2.00584385097442,1.72859805705418,0.372542267516951,0.367694528455154,0.373445779155235
0.8,"cent vs mage","106",1.24433585462015e-07,8.80177851884407e-06,3.71288301560506e-07,6.90506238482027,5.05542956388646,6.43028873417744,3.13856826818704,2.72281743707046,2.39213364881845,0.336901787180118,0.323516757013127,0.33973297302245
0.8,"cent vs mage","114",4.51828168549693e-05,6.5215040360069e-08,3.45689552512452e-10,4.34502669713334,7.18565223261005,9.46131374557982,-3.29234159464056,-3.80601502339217,-4.10334308230896,0.487364071348391,0.471383396525381,0.491186531031654
0.8,"cent vs mage","119",0.000442721498546427,0.00276396285553792,0.00062596275971246,3.35386938817841,2.55846779767386,3.20345150342291,2.23806099165984,1.80244968694439,1.48638684480813,0.238138740982607,0.248423488947942,0.243362897509299
0.8,"cent vs mage","120",0.00480871476163742,0.0300085114781703,0.0228215698675152,2.31797098319254,1.5227555464895,1.64165448431092,2.67382875581089,2.17537463226141,1.90233097326454,0.514102063742367,0.476312762031987,0.504413327435546
0.8,"cent vs mage","132",6.7689108715352e-08,1.69819953733478e-08,7.68615495324217e-12,7.16948120436267,7.77001128177634,11.1142908643864,-4.00269915365154,-4.48195625487353,-4.70679973942968,0.492518505546384,0.497042637573559,0.490831685274191
0.8,"cent vs mage","141",0.0199049060744844,0.0448314512894924,0.0329490643023239,1.70103986738555,1.34841720186996,1.48215691412331,2.75388979013294,2.33196605516427,2.02073539997873,0.556438629097653,0.553485697919701,0.555197155552912
0.8,"cent vs mage","142",6.96762959436889e-07,0.000156598933223625,7.09543356528296e-06,6.15691494488292,3.80521120074979,5.14902106190391,4.14928893209777,3.51851042371896,3.32483781697397,0.541592885155808,0.537739790717773,0.523630875298661
0.8,"cent vs mage","143",5.39092726495674e-07,2.87766031746827e-06,2.35746422978205e-10,6.26833652768556,5.54096047202403,9.62755488816693,-3.50822741133597,-3.94565377502018,-4.3063313629276,0.457135436078557,0.441780004415393,0.462144060772609
0.8,"cent vs mage","155",0.00546978218642332,0.0130674429948987,0.00452899509794974,2.26202996747239,1.88380938578196,2.34399814938428,3.04119872566491,2.60962652930302,2.29688563279112,0.473607142878156,0.474175575818822,0.465488958225542
0.8,"cent vs mage","168",1.22542864945174e-07,2.49257865596231e-05,2.6233236825406e-06,6.91171197045963,4.60335112817722,5.58114812005834,3.97056004189676,3.52020054037511,3.15964343534607,0.454506238224265,0.452353836511713,0.447263735332504
0.8,"cent vs mage","210",5.89000733485607e-08,5.0849275947303e-10,1.18844748856854e-13,7.22988416438344,9.29371522670052,12.9250200027694,-3.91344638447287,-4.42658997120489,-4.73720468237399,0.459474316533604,0.466332649251811,0.456771442587822
0.8,"cent vs mage","212",0.011374258817232,0.00287773247116332,0.00442594659054984,1.94407689375425,2.54094958277537,2.35399383116101,2.77297576449232,2.28857418483033,1.97767724221632,0.37590433702321,0.374300165088535,0.379278983445794
0.8,"cent vs mage","219",5.7577299513886e-07,9.87881929016666e-08,1.17241292060502e-10,6.23974870822697,7.00529495889491,9.93091940405436,-3.4733286440985,-4.01250723009684,-4.32063949616861,0.466149472501193,0.467563911309615,0.467184449516784
0.8,"cent vs mage","294",4.3111213931468e-07,0.00036951953679408,4.71781531557537e-05,6.36540974805042,3.43236259516479,4.32625906408552,3.32505432623933,2.85556105253941,2.47907916457422,0.379749196810053,0.387677138240088,0.392619199987701
0.8,"cent vs mage","353",0.00300242319552426,7.75905011100849e-06,1.96526222631519e-07,2.52252809339604,5.11019144327766,6.7065794932053,-2.70255355057655,-3.31858184684425,-3.60400615127742,0.443414829199793,0.445308496929968,0.463270305740601
0.8,"cent vs mage","652",4.91693680038819e-07,0.000372183186484053,3.97961254936283e-05,6.3083053738573,3.42924325017927,4.40015920829431,2.78858578032458,2.33030541634287,1.96793647392362,0.315512899003965,0.301741421631636,0.309951496846025
0.8,"cent vs mage","671",7.27625569541609e-06,0.000226694111239601,2.3109225194996e-05,5.13809204776728,3.64455976125576,4.63621461528154,2.97952619918654,2.4683718629783,2.18728438498749,0.35953518603235,0.35139588595001,0.361702013994518
0.8,"cent vs mage","675",0.00826763662322326,0.000551316612123654,1.17253606350041e-06,2.08261861961091,3.25859892127923,5.93087379088293,-2.4180243629826,-3.04005049923123,-3.30536987567479,0.456653354375748,0.4687228912501,0.468830348546974
0.8,"cent vs mage","728",2.94311876670329e-07,4.96921245822285e-05,3.27926799008663e-06,6.53119221201417,4.30371243463678,5.48422309023518,2.93686259424203,2.46038279057988,2.15053015664763,0.304580483026206,0.306231357654859,0.308064573787497
0.8,"cent vs mage","762",2.61003180790593e-05,0.000147840792902206,0.000438894007078031,4.58335419997442,3.83020571690231,3.35764034923183,2.9443066141769,2.53715744824461,2.19535871719753,0.38478956331203,0.385449267070033,0.38921826832367
0.8,"cent vs mage","788",0.00207545628734502,0.0130472104103238,0.0115011797560885,2.68288640917285,1.88448233375927,1.93925760875247,2.95588772944027,2.49882456924929,2.15158206512308,0.530115886473894,0.514186103678502,0.541791111975911
0.8,"cent vs mage","798",0.00125693842401356,0.0146989418147088,0.0387989813880062,2.90068599738656,1.83271392923649,1.41117967603917,2.65489431418874,2.11792086134435,1.80415955040275,0.434308428462292,0.41473801511202,0.443040693055761
0.8,"cent vs mage","829",5.686144172061e-06,0.00082212689998314,8.72923134988238e-05,5.24518213297889,3.08506114145169,4.05902399629459,2.98072549576361,2.50666789460704,2.21310047058796,0.394903992340467,0.376734592372609,0.396479564599068
0.8,"cent vs mage","834",0.000987544142158902,0.015166111773343,0.00347569549709096,3.00544348277232,1.81912574761312,2.45895827874979,2.67714228435521,2.13092402479325,1.87492252864233,0.400758434674113,0.408528572214456,0.393437893124564
0.8,"cent vs mage","848",2.30846416596209e-05,0.000766316325550867,0.00251836516092736,4.63667686256647,3.11559192216466,2.59888129731089,2.76719798404815,2.29981663986392,1.9719393020995,0.334131016025033,0.328478901987656,0.34027746874944
0.8,"cent vs mage","854",1.87605186265809e-06,0.000182646533742369,1.39008368672811e-05,5.72675515990424,3.73838856539483,4.85695905327815,3.72959669964872,3.26106008827764,3.03099442663473,0.468461116747963,0.456676383861792,0.461352049636498
0.8,"cent vs mage","857",2.75643801636106e-06,0.000273572211068622,0.000189699121920098,5.55965176899462,3.56292801949756,3.72193467937037,2.92563450269431,2.46448687744757,2.14885963448889,0.34218659655574,0.326771045307392,0.340330991690392
0.8,"cent vs mage","886",6.45492121621263e-06,0.00227838486648068,0.000736610003817019,5.19010905402853,2.64237291271044,3.13276238733689,3.66414668269135,3.18196939437842,2.8384986058459,0.530990531641469,0.5252498122421,0.538287052636291
0.8,"cent vs mage","921",7.51991356935804e-07,2.54310195491279e-08,4.15038157776844e-11,6.12378715097306,7.59463622827555,10.3819119732876,-3.35775187829024,-3.91749662040806,-4.11656747314805,0.464188406631371,0.461372275079193,0.470818563577636
0.8,"cent vs mage","944",0.00412205775452192,0.0479195671265392,0.014591317998807,2.38488592757513,1.31948711372819,1.83590547755435,2.10830308876574,1.612263696409,1.32827291699924,0.283416535757406,0.296311648420796,0.285329120382861
0.8,"cent vs mage","947",5.9376072225239e-05,0.000287972175345223,0.00175540642751371,4.22638853471781,3.54064947292761,2.75562231578424,2.97928913694846,2.62562585257168,2.23103136123841,0.41486496652155,0.410615914844609,0.411659466065014
0.8,"cent vs mage","978",8.85947194331652e-08,9.09659846712008e-05,1.24621309092829e-05,7.05259216286895,4.04112097505538,4.90440769098203,3.76949507633683,3.26889216155809,2.95330532969266,0.445060832691367,0.450312478604929,0.451509614958163
0.8,"cent vs mage","984",2.63813608641684e-05,0.0107361707986786,0.00141247535237638,4.57870280543275,1.9691505880531,2.8500191218592,3.20164825898116,2.64088393345766,2.40600313301958,0.406839219132355,0.411990972463752,0.409114579650018
0.8,"cent vs mage","989",0.00151081007553789,0.00179585951239238,0.00257073387880296,2.82079012754062,2.74572764059699,2.5899428789967,2.83430864593855,2.33452961691718,2.0650117123756,0.383484200566937,0.369130823526346,0.378540909311025
0.8,"cent vs mage","1017",0.00300762678796157,0.0319368437374663,0.0022725691675333,2.52177605570833,1.49570800664255,2.64348288979097,2.68526502652306,2.27240055082688,1.98340642970001,0.39681617303354,0.380695854895049,0.389969428102654
0.8,"cent vs mage","1019",0.0020819563000415,0.000129121345792512,6.7232011240739e-08,2.68152839050753,3.88900195607913,7.17242389666303,-2.21961204089294,-2.68512703535139,-2.98335505489678,0.39114118258909,0.391182541022288,0.392344180998967
0.8,"cent vs mage","1030",1.87679339665595e-05,0.000590369646698905,0.00673754022619781,4.72658353325547,3.22887597945406,2.1714986288607,2.92063612772382,2.47210787090455,2.1354805129927,0.412310696784858,0.408704137774222,0.407669785807629
0.8,"cent vs mage","1043",4.73066651274509e-08,7.40493162215549e-06,4.30555398233892e-05,7.32507766636264,5.1304789474409,4.36597096128486,3.23743818443773,2.72869179100298,2.45353388347822,0.333113870995081,0.321974778624292,0.333183998458021
0.8,"cent vs mage","1074",7.52508501048572e-08,0.000246269678713319,3.6819767454469e-06,7.12348858950471,3.60858905620035,5.43391895873151,3.73400190824603,3.15882627941634,2.88448449178729,0.375397712313194,0.37681225082043,0.396188100761503
0.8,"cent vs mage","1076",0.000152072310205913,0.0337809062388898,0.0162642405374379,3.81794985642388,1.47132870380972,1.78876621139231,3.00150886182436,2.39217692812401,2.23488918178335,0.421250307573462,0.433525071037985,0.431640094713143
0.8,"cent vs mage","1087",8.97720726095119e-09,1.01867068855456e-06,3.53996045478916e-07,8.04685874794251,5.99196619014297,6.45100158948912,4.29209971051863,3.77313821663091,3.50611006307674,0.502263255295173,0.497439681866991,0.492555984319778
0.8,"cent vs mage","1089",0.00255788893832482,0.0436658258921717,0.00673987568387726,2.59211831619818,1.35985832121441,2.17134811389555,2.06778419791109,1.5824279855,1.29149303182096,0.26285783208417,0.266147021828416,0.264189707861517
0.8,"cent vs mage","1091",3.13354393852748e-05,0.0441740415467646,0.017182145942918,4.50396421124764,1.35483286469538,1.76492259644385,3.07665635594735,2.65484172445973,2.2886227114358,0.483527232100652,0.477646979885511,0.489050011186376
0.8,"cent vs mage","1098",2.58262422297625e-12,3.3913312132402e-11,9.86555139327556e-12,11.5879387799514,10.4696297929237,11.0058786366799,4.94852614151746,4.48541974675817,4.15700838804339,0.443370100398518,0.440533219206312,0.445820280472029
0.8,"cent vs mage","1104",0.0236808532768026,0.00723199325380162,2.26650327640319e-05,1.62560265301624,2.14074198765411,4.64464364879907,-2.02885774396802,-2.45251811495047,-2.80173869888982,0.453815160305128,0.436425386500868,0.45512128732228
0.8,"eld vs kin","3",1.68147919081887e-06,1.55014889813287e-14,3.10029779626575e-14,5.77430850293659,13.8096265840673,13.5085965884034,-3.91888568175193,-4.81823818094768,-4.61495883831177,0.445863010359854,0.4318701074664,0.446992162822983
0.8,"eld vs kin","4",2.99615422252368e-19,1.82566174483163e-12,1.75680096859298e-09,18.5234358357432,11.7385796846118,8.75527743778643,3.2990256673649,2.39952562379811,2.60758774480832,0.22023747237556,0.227427007721419,0.219591386363485
0.8,"eld vs kin","5",0.0435417579213031,5.25642109004625e-06,3.28053370357416e-06,1.361094041071,5.27930985087633,5.48405549602554,-1.97058186828395,-2.86671353933111,-2.66226979925509,0.385416031872281,0.385540972762754,0.384627019950258
0.8,"eld vs kin","7",5.21149923294975e-29,6.69906178843184e-28,7.63333264135015e-28,28.2830373218188,27.1739860164989,27.1172858117498,8.3535627948856,7.48595545956631,7.62151907548297,0.463066808236119,0.471572903531788,0.450123551132506
0.8,"eld vs kin","8",7.19130728646186e-06,0.00170372001241247,0.0106130808034486,5.14319215333214,2.76860177521209,1.97415852922566,2.81789781311049,1.91020003236083,2.13353137494227,0.395798031415046,0.380916199996345,0.396001142821003
0.8,"eld vs kin","11",6.19479503455749e-15,1.1113319787091e-10,1.33017979553076e-08,14.2079730584297,9.95415618859737,7.87608965307091,3.98552460715035,3.10925387944617,3.30481974261049,0.349211846207713,0.353266653843055,0.349556786239874
0.8,"eld vs kin","14",4.91474545268109e-17,1.14012472690368e-11,5.08148023338284e-09,16.3084989704786,10.9430476352925,8.29400975945841,3.62329206346894,2.74458681346524,2.93716431423554,0.275428635520702,0.281017191918061,0.276084312319463
0.8,"eld vs kin","15",2.86862193755912e-09,5.14203235097256e-06,3.3451438848833e-05,8.54232668467521,5.2888651953313,4.47558519715866,3.78263766048457,2.82626615951863,3.0558311081025,0.438676405010118,0.442579745545999,0.432428943336144
0.8,"eld vs kin","16",1.00946892560908e-19,1.35340619262811e-14,9.42731213957286e-11,18.9959070453625,13.8685718406957,10.0256121131318,3.79313806641422,2.89948731935068,3.10906665824978,0.267060354932597,0.262883211207659,0.26695877365183
0.8,"eld vs kin","21",6.78148163830193e-27,7.96017862452065e-22,1.02907375931696e-18,26.1686754098143,21.0990771866878,17.9875534958728,4.8671091328666,3.97616421415068,4.1791567035014,0.293794371987786,0.296201345344188,0.292302639384637
0.8,"eld vs kin","23",1.03094694264262e-10,2.77449920261162e-07,6.4096121733788e-05,9.98676368496911,6.55681539566561,4.19316824755717,3.19466532440698,2.30063144505744,2.50152281652613,0.315879239243242,0.30341743945557,0.31087522230069
0.8,"eld vs kin","25",4.97559654415856e-10,5.14871477288964e-07,8.46474736959285e-06,9.30315484249517,6.28830116643479,5.07238599888157,3.80907044844548,2.94493531414333,3.11656377409559,0.421312085600214,0.416777130015754,0.418445462346919
0.8,"eld vs kin","26",6.94843734505741e-09,2.41920654441589e-05,0.00028793288172779,8.15811285421925,4.61632705132775,3.54070873617263,3.22162054662537,2.32138610914879,2.53371807007355,0.363600284110623,0.364193354298877,0.366052332035894
0.8,"eld vs kin","29",6.4716653251191e-12,7.05015908748488e-08,1.46036283188466e-05,11.1889839498649,7.15180108300331,4.83553922893568,3.22354680346278,2.33461986643628,2.52919478995622,0.292266731436544,0.291239632519601,0.291286737475344
0.8,"eld vs kin","31",9.23209885704381e-09,1.3601575492144e-06,7.21096542575105e-06,8.03469955375087,5.86641078369483,5.14200658673578,4.36998312264435,3.49919977280242,3.70223696500379,0.535047665599176,0.525486999403185,0.538313591999604
0.8,"eld vs kin","32",1.05043843418754e-06,0.00054526712797901,0.0171372209812841,5.97862939635289,3.26339068343851,1.76605960308646,2.52023166110719,1.63779727263003,1.8422670549325,0.289340910297855,0.276990127000182,0.290679527970856
0.8,"eld vs kin","33",0.0355925895026019,5.18345991182631e-06,3.03581760866417e-06,1.44864041419396,5.28538025588996,5.5177243243214,-2.38766271040803,-3.2791073819604,-3.09499717003675,0.455583290910866,0.453058565630383,0.459750903774296
0.8,"eld vs kin","36",4.83530843540773e-11,1.08575375905185e-06,0.000193783721674726,10.3155758178533,5.9642686583667,3.71268270759363,2.89628845023534,1.98514764271872,2.21487050651769,0.261407471523985,0.254958500249934,0.263289417534258
0.8,"eld vs kin","47",1.77127611389246e-06,0.000279619086072,0.000359972048244487,5.75171373390141,3.55343318810213,3.44373122080069,3.60467936011641,2.73731739701143,2.94987293522927,0.535968879541193,0.538679509957673,0.534430677360225
0.8,"eld vs kin","49",2.57799324377913e-06,0.000850658463505691,0.0103965078348146,5.58871822514914,3.0702447726855,1.98311251481252,2.75684468436429,1.89137681228936,2.09644670910871,0.360343079953282,0.3588320663961,0.362896161032894
0.8,"eld vs kin","55",6.63936991142491e-08,0.000104067909464227,0.000933284071906106,7.17787313403191,3.98268316954003,3.02998614608883,3.2897059867234,2.41727082504496,2.59190258287908,0.415776161529472,0.424862321436983,0.417493127855513
0.8,"eld vs kin","58",1.91334872141376e-05,0.00282895879577263,0.017997881513981,4.71820586950032,2.548373378064,1.74477861161526,2.62283033195791,1.72256984213505,1.95712948439356,0.372949240441325,0.356259720376609,0.376742665971221
0.8,"eld vs kin","61",7.91502570233188e-08,8.67894664067614e-05,0.00208372470034831,7.10154767052206,4.06153298172466,2.68115966014094,3.00095239607013,2.0959430954332,2.3027820138657,0.360235886008941,0.358923011790113,0.357337591922717
0.8,"eld vs kin","65",0.0450345620257705,9.30478569761242e-06,9.30239307715207e-06,1.34645405653999,5.03129362483479,5.03140531311183,-1.86261377142239,-2.77838159767037,-2.54329887628449,0.370125736479288,0.380187556860483,0.372436098949149
0.8,"eld vs kin","67",1.68684079157252e-06,8.13828171519759e-13,7.63448332330441e-13,5.772925905321,12.0894672806614,12.1172203492337,-4.57961850906193,-5.50647769080415,-5.35542161550863,0.563893495485193,0.555407831592363,0.56818775312487
0.8,"eld vs kin","70",3.53526497537933e-06,0.00111811576809117,0.00457007066261135,5.45157802938269,2.95151322789838,2.34007708479997,3.39384963855875,2.50590596472105,2.70382915604595,0.509678121505905,0.519843000201403,0.510695272806435
0.8,"eld vs kin","71",1.0009397716583e-05,0.0339696248024775,0.0196309620910282,4.99959205401258,1.4689092499246,1.70705841560194,3.52083770352611,2.46009264657976,2.79311042029506,0.537061298943242,0.535030082248539,0.541089511379649
0.8,"eld vs kin","74",1.67774320805648e-11,1.72444806688581e-08,2.83107913976313e-07,10.7752745106458,7.76334988022065,6.5480479902315,4.56846274967323,3.70861647028555,3.87089024994034,0.496901976811668,0.500311473819962,0.493057364697102
0.8,"eld vs kin","77",2.19488504964911e-07,4.09942760897204e-05,0.000393096578520377,6.65858821966347,4.38727677830924,3.40550073622618,3.15399767050541,2.25204497527759,2.46586719780135,0.365851234744087,0.364087855586248,0.369308490157318
0.8,"eld vs kin","79",0.00736696899389013,1.12293826888195e-07,1.52500484521925e-07,2.13271115800052,6.94964411748815,6.81672877648202,-2.89566963922468,-3.84881929311009,-3.61277399172484,0.486104847008354,0.476855219633627,0.494125269169747
0.8,"eld vs kin","80",7.49863662425107e-10,7.89391182904661e-06,0.000229428039818313,9.12501769132678,5.10270772876041,3.63935350537899,3.28567807606519,2.40411235350415,2.5753057575778,0.353678375049077,0.366749975807154,0.351244548801091
0.8,"eld vs kin","82",0.0239938465067488,4.57418151935618e-06,0.000479992497877319,1.61990012373928,5.33968660507895,3.3187655504493,-3.08440860751606,-3.81223062144683,-3.64309008530189,0.604620317714588,0.584467821491973,0.601355065997259
0.8,"eld vs kin","83",0.028010464382094,8.43177887562432e-07,4.52036866328782e-06,1.55267969100117,6.07408079140518,5.34482614441373,-2.54194418414708,-3.48741895531393,-3.30153441236493,0.524804093239469,0.491657554544806,0.521113056410358
0.8,"eld vs kin","84",0.0299248161134063,2.77780619187207e-08,1.38953070423953e-06,1.52396850963261,7.55629805835964,5.85713185224431,-2.97844753705301,-3.87670070966839,-3.61386131659153,0.481887783477001,0.452507680727808,0.487586028589876
0.8,"eld vs kin","89",1.02636637091996e-19,5.95188948664845e-14,1.28067167664354e-15,18.9886975861374,13.22534514127,14.8925621952343,5.77088616464364,4.83374759749858,4.99393426402179,0.443961002731673,0.450480107181192,0.44820261766749
0.8,"eld vs kin","91",0.00238507919006599,1.67751345226753e-07,1.58995403627899e-07,2.62249719681769,6.77533398846321,6.79861543044617,-3.40110730262536,-4.32241662043263,-4.15798443100506,0.579581802591073,0.563818689886608,0.576790067447209
0.8,"eld vs kin","100",0.0330977168192618,2.42490108222252e-05,2.79214325420293e-05,1.48020196413956,4.61530597265806,4.55406230348662,-2.8881574715055,-3.783351911153,-3.4425308804173,0.559311826519841,0.542121111636048,0.559820655449148
0.8,"eld vs kin","103",1.4201189606984e-05,0.00556158652411754,0.00674214680285572,4.84767527405996,2.25480130187406,2.17120179542584,3.15113014423626,2.1510203533114,2.3785168031891,0.461639731508272,0.437280490613503,0.457485836043749
0.8,"eld vs kin","119",1.42768918382719e-10,2.96831417897591e-07,3.97247570883222e-06,9.84536633068398,6.5274901333882,5.40093874976624,3.27636937481784,2.31448390504285,2.59469216073958,0.318814436439377,0.307768260069789,0.318731651328691
0.8,"eld vs kin","121",9.37988750565443e-15,2.37798340032195e-12,3.43198191852257e-11,14.0278023701461,11.6237911813295,10.464455008908,5.44608032417116,4.53327338860272,4.65381752183159,0.499075757825703,0.486630138000156,0.490215158078323
0.8,"eld vs kin","124",1.7472771766767e-06,0.000149475910906251,0.000239520432101467,5.75763819590268,3.82542879130903,3.62065743352109,3.3133625305021,2.5353545755728,2.68823612457292,0.426281809159009,0.434210510343933,0.421684598298753
0.8,"eld vs kin","125",4.57061917231196e-06,0.00092719592155435,0.00441801448402642,5.34002496297091,3.03282848736622,2.35477286467046,3.83212819987755,2.91505619891804,3.11505444835929,0.537386005516764,0.535288693681459,0.538594355737223
0.8,"eld vs kin","130",0.0440153561586513,0.000116153425656446,0.000360951221267508,1.35639577961683,3.9349679772391,3.44255148442595,-2.39388452543133,-3.34665491227849,-3.00977500237002,0.579185130058961,0.568454477088338,0.580003546760067
0.8,"eld vs kin","138",1.62430326616889e-14,7.20909354962202e-11,8.48550839120742e-09,13.7893328824053,10.1421193387682,8.07132213273561,4.73525640481632,3.86827592450032,3.99446197408036,0.442910046686208,0.441136372640991,0.428499608601828
0.8,"eld vs kin","139",0.00280454338614743,3.50280931106658e-07,1.61271517915885e-07,2.55213783708835,6.45558350453377,6.79244232637542,-3.08862957428482,-4.08435423380367,-3.77936319410859,0.538846298206646,0.542491158937244,0.535035143355033
0.8,"eld vs kin","142",0.000487177587218842,0.0437632598759739,0.0330565083035222,3.31231269979037,1.35889033536253,1.48074302204704,2.98824603296787,1.94201015110521,2.18998766954879,0.539675531652904,0.533413161068606,0.539953721888238
0.8,"eld vs kin","151",2.33035741814279e-19,1.48513986711439e-16,2.31705354822518e-16,18.6325774640286,15.8282326435484,15.6350639293391,6.20120331411095,5.33728987980183,5.47668800941462,0.488753983147432,0.479102579080434,0.480445599475472
0.8,"eld vs kin","164",8.97291753581272e-09,2.59202025406563e-06,1.23118642801411e-05,8.04706632354581,5.58636160920786,4.90967618059622,4.01966010459197,3.19668989953264,3.39146970849666,0.460579152540693,0.477728342816995,0.458679246065942
0.8,"eld vs kin","169",0.0345108873991309,1.6432527583165e-06,3.38904999414739e-05,1.46204387329064,5.78429563005284,4.46992202454645,-2.59602467759104,-3.50589959368608,-3.24934987665382,0.523477441300091,0.509928674760993,0.526336499000128
0.8,"eld vs kin","206",2.14437500818291e-05,0.00706592555761381,0.000623268861705458,4.66869926294249,2.15083094234525,3.20532456976659,3.6421718132843,2.75094502141674,2.90951736195916,0.545319631950971,0.533031093708124,0.537320935538566
0.8,"eld vs kin","207",2.61036328434639e-12,4.07560654288658e-07,3.62687182442359e-07,11.5832990476779,6.38980774922428,6.440467792346,4.39901174807927,3.60350314329784,3.70218129008828,0.455647847796873,0.463580968913624,0.464664845013688
0.8,"eld vs kin","222",1.26214559812296e-07,2.23026338876448e-05,6.25056533891483e-05,6.89889054302052,4.65164384478491,4.20408070066113,4.20157219809133,3.11014579429419,3.38837372900869,0.52469747436502,0.503741872292744,0.508418928279335
0.8,"eld vs kin","223",0.00589014272191472,0.00410566400306188,0.000125748917695257,2.22987418185313,2.38661659504992,3.90049574417264,3.11631761273022,2.44125069270179,2.78859478355117,0.537939840642185,0.521036806278518,0.529073253164644
0.8,"eld vs kin","246",2.45715397996907e-07,3.2536220562512e-05,0.00223333689448563,6.6095676271766,4.48763289651823,2.65104575951694,3.78251514114073,2.82076189595021,2.99803707599318,0.480417975838496,0.478941828707603,0.474755108736298
0.8,"eld vs kin","265",6.73241650803517e-07,0.00713376181769618,0.0237105843017787,6.17182902377972,2.14668139499585,1.62505774353714,3.61258818151404,2.67507110761278,2.90474639619615,0.472595421538139,0.469940361031439,0.482969156192251
0.8,"eld vs kin","294",2.81229115675546e-07,0.000758939997899114,0.00494085698288362,6.55093971877794,3.11979255824337,2.30619771693499,3.42195869977145,2.5550184295744,2.67693093271788,0.432654754037773,0.447664102634664,0.442308462684022
0.8,"eld vs kin","329",1.33705987348911e-05,0.000670402348680927,0.000116754411442475,4.87384914461257,3.17366447287214,3.93272670109222,3.43071362879991,2.55096755027186,2.66067677993624,0.427547770735617,0.431869359448406,0.418557848068815
0.8,"eld vs kin","344",1.18872432050504e-10,1.0852116128062e-06,3.16222288552446e-05,9.92491885182817,5.96448556751764,4.50000752259421,3.90690163571171,2.99824868792655,3.2086892824944,0.41871215919698,0.42256711350041,0.418226907267063
0.8,"eld vs kin","435",4.19049453473453e-05,0.0020803998752337,0.00435490772544633,4.3777347214173,2.68185318094283,2.36102104266643,3.58792127638598,2.56789765967662,2.84491148492162,0.557623192912857,0.555585650800936,0.567131856438652
0.8,"eld vs kin","652",3.2445065434366e-06,0.00191597737702552,0.0167815109732706,5.4888513456305,2.71760962317552,1.775168938751,2.7577011670621,1.83674542789814,2.04567592982364,0.357803370513675,0.363355619706304,0.356845188366983
0.8,"eld vs kin","666",0.000964159663911384,1.81100653374085e-09,8.7351074951323e-11,3.01585104139391,8.74207998283753,10.0587317461756,-3.02766095282841,-3.9582321119707,-3.67799301532116,0.417214856838808,0.418203378094105,0.413898901141634
0.8,"eld vs kin","667",0.000116492705884167,0.00555954472443824,0.00212734480788616,3.93370126685624,2.25496077168411,2.67216211234186,3.30581855558208,2.43124756816957,2.68893116299867,0.562734684028345,0.553112573746857,0.571594248016433
0.8,"eld vs kin","670",4.46227637067876e-05,0.00377732423272408,0.00731671065830238,4.35044353523018,2.42281573520443,2.13568411894327,3.01969440676255,2.0698016275722,2.26681980701948,0.439925122660737,0.434578013997454,0.42989574768859
0.8,"eld vs kin","728",1.47554020020652e-18,1.33828410739791e-14,9.22040206425142e-14,17.8310489539105,13.8734516794103,13.0352501407166,4.94142550723324,4.01524290272532,4.23411886361424,0.38809248701395,0.386064217387177,0.381461649390989
0.8,"eld vs kin","744",0.0160118232052146,1.03743271042081e-06,1.87010334107056e-06,1.79555921380948,5.98404006275144,5.72813439388241,-2.8014053922088,-3.71385139096874,-3.50322965732523,0.523949116152067,0.513627793383203,0.521067507837415
0.8,"eld vs kin","786",0.00871078603127515,4.57578080998952e-07,1.56718977395227e-06,2.05994265398855,6.33953478738199,5.80487841081283,-2.98268629953737,-3.79868846933543,-3.63343692154341,0.508400231115628,0.495365595323461,0.512482010265959
0.8,"eld vs kin","809",0.000209979670495166,0.0368583489803545,0.034561353396755,3.67782275011918,1.43346412231229,1.46140925921299,2.47686066928662,1.57781654253542,1.78588562412455,0.382789033412082,0.376621633576883,0.365465093166643
0.8,"eld vs kin","825",5.18771711725836e-05,0.00357953998265145,0.0314729310608327,4.28502371372968,2.44617278224799,1.50206280954088,2.98650157891292,2.11157943129617,2.29600912712822,0.462259012695538,0.45437271354794,0.455281876057553
0.8,"eld vs kin","854",4.84144758279306e-09,1.8453207834918e-06,9.67601635203362e-06,8.31502476578882,5.73392812685412,5.01430340637134,4.03405062826795,3.13696448764737,3.36937802266999,0.466705189232021,0.456153506569044,0.470900097237477
0.8,"eld vs kin","857",0.00196677800389877,0.0400274626375879,0.0375776110936427,2.70624465742825,1.39764193918344,1.42507083258637,2.50505795280751,1.72467946491562,1.91971696388567,0.404057130501454,0.416830708667506,0.40970573194618
0.8,"eld vs kin","886",6.89870326820478e-14,2.91946998018837e-11,1.23505583919032e-10,13.1612325348262,10.5346959860765,9.90831340669257,5.415912194706,4.47522874695701,4.59314188390956,0.525350849472861,0.507850189815534,0.516363896603468
0.8,"eld vs kin","888",1.48404933638241e-08,1.45026022256095e-05,7.06701702153163e-05,7.82855166094211,4.83855406460461,4.15076386264759,3.56748619397594,2.69767443959786,2.93664825549871,0.438133174411567,0.439144562810909,0.444006273388056
0.8,"eld vs kin","922",5.61430359311927e-05,0.00538133993004609,0.0326539860863917,4.25070410661937,2.26910957344684,1.48606379663516,3.09128282702946,2.25692466717645,2.45249274724468,0.490664321756962,0.457785908543035,0.481947688022879
0.8,"eld vs kin","926",2.25812453158058e-05,0.00811461015881177,0.00141355151053401,4.6462521111768,2.09073233966322,2.8496883609749,2.88820334110282,2.03167294847786,2.29584689240406,0.419415635030924,0.426154978969919,0.428674632635057
0.8,"eld vs kin","929",2.5713687304974e-05,0.00850856854232622,0.0138971291599679,4.58983564170096,2.07014349825386,1.85707490613117,2.9750501024817,2.07866256950744,2.39964305098224,0.481405492042602,0.460811437123524,0.465389835288058
0.8,"eld vs kin","944",8.89813200303548e-09,7.25174724827308e-05,0.00092868090100649,8.05070115581829,4.13955734117239,3.03213348593984,2.79128348768673,1.88178608459559,2.10975696603043,0.296802097867358,0.294812496140213,0.29511554797052
0.8,"eld vs kin","947",3.15653032553252e-16,4.67107140940478e-13,2.8269740041568e-12,15.5007900339469,12.3305834933473,11.5486781851091,4.96658981449151,4.10618254409752,4.34077897492272,0.424927616117009,0.42502642454306,0.441859510949674
0.8,"eld vs kin","978",1.02856561166458e-28,6.28346998426687e-23,2.83834258095035e-24,27.9877679996669,22.201800455175,23.5469351874419,6.83291987158349,5.96821935331868,6.23057545049046,0.407536889976866,0.410151559113205,0.417634074032674
0.8,"eld vs kin","984",3.93565051037003e-23,4.41393775267623e-15,1.07820191970403e-15,22.4049834743049,14.3551737957461,14.9672998992593,5.66215886134263,4.8728512264189,4.96707168881225,0.402931217836903,0.425249175824148,0.409358517087432
0.8,"eld vs kin","988",4.8363963333942e-08,2.47193232742522e-05,0.000310941417839088,7.31547811675394,4.60696342283407,3.50732142546105,3.9875799946171,3.12753513282937,3.25257956118539,0.523958481907792,0.53868552640968,0.52968817831626
0.8,"eld vs kin","991",0.00678831131981585,8.69919639722016e-05,1.19268354496099e-05,2.16823824864992,4.06052086420577,4.92347477251439,-2.92983207015043,-3.85055853678101,-3.68059781717944,0.56890472297236,0.571844375055176,0.568926805916845
0.8,"eld vs kin","1014",0.00106383868694291,2.06790097117263e-07,2.87822992444206e-07,2.97312422042611,6.68447026282328,6.54087451584489,-3.51176801820945,-4.42078956290906,-4.12781857937329,0.516786095531591,0.523674521334138,0.515700771675587
0.8,"eld vs kin","1019",5.92022453061045e-05,0.0102382703747969,0.017005449974454,4.22766182189938,1.98977340567737,1.76941187188552,2.82503646265144,1.93847771456007,2.11954735518745,0.435726344201302,0.428675988194892,0.42517339961741
0.8,"eld vs kin","1020",1.70336893049856e-07,0.00159625530401134,0.00349739456178787,6.7686912785629,2.79689764665944,2.45625536959495,3.17348876147393,2.26582175060389,2.42894042823442,0.412088298361091,0.427782842250002,0.423766122302048
0.8,"eld vs kin","1021",0.0317250335053449,7.51975906601507e-07,2.62880076588281e-06,1.49859791056726,6.12379607403288,5.58024232738032,-3.04872685706879,-3.92246937651409,-3.67423755058352,0.552776543563072,0.559519761006445,0.555906659647348
0.8,"eld vs kin","1023",0.000117599054401756,0.0285526800239367,0.0215535995604675,3.9295961703496,1.5443531215694,1.66648019006454,2.76074057780826,1.95033571728793,2.18297869445721,0.490135788499015,0.469155106965762,0.481346481409488
0.8,"eld vs kin","1027",0.000120401465350717,0.0329060425746794,0.00218191268955468,3.91936822744815,1.48272434472853,2.66116263193433,3.42630546507797,2.40544073727123,2.60904113211288,0.513199022899417,0.517547401928764,0.51175515673163
0.8,"eld vs kin","1030",7.21093944627167e-14,1.15520820646342e-12,3.06137541365394e-13,13.1420081514035,11.9373397345865,12.5140834100037,4.95424496361792,4.01270196940669,4.31155007137803,0.431603155468951,0.427850440101179,0.436774084054958
0.8,"eld vs kin","1043",4.55842112248424e-05,0.000844883363292782,0.0015405417517546,4.34118555569737,3.07320324155282,2.81232652694073,3.22588897942171,2.37068013991082,2.53133598800033,0.42294424097477,0.419681023776433,0.434008121431564
0.8,"eld vs kin","1059",0.00149938183642493,0.00398486142181057,0.00550568778194056,2.82408775451979,2.39958677710086,2.25918842033553,3.36285208281425,2.59635399398703,2.8111824524344,0.578678748897471,0.582084761629168,0.584941656136143
0.8,"eld vs kin","1074",1.60853530899703e-21,5.37557819843487e-16,4.17487430867968e-18,20.7935694014488,15.269574816085,17.379356595119,5.82448641956962,4.89428136842606,5.0979218047936,0.392626073540687,0.395623564102416,0.386374492967172
0.8,"eld vs kin","1076",2.61550613690756e-17,9.0675441932958e-14,2.68279360378768e-14,16.582444256626,13.0425103190828,13.5714127377582,5.3428906772062,4.42886451731325,4.67893278026147,0.42569720047243,0.42068802751804,0.42453359456143
0.8,"eld vs kin","1082",7.26503298615748e-07,7.43863981222962e-05,0.000235009540386664,6.13876240949072,4.12850646983689,3.62891450686366,3.70584562437296,2.91792387508958,3.15978497593385,0.48194339117085,0.496815913889869,0.496781975982736
0.8,"eld vs kin","1089",5.02033066967082e-17,8.01126436077184e-13,1.32130025858396e-09,16.2992676766231,12.0962989369029,8.87899848001711,3.79130957297855,2.88642893780795,3.09600934945355,0.289468520216906,0.281138451956956,0.288585759218381
0.8,"eld vs kin","1098",9.87494451060058e-30,6.84780203382429e-28,3.26526563185647e-25,29.0054653360871,27.1644488033631,24.4860814827635,7.79390242682385,6.83697438327978,7.11562918286948,0.446568571622804,0.441148664390244,0.451712046589068
0.8,"eld vs kin","1105",0.00030232131743246,8.51881743387424e-11,1.3644665084143e-09,3.51953122855201,10.0696206889878,8.8650371198617,-3.7592882119905,-4.70366728295328,-4.49318472427911,0.503116618970998,0.496535178722067,0.514917041275441
0.8,"eld vs kin","1108",1.16484620923613e-06,0.000236833218083115,0.00444514998338281,5.93373140930662,3.62555738379697,2.35211358095774,3.32958626835353,2.4368449300768,2.54634862315901,0.43121265849626,0.421679498490778,0.42253440091344
0.8,"eld vs kin","1112",0.0398315907661845,4.75663805096821e-06,7.88502737850026e-06,1.39977234869536,5.32269989429121,5.1031967943692,-2.68232790809391,-3.62647312980937,-3.47994044714354,0.534585062922963,0.538821377824409,0.53531104380761
0.9,"cent vs mage","4",6.36876410615271e-17,2.56378882296261e-07,0.0227456638225399,16.1959448367311,6.59111775013571,1.64310138394903,2.67061012498641,2.10816868690902,1.79237572645528,0.182866530809861,0.199067046021475,0.183010669047705
0.9,"cent vs mage","7",9.12710251315352e-16,2.8518219481128e-11,1.47041934185833e-07,15.039667071564,10.5448775929036,6.83255879322191,4.66637706185492,4.08780691275873,3.75837667800301,0.418171064311442,0.419491899125869,0.417419303655823
0.9,"cent vs mage","8",3.6275504359612e-08,0.00032692413127344,0.0346591550814425,7.44038654059736,3.48555302162794,1.4601820286948,2.74722188382667,2.18306730554335,1.8568596547231,0.31377143050038,0.308176322360598,0.314496334301242
0.9,"cent vs mage","9",2.50477143037908e-08,0.00149523467511224,0.0396787302761452,7.60123189896008,2.82529064004329,1.40144223376802,2.48836686494925,1.92700871657753,1.60493883382749,0.271234118601089,0.263199257831334,0.272015289146387
0.9,"cent vs mage","11",1.15161037458502e-08,0.000444167292526331,0.0344501462591631,7.93869443132024,3.35245342507237,1.46280892994177,2.68572891167494,2.12669823882667,1.80058499701677,0.2952614027459,0.310702645902637,0.296863116834632
0.9,"cent vs mage","14",7.5502878938907e-15,3.21296088143114e-08,0.000673059855239577,14.1220364883252,7.49309456205571,3.17194631223313,3.17766491116797,2.61278091926425,2.29236892955178,0.260168528684855,0.262708145172012,0.259318559367982
0.9,"cent vs mage","19",3.64543284777083e-08,0.00019742395729844,0.0320147687534921,7.43825089745914,3.70460014705039,1.49464963078953,2.98433524667688,2.41563252392159,2.10636367173658,0.344503404269494,0.33415351993574,0.343343960370271
0.9,"cent vs mage","20",5.40969464719972e-14,6.21155534259722e-08,0.00201321271101987,13.2668272481612,7.20679964102594,2.69611033621829,3.15356676293054,2.59103162169811,2.26968260138919,0.268192537493413,0.265806334255001,0.268946320591829
0.9,"cent vs mage","21",6.52846300560088e-16,1.97736027861521e-09,0.000184878566992666,15.1851890525313,8.70391419423748,3.73311343376429,3.32882256926719,2.77498844479867,2.43994622332663,0.261359625784168,0.264092023235623,0.260840320101757
0.9,"cent vs mage","23",1.31171609110543e-09,0.000146094482203314,0.0341589129900307,8.88216015383909,3.83536618648806,1.46649595794623,2.60433798441674,2.04425682318707,1.72700655602109,0.266954563491469,0.261761813236413,0.267255486287928
0.9,"cent vs mage","24",8.37224585536302e-11,2.20079356964119e-10,1.9676963447792e-07,10.0771580268623,9.65742069155395,6.70604192112918,4.92593739149229,4.39515156226279,4.07476367833585,0.497506319134482,0.477561610395946,0.490144472051896
0.9,"cent vs mage","26",2.0449811196847e-11,1.26399140975157e-06,0.00103347399301562,10.6893106972677,5.89825587756484,2.9857004477565,3.5277449349705,2.99970677497501,2.6740767769058,0.369032041427128,0.372519465218738,0.372864796388222
0.9,"cent vs mage","32",2.57629316167085e-11,1.27804002673461e-05,0.0318390923241745,10.5890047192424,4.89345554436404,1.49703932172021,2.61184151608184,2.04510254130003,1.71756166883007,0.228793134207212,0.224069148093715,0.228408826481137
0.9,"cent vs mage","39",1.44551042848983e-10,1.93683156903423e-07,1.62218054088942e-05,9.83997877080809,6.71290814480464,4.78990081254862,4.07941205819709,3.5491745022338,3.1744709991157,0.41629750911607,0.426211965313931,0.41661942063347
0.9,"cent vs mage","42",1.49425918845359e-12,2.05797928212066e-07,0.000673298659692372,11.8255740649355,6.68655900163674,3.17179225006315,3.93935618632915,3.35957364155312,3.0156579732822,0.412113576297385,0.410907083378752,0.411633544158367
0.9,"cent vs mage","55",4.49111876455201e-08,0.000241251493878927,0.0346041251464934,7.34764546016606,3.61752998873498,1.46087212601731,2.96216181442855,2.39506109262258,2.05727615235418,0.357253781274579,0.367013723473801,0.357460505935526
0.9,"cent vs mage","56",3.26202888143355e-10,6.27402250904679e-07,0.00847532207071534,9.48651219811129,6.20245392753542,2.07184378918662,3.45202773633552,2.92197828517615,2.54767882972962,0.372427358187439,0.363386245877195,0.371279676378563
0.9,"cent vs mage","69",5.45007431587492e-08,0.000738181723172417,0.0152844079022301,7.26359757575008,3.13183671181393,1.81575138060651,3.13485548479776,2.60443874337373,2.22985670509436,0.382361936044527,0.398128675410938,0.385070938968342
0.9,"cent vs mage","90",3.47062618999922e-10,3.17877680151452e-05,0.032049067732412,9.45959216027358,4.49773996509361,1.49418459904868,2.8559842058153,2.25939683189678,1.92481740268546,0.283453067610067,0.292006875646004,0.280637199391155
0.9,"cent vs mage","92",9.08721511279126e-09,0.00197305153213141,0.0443339772180977,8.04156919119559,2.70486157170268,1.35326330622845,2.38757122789777,1.83375041108187,1.51403188608961,0.23922320302003,0.245570121710355,0.240486270199811
0.9,"cent vs mage","106",5.4110695682389e-11,9.3483212624501e-07,0.00652409809876991,10.2667168824585,6.02926637115017,2.18547951736902,3.22808756523129,2.68758766835379,2.33601763390847,0.33466687344813,0.328273375535554,0.333790023994584
0.9,"cent vs mage","114",4.58990741277045e-05,5.46528049988764e-07,1.484907763003e-08,4.33819607492645,6.26238754342568,7.8283005222814,-3.17867202400844,-3.73772487028375,-3.99839955155819,0.49108335449958,0.462240720459539,0.475085259142051
0.9,"cent vs mage","132",6.11891077227089e-06,1.55854062919292e-09,9.04964008822488e-12,5.2133258797651,8.80728187172895,11.0433686927071,-3.86982077410337,-4.4119720223354,-4.69665119580386,0.486273770698023,0.475322798054807,0.492926894345796
0.9,"cent vs mage","142",1.7781781918825e-07,0.000188974129332745,0.00281424093518997,6.75002472037726,3.72359764692236,2.5506387241208,4.02152516992033,3.57738219372417,3.22547682670329,0.546763247783076,0.541324561750723,0.537904756384497
0.9,"cent vs mage","143",8.83133364100257e-06,3.97637056913369e-08,1.52650676530469e-09,5.05397370761231,7.40051314926702,8.81630126661721,-3.34651967374039,-3.88865668398336,-4.30485231428805,0.454825976952991,0.449864003228372,0.450475582368955
0.9,"cent vs mage","168",1.53118345862386e-09,4.6583618560785e-07,0.000101782813715709,8.81497277122553,6.33176677900566,3.99232554752526,4.03136869016429,3.51778140832315,3.1284257233912,0.443442969468201,0.448374570941406,0.461393708529168
0.9,"cent vs mage","210",5.5874883219074e-08,1.45945226968462e-10,3.457090400986e-11,7.25278337155334,9.83581010372602,10.4612892637506,-3.85296888519377,-4.39952684315311,-4.6960324256034,0.451768319078412,0.45638253383217,0.454689032616873
0.9,"cent vs mage","212",1.29489518482457e-07,0.0111518313661035,0.0409874410249228,6.88776538408821,1.952653806438,1.3873491952099,2.85106073315766,2.28382154876833,2.00115148847111,0.373958853621022,0.377626135767895,0.367378238636794
0.9,"cent vs mage","219",4.27854407823399e-06,5.35461851393029e-08,6.82599216680769e-09,5.36870398948159,7.27127146473813,8.16583421443332,-3.38188921910447,-3.99116276472798,-4.36181331262543,0.457600480730972,0.463370678264756,0.471248602843546
0.9,"cent vs mage","294",5.95948627948872e-06,2.70041281211553e-05,0.00651425795667858,5.22479117576297,4.56856984016704,2.18613504789827,3.27659899561736,2.87014037986058,2.49811407631647,0.381814115086209,0.377610247462793,0.388208110943658
0.9,"cent vs mage","353",0.00239680673658657,4.10567929539514e-05,1.37974139026302e-07,2.62036698332882,4.38661497743981,6.86020230729925,-2.75429759960616,-3.26443799881596,-3.65924498374253,0.45320752217415,0.446765730661626,0.461485214736652
0.9,"cent vs mage","652",9.21748567294986e-09,0.00236366966188352,0.0314631669412789,8.03538752875994,2.62641321901146,1.50219756537772,2.8180234286502,2.26477815262575,2.01662563689383,0.313789100708588,0.301566911088682,0.310158639468079
0.9,"cent vs mage","671",5.40749022968593e-08,7.82982013297122e-05,0.0173986109822854,7.26700425657631,4.10624821446253,1.75948542222361,3.02898899010876,2.47947182080793,2.13761749776389,0.362293004496031,0.356510655701336,0.359426195414335
0.9,"cent vs mage","675",0.0130632325905905,0.00857901074012399,5.3621366004338e-06,1.88394934047754,2.06656278847706,5.27066212655997,-2.39548911303819,-2.99386558828337,-3.33943524106635,0.465634140247784,0.458770812668697,0.469464289928273
0.9,"cent vs mage","728",7.73151309382226e-12,8.50013971803786e-06,0.0168044054657401,11.1117355042716,5.07057393566522,1.7745768481166,2.98875147609835,2.43871229148365,2.10015203458363,0.308802911753526,0.304659036634751,0.304232038807843
0.9,"cent vs mage","829",2.54809746821611e-07,0.000279717687323591,0.0325990629412463,6.59378396366054,3.55328007111804,1.48679488353007,3.08302674860963,2.47025987544841,2.17565570996008,0.397148058778866,0.379726935151027,0.39578915693009
0.9,"cent vs mage","848",3.51608842236711e-06,0.000737867780562122,0.0336180451441888,5.45394021185104,3.13202145296929,1.47342754395351,2.89168547630423,2.288704108788,2.01391043431902,0.338186987444631,0.330421644225524,0.336807704996442
0.9,"cent vs mage","854",1.74708962240661e-07,8.79344905757617e-06,0.00140995948961458,6.75768481595679,5.05584074803516,2.85079336513866,3.96245255653428,3.29925566958173,2.99019797483462,0.463495003781379,0.457880907216895,0.45238409102246
0.9,"cent vs mage","857",1.40744470837665e-05,3.50975622600345e-05,0.0320516134029226,4.85156865744897,4.45472304688976,1.49415010423095,3.04870904624856,2.43711181510814,2.09404582186991,0.333681297144689,0.329860514407468,0.340258419113692
0.9,"cent vs mage","886",4.37160617852353e-06,0.00107905379603616,0.00955653398238681,5.35935896890847,2.96695690310277,2.0196995915378,3.75300424974503,3.26909759978575,2.85165918793648,0.523617964318875,0.516377658918028,0.519870028162832
0.9,"cent vs mage","921",0.000171398532188509,7.63774276972088e-09,2.49399802298196e-10,3.76599290157945,8.11703497224864,9.60310389512707,-3.31497797339596,-3.83338447437761,-4.29047279070158,0.471816178418989,0.457513961167727,0.476581441209237
0.9,"cent vs mage","978",1.92430138180064e-08,1.35425211577754e-06,0.000722421433270269,7.71572690828436,5.86830047723251,3.14120937757146,3.81038333474545,3.31576474126139,2.95108672695841,0.4508466582667,0.44983168205936,0.44218487824743
0.9,"cent vs mage","984",8.56644514296713e-07,0.00041577520279443,0.021298014465695,6.06719936186668,3.38114141594415,1.67166088232586,3.2213082855318,2.65041006630997,2.33337258558645,0.409762688925976,0.415787444055838,0.416878576959067
0.9,"cent vs mage","989",3.82833039888335e-05,0.0027782230449699,0.0443935875846963,4.41699058807915,2.55623289059584,1.35267975686066,2.96239746919442,2.34650064866092,2.02161534191243,0.391858902547942,0.372604026002548,0.392017830716601
0.9,"cent vs mage","1017",2.41826459455502e-05,0.00947208798874777,0.049142255339393,4.61649618252057,2.02355427632532,1.30854491584583,2.76436082494241,2.25474118566237,1.9448761139608,0.396033278993196,0.382255632476351,0.385762186050893
0.9,"cent vs mage","1019",0.0390403078092102,0.00465289285573356,2.98711571199642e-06,1.40848676684258,2.33227694804688,5.52474795379085,-2.16459033745485,-2.73054815708674,-3.03849254633478,0.403538851204715,0.392062795840425,0.386339187904149
0.9,"cent vs mage","1030",4.34240516363793e-06,0.00712368367704149,0.03955923381411,5.36226965759209,2.14729537337014,1.40275212843802,3.00356943482196,2.430011750971,2.08669419669572,0.395201365155097,0.407599758993141,0.408523733847467
0.9,"cent vs mage","1043",1.36292988875064e-10,2.6766560318036e-05,0.0312697422551788,9.86552648437947,4.57240743497206,1.50487569846973,3.21557641516493,2.73689022120245,2.36191716359648,0.323826568679438,0.322039184215734,0.328482516141676
0.9,"cent vs mage","1074",5.22470332741452e-12,9.65151604366655e-07,7.57783740167337e-05,11.2819383649154,6.0154044630619,4.12045471765612,3.84788299490701,3.28685274067221,2.88105407372034,0.375880533814699,0.380090874288203,0.386268122539552
0.9,"cent vs mage","1076",3.36886170868733e-05,0.0101900179564153,0.0253219094173451,4.4725168163821,1.99182505069768,1.59650354912266,3.07489865212891,2.51148433319814,2.15991873326493,0.427728585455906,0.428808721921892,0.432709315190543
0.9,"cent vs mage","1087",1.57735986764384e-10,2.53635407153539e-07,7.91908292451324e-05,9.80206921301079,6.59579011964662,4.10132510930496,4.40774120661986,3.81918424695938,3.41323551418547,0.496265934631963,0.491770220415744,0.49798944010907
0.9,"cent vs mage","1098",1.49678612325612e-15,5.35735067645352e-12,2.10658121431033e-08,14.824840251845,11.2710499250544,7.67642179300667,5.0089181389376,4.46009967771821,4.11155902085459,0.438153718562753,0.441676243844416,0.439301461759392
0.9,"eld vs kin","3",1.0385803848878e-09,1.55014889813287e-14,5.99132549128356e-12,8.98355988395109,13.8096265840673,11.222477085813,-4.01955342877157,-4.72074373065541,-4.72894649430782,0.447121486155662,0.430636927374236,0.44694412717437
0.9,"eld vs kin","4",8.22733326116861e-18,2.18552950091311e-05,1.80081727566901e-13,17.0847409105514,4.66044332690148,12.7445303516972,3.21156555604706,2.49500048987988,2.49223739395694,0.220805823064593,0.227310617558427,0.219557904772633
0.9,"eld vs kin","5",0.00417713143778175,4.40736574024559e-06,6.75925143078976e-05,2.37912185899266,5.3558209085598,4.17010139835994,-2.05651456116377,-2.76666776768184,-2.76700768891195,0.38377857512582,0.384397198148153,0.384878011218352
0.9,"eld vs kin","7",3.68590361717565e-34,7.34211826504499e-27,2.11154689328955e-29,33.4334560253503,26.1341786242664,28.6753992693086,8.27298166568601,7.54962446745458,7.54879325177578,0.458296150078089,0.464974904155897,0.463456542404615
0.9,"eld vs kin","8",5.58920172958738e-05,0.0342329301121743,0.00184840346400765,4.25265021522475,1.46555592653881,2.73320322626132,2.70351483036583,2.00223049137214,2.01268114313649,0.392612869405909,0.380274564253883,0.395348328550768
0.9,"eld vs kin","10",0.042337975147614,0.000249315456168395,0.00127089447898538,1.37326991635076,3.60325079682486,2.89589050695725,-2.00991626508481,-2.72287740479844,-2.73744432616739,0.473330843072217,0.483143570198821,0.475410760693486
0.9,"eld vs kin","11",1.22883108804049e-13,2.24656288041416e-06,9.76180835689713e-11,12.910507810013,5.64848142116857,10.0104697226331,3.91019764067922,3.1796906235393,3.18530676856236,0.350350485106186,0.347203318014246,0.346418583369865
0.9,"eld vs kin","14",1.03290912569401e-15,6.31270548217794e-06,3.49692663612828e-12,14.9859378855914,5.19978447210915,11.4563134788886,3.53420679482699,2.82867850676396,2.81558585832731,0.275945179262472,0.280545323297988,0.275074264547186
0.9,"eld vs kin","15",4.73947767763912e-08,0.00120866086125858,1.61946909411147e-06,7.32426951786566,2.91769554094701,5.79062733563461,3.6485331524865,2.94259962913263,2.92927154211906,0.430108487908233,0.444445493718745,0.430248926920555
0.9,"eld vs kin","16",3.85437248729653e-18,5.88736543888234e-08,1.92373312150593e-14,17.4140463173504,7.2300790059469,13.7158551775667,3.70582655351639,2.99443915238406,2.98984425649215,0.267403331727401,0.262346679230069,0.266816753674195
0.9,"eld vs kin","21",1.78313183073154e-25,5.28396617079957e-15,4.91799715134834e-22,24.7488165473222,14.2770399715045,21.3082117271536,4.77269568983731,4.07016861405872,4.06959106803791,0.293233269684137,0.295900175768924,0.293689577445937
0.9,"eld vs kin","23",1.50304483327232e-09,0.0044422188142628,7.10856010839003e-07,8.82302806495376,2.35240005283699,6.14821835993265,3.09614741059757,2.37443674266817,2.38682487507102,0.308639082117174,0.295012877669373,0.312823867125871
0.9,"eld vs kin","25",2.93026582367492e-09,0.000236132649304896,2.82329245943346e-07,8.53309298015149,3.62684396026292,6.54924413179309,3.74643452401635,3.02631557308479,3.04275062662832,0.42346408916049,0.41854276625663,0.425414801439484
0.9,"eld vs kin","26",9.85646795703122e-08,0.0119674993713394,7.97135890414768e-06,7.00627868562487,1.92199658665979,5.09846763666333,3.13197285132499,2.41351375564159,2.43147385446997,0.363688384490627,0.365342933885932,0.365635753556142
0.9,"eld vs kin","29",1.31975499519001e-10,0.00122422225024706,1.21738361873887e-07,9.87950668554648,2.91213973146017,6.91457254646274,3.13660071037403,2.4166693809389,2.42231536874105,0.293707472537734,0.289585579736875,0.292116738647464
0.9,"eld vs kin","31",1.06427915104711e-08,0.000188685961678062,2.65655551011136e-06,7.97294444548203,3.72426041034142,5.57568110484998,4.2904151100586,3.59476635367252,3.57182719157368,0.532951875448413,0.527671607427149,0.537723136292007
0.9,"eld vs kin","32",4.07873349327772e-06,0.0328532374177977,0.000680399816530929,5.38947467079963,1.48342182782693,3.16723581216649,2.44591317569474,1.7412950244796,1.73510473203052,0.292269649267247,0.276963604298083,0.292540765132006
0.9,"eld vs kin","33",0.00137431368551983,1.95544114566132e-06,1.6225957712075e-05,2.86191412874536,5.70875525079299,4.78978966021053,-2.51180084608692,-3.20713591940326,-3.2193226884065,0.459992808387165,0.455480302981977,0.459829705031915
0.9,"eld vs kin","36",5.8456482025406e-10,0.00974075676033251,7.92677502330515e-07,9.23316732450589,2.01140730143047,6.10090346772103,2.79857743991498,2.08928674506585,2.08864021133357,0.26114448258613,0.25465325966908,0.26278544667305
0.9,"eld vs kin","47",1.58809332876934e-05,0.00825568610830087,0.000298276093035515,4.79912397862271,2.08324682783222,3.52538155414324,3.53242359146853,2.83700261175281,2.76759474169039,0.533437192395264,0.539054977854564,0.527939497850808
0.9,"eld vs kin","49",1.62757241186017e-05,0.0336304573177152,0.00128677824307372,4.78845968025795,1.47326722696994,2.890496290786,2.66582551263238,1.98128526978928,1.96449244048532,0.363148220498819,0.359828999531034,0.367139806781338
0.9,"eld vs kin","55",6.88554577050638e-07,0.0147476110326375,4.88343640816251e-05,6.1620616304651,1.83127832540596,4.31127446326699,3.19352117158217,2.52868624587514,2.47120064992555,0.417309801317104,0.426341974382506,0.414484263750419
0.9,"eld vs kin","58",9.50616246967104e-05,0.0388790796748797,0.00495478982036604,4.02199476745777,1.41028402401459,2.30497476333637,2.56732545864638,1.82090328156684,1.81237184188692,0.379345731329991,0.354961830625007,0.371429858648381
0.9,"eld vs kin","61",6.7228313361725e-07,0.0314616954253992,7.74257747190974e-05,6.17244778428126,1.50221787757874,4.11111444041682,2.93293792496727,2.20063921571062,2.1832463199258,0.367394690522352,0.358875281859818,0.356296467210484
0.9,"eld vs kin","65",0.013616519856804,3.59900448176181e-06,8.30341753525489e-05,1.86593387627891,5.4438176125293,4.08074312313926,-1.97648829880002,-2.69545093746514,-2.66308293559031,0.366543680368293,0.374541866783797,0.366187543572854
0.9,"eld vs kin","67",1.41372158539895e-09,1.33771390955125e-11,3.62374432544277e-10,8.84963611092835,10.8736367571126,9.44084245171444,-4.70545575242064,-5.37757747610555,-5.36209758020054,0.563433672062541,0.556820107944518,0.56328939756664
0.9,"eld vs kin","70",2.81868416918338e-05,0.0108819918194753,0.000923540316877429,4.54995358367615,1.96329160491036,3.03454414081366,3.22170372673415,2.58987432701264,2.57530686885985,0.508907812716153,0.524928543566769,0.514305749336188
0.9,"eld vs kin","71",0.000323143238060579,0.0222445776887582,0.00113850262794125,3.49060492748292,1.65277583487808,2.94366596259028,3.42229997937164,2.67195530566802,2.67592676134436,0.529649330986846,0.535430266930918,0.54707765689617
0.9,"eld vs kin","74",3.80932966959057e-09,0.00142483591115486,3.9048538926457e-07,8.41915144070515,2.84623514757355,6.4083952114166,4.41946948362179,3.80919719450372,3.76104371195518,0.49318639605738,0.512835274888764,0.495627144103409
0.9,"eld vs kin","77",6.35786490064937e-07,0.014928868725579,3.72126277662186e-05,6.19668870472037,1.82597310083848,4.42930966123152,3.06290953436106,2.30576375841149,2.36674526359026,0.370184184803284,0.354469019664911,0.372933841224779
0.9,"eld vs kin","79",0.000130195661484049,7.12257034482918e-08,2.03340671753979e-07,3.88540348754149,7.14736325283327,6.69177574604619,-3.0334389892449,-3.77616686246856,-3.71665511066101,0.482801791859795,0.475366000337361,0.475532891195669
0.9,"eld vs kin","80",3.39648465293137e-09,0.00638971214705376,4.24743808530659e-06,8.46897034343518,2.1945187061236,5.37187294310181,3.18325114774735,2.46396171078765,2.46410644774756,0.348513625146361,0.358829514729947,0.344266265124578
0.9,"eld vs kin","82",0.00290617031696708,6.08261380509913e-06,9.32966202438454e-05,2.53667893733618,5.21590975671458,4.03013408868688,-3.06753743724137,-3.81959306090174,-3.93063335532114,0.598211090787083,0.569973801044317,0.605895426080419
0.9,"eld vs kin","83",0.00256866334523672,4.06103223627889e-05,7.06073639160725e-05,2.59029281161015,4.39136356308754,4.15115000232868,-2.72278422628989,-3.42087301816184,-3.37082512200986,0.525736354493415,0.489684057121048,0.525198495759174
0.9,"eld vs kin","84",0.000113821967366827,1.12518581804982e-07,1.01898924168639e-06,3.94377391205775,6.94877575036173,5.99183040117601,-3.04501218886995,-3.73119516662587,-3.75128418580603,0.485190190086252,0.448912695393181,0.477888144355817
0.9,"eld vs kin","87",0.0415452859216481,0.0015486853830846,0.00438094206336802,1.38147824779715,2.81003680061926,2.35843249019684,-2.10008424265872,-2.80885050685433,-2.80101608051221,0.523372664222424,0.514329227046949,0.519126814122154
0.9,"eld vs kin","89",1.47518540785852e-19,3.87783082545029e-11,9.90330643933999e-17,18.8311533921946,10.4114111414089,16.0042197823097,5.62668901037631,4.91013289192689,4.93535125883377,0.447022024114131,0.446790069376976,0.441936046699129
0.9,"eld vs kin","91",7.0704747616757e-05,3.99224630060283e-07,1.01123028435492e-07,4.15055142362129,6.3987826728724,6.99514993260275,-3.46134757097621,-4.29541807674244,-4.30243915206331,0.573234408382341,0.563248280279869,0.580089117462086
0.9,"eld vs kin","100",0.00147208268979619,2.01916371067404e-05,6.41238201689695e-05,2.83206779413333,4.69482846770321,4.192980612505,-2.93437694467496,-3.70195078829273,-3.62943211930862,0.558066244361843,0.540749466556427,0.55838129632276
0.9,"eld vs kin","103",3.97721873461535e-05,0.0301299471291862,0.000918195201573573,4.40042052351636,1.52100163040838,3.03706498115785,2.98389889063523,2.3072164428135,2.29746016429968,0.460368676817917,0.439481118062078,0.447428515384987
0.9,"eld vs kin","111",0.00158651011813854,6.30860288867203e-06,0.000645147471414517,2.79955715379507,5.20006680952323,3.19034100055697,-2.49270215451675,-3.16615689434561,-3.13482502118008,0.453072446033014,0.437926243142714,0.466658593058555
0.9,"eld vs kin","119",4.14250465607588e-09,0.00061335417110227,5.38582426814805e-07,8.38273699477177,3.21228867696936,6.26874782110993,3.18971999414344,2.42941125078473,2.43513317834384,0.328736990183299,0.310683116311374,0.316867404975392
0.9,"eld vs kin","121",1.16393070607128e-13,3.62977087270419e-07,1.17738523989125e-11,12.9340728743826,6.44012078869966,10.9290814129556,5.32677495806504,4.60365445246849,4.53280143734563,0.496514263763338,0.482824135946593,0.486899120744433
0.9,"eld vs kin","124",3.12437770674679e-06,0.0125242954491043,0.00072657279864997,5.50523646966019,1.90224669589366,3.13872086523652,3.28579387736276,2.60700144810382,2.51215812983047,0.441877677169942,0.438236140029488,0.436489815798731
0.9,"eld vs kin","125",5.00112762147413e-06,0.00207467354898216,0.000880084660720848,5.30093206274991,2.68305023005036,3.05547554840053,3.6989580717877,3.07012943676416,2.93062633715867,0.542726813396345,0.538498453019971,0.547072818063711
0.9,"eld vs kin","130",0.0294026801159974,0.000671768626141514,0.000658973674319112,1.53161308093008,3.17278028303647,3.18113193491481,-2.51486071391627,-3.27000970586225,-3.24823787318709,0.591414730523092,0.587901034226016,0.58505772260311
0.9,"eld vs kin","138",3.56774824081031e-13,1.23273055860512e-07,1.30722462971074e-10,12.4476057993308,6.90913183800153,9.8836497780954,4.59191724345247,3.88873243989521,3.95915261325533,0.432117269715271,0.436020178276007,0.43015229499584
0.9,"eld vs kin","139",0.000305179907210979,4.21671046874424e-06,5.1730437346813e-06,3.51544406336019,5.37502621784772,5.28625384990129,-3.19082930716409,-4.02480357512824,-3.93389136309364,0.542482355409559,0.531445720941064,0.536895899008893
0.9,"eld vs kin","151",3.92727128724203e-19,5.73106148144647e-15,2.37123926668474e-15,18.405909097588,14.2417649325107,14.6250246219146,6.09965845479781,5.48386972406916,5.361934548162,0.471726092396503,0.490198884202675,0.475567330696775
0.9,"eld vs kin","163",0.0366992392758299,0.00579957915162594,0.039646012607436,1.43534293797498,2.23660352001601,1.40180048526107,-2.2143039509591,-2.77951759715318,-2.80034185184354,0.57091594900303,0.569541267890016,0.574884672055469
0.9,"eld vs kin","164",9.94248192950285e-09,0.000346304649803462,4.50063118573619e-07,8.00250518967307,3.46054167717584,6.34672657483365,3.85166530569208,3.26100896378935,3.27981052945578,0.444218187300013,0.47852136818919,0.461418272759045
0.9,"eld vs kin","169",0.00496006082609273,1.34979870066211e-05,4.64762447000252e-05,2.30451299764802,4.86973099425327,4.33276897037556,-2.679061001276,-3.35898383577038,-3.35253064211039,0.532451248741557,0.500551502927197,0.522274556632671
0.9,"eld vs kin","206",2.07154200284111e-05,0.0322222163265442,0.00182728292489462,4.68370625646794,1.49184459100294,2.73819420403902,3.46264565106738,2.83590074072939,2.8655878062917,0.539712027291434,0.533363561592291,0.541765121509868
0.9,"eld vs kin","207",5.11201411911026e-10,6.58403882561283e-07,7.10440419747572e-08,9.29140795534981,6.18150761678429,7.14847233780665,4.28839807662422,3.57947610066672,3.61011878643902,0.453696513896476,0.4558370399949,0.459527626165747
0.9,"eld vs kin","222",6.10254944859376e-09,0.00126322930910174,9.53605993239862e-06,8.21448869283426,2.8985178065008,5.0206310281336,4.03347192189124,3.3087901102345,3.33369257099845,0.516330329121001,0.50291571834981,0.504636436160001
0.9,"eld vs kin","223",0.000325515686369402,0.0417958481340758,0.006894154949443,3.48742807824932,1.37886685750765,2.16151895984135,3.24905799656024,2.52428151415031,2.5159053378987,0.538191066647651,0.534385700856865,0.525422372357669
0.9,"eld vs kin","246",3.764128775369e-07,0.00629382388329811,8.35742010162762e-06,6.42433552725448,2.20108541388259,5.07792776664543,3.66428054250298,2.91367403068487,2.95939421428922,0.472827052460136,0.472314420389384,0.468397336605527
0.9,"eld vs kin","265",2.37307537834598e-05,0.0153723758469139,0.00107064615960437,4.62468846663736,1.81325900579464,2.97035403647163,3.51684108561329,2.6893358804907,2.72305895014778,0.488163439199301,0.4857582798126,0.478893558665956
0.9,"eld vs kin","282",0.0157766047604007,0.00190287772185918,0.00355212169956513,1.80198645438873,2.72058911840138,2.44951216323573,-2.20446380220292,-2.87995235024354,-2.77289201486876,0.473518197817332,0.482516827691413,0.467846676584582
0.9,"eld vs kin","294",4.96541716598495e-07,0.0321358135575837,0.0014049802001324,6.30404425869437,1.49301070091627,2.85232979606768,3.3862488046664,2.70397861139272,2.62458067947615,0.451862303212268,0.459171570033947,0.446918174748255
0.9,"eld vs kin","329",2.13840155445228e-07,0.0157524222251902,0.0001468950136785,6.66991073855296,1.80265265596004,3.8329929459978,3.43962302934628,2.61093638591651,2.57321431155194,0.429001205854177,0.428545287036108,0.437014472487013
0.9,"eld vs kin","344",5.86647816139114e-08,1.29332667671484e-05,4.93502563756064e-06,7.23162254169806,4.88829176438843,5.30671058681963,3.77698861143361,2.99196272684021,3.13106779685784,0.425702379888788,0.398399062268333,0.43135963366461
0.9,"eld vs kin","435",0.000576432670567107,0.018700358823931,0.00665984256505124,3.23925141258233,1.72815006010745,2.1765360371867,3.52386943485223,2.80105488997369,2.73654820538969,0.556754538712451,0.565696648596272,0.554825488019001
0.9,"eld vs kin","614",0.0497565454472349,0.000574610772122233,0.0146221302503856,1.30314977995076,3.24062623662915,1.83498935182462,-2.10819851865644,-2.75395006026349,-2.92692238936978,0.499730030576874,0.484624791012826,0.500602042091553
0.9,"eld vs kin","616",0.0479066379530756,0.00173723925794446,0.000746989017023004,1.31960430648815,2.76014036505929,3.12668578356796,-1.9721180965856,-2.63229904855064,-2.64559221429964,0.432872033102968,0.41939104433274,0.434049155126567
0.9,"eld vs kin","652",1.52483712630983e-05,0.033116970216905,0.00287752954132201,4.81677654249588,1.47994940251119,2.54098020911701,2.65244854062319,1.94589713626283,1.96337935803278,0.368387621340993,0.356801141448095,0.371670906084868
0.9,"eld vs kin","666",1.4911273057518e-06,2.81996905406894e-10,5.13339008611958e-08,5.82648527685195,9.54975565753909,7.28959573246392,-3.11129947847336,-3.77626910040132,-3.86558611187115,0.42137159526073,0.401272445568794,0.422466396462018
0.9,"eld vs kin","667",0.000340084342057916,0.0104323718004491,0.00604283292602045,3.46841336311105,1.98161694346741,2.21875941308407,3.25649249655817,2.61118543716528,2.56673206479829,0.569169107841875,0.551275017705328,0.565834591124293
0.9,"eld vs kin","670",0.000116807789262233,0.0144541535061121,0.00402966036798955,3.93252819557283,1.84000733729593,2.39473155597396,2.92451014777766,2.13128420508548,2.12022366001692,0.43133397303805,0.441613855603249,0.427785760189897
0.9,"eld vs kin","728",8.49362079621583e-19,8.15449926237602e-10,1.39542961222318e-14,18.0709071323007,9.08860270222196,13.8552920651546,4.83308440919674,4.1664836267122,4.13087196372624,0.377106726851977,0.39470279499218,0.379729115094865
0.9,"eld vs kin","744",0.000351926437411373,4.25127456722643e-06,5.20809348437779e-06,3.45354810687722,5.37148084535501,5.28332122885902,-2.93204598593176,-3.61707344318631,-3.66289565319397,0.522935135010194,0.533157059183095,0.518546960427782
0.9,"eld vs kin","786",0.000328541444133015,1.6998448724938e-06,1.8597459951317e-06,3.4834098382108,5.76959071044171,5.73054636784963,-3.0089882195213,-3.73366419628153,-3.69824684060411,0.506247693215648,0.491155163741981,0.496058975019928
0.9,"eld vs kin","825",0.000139011507887992,0.0328656462411676,0.0149640993154838,3.85694924575037,1.48325782371486,1.82494941808788,2.89510178001566,2.30448428951722,2.1107722996892,0.45036614058039,0.458254234580434,0.456667780349866
0.9,"eld vs kin","849",0.0255042813326701,2.94394508705352e-05,0.000265201105980643,1.59338690964125,4.53107029508592,3.57642466910479,-2.00768179451385,-2.73689338860557,-2.79815728318801,0.434964383575609,0.40261588760332,0.437440370148937
0.9,"eld vs kin","854",2.41867187199434e-09,0.000685527463835967,4.64325191788738e-06,8.6164230460028,3.16397514167171,5.33317775321075,3.96756736733281,3.32652568019219,3.29690131944549,0.463346056936078,0.476978767113376,0.463388764027188
0.9,"eld vs kin","886",9.89323111535696e-13,3.62715849326928e-09,1.59131143122591e-10,12.0046618452689,8.4404334669593,9.79824481744515,5.3836195791754,4.67454965042963,4.55721444984319,0.522934488094078,0.516638627879146,0.510901220276423
0.9,"eld vs kin","888",1.0834355236461e-06,0.00625648649736445,1.25664296519062e-05,5.96519692888306,2.20366948838394,4.90078809564172,3.52030059467436,2.87325959155957,2.83718884632103,0.450208616166147,0.451042917188562,0.44885716723106
0.9,"eld vs kin","891",0.0235329769530661,0.000237780325773187,0.00103352957034779,1.62832313051582,3.62382408227249,2.98567709324554,-2.60551875388712,-3.46046795899737,-3.29390837321165,0.577840035435817,0.56239721702464,0.568484268125349
0.9,"eld vs kin","895",0.0136547131844853,9.4778969094229e-05,0.00101093532926528,1.86471741772883,4.02328801940875,2.99527662585466,-2.37479695293701,-3.11180975723468,-3.11396300063828,0.503492865190741,0.507695985296304,0.503322815395014
0.9,"eld vs kin","922",0.00010410890102571,0.0333675252141754,0.00799911644064045,3.98251213791413,1.47667600268544,2.09695798127632,2.8771544225732,2.35237443662755,2.29595087731236,0.466148977723098,0.465416461199005,0.478817586552011
0.9,"eld vs kin","926",2.78492442515391e-05,0.03980839986339,0.00375812739536266,4.55518658583459,1.40002527894608,2.42502850199886,2.77416620288454,2.08963670780634,2.16072884396992,0.418606676916041,0.431031980761818,0.435449129090664
0.9,"eld vs kin","929",0.00231763343646939,0.0422725462117864,0.0180732460452758,2.63495525219789,1.3739415924259,1.74296383897501,2.81630043547675,2.17334224706638,2.21410913374294,0.478404907296782,0.469015788452035,0.463159223201196
0.9,"eld vs kin","944",2.15922653195616e-07,0.0314755866345534,3.45412812342741e-05,6.66570179193276,1.50202616686664,4.46166155725335,2.67262102488884,1.99213458303735,1.99087715032964,0.287436843060426,0.295366442718337,0.292499973222153
0.9,"eld vs kin","947",4.43272666172773e-12,3.92850813886783e-10,1.97171587990346e-11,11.3533290480743,9.40577234277065,10.7051556658045,4.97090284306065,4.28920668688398,4.15517986968909,0.430309769429129,0.439439499293249,0.426494083296215
0.9,"eld vs kin","977",0.0131452014487341,0.0224875257609416,0.038135527812294,1.88123275399252,1.64805832613318,1.41867023840912,2.958735296012,2.29307352633887,2.184035162848,0.522375489715541,0.512957604087312,0.508133346853039
0.9,"eld vs kin","978",3.45232294485105e-28,5.78513971407097e-24,5.90852694662929e-25,27.4618885853188,23.2376861481526,24.2285207794725,6.78727160724431,6.05327332830583,5.99427863376696,0.413787257976008,0.410759820867744,0.410297308395612
0.9,"eld vs kin","984",7.8934999479837e-20,3.74938040920622e-15,1.678280562341e-15,19.1027303895582,14.4260404941643,14.775135435348,5.645027208682,5.0018635237606,4.95121120111657,0.430289678857716,0.428207019364558,0.424922236766167
0.9,"eld vs kin","988",7.69299437276767e-07,0.000371267743105403,0.000200376158206247,6.11390458523765,3.43031278198817,3.69815395433897,3.80349393231379,3.21470718762923,3.2119019493647,0.529873637935391,0.541592166568631,0.533847464864355
0.9,"eld vs kin","991",0.0033655965430571,9.58697652403378e-05,2.79906460504879e-05,2.47293794707259,4.01831833609957,4.55298707749225,-3.02866205034222,-3.73634972682014,-3.78730652451236,0.578491980694893,0.567192297794925,0.56472052029657
0.9,"eld vs kin","1014",3.34598495743462e-05,1.24744371613218e-08,1.88715586382317e-07,4.47547601582964,7.90397904035359,6.72419222913931,-3.51695623915598,-4.23579545073076,-4.33310515555758,0.530421692215066,0.521425270943723,0.526411799730997
0.9,"eld vs kin","1019",0.000132847312957049,0.042487116558532,0.0190084104547388,3.87664722544436,1.37174274185025,1.7210541987368,2.7670700216745,2.02537201563187,2.03890454708743,0.433525817805196,0.432681008349987,0.437387903087167
0.9,"eld vs kin","1020",3.38680628486874e-06,0.0125110487891964,0.000825607560552913,5.47020964298291,1.90270628229149,3.08322633861975,3.05746636460896,2.39218541391719,2.33065536488305,0.41839789152515,0.41688938292744,0.417699712605996
0.9,"eld vs kin","1021",0.0011114037825897,8.89447114070122e-07,1.6322027893704e-05,2.95412812945541,6.0508798696715,4.78722588428726,-3.08426658900071,-3.88584873540325,-3.80682919935848,0.548440357977706,0.552984472852079,0.552859651355028
0.9,"eld vs kin","1027",0.00100179310385937,0.0184504617546705,0.01340581216441,2.99922196223138,1.73399276039945,1.87270687001851,3.13219346031468,2.55381845092618,2.36098044487446,0.52265094271518,0.519172685246003,0.527345042669622
0.9,"eld vs kin","1030",4.8534878569783e-10,4.73866325055639e-08,1.3633479862623e-11,9.31394605260706,7.32434415300592,10.8653932789969,4.81818079655205,4.11035816158073,4.09383449048901,0.43229815695062,0.453104959446026,0.432906622310605
0.9,"eld vs kin","1033",0.000748084358518423,0.0499367895719038,0.0268672841015751,3.12604942570064,1.30157938180895,1.57077623231311,2.53742575478151,1.77869884041661,1.90714469720114,0.451725225843155,0.447949187835366,0.45608889012527
0.9,"eld vs kin","1043",3.77669647215604e-06,0.0326304798569702,0.000186874406983492,5.42288791741359,1.4863765395219,3.72845017249447,3.10028773716293,2.37110057687972,2.40010873512891,0.426620916926477,0.416146346042559,0.423491149541216
0.9,"eld vs kin","1074",1.13495365420036e-23,2.30003441870595e-14,4.65860956045411e-19,22.9450218725114,13.638265664964,18.331743686385,5.6931056694264,5.05021097154488,5.00707444384076,0.38988778311449,0.404156214509944,0.395861098607761
0.9,"eld vs kin","1076",2.99855852669111e-18,2.229671438618e-11,2.24930747786508e-14,17.5230874700642,10.6517591292873,13.6479511729269,5.30689554224751,4.51082757658894,4.53222035381264,0.424658165335992,0.423142114789777,0.42394451735052
0.9,"eld vs kin","1082",8.75048812180879e-06,0.00261458264142457,3.74976612835824e-05,5.05796772038393,2.58259762648782,4.42599581822717,3.68700878804771,2.94735177713019,3.02776106146178,0.500256252153517,0.482940780847045,0.498388108095652
0.9,"eld vs kin","1089",7.36016625914883e-16,4.41573351548153e-07,7.9602648567641e-13,15.1331123752528,6.35499714366835,12.0990724820214,3.68940838836278,2.99027176801347,2.98004721574765,0.288726460383683,0.282475664815963,0.288813409234803
0.9,"eld vs kin","1098",5.64365989211687e-31,5.39060151333006e-26,2.65277122198426e-27,30.2484391663258,25.268362771113,26.5763002024542,7.69460696709594,6.90522916169437,6.98028365906309,0.449377212517484,0.43560596879841,0.445860640366855
0.9,"eld vs kin","1105",1.49581682312981e-05,1.20105222420206e-08,7.80225768246684e-09,4.82512158666857,7.92043810817605,8.10777971049367,-3.85919697856305,-4.59477359200882,-4.62478068936672,0.510014042631814,0.502186635848901,0.508636373605804
0.9,"eld vs kin","1108",2.3236184052765e-05,0.00300456391217855,0.000321321340232935,4.6338351921552,2.52221855337108,3.49306043026037,3.20139477548413,2.5792862448413,2.42793638525354,0.438563673583713,0.43211674500791,0.431463058966442
0.9,"eld vs kin","1112",0.00192605320550062,6.47861295731335e-05,0.000909793675746651,2.71533172004836,4.18851796472576,3.04105708640898,-2.86947205052247,-3.61674135152451,-3.54434463603951,0.519725589572796,0.535540829240443,0.537605010079854
1,"cent vs mage","4",1.89313142316239e-17,8.27653055441578e-09,0.000254770391193022,16.7228192358127,8.08215167732606,3.59385104607246,2.69533022692754,2.26869121963091,2.02273214215883,0.182931292579952,0.199246494542567,0.182916384199224
1,"cent vs mage","7",3.33638525082751e-16,3.6942773855826e-12,9.9701635234084e-09,15.4767238073603,11.4324704985804,8.00129771864606,4.65228377041083,4.2119429728636,3.99527888051049,0.415851425939885,0.416150108427288,0.417366613415886
1,"cent vs mage","8",2.10243223459355e-08,3.82645889692904e-05,0.0132447400541664,7.67727799344509,4.41720294741562,1.8779565608963,2.76841901636723,2.33679449529787,2.09511938542345,0.314074231713783,0.309597819408604,0.313583218386122
1,"cent vs mage","9",2.62506134880067e-08,7.57692948911945e-05,0.0321481014136116,7.58086054249259,4.12050675427477,1.49284467032729,2.51066385064635,2.08725672363115,1.84096327027014,0.27147740604548,0.262729583597847,0.271201028478744
1,"cent vs mage","11",1.39207457869823e-08,7.62058148386213e-05,0.0101617712571422,7.85633749730485,4.11801188881819,1.99303058534375,2.70029279966448,2.28118812084842,2.04107762983065,0.295013867813425,0.3100567801578,0.296740072633603
1,"cent vs mage","14",1.57611437879033e-15,3.50651708921712e-10,1.83182427109142e-05,14.8024122689055,9.45512404020036,4.73711619101524,3.19406124905694,2.77082705619428,2.52203449810036,0.259751181877701,0.263279493868408,0.259788758127752
1,"cent vs mage","19",2.43221508381265e-09,2.47994994590139e-06,0.00552937668964903,8.61399802249853,5.60555708467306,2.25732382267414,3.00077278048648,2.59476450922929,2.32384902311535,0.343458822024846,0.333107200807175,0.347028431849775
1,"cent vs mage","20",3.64346114113677e-14,1.76615523762638e-09,4.39730497358468e-05,13.4384858580261,8.7529711264201,4.35681341299028,3.16987531910316,2.74931045688316,2.497639022354,0.268652007967677,0.265106928681124,0.268630586681993
1,"cent vs mage","21",2.80051403637659e-16,1.26420152762424e-10,1.61214011235098e-06,15.5527622462748,9.89818368921916,5.79259721601943,3.34861890905391,2.93267657722102,2.68043791694987,0.261123008831976,0.264322143256316,0.261309235613381
1,"cent vs mage","23",1.71309098508223e-09,2.32387938667406e-05,0.0128954601446878,8.76621957032708,4.63378641632526,1.88956315645482,2.64039958523701,2.20993964095169,1.95788346030653,0.267977840777331,0.262700536918899,0.266191980525244
1,"cent vs mage","24",2.30584606186569e-13,6.68310786769624e-10,1.5680901419344e-06,12.6371696895452,9.17502152915504,5.80462897544019,4.97917995419758,4.55439734533316,4.27137252299844,0.488387666568123,0.480092429720902,0.490107126865621
1,"cent vs mage","26",1.15428848431295e-10,8.12341899607646e-08,0.000407431754077007,9.93768563703142,7.09026114580652,3.38994512633485,3.55888809690805,3.14945832863477,2.89946991376915,0.371054899839293,0.373005272023101,0.374198222242221
1,"cent vs mage","30",2.169998798076e-07,0.00194897563860184,0.0482242405983125,6.66354050669945,2.71019358935181,1.31673460259666,2.17736219709301,1.74956857969016,1.49970876852695,0.238304271566162,0.237284803790228,0.23817349352847
1,"cent vs mage","32",7.32037004446212e-12,6.34025575047153e-07,0.00582943596959264,11.1354669648151,6.19789322338351,2.23437346361895,2.63165540982186,2.20540383521022,1.9611088378545,0.228785393480436,0.225187059802574,0.22758568526496
1,"cent vs mage","36",3.0436721474173e-09,0.000233681480710109,0.0324535437093024,8.51660212990272,3.63137570414221,1.48873787422979,2.23105163883718,1.80204122308269,1.55663100644561,0.20368569613706,0.204208807781084,0.202486294375153
1,"cent vs mage","37",1.87434298077453e-05,0.00526448026425767,0.0478122660283777,4.72715093584496,2.27864449807899,1.32046067273803,2.39647348513093,1.96213824349312,1.70610859074877,0.335083345612844,0.339065891078514,0.335913464863272
1,"cent vs mage","39",1.53030703092534e-11,1.36970837842896e-08,3.1660392975268e-05,10.8152214263985,7.86337188767607,4.49948369888834,4.09521683164399,3.62729459521144,3.39652422324967,0.416838810465185,0.420101717805441,0.414610215204982
1,"cent vs mage","42",4.95244517088606e-13,1.39231871671116e-07,3.65402793938149e-05,12.305180323889,6.85626133867289,4.4372281362739,3.9801246819548,3.52209488215886,3.26923640960223,0.411030427162177,0.41263728973818,0.410018696287573
1,"cent vs mage","44",1.33921759657106e-05,0.00223686655366228,0.0423196883787067,4.87314885292645,2.65035992414512,1.37345753889126,2.29205071663242,1.87829084771344,1.62524243963284,0.300978925493716,0.292359527296111,0.300312062846578
1,"cent vs mage","47",1.64051969192491e-05,0.00570973499279329,0.0215139837019722,4.78501855220692,2.24338404829327,1.66727916471274,3.01694220142577,2.53112534294962,2.36098308652043,0.490964449795851,0.500225622362435,0.496485186542446
1,"cent vs mage","55",1.2094553343716e-07,9.490038865445e-05,0.00909579201212451,6.91741016566021,4.0227320089622,2.0411594789513,2.97139806989239,2.5547573493945,2.29264307341835,0.353838224799472,0.365230582886355,0.355787914569574
1,"cent vs mage","56",4.02476612917302e-11,1.89477975555346e-07,6.95286887402849e-05,10.3952593505161,6.72244126406356,4.15783596101031,3.48669693156622,3.05014963678657,2.81537077737527,0.374883871761304,0.365150312582387,0.371209608911214
1,"cent vs mage","61",3.91507212328236e-07,0.00283419445886025,0.0333448681460045,6.40726023297895,2.54757035538966,1.47697099555155,2.36768213738708,1.94817321130261,1.70577940047888,0.280105553582269,0.282864356831661,0.283156555402558
1,"cent vs mage","69",8.12427982672341e-07,6.36312827476884e-05,0.00466478618215495,6.09021512648966,4.19632932170127,2.33116825803504,3.18675364012866,2.75878511649486,2.55053744155013,0.386242935340487,0.394181100998545,0.387837193605361
1,"cent vs mage","90",4.00426961925753e-10,2.67239485267467e-07,0.0215475743639806,9.39747668788265,6.57309937341629,1.66660161179697,2.81662216892295,2.46617439864175,2.1723945941342,0.277649967820121,0.296005663975138,0.284660426843997
1,"cent vs mage","92",3.04266540255924e-09,0.0001261662122141,0.0321773935967648,8.51674580374169,3.89905693521591,1.49244913712903,2.42809227051458,1.99233119678892,1.74639489648602,0.239456671982027,0.245836938413998,0.239496787685335
1,"cent vs mage","95",5.00977966784515e-06,0.00118964496690602,0.0488182603500183,5.30018137416134,2.92458262845545,1.31141770082725,2.58623327596563,2.1657708341289,1.89628649703555,0.37162768149739,0.368829915849236,0.368671031711427
1,"cent vs mage","106",2.71244471582796e-10,1.40545795528789e-07,0.000546673244078911,9.56663910470306,6.85218214191679,3.26227218133661,3.21457645651254,2.78629667766276,2.57059001381525,0.332768528696605,0.319601668619869,0.337163477947055
1,"cent vs mage","114",7.8559188713813e-06,5.86516309292944e-07,2.70563720562615e-07,5.10480301018717,6.23171990692876,6.56773043765621,-3.18587763395293,-3.6584129910294,-3.90655349789205,0.488091788253844,0.46746504472019,0.489257463644586
1,"cent vs mage","119",3.73213283062022e-08,0.000519512765257857,0.0320996654494463,7.4280429076429,3.28440377666708,1.49349949389471,2.30192342684586,1.91629417987964,1.67474596754818,0.23697119486594,0.246682918228599,0.237185093135438
1,"cent vs mage","132",2.54737853411235e-07,1.1154726273684e-08,2.46873760852074e-10,6.59390651516154,7.95254108242068,9.60752506690372,-3.9804018112061,-4.24066200136481,-4.50878008636307,0.498028539868921,0.478431854690916,0.49204091809895
1,"cent vs mage","142",3.60912459410093e-07,1.82727297202746e-05,0.00050854554740741,6.44259812497942,4.738196569566,3.29367014381922,4.11970354410518,3.66625408124022,3.48108001639205,0.535924775974073,0.538710547968677,0.53153132555521
1,"cent vs mage","143",3.7586947053946e-07,1.30868026658459e-09,3.46935517906803e-09,6.42496294780227,8.8831664462066,8.45975123650467,-3.31869893112554,-3.77477590607997,-4.02140729749109,0.449428692322328,0.450154477367565,0.447399488120567
1,"cent vs mage","155",1.16002930372185e-05,0.0181830237968996,0.00638049435549185,4.93553103983864,1.74033389289022,2.19514567119345,3.02847290178199,2.64470554508734,2.51112541456574,0.471862025347042,0.4747971565934,0.464418475582983
1,"cent vs mage","168",1.6257121936483e-10,2.01023831004089e-07,1.22086875329304e-05,9.78895633683157,6.6967524547184,4.91333102138215,3.98336312976324,3.55442117293305,3.30259383078833,0.455827834578683,0.438192386707446,0.453801952766559
1,"cent vs mage","210",5.95397262362616e-08,1.02302722427653e-10,3.78275084866875e-11,7.22519316657129,9.99011280891174,10.4221922626226,-3.84714252255093,-4.24927163452678,-4.49395239052631,0.475468665158513,0.456692125457891,0.461910184438352
1,"cent vs mage","212",8.7345750303382e-07,0.0152475273786746,0.0432955110480937,6.05875822021383,1.81680057814428,1.36355712969985,2.84463719876048,2.41232512990264,2.15949401643076,0.375266428274317,0.375648542543745,0.387152507791104
1,"cent vs mage","219",2.64704603570795e-07,3.82259735795329e-06,1.28181379083082e-08,6.577238505665,5.41764144470349,7.89217506022152,-3.4652020820019,-3.75525995904386,-3.98983340008187,0.472184247709872,0.448380459898195,0.462112516487224
1,"cent vs mage","294",1.61362462252165e-06,0.000105291758657527,0.000188123741364125,5.79219748778507,3.97760562035895,3.7255563926857,3.33998625244474,3.0384002584603,2.79882766341232,0.396500641838865,0.381602799505742,0.377870865978707
1,"cent vs mage","353",0.00175535683457136,0.00016941398568731,5.33433523543642e-05,2.75563458544733,3.77105074007316,4.27291969462191,-2.5892433173068,-3.29698359444833,-3.42828053225062,0.446666242687356,0.450683424824561,0.455366462659482
1,"cent vs mage","652",2.51718609249389e-09,1.65187627750393e-06,0.027557199676276,8.59908467640407,5.78202248365576,1.55976491691431,2.84123104668982,2.47669728179704,2.15423695842819,0.311082154187567,0.301761020518989,0.316622878749737
1,"cent vs mage","671",6.19773993373079e-08,5.5334680699199e-06,0.00556167682567149,7.20776665134864,5.25700259174401,2.25479425044224,3.03876502008384,2.60974900283474,2.37975268204712,0.359287134719229,0.354133192720102,0.360647114288829
1,"cent vs mage","675",0.00229789105936621,0.00034961978066424,2.64003384595748e-05,2.63867056461101,3.45640400398299,4.57839050532019,-2.46157564171262,-2.77432561126055,-3.09311746773065,0.477058246426748,0.452151746725425,0.471295853650595
1,"cent vs mage","728",9.30104227561757e-10,2.26458408999431e-07,0.000809198906240467,9.0314683816411,6.64501154817932,3.0919447129181,3.03938304672917,2.57906959811619,2.32525836443053,0.305742148658402,0.309062963188354,0.304494212608306
1,"cent vs mage","762",1.79669579934143e-06,6.62485719987567e-05,0.0267263794399923,5.74552544757152,4.17882347859484,1.57305987011484,3.00604637725336,2.62037951842097,2.37551803262984,0.389748723049734,0.385496678706886,0.385892456657518
1,"cent vs mage","788",0.0002027390651083,0.00125188110445285,0.0226520628415206,3.69306256050124,2.90243691563995,1.64489224222087,3.0896781186616,2.7192330938419,2.48277438969169,0.544775468720367,0.514441917692272,0.530992939308153
1,"cent vs mage","829",3.53415478304197e-07,1.46729575728452e-05,0.0054059723860201,6.45171443390425,4.83348233822855,2.26712617702977,3.06132038400147,2.6794683826654,2.3943454203921,0.395500128031265,0.382082428613514,0.394148224714375
1,"cent vs mage","834",2.33436783426435e-05,0.0017470613684198,0.0342769304987227,4.6318307096426,2.75769183943723,1.4649980761057,2.75816186224697,2.28392599142692,2.02946348520544,0.397326803195661,0.396889257859849,0.389793465775897
1,"cent vs mage","848",5.56097829225757e-07,0.000591741934868377,0.0128363175452804,6.25484880022451,3.22786765256412,1.89155954785129,2.88110737909114,2.42184889369315,2.17885921610112,0.341282546763658,0.327395443417807,0.341552215606138
1,"cent vs mage","854",2.97704079643039e-10,9.43051152802458e-06,0.000102152108717432,9.52621521387756,5.02546474970453,3.99075266383435,3.91068805768187,3.42331865743995,3.14412110252399,0.457856932222077,0.472693839435741,0.462130260341385
1,"cent vs mage","857",6.66769433213839e-08,5.41265380348019e-06,0.000132182314635697,7.1760243177985,5.26658974975106,3.87882664749729,2.94641056131754,2.59013111797931,2.36121430398588,0.339844328261234,0.325323787841526,0.338678540922348
1,"cent vs mage","886",1.5166953169804e-05,2.62286356973377e-06,0.0221150412827198,4.81910165417971,5.5812242989837,1.65531224558487,3.82424027551909,3.43366730870006,3.04767639634435,0.527762111583465,0.51981560802358,0.536671830978494
1,"cent vs mage","921",1.0049866081915e-05,2.1426345992329e-07,1.54204771111173e-08,4.99783972533532,6.66905188638586,7.81190218896211,-3.231345580983,-3.70172005802228,-4.01113827914242,0.473329479380547,0.459375061562956,0.479912746200298
1,"cent vs mage","947",5.00997496885125e-06,0.00239918545235723,0.0113083964650323,5.30016444397645,2.61993618061804,1.94659897383326,3.13445812093123,2.64258903376455,2.34592667415197,0.417485799270448,0.422989765349469,0.421503660006826
1,"cent vs mage","978",3.79968009575221e-08,3.20433314842689e-07,4.19511894775163e-05,7.4202529661458,6.4942623374686,4.37725572074236,3.85115151795336,3.44181542948771,3.20549780225206,0.448509185252417,0.442927846243444,0.444025949381649
1,"cent vs mage","984",4.31630680925095e-06,3.18055426728482e-05,0.0233617111541081,5.36488769262005,4.49749719000058,1.63149535001983,3.22781071781348,2.8594639464802,2.62908791247543,0.419985391852909,0.416034893580363,0.423722085750503
1,"cent vs mage","989",5.08601366455701e-06,0.000409210004312296,0.00738644550945161,5.29362247734282,3.38805375725579,2.13156450165912,2.89894604567077,2.52985770676377,2.26761138213547,0.382479258960069,0.371674788711324,0.380774695886018
1,"cent vs mage","1017",1.06015526811477e-05,0.0062314842164807,0.0330472202664032,4.97463052421897,2.20540850065103,1.48086506488433,2.91702801800529,2.36788822694807,2.1684921258623,0.382899344141595,0.379282634081554,0.392428557233493
1,"cent vs mage","1019",0.00681953930790638,0.000248179423730416,9.22665841986694e-06,2.16624496299631,3.60523422819898,5.03495555710776,-2.07538306703142,-2.59366663113039,-2.83273135063843,0.386828454254731,0.402344423989184,0.393448753431491
1,"cent vs mage","1030",7.74688148804355e-06,0.00178683228650982,0.0152639464923515,5.1108730878286,2.74791620880465,1.81633316505332,2.99154620227706,2.53172744900996,2.33490825859944,0.407836819530947,0.411241538173944,0.41006403202277
1,"cent vs mage","1043",6.89495011453617e-13,2.60903533723431e-06,5.34182506912464e-05,12.1614688716288,5.58352003869896,4.27231033809634,3.33738802443429,2.87116034975546,2.64486123867604,0.322243620774195,0.316801015446912,0.331574723923696
1,"cent vs mage","1058",0.0197286491387211,0.0157116118897264,0.000248896978085539,1.70490265076829,1.80377925742322,3.60398037622685,-2.16702754396807,-2.53550533083142,-2.80449925865472,0.454855752928948,0.456741789937485,0.458173307178368
1,"cent vs mage","1074",1.55085272916309e-12,1.00205968123695e-08,1.42339980370522e-05,11.8094294413537,7.99910641174222,4.84667309840072,3.76026292055075,3.38034682549179,3.1481923098491,0.376133193344939,0.37246424794387,0.372631570348047
1,"cent vs mage","1076",0.000118649199290837,7.12240868981025e-05,0.0118724794039855,3.92573518829152,4.14737310976356,1.92545857514609,3.06984385934571,2.7100496917166,2.37581482267797,0.438749490971827,0.427338827736095,0.428136796649248
1,"cent vs mage","1087",3.0105584409803e-10,8.28193239402228e-08,5.10803510612191e-06,9.52135293784766,7.08186831899458,5.29174612661171,4.46214025392828,3.98297624609375,3.72520124809406,0.49412017864493,0.491290966743416,0.496556026642376
1,"cent vs mage","1091",5.79603222990656e-06,0.00573042180524198,0.00617361105206714,5.23686920821956,2.24181340928098,2.2094607352786,3.135309904695,2.68114794344433,2.6830422179522,0.483620251677964,0.48862048234392,0.469025760688462
1,"cent vs mage","1098",2.05094191343568e-17,2.22425352428078e-13,9.49164995179498e-11,16.6880466395008,12.6528157126291,10.0226582867639,4.99464013640752,4.60032429217453,4.3616955273479,0.438046191900329,0.437897894137003,0.43651566498647
1,"eld vs kin","3",1.52460484702244e-07,6.72532099454948e-11,6.91366408567262e-12,6.81684270385514,10.1722869822795,11.1602917253552,-3.65721170082129,-4.75079053352798,-4.76003058173898,0.447138344699771,0.431545063073942,0.446989732683087
1,"eld vs kin","4",1.83544254373947e-24,3.54475041121035e-10,6.03180699905471e-10,23.7362592059993,9.45041433843581,9.21955256312411,3.5685659458336,2.46595322175683,2.46391688727109,0.220511290757017,0.227410355932598,0.219856958192257
1,"eld vs kin","7",9.40668289612565e-35,4.50386312215137e-30,2.66920399895504e-27,34.0265634960074,29.3464148166908,26.5736182331683,8.64961681935658,7.57812712085358,7.53121623497164,0.462098364186768,0.471849374569082,0.461284541197387
1,"eld vs kin","8",7.25985309243672e-08,0.00453142201291186,0.0131087876500003,7.1390721674252,2.34376548994081,1.88243747164031,3.07002034227543,1.965369939401,1.97771386963504,0.391949132071665,0.380667786798014,0.394212589751244
1,"eld vs kin","11",6.31251608969673e-18,3.45410491780141e-09,6.56932520769375e-09,17.1997975019176,8.46166447495322,8.18247923829803,4.26112207223927,3.16033852005797,3.14513576836769,0.350176598845982,0.349163221845501,0.343218988536519
1,"eld vs kin","14",2.12876996778472e-21,3.80456335981901e-10,1.11296440616869e-09,20.6718712653438,9.41969517892034,8.95351872466054,3.90399837228358,2.80666410045524,2.79041905304739,0.276530885830349,0.281086766592685,0.275902297356153
1,"eld vs kin","15",3.14996323472884e-11,1.4808627709975e-05,2.574375567588e-05,10.5016945151144,4.82948518493583,4.58932809494799,4.00323783974447,2.9125592804257,2.89034011428687,0.428064432985465,0.444063200925827,0.427655465116687
1,"eld vs kin","16",5.78599164446655e-24,1.68894952897244e-12,1.23769960723534e-11,23.237622197851,11.7723833282953,10.907384746875,4.06863070473044,2.96434671214884,2.9632100956704,0.267381652459094,0.262994999624924,0.26665205260762
1,"eld vs kin","21",1.29209573417207e-30,1.87275474655468e-19,5.61507229646803e-19,29.8887053073298,18.7275190935228,18.2506446476385,5.14484681110286,4.03546090218245,4.03893048372469,0.294942920723571,0.295461388006524,0.294596971083512
1,"eld vs kin","23",5.07106206871565e-14,2.62773553230829e-06,3.8592393255515e-05,13.294901073748,5.58041834635686,4.41349828840359,3.44835532197567,2.35680580516712,2.3403318298031,0.309160654014119,0.297933543700004,0.311096324187284
1,"eld vs kin","25",1.60870540454271e-12,2.63017773480217e-06,6.10774092258022e-06,11.7935234791424,5.58001490297955,5.21411939307601,4.09289828163726,2.98029159898426,2.97544359075542,0.420958372454782,0.414738975787149,0.420663623547957
1,"eld vs kin","26",2.12352433839496e-11,9.85417046331072e-05,0.000228513026273125,10.6729427570561,4.00637992931148,3.64108903814428,3.48598898457534,2.38940418592654,2.3767234628475,0.364294063749707,0.365497705507209,0.362793272579785
1,"eld vs kin","29",5.02984165633464e-16,1.62499920958714e-06,4.22538998369235e-06,15.2984456866861,5.78914684592943,5.37413320151915,3.49058976017869,2.38844457575603,2.38907673847468,0.292469448748685,0.290392960021334,0.292189695795143
1,"eld vs kin","31",7.89586123622579e-11,1.45373239094796e-06,8.52784728216459e-06,10.1026004926676,5.83751553283818,5.06916058565182,4.60134979331423,3.55821996128262,3.55874161381951,0.53052120911359,0.517112572922954,0.541297647068978
1,"eld vs kin","32",3.92128173911218e-10,0.00260554650030031,0.0136532837402567,9.40657195307189,2.58410117172246,1.86476288424495,2.80355609237966,1.71500774455878,1.69603024441257,0.289645707017324,0.277695970738984,0.291552531644238
1,"eld vs kin","33",0.0294075887500155,0.00108443588220531,6.29624199825268e-05,1.53154058363619,2.96479612076146,4.20091858806862,-2.12197924024848,-3.22724474788052,-3.23868740560434,0.460906481464252,0.454434067867885,0.458355993228851
1,"eld vs kin","36",2.10885848487089e-15,1.46725923738977e-05,8.79794811306905e-05,14.6759525626511,4.83349314762814,4.05561860365425,3.15978799689484,2.06475206497845,2.05485212060171,0.261350810858761,0.255783888550103,0.262147352640994
1,"eld vs kin","47",1.43006934420277e-07,0.000494877163843591,0.0010399155746763,6.84464290304232,3.30550258628894,2.98300191737479,3.90882573571972,2.83159086834717,2.79748370835463,0.535626262976421,0.541866841146642,0.530407748109229
1,"eld vs kin","49",9.14401140714849e-09,0.0034371603192117,0.00591680075422162,8.03886324083034,2.46380021062531,2.22791305516088,3.03190850998066,1.92363345220207,1.93668200883762,0.361874916176977,0.352398861511224,0.365471193498796
1,"eld vs kin","55",4.08266466851503e-10,0.000253164020779336,0.000609236003609168,9.38905628958329,3.59659801542911,3.21521443936955,3.56334115567982,2.45992975749497,2.40518379210249,0.418816102584089,0.423156653308717,0.40556746836208
1,"eld vs kin","58",8.69958832388298e-08,0.0109358889835158,0.0311196720753291,7.06050129828898,1.96114590719035,1.50696498805206,2.91346749191766,1.82294126711528,1.76972879334117,0.37752579031309,0.366637532087203,0.369613716682571
1,"eld vs kin","61",1.38269815861925e-09,0.000376677775309673,0.00153921530234009,8.85927261551847,3.42403000322416,2.81270062768098,3.26437785900538,2.14791843680797,2.1578310137066,0.360075002355571,0.356333215634304,0.3659382072028
1,"eld vs kin","67",1.87487632411174e-07,1.89508157199166e-09,1.07089453046013e-10,6.72702737515083,8.72237209149886,9.97025329956469,-4.37301257448115,-5.48704421973783,-5.42080589306786,0.570368557689712,0.565027472610676,0.563574054814843
1,"eld vs kin","70",6.11172280910385e-07,0.00103725064803537,0.00358740992986832,6.21383635096484,2.98411628516797,2.44521899407739,3.68033933946363,2.51271872797236,2.56007395080851,0.518388269934743,0.517750990416183,0.51771323082936
1,"eld vs kin","71",8.36755718717449e-07,0.00279365470156663,0.00667339632940505,6.07740131082086,2.55382727412431,2.17565308186849,3.75256462082738,2.71324212733959,2.7585146697325,0.542548941636322,0.540392417134352,0.544851719358099
1,"eld vs kin","74",1.59141343171508e-11,6.22992926191387e-07,7.32937270105271e-07,10.7982169807634,6.20551688453423,6.13493319372576,4.77599279190038,3.79007560194761,3.74581212900971,0.491101911941959,0.502583081531902,0.505711209229365
1,"eld vs kin","77",7.08923386967605e-11,0.000179186735720627,0.000482827976490618,10.1494006962909,3.74669414208766,3.31620757353018,3.42570666353738,2.26824403806917,2.3180221438477,0.366541667238192,0.349620467448989,0.371393131361764
1,"eld vs kin","79",0.00178445168184564,4.55542004648676e-05,8.87236739874474e-06,2.74849520707616,4.34147157138898,5.05196048264521,-2.67623205473649,-3.76326174896189,-3.79368520452651,0.488910618615552,0.472321743756819,0.487976433689172
1,"eld vs kin","80",1.1147755496085e-12,0.000232517630294391,0.000128599139539698,11.9528125652427,3.63354411180938,3.89076193727814,3.52421815419995,2.43422990292226,2.43344234802983,0.349587018504967,0.368380754186395,0.343794543486814
1,"eld vs kin","82",0.0179898129785282,0.000656573544753605,7.50929497783027e-05,1.74497335154135,3.18271662023445,4.12440083551393,-2.75321541592189,-3.85327888321764,-3.8513968673931,0.597624858627923,0.575213016028958,0.605276706024191
1,"eld vs kin","83",0.0474641795345713,0.000776086516679481,0.000277505362825699,1.32363402193661,3.11008986170304,3.55672861966526,-2.31739168871622,-3.37394352387873,-3.39273922884895,0.529689822218092,0.48810053787989,0.513476908218568
1,"eld vs kin","84",0.00172648593404913,5.5995892879537e-05,1.89072936461717e-06,2.76283695556517,4.2518438259432,5.72337063078736,-2.72931827722138,-3.78181364873049,-3.76544762830235,0.486375257533952,0.453895661942295,0.482166897006695
1,"eld vs kin","89",3.18533809999466e-18,2.0213571797866e-14,1.25988612840528e-14,17.4968444637465,13.6943569385855,13.8996687057079,5.99579810979424,4.82627727103806,4.79287334643382,0.451956658838577,0.438474636390044,0.435298367328356
1,"eld vs kin","91",0.000824767667581068,0.00055228966376106,4.60596234532859e-05,3.08366837253826,3.25783308462992,4.33667961680228,-3.16535238892511,-4.27286052107896,-4.23715470362614,0.579437291131962,0.556478075277843,0.579435601249662
1,"eld vs kin","100",0.0150282939474946,0.000329662853390442,0.000160858042394091,1.82309031889702,3.48192998666465,3.7935572208667,-2.52863097693045,-3.7121802806785,-3.63329965280938,0.557699376344568,0.540061572965627,0.561318373401441
1,"eld vs kin","103",1.80002056454708e-06,0.00262409180666603,0.0162109278842591,5.74472253321986,2.58102097477237,1.79019212620759,3.33476709723475,2.26829138366982,2.26852927683729,0.454187560479443,0.4411955242455,0.454675347696028
1,"eld vs kin","111",0.0452013457796424,0.000926045487363686,3.04123622765825e-05,1.34484863474676,3.03336768024479,4.51694984477401,-2.0613147083979,-3.19868512304524,-3.19534414450577,0.450004632100729,0.441717797360843,0.453773629193319
1,"eld vs kin","119",2.4506666697017e-14,3.38362262966566e-07,1.44614051874128e-05,13.6107157558038,6.47061807914149,4.83978950541705,3.50824168993098,2.41120462185319,2.39622100128864,0.316800771332394,0.306155215248461,0.315126869774272
1,"eld vs kin","121",1.32343723706359e-17,4.12639976003875e-12,2.26758555551226e-11,16.8782966499375,11.3844287004615,10.6444363181219,5.73595995356729,4.56874891274203,4.58743974423636,0.500942334708889,0.479081731712688,0.493075401925349
1,"eld vs kin","124",1.36853727449335e-09,0.000121871597915869,0.000911793899269423,8.86374336932706,3.91409749459176,3.04010331794946,3.7219403619958,2.55568025694506,2.45186389816431,0.433636427948545,0.427358692051474,0.425720264810759
1,"eld vs kin","125",5.76410764099366e-08,0.00121673874609735,0.000215396629837523,7.23926791761289,2.91480266195762,3.66676109609104,3.9783856971127,2.89705444479899,2.98693681555916,0.529243939073858,0.521030518722152,0.529311149007993
1,"eld vs kin","138",1.14375434127478e-15,3.32794697753118e-10,3.17523804724334e-09,14.9416672444987,9.47782360171697,8.49822371014245,5.0134346582444,3.87705110136106,3.88429746959667,0.444626018060566,0.432814863842058,0.438516130923149
1,"eld vs kin","139",0.00178215297907316,0.00104270680572819,9.29368263148864e-06,2.74905501908941,2.98183779181773,5.03181216225812,-2.81898819319985,-3.92652815640613,-3.85811501996871,0.530125096289985,0.535686995739485,0.534211336010365
1,"eld vs kin","151",1.05793749550639e-20,2.67915906060574e-13,3.82515987512905e-15,19.9755399902957,12.5720015017361,14.4173504085011,6.46429280437405,5.35082008579956,5.43082136156621,0.489915429590368,0.480381275319318,0.482408069301444
1,"eld vs kin","164",5.27775937119192e-12,4.53788683251702e-06,2.34010393332477e-05,11.2775504144467,5.3431463389108,4.6307648534159,4.28049071579161,3.27355264155711,3.28362277480474,0.454054467921179,0.48351197861673,0.469574257662404
1,"eld vs kin","206",6.00801443003903e-07,0.000882959210858873,0.000452030244063851,6.22126903291487,3.05405935860598,3.34483250680228,3.96795328529975,2.92358613191989,2.84095777913844,0.540085536848718,0.549973243884735,0.541670137635136
1,"eld vs kin","207",6.58825864701452e-12,1.23340108818984e-06,2.7151395166166e-06,11.1812293592949,5.90889567274559,5.56620784941216,4.67842757689423,3.63364238864491,3.48491321180165,0.458205378892673,0.465839942583118,0.44991521412132
1,"eld vs kin","222",7.06071376057845e-07,0.000130284592189054,9.65385316272074e-05,6.15115139432891,3.88510694209966,4.0152993111839,4.40833023452414,3.23871269382626,3.35657119587603,0.515343552860448,0.503412259790449,0.513927846221421
1,"eld vs kin","246",2.55591121666133e-09,0.00019570524225203,0.000374937105470432,8.59245423610978,3.70839754097134,3.42604157770691,4.01754804871273,2.96270957015019,2.91346199615557,0.462532260349503,0.475230534004603,0.470096150885982
1,"eld vs kin","265",1.05802227787548e-08,0.000834911445745991,0.000979934759189385,7.97550518763493,3.07835958519105,3.00880283723323,3.84588250959817,2.72006562610499,2.75260695870654,0.468744123987713,0.49623346512738,0.487332392429638
1,"eld vs kin","294",2.29992327116318e-07,0.000374146458326039,0.00393686500393707,6.638286652446,3.42695836145722,2.40484947701835,3.71013045012133,2.63447764252681,2.49354619005485,0.444183372135787,0.461903090869661,0.447603143727175
1,"eld vs kin","329",9.29984307509283e-09,0.000206136877765567,0.000643383766721124,8.03152437963921,3.6858443062441,3.19152990102245,3.73692695845426,2.58056279015057,2.69056986701296,0.421570842026528,0.415316625036606,0.420554978777627
1,"eld vs kin","344",9.07946519473778e-12,6.52293422814377e-05,8.45748795550484e-05,11.041939731855,4.18555700052063,4.07275861202789,4.06679889678778,3.02429344251736,3.07111187605514,0.406661807153459,0.414168608823142,0.426668157327705
1,"eld vs kin","435",8.88067157343507e-07,0.00332663057851914,0.00277075678969945,6.05155419079698,2.47799542474542,2.55740159385944,3.86324897852796,2.6981846288398,2.72575848293757,0.557258313053624,0.573491600064492,0.550285259779383
1,"eld vs kin","652",3.58419903483118e-08,0.0023732735312974,0.010701362463968,7.44560788145165,2.62465220435026,1.97056092578076,3.01160499734105,1.97729154693121,1.9782225240772,0.366534541810031,0.362861592607489,0.374862346834416
1,"eld vs kin","666",0.000109515640195751,2.59744494611238e-07,6.74254185701699e-10,3.96052385374017,6.585453648719,9.17117634881054,-2.75714328267363,-3.90339143181585,-3.91509465131785,0.423884390123482,0.41701486524555,0.42108149462308
1,"eld vs kin","667",5.66066609387454e-06,0.00524742124927141,0.0405306170020359,5.24713246212029,2.28005407037558,1.39221678489537,3.70279259798826,2.56589730483367,2.49613700187962,0.575100606049876,0.558629742549925,0.565119455951527
1,"eld vs kin","670",1.63360284770717e-07,0.0292089942390456,0.014058571351499,6.78685351819153,1.53448339694472,1.85205881058825,3.23658859749242,2.02415342886187,2.09731730303022,0.420026130355767,0.43496259030595,0.430882388587423
1,"eld vs kin","728",1.68329411512847e-22,4.32540992712185e-13,8.9289705410233e-13,21.7738399948872,12.3639727273551,12.0491986098825,5.20678894363155,4.09592551334774,4.06030457720379,0.383085206022873,0.392023496543036,0.371822089645591
1,"eld vs kin","744",0.00960308073542788,0.000326376053874847,0.000523602374655103,2.01758941990186,3.48628171282111,3.28099839249319,-2.51388177499217,-3.6285950774434,-3.6596313060587,0.520262223528494,0.516033434411378,0.522913417885885
1,"eld vs kin","786",0.00577773158762952,4.0555667389794e-05,1.15362835112548e-06,2.23824263776338,4.3919484473929,5.93793407943979,-2.6554631855857,-3.73906539491122,-3.82335687292474,0.509508782097058,0.498146000915269,0.506236107225205
1,"eld vs kin","825",2.38510022924038e-06,0.00699146156432575,0.0317236791702534,5.62249336585179,2.15543202554618,1.49861645090424,3.16665706052779,2.16759252656336,2.17176155417862,0.451244048298214,0.460215800161957,0.458095557521081
1,"eld vs kin","854",1.83467726447463e-11,1.09724207645043e-05,1.39761047032449e-06,10.7364403208315,4.95969754665641,5.85461385445678,4.35291163969885,3.31262632104853,3.23880396199301,0.464024237809533,0.465104117861267,0.457651475459317
1,"eld vs kin","857",9.7379622314968e-07,0.0155123062587297,0.0493232468064856,6.01153191418983,1.80932362958927,1.3069483427874,2.79619524449106,1.77097471283755,1.73615847970802,0.413837894336561,0.405532778867734,0.427644980768467
1,"eld vs kin","886",1.06717758708887e-15,1.81182243964159e-11,4.08980989019601e-10,14.9717633044038,10.7418843658548,9.38829687917059,5.67178677794072,4.51176829361837,4.58123262057086,0.531570373834359,0.504381004835139,0.514504729391763
1,"eld vs kin","888",1.83276948411115e-10,1.71462277064183e-05,0.000238656092844781,9.73689215482721,4.76583141302592,3.62222747370046,3.8110921371245,2.78570099538947,2.80129025431736,0.429841363069281,0.438861879007028,0.449054989574013
1,"eld vs kin","922",7.19194936634031e-06,0.0338894677603938,0.0153846716297068,5.14315337883829,1.46993525177458,1.81291176889512,3.29986208424799,2.25365124999911,2.18961881382292,0.472077538459096,0.465569908247941,0.474081034336838
1,"eld vs kin","926",7.58167257873891e-08,0.0177925784754751,0.0203311003662574,7.12023497489737,1.74976111000908,1.69183911570228,3.16897332900295,2.0006286153649,2.04248911928723,0.433081906266261,0.42543217513705,0.429432143221069
1,"eld vs kin","929",2.08186139794957e-06,0.0391817207815953,0.0403763586385407,5.68154818746207,1.40691649459088,1.39387285068453,3.15976994756687,2.04042818919838,2.08171706454227,0.469061774658656,0.47032894019062,0.46699983687741
1,"eld vs kin","944",9.46585774082022e-12,0.000327639366577692,0.0011748473213008,11.0238400266841,3.48460392235631,2.93001856898792,3.07767538858487,1.96524146970066,1.96853313160602,0.29716850253315,0.294890274566402,0.293031590835321
1,"eld vs kin","947",9.43239056508711e-15,1.75762069778576e-11,6.41402072811216e-12,14.0253782247969,10.7550748417946,11.1928696409012,5.23869673004992,4.15191039530387,4.17308311363443,0.429030360339361,0.430784623420332,0.425800589044079
1,"eld vs kin","978",3.1204042635846e-34,1.23320521139014e-24,2.32125301306128e-23,33.5057891373692,23.9089646486607,22.6342775195236,7.21541755444719,5.99266556190927,6.14007048972362,0.409438767876397,0.400308869745986,0.414470591954676
1,"eld vs kin","984",8.2865473258206e-20,2.09086753881721e-15,1.89435038451954e-15,19.0816263849729,14.6796734798475,14.722539689541,5.87915597503411,4.81850766685433,4.8475439772339,0.41602370630353,0.425707494287907,0.419307175108162
1,"eld vs kin","988",1.33565398763695e-08,0.000357868791164663,8.71896269093534e-05,7.87430603491644,3.44627617368587,4.05953518070963,4.19620887074197,3.11614843037852,3.20704300451637,0.533077180611338,0.539510585055729,0.525911522615391
1,"eld vs kin","991",0.0144744806156252,0.000130381508925553,6.6996745678525e-06,1.83939701100743,3.88478399710892,5.1739462923467,-2.72372994379059,-3.80951705502259,-3.77651841210996,0.58059762047968,0.559360153471762,0.562815380068726
1,"eld vs kin","1014",0.000387041945208991,6.32843872700278e-06,4.19211142951397e-08,3.41224196628426,5.19870342045355,7.37756718199287,-3.21847807836131,-4.31397731420426,-4.42921954389044,0.519721797996985,0.518602405025597,0.522671487341219
1,"eld vs kin","1020",1.23744866388297e-08,0.00242727956946079,0.0016404763037981,7.90747280892353,2.61488019957179,2.78503003848979,3.49494395611808,2.28244220162806,2.35970862069471,0.434400879121981,0.421874899222179,0.416651922007283
1,"eld vs kin","1021",0.0265798603409608,9.42282503849569e-05,2.66938587247731e-05,1.57544730530861,4.02581887271727,4.5735886423329,-2.74912515741481,-3.85081656867187,-3.86903689844664,0.551716793750289,0.551238184445915,0.559927119039273
1,"eld vs kin","1023",7.36058633278132e-06,0.0471811745344836,0.0418136731607423,5.13308758906616,1.3262312519308,1.37868167977386,3.07528110924848,2.01550559466012,2.01591423255537,0.469612668934014,0.473754897295955,0.472470803019546
1,"eld vs kin","1027",1.59902334395404e-06,0.0231911357252481,0.00833564346038586,5.79614519599334,1.63467798240425,2.07906086968017,3.61549539400551,2.36460125709781,2.38220329454679,0.515573851840335,0.515576151327028,0.500944714295857
1,"eld vs kin","1030",1.03980275201673e-17,1.86525316221356e-12,3.28770115165599e-10,16.9830490374659,11.7292622150667,9.48310766621877,5.15745934896123,4.2602939585069,4.02559087672328,0.427999974837382,0.436417964334242,0.41891603000638
1,"eld vs kin","1043",1.40254825943595e-08,0.000256537706022212,0.00133852519901527,7.85308218643818,3.59084879307114,2.87337344839168,3.40042412186122,2.33885747552763,2.30753417366916,0.408270765983535,0.410750361309005,0.424354877437098
1,"eld vs kin","1059",2.14890796791085e-06,0.00899722980123802,0.0332157896375863,5.66778218380327,2.04589118691938,1.47865541863504,3.78323746574927,2.67447646823288,2.68968749120966,0.5886105334897,0.582749089775918,0.590335012460168
1,"eld vs kin","1074",4.15268196808108e-20,6.00896349006682e-19,7.44264927008637e-20,19.3816713279309,18.2212004347138,19.1282724463655,6.0808136735186,5.03309674790162,5.02155261105783,0.400655062494058,0.39570033826962,0.396217422712891
1,"eld vs kin","1076",1.79779736583172e-21,8.00905504382215e-14,8.73734943316081e-11,20.7452592602449,13.0964187215516,10.0586202951846,5.69445887943805,4.51354910484269,4.45090481357551,0.421460100059124,0.432515186990028,0.425411291133085
1,"eld vs kin","1082",7.39246094585427e-10,0.000432240621871089,5.24207978071426e-05,9.13121096116029,3.3642744206424,4.28049637368696,4.02399493839987,2.82254187335577,2.88025976912516,0.487623688719393,0.492832087252172,0.484305155155505
1,"eld vs kin","1089",3.21601354946374e-21,1.37655518126105e-11,5.16128963409853e-10,20.4926821301832,10.8612063745817,9.28724176911037,4.04754197009858,2.95372573888385,2.94989938301153,0.288651278912811,0.281025648164052,0.288026002100555
1,"eld vs kin","1098",3.20436489689953e-35,8.73209931659136e-29,1.7017416931306e-26,34.4942580345083,28.0588813333841,25.7691063606801,8.04299948829301,6.965397958556,6.92966784269022,0.445673901085753,0.44588453058996,0.443729252092519
1,"eld vs kin","1105",0.00010704965093649,1.10098961721613e-07,1.63055162604524e-10,3.97041474449849,6.95821677658411,9.78766544613639,-3.49176972364701,-4.54054177253511,-4.66154200241287,0.50460036883742,0.499620706539152,0.517525573117699
1,"eld vs kin","1108",3.33963463055698e-08,0.00049467114552547,0.002292831311672,7.4763010441503,3.30568342156333,2.63962789603539,3.51734507333781,2.41279479407247,2.50302149244077,0.43706769571794,0.431251130910845,0.4386712842289
1,"eld vs kin","1112",0.0227475595379634,0.00118191546390449,3.60349518299552e-05,1.64306518960239,2.92741358510682,4.44327605415119,-2.44544770864623,-3.52880158535466,-3.56436214797341,0.532127529422924,0.536732660780558,0.537812422343327
