"constant","comparison","n_all3","n_coeff_side_clr","coeff_clr_slope","coeff_clr_int","coeff_clr_r2","n_clr_side_coeff","clr_coeff_slope","clr_coeff_int","clr_coeff_r2","n_coeff_side_tss","coeff_tss_slope","coeff_tss_int","coeff_tss_r2","n_tss_side_coeff","tss_coeff_slope","tss_coeff_int","tss_coeff_r2"
-1,"cent vs eld",37,35,0.381172183543755,-0.461458560463676,0.705433145807712,2,2.48062516971596,1.8131491443376,1,35,0.62693028877813,-0.988977258519761,0.837815895411245,2,4.03233482217463,-0.895219912122383,1
-1,"cent vs kin",139,111,0.190574960623638,1.58123323125688,0.650488008099779,28,1.20736819515494,7.92776596970637,0.91704448665773,111,0.195504311654134,2.29009214737881,0.618051296143369,28,1.20945917080623,6.36156764587907,0.932578159220499
-1,"cent vs mage",82,66,0.756660659438566,-3.39929309424176,0.792229550828243,16,1.01407459330836,5.01304138419853,0.681548674256392,66,0.908919444765182,-3.76596330584117,0.857643692707188,16,1.20433157431023,4.55810974261674,0.72001202201555
-1,"cent vs mid",95,63,0.176354527169225,1.26403449946391,0.757062539922909,31,1.04474528056645,12.9594100190909,0.780899859746991,63,0.188736351949311,1.242179504328,0.768598216781956,31,1.20182850470019,9.13937330286633,0.866457470368849
-1,"cent vs pup",176,135,0.0705938038364638,1.56467532165698,0.556243609620708,39,1.14308820787357,15.3087954439362,0.883882082460661,133,0.0953962324737891,3.89660345668729,0.619645882395946,39,1.10158046575758,9.96315011724183,0.93666455690621
-1,"cent vs you",144,119,0.355052829912684,-0.895542641035578,0.712367959272616,20,1.43606201983911,7.62234885897722,0.81951675443123,114,0.408547504825454,0.556985217906374,0.810095642363502,20,1.20076717989542,4.08722254469266,0.864925395091758
-1,"eld vs kin",130,94,0.440408564114361,0.398607894998226,0.70999016495237,35,1.07687302433024,4.59665258510482,0.937329742373553,94,0.486085739647509,0.107969438649262,0.769582099698595,35,1.08294940891077,3.42801461627695,0.950681937291329
-1,"eld vs mage",30,17,0.268373392058111,0.294713861857693,0.42803551034665,13,0.827106867306475,6.34020693207635,0.495084054849377,17,0.426440307102948,0.0253808072775626,0.590620564689975,13,0.834978797024653,5.06699597291815,0.513175660937968
-1,"eld vs mid",66,31,0.471126522859538,-0.546149179454809,0.946297922633911,35,0.940164127138919,7.12671385628749,0.786023652485712,31,0.428006854186574,-0.515115823491633,0.946351152301463,35,0.938603670880843,6.74997471986364,0.813474151701556
-1,"eld vs pup",151,98,0.275995410563958,0.543219405905534,0.797406186587118,50,1.08224317523738,8.68684278581806,0.841809459488734,96,0.302374568732936,1.89064971506335,0.802128265010786,50,1.05946665688915,3.62827111298557,0.972790687138041
-1,"eld vs you",15,15,0.228769509186958,-0.106759534128967,0.466403531351131,0,NA,NA,NA,15,0.428544686992851,0.0674586117000126,0.716396703198926,0,NA,NA,NA
-1,"kin vs mage",28,28,0.456522383728384,-0.954424236788716,0.669558806293616,0,NA,NA,NA,28,0.520781884415752,-0.860843412782943,0.701999080648833,0,NA,NA,NA
-1,"kin vs mid",19,13,0.639256193308514,-2.53266338354497,0.658186184539847,6,0.991437952615624,4.2373982540177,0.85351192392181,13,0.649778401350676,-2.72707981136351,0.620588068476597,6,1.60052797431596,3.99109990069524,0.866043834170137
-1,"kin vs pup",6,5,-0.618940880207003,8.47506516929846,0.354292419776958,1,NA,NA,NA,5,-0.731004664669892,10.6600877168457,0.462898488385451,1,NA,NA,NA
-1,"kin vs you",148,102,0.653706883853891,-2.70397683836737,0.778324908354044,28,1.45509847571341,4.95254937086102,0.913823991683468,94,0.680311048820031,-1.35701220512179,0.844239450689629,28,1.41050681374111,3.84824259074083,0.932178033742709
-1,"mage vs mid",3,2,2.12867534574778,-11.8787341000385,1,1,NA,NA,NA,2,1.79904663566228,-9.32769244537205,1,1,NA,NA,NA
-1,"mage vs pup",41,38,0.297824173649261,0.83807050409814,0.840756915523282,3,1.09251561110242,8.74704937747017,0.969162073666066,38,0.291328428710074,1.47392555432748,0.82079598032891,3,0.977222003080598,6.01505135377989,0.97728106823714
-1,"mage vs you",118,107,0.769987831318243,-1.51933851796439,0.892129517531148,5,0.818256237120468,4.70646212928524,0.389044320997788,104,0.838648301199651,-1.26935024427231,0.933719928351454,5,1.19140651880485,3.90766812005072,0.623601798473522
-1,"mid vs pup",106,103,0.253869172877207,0.458354037415715,0.665454508896731,3,1.29025121537982,6.06299303111252,0.998234098854988,103,0.277566636505619,0.699830794624268,0.72471964705172,3,1.11026921863831,5.5836294353601,0.991024284246512
-1,"mid vs you",169,135,0.7979428473154,-3.33371659900704,0.805810235512034,15,1.43757707525166,4.16173855232051,0.330049815079991,123,0.843689084817891,-2.38744700657385,0.878732516840338,15,1.50606814830674,3.22617711597019,0.395617607621888
-1,"pup vs you",215,98,0.397223135970803,1.89192876608011,0.801579646099321,68,1.2067474984993,2.94352380109663,0.937677378534675,109,0.360834615828027,0.845142054889861,0.786523194709516,68,1.15082490258781,4.02873776519587,0.922449827524201
-0.9,"cent vs eld",39,36,0.514910721029564,-1.14405145309972,0.785450669863653,3,1.55298555649425,2.33777998324718,0.732218308954434,36,0.600810142629125,-1.00657051392231,0.827775143318008,3,2.01728677248566,2.20868666759838,0.875787525938832
-0.9,"cent vs kin",143,102,0.174619443858768,1.60440418451246,0.599614115277727,41,1.20173947477209,6.23167185174597,0.934717864130811,102,0.198536793554536,2.61334303559572,0.600455985553712,41,1.14674861199267,3.7582863703771,0.968640728455427
-0.9,"cent vs mage",83,67,0.735104611857944,-2.81885707412524,0.84850672494597,16,1.09521249219651,6.71809410220135,0.564034248569237,67,0.800282259707042,-2.45150702390219,0.850045655235565,16,1.05401167369368,4.71692564908951,0.560497071129148
-0.9,"cent vs mid",84,47,0.154993306620709,0.648768356590595,0.798115414569711,37,1.08712720492789,8.56756551135173,0.888400056448924,46,0.211710315052254,2.56091051850494,0.790153566944292,37,1.11177163635775,5.99620967381862,0.925412697473382
-0.9,"cent vs pup",190,145,0.102895438699525,1.95121472500433,0.640891609852079,42,1.08483785077775,14.2167173743768,0.884515223362075,143,0.121250568679359,4.48717425084564,0.631294477810187,42,1.05260480259719,6.35276740572526,0.956401040125247
-0.9,"cent vs you",138,110,0.367767802023527,-0.792230405464347,0.778839049627472,24,1.33643324279334,6.50604746845618,0.882546427830558,106,0.454793296685967,0.6815901443673,0.81926365589068,25,1.2814863581606,2.29262527261314,0.931774737493988
-0.9,"eld vs kin",141,91,0.424753048140306,0.626537771138537,0.729287261542769,49,1.0642750000377,3.3911713370656,0.958940000018799,88,0.495875140763924,0.704734514613281,0.716841494284111,51,1.13864279404455,1.9561662455083,0.973288730403964
-0.9,"eld vs mage",15,4,0.162519877170639,0.48281218406548,0.865030402337946,11,0.834233151768817,7.04984183693644,0.429154789095264,4,0.784376732893266,-2.57754466635879,0.763718388123054,11,1.07672624153621,3.38495492858636,0.820044551444929
-0.9,"eld vs mid",71,35,0.387152992312073,0.360474880667053,0.919320456033016,36,1.0145550719426,6.61255966575588,0.863359693095298,35,0.453638055646882,0.466248735984926,0.910149960064106,36,1.01940388862314,4.50780239153843,0.915878093739662
-0.9,"eld vs pup",135,84,0.25479598651119,0.747489236021047,0.839009206133685,47,1.07310855630965,11.5209679871664,0.746863626782875,82,0.288134598709846,2.63237883801969,0.761346533020495,47,1.12141570372571,8.61234844047358,0.8045734118072
-0.9,"eld vs you",25,25,0.414496084178881,-0.629968102124497,0.671015897597685,0,NA,NA,NA,25,0.368079263410652,0.125729707063736,0.656046730478626,0,NA,NA,NA
-0.9,"kin vs mage",27,27,0.628553639837581,-1.44668117859125,0.812323246674649,0,NA,NA,NA,27,0.719841222046872,-1.35401743835147,0.912313771150408,0,NA,NA,NA
-0.9,"kin vs mid",30,17,0.722173734049644,-2.02109454291958,0.774559446306286,13,1.44353164339855,3.24241742930694,0.899321909416576,17,0.782521290825834,-1.68682662274605,0.825939611890836,13,1.11297052095249,3.49616899190585,0.79301181261688
-0.9,"kin vs pup",6,5,0.126426996810827,1.17077011733353,0.0976926741403889,1,NA,NA,NA,5,0.20785923307948,2.25660115890944,0.367568976949334,1,NA,NA,NA
-0.9,"kin vs you",163,97,0.640707415142347,-2.32538605149735,0.813404137081686,43,1.31373814014867,3.05109831772107,0.949371629763103,99,0.631526995046275,-1.94185012117319,0.755588143429544,43,1.21630728320756,2.53317317832729,0.95640832353342
-0.9,"mage vs mid",9,6,1.04854499619922,-3.34193155808016,0.762236017425929,3,1.55147257375754,1.3752706795272,0.919261952669447,6,1.09639160043547,-3.7225680736535,0.740739173379832,3,1.89654674167404,1.69740027255401,0.928289042187058
-0.9,"mage vs pup",43,36,0.235498328060383,1.29206410635366,0.776011779207165,7,1.11670890642403,6.81084487242359,0.989917620524546,36,0.27113906577397,2.09850267235265,0.81317375295885,7,0.973006977311524,4.31052152561988,0.957004553274489
-0.9,"mage vs you",114,102,0.702902690992099,-1.88053736484345,0.829773946851415,7,0.720134069258545,4.58051604019747,0.333582601508123,102,0.712283042622948,-1.51517522398396,0.842054812144575,7,0.899682876233624,3.02710830330728,0.507932474434041
-0.9,"mid vs pup",51,48,0.209531708826921,0.334941926612463,0.616825790395009,3,0.91701460201724,9.36545626858822,0.992288400919494,48,0.291368113497142,1.95537501763271,0.682527242061367,3,0.978283850102661,3.8469136318909,0.982447213710629
-0.9,"mid vs you",184,149,0.765303629248314,-2.39955593279083,0.830011803150865,17,1.42636890825754,3.91236458270518,0.383387274757654,144,0.807633965153383,-2.44521430847061,0.871742210475731,17,1.03722362986098,3.01962907624158,0.377654761277477
-0.9,"pup vs you",218,102,0.397716130068245,1.32961460760036,0.850028467424546,70,1.23884469257538,3.09114351377957,0.9497386228837,102,0.378792617763337,0.889295479548915,0.86221224974321,70,1.19756087017774,3.88788971478509,0.94835356352653
-0.8,"cent vs eld",41,37,0.558670245821596,-1.05568168177159,0.795286843791084,4,0.81734426049246,4.37366368487527,0.279059992576526,37,0.517042527118347,-0.773864130452034,0.689502028983506,4,1.23442617645715,1.95537302987492,0.787294630154972
-0.8,"cent vs kin",142,101,0.206346033609864,1.56391128720071,0.61305865980126,41,1.2173061424826,4.83882458337606,0.940841856864029,102,0.217148385764519,2.27280653703165,0.604693338291622,40,1.20190351921451,4.43009666853329,0.929948154781359
-0.8,"cent vs mage",95,71,0.767141367073417,-2.39611626675586,0.916062816839867,24,1.36053065096703,4.83659944386198,0.586064056224712,71,0.794084669348986,-1.94991151906385,0.931079560047748,24,1.00300354991141,2.87459503943375,0.667634674499801
-0.8,"cent vs mid",112,62,0.16705757248522,1.57499619732982,0.751958009360713,49,1.14186455525521,5.68611882445059,0.942010214549055,62,0.206498943331543,2.20141388107931,0.797338084438632,49,1.15088125225401,5.42140182497346,0.927514864829226
-0.8,"cent vs pup",180,128,0.0901419383149466,1.72582761938837,0.603943968349461,49,1.18300377611339,13.4034946832019,0.871579920077044,126,0.112639203613434,4.14966182314603,0.586970819345732,49,1.13842223352051,9.79963110333897,0.88798750195786
-0.8,"cent vs you",140,111,0.40801650913456,-0.779649699220509,0.810888348677654,24,1.72663791791094,5.48482041767383,0.871866059159525,102,0.454467844168434,1.49364698499992,0.792107771945423,24,1.49876800781839,3.60134362367838,0.884029731247954
-0.8,"eld vs kin",130,81,0.532341847708672,-0.290763190067504,0.760200217672399,48,1.08195412277993,3.89029945982217,0.915170943782381,82,0.495228551113051,0.0476423528226459,0.830626898941535,48,1.11399857469936,3.80126839223799,0.944705687310867
-0.8,"eld vs mage",27,13,0.224096282552461,0.538941096112656,0.304967791861259,14,0.944004359022473,5.07371629848544,0.579653259424643,13,0.356734927571897,0.30661538516808,0.669562504620916,14,1.00564792359215,3.16681736172552,0.692641820946856
-0.8,"eld vs mid",67,37,0.417118546174361,0.616994477586908,0.914455508889372,30,0.994747785200322,6.46891249774964,0.847549587374259,37,0.427669725038399,0.767095805145047,0.897148226425805,30,1.10637457722721,4.85719492963449,0.887167145875328
-0.8,"eld vs pup",146,90,0.241728227152613,0.981857644654631,0.805208772820033,53,1.11563705648646,7.99610259668777,0.8750485872879,84,0.331647145883117,2.8541319545884,0.634163177392794,52,1.06925236711452,3.05187871613932,0.95264469570094
-0.8,"eld vs you",15,15,0.264359949073849,0.130486609827697,0.536385060837373,0,NA,NA,NA,15,0.654928884931521,-1.05569124402361,0.882562195470216,0,NA,NA,NA
-0.8,"kin vs mage",19,19,0.402534140775846,-0.554665000722288,0.657070715984181,0,NA,NA,NA,19,0.674324106111335,-1.15905744650073,0.827118969126299,0,NA,NA,NA
-0.8,"kin vs mid",36,13,0.568733255052986,-1.44445985422505,0.697639677790119,23,1.31386288160912,1.97324495584668,0.917836046574477,13,0.666089473700355,-1.67954050253665,0.797283424114526,23,1.11133989830486,2.920224366857,0.767799153604467
-0.8,"kin vs pup",4,3,0.285633569470981,0.0547762730026067,0.210105354228464,1,NA,NA,NA,3,0.372267076312249,2.24966009143398,0.327643697331154,1,NA,NA,NA
-0.8,"kin vs you",166,102,0.659755758677781,-1.2764153177444,0.89473968508006,40,1.30679425986064,4.02574394755181,0.921467194507777,105,0.660079710891011,-1.50646153872016,0.869528346276056,41,1.17455677166942,2.91823371777977,0.908286074614366
-0.8,"mage vs mid",11,8,1.17771937179859,-3.84039531019464,0.919019136760091,3,2.41313565822508,0.229093626021828,0.999635025790925,8,0.98147299678507,-3.19056351725822,0.885871119372303,3,1.83391817107549,0.605846678400542,0.999862185593891
-0.8,"mage vs pup",45,36,0.190451877180403,1.62284910633649,0.65187669666985,9,1.14217640559717,6.21235299721274,0.978210896745061,36,0.224278296292951,2.0321694065621,0.69705159876761,9,1.09546105246131,4.30742914584205,0.990618377901284
-0.8,"mage vs you",124,101,0.756077590108965,-1.38860744608485,0.890964219500998,16,1.16467723473299,2.74348636056684,0.695305551505241,104,0.703277845482767,-1.38904722729118,0.849777735572208,16,1.07554086669574,2.35570322327192,0.766687928178587
-0.8,"mid vs pup",82,79,0.256804893087498,0.576179605636191,0.594077040779078,3,1.04403967704676,8.07677559213286,0.979686892827406,79,0.274703350598727,1.59279357437747,0.605247536753182,3,1.2052544583466,1.9962284065521,0.998996734861105
-0.8,"mid vs you",182,143,0.773280950380586,-2.5932892491943,0.844227536935988,18,1.68917912264249,3.39270684653606,0.747267993449875,140,0.83878869508245,-2.29514629849367,0.868537704568266,18,1.16156803226927,2.64108533770819,0.643865647762209
-0.8,"pup vs you",222,98,0.368910009744358,1.78253058975684,0.848103743287714,76,1.19010942315144,2.67715715915906,0.934664499392554,106,0.37018563647151,0.965888211901274,0.846862996099979,76,1.20244980998183,3.36995661942575,0.948519377579063
-0.7,"cent vs eld",54,47,0.53930069769489,-0.675929856226168,0.749208391176421,7,1.6455667416545,2.45067596503689,0.757575485495126,47,0.585654188461214,-0.676390402235003,0.757139893712418,7,1.82997969002494,0.921169941743539,0.922803332750664
-0.7,"cent vs kin",156,114,0.244399492886568,1.48800287913413,0.632650142985039,42,1.24339376898404,5.69310195471054,0.94442975915566,114,0.25263568787508,1.99731579328823,0.625761999525234,42,1.11133403591822,4.36852454684784,0.971421456462204
-0.7,"cent vs mage",90,59,0.831146820220127,-3.22716379479114,0.864203031536266,31,1.3768535291658,3.73482188660474,0.58045535600424,59,0.900008407537404,-2.91059049274942,0.903267561970469,31,1.47845776057478,3.48109376211283,0.543688160832452
-0.7,"cent vs mid",127,73,0.270838772988599,1.36970427638724,0.689330512799792,53,1.13755377445581,5.02680876479728,0.946627423364005,73,0.29752334770872,1.78281584512936,0.743837272113384,54,1.12728859543665,4.26971961075397,0.950809286534228
-0.7,"cent vs pup",199,147,0.130661878197036,2.08491258094431,0.621110336840335,49,1.12861118945367,10.2320850409142,0.954349651028049,146,0.122156673296411,2.91290893787957,0.58208799309331,49,1.05158227133018,6.15339592428492,0.969311857705433
-0.7,"cent vs you",160,130,0.489440013791712,-0.900357425181874,0.870688198323939,24,1.15421488482458,6.9896916507103,0.841911771059961,123,0.51744687128069,0.364814997025985,0.832550008727623,24,1.24181135578965,4.07134510004032,0.925491034780734
-0.7,"eld vs kin",133,80,0.482593436810521,0.318716423463301,0.827785139458929,53,1.14418864188114,3.38091471760749,0.92554848178159,79,0.529548089598427,0.359364474549575,0.800568661945094,53,1.13451482463628,3.05331964173278,0.934009515648556
-0.7,"eld vs mage",26,9,0.0828155354734241,1.21950229584361,0.098513385329964,17,1.23080264302583,4.11935253982499,0.716204297646782,9,0.141332183830379,1.06876809259122,0.138982124931533,17,1.07431726871937,3.69390126787295,0.644410160068706
-0.7,"eld vs mid",76,32,0.3881815652573,0.498428159288382,0.922162753707633,44,1.04287607532101,4.16750591105619,0.899101213742697,31,0.427859324559988,0.547605700535142,0.934330933422175,45,1.10872680247001,1.71848379590719,0.968828464796657
-0.7,"eld vs pup",161,93,0.240148220374496,1.35258230989264,0.776294804799389,64,1.12255162538644,6.16600220506947,0.887289124853259,92,0.282372188339386,2.34288596438187,0.75754579737588,63,1.06589274340222,2.84868991357487,0.95779922593012
-0.7,"eld vs you",34,34,0.483442637074396,-0.317296709290801,0.758807593773583,0,NA,NA,NA,34,0.643992525626029,-0.459648908409713,0.783965341888965,0,NA,NA,NA
-0.7,"kin vs mage",24,24,0.531324180507886,-0.951524409941959,0.647709580792299,0,NA,NA,NA,24,0.619991309737997,-1.26922524103145,0.726884320052786,0,NA,NA,NA
-0.7,"kin vs mid",43,16,0.546775913530936,-1.36090949514277,0.656908624700705,27,1.14872061107605,3.45015323168206,0.817014971487983,16,0.63214174401257,-1.55159092143814,0.7976358200183,27,1.22496673293778,2.1467204785615,0.890768304916595
-0.7,"kin vs pup",3,2,-0.440327490962556,6.7960320150831,1,1,NA,NA,NA,2,-0.946403966135886,16.0218542756512,1,1,NA,NA,NA
-0.7,"kin vs you",169,102,0.587469029463635,-0.944747951759477,0.88643744139616,45,1.35950723888292,3.71358828155295,0.878903651785677,99,0.625532106539168,-0.187554781555247,0.894729815053117,45,1.28043624879563,2.32880404332689,0.898638061024797
-0.7,"mage vs mid",6,3,0.90393244689356,-1.56491225349948,0.999703080735715,3,3.64957987499109,-1.49431855269172,0.938758804130478,3,0.79429069640235,-2.41964670391698,0.997722301102338,3,2.52468141791746,-0.00583244820487912,0.998663844596701
-0.7,"mage vs pup",50,41,0.417869625448283,0.95582014546399,0.828930848351002,9,1.00530064501887,5.25741992852106,0.988395955661398,40,0.393913378877223,1.9396220864869,0.753206514959597,10,1.04039226433379,3.80167700063766,0.967270678558487
-0.7,"mage vs you",116,101,0.588014487249576,-1.84105347279467,0.621234587412321,14,1.35638249231462,2.39583259699985,0.781949172908433,95,0.868662677211216,-2.52411251704475,0.853765408223716,14,0.876867390471941,2.71974418711037,0.548172768393333
-0.7,"mid vs pup",76,72,0.279760610902761,0.54606031346646,0.57245361250147,4,1.12171207269509,5.56041714648008,0.991795262755272,72,0.324991047694193,1.13880713580477,0.616705431386229,4,0.911232087301218,4.96296805156644,0.992281198927353
-0.7,"mid vs you",182,139,0.759916213720579,-2.31279885645055,0.882027351966347,22,1.53274462886673,2.6752985519297,0.636205270337357,141,0.750246827233768,-1.98976437724817,0.838556474066094,22,1.58874394263303,2.40940256313864,0.680438710205318
-0.7,"pup vs you",229,100,0.398145377452343,2.18860258135478,0.813314970452861,81,1.148938704383,1.66403466499665,0.974666780529117,103,0.333620028452903,1.41750060554127,0.826166549497441,81,1.15169421415129,3.42586375735126,0.950672734652489
-0.6,"cent vs eld",56,47,0.719681528545946,-1.1275208900267,0.900188198068849,9,1.25707859458885,2.31281752366948,0.775238631153075,47,0.789540941826556,-0.971101002194914,0.89304755840059,9,1.5191548370595,1.31850825206569,0.672785939154048
-0.6,"cent vs kin",154,106,0.266118115051964,1.60709066029357,0.609480000786194,48,1.17403882176476,2.78371685074074,0.97697174476212,107,0.258038067052244,1.42584691445145,0.553398570594808,47,1.1517235006844,4.01367256582494,0.955315107561245
-0.6,"cent vs mage",102,64,0.697230710843704,-1.287657424157,0.928621883464336,38,1.29139484142385,2.68547055338452,0.80759520075212,64,0.814014001385218,-1.0983092572053,0.955844419281181,38,1.15791046897838,1.65707536405343,0.870394092969021
-0.6,"cent vs mid",122,58,0.173770573516023,1.57281953115132,0.557287871269766,63,1.17902520375016,4.4094946268928,0.960524809049508,60,0.239528861179486,2.31787121150779,0.605367043172977,61,1.11719703304011,2.0436355347791,0.975631427757911
-0.6,"cent vs pup",186,126,0.141392989783689,1.87235659742261,0.625283892841089,59,1.1747725767667,8.12338587900722,0.963694615315166,112,0.279260867955269,3.6071584276066,0.384206455668586,70,1.10248364776293,2.22565200795269,0.972854960827411
-0.6,"cent vs you",178,138,0.525843435759856,-0.000840597609648544,0.862046143864825,33,1.18957420814324,4.62089777641477,0.923001102955799,134,0.589651009232755,0.475113459840134,0.883773131996417,34,1.060076331822,2.62506414949372,0.903034134941405
-0.6,"eld vs kin",142,86,0.556431805346569,-0.00918396314404169,0.79060682993024,55,1.0393804407327,2.99079407832797,0.94281452795496,85,0.545993674506336,0.338258731461168,0.778272064978223,56,1.09695434855046,2.30216125048073,0.954375082594617
-0.6,"eld vs mage",29,9,0.393730636496793,0.194390068495312,0.34811753049025,20,1.17098372003294,4.25881708702807,0.693215259306726,9,0.244399782611063,0.515732482144147,0.451183194079977,20,1.12401718772684,2.76868533207058,0.837386706427513
-0.6,"eld vs mid",87,32,0.399224287060693,0.821132680085531,0.9006749145382,55,1.05014133317031,3.38466285839365,0.910501615783894,33,0.613565922287974,0.148525360642549,0.832866868555733,54,1.14175330532644,1.57565090553271,0.971676004743443
-0.6,"eld vs pup",156,99,0.294102834706874,1.01687685994716,0.867520140705865,52,1.03254044379916,8.65575358009163,0.844122686387208,96,0.306170356503369,2.23663671180475,0.799807990955364,52,1.02421168884132,4.38464658484912,0.931504526445287
-0.6,"eld vs you",29,29,0.455080704538871,-0.238202632079149,0.67354038025452,0,NA,NA,NA,29,0.630284371601057,-0.441031433429909,0.837348509349887,0,NA,NA,NA
-0.6,"kin vs mage",27,27,0.576503722049088,-0.925843080644542,0.78491038733368,0,NA,NA,NA,27,0.731668902936503,-0.702616308293618,0.899066770773906,0,NA,NA,NA
-0.6,"kin vs mid",64,15,0.97886578792215,-1.50558378499165,0.960127747460567,49,1.18233312679209,1.44277933289411,0.888102423910896,15,1.06955194489802,-1.88302219425724,0.986552321152458,49,1.19715965602438,0.832795380646771,0.944726795764956
-0.6,"kin vs pup",6,4,0.67064555489272,-4.44096875435395,0.104295953893962,2,1.04144239909332,6.66495103792849,1,4,1.05483331677955,-6.29605155339601,0.42447689711967,2,1.08505222878619,4.00604600007791,1
-0.6,"kin vs you",178,102,0.696611494900414,-1.2802509672248,0.880382931140685,56,1.1162011291741,2.10401839167595,0.903921861502518,96,0.766608067270532,-0.611848930210346,0.915323812528942,55,1.20189613500311,1.39684390693548,0.921379172879641
-0.6,"mage vs mid",15,7,0.776187127901263,-1.22198487479238,0.974395125255823,8,1.46278323307362,0.401364074052961,0.91052784822319,7,0.879411490364001,-1.61023578520296,0.984678150970344,8,1.58690133812814,1.24975307915556,0.900605809082911
-0.6,"mage vs pup",56,35,0.354693053684923,1.11342648961109,0.777750938183696,21,1.1223938453756,4.18968676556589,0.979566022814689,34,0.404489346973595,2.1318515395696,0.773664041399792,22,1.22619925486366,1.66770419790174,0.972930727962923
-0.6,"mage vs you",119,97,0.707924274157767,-1.08328794943971,0.917196868041921,17,1.38375367139097,2.50055742312836,0.498982277093897,93,0.847007717962892,-1.02952329096676,0.948932461840698,19,0.48769807057445,3.4942253443334,0.153309422860786
-0.6,"mid vs pup",72,66,0.546800397324188,-1.09330158597584,0.64503042334862,6,0.992402636687489,6.85780525869902,0.977445996898426,66,0.648568799718696,-0.58970174583498,0.701303970825074,6,1.05375059842614,2.93193085803358,0.988549112189063
-0.6,"mid vs you",191,147,0.778435406905072,-2.21794726644238,0.865023483454539,24,1.4626309710378,1.95576348866733,0.834575665270241,144,0.762188416861359,-1.75073296020254,0.889547713866639,24,1.1537601371934,1.30104102095195,0.846202980496708
-0.6,"pup vs you",238,100,0.429786777136533,2.10481491153011,0.750513219947109,90,1.09953139222558,1.95343886691407,0.967099831411459,103,0.398913415650767,1.84654536742805,0.743855134112715,88,1.06886720362395,2.73312367324705,0.9636061423315
-0.5,"cent vs eld",56,47,0.724156615422438,-0.71541505700449,0.88258700204029,9,1.04231373560755,1.97042945904024,0.8653403118251,47,0.743331178880528,-0.645734200665581,0.898040208206892,9,1.29542831305737,1.14159536111254,0.961579264860339
-0.5,"cent vs kin",182,122,0.487959836592882,1.15824380065326,0.645668371443297,59,1.1386423932916,3.31834500373796,0.965271220857055,122,0.33764059085618,1.73093488809296,0.549616514882868,60,1.12414256887271,1.83704145683952,0.978551403975806
-0.5,"cent vs mage",114,65,0.773573716056937,-1.34580873644121,0.917858664051074,49,1.20874102351907,2.94631042123619,0.813398742211837,67,0.890004261548307,-0.755844306614944,0.957330662165781,47,1.00491139379524,0.506694093970622,0.977018539248939
-0.5,"cent vs mid",110,60,0.262234092126507,1.23716545591065,0.679293858267811,50,1.14967522343177,8.06945335788018,0.865935201316457,60,0.241390706185054,1.68349296734662,0.669526562485556,50,1.13009029950945,4.72124855435214,0.93322043639824
-0.5,"cent vs pup",189,130,0.122444789128597,1.94782714396205,0.604476316658361,56,1.17637362256854,8.05309144305973,0.945530133778532,129,0.15641190776511,4.40176417770448,0.599188218173726,56,1.12251895194237,5.11577818471487,0.961290270049714
-0.5,"cent vs you",150,111,0.420148512763701,-0.410887819929985,0.80043192000591,36,1.24849778713053,4.48133083041907,0.906682234006421,106,0.501573379998855,1.49869222863757,0.845035462141291,36,1.06499296510798,1.25211559605498,0.959534410400781
-0.5,"eld vs kin",159,95,0.62066689536219,0.0457077839582165,0.798330953697016,63,1.05527250561854,1.53541912836691,0.985356950900056,95,0.714103445545543,-0.120187962858386,0.841145122548056,63,1.05062400434576,1.07985716296363,0.989747476580723
-0.5,"eld vs mage",32,11,0.374246988174536,0.410285951404713,0.412199773263516,21,1.19693372746403,3.50380836303747,0.653177396095667,11,0.693321563739803,-0.303836706097868,0.737167879496928,21,1.1818008427126,1.86752656834196,0.857205189608554
-0.5,"eld vs mid",93,28,0.341154109703846,0.540507431497417,0.904990810648003,65,1.11149955970759,2.45301941444156,0.958679024386507,27,0.400274522921909,1.04693922553134,0.918876066474618,66,1.0795650094617,1.51118450407759,0.964328480812423
-0.5,"eld vs pup",164,85,0.249471176674555,1.39157202984097,0.761816211188154,75,1.21622278270248,4.88935179450463,0.912322768453409,79,0.336139693143767,2.86797299513168,0.67996081713855,77,1.15422004222051,1.26375799893755,0.899066078100678
-0.5,"eld vs you",27,27,0.438871130703578,-0.299061023798719,0.713280232457524,0,NA,NA,NA,27,0.576140508882379,-0.36667498708996,0.812648152883718,0,NA,NA,NA
-0.5,"kin vs mage",29,27,0.574777352266055,-1.09019867500606,0.757367917943943,2,3.99860144743644,-2.32222744565351,1,27,0.633622268187966,-1.42368023995655,0.714800048037907,2,6.11161970373617,-5.02691659526539,1
-0.5,"kin vs mid",54,11,0.672518123369078,-1.73583815393096,0.667334114191,43,1.20309816147125,1.3565673686853,0.901658677024904,11,0.730764512005087,-1.30328838976512,0.80057845360199,43,1.2731209925102,1.35318404316848,0.871193802068191
-0.5,"kin vs pup",11,8,0.50130949859255,-0.753568645811162,0.827956207750879,3,1.34915506615513,3.63712096458088,0.998532399633391,8,0.608102607049791,-0.835950897445165,0.679860959663571,3,1.08297569680022,0.86797358932604,0.995131232322871
-0.5,"kin vs you",170,101,0.778294343102722,-0.483618472515384,0.940848960126346,45,1.24253950794317,2.93011878476489,0.884623089368791,101,0.813665129372558,-0.564048774238047,0.945167035263458,46,1.22638314215425,2.80336093834907,0.88385863436556
-0.5,"mage vs mid",17,7,0.752362007279695,-0.510248762772297,0.971915949045972,10,1.25270851335134,0.927827951858089,0.914311402594399,7,0.936966814700996,-1.47101044198735,0.997072088035852,10,1.43338654054447,0.896310934151278,0.853159351743426
-0.5,"mage vs pup",58,37,0.278030852636664,1.53787782294421,0.773359866496907,21,1.10354316528356,2.61208280221843,0.986545771897263,36,0.352097822362943,1.93741328291052,0.836638794435193,22,1.04650196631589,2.52599234274849,0.965655172683757
-0.5,"mage vs you",139,105,0.815420339212194,-1.1937417791915,0.933658004937663,28,1.10510699887605,1.06154545606725,0.889407876235167,106,0.786896767087824,-1.01087725526615,0.928877936586399,28,1.11950773740392,1.59127720321372,0.802046263947138
-0.5,"mid vs pup",70,64,0.301693187244865,0.507108836933275,0.434381167118929,6,0.969003665909904,6.2084835831174,0.974544481089979,64,0.428590509047218,1.20854040334484,0.64772298256371,6,1.0262118787525,2.035428334945,0.99125089293901
-0.5,"mid vs you",181,137,0.830264472418643,-1.55311654514778,0.92625821430203,24,1.40327276018311,2.83326754441637,0.711614213283704,125,0.923143394436322,-0.904440934156243,0.956405537156636,31,0.869839149949317,2.49141146346633,0.939658079496989
-0.5,"pup vs you",235,98,0.460575456835444,2.0780013430338,0.785322534253172,90,1.27942970538055,1.97275137532708,0.927175399991264,103,0.430861668114166,1.7140284790601,0.762484822975781,87,1.16583213461291,3.16370508047208,0.922094520216039
-0.4,"cent vs eld",63,49,0.800026909325947,-0.529931682659543,0.87127423645228,14,0.85285362158837,1.44197533900494,0.931161181892445,51,0.852975927960969,-0.220590348131264,0.897454491514662,12,0.966544062636458,0.606793837440071,0.91454918468732
-0.4,"cent vs kin",187,120,0.301710400681005,1.76292856094739,0.639163677469332,67,1.11221924588985,2.10793580760981,0.979300192274151,120,0.265270883227655,2.44988146143947,0.551452281663047,67,1.08053248697385,1.05431667251768,0.990754414250475
-0.4,"cent vs mage",78,37,0.710171629303593,-1.87128281594245,0.88320960663642,41,1.23257931569707,1.89852487338943,0.840580349544943,36,0.830839788316312,-0.419587844777742,0.948730571270707,42,1.13087557202874,2.55297973223623,0.75693918793533
-0.4,"cent vs mid",131,62,0.280263436132117,1.28664238749159,0.762010088297087,69,1.14139928004655,3.96567161798204,0.953897119048501,60,0.328479979865294,1.58080444975888,0.623571516410687,70,1.10766556012857,2.16388807523386,0.975243474974274
-0.4,"cent vs pup",207,134,0.122683344512515,2.22924098312947,0.502915382850237,69,1.14421816231108,8.47781833258015,0.941108990627031,131,0.173929674168646,4.34292031148572,0.536197623516927,72,1.07418676754179,3.36614645769082,0.97605535140072
-0.4,"cent vs you",163,123,0.56057607030271,-0.16642641072043,0.914623613655635,35,1.24681521228778,4.56279420951142,0.870819231700706,115,0.603389500606515,0.927267225418329,0.85564346080971,39,1.14300311613422,1.92128921539985,0.905346720024165
-0.4,"eld vs kin",168,90,0.956534387530985,-0.735726775338051,0.97508762869394,77,1.09999478744341,0.868421174494045,0.975152991334958,98,0.899280709994249,-0.244776938902966,0.975478178650998,69,1.11159087348992,0.116556727034109,0.98662054876757
-0.4,"eld vs mage",38,18,0.607787611831967,-0.107073306561526,0.606655838405947,20,1.10974589412958,2.76053525078745,0.854759405369421,22,0.376533653058907,0.746832155718251,0.157592063362928,16,0.985882486131888,0.43770126508547,0.99362542823925
-0.4,"eld vs mid",91,30,0.883089164505011,-0.809482172843253,0.946662395788683,61,1.11662305500469,1.7553898595117,0.965919614787605,30,0.682192113335749,-0.32607748648514,0.883754548144778,61,1.10248106138398,2.16674737295897,0.954562635939727
-0.4,"eld vs pup",178,101,0.289292884522841,1.38785319027449,0.721229654036722,73,1.24082951452537,5.01818674897027,0.920687004816075,91,0.404194377895393,2.50693379281318,0.671520207202213,79,1.12207237322002,1.388532643283,0.962982571800941
-0.4,"eld vs you",33,33,0.519371380376323,-0.213860310748678,0.733513640879431,0,NA,NA,NA,33,0.852210167478768,-0.505599288008415,0.923488520267034,0,NA,NA,NA
-0.4,"kin vs mage",31,25,0.739554330521754,-0.940241809666128,0.934885398829967,6,1.76196974247354,0.861113586328236,0.751952924057204,25,0.668757123470728,-0.142478105731942,0.89008214648554,6,0.826245746582802,1.08364100729301,0.478318314504645
-0.4,"kin vs mid",67,13,0.838007914747191,-1.51656856812979,0.936161613016234,54,1.01615439053321,1.55327578564699,0.8386776627207,15,0.958432360424408,-1.59799336561761,0.903280633087373,52,1.01522644136231,0.997411598148313,0.88279119976364
-0.4,"kin vs pup",4,2,2.18067303724866,-20.075413110244,1,2,1.02895755920477,6.61319963814747,1,2,2.15431259439778,-16.2759114411859,1,2,0.948038409491654,4.76011532098098,1
-0.4,"kin vs you",178,98,0.722287874117248,-0.894419488944738,0.912798364376014,60,1.21686443499209,1.31716316970797,0.940861420105447,90,0.738092250282839,0.282746879828159,0.909913710936891,62,1.16923278980528,1.50896691321156,0.950153480710677
-0.4,"mage vs mid",18,6,0.828282077807637,-0.46153371452947,0.984186049827833,12,1.69668684641998,0.190052483794781,0.836727340662773,6,0.882910497541116,-1.19065543273757,0.993341894133389,12,1.46534319901631,0.7631850080853,0.738399662249594
-0.4,"mage vs pup",59,35,0.374096325885618,1.26780165465317,0.700958363085656,24,1.12091479816468,2.70637869105371,0.978218761431073,34,0.452677055787059,1.78175955064602,0.718621686127146,25,1.03364271364119,2.06401544288202,0.985060050160485
-0.4,"mage vs you",135,103,0.8084535384355,-0.810589142332661,0.943550473665961,26,0.973856460706248,1.7064431039251,0.779129660698245,97,0.874425083751244,-0.46037113247143,0.951230916798513,30,0.965745330794866,1.44700778479434,0.820205399432398
-0.4,"mid vs pup",82,72,0.537725209409248,-0.706360770423087,0.71300707715484,10,1.08337389211026,2.53483669381398,0.994541633861528,72,0.628626055869529,-0.292047783288692,0.750341313383313,10,1.10770562538102,0.816610853041474,0.993316556011749
-0.4,"mid vs you",196,148,0.831248339416473,-0.86425671703788,0.945995806703313,29,1.37806504006199,1.83022291683184,0.893284793172876,140,0.857322763196479,-0.641582342732891,0.973624912290181,32,1.18457913860923,0.662516615286449,0.820228808441982
-0.4,"pup vs you",231,90,0.584189351691156,1.73653756711814,0.797563359007566,93,1.14673279162436,1.4223331011485,0.967713031292486,103,0.413425060639906,1.57574145745378,0.833791646266646,89,1.16941236390281,3.29970010794622,0.930114844185298
-0.3,"cent vs eld",53,31,0.652794305993902,-0.524596629901461,0.820045061858044,22,1.18709293861491,1.22369152000052,0.85371093080887,31,0.701244120897974,-0.738918121115677,0.834823937950639,22,1.08082534607651,0.802095360587771,0.914512338001427
-0.3,"cent vs kin",148,97,0.336112992784745,1.25762663786065,0.588733304706833,51,1.12229209622029,2.54743636796452,0.981509346554768,95,0.331122079891574,2.56192808551881,0.597068022948838,53,1.09791705490564,2.80966994895728,0.964781191424621
-0.3,"cent vs mage",118,63,0.745024314064812,-1.22461769221981,0.943184432159492,55,1.35842173333947,1.95194281075869,0.867277736579943,62,0.815131744936748,-0.444613761259059,0.953029130639732,56,1.14057175704362,1.17189231763757,0.918233237069009
-0.3,"cent vs mid",154,65,0.350287406372141,1.46465538239093,0.560157887933429,88,1.05053122319902,1.4456615727766,0.987972169140751,64,0.65491861651736,0.606537443767757,0.721614650675935,89,1.04486752146582,0.826753017703291,0.991837568359072
-0.3,"cent vs pup",214,139,0.195750787207008,2.22997666029193,0.50589394645801,72,1.17502585127771,7.04719060749841,0.952947335645729,119,0.264255258217554,3.89236677255495,0.42755925012492,91,1.13775930522021,2.13967574665639,0.971549104988702
-0.3,"cent vs you",177,126,0.477361024529492,0.185053779557601,0.912629499467643,45,1.19557245613913,4.06217073506782,0.859078603280917,128,0.477009057345391,0.974580174352716,0.845064576629101,42,0.998688142568859,1.3244863250455,0.927347907056481
-0.3,"eld vs kin",156,83,0.877320153048356,-0.430387173634465,0.954542803334612,72,1.11499831240652,2.57345487781993,0.90104596813199,90,0.691502695334928,0.0075732150538582,0.853030884411406,66,1.13520790545687,1.53780274551106,0.939743448816852
-0.3,"eld vs mage",41,15,0.373382177957382,0.518770916773516,0.778515911880635,26,1.2076577695146,1.35318057244838,0.926723244157752,14,0.81749737484733,-0.295086926978398,0.753931816048547,27,1.19338292044355,1.3332666575337,0.896360387159601
-0.3,"eld vs mid",101,26,0.920082657310133,-0.772947179929232,0.967751470611828,75,1.11704523770351,2.14940045747186,0.959066631769528,31,0.986251891045424,-1.06066092336768,0.979363282400776,70,1.08412638808222,0.754737996874839,0.98520268798294
-0.3,"eld vs pup",188,94,0.357238296121623,1.4510421106341,0.637466935004633,90,1.2417192499795,3.52951664214357,0.948175913914646,68,0.453114834419376,2.73855846438581,0.626071598173102,113,1.13813222910312,0.937827843551511,0.976468947321526
-0.3,"eld vs you",29,29,0.742568541969337,-0.589544038455003,0.80428027141315,0,NA,NA,NA,26,0.957118811971777,-0.566315219672813,0.846577454626189,3,0.914286154539024,0.666378776240739,0.978024628419068
-0.3,"kin vs mage",31,23,0.857711026135648,-1.21279083508468,0.843342435779277,8,1.13557950445032,0.834367007876085,0.719530388588605,22,0.91529510426805,-0.641218962119886,0.934060374352427,9,0.884094954955371,1.51709302751578,0.94440356991814
-0.3,"kin vs mid",73,12,0.801372784492093,-1.23376019790142,0.90169661816818,61,1.30357416239036,0.875894921934361,0.926201296362831,12,0.924232153444957,-1.36607959739729,0.934888447443358,61,1.10379092521383,0.96848332602002,0.915521118601525
-0.3,"kin vs pup",6,2,-0.136932050442051,2.98592825504567,1,4,1.10924924670307,3.47116443359103,0.999108860245139,1,NA,NA,NA,5,0.937415408867723,1.7947457282058,0.991123623754459
-0.3,"kin vs you",178,98,0.752109368203009,-0.996574435052421,0.926739469828959,59,1.09380678237213,1.95960022543235,0.945910503060204,100,0.707383777028366,-0.584088397746893,0.88292329592054,58,1.06557127364793,1.46905406402851,0.968035289989865
-0.3,"mage vs mid",34,7,0.914631798206623,-0.391707202230046,0.990777396281105,27,1.18936906314826,0.287082143842403,0.906338096086471,8,1.04463448343881,-0.548404327725361,0.992262844477668,26,0.91551689337788,0.544092869383316,0.738855309366498
-0.3,"mage vs pup",68,45,0.416877539826511,1.09045735870058,0.805524455212923,23,1.10130683609429,3.75082025597577,0.983076578598317,45,0.421959141963677,1.5762479498373,0.78675674963832,23,1.03269122884744,2.41118506007125,0.981277559416702
-0.3,"mage vs you",153,100,0.871039080279264,-0.330266403197572,0.972081666524125,45,0.97688479769977,1.29044503024664,0.871749707819312,108,0.864559935605525,-0.417779712357115,0.975912495557052,39,0.964184900406816,0.484754815046748,0.975924727440715
-0.3,"mid vs pup",73,60,0.62080657105305,-0.926798458312978,0.844356074718014,13,0.988471081438557,3.89797554975429,0.967656307438468,58,0.784357246210002,-0.324619580276198,0.914863402854002,15,1.08082852322068,1.08941754809227,0.9795256322474
-0.3,"mid vs you",192,137,0.851554484456376,-1.12215368538946,0.953356747335907,34,1.14786145038956,1.51735850988976,0.843012576038776,128,0.918953565723576,-0.725801583712395,0.965737459181347,41,1.06451306078132,0.69090647844895,0.946727519053958
-0.3,"pup vs you",234,55,0.918262472454668,-0.327154945620853,0.958195032258955,132,1.11488736740384,0.525220337408267,0.918987195898363,101,0.541271335370305,1.18766709898342,0.779759035177038,92,1.06127610210365,1.52265192033065,0.975091584261711
-0.2,"cent vs eld",59,35,0.827737787418059,-1.08189806528703,0.906578900986404,24,1.06780158453295,1.16121153430266,0.858927665310341,37,0.79263292871588,-0.559341030287912,0.883159509946685,22,0.99326591682566,0.962417363658348,0.938501617693005
-0.2,"cent vs kin",173,105,0.944856231984734,-1.26665955824325,0.952802121296827,68,1.09469001305151,1.72966917503908,0.982743018349156,102,0.817285198427486,-0.56231639966235,0.942421101121992,71,1.09170614362406,1.25876111645608,0.988615345294446
-0.2,"cent vs mage",118,65,0.814400793461899,-0.972312249146928,0.948734801013422,53,1.22172256985647,2.48335989825605,0.815165541909895,72,0.942810507020529,-0.792475195670188,0.949773257401117,46,1.00046422172194,0.572136506377819,0.936163218947255
-0.2,"cent vs mid",157,55,0.422852384013029,1.32548546334747,0.630712966948257,102,1.118253974977,1.7972602742539,0.971559281349954,84,0.939550533974427,-0.191659672852753,0.982387219693668,72,1.0515561119792,0.227609905343305,0.995495776006633
-0.2,"cent vs pup",228,144,0.141267031046513,2.51059356903019,0.500893770048748,81,1.16408295285372,5.89766982021607,0.966372236732286,136,0.176800337252357,3.85383143394551,0.40406826465364,88,1.08483127060203,1.57745554752464,0.990173573492093
-0.2,"cent vs you",179,118,0.590473971581084,0.130926481537417,0.872489075420047,55,1.07479866143777,2.15780701903722,0.953326394805624,84,0.686383121013927,1.08641795789584,0.901432477434058,87,1.08512088787811,0.683825561155348,0.920079342475996
-0.2,"eld vs kin",158,86,0.901537084954416,-0.802133602483627,0.966757097702366,71,1.03473831271916,1.63947934100275,0.966355375224648,85,0.920870292202553,-0.383838788234904,0.981860618364273,72,1.02044729995646,0.890058739917288,0.983506112771915
-0.2,"eld vs mage",42,16,0.672457922187063,-0.302398647449692,0.673082239317755,26,1.31115072550587,1.69493895394437,0.883695410795936,17,0.772622152109852,-0.149059702256488,0.728887109300896,25,1.17960326468338,0.672665524651104,0.983185605048724
-0.2,"eld vs mid",115,38,0.911357750445168,-0.48781275326443,0.984942071020261,77,1.0685948402813,0.424883110671078,0.977011362565118,51,0.862222814069725,-0.0551134486894866,0.984448488246546,64,1.05081525703058,0.147352154842927,0.993739930240177
-0.2,"eld vs pup",203,100,0.316893791607045,1.60080676361906,0.623145980368028,98,1.19357948869972,3.54493506399916,0.94156869299391,88,0.529339426907105,1.78083714049101,0.68968288914647,108,1.04964327218107,0.76131656339686,0.98557883310792
-0.2,"eld vs you",21,20,0.35116586726993,0.327930074192944,0.742538931337134,1,NA,NA,NA,18,0.669690515963985,0.230738762580211,0.874269296656047,3,0.524570718728217,1.26843641199417,0.536851531405522
-0.2,"kin vs mage",56,31,0.816812469394862,0.159195974704896,0.937973988018322,25,1.00435228400617,0.299249730661513,0.963852254389528,21,0.92220999968525,-0.0437320078913409,0.956605063401207,35,1.13116729524611,0.0465116513988968,0.973811820687371
-0.2,"kin vs mid",89,18,0.753666708404484,-0.170285309399748,0.919806902353434,71,1.17792146482698,0.532135109081373,0.951142646139835,16,0.82756057649983,0.0288044750130957,0.904309841717028,73,1.061716808727,0.581299487518029,0.940139938590931
-0.2,"kin vs pup",8,5,0.022975129398859,1.44694813736019,0.00400364475572656,3,1.2689556363082,1.14715608835066,0.996898450485402,5,0.249264700172035,2.65028569538908,0.172190839787682,3,1.03227265156463,1.88315017567176,0.997632086188949
-0.2,"kin vs you",173,95,0.639499385472906,-0.485566305935611,0.87260387150547,60,1.115044328214,1.65335251032694,0.957034169113827,74,0.839191582854423,0.172201115542672,0.961899293498579,72,0.995120995225925,0.919294639456382,0.949452938685556
-0.2,"mage vs mid",39,10,1.00076386775028,-0.253809167535486,0.993179120864395,29,1.08128555795012,0.240015088654257,0.916420304824013,8,0.955117104423432,-0.161919844536061,0.990922195912525,31,1.11617209509929,0.109972292199368,0.935362790556583
-0.2,"mage vs pup",66,36,0.797370633252251,-0.66696448590899,0.918860670933481,30,0.990734019897946,1.72109064117304,0.982999712724757,26,0.965623642577598,-0.602421965108038,0.975543234437267,40,1.08909998783692,0.268739771967132,0.992774484437111
-0.2,"mage vs you",147,93,0.739843578147473,-0.0323612242700266,0.940108032493823,49,0.980093526014816,0.851822997795911,0.864883930883509,69,0.895689818872347,0.0323265275400069,0.991501852478841,69,1.06098005612998,0.333796725050825,0.952108338723221
-0.2,"mid vs pup",91,75,0.752701571400983,-0.843701659280695,0.845356896258723,16,0.862815052587972,3.92610811961399,0.912815381747946,76,0.899129695634727,-0.589465621521592,0.952268102020685,15,1.12278758091484,0.0989599498827532,0.953450596860702
-0.2,"mid vs you",206,144,0.90940006708049,-0.723910148962664,0.973271077788792,39,1.15395265996702,0.990027744747412,0.924367293870862,122,0.915422944064166,-0.372377066968927,0.976885168891301,62,1.03035755107149,0.707446974353004,0.952057627203614
-0.2,"pup vs you",258,51,0.807124221441953,0.599227837161777,0.909838261434035,162,1.17603792723867,0.214386528718341,0.902952311642141,93,0.746776997771288,0.849935454860736,0.860168362849126,122,1.09058041081238,0.535493168032169,0.931661291035346
-0.1,"cent vs eld",73,50,0.671283718655368,-0.223321171204305,0.802028040320004,23,1.04969927459176,1.1674803911529,0.863314677736656,49,0.897922024884853,-0.387688463223217,0.941450060701108,24,1.09372217518094,0.421846660368734,0.921406055992745
-0.1,"cent vs kin",181,35,0.979476667150661,-0.366522454416635,0.991223643017999,146,1.09237480335926,0.920506465555587,0.975643214730103,43,0.972870398569887,-0.340768822680074,0.996004113401902,138,1.07367717397122,1.58712687504536,0.680362431189454
-0.1,"cent vs mage",131,63,0.916574824304182,-0.5769068145558,0.966600647180462,68,1.13801105218274,2.16991965737072,0.794901702932152,43,0.81277821730243,0.263534206485056,0.946328604762143,88,1.09449094292243,0.146036344784662,0.971799109532883
-0.1,"cent vs mid",140,56,0.903283185529617,-0.605651628131437,0.920227144998467,84,1.088995047777,3.46442899827499,0.932966612319721,39,0.842480002871038,0.122239652983674,0.958294746570006,101,1.09545199626841,0.618024301341118,0.851219934628431
-0.1,"cent vs pup",233,145,0.221027226918717,1.95299099795922,0.481017231756259,84,1.07543455112407,2.4270670134024,0.987857336106256,127,0.681821087432444,1.38737764676522,0.734356473211084,101,1.04848205621311,0.421846366717973,0.995698519271307
-0.1,"cent vs you",186,121,0.710079203749764,-0.0893708997375611,0.870961587969297,59,1.16751751694428,2.1636862244455,0.94447845487382,79,0.962724347643575,-0.489125395026536,0.971414527783972,99,1.02637396161587,0.515051676015767,0.983063914648667
-0.1,"eld vs kin",158,81,0.951030804247873,-0.770444052024634,0.966406883212347,76,1.06624107587862,0.993697871220028,0.97703874061773,75,0.935438468025797,-0.43795515049109,0.963657446731022,82,1.02784207784382,0.754264201425077,0.983720728055225
-0.1,"eld vs mage",40,10,0.788211061811776,-0.196771881695863,0.753710031324488,30,1.3234207950482,2.60193535226886,0.776538746785401,1,NA,NA,NA,39,1.11983922821663,0.60312465176139,0.953335293505879
-0.1,"eld vs mid",122,28,1.00519543774622,-0.387824761258582,0.996467973850742,94,1.08058593555369,0.428904724562621,0.987173136281495,53,0.967905982573305,-0.183148463258047,0.997698425218357,69,1.12056908457551,-0.0887788295640262,0.985987305974049
-0.1,"eld vs pup",194,97,0.337023687941079,1.67413757050752,0.604377874854444,93,1.13565761981707,2.6978549175316,0.969687761372747,136,0.716265002679449,0.82470082481254,0.835034904321575,50,1.21152824846224,-0.0737972857274118,0.802008250617128
-0.1,"eld vs you",31,29,0.501283929677505,0.0204261580346235,0.772280276221398,2,1.70445745247766,0.50991901307407,1,29,0.598688848760108,0.181003081236982,0.768044386045537,2,1.49384745944476,-0.628770423632731,1
-0.1,"kin vs mage",46,28,0.895217481906207,-0.151925092722866,0.963855863590394,18,0.961829017260626,0.954172631552968,0.791662767591395,41,0.912789331203483,-0.224027197474755,0.944098587813555,5,0.954900178600905,0.282137391518522,0.948187279203994
-0.1,"kin vs mid",96,51,0.885788758641545,-0.0140309949973988,0.962912453626936,45,1.08872606492387,0.0633963497342237,0.97642689398503,26,0.911813302520501,0.0231131502244808,0.986197097898268,70,1.06516971195822,0.171858714292974,0.979161573783528
-0.1,"kin vs pup",7,2,-0.513289235353194,6.12352817728703,1,5,1.11065614866359,2.83459521287635,0.999448701223222,2,-0.602528065144727,10.2118390737413,1,5,1.02378809614446,1.49625335471388,0.995605725418934
-0.1,"kin vs you",190,87,0.797195809552399,-0.0462854205308133,0.944206123846692,81,1.1394829644434,0.890773471467298,0.932639594396105,113,0.88557346853919,-0.073752052355218,0.963491148241707,52,1.03950810115225,0.362981294064378,0.979580640132608
-0.1,"mage vs mid",42,24,0.912431188848208,0.0275549333665973,0.943670725949954,18,0.999640326389385,0.304845675059245,0.981601766791916,8,0.970912680536733,-0.259141551337243,0.994456073961402,34,1.02288079366016,0.399843796911146,0.914460280762822
-0.1,"mage vs pup",66,36,0.874162189113775,-0.651806881818856,0.963132961984826,30,1.06446552397641,1.0816986866439,0.985150381101736,42,0.792522939267566,-0.180984416392488,0.94704073591576,24,1.11695230036804,0.124055706806753,0.997052969548327
-0.1,"mage vs you",157,104,0.882795759515717,-0.696862551062362,0.969553841428298,46,1.07135604434326,0.761952296439955,0.913742238679689,137,0.872371734260353,-0.250416227465873,0.977627482509209,13,1.00169023954955,0.237974795320362,0.980112243493315
-0.1,"mid vs pup",99,79,0.761470984867523,-0.813587849060597,0.838503640566721,20,0.97143115716785,4.11353425191872,0.936291533438053,75,0.952719658091467,-0.848072791575685,0.966153351466109,24,1.01191492948867,0.671451407245434,0.936850762157178
-0.1,"mid vs you",205,145,0.860988462143076,-0.609690624017166,0.960959807772897,41,0.947599167926525,1.92920821806725,0.936832484328026,123,0.92894326119666,-0.353586641679565,0.968491729104238,60,1.03730934209439,0.351909780636106,0.98174255224949
-0.1,"pup vs you",253,45,0.972425255717538,-0.460371327930875,0.987901740895861,167,1.27249932990665,0.524688338467724,0.767006723361155,112,0.626963545304617,1.30074683529684,0.795862998642016,105,1.07204237203887,0.533561418438074,0.935445336428496
0,"cent vs eld",77,51,0.930799566030083,-0.120938669777633,0.966211131012001,26,1.02005658939007,0.164244455449557,0.990209077135025,26,0.941258994868194,-0.217123058877782,0.953991887019965,51,1.09474521454426,0.316405951288535,0.942037066426294
0,"cent vs kin",185,105,0.427883749398418,1.05003254918523,0.55217819929278,80,1.06987442347956,1.74743151894555,0.978212000440881,120,0.711755373917831,0.860518341993081,0.793760206130995,65,1.04350684820421,0.342523804928806,0.99275200692757
0,"cent vs mage",133,63,0.961133610158675,-0.435359264332551,0.985281864279021,70,1.12374610149079,1.28625348120484,0.897832056632128,63,0.8860396011521,-0.00287826704285618,0.96785983574828,70,1.09293175351,0.350024669985787,0.972888320477019
0,"cent vs mid",161,59,0.866533431833356,-0.300397297556821,0.966817430492172,101,1.0622963709665,1.84414660717653,0.970762990119892,77,0.915000074685927,-0.214512384377417,0.987443107448735,83,1.0542104909184,0.551947419243699,0.992899210942426
0,"cent vs pup",228,140,0.180683222234383,2.01856996709092,0.676019990486546,87,1.10704812625882,3.96366228556076,0.965307284568726,122,0.258585309957234,3.68418158161828,0.450854809340877,102,1.07884380711885,1.40136443713666,0.981190178045869
0,"cent vs you",198,128,0.700968342787015,0.350624647354167,0.880465025011341,64,1.1291135192621,1.54047652858376,0.931208266355419,116,0.784032610267947,0.366136874893896,0.906223497047282,75,1.02144877399321,0.433170586766551,0.97896845893012
0,"eld vs kin",164,38,0.954039668987625,-0.177261548311001,0.994623956820524,126,1.12650707942642,0.298822510008967,0.909675670406459,76,0.95311942911621,-0.198744897174131,0.990725720991147,88,1.02779854090793,0.401571671778989,0.986203958062206
0,"eld vs mage",54,26,1.01611670149842,-0.550645251847103,0.993439524384767,28,1.03816083708525,0.170477107656866,0.991094814227034,34,0.965524236302258,-0.434151812830841,0.996474141740658,20,0.987435162868427,0.384455497388469,0.964994247520734
0,"eld vs mid",121,53,0.934900910763478,-0.112018933304113,0.987342540728384,68,1.08119866796509,0.19151066139791,0.961659151813168,74,0.89696413301065,-0.291950958099376,0.976839060457379,47,1.03248597834983,0.402876592931175,0.98891415410603
0,"eld vs pup",209,99,0.358996550392927,1.80517507048277,0.686735055588492,106,1.10137959765524,2.82369290171348,0.971745059569151,152,0.732703184074762,0.822928032981974,0.8376316777986,50,1.03067412684506,0.321339738958235,0.995327958239613
0,"eld vs you",30,25,0.691799550900999,-0.100560467155087,0.87482361623317,5,0.673406944885572,1.69040966472584,0.166833992518517,19,0.994230658891252,-0.311296901342753,0.975556438400875,11,1.06196182928794,0.133777345372934,0.73176481242805
0,"kin vs mage",51,25,0.939893093037272,-0.310864767038907,0.938084504247238,26,0.982076906561427,0.548922293689361,0.869084251249149,23,0.875736289588592,-0.145701967775402,0.945734470027152,28,1.0282363640374,0.300444433054079,0.902166025118035
0,"kin vs mid",105,44,0.953111261252454,-0.0773834537595535,0.989393808245647,61,1.02789370874821,0.223244397502812,0.987330328780317,70,0.923172912492726,-0.0826045144326017,0.981956350595826,35,1.01522814543515,0.241986647482418,0.98480152874117
0,"kin vs pup",11,6,0.967729900217453,-1.69640414510662,0.728934290431865,5,1.08042080994928,2.3215135976445,0.998514983993079,6,0.588956335682103,0.268789828627353,0.517679486441994,5,0.981459989018381,1.16256831512491,0.9975235136046
0,"kin vs you",208,97,0.915332190500582,-0.160310303041639,0.963682734291603,92,1.13075134627962,0.040157401036076,0.970408803112437,100,0.902864782402879,-0.120245360775063,0.96926182100128,89,1.08191271934859,0.229733348051607,0.969867915219508
0,"mage vs mid",43,23,0.868731647317304,0.0781763838685346,0.805996173286605,20,1.12112311053296,-0.00649088294710817,0.953983895412458,18,0.812083549293259,0.137697813745146,0.683129335067801,25,1.08070143111984,0.0233212679569747,0.986843216546895
0,"mage vs pup",73,22,1.01944087159839,-0.674057659074387,0.979864722104181,51,0.995063772197721,1.1990228687431,0.978716964004925,39,0.918577972459075,-0.217036627885813,0.975328247081426,34,1.03633452931096,0.519394597629518,0.987829886822017
0,"mage vs you",165,72,0.938387074304885,-0.199419205816737,0.982110301767095,87,1.01054744699643,0.497739250212293,0.98724883872521,99,0.924915314275567,-0.192814402103472,0.980577835158883,61,1.0595035550906,0.0984872927887089,0.986152974274219
0,"mid vs pup",80,64,0.697948052092416,-0.818156813391497,0.812995459649887,16,1.06803654140233,3.64534634204357,0.955927240939107,69,0.877929516949226,-0.200887379558062,0.899096860714032,11,1.00621476066115,0.338372796848278,0.997817933526029
0,"mid vs you",201,113,0.924896865349919,-0.433189104546194,0.985277437378389,68,1.0273393345,1.28084287577484,0.875538822213067,89,0.941770868029971,-0.193735129833029,0.986169059615549,91,1.03280580568761,0.499963284574452,0.979026117975974
0,"pup vs you",261,101,0.917413028924116,-0.407413014221505,0.981157767968546,116,1.1551598645093,0.576116548235768,0.837722842520987,77,0.852529087519685,0.257503406971965,0.932207685511752,141,1.10244438842584,0.309840583778098,0.91084386292711
0.1,"cent vs eld",77,39,0.793151249972963,-0.00522784797460315,0.939736051130525,38,1.04129798758846,0.404710272446813,0.954253081234211,47,0.927985330976076,-0.158639893188689,0.960809124026231,30,1.03915399335057,0.142497878915805,0.980931519114328
0.1,"cent vs kin",198,102,0.958579031984204,-0.26161584826582,0.991152960722687,96,1.05251553570191,0.306550531867683,0.989778148779316,78,0.980354282364784,-0.48346672900942,0.993611923349239,120,1.08849392702751,0.242863633305271,0.989659284161678
0.1,"cent vs mage",114,43,0.787857834992747,-0.445288122099109,0.921569605669087,71,1.10211556997692,1.00444054576117,0.950158309214538,47,0.906255580341465,0.0401285593225611,0.956373952662717,67,1.06000061589232,0.283229256518194,0.957230765818207
0.1,"cent vs mid",164,57,0.937216216071195,-0.270060581956593,0.990263273417086,107,1.0983368281468,0.302890958502612,0.9918323361768,67,0.896382441675325,-0.0609560565205271,0.977176618965942,97,1.04297464274099,0.900218987403887,0.888245849420312
0.1,"cent vs pup",239,110,0.867839821208195,-0.384416592945285,0.898739652140172,125,1.12794375632326,2.89389507626086,0.95665570083498,49,0.967095572083685,-0.224180071787847,0.997458383907352,186,1.00730306750805,1.28154602166888,0.987136963548102
0.1,"cent vs you",171,102,0.793226510519492,-0.197378632473367,0.919342995022291,65,1.06342560400478,1.07236445902983,0.943779504139119,61,0.906689237980945,-0.771439402019543,0.965437571887775,105,1.67865510172612,-0.788179564839575,0.861869995609595
0.1,"eld vs kin",162,77,0.89540642321573,-0.911826552174873,0.975559529799241,84,1.1198954132863,0.592704959652075,0.953740009842962,93,0.839352440561002,0.115643138430039,0.924789295007996,69,1.05676422190993,0.378196730377561,0.974520219918416
0.1,"eld vs mage",46,14,0.974447388648594,-0.326266177952543,0.986436045869208,32,1.13118850587873,0.520728010987785,0.977114600444597,35,0.874076670765504,-0.319205897301994,0.981678520195493,11,0.9763598148793,0.492781412751404,0.995329293446606
0.1,"eld vs mid",115,39,0.953795414091686,-0.174077577904161,0.995923695768777,76,1.07775131914572,0.125505342607714,0.985604110672026,82,0.906334941751163,-0.703243175979334,0.982024211931907,33,1.00559833811733,0.745398498691885,0.966864984594156
0.1,"eld vs pup",211,87,0.683237619333632,0.561114644347875,0.787656386999645,120,1.14450651085802,2.09783318125145,0.950386797640237,80,0.892126229184368,0.0354656049367215,0.983204882691444,126,1.067126115491,0.571873812022841,0.84784927458959
0.1,"eld vs you",31,22,0.950400048414821,-0.238749428886739,0.961431785834538,9,1.04199425796958,0.0722956618255804,0.974967809096837,3,1.85458550618578,-2.80552203479425,0.951177595143373,28,1.22621222717352,0.474705122463161,0.873812285463536
0.1,"kin vs mage",48,22,0.819669194246164,-0.422501846301977,0.879152213970439,26,0.883437919199007,0.806682427254613,0.909375958400539,17,0.92996232547219,-0.0387288602994084,0.983503993261678,31,1.123224229651,0.172728007525688,0.978076440512284
0.1,"kin vs mid",95,14,1.04143954367619,-0.383332469972236,0.984358633293077,81,1.04305324958058,0.401737385488763,0.952137939352393,61,0.894703969590423,0.0235155578069346,0.967932165258311,34,1.12909845064634,0.313057251187208,0.824253636824811
0.1,"kin vs pup",9,3,0.981527398486942,-2.43803706660342,0.488204199922578,6,1.08736900239468,1.10339948357601,0.986658279798684,3,1.53706562552381,-3.24903291541428,0.892926610458695,6,1.09015987556508,0.176677013207352,0.997115654445467
0.1,"kin vs you",198,32,0.927473968221458,-0.214198729891163,0.942076630306559,146,1.17012130005931,0.443051167933543,0.956927345615801,38,0.987577105700304,-0.352236282267889,0.985626021327076,140,1.18924689657112,0.498231373222786,0.929607459233392
0.1,"mage vs mid",36,34,0.95788002787445,-1.42278309789188,0.862704431070092,2,1.40473971635733,-0.455831909071493,1,34,1.02107206910357,-1.01782503024791,0.9479811096372,2,0.294953595097463,1.40137147676614,1
0.1,"mage vs pup",87,33,0.895201652074575,-0.190567601751041,0.990586214338055,54,1.0430647983818,0.61491210008833,0.959161144614008,34,0.977364965679171,-0.255587308063584,0.990316870821137,53,1.08008793002626,0.134909086625963,0.995907717905952
0.1,"mage vs you",158,40,0.958036229675919,-0.250719669373325,0.968995511260849,113,1.09577735046128,0.298733667062092,0.972631073253365,72,0.968877557984787,-0.682135983260263,0.944719152138196,81,1.04210380982469,0.368194821272723,0.983510793669186
0.1,"mid vs pup",129,97,0.895555473990422,-0.750818000605016,0.929447304826066,32,1.05789465901383,2.1838905999818,0.971190005642335,51,0.960336324938145,-0.239641060417738,0.976030705976138,78,1.07967369740784,0.111336615168591,0.989458068575746
0.1,"mid vs you",190,46,0.952545977175621,-0.229918792185271,0.98833191548338,132,1.04864531280147,0.652984895158396,0.966881447586663,37,0.908071407836431,-0.0287795215487363,0.957744840169128,141,1.09701140161455,0.371210738685607,0.981565160876265
0.1,"pup vs you",270,120,0.925532247813697,-0.641642399079057,0.981491551795305,107,1.33051089365604,0.466114873379032,0.738877653730808,140,0.824341541298992,0.358995850030498,0.91424524246751,89,1.14793694708495,-0.0235062078760841,0.866845311212961
0.2,"cent vs eld",63,34,0.850223471165181,-0.0264120895739043,0.936713295784013,29,1.11793847525989,0.0750256488426735,0.934368332979427,31,0.68264470814886,-0.0316624607428904,0.872071146869263,32,1.33151909722055,0.21926665691162,0.890392203904071
0.2,"cent vs kin",199,57,0.960136179539597,-0.337461383515361,0.995815286402261,142,1.0585033700273,0.358038042991145,0.98984648707047,90,0.932923409154441,-0.719393793786618,0.991878741513739,109,1.12267550490156,0.575234119863562,0.965668528681275
0.2,"cent vs mage",130,61,0.89734992060875,-0.234320205250545,0.959313844833691,69,1.00422461135094,0.475704135053778,0.968382396589691,68,0.764615493538967,-0.316505827744246,0.889119282083037,62,1.02099498013801,0.761927347573519,0.953511045504801
0.2,"cent vs mid",164,32,0.94950295738289,-0.197562362647761,0.994379862191804,131,1.03625417779024,0.575499235131088,0.99399999901903,110,0.944704295173385,-0.349697151767848,0.986689266183581,53,1.02039778433464,0.615710128041319,0.993691297122819
0.2,"cent vs pup",220,131,0.459307187754305,1.06927376540152,0.528750662510156,87,1.0359716204275,1.88063085747337,0.991720153317398,112,0.808402002285702,0.0947900606190144,0.878391360622332,105,1.05452294400467,0.532622957505166,0.92346956189699
0.2,"cent vs you",185,145,0.794324679029817,-0.300135710176889,0.904775513754498,35,0.97876207308055,0.951290883872254,0.975827283087018,74,0.777543141818499,-0.440583414746839,0.860603814251895,103,1.37504669013117,-0.788381909423062,0.858643564837619
0.2,"eld vs kin",156,77,0.911740704730869,-0.136118113745861,0.988427893673254,79,1.11931007409398,0.295268434984724,0.890516480091649,140,0.864000564635752,-0.366244378052906,0.982139036360102,16,1.05351106356689,0.148704190777496,0.994803094745694
0.2,"eld vs mage",50,36,0.835052107336215,-0.0716615987131338,0.97154218135839,14,0.956516048499951,0.345606892081156,0.952691272606964,47,0.878506422601008,-0.350842768759907,0.981522755367166,3,0.374788180621891,0.908059231672938,0.999257108636726
0.2,"eld vs mid",120,42,0.963451901350956,-0.137559578892057,0.995780580313498,78,1.0835968348433,0.0932232838972717,0.989025065949168,91,0.901798829574597,-0.595182175643331,0.981109455996058,29,1.07000292447281,0.182317810665179,0.991025672076822
0.2,"eld vs pup",213,151,0.799777269185832,0.271868600332282,0.903205256532759,58,1.02033071502174,0.515630864180916,0.993692594947493,113,0.803696307335233,0.304168177784155,0.922481037560859,96,1.18500320908205,0.360603689532075,0.75902426035756
0.2,"eld vs you",32,8,1.10466810647489,-0.468599727884494,0.938274003472569,24,1.09938175481354,0.170996902997453,0.960147425572406,6,0.818049987053783,0.124771088522131,0.893688754271637,26,1.06840239217789,0.236300245477881,0.970788628095244
0.2,"kin vs mage",51,26,1.00814487461709,-0.221164173807947,0.963106782286085,25,0.967527476538341,0.399812525328759,0.957562189649066,48,0.816317192142136,-0.194969995824911,0.862865577263463,3,1.48332531793143,-0.830373546568079,0.999776026286374
0.2,"kin vs mid",97,82,0.856543040323992,-0.437836456230041,0.923929025677513,15,1.04040547048556,0.437704702525078,0.979007306008794,81,0.90961985120356,-0.421362400849174,0.953272571120759,16,1.10442415780967,0.124264411893705,0.962508580419128
0.2,"kin vs pup",13,4,0.623602132603995,0.595488376167571,0.983279485017043,9,1.07379477512987,1.19825768977376,0.972039288743199,4,1.07912775514316,-1.89953623754076,0.991556160549056,9,0.605542263199491,3.40223814521494,0.373414561165153
0.2,"kin vs you",198,59,0.982535823905386,-0.448191325100002,0.981498111075353,117,1.14170124224146,0.393832440872525,0.956548971044196,56,0.944218632645596,-0.273669957312888,0.979306086820846,120,1.17109601744489,0.15268882244448,0.921931233008124
0.2,"mage vs mid",35,34,0.68871929260978,-0.58805237032136,0.840361085977079,1,NA,NA,NA,34,0.762988191509888,-0.106773744496185,0.880300658215827,1,NA,NA,NA
0.2,"mage vs pup",71,22,1.0124693118766,-0.59141065427736,0.998101946661178,49,1.0914221388187,0.224314480594362,0.969562811135215,34,0.850541884127697,-1.74785101394079,0.956112329819476,37,1.0316785368177,0.734833492997029,0.966723479224268
0.2,"mage vs you",147,58,0.892819547239975,-0.101949592607682,0.961673801027454,84,1.12089955389857,0.547842848626274,0.97273338244491,56,0.849139807485545,-0.515604152826244,0.877703409602592,86,1.1377722316825,0.571599978459865,0.977469506771844
0.2,"mid vs pup",98,69,0.964834579643078,-0.554594104398377,0.973212816803747,29,1.17631020263661,1.05112983655831,0.82493233575514,19,0.798520640001895,0.144686113157875,0.871389029914303,79,1.00136655365658,0.871161595957177,0.971976767649962
0.2,"mid vs you",204,70,0.947322834084566,-0.204042790528086,0.983416632822037,115,1.0323646938526,0.388555551151499,0.983670043771193,52,0.8989497591846,-0.148142403995245,0.98188974342368,133,1.07939291877374,0.799261943778441,0.968181233726462
0.2,"pup vs you",248,117,0.906299959085839,-1.28564034534377,0.961585054772634,96,1.82857861536835,-1.20339923477724,0.763755613379774,110,0.900382055750448,-0.665368256663045,0.979543613057215,103,1.27678528432447,0.28626407826163,0.733912768034439
0.3,"cent vs eld",69,44,0.846823312167001,-0.160653886624492,0.934960595959436,25,1.01466221764323,0.252486354331848,0.960237831797092,42,0.823734895093954,-0.242600462220404,0.900547865970725,27,0.916839069151161,0.621617538281134,0.91124620026611
0.3,"cent vs kin",179,60,0.926500187854133,-0.244058436782512,0.992787085633595,119,1.08713392364139,0.894268798987762,0.971945149772182,66,0.95383637040765,-0.486827880412596,0.988974952080429,113,1.03606656039474,1.07130755698088,0.981678324523062
0.3,"cent vs mage",126,35,0.878216699400407,-0.000216710335874774,0.966188697369791,91,1.12347005933379,0.383167300958656,0.967264581790803,61,0.94831312136302,-0.591248751538601,0.976146997850317,65,1.03470701813093,0.880039445105201,0.947683212648305
0.3,"cent vs mid",150,115,0.925662305361548,-0.355879207012663,0.992869032682573,35,1.63911977607111,-1.02484631990375,0.604298056685867,97,0.824524450589795,-1.76434215994523,0.970577186679912,53,1.06051417264382,1.16951613759284,0.965750278562538
0.3,"cent vs pup",229,160,0.830844060309846,0.267844585726837,0.881873098934947,66,1.00576718750581,0.505330503316751,0.998059553964122,92,0.887214801741544,-1.46317820498854,0.990153129091817,133,1.7240638219634,0.140099253828466,0.446926031743345
0.3,"cent vs you",173,114,0.694173131313629,0.49239338719244,0.905518552868513,55,1.0467672877805,0.604144405622982,0.973685211145005,75,0.691187357887512,-0.712334405784656,0.755281331610745,92,1.30752747837354,-0.322557374574378,0.833602829152544
0.3,"eld vs kin",151,75,0.93500644400954,-0.841070550310825,0.978373986128552,76,1.23297744940026,0.612213999820829,0.797228423183318,80,0.918100014599894,-0.933324357405258,0.980119848486441,71,1.37472711385515,-0.0549304102326855,0.81237993692684
0.3,"eld vs mage",42,19,0.938924680153431,0.0121101412101497,0.99630820594205,23,0.990812915909452,0.515479607259968,0.990553450074648,33,0.627867216324852,-0.438364762158623,0.903424650445637,9,0.727785343891563,1.25112833774632,0.21821466801154
0.3,"eld vs mid",121,64,0.905983564079262,0.018572600679913,0.98649635775402,57,0.975721311278595,0.946550386743483,0.973991284912336,80,0.903188340513092,-0.0689742353871479,0.98300593791106,41,1.00128202809742,0.760175414102636,0.980913617931601
0.3,"eld vs pup",194,95,0.494197283249845,1.70398380027149,0.658166162849204,96,1.06232047978029,0.828877692958677,0.987529793796158,113,0.794601800531104,-0.51683376720477,0.915169817229463,76,1.33103953751554,-0.542573640712439,0.702433014196521
0.3,"eld vs you",28,1,NA,NA,NA,27,1.0330184767296,0.390444531028041,0.932408596966626,3,0.812409214008217,-0.292276785773029,0.970782498943261,25,1.04341640606624,0.893799090960978,0.791703239238883
0.3,"kin vs mage",39,18,0.747762108494135,0.308819515554,0.886660228766572,21,1.11103040637243,0.655089436010735,0.881325961245913,23,0.647538024902039,0.190732469129462,0.804797658327528,16,1.37699547928138,0.558280377920301,0.957699995217015
0.3,"kin vs mid",101,39,0.926420707134593,-0.184340568813171,0.956960857335858,62,1.10216201162473,0.292767521533671,0.862617345455624,64,0.879896061347973,-0.0792125119816483,0.955904801521396,37,1.08227007665492,0.377701739963699,0.824333626524984
0.3,"kin vs pup",12,1,NA,NA,NA,11,1.24679303466282,0.376988059636497,0.86677114441112,6,0.971340980114876,-0.338215383206771,0.997863785690047,6,0.850845101803163,3.15082533372236,0.279619167631983
0.3,"kin vs you",194,73,0.943875800505807,-0.292358338346027,0.976565171080864,102,1.06169761041582,0.356500937814154,0.971396500393286,80,0.888581983110737,-0.547109414800301,0.973185914925566,95,1.30539066847788,0.236211142335944,0.96458542913743
0.3,"mage vs mid",43,42,0.816757606145056,-0.590787386260483,0.883869020581484,1,NA,NA,NA,42,0.848169761923834,-0.44439653986581,0.915622733299425,1,NA,NA,NA
0.3,"mage vs pup",83,14,0.974572679486704,-0.234530910502984,0.985222959713456,69,1.0966075603375,0.552871392818705,0.989285456328241,24,0.8924982107237,-0.0156978352186529,0.981240474719873,59,1.02268261240473,1.10166104336762,0.956192072011701
0.3,"mage vs you",143,56,0.92481143160028,-0.21408068663286,0.958576238905119,83,1.1017349603523,0.587324445115797,0.964249131584373,58,0.815067208721779,-0.291780599025889,0.919712627281095,81,1.16590212845816,1.06690099292646,0.962155813663419
0.3,"mid vs pup",106,68,0.958566709425603,-0.332061872879353,0.975666097228021,38,1.09058122413268,0.467798421620456,0.982394498293916,25,0.898567927416386,-1.81697579258937,0.943721576469749,81,1.06745277222411,1.41824917466087,0.863641618126256
0.3,"mid vs you",189,66,0.898482349728958,-0.192236808634417,0.956709792842956,111,1.12347744358446,0.267914228379615,0.976802100030591,65,0.852353553624987,-0.403039702829644,0.886378097560535,112,1.06462083764002,0.42932735676302,0.983474134563405
0.3,"pup vs you",259,128,0.919103040296844,-1.30686822588632,0.978891080242961,97,2.03310935085418,0.0426049283044843,0.73922966861788,121,0.935722043622434,-1.07802214799909,0.977852986141369,104,1.4897620493425,0.33532981050644,0.721080010296503
0.4,"cent vs eld",65,36,0.835502765256614,-0.113209617687885,0.926411150713295,29,1.19027840709221,0.084112284760839,0.920794027178542,38,0.796726733345009,-0.527385915562058,0.910419014486889,27,1.06595344205474,0.858034793926437,0.873884524228464
0.4,"cent vs kin",151,89,0.888004229098574,-0.288588072812193,0.973511370245707,62,1.09692899986175,0.270041110681697,0.981005934894221,76,0.846070227411082,-2.21895229160334,0.956610575445741,75,1.06068486819137,1.35795688937324,0.922988735143606
0.4,"cent vs mage",110,45,0.941273881058143,-0.475720336133189,0.952815495688048,65,1.00858122160785,0.524351429749702,0.982369889937375,64,0.726844049698425,-1.12385717963615,0.862330802014617,46,1.3661551309456,1.63354696492264,0.948777456702767
0.4,"cent vs mid",149,96,0.879269799312283,-0.660804411624801,0.977029941869298,53,1.06932579636951,1.25601076932808,0.810319572697883,107,0.82512793907808,-1.7192652858081,0.947178031238715,42,2.46955005312766,-1.80445816672044,0.786050656759321
0.4,"cent vs pup",230,70,0.770063473202103,0.70513494396214,0.811711357583878,157,1.04510612974487,0.726593490032732,0.994352796043571,87,0.834185670513317,-3.26807128017354,0.95840116697306,139,1.19853773798215,1.25683148419641,0.86961987176659
0.4,"cent vs you",180,99,0.863823657696689,-0.258347098657113,0.955249361545082,78,1.31271098498859,-0.613024652835399,0.861711032010222,68,0.849096575306318,-1.44594094346326,0.943241539100634,109,1.53510447564044,0.263698624555283,0.833031289454079
0.4,"eld vs kin",152,90,0.85038778761529,-0.530701150181933,0.975439700971592,62,1.20932508486214,0.165264319745401,0.856239561338578,85,0.85924918612524,-0.885159603328013,0.958485667721706,67,1.09962516146455,0.476584723576902,0.975964127950158
0.4,"eld vs mage",40,33,0.703817193268107,-0.216896065281108,0.909921669497115,7,1.15700183620969,0.644877082469693,0.990574828257543,33,0.736247607226435,-0.797871970053142,0.92591389810849,7,0.822843062694486,1.12676833350652,0.993329938435783
0.4,"eld vs mid",100,86,0.865424054074602,-0.655661976550743,0.968286640494295,14,1.04610879162706,1.63052823436947,0.982960357349047,89,0.774403327646612,-1.43944173872957,0.935988252967692,11,1.02917451403134,1.56258955069073,0.94398944796888
0.4,"eld vs pup",202,111,0.898942777985774,0.0974166068009645,0.988387031947162,87,1.07697074525212,0.176078392401218,0.993368138310306,105,0.870155024872153,-1.23546608468229,0.979960669983514,93,1.3118244067968,1.24014070301015,0.630275163803978
0.4,"eld vs you",19,4,0.435296935015918,0.436388255589144,0.114056955533233,15,1.11094335851885,0.582276119183775,0.895070252867381,3,0.592007522755668,-0.184423517249465,0.186100814884824,16,1.21615471379779,1.04228801173341,0.863405080376261
0.4,"kin vs mage",42,34,0.758813114709212,-0.0883255601361891,0.847128298412738,8,0.917017658813947,1.52679013500131,0.831470070190111,35,0.798554189169513,-0.412132891664028,0.93182737408135,7,1.26028354351312,1.57333139326228,0.967622418344813
0.4,"kin vs mid",85,80,0.75292627643622,-0.775723998618414,0.844742448214412,5,1.03808626559669,2.68574730040315,0.922702749244217,79,0.75246717870387,-0.538718262744629,0.92254572167818,6,0.786723305624382,3.11753460261967,0.541177263049953
0.4,"kin vs pup",10,5,0.826255545236866,0.464699804287711,0.998793226778732,5,0.882615328086643,1.15079337129368,0.743208493190312,7,1.0081275302684,-2.3627073820357,0.991409377554398,3,1.07982222540819,3.06585747706439,0.212818365368235
0.4,"kin vs you",179,67,0.975935257459578,-0.850883689495081,0.97187185055637,95,1.20389236459828,0.540840808471917,0.93313160304705,75,0.826697419167726,-1.04840727947667,0.924047988723426,88,1.30554987977543,0.721561706907596,0.923779316138431
0.4,"mage vs mid",32,31,0.893319630511001,-0.986391237471186,0.902427003706516,1,NA,NA,NA,31,0.578985145400489,-0.584327869519688,0.808370509337472,1,NA,NA,NA
0.4,"mage vs pup",64,35,0.7857398766712,-0.40232401664799,0.826797498991677,29,1.03882012631375,0.646276733480887,0.985457698121938,35,0.882823572739711,-2.16928060216417,0.95757431905432,29,1.48377389048375,0.436761593496143,0.923764096050977
0.4,"mage vs you",142,55,0.757454202715682,-0.533065622987179,0.892333460744169,84,1.18797747396731,1.14117105100316,0.958164476501306,55,0.82538803716946,-0.317261981043318,0.91245064695995,84,1.07237435761513,1.00514078498405,0.967051175800555
0.4,"mid vs pup",75,55,0.919027287521679,-0.512644858124948,0.91923466612483,20,0.961782629426223,2.50557086857421,0.958189504157666,17,1.00239228648356,-1.88756699624443,0.989795512921357,58,1.03702006469401,1.41263866518178,0.867374376906145
0.4,"mid vs you",182,43,0.963034059839137,-0.521486356909438,0.958038998540643,127,1.18729512055113,0.374699549235754,0.97041776973595,45,0.87032985883738,-0.62236984937021,0.933242851284726,124,1.16937968792907,1.30503963432941,0.95264821742746
0.4,"pup vs you",242,117,0.854234937289816,-1.72472109038552,0.953138576823018,91,2.25354001696787,-2.50742922703356,0.807662605113567,114,0.893445253569099,-1.15648048323817,0.967328788314725,94,1.76461806036438,-1.90893801943914,0.775579301708354
0.5,"cent vs eld",52,34,0.792282906548268,-0.377085195732403,0.858942054921715,18,1.18990170928401,2.4131235819242,0.46979894634472,31,0.999488416699175,-0.783787947316329,0.916568083417536,21,0.73227208684309,2.27785530948172,0.347600697630094
0.5,"cent vs kin",132,80,0.955145902374882,-1.11177557259282,0.991079154599251,52,1.27472638560185,0.849568647824421,0.871471231189312,85,0.882017217082328,-0.95572207609182,0.975512473477439,47,1.26982261330501,1.95412552839582,0.836224858068251
0.5,"cent vs mage",100,63,0.915486326770355,-0.417242599293705,0.946395984759337,37,0.970077960079885,2.22361923166693,0.931873684484835,67,0.801148836350088,-0.96859156103105,0.936321265737592,33,1.2054405652298,2.08481344205312,0.936536260619486
0.5,"cent vs mid",146,103,0.8173605391755,-1.97854962831274,0.928379151167672,43,2.413980170121,-2.75068026820909,0.710217421137885,106,0.773742485164945,-2.15649391739064,0.907626164252447,40,1.05849933152158,0.708867465998108,0.959272021595109
0.5,"cent vs pup",213,179,0.863748688156465,-0.367045125101381,0.893352017620042,32,1.01374629958407,0.778475004488148,0.99404812181302,100,0.820733213890869,-2.16648658626167,0.965831804290643,110,1.69491246159304,-1.65211976426032,0.500452014533113
0.5,"cent vs you",172,73,0.79898642441932,-0.259138534547015,0.928158503022475,95,1.29529201108742,-0.0831407753450785,0.83285852367629,63,0.740210714591194,-1.59901525250303,0.883731219966997,105,1.58380887011639,0.477127525784955,0.841678085907919
0.5,"eld vs kin",133,79,0.80003310684431,-1.4495630757846,0.921790817238987,54,1.16854980947812,0.835632136510819,0.943509700846246,75,0.913659555531403,-1.22528153271818,0.98020084142409,58,1.83806973586657,-0.00757141736898532,0.716069396676914
0.5,"eld vs mage",43,33,0.908021030372453,-0.35441882528661,0.984728354588335,10,0.781899702376349,1.37002574521962,0.918361353767075,39,0.93638055221134,-0.578997526863077,0.986397039545325,4,0.784899937498093,1.53640466528553,0.992817007434369
0.5,"eld vs mid",87,75,0.890811471283775,-0.370003843129034,0.985701565908405,12,0.97159037400703,2.25890198897722,0.969560561226192,77,0.806622667129629,-1.46074396477581,0.948421364454675,10,0.953656536930443,2.19108645211279,0.990097148480191
0.5,"eld vs pup",211,102,0.928432482941527,-0.052938755852472,0.994691695012013,106,1.12451924816937,0.238313823958004,0.862916545514172,110,0.907867275618122,-1.19798300327609,0.986410453321518,98,1.60133450225763,-0.401053275341832,0.662885861373862
0.5,"eld vs you",13,2,0.572963503793147,-0.917553053343225,1,11,1.59215971654432,0.0773790078561725,0.830895380094993,2,0.511144974754043,-0.824902928872791,1,11,1.11177613722105,0.913134650596741,0.780870601644343
0.5,"kin vs mage",45,39,0.781391165987332,-0.367730124097119,0.899077690916123,6,0.882486266321165,1.07453903739564,0.994413641286124,40,0.965781138068742,-0.78041181912052,0.919092128422773,5,1.1410288112341,1.26814558088922,0.856628323562193
0.5,"kin vs mid",98,92,0.799428736378124,-0.912154192090882,0.896222238110913,6,1.55304964428094,0.276022728058906,0.988317816026071,92,0.793953694045824,-0.645890767915729,0.921624723576535,6,1.12761457159968,2.13170644609007,0.934612153569266
0.5,"kin vs pup",6,3,1.16280528682841,-1.46057262363449,0.902304125181229,3,0.96153902060684,1.52767437545787,0.999996686047884,5,0.933353095473429,-1.2945564421261,0.995846086276933,1,NA,NA,NA
0.5,"kin vs you",200,98,0.898108957794728,-0.552625894838886,0.961544687998264,83,1.08503876511529,0.374407806219126,0.947857684071333,96,0.860564153621185,-0.909273166199269,0.963374346347129,85,1.29496009046357,0.231414015596108,0.933074582087487
0.5,"mage vs mid",33,32,0.726123098041363,-0.612365181933176,0.760334392887953,1,NA,NA,NA,32,0.773461079326443,-0.698414157453035,0.849893345755647,1,NA,NA,NA
0.5,"mage vs pup",68,33,0.8415734136146,-0.23456496772133,0.989417546180118,35,1.00700917803582,1.4639057845158,0.892486242884207,41,0.703909066579072,-0.550122379132973,0.968994263198299,27,1.48915578137037,0.820258501580637,0.933514072865585
0.5,"mage vs you",124,51,0.852100777976178,-0.411846026298639,0.957565069402961,69,1.30583478756928,1.27015290695981,0.936266119623591,51,0.703327155302765,-0.629963528873929,0.878393006730566,69,1.20927578977074,1.41191026526381,0.944811462153554
0.5,"mid vs pup",99,16,0.99085312955742,-0.262807900933875,0.998364987173744,83,1.08964042609949,0.293889816916825,0.977144861541278,37,0.954021774398329,-1.06749959873344,0.989652865107957,62,1.07216030660293,1.38425074067509,0.875218005660557
0.5,"mid vs you",157,45,0.804760477793656,-0.930239974650383,0.867365750493876,105,1.17511789374914,1.26926115592986,0.936707478035889,44,0.783356302704946,-0.972088070108872,0.937563499690139,106,1.15726740285696,2.70443111453161,0.896321129183647
0.5,"pup vs you",242,116,0.895726145359125,-1.73869392628988,0.95260612940214,99,2.3360421241351,0.835882954419278,0.753559285085621,111,0.880536455400218,-1.1317608387743,0.959652924360708,104,1.63450956630061,1.54224131132219,0.6770684916273
0.6,"cent vs eld",51,40,0.547351475481552,-0.137054850201327,0.862234282622988,11,1.152809962083,1.80495168934586,0.788236309339143,40,0.697580390440361,-0.485602167772615,0.886934150446138,11,0.685674218483417,2.87716942671076,0.347624330867035
0.6,"cent vs kin",156,97,0.869922282331665,-1.55029083502825,0.972431911060499,59,1.17562185638827,0.846830797297166,0.920186958091421,96,0.88320171324788,-1.90342737410265,0.981810905460992,60,1.15267310425535,1.04825334948531,0.87963215897781
0.6,"cent vs mage",101,58,0.903503132678087,-0.276284015482244,0.955311732615021,43,1.01916979257996,0.733879470650754,0.974108830992743,69,0.634890960194917,-0.450589329770494,0.805043357260182,32,1.09317615877514,1.61736721644011,0.95411003747766
0.6,"cent vs mid",121,100,0.837470219813285,-1.0704477149251,0.970782325016656,21,1.31153759348202,2.13454137121786,0.746412169709349,102,0.826691248224201,-1.93423953042143,0.965234076132143,19,1.28884736256017,2.82960650355243,0.848529170876028
0.6,"cent vs pup",212,99,0.974683555094787,-0.433823333596038,0.996779118779733,112,1.04999176085678,1.07414805016258,0.879979935690388,86,0.799787370295691,-2.97752155476307,0.949917260294027,125,1.33278371909165,2.00696685132425,0.497730409362703
0.6,"cent vs you",159,69,0.885716538951437,-0.351993251509807,0.970522995402514,87,1.23222404719772,-0.0342511670106803,0.93088152681558,51,0.781282593900114,-1.92233549885455,0.907132991018802,105,1.59403297725443,0.965375447504853,0.900868741793658
0.6,"eld vs kin",132,77,0.914078363130492,-0.80832896311206,0.986447040582151,55,1.14531972750493,2.06510187528966,0.702057081226305,81,0.856036321295179,-1.71722631374645,0.935409243200753,51,1.8802682320207,-0.314932915905965,0.742611653274613
0.6,"eld vs mage",41,41,0.841475651137247,-0.783404358474697,0.971151649695781,0,NA,NA,NA,41,0.80947691728998,-1.13989012048256,0.955796931308236,0,NA,NA,NA
0.6,"eld vs mid",104,94,0.826119545930063,-1.42254077152897,0.944998855868708,10,1.31019941268029,1.02138048308251,0.96521763586161,94,0.861130691546747,-1.42785664426334,0.976733985241019,10,1.25264559966932,1.86234637170409,0.9530690835011
0.6,"eld vs pup",191,116,0.878456033692908,-0.367460298666323,0.98471717324698,72,1.17126210444584,0.19573708074137,0.78829682847631,108,0.772800812508767,-1.7924710026458,0.949899891944496,80,1.61784320074368,-0.43156572029465,0.600236986868189
0.6,"eld vs you",15,5,0.628223442356468,0.645453045638867,0.67599586031343,10,0.815901817892834,0.608318637995999,0.830741047766964,2,0.0124935188689073,1.86948585210638,1,13,1.4051972497548,1.41920290836107,0.814237153596036
0.6,"kin vs mage",25,19,0.536376258410523,0.0342496779091667,0.714712855416992,6,1.11200987128691,1.08110364868461,0.923722054952325,19,0.634242378149629,-0.585711762279522,0.799582170623751,6,1.09912084423818,0.961146657864624,0.970038011919639
0.6,"kin vs mid",91,86,0.877807467869137,-1.29025587349292,0.92052846959386,5,0.978653481729376,4.25447370629164,0.917057711102709,86,0.735144634017215,-0.837359629597507,0.923998849178299,5,0.651931218864822,3.96580802876981,0.806438570198291
0.6,"kin vs pup",8,5,1.02761735460155,-1.64362701754873,0.986947939387149,3,0.453646426438109,2.72822107136987,0.849313945486919,6,1.02588581469215,-2.82127142288166,0.968867791699162,2,2.42386721385528,1.40348151383997,1
0.6,"kin vs you",174,74,0.918782627838195,-0.809200989225498,0.972858931882821,86,1.30285421850196,1.49067436031393,0.848196282800193,80,0.80715576176715,-1.0746187352381,0.946681235602343,80,1.44968460350338,0.916057232365642,0.914234683018536
0.6,"mage vs mid",37,36,0.674490345114759,-0.689526372168424,0.757921188430235,1,NA,NA,NA,36,0.760406860121089,-0.288057649267304,0.801701656049513,1,NA,NA,NA
0.6,"mage vs pup",69,36,0.97004911811303,-0.404299883906624,0.993538057122669,33,0.991001718375901,0.82059379942073,0.955143230604278,37,0.939905219438791,-2.1977957669971,0.97667237076365,32,1.40920676154986,0.835723095753819,0.926007355828822
0.6,"mage vs you",102,39,0.816464111435688,-0.282028726950332,0.840471920382435,63,1.16486018339809,2.78971094979222,0.886156782494431,39,0.638536450803468,-0.851117321586767,0.698400757871812,63,1.16460422882335,4.03678358841261,0.785012655787412
0.6,"mid vs pup",73,30,0.933278856936674,-0.0936337450964846,0.992876372164011,43,1.09394550177536,0.174454911634108,0.981698954262031,18,0.960558464562812,-3.14049048957534,0.979894992773556,55,1.24861911526844,1.51298923306139,0.832593255023187
0.6,"mid vs you",165,39,0.944763565393334,-0.867496679990713,0.928078204119127,116,1.15003178657107,1.15533251879488,0.956818460476863,43,0.877976860516054,-1.44320762836853,0.868948568453073,112,1.17180951973517,1.85562921796864,0.953814481222658
0.6,"pup vs you",215,98,0.791788557010134,-3.31762379926556,0.905447861600374,90,2.75392825125406,-0.404089492723165,0.810245481293104,99,0.822046574291394,-2.33684207398734,0.943216606024766,89,2.6106606115217,-3.02009923294095,0.834737742698348
0.7,"cent vs eld",37,27,0.575367731546772,-0.876812913963762,0.841673335438765,10,1.20285332656237,2.19559809528699,0.406859608487387,27,0.416625577495917,-0.335220154449841,0.697343345712374,10,1.18162035322623,1.67545877637669,0.523874405796976
0.7,"cent vs kin",148,95,0.903917712422253,-1.53884650590281,0.977214970809488,53,1.20165927987985,1.25273566627679,0.909875537619385,96,0.842099570993789,-1.71788665099126,0.974410142182979,52,1.07676888918537,1.65762071889686,0.885206765063647
0.7,"cent vs mage",87,68,0.577261326545487,0.0934810966384231,0.764998357570142,19,1.06005244108357,1.19233246021399,0.952741316489981,69,0.606960235262388,-0.763245033526866,0.838432835628053,18,1.17670527270639,2.17091543704808,0.953473821581331
0.7,"cent vs mid",127,103,0.754785586063234,-2.50637458576795,0.899617682843312,24,1.49983218409652,2.39223350907825,0.53951065886559,103,0.772044057640767,-2.55156294880557,0.94064773419218,24,0.96692822370343,2.00973341497093,0.971090729900174
0.7,"cent vs pup",190,79,0.906205232312783,-1.73682909760944,0.975141243091637,110,1.92438620825668,-1.27539605634675,0.464488165692155,82,0.824649291397564,-4.56422711979595,0.942092561466559,107,3.61996485576754,-3.29756996551979,0.655473059923718
0.7,"cent vs you",162,62,0.943220121756638,-0.754706754386199,0.960266320001068,97,1.40540492325356,0.389629865302153,0.857349179441447,67,0.843563990441539,-1.76560626761275,0.937675792015401,92,1.60831224041766,0.909938016767048,0.858237951558473
0.7,"eld vs kin",130,78,0.87160706279852,-1.64058815732798,0.96540240682472,52,1.74370876779874,-0.473278372264359,0.735423120037186,78,0.84125981787012,-2.70496518916876,0.921509633056217,52,1.74785771858672,0.0465991570004017,0.753096302700116
0.7,"eld vs mage",36,36,0.795290719288158,-0.520788908665976,0.970188674851785,0,NA,NA,NA,36,0.681930557369154,-0.932978094192663,0.927486643750867,0,NA,NA,NA
0.7,"eld vs mid",98,91,0.868009100970427,-1.07775394902577,0.983060185838513,7,1.40923226264149,1.50286922350088,0.983012588690997,91,0.85230552334033,-1.7321888111079,0.948443949543697,7,1.25083361686215,1.95139104993038,0.960007506153859
0.7,"eld vs pup",178,84,0.910171041650409,0.0720197305541269,0.98338609987824,91,1.13234395425339,1.1206571902424,0.702882158892535,103,0.781135774880312,-2.46675703366949,0.932712607052802,72,3.63789321522953,-4.5219884036073,0.750018549335805
0.7,"eld vs you",14,3,0.454677193005277,0.755396809406768,0.674860184371981,11,0.825405887789702,1.18493055041081,0.737044093966578,3,0.778040139511682,-1.88905926203798,0.924337742120353,11,1.32203414322563,1.19293360030116,0.901151408469039
0.7,"kin vs mage",24,23,0.422954842123069,0.432221166823694,0.713715736904338,1,NA,NA,NA,23,0.418283223485177,0.0287310070728858,0.768462662715494,1,NA,NA,NA
0.7,"kin vs mid",93,88,0.694652977109605,-1.0856846051945,0.855818163405534,5,1.17108586031962,3.15588010046016,0.884670570905882,88,0.586778303957017,-0.933980713127177,0.792842775949247,5,1.28752137420655,2.28088916606548,0.891810884172919
0.7,"kin vs pup",8,7,0.992035254280928,-2.20898174772269,0.990582847911178,1,NA,NA,NA,7,0.899159212333942,-3.5340402444225,0.993416442657693,1,NA,NA,NA
0.7,"kin vs you",173,76,0.874663107856971,-1.24341801711579,0.952118131820186,81,1.46032535464159,0.250433489651078,0.904856006277386,74,0.761687292052495,-1.40740872315915,0.932582026551718,83,1.65246446400161,1.22384942098272,0.913179908407101
0.7,"mage vs mid",30,29,0.511967331270108,-0.371654685562316,0.692938400190167,1,NA,NA,NA,29,0.652457785986145,-0.222728152653233,0.834420474701191,1,NA,NA,NA
0.7,"mage vs pup",72,47,0.902121745588495,-2.54135917042246,0.924151691374528,25,1.1969285493964,0.929154052935264,0.886794452059595,47,0.874636379407942,-3.54879885309593,0.900854824365639,25,1.27497462927136,1.85843314677973,0.862235279910859
0.7,"mage vs you",108,48,0.781783857759525,-0.765757900992205,0.862061544859794,60,1.24243356873466,2.57507252976093,0.872949824855689,48,0.551890627283663,-0.595066721063993,0.707949868658951,60,1.27522889449669,3.28561998487117,0.83944386664034
0.7,"mid vs pup",56,12,0.67343938114851,-0.273561251361576,0.758482098342378,44,1.0392262108061,1.77101082836978,0.96403320934014,14,1.06740944160041,-6.7473028659286,0.799663524903632,42,1.26644268689043,1.62809743156288,0.680980790697946
0.7,"mid vs you",161,46,0.817261533587879,-0.483365571967404,0.89691507675627,107,1.16200367788503,0.573229769741387,0.971743853936019,44,0.631587514317276,-0.571153797098131,0.839719484588981,109,1.15180514961622,2.12554701850096,0.946908550626815
0.7,"pup vs you",230,116,0.826555450035603,-2.92778495053513,0.928640281566242,86,2.93703677124479,-2.2089334683045,0.819680864561124,116,0.8406824269006,-2.33173771718734,0.942287812784969,86,2.75410772155699,-2.10807059027329,0.810438076788621
0.8,"cent vs eld",35,27,0.702163645246723,-1.0956210407469,0.854161179426797,8,0.694298424105176,2.94447828020993,0.479052433657662,27,0.414512706570008,-0.531825837726064,0.680610795944917,8,1.07269888078988,3.37214168547355,0.603842063329345
0.8,"cent vs kin",127,90,0.913190153236583,-2.55551203201877,0.971571819467427,37,1.51923801792832,0.89082664351365,0.911379430239795,90,0.844116460806566,-3.55744743179564,0.953018438267056,37,1.448514417963,2.54720894603991,0.912533716017174
0.8,"cent vs mage",84,69,0.652762150972423,-0.456240500409617,0.851578081682166,15,1.0563972671499,1.79366496290705,0.927288622977971,69,0.603552517678717,-0.977548751375678,0.849755973025656,15,1.05481310367802,2.96955395707536,0.900525100795526
0.8,"cent vs mid",131,108,0.86313625451216,-1.2884184935584,0.980377096851682,23,1.28734898718926,3.26866483385543,0.420868809853532,112,0.79408586610622,-1.9377131466048,0.966866563416473,19,3.14486052713799,0.068658911433799,0.63009903661372
0.8,"cent vs pup",188,90,0.94709765160194,-0.838484868214982,0.992260701886155,97,1.12616510488955,0.650402122084577,0.923685890608312,89,0.816191891342311,-4.47011033840064,0.950337828942442,98,3.92197292064108,-5.2558876945563,0.695694556791449
0.8,"cent vs you",150,55,0.914679745976801,-1.48876675004994,0.942649871623203,92,1.3173903376901,0.929177592322981,0.827350068408034,59,0.784274817756666,-2.57503524086738,0.919882857746262,88,2.02387699355842,1.50723961050934,0.839445062465794
0.8,"eld vs kin",126,84,0.813687492104837,-2.06518411411979,0.922460531070005,42,2.04528729294288,-0.920210761399201,0.696326519950228,85,0.854448493406918,-1.75696121124563,0.967882472492555,41,2.08932028519813,-1.35453402837267,0.709132677077296
0.8,"eld vs mage",33,33,0.659081259487536,-0.705039169814221,0.856112228503722,0,NA,NA,NA,33,0.622398783308747,-1.46673452895419,0.852667515522365,0,NA,NA,NA
0.8,"eld vs mid",85,79,0.714923584136527,-1.84959835009011,0.883049185040079,6,0.96554395761897,2.41897706332026,0.995031624219323,80,0.70476588910209,-2.65690039101247,0.819148080751201,5,1.35464690743792,2.17882312110986,0.981654705811661
0.8,"eld vs pup",172,105,0.840867260284735,-0.804244428837532,0.961926819356059,64,1.14175520460105,0.859016590314233,0.762485915496026,103,0.803936336667252,-2.5029526996923,0.950069503527058,66,2.7782639063616,-2.18478578070311,0.597940589438789
0.8,"eld vs you",6,2,0.395435470024919,1.12076926539356,1,4,1.26687918782327,1.44221061507859,0.904689378669359,2,0.246139481223503,0.188577805533901,1,4,0.849311995596995,0.890223582108832,0.995575187606616
0.8,"kin vs mage",36,33,0.59538123840262,0.254681762016893,0.713914275923371,3,0.987264043054956,2.2601742765031,0.999897062476471,33,0.497802976121787,0.08093295377882,0.706704996095333,3,1.17027654899747,2.75603369455909,0.983590166799742
0.8,"kin vs mid",86,81,0.704505584024675,-1.19499256832457,0.848337523912654,5,0.875281684153342,3.33761422445516,0.879275980223297,81,0.563697212787167,-1.0359755860625,0.812003816958319,5,0.590279866862864,3.98350985165447,0.761618308211261
0.8,"kin vs pup",10,8,0.982344194110194,-4.50222942096727,0.972910714257838,2,-0.113707385667105,4.69772029676449,1,8,1.08647053660511,-5.27267116614862,0.979900212368102,2,0.40617615056875,5.87376264225957,1
0.8,"kin vs you",170,81,0.871969180436711,-1.58980430294721,0.936245942999546,73,1.5388602879153,0.545854044846156,0.865884616863869,81,0.815558721998225,-2.1481079281614,0.9562451539344,73,1.62454814475671,1.28882653565387,0.904135817202001
0.8,"mage vs mid",38,37,0.572606109829533,-1.16868633008209,0.734898747104,1,NA,NA,NA,37,0.533713831642365,-0.564170954533943,0.790323787413612,1,NA,NA,NA
0.8,"mage vs pup",72,52,0.731129792387034,-1.0829793754892,0.883817125463788,20,0.94802287564287,3.6242955222527,0.949054361198994,53,0.827388917206387,-3.05690726480224,0.895405112652053,19,1.59921610827998,1.4677953193113,0.870484464630065
0.8,"mage vs you",116,58,0.690806718102195,-1.01276684660862,0.793413617545312,58,1.14483392799651,2.30206735500251,0.906235161213443,58,0.634720980196706,-0.88447630549543,0.807163218590059,58,1.18539018536646,2.54500768189137,0.890211634700318
0.8,"mid vs pup",52,20,0.836790005186391,-2.6118565526082,0.91269169113385,32,1.20546127185262,1.36035719915411,0.825174896018846,20,0.81549368784114,-5.3309445059618,0.843692010316445,32,1.18195886913044,2.52199051356416,0.674969604268778
0.8,"mid vs you",140,48,0.861411868834668,-1.75918149189767,0.850193516909373,90,1.18706595049634,2.19703344448343,0.879791733103043,48,0.837236623856008,-1.85152594164975,0.905754017290667,90,1.14659440814344,4.23332149188056,0.800369098478995
0.8,"pup vs you",215,109,0.768860386982123,-3.27643543085937,0.913923327139055,84,3.03084323999553,0.653805938735339,0.802914450384924,109,0.845882015874449,-2.44504923742894,0.952909814726533,84,2.51324058058932,-1.72870847607315,0.806064581970747
0.9,"cent vs eld",41,35,0.69488078718545,-0.805610444965324,0.876614115403287,6,0.934333337996513,4.75476252133842,0.363768358156276,35,0.557675623298722,-0.797596273152789,0.740795702554728,6,0.406866148023467,4.70347323297715,0.293974688213416
0.9,"cent vs kin",123,92,0.87640725622173,-2.79192126678689,0.950602950365449,31,1.38490449201841,2.19270767966765,0.881528830643621,92,0.817755487809812,-3.46406777174277,0.938111097640428,31,1.34129382557293,3.43443742559452,0.917578043981958
0.9,"cent vs mage",81,68,0.753052132665112,-0.700588978152778,0.911145353868712,13,1.05205133772927,2.83464856552699,0.806329406312114,70,0.653472150641098,-1.34267632725438,0.873704069753424,11,1.05869567455621,4.43878988691108,0.705831189973177
0.9,"cent vs mid",119,109,0.804452977327587,-2.22100693239544,0.944130958225017,10,0.982487087864879,7.65741590655212,0.358144958290438,110,0.780274685809383,-3.12157197858006,0.92062037368377,9,3.73692064735178,-2.45560115432149,0.57068777847336
0.9,"cent vs pup",187,78,0.955284230194176,-0.815854341398718,0.990735597464643,108,1.05896640602235,0.898872064514176,0.780364426618312,93,0.784908643435124,-4.39138560658925,0.939709224265895,93,1.39202355211625,4.4524693158242,0.462373528159987
0.9,"cent vs you",154,61,0.86107447951919,-1.36742896795768,0.925199785687811,90,1.357408265516,0.266937826132677,0.799232858285001,65,0.727005902272026,-2.59191322289844,0.863573670541096,86,2.07162180614106,-0.223658358242779,0.828425728954201
0.9,"eld vs kin",121,84,0.846148004574024,-1.75658755996483,0.960853099298438,37,2.19627184219092,-0.100588706682912,0.646913620797224,82,0.919544916627393,-1.06588587420789,0.982972522355291,39,1.80495266727057,0.393603835312477,0.600467820509423
0.9,"eld vs mage",33,33,0.93108959325166,-1.12817733143805,0.958749261615078,0,NA,NA,NA,33,0.660536368629014,-1.28188764280503,0.838317147347722,0,NA,NA,NA
0.9,"eld vs mid",95,93,0.723180580031051,-2.09323039034477,0.904284221100206,2,1.68683409696925,1.67549315948595,1,93,0.744462387004524,-2.53355074290951,0.916384190290288,2,1.89560310614268,1.21502247171331,1
0.9,"eld vs pup",163,106,0.823665306597476,-1.39562677550535,0.978274426488344,54,1.11336732700448,1.13477314478196,0.920134868666292,104,0.786992601337496,-3.05014781906371,0.944857924684467,56,2.71838639312995,-0.655678507994795,0.505857789723424
0.9,"eld vs you",3,2,2.49689456774302,-11.3857546479857,1,1,NA,NA,NA,2,1.20314668737299,-5.19194067671948,1,1,NA,NA,NA
0.9,"kin vs mage",24,23,0.367915180992607,0.639749695900296,0.741506690702345,1,NA,NA,NA,23,0.252977204400521,0.214151566304634,0.592138741797704,1,NA,NA,NA
0.9,"kin vs mid",90,86,0.622903633506171,-1.09553232382606,0.793136245787913,4,1.02634073650607,4.29396298261965,0.930193710911906,86,0.524397270630394,-0.808413715681715,0.754632851392235,4,1.59422581946727,3.26709548978627,0.95198668418102
0.9,"kin vs pup",5,4,0.917071405173196,-2.8315956315863,0.986819655700474,1,NA,NA,NA,4,1.01316666123019,-6.27105000249957,0.99380836326631,1,NA,NA,NA
0.9,"kin vs you",159,83,0.844542826904759,-1.54553695148481,0.939898549472683,63,1.79262792232377,1.35032417551139,0.880297910280234,83,0.799852869834463,-1.81712689584417,0.958523363381208,63,1.65412382729368,2.65021577057308,0.840547602422126
0.9,"mage vs mid",41,40,0.766553777406382,-1.59561958841863,0.756601767285324,1,NA,NA,NA,40,0.638949308429139,-1.16428131871363,0.79119794992912,1,NA,NA,NA
0.9,"mage vs pup",63,41,0.790661857884747,-3.83468732270457,0.823273438760591,22,1.37891595809548,1.31352974615068,0.947543239068263,41,0.793640410343941,-3.6745084808351,0.886229532802451,22,1.4330429860954,1.85151893686275,0.915132568818726
0.9,"mage vs you",123,69,0.771176916782311,-1.23726381693079,0.893529771988969,54,1.29654117328602,3.09943330897609,0.797520733639389,69,0.695479073961343,-0.939646011423404,0.899136201950219,54,1.26627756388016,3.62706940489189,0.793270234934041
0.9,"mid vs pup",59,25,0.833357534394861,-3.24182330547058,0.783787334428263,34,1.14294270680173,1.14077344102428,0.872586719687581,24,0.647313669087382,-3.90354093587085,0.721198314046744,35,1.40238607323137,2.66076698358884,0.809956362839092
0.9,"mid vs you",151,49,0.790959161418769,-1.53404510435472,0.921456390201953,97,1.317973726563,2.18492341680019,0.93425792248152,51,0.648281239568653,-0.846518097755366,0.849636964945389,95,1.14087417096099,1.08766521773505,0.959812731545421
0.9,"pup vs you",224,116,0.831890041807798,-3.56541784473403,0.909335305129465,87,3.13387573304929,0.937571621432693,0.780105366883622,116,0.827795719493167,-3.04903297236504,0.914000652011093,87,3.13167729092972,0.861680916446208,0.774002194709657
1,"cent vs eld",40,35,0.311317879917309,0.13454090049488,0.604141696472944,5,1.08130779051859,2.60535831911412,0.45170526055197,35,0.396392454341729,-0.511667115252253,0.704915569807072,5,1.82613806213048,2.44799376345458,0.737179421674119
1,"cent vs kin",124,94,0.83072985658981,-2.86662754846897,0.950170579975208,30,1.56184686346706,2.94120595119655,0.857127063493607,94,0.801340675319105,-3.11473680453942,0.954531382799411,30,1.36616440607158,3.73171204201828,0.809668193101078
1,"cent vs mage",76,67,0.500041503092267,-0.0811295868800506,0.747192185788812,9,0.864350165157758,4.11569416356042,0.841180523087844,67,0.309535544963753,0.269556494174265,0.494714667139552,9,0.923694619902296,5.25792457049296,0.695547697198447
1,"cent vs mid",112,101,0.763174359654944,-3.22472067143675,0.904295517097832,11,1.43502299035665,5.38682456932819,0.273187626670511,102,0.784038984072379,-3.5264484987783,0.906955543478936,10,4.2766265573237,-3.8352813525193,0.611356543219934
1,"cent vs pup",169,87,0.890010075764248,-1.7190878272203,0.979641645600433,81,1.24091385710638,1.49502417615127,0.643687603164805,88,0.777891868859742,-5.39985123881927,0.923725994910992,80,4.34961629644116,-4.8285216211251,0.714768639329028
1,"cent vs you",136,68,0.808043961084414,-1.38016658741549,0.930140879825757,65,1.10639572729814,1.42326269735437,0.942085007323234,68,0.75032103578173,-2.75749470014325,0.896351105685939,65,2.16871080211083,1.1973150447617,0.807040006612117
1,"eld vs kin",111,83,0.789390697158031,-2.16026266651801,0.937752302749584,28,2.54361768987848,-0.249802081421352,0.674180542496667,83,0.750011494132897,-2.5503263468076,0.92476186133654,28,1.06037137938447,2.03378016305575,0.925995483710846
1,"eld vs mage",41,41,0.592338960951415,-1.19020399411458,0.891027969390193,0,NA,NA,NA,41,0.624970979383765,-1.2940685005686,0.901444909198011,0,NA,NA,NA
1,"eld vs mid",94,92,0.693727982983991,-2.06818327426287,0.896422023140758,2,1.69498613114103,1.17249832320672,1,92,0.681337285824034,-2.20761918452817,0.870007827833644,2,1.89755846866694,1.76954712129642,1
1,"eld vs pup",164,106,0.88246405437496,-0.864063716654112,0.984668621002246,55,0.984345624902164,2.17913990435343,0.967207981885973,110,0.785284749713876,-2.7007085339978,0.96107933409432,51,3.53327632125318,-1.5782444669887,0.559936806936107
1,"eld vs you",3,3,0.531498570403311,-0.486852958728991,0.250360891844167,0,NA,NA,NA,3,0.747649551044625,-2.43285255922409,0.610203546741505,0,NA,NA,NA
1,"kin vs mage",36,35,0.547406679141566,-0.0185429639798678,0.795968918889396,1,NA,NA,NA,35,0.434209373473841,-0.340869759982453,0.754735047947097,1,NA,NA,NA
1,"kin vs mid",92,88,0.547464363206698,-0.892934948419318,0.664532018787137,4,0.996854012466093,3.83092505586588,0.998547448722722,88,0.616875233982497,-1.14820133525895,0.848175361628116,4,0.812781629216142,3.67605541973677,0.896221742353433
1,"kin vs pup",8,8,0.818917030615061,-1.91023585240629,0.96824149267458,0,NA,NA,NA,8,0.897718328538829,-5.64295378878069,0.959545107328854,0,NA,NA,NA
1,"kin vs you",150,81,0.74596029854292,-1.96809928520807,0.883149193592615,62,1.86711698303587,3.03357263701373,0.821947918066435,81,0.688057750890329,-2.20067614600764,0.892646977241738,62,1.80448916866469,2.89692758143426,0.817486728768836
1,"mage vs mid",36,35,0.407882934760527,-0.813339771144524,0.591694168975735,1,NA,NA,NA,35,0.515131982814994,-0.985151893432801,0.731152466100778,1,NA,NA,NA
1,"mage vs pup",61,43,0.958093275275533,-1.54923328716686,0.977221437664745,18,1.56697211086424,1.23862410242816,0.879275469431958,43,0.831155814194855,-1.95233355670667,0.975996023357988,18,1.45920184033442,2.1809897741853,0.845252266195276
1,"mage vs you",103,60,0.592111965002807,-1.30949981332773,0.747052367874258,43,1.41210081348823,5.30317419576431,0.657443806218759,60,0.570032023091686,-1.42367237465796,0.710484571285502,43,1.370927094501,5.48958396429083,0.67995874855201
1,"mid vs pup",47,23,0.920178321026593,-3.45647095901933,0.911637981577616,24,1.30659772339333,1.02553328319165,0.78422938964711,23,0.817635522017707,-6.17076847445548,0.779383191012153,24,1.55541803394601,2.82818384016733,0.639054867073768
1,"mid vs you",126,41,0.647326257148831,-1.10576177088117,0.847131017050084,84,1.43914277441795,3.33414345920137,0.854811699091069,41,0.606381046962892,-2.03243735430307,0.85562562458497,84,1.33723304388309,5.30709615806624,0.767881812002729
1,"pup vs you",213,111,0.7506543120191,-4.01586299356612,0.86726289553129,79,3.27796356070652,-1.81674264172036,0.83228301429493,111,0.740963446417864,-3.65114889152852,0.879329526438016,79,3.23092071826096,-1.41718221988602,0.76838537268686
