taxon	ERR2391214	ERR2391215	ERR2391216	ERR2391217	ERR2391218	ERR2391219	ERR2391220	ERR2391221	ERR2391222	ERR2391223	ERR2391224	ERR2391225	ERR2391226	ERR2391227	ERR2391228	ERR3479091	ERR3501987	ERR3501988	ERR3501989	ERR3501990	ERR3501991	ERR3501992	ERR3501993	ERR3501994	ERR3501995	ERR3501996	ERR3501997	ERR3501998	ERR3501999	ERR3502000	ERR3502001	ERR3502002	ERR3502003	ERR3502004	ERR3502005	ERR3502006	ERR3502007	ERR3502008	ERR3502009	ERR3502010	ERR3502011	ERR3502012	ERR3502013	ERR3502014	ERR3502015	ERR3502016	ERR3502017	ERR3502018	ERR3502019	ERR3502020	ERR3502021	ERR3502022	ERR3502023	ERR3502024	ERR3502025	ERR3502026	ERR3502027	ERR3502028	ERR3502029
[Clostridium] hylemonae	630	879	2989	439	373	718	477	0	579	71	1465	196	63	2874	429	520	370	0	132	1215	11	3027	520	65	49	76	147	207	1071	235	152	220	24	222	88	0	65	361	549	2438	149	14	170	136	666	177	220	4558	47	217	202	1476	126	52	128	441	45	790	30
[Clostridium] innocuum	5384	7533	10835	8643	5215	22461	3521	12500	108784	2517	4402	12093	34286	22684	4646	197153	11687	371	4360	18832	20021	9755	67782	5562	4391	13942	2483	6845	1559	1613	946	1022	3681	3164	14678	7366	15175	2424	7874	12912	3049	992	18492	30002	3004	6216	925	1097	11101	2409	12859	3069	1486	3857	1827	11257	1395	4762	7506
[Clostridium] scindens	5592	3226	4924	747	2978	33219	9006	18750	92621	8760	1881	916	4457	1489	1468	2109	15904	369	1448	23411	1245	1723	2823	1883	818	6530	3068	15096	914	1928	332	682	4210	5277	1416	808	8166	1046	4356	6943	473	1046	1893	4099	3414	38548	1039	2607	16406	3936	924	1027	15381	2184	794	785	1031	16581	4982
[Clostridium] symbiosum	7065	168	5940	2270	962	33116	3416	13906	41067	329	262	20524	12067	660	250	8839	34580	52	581	14970	6384	1042	30958	3481	1188	2125	26066	29	54	2097	22	217	1774	41	3700	461	9193	324	2010	5452	2269	50	6219	2552	101	601	438	103	7722	9442	2419	306	140	1569	92	402	274	372	966
[Eubacterium] hominis	463	336	731	9436	298	4595	211	266	762	766	95	43	756	3044	404	7660	49	0	178	739	491	244	1968	97	1286	49	917	299	88	56	16	44	367	156	12	23	63	422	631	308	4983	275	1433	874	240	239	47	299	58	136	550	391	116	518	152	389	77	957	275
[Ruminococcus] lactaris	1833	15506	1988	76483	1597	2811	1539	544	489	1445	89691	262	1021	50837	4351	1211	31875	215	445	2690	386	104743	7019	20598	9706	50452	891	18023	53655	332	869	14233	2042	267555	54831	3439	743	1423	44213	1959	1754	125265	1498	1187	5952	1443	34507	2773	3620	882	1676	12405	21048	1136	18015	421	10743	1097	7738
[Ruminococcus] torques	80566	92185	84128	30169	71687	513700	13316	2055	51042	95647	370626	1597	136126	53641	25673	12396	18903	782	17200	19283	14208	3575	647971	120344	343032	12998	3928	305176	15789	5641	124116	45716	149342	173002	2944	56868	862	71801	62106	92651	14644	64555	25193	68359	58531	97656	48927	41221	20713	50824	112116	108691	17134	59904	22559	3496	56754	46866	8825
Abiotrophia defectiva	180	82	29	30	0	0	0	0	0	0	0	0	0	0	0	0	0	1724	0	12	0	0	0	19	0	0	78	0	0	0	0	14	11	0	102	0	87	0	20	0	0	0	29	78	0	0	0	0	38	23	154	218	0	0	0	0	0	26	0
Aceathervirus RM10	0	0	0	0	0	0	0	0	0	0	0	20	29	0	0	23	0	0	0	0	0	0	0	0	0	0	0	0	0	0	0	0	0	0	0	0	0	0	0	0	0	0	0	0	0	0	0	0	0	0	0	0	0	0	0	0	0	0	0
Achromobacter marplatensis	0	0	0	0	0	0	0	0	0	0	0	0	0	0	0	0	0	0	0	0	0	0	0	0	0	0	0	0	0	0	0	0	0	0	0	0	0	0	0	0	0	12	0	0	0	0	0	0	0	0	0	0	0	0	0	0	0	0	0
Acidaminococcus fermentans	0	0	0	400	0	18	0	5786	0	0	0	0	31	0	12	0	0	0	1226	0	0	0	0	0	515	0	0	836	0	0	0	549	0	0	0	753	1274	0	205	0	45	0	0	0	0	0	0	0	0	0	63	0	364	1995	213	0	29	12	0
Acidaminococcus intestini	17	27472	19	14	29	18	0	688	0	13	0	0	12	0	41	10211	41	228	1324	1098	149	80	59	129	563	95	454	43	94	475125	142	107626	151	47	26	339	91	245	76	74	102	50	24416	82	46859	36	26	149	0	29	8031	15	8963	297	25	0	0	207	890
Acidaminococcus timonensis	26	18	23	24	33	38	0	58763	22	20	23	23	52	15	31	0	0	0	62	0	0	0	0	0	0	0	0	68	0	0	0	1233	0	0	0	547	13	0	0	0	0	0	0	0	26	0	0	0	0	0	48	0	0	619	0	0	56	0	94
Acidilutibacter cellobiosedens	0	0	0	0	0	0	0	0	134	0	0	0	0	0	0	0	0	0	0	88	0	0	0	0	0	0	0	0	0	0	0	0	0	0	0	0	0	0	0	0	0	0	0	0	0	0	0	0	0	0	0	0	0	0	0	0	0	0	0
Acidipropionibacterium acidipropionici	0	0	0	0	0	0	0	0	0	0	0	0	0	0	0	0	0	0	25	0	0	0	0	0	0	0	0	0	0	0	0	0	0	0	0	0	0	0	0	0	0	0	0	0	0	0	0	0	0	0	0	0	0	0	0	0	0	0	0
Acinetobacter bereziniae	0	0	0	0	0	0	0	0	0	0	140	0	0	0	0	0	0	0	0	0	0	0	0	0	0	0	0	0	0	0	0	0	0	0	0	0	0	0	0	0	0	0	0	0	0	0	0	0	0	0	0	0	0	0	0	0	0	0	0
Acinetobacter johnsonii	0	0	0	0	0	0	0	0	0	0	0	0	0	0	0	0	0	0	0	0	0	0	0	0	0	0	0	0	0	0	0	0	0	0	0	97	0	0	0	0	0	0	0	0	0	0	0	0	0	0	0	0	0	0	0	0	0	0	0
Acinetobacter pittii	0	0	0	0	0	0	0	0	0	0	0	0	0	0	0	0	0	268	0	0	0	0	0	0	0	0	0	0	0	0	0	0	0	0	0	0	0	0	0	0	0	0	0	0	0	0	0	0	0	0	0	0	0	0	0	0	0	0	0
Acinetobacter sp. TTH0-4	0	0	0	0	0	0	0	0	0	0	0	0	0	0	0	0	0	0	0	0	0	0	0	0	0	0	0	0	0	0	0	0	0	0	0	0	0	0	0	0	0	0	0	74	0	0	0	0	0	0	0	0	0	0	0	0	0	0	0
Acinetobacter ursingii	0	0	0	0	0	0	0	0	0	0	194	0	0	0	0	0	0	0	0	0	0	0	0	0	0	0	0	0	0	0	0	0	0	0	0	80	0	0	0	0	0	0	0	0	0	0	0	0	0	0	0	0	0	0	0	0	0	0	0
Actinoalloteichus sp. AHMU CJ021	0	0	0	0	0	0	0	0	0	0	0	0	0	0	0	0	0	0	0	0	0	0	0	0	0	0	0	0	0	0	0	0	0	0	0	0	0	0	0	0	0	0	0	37	0	0	0	0	0	0	0	0	0	0	0	0	0	0	0
Actinobacillus pleuropneumoniae	0	0	0	0	0	0	0	0	0	0	0	0	0	0	0	0	0	0	0	0	0	0	0	25	0	0	0	0	0	0	0	0	0	0	0	0	0	0	0	0	0	0	0	0	0	0	0	0	0	0	0	0	0	0	0	0	0	0	0
Actinobacillus suis	0	0	0	0	0	0	0	0	0	0	11	0	0	0	0	0	0	0	0	0	0	0	0	0	0	0	0	0	0	0	0	0	0	0	0	0	0	0	0	0	0	0	0	0	0	0	0	0	0	0	0	0	0	0	0	0	0	0	0
Actinomyces israelii	44	25	14	28	21	254	0	0	0	12	0	0	146	2196	439	13	41	20	0	0	921	0	0	58	0	0	0	0	31	32	0	0	91	17	556	0	87	98	0	0	16	0	0	0	78	64	0	19	10	0	0	36	42	38	0	0	12	0	0
Actinomyces johnsonii	0	0	0	0	0	0	0	0	0	0	0	0	10	0	0	0	0	0	0	0	0	0	0	0	0	0	0	0	0	0	0	0	0	0	0	0	0	0	0	0	0	0	0	0	0	0	0	0	0	0	0	0	0	0	0	0	0	0	0
Actinomyces massiliensis	613	329	60	31	164	22	0	0	0	0	101	0	191	785	268	19	12	25	0	0	279	0	0	168	164	60	96	485	36	147	45	45	73	0	143	0	57	635	0	0	222	0	0	279	322	0	19	102	48	20	0	58	118	28	0	0	73	0	0
Actinomyces naeslundii	106	355	150	58	186	934	0	0	0	0	161	0	1228	79	544	57	99	0	0	239	174	0	0	0	40	0	284	116	0	13	378	23	68	124	1920	0	204	1423	16	0	70	0	0	301	267	0	0	371	32	27	0	392	346	0	0	56	116	180	0
Actinomyces oris	1020	1521	195	329	603	739	1359	0	99	309	314	0	1381	4372	4650	0	1042	135	0	28289	1395	0	0	464	233	383	523	998	576	341	359	152	1009	10562	5595	0	763	2147	5017	1715	0	0	900	713	1340	0	0	326	110	0	2815	440	0	215	0	6239	0	0	0
Actinomyces pacaensis	128	94	162	78	134	0	144	59	126	196	78	81	17	97	14	14	0	19	0	0	28	95	396	26	28	304	74	82	161	37	69	65	0	44	217	72	166	32	50	86	0	71	0	160	30	86	16	73	78	32	125	70	0	0	29	150	30	0	12
Actinomyces radicidentis	0	0	0	0	0	0	0	0	0	0	0	0	0	0	621	0	0	0	0	0	0	0	0	226	0	0	0	0	0	0	0	0	28	0	0	0	0	0	43	14	0	0	0	0	0	0	0	0	0	0	0	0	0	0	15	321	0	0	160
Actinomyces sp. HMT 175	0	83	0	0	0	144	134	0	0	0	0	0	0	227	405	0	132	0	0	2994	179	0	0	0	0	0	0	0	0	0	0	0	86	1146	514	0	0	135	323	169	0	0	72	0	78	0	0	0	0	0	123	0	0	0	0	678	0	0	0
Actinomyces sp. HMT897	0	0	0	0	0	0	0	0	0	0	0	0	0	113	0	0	0	0	0	0	0	0	0	0	0	0	0	0	0	56	0	0	0	0	0	0	151	0	0	0	0	0	0	0	0	0	0	0	0	0	0	0	0	0	0	0	0	0	0
Actinomyces sp. oral taxon 169	469	367	0	0	507	306	100	0	0	75	59	0	239	743	265	0	958	0	0	923	36	0	0	39	131	169	141	100	75	65	72	36	329	249	296	0	0	46	166	80	0	0	0	358	736	0	136	77	33	0	88	0	84	0	0	160	96	0	0
Actinomyces sp. oral taxon 171	236	64	114	62	0	0	0	0	0	80	134	0	24	510	312	0	110	0	0	189	132	0	0	89	79	43	77	116	0	35	0	30	46	32	1452	0	183	281	22	0	32	0	0	368	37	0	39	98	27	62	0	110	0	30	0	28	0	0	0
Actinomyces sp. oral taxon 414	580	92	91	111	29	108	0	0	0	75	60	0	51	889	232	0	0	14	0	0	177	0	0	345	13	0	15	50	21	92	41	49	48	0	36	0	455	616	0	0	0	0	0	114	95	141	0	122	23	25	0	124	33	37	15	0	22	0	0
Actinomyces sp. oral taxon 897	0	0	0	0	0	0	0	0	0	0	0	0	0	262	0	0	0	0	0	0	0	0	0	0	0	0	0	0	0	0	0	0	0	0	0	0	126	0	0	0	0	0	0	0	0	0	0	0	0	0	0	0	0	0	0	0	0	0	0
Actinomyces urogenitalis	0	0	0	0	0	0	0	0	0	0	0	0	0	0	0	154	0	0	0	0	0	0	0	0	0	0	0	0	0	0	0	0	0	0	0	0	0	0	0	0	0	0	0	0	0	0	0	0	0	0	0	0	0	0	0	0	0	0	0
Actinomyces viscosus	0	0	0	0	0	0	0	0	0	0	0	0	210	190	138	0	0	0	0	1187	0	0	0	0	0	0	0	0	0	0	0	0	0	698	345	0	0	124	0	0	0	0	0	0	112	0	0	0	0	0	0	0	0	0	0	251	0	0	0
Actinomyces wuliandei	0	0	0	0	0	0	0	0	0	0	0	0	0	13	0	0	0	0	0	0	0	0	0	0	0	0	0	0	0	0	0	0	0	0	0	0	0	0	0	0	0	0	0	0	0	0	0	0	0	0	0	0	0	0	0	0	0	0	0
Actinotignum schaalii	0	0	0	0	0	0	0	0	0	0	0	0	0	0	0	33	0	0	0	0	0	0	0	0	0	0	0	0	0	0	0	0	0	0	0	0	0	0	0	0	0	0	0	0	0	0	0	0	0	0	0	0	0	0	0	0	0	0	0
Actinotignum timonense	0	0	33	0	0	0	0	0	0	0	0	0	0	0	0	207	0	0	0	0	0	0	0	0	0	0	0	0	0	0	0	0	0	0	0	0	0	0	0	32	0	0	0	0	0	0	0	0	0	0	0	0	0	0	0	0	0	0	0
Actinotignum urinale	0	0	29	0	0	0	0	0	0	0	0	0	0	0	0	0	24	0	0	14	0	0	0	0	0	0	0	0	0	0	0	0	0	0	0	0	0	0	0	0	0	0	0	0	0	0	0	0	0	0	0	0	0	0	0	0	0	0	38
Acutalibacter muris	56	49	460	19	79	58	178	10	129	185	30	31	453	53	128	167	462	0	54	21	22	80	34	0	66	64	36	148	64	86	59	19	0	57	13	20	1280	228	36	35	143	57	1031	0	211	45	11	75	31	306	310	52	85	43	30	36	21	192	1192
Adlercreutzia equolifaciens	120189	24979	446	26915	34149	16521	17230	89	172	54022	22470	130	2732	1075	375	949	0	68	401	781	125	18	1788	728	20383	7249	37	81469	4982	17	11969	1622	78	17922	0	157	19	8709	47969	29205	2591	14865	1969	14	24445	32	8234	867	22	30213	18462	853	249	5667	1278	8561	4581	3603	5014
Adlercreutzia hattorii	361096	53244	505	62502	36316	20823	22790	185	300	76731	11182	236	5410	1859	2956	1257	21	142	4500	2083	163	60	2967	1187	43182	34879	100	181398	22077	0	52501	63824	198	27885	0	435	43	9486	51771	275635	2041	32660	3494	32	43076	99	32499	1392	87	56405	39626	1433	957	11631	3494	11454	96286	14827	17343
Aedoeadaptatus ivorii	0	0	0	0	0	13	0	0	0	0	0	0	32	0	0	0	0	0	0	0	0	0	0	0	0	0	0	0	0	0	0	0	0	0	0	0	0	0	0	0	0	0	0	0	0	0	0	0	0	0	0	0	0	0	0	0	0	0	0
Aerococcus urinae	0	0	0	0	0	0	0	0	0	0	0	0	0	0	0	0	0	0	0	14	0	0	0	0	0	0	0	0	0	0	0	0	0	0	0	0	0	0	0	0	0	0	0	0	0	0	0	0	0	0	0	0	0	0	0	0	0	0	0
Aeromonas caviae	0	0	0	0	0	0	0	0	0	0	2667	0	0	0	0	0	0	0	0	0	0	0	0	0	0	0	0	0	0	0	0	0	0	0	0	0	0	0	0	0	0	0	0	0	0	0	0	0	0	0	0	0	0	0	0	0	0	0	0
Afonbuvirus coli	0	0	0	0	0	0	0	0	0	0	0	98	578	0	0	0	0	0	0	0	0	0	0	80	0	20190	0	0	0	0	0	0	0	2242	0	0	168	0	0	0	0	0	117	0	0	15	0	0	0	0	0	0	0	0	1148	0	0	0	0
Afonbuvirus faecalis	0	0	0	0	0	0	0	0	0	0	0	156	409	0	0	0	0	0	0	0	0	0	0	0	0	31128	0	0	0	0	0	0	0	4646	0	0	423	48	0	0	0	0	0	0	112	0	0	0	0	0	0	0	0	0	4151	0	0	0	0
Afonbuvirus intestinihominis	0	0	0	0	0	0	0	0	0	0	0	191	1399	0	0	0	0	64	0	0	0	0	0	216	0	148752	0	0	0	0	0	0	0	2891	0	111	733	0	0	0	0	0	40	0	0	0	0	0	0	0	0	0	0	0	3723	0	0	0	0
Agathobacter rectalis	44696	228593	102711	1235220	1241854	8642	99441	155261	8324	19272	1258901	2826	11945	220607	601218	11094	15524	4897	105430	35419	3139	252504	82137	49903	387159	59023	1267036	1146951	92101	37825	385390	532780	133662	3034380	8777	480014	18677	2290432	718762	9690	11651	838472	18939	278987	84618	517487	1565888	277604	34155	56924	1928870	2115068	1105930	32422	700251	43389	648333	20337	14912
Agathobaculum massiliense	12062	423	4711	1475	907	1973	1386	53	241	2695	847	0	1572	860	1163	440	0	0	660	301	1922	1349	17911	4678	2133	2985	2265	5900	460	2865	1014	1107	4666	1314	749	489	7889	1041	831	5316	418	921	160	1603	1257	3728	1464	937	4758	2653	1524	477	361	574	1367	847	379	618	1127
Agathobaculum sp. NTUH-O15-33	807	51	1853	12	17	703	1122	0	991	19	40	0	0	428	133	0	11	0	0	259	0	0	222	19	0	77	0	17	379	308	0	34	125	0	0	16	514	0	709	15	0	140	23	79	17	0	11	120	0	1153	54	86	2687	352	175	98	0	255	0
Aggregatibacter actinomycetemcomitans	0	30	0	0	0	0	0	0	0	0	163	0	0	0	0	0	0	0	0	0	0	0	0	0	0	0	0	0	0	0	0	0	0	0	0	0	0	0	0	0	0	0	0	0	0	0	0	0	0	0	0	0	0	0	0	0	0	0	0
Aggregatibacter aphrophilus	0	173	0	0	0	0	0	0	0	0	1541	35	0	0	0	0	0	240	0	0	0	0	0	0	0	0	0	0	0	29	0	16	0	0	0	0	195	51	0	0	72	0	0	101	0	0	0	0	0	22	0	0	0	0	0	0	23	1258	0
Aggregatibacter segnis	0	0	83	0	0	0	0	0	0	0	156	0	0	0	0	0	0	0	0	0	0	0	0	0	0	0	0	0	0	0	0	0	0	0	0	0	0	0	0	0	0	0	0	0	0	0	0	0	0	0	0	0	0	0	0	0	0	17	0
Aggregatibacter sp. 2125159857	0	129	0	0	0	0	0	0	0	0	37	0	0	0	0	0	0	0	0	0	0	0	0	0	0	0	0	0	0	0	0	0	0	0	0	0	0	65	0	0	0	0	0	0	0	0	0	0	0	0	0	0	0	0	0	0	0	41	0
Aggregatibacter sp. HMT-949	0	0	0	0	0	0	0	0	0	0	0	0	0	0	0	0	0	0	0	0	0	0	0	0	0	0	0	0	0	0	0	0	0	0	0	0	17	32	0	0	0	0	0	0	0	0	0	0	0	0	0	0	0	0	0	0	0	0	0
Aggregatibacter sp. Marseille-P9115	0	0	0	0	0	0	0	0	0	0	0	0	0	0	0	0	0	0	0	0	0	0	0	0	0	0	0	0	0	0	0	0	0	0	0	0	138	0	0	0	0	0	0	0	0	0	0	0	0	0	0	0	0	0	0	0	0	0	0
Aggregatibacter sp. oral taxon 513	0	152	0	0	0	0	0	0	0	0	62	0	0	149	0	0	0	0	0	0	0	0	0	0	0	0	0	0	0	0	0	0	0	0	0	0	0	0	0	0	0	0	0	0	0	0	0	0	0	97	0	0	0	0	0	0	0	0	0
Agrobacterium rosae	0	0	0	0	0	0	0	0	0	0	0	0	0	0	1193	0	0	0	0	0	0	0	0	0	0	0	0	0	0	0	0	0	0	0	0	0	0	0	0	0	0	0	0	0	0	0	0	0	0	0	0	0	0	0	0	0	0	0	0
Agrobacterium tumefaciens	0	0	0	0	0	0	0	0	0	0	0	0	0	0	19	0	0	0	0	0	0	0	0	0	0	0	0	0	0	0	0	0	0	0	0	0	0	0	0	0	0	0	0	0	0	0	0	0	0	0	0	0	0	0	0	0	0	0	0
Agrococcus beijingensis	0	0	0	0	0	0	0	0	0	0	0	0	0	0	0	0	0	0	0	0	0	0	0	0	0	0	0	0	0	0	0	0	0	0	0	0	0	0	0	0	0	0	0	0	0	0	0	0	0	0	42	0	0	0	0	0	0	0	0
Akkermansia biwaensis	348	260	388	704	913	1839	224	420	202	212	393	694	815099	454	251	0	77	26	0	104	0	13	311382	17	0	12	33	0	0	0	28	0	12	19	0	0	10	13	49	0	0	0	16	26	0	0	0	0	31	0	0	0	0	0	0	0	0	0	0
Akkermansia glycaniphila	0	0	0	0	10	0	0	0	0	0	0	0	0	0	0	0	0	0	0	0	0	0	0	0	0	0	0	0	0	0	0	0	0	0	0	0	0	0	0	0	0	0	0	0	0	0	0	0	0	0	0	0	0	0	0	0	0	0	0
Akkermansia massiliensis	0	0	0	0	0	188963	0	0	0	0	0	0	88	0	0	0	262	0	0	0	0	0	1563	0	0	0	0	0	0	0	0	0	0	50	0	0	0	0	11279	0	0	0	0	0	0	0	0	308	0	0	0	0	0	0	0	0	0	0	66268
Akkermansia muciniphila	598	7720	51318	700	235126	34906	22486	512	568912	11104	1048	475	3810	1300	12775	1624	187239	5560	156910	96	23594	72837	6493	18890	9932	77788	462	270	204	168561	147	1981	128958	14868	74	1716	450	99449	446	914	45341	55660	169421	214	271	1191546	421	145	167	106646	190	310	537	18113	11710	328518	62822	215	1452
Akkermansia sp. AE01SA01	0	0	1426	0	0	0	0	0	0	0	0	0	6834	38	0	0	311	307	0	1017301	0	59	6538	106	0	88	248	0	0	0	103	0	27	0	0	0	0	0	90	0	64	61	0	79	0	0	0	0	0	0	0	0	0	0	0	0	0	0	0
Akkermansia sp. BCRC 18949	0	0	0	0	0	6436	0	0	0	0	0	0	245	0	0	0	0	0	0	0	0	0	677	0	0	0	0	0	0	0	0	0	24	0	0	0	0	0	6111	0	0	0	0	0	0	0	0	0	0	0	0	0	0	0	0	0	34	0	0
Akkermansia sp. EB-AMDK43	0	0	0	0	0	318300	0	0	0	0	0	0	0	0	784	0	0	0	0	0	0	0	0	0	0	0	0	0	0	0	0	0	6247	0	0	0	0	0	0	0	0	0	0	0	0	0	0	0	0	0	0	0	0	0	0	0	0	0	0
Akkermansia sp. JRP_AM1	616	573	0	0	452	525736	559	0	192	425	0	0	10487	0	50	143	0	0	377	5384	748	0	9288	748	0	335	343	54	75	1258	0	0	132	0	0	0	141	0	0	64	0	236	448	0	60	6463	0	23516	0	1797	50	0	0	0	0	3110	0	91	101342
Akkermansia sp. N21116	0	0	0	0	0	0	0	0	26	0	0	0	23	0	0	0	140	0	0	0	0	0	159	0	0	0	0	0	0	0	0	0	0	0	0	0	0	0	0	0	0	0	0	0	0	0	0	0	0	0	0	0	0	0	0	0	0	0	0
Akkermansia sp. RCC_12PD	0	0	0	0	0	0	0	0	0	0	0	0	5589	0	0	0	179	0	0	2796	0	0	16979	0	0	0	0	0	0	0	0	0	0	0	0	0	0	74	0	0	0	0	0	0	0	0	0	0	0	0	0	0	0	0	0	0	0	0	0
Alexandravirus SNUABM17	0	0	0	0	0	0	0	0	0	0	0	0	0	0	0	0	0	0	0	0	0	0	0	0	0	0	0	0	0	0	0	0	0	0	0	0	0	0	0	0	0	0	0	363	0	0	0	0	0	0	0	0	0	0	0	0	0	0	0
Alexandravirus SNUABM32	0	0	0	0	0	0	0	0	0	0	0	0	0	0	0	0	0	0	0	0	0	0	0	0	0	0	0	0	0	0	0	0	0	0	0	0	0	0	0	0	0	0	0	41	0	0	0	0	0	0	0	0	0	0	0	0	0	0	0
Aliarcobacter butzleri	0	0	0	0	0	0	0	0	0	0	0	0	0	0	0	0	0	0	0	19	0	0	0	0	0	0	0	0	0	0	0	0	0	0	0	0	0	0	0	0	0	0	0	0	0	0	0	0	0	0	0	0	0	0	0	0	0	0	0
Alistipes communis	4393	26228	75624	68314	3793	102254	1863	52089	14688	2010	18390	503	11411	51765	66269	7530	351	209	51437	41802	50093	16918	1104	14142	80696	1796	224	15247	66787	1864	19741	5603	1157	6015	435	13544	16796	10893	16378	14402	433965	31477	37982	123	52734	4808	7220	30821	29	350	4668	116	36004	40215	3264	40706	206	3512	22985
Alistipes dispar	185	362	9956	2107	167	67	37	1573	451	37	41	12894	327	3641	41232	22	30296	0	7038	441	110	167	17	913	2301	18973	27	11249	2224	731	52	218	59	119	0	0	24	282	24	552	2487	69	570	0	107	188132	544	1254	17	4396	51	93	64	430	1257	66	49	397	1239
Alistipes finegoldii	411433	9664	16387	4352	44797	2660	3028	87019	5921	3323	17183	505	2273	48539	439816	13289	189	366	5011	2030	51777	41422	20116	24969	1618	6793	2354	3497	7411	51031	38058	1563	50273	5634	94	11599	11616	2076	285090	6421	1122624	10728	8102	201	7905	1052	10758	3965	30	12800	1109	6450	6000	160863	59112	2345	92734	49979	30172
Alistipes ihumii	202	5415	263	8324	33993	86888	68289	283	88773	25568	1721	189	64778	7723	107088	22606	10	86	97	119	26153	26649	42813	27	67314	1368	31	50993	5146	0	49	2367	18	1264	10	51	21	17	5359	6644	71966	1044	299	18	48144	7136	7048	9369	30	15	28	507	6844	6495	11	8344	54	30	0
Alistipes indistinctus	103	3442	3595	2404	304	36605	3176	4931	12261	153	198	76	140918	2042	108	13687	30	329	13635	30203	9604	30038	192958	6810	355	1245	81	34127	3300	16	203	30	51	62	10	23	1126	832	6435	14322	11043	1530	34841	34	2890	53	450	2445	0	570	0	34	4195	30218	277	1113	4308	24	4559
Alistipes megaguti	5184	328	158	1357	176	347	763	201	43	26	296	116	28	319	6813	60	19	0	124	180	45	79	0	92	333	58	604	288	2200	3713	2027	1227	11	51	0	23	0	273	426	49	545	29	63	0	1168	101	31	360	0	256	103	0	304	280	306	361	48	37	154
Alistipes onderdonkii	8819	115755	1073378	119276	13281	1644486	446225	2463175	200374	2581	23424	2403	239722	50770	7723	12685	756	1509	48990	145330	179623	8795	443917	420122	17335	86125	1102	86170	218128	3289	123103	46979	6681	4969	162	6425	400940	4978	458808	113263	53211	206946	36753	260	268129	21210	24459	84688	231	720761	16085	899	29180	191877	8322	31637	876	100816	719743
Alistipes putredinis	586065	465847	542916	778086	659703	263966	502817	1652	15057	1877	90324	12535	146063	361532	893038	20680	261	1950	2224	128090	143202	130831	87353	325093	435109	130727	971	170427	278354	191258	604	288529	40200	117610	159	55979	1367	89251	128107	541634	84255	323262	54657	293	180305	404	60447	217884	382	375	220176	28156	30811	545295	160014	76218	300	193089	117273
Alistipes senegalensis	3969	19796	3963	1458	1597	30709	10882	43629	175	1266	180	55	5702	3202	7657	1388	140	41	26092	10695	3783	9030	731	12901	11200	184	54	768	10555	4661	868	1001	1997	5907	69	3356	3371	23891	10983	19161	15336	24485	6914	0	1272	2572	5753	258	63	465	12785	113	16994	10732	9359	513	6831	6165	7709
Alistipes shahii	217791	102311	212937	175361	383775	82266	219157	33352	1301	221394	3914	1694	197718	186594	1015433	24969	212	2155	30416	35183	86868	275927	17149	349862	153588	4066	842	85332	109873	76029	51933	20943	18467	26226	117	38158	65589	42289	140570	142347	293219	55817	90110	184	70925	5911	18625	113651	151	2181	81626	2434	90239	155406	31163	38411	11874	10508	28118
Alistipes sp. dk3624	0	36	24561	18	134	134	107	19	105	137	23	20	60	20075	27	510	10	235	45260	14689	47	11162	6176	40	61	22	44	82	14546	16	13213	4538	11888	10	0	553	14	886	34440	12666	31	8415	19	10	23	12	41	31	0	17	57	678	526	50285	1038	0	11	18	3300
Alistipes sp. i18-0019-D1	587	180	247	157	360	611	720	463	44	229	32752	19	906	313	2206	244	0	0	3846	103	180	180	25	602	381	29	0	177	227	228	878	33	167	372	0	30	77	251	850	328	5845	249	154	0	210	153	184	53	0	678	71	0	385	1547	240	214	160	37	385
Allocoprobacillus halotolerans	92	11	11	531	0	7263	1374	1462	24	18	0	169	203	0	10	0	14	0	0	14	13	0	200	0	675	0	0	194	574	12	0	0	69	3713	53	214	304	384	684	161	0	0	0	0	29	8058	0	0	31	0	0	0	0	0	364	0	0	13	0
Alloscardovia omnicolens	0	0	0	0	0	176	109	0	10	0	0	0	0	0	0	0	0	0	0	0	0	0	10	0	0	0	0	0	0	0	0	0	0	0	0	0	0	0	0	0	0	0	0	0	0	0	0	13	0	0	0	0	0	0	0	69	0	0	0
Amedibacterium intestinale	620	220	0	12	13	118	49	88	21	332	0	0	664	91	123	56	83	0	159	15	23	0	510	164	61	78	93	43	112	64	435	16	133	34	51	0	109	154	128	159	194	259	280	264	543	64	77	205	598	0	0	112	0	44	44	28	0	0	72
Aminipila luticellarii	18	0	0	0	11	2025	0	0	0	0	0	0	54	22	77	0	0	0	34	47	42	0	0	0	31	0	0	0	0	96	0	0	0	0	35	0	0	0	128	0	0	0	19	0	19	0	0	1094	0	0	35	0	0	187	0	0	0	19	106
Amygdalobacter indicium	0	0	0	0	0	0	0	0	0	0	0	0	0	0	0	0	0	0	0	0	0	0	0	0	0	0	101	0	0	0	0	0	0	0	0	0	0	0	0	0	0	0	0	0	0	0	0	0	0	0	0	0	0	0	0	0	0	0	0
Amygdalobacter nucleatus	407	16	0	154	60	28	11	0	0	0	0	0	0	18	10	12	0	0	0	17	0	0	48	0	16	0	0	0	0	0	0	0	0	0	0	56	0	0	18	0	15	0	40	0	0	0	79	0	11	0	50	40	0	13	11	14	43	0	26
Anaerobutyricum hallii	747634	258835	333597	212885	340814	93558	219319	90525	7068985	145486	119752	4355	79445	189602	173016	129989	161446	13307	322287	13496	103867	141088	85635	51551	113818	76931	79072	757624	95577	2004	123799	61591	142084	148640	18696	229948	143431	278150	226866	691650	25163	68864	121921	208193	259256	229356	153702	116908	29738	469367	141962	73078	44790	72973	71812	80914	8852	55769	39612
Anaerococcus degeneri	0	0	0	0	0	0	0	0	0	0	0	0	0	0	0	0	0	0	0	0	0	0	0	0	0	0	0	0	0	0	0	0	0	0	0	0	0	0	0	0	0	0	1479	0	0	0	0	0	0	0	0	0	0	0	0	0	0	0	0
Anaerococcus mediterraneensis	0	0	0	0	0	0	0	0	0	0	0	0	0	0	0	55	0	0	0	116	0	0	0	0	0	0	0	0	0	0	0	0	0	0	0	0	0	0	0	0	0	0	0	0	0	0	0	0	0	0	0	0	0	0	0	0	0	0	0
Anaerococcus nagyae	0	0	0	0	0	0	0	0	0	0	0	0	0	0	0	14	0	0	0	0	0	0	0	0	0	0	0	0	0	0	0	0	0	0	0	0	0	0	0	0	0	0	0	0	0	0	0	0	0	0	0	0	0	0	0	0	0	0	0
Anaerococcus obesiensis	0	0	0	0	0	0	0	0	102	0	0	0	0	87	0	132	0	0	0	315	0	0	0	0	0	0	0	183	0	0	0	0	0	0	0	71	0	0	0	0	0	0	0	0	0	0	0	0	0	0	0	0	0	62	0	0	0	0	0
Anaerococcus prevotii	0	0	0	0	0	0	0	0	0	0	0	0	54	0	0	19	0	0	0	23	0	0	0	0	0	0	0	15	0	0	0	0	0	0	0	0	0	0	0	0	0	0	0	0	0	0	0	0	0	0	0	0	0	0	0	0	0	0	0
Anaerococcus vaginalis	0	0	0	0	0	68	0	0	0	0	0	0	0	91	0	125	0	0	0	142	0	0	0	0	0	0	0	86	0	0	0	0	0	0	0	74	0	0	0	0	0	0	0	0	0	0	0	0	0	0	0	0	0	0	0	0	0	0	0
Anaerofustis stercorihominis	13	20	0	0	0	797	18	64	3167	0	20	0	32	0	0	0	0	0	95	67	0	0	213	39	0	0	0	55	0	0	0	0	0	0	17	0	0	0	13	0	0	0	0	0	0	1381	0	0	528	162	0	0	0	0	0	112	43	487	1442
Anaeropeptidivorans aminofermentans	0	0	0	0	0	0	0	0	2181	0	0	0	0	0	0	0	0	0	264	1639	0	0	0	0	0	0	0	0	0	0	0	0	0	0	0	0	0	0	0	0	0	0	28	0	0	0	0	0	0	0	0	0	0	0	0	0	0	0	0
Anaerostipes caccae	2136	69	69	272	33	935	179	1742	508	289	214	5750	596	0	0	1082	3272	30	16	123	1564	73	1323	128	0	3867	77	172	23	269	58	25	68	58	134987	15	14	22	83	13186	38	29	21	2876	144	4822	3571	142	2176	1489	0	31	41	0	0	0	29	0	272
Anaerostipes hadrus	216539	266184	525031	42009	153731	312266	54612	2869531	6952	22018	237753	2239	144723	110404	177909	47193	456460	10300	17811	23567	100154	517861	646344	22871	27414	150102	282219	111546	69204	84922	84404	14320	91162	342382	3424	747727	1328023	106893	333928	1374917	29168	75016	6403	698751	35438	166456	71813	142833	41465	996	22452	48248	53766	18954	17427	9629	24252	13989	29787
Anaerostipes rhamnosivorans	0	0	0	0	0	0	0	19	17	0	0	0	0	0	0	0	0	0	0	0	0	0	0	0	0	0	7107	0	0	0	0	0	0	0	390	0	0	0	0	0	0	0	0	0	0	13	0	0	0	153	0	0	0	0	0	0	0	0	0
Anaerostipes sp. PC18	163	0	0	0	0	19	12	62	4547	0	296	19	48	55	0	0	59	0	0	0	0	0	0	0	0	0	0	0	0	0	0	0	0	0	530	0	108	0	20	83	0	0	0	13	0	1970	62	0	480	21267	52	0	0	13	0	0	0	0	0
Anaerotignum propionicum	0	0	0	0	21	0	0	0	0	24	20	0	0	0	0	0	0	0	0	0	0	19	0	0	21	0	0	0	0	0	0	0	42	0	0	0	0	0	0	35	124	0	0	0	0	0	0	0	0	0	0	0	0	0	0	0	0	0	0
Anaerotignum sp. MB30-C6	0	0	0	0	18	0	0	0	0	0	0	0	0	0	0	0	0	0	0	36	0	0	0	0	0	0	0	0	0	0	0	0	0	0	0	0	0	0	0	0	0	0	0	0	0	0	0	0	0	0	0	0	0	0	0	0	0	0	0
Anaerotruncus colihominis	6363	4903	9316	4582	27906	11819	21720	1147	678	7406	2914	351	19508	4770	4862	2618	651	162	2473	772	8699	5578	3651	9240	8048	2930	569	4522	2539	2648	1270	1631	6748	2046	4764	1031	12390	1367	3751	5183	2827	2368	2279	978	3770	4549	2746	5261	3263	28345	2376	1491	4746	10608	1204	2775	2043	963	861
Anoxybacillus flavithermus	0	0	0	0	0	0	0	0	0	0	0	0	0	0	0	0	0	0	0	0	0	0	0	0	0	0	0	0	0	0	0	0	0	0	0	0	0	0	0	55	0	0	0	0	0	0	0	0	0	0	0	0	0	0	0	0	0	0	0
Anoxybacterium hadale	0	0	0	0	0	0	0	0	0	0	0	0	0	0	0	0	0	0	0	11	0	0	0	0	0	0	0	0	0	0	0	0	0	0	0	0	0	0	0	0	0	0	0	0	0	0	0	0	0	0	0	0	0	0	0	0	0	0	0
Aquipseudomonas alcaligenes	0	0	0	0	0	0	0	0	0	0	0	0	0	0	0	0	0	0	0	0	0	0	0	0	0	0	0	0	0	0	0	20	0	0	0	0	0	0	0	0	0	0	0	0	0	0	0	0	0	0	0	0	0	0	0	0	0	0	0
Arabiibacter massiliensis	11	0	0	0	0	11	0	0	0	0	0	0	0	0	0	0	0	0	0	0	0	0	0	0	0	0	0	25	0	0	0	0	21	0	0	0	0	0	0	0	0	0	0	0	0	0	0	0	34	13	0	0	0	0	0	0	0	0	0
Arachnia propionica	24	37	151	0	20	0	0	0	0	26	13	0	0	220	15	28	0	24	0	0	22	0	0	24	12	35	0	18	17	0	0	0	18	0	213	0	99	252	0	0	0	0	0	156	30	0	0	31	24	14	0	44	20	0	0	0	0	51	0
Arachnia rubra	68	0	0	0	26	0	0	0	0	0	14	0	0	0	0	65	0	35	0	0	0	0	0	0	0	19	0	65	0	0	0	0	0	0	0	0	0	0	0	0	0	0	0	101	0	0	0	18	59	78	0	0	0	0	0	0	0	11	0
Aristaeella lactis	77	0	0	0	0	0	0	0	0	0	0	0	0	0	0	0	0	0	0	0	0	0	0	0	0	0	0	0	0	0	0	0	0	0	0	0	0	0	0	0	0	0	0	0	0	0	0	0	0	0	0	0	0	0	0	0	0	0	0
Atlantibacter hermannii	0	0	0	0	0	0	0	0	0	0	0	0	0	0	0	0	0	0	0	0	0	0	0	0	0	0	0	0	0	0	0	0	0	0	0	74	0	22	0	0	0	0	0	0	0	0	0	0	0	0	0	0	0	0	0	0	0	0	0
Atopobium sp. oral taxon 416	0	0	0	0	0	11	0	0	0	0	0	0	442	0	0	20	0	0	0	0	0	0	0	0	0	0	0	0	0	88	0	0	0	0	0	0	0	0	0	0	0	0	0	0	19	0	0	0	0	0	0	0	14	17	0	0	0	31	0
Audreyjarvisvirus AM4	0	0	0	0	0	0	0	0	0	0	0	0	0	0	0	0	0	0	0	0	0	0	0	0	0	0	0	0	0	0	0	0	0	0	0	0	0	0	0	0	0	0	0	0	0	0	0	0	0	0	0	0	0	0	0	26	0	0	0
Aurodevirus hiberniae	67	118	71	77	127	3533	44	42	55	125	60	78	4272	123608	70	0	0	0	0	0	18732	0	1267	0	39	0	0	0	0	0	0	0	0	0	0	0	0	24	0	0	2029	0	0	0	0	0	0	0	0	0	0	0	0	1848	0	0	0	0	0
Aurodevirus hominis	0	0	0	0	0	0	0	0	0	0	0	0	0	645	0	0	0	0	0	0	521	0	29	0	0	0	0	0	0	0	0	0	0	0	0	0	0	0	0	0	112	0	0	0	0	0	0	0	0	0	0	0	0	0	0	0	0	0	0
Aurodevirus intestinalis	0	0	0	0	0	0	0	0	0	0	0	0	1412	0	0	0	0	0	0	0	0	0	0	0	0	0	0	0	0	0	0	0	27	0	0	0	0	0	0	0	0	0	0	0	48	0	0	0	0	0	0	0	0	0	0	0	0	0	0
Babesia bigemina	0	0	0	0	0	0	13	0	0	0	0	0	0	0	0	0	14	0	0	0	0	0	0	0	0	0	0	0	0	0	0	0	16	0	0	276	0	13	0	0	0	0	0	568	0	0	0	22	0	0	0	0	0	807	0	20	0	21	0
Bacillus cereus	0	0	0	0	0	0	0	0	0	0	0	0	0	0	0	0	0	0	0	0	29	0	0	0	0	0	0	0	0	0	0	0	22	0	0	0	0	0	0	0	0	0	0	0	0	0	0	0	0	0	0	0	0	0	0	0	0	0	0
Bacillus paralicheniformis	22	150	69	50	105	0	0	0	0	93	0	0	0	20	0	34	0	0	0	0	16	0	0	25	35	13	104	18	266	0	25	40	0	70	0	23	0	32	0	28	0	0	0	148	104	0	23	0	0	0	0	0	0	35	0	0	51	13	45
Bacillus safensis	0	0	0	0	14	0	0	0	0	0	0	0	0	0	0	0	0	0	0	0	0	0	0	0	0	0	0	0	0	0	0	0	0	0	0	0	0	0	0	0	0	0	0	0	0	0	0	0	0	0	0	0	0	0	0	0	0	0	0
Bacteroides caccae	1496	111092	3722	273437	144195	428084	353174	20705	1034	17225	78935	610357	144093	8126	38338	198820	458835	667	43984	77922	304	114324	41976	329714	46974	77624	1250	67143	189742	373	722753	9204	44779	64701	1562	48205	110610	21790	3301	214798	79030	176415	477322	448	59552	28610	16156	8211	25034	8864	716	135	31587	44717	16229	13228	103749	359	17876
Bacteroides caecimuris	154	468	796	788	345	254	413	67	273	200	5239	388	565	8143	1204	137	591	0	713	278	186	604	410	343	188	567	410	396	1288	243	111	2840	210	46	1936	249	5807	1105	5102	745	2285	573	1058	20	168	90	40	1305	2268	611	1563	0	305	122	246	199	241	374	2248
Bacteroides cellulosilyticus	410711	82766	4725	4282	1368229	389049	1029367	272601	3328	3326689	108564	9591	52549	39397	29974	875	5074	232	247015	13288	616	12464	100909	8963	432	340	1693	21427	212932	2879	262016	923	813	241	155	261	467	76310	158008	983025	162527	394711	3765	211	46160	1908	2311	73445	1159	429	471	1732	2297	11368	6028	16885	216	29516	114976
Bacteroides difficilis	681	859	73	0	1122	28	144	1741	0	50	0	0	237	3743	329	0	149	0	32	333	119	103	214	232	0	345	5850	0	0	0	827	281	375	0	1197	212	4231	0	1147	2743	4792	52	857	0	1621	0	54	7071	90	8552	278	0	218	37	28	0	0	0	27
Bacteroides eggerthii	368391	1245	910	8464	857956	71977	611	5477	820	947	5857	83022	1916	8201	4518	332	1979	396	96	489	255109	7965	17693	152610	16251	606	871	77	1993	4685	171	916	2935	509	1148	176	77849	3100	236702	490	200	162	1387	793282	305	229352	1572	951	1777	162	50344	81	10253	20946	38841	2189	59	82	2218
Bacteroides faecis	5225	6859	640647	499332	3179	10656	693169	1958	2336	5835	5863	10257	2892	13140	248746	648	4091	211	33491	692	3256	129505	15095	25074	957	856	3097	4194	5646	188419	12666	3464	1440	441	1195	25091	473953	907	799	4690	133543	1205	688	240502	285246	170	221	2371	1102	1286	2807	286	644	81973	31457	7266	760	745	134584
Bacteroides faecium	147	179	21	44	505	257	369	34	52	50	2007	1583	884	20293	116	369	1287	0	140	114	11	304	172	155	15	49	29	131	425	25	926	124	1259	73	75	552	304	88	36917	691	804	449	1571	0	598	1338	24	280	11	386	13	11	254	87	89	0	428	0	37
Bacteroides finegoldii	1192	1189	509	7827	2899	1502	1424	5140	522	990	6292	1368	177	5825	921	46	3454	0	126	94	346	320	241	564	767	2157	0	37	199	32	423	565	448	37	3091	545	15968	115	752	984	8133	666	252	1351	331	55	33	7241	68	12203	927	0	1648	134	885	64	118	422	128
Bacteroides fragilis	299024	5293	51269	15773	8476	139519	84544	12237	172774	10805	12887	50854	16703	100822	123338	3820	210652	4715	27859	12680	24143	22116	16305	11562	32509	94900	84723	95109	71355	47112	30773	183704	1580	1956	127472	4163	85035	10239	93845	619600	5108	55514	74201	11521	1375	17887	14390	22225	36154	122665	6135	2333	3788	1839	59540	1572	2026	6515	1115
Bacteroides graminisolvens	0	0	0	0	0	0	0	0	0	0	0	0	0	0	0	0	0	0	0	0	0	0	0	0	0	0	0	0	0	0	0	0	0	0	0	0	0	0	0	0	73	0	0	0	0	0	0	0	0	0	0	0	0	0	0	0	0	0	0
Bacteroides helcogenes	15	0	0	132	0	0	0	0	91	0	42	0	26	99	0	0	0	0	0	0	0	0	0	38	66	0	0	133	1995	34	0	0	12	0	0	0	28	26	279	148	0	49	0	0	24	163	0	35	0	13	0	0	0	114	25	26	0	0	22
Bacteroides hominis	4213	44367	4525	9106	6833	2457	1726	36749	8190	124487	20510	4248	6022	24944	12934	8376	6780	0	1468	3101	11683	11204	10488	5311	2444	5175	21100	7470	21728	5359	27998	6204	3685	385	8947	6467	12494	8071	15234	46303	29910	1937	4075	2331	3570	4004	17215	27484	13125	3492	5756	214	3542	2893	11570	4345	19632	6474	457
Bacteroides humanifaecis	27052	19269	15444	13341	1352	7994	12585	17513	573	925	9078	866520	20094	26823	23457	883	27731	0	276	7559	6841	16605	11845	18628	4269	1284	53780	2308	9735	766	846	259	30448	655	2881	3602	14563	28401	3244	18821	2566	1678	3814	0	5478	1887	170	3963	114083	32019	7487	0	666	3328	2078	1979	969	4187	0
Bacteroides intestinalis	1722	127512	4527	1373	6024	1025	591	333202	512	3460	1544	3298	1466	173976	946501	2914	135	12	6634	9550	3943	1011	530	26830	109	0	33	41	2465	0	119	159	649	3549	0	20	72	966	193	4829	1428	994	22268	122	185	1006	49552	617	262	90	657	340	148	507	131	21	881	90	71300
Bacteroides luhongzhouii	1211	3353	37	203	1935	132	199	169	190	1137	192	348	29	1602	36	0	912	0	34	0	39	87	116	117	918	2712	59	21	97	206	244	126	143	41	3510	454	10209	0	1320	1517	1971	892	93	461	43	0	223	133	2181	1605	64	0	3254	144	29	47	130	0	46
Bacteroides maternus	3758	2045	426	116	1262	50	50	10332	36	19142	714	216	4486	7312	24826	438	1614	13	243	4041	127	3490	4267	2019	1956	72	16	436	1658	0	715	0	25	79	0	48	22	1052	1084	13046	2068	2726	663	152	487	1130	1445	1129	40	208	17	30	27	57	76	92	126	69	1846
Bacteroides nordii	403	171	13805	311	1535	178	233	120	103	116	205	266999	5879	1156	783	291	15	52	4041	3835	752	372	214	62	1046	44	18	134	364	1958	4265	315	2628	448	95	527	3844	266	10197	77175	73872	653	4535	18	72	30	52	7697	1057	62	168	32	2638	4902	6164	1304	1010	106	504
Bacteroides ovatus	114494	306649	265802	220666	37490	6902	11307	1233145	5025	71709	40605	240683	17384	64831	10875	3659	243392	457	12023	33882	18518	71866	16984	89766	18338	31869	306923	43499	102714	8557	862752	173077	5405	2800	158800	46227	111510	4867	28942	319117	267331	44618	18257	27259	20301	3575	17304	60526	464867	518624	43180	426	34216	13650	97011	5323	9393	15837	3482
Bacteroides phage B124-14	0	0	0	0	0	2943	108	0	0	0	0	0	0	0	0	0	0	425	0	0	0	0	0	0	0	0	0	0	0	0	0	0	0	0	0	0	0	0	0	0	0	0	442	0	0	0	0	0	0	0	0	0	0	0	0	0	0	0	0
Bacteroides phage B40-8	0	0	0	0	0	1040	41	0	0	0	0	0	0	0	0	0	0	352	0	0	0	0	0	0	0	0	0	0	0	0	0	0	0	0	0	0	0	0	0	0	0	0	210	0	0	0	0	0	0	0	0	0	0	0	0	0	0	0	0
Bacteroides pyogenes	91	868	0	111	18	149	123	0	0	97	0	0	110	237	819	25	0	0	152	31	191	59	38	48	151	52	2067	28	89	3209	71	110	35	32	0	191	42	96	249	74	313	0	78	0	68	136	29	23	493	266	37	0	23	95	224	57	28	0	0
Bacteroides salyersiae	2868	639	1380	5860	121249	137798	466167	2519	710	905	9669	985	13819	143887	4058	195	360	37	1023	33402	800	63940	19957	20092	83918	405	279	1335	954	279	3472	654	796	299	587	457	3087	78	1142	1063	854	16872	868	8114	13348	215	12397	755	104	43	79	23	392	187	188	252	37	1832	160
Bacteroides sp. A1C1	21331	39723	47278	43845	13795	13537	15689	65794	4347	4711	53799	348474	12512	7952	27542	571	9039	157	1643	4538	16011	20050	12967	47945	10525	1569	20445	2949	56669	1999	5750	935	22060	1184	7816	1500	28250	6896	28328	13813	1400	728	5109	23989	4858	3846	3583	11319	64384	16857	8064	82	5950	7531	2766	582	6918	2215	784
Bacteroides sp. BFG-257	0	0	0	0	0	0	0	3018	0	0	0	0	0	0	0	0	0	0	0	0	0	0	0	0	0	0	0	0	0	0	0	0	0	0	0	0	0	0	0	0	0	0	0	0	0	0	0	0	0	0	0	0	0	0	0	0	0	0	0
Bacteroides sp. CACC 737	9032	6145	20479	12842	1417	13658	3450	70702	1022	94	16147	350563	29962	8790	29079	4923	10529	119	10599	6080	3935	10839	7553	9380	5665	4021	88297	166	3099	2184	4076	0	13299	2504	2165	13722	15639	3899	6580	774	909	5928	3176	0	1285	506	7456	1492	40330	13525	3485	132	5569	4210	799	108	1955	4723	102
Bacteroides sp. CG01	0	36	618	0	92	0	0	885	0	0	15	7013	390	68	208	0	0	0	457	108	0	0	0	24	98	29	0	0	763	0	2757	0	1085	0	14	0	304	15	324	4046	809	15	525	0	22	0	0	181	0	0	0	0	123	273	133	99	131	0	32
Bacteroides sp. D2	4737	17356	1220	4965	210	57	212	94	837	539	75	5766	261	690	440	106	1071	0	175	415	206	1616	575	2353	287	8492	6144	0	383	153	14465	734	51	0	14415	1796	37186	48	1451	9670	12773	219	271	206	98	0	364	1396	4893	5725	491	0	7517	187	1132	43	305	47	227
Bacteroides sp. DH3716P	12683	5580	60264	4313	22888	3157	12465	631454	1002	5739	47729	7016	957	3591	573	0	7180	382	14950	2398	834	16025	3926	5819	3925	11907	716	28485	1016	4541	1798	2683	1756	0	4424	6424	4524	402	30429	8088	5975	64671	2369	15389	2039	2049	528	844	21771	4204	579	1067	1137	1133	18135	646	1750	608	1432
Bacteroides sp. HF-162	84472	3289	19246	47311	2363	1413	2267	13605	5502	18971	6899	293504	4613	12587	4324	1268	3858	0	0	2760	3258	11460	6321	33535	2580	8724	15182	3735	14578	1114	7406	1071	1918	4910	5336	519	26356	4550	11878	13404	914	23310	1524	3756	9579	956	1745	32995	12595	2592	7638	0	2418	10337	3116	999	8527	11949	5646
Bacteroides sp. KFT8	2219	24380	897	469	278	316	3678	8667	3488	328	101	2802	92	873	71	84	21296	57	81	271	108	137	106	642	467	42153	758	199	404	410	3283	734	290	133	62804	7496	192813	92	424	9246	1817	466	224	179	127	0	184	265	4201	1123	127	0	32110	279	276	120	346	171	29
Bacteroides sp. M10	500	9501	510	3398	296	19	26	759	883	131	26	1146	225	412	178	0	12091	0	360	419	90	1057	124	1277	71	11584	6503	30	1011	50	23135	772	498	122	18392	2301	49904	66	223	7399	2935	234	264	23	62	0	151	921	4326	2707	653	159	9011	45	685	0	86	224	0
Bacteroides sp. ZJ-18	0	0	0	0	0	0	0	0	0	0	0	0	0	0	0	422	0	0	0	369	668	0	0	0	0	0	0	0	0	0	0	0	0	0	0	0	0	0	0	0	0	0	0	0	0	0	0	0	0	0	0	0	0	0	0	0	0	0	0
Bacteroides stercoris	10473	6143	6581	2443950	1202938	11147	8522	1255582	132053	7874	2075991	3221134	19697	588880	552572	7363	2424	582	1123	1775	5460	1404	20422	25322	235441	971	3417	388	248560	110986	438	146639	50974	3902	230649	13494	1957249	349508	673	4470	10126	631	395	2811	23186	471	733	99937	160	944	101439	893	1825	346677	111380	14515	245	682	1154
Bacteroides thetaiotaomicron	30659	109791	104509	46095	81621	87428	29821	23118	14734	30135	64273	859068	24053	190296	20399	110909	36913	924	33852	39645	308358	10360	6159	31843	139573	111017	663803	29261	103871	102312	41600	160410	13067	5779	5162	15279	25158	10798	88642	259253	21868	15892	230727	91171	10280	8111	7155	108948	247232	221799	62106	813	22459	16115	12531	1431	103543	31867	11959
Bacteroides uniformis	1141960	1456208	1684017	383389	118882	284238	409439	1806001	112180	98071	345144	399124	1502514	889502	392821	82835	622842	5341	48132	186701	542551	1338511	1004055	1582740	225405	549543	1841652	298600	1443829	631810	1303564	2459084	133863	497100	254138	587651	1034344	380991	547062	1141878	163946	435985	325134	205780	401489	288115	333406	489980	2259359	497332	286831	8656	226596	370726	195848	28296	230751	360809	18748
Bacteroides xylanisolvens	50419	151144	73516	120053	318774	30264	115486	215388	13469	1152628	111460	136529	73810	135260	335534	5707	1759187	785	14392	12004	28742	179501	2044	17902	71545	63700	28194	20812	100418	56244	71848	741091	100838	25859	30996	37821	105115	11888	227904	87308	134179	186806	58060	135711	39485	8290	84830	64882	416449	32482	21211	2369	19534	41620	32874	39451	124478	36001	28688
Bacteroides zhangwenhongii	3369	6980	568	8770	5691	314	1806	156	693	2749	1565	1206	1994	8730	394	2824	1056	0	1374	432	98	1339	2263	847	937	6357	127	353	5157	302	1674	496	950	29	7832	2288	28834	52	3196	1399	8539	300	1036	1976	144	89	807	9789	2255	10682	507	375	4387	747	644	200	332	306	50
Bacteroides zoogleoformans	15	0	0	0	0	0	0	0	0	0	39	42	0	0	0	0	0	0	0	0	0	0	0	206	0	96	0	0	0	0	0	0	0	0	0	31	0	0	0	0	0	0	0	0	0	0	0	0	21	20	29	17	0	0	38	0	0	0	0
Barnesiella intestinihominis	1073	62037	124684	68131	695093	1194	926	667	898	625431	9267	1854	103157	1319	320833	8951	119	239	234367	14982	176	139790	5982	249345	123	63157	70500	172	229326	49081	215	66051	569	6124	84	2232	246984	22425	249097	224517	39115	143258	9812	140	164132	95959	44920	8352	120	232	126	2215	5691	71177	97095	272	73397	140567	82517
Barnesiella sp. An22	628	399	368	1981	2171	400	577	3146	69	904	19143	1231	2005	339	3672	21	320	14	237	185	759	85	80	1884	320	88	205	468	4496	6496	1673	4311	46	350	14	70	677	770	400	465	290	11439	179	91	374	909	375	1696	537	169	403	29	156	144	713	85	99	124	357
Barnesiella viscericola	203	1254	814	1118	682	598	899	14	135	213	800	629	261	128	1642	35	31	0	94	123	1977	173	113	248	80	86	0	770	490	836	142	196	0	124	0	48	178	278	383	493	2903	216	186	0	285	784	292	349	19	111	169	16	194	158	319	379	268	79	574
Berryella intestinalis	0	23	0	17	0	0	58	0	0	0	0	0	0	267	225	0	0	0	25	0	0	14	155	0	0	0	15	0	0	0	0	0	0	0	0	0	0	0	0	0	0	0	0	0	27	0	0	24	0	0	0	0	0	0	0	74	0	22	0
Bifidobacterium adolescentis	1034466	1118726	60104	267883	5928	389504	17973	2220	1675	2024	158624	2190	2089910	4185	3064	789802	313082	20273	440114	112272	24231	74405	14027	462	52115	859	15541	1953	119524	448825	310205	20138	1741	1355	2252	224671	4241	16181	512	10078	1326	34715	745486	1900	344289	207	232856	32949	1158	1227	92	576	10569	38479	6683	19194	3399	433	278
Bifidobacterium angulatum	848	341	0	46	15	11	0	0	0	0	21	0	530	10	0	72	342	0	62	138	0	91	13	0	53	0	27	119	456	231	958	0	0	0	0	55	80	10	0	1772	17	0	66	0	229	68	110	0	0	0	0	0	22	0	0	15	0	0	0
Bifidobacterium animalis	38999	0	0	0	0	0	6663	0	0	0	0	0	0	3759	0	0	2158	0	0	0	0	0	4087	0	0	0	0	0	0	0	0	0	0	0	5171	0	0	0	0	0	3951	0	0	0	0	10896	0	0	0	0	0	0	0	0	0	3619	0	0	0
Bifidobacterium bifidum	170858	57168	1085	1280	39231	143021	11551	56256	897107	802	1082	619	392862	3815	21206	130169	687	2369	929	461	91	20563	66879	39	4472	88	107	126	270	46771	52588	0	102	54	450	961	7910	33	0	38065	141	53	49512	0	148	20	74	4493	54	54	38	0	175	96740	0	75	0	105	0
Bifidobacterium breve	2383	2622	156	257	1383	445	162	1327	284473	198	234	689	6400	396	438	563	57653	1735	10519	137	69	15586	303	43	111	53	260	905	88	521	128	18	61	88	96686	78	111	156	159	1393	162	337	540	81	1813	1535	543	6175	13218	97831	63	121	126	154	25	328	72	29	158
Bifidobacterium catenulatum	1175830	4706	2163	63399	16325	12304	444	1186	410	500	2597	526	22961	454	504	3309	4656	412	719	5305	168	114208	24439	51	203	1881	7764	399	869	2681	1922	75	138	3056	85	2409	55519	91	48	495239	21862	126	7478	171	13701	69	7754	196	57	214	32	90	1244	141	58	133	61	45	79
Bifidobacterium crudilactis	0	0	0	0	0	0	0	0	0	0	0	0	0	0	0	0	46	0	11	0	0	0	0	0	0	0	0	0	0	0	0	0	0	0	0	0	0	0	30	0	0	0	0	0	0	0	20	48	11	0	0	131	0	0	0	255	26	0	0
Bifidobacterium dentium	525	817	139	718	1219	9728	215740	21110	147	163	162	141	5185	8220	76647	894	43530	99	107	66	4025	2909	62	314	711	0	26	0	346	894	122	0	22	330	73	17	91	2647	622	18	2048	0	287	0	110	161	10	336	53	16	0	57	2569	830	48	0	0	7739	0
Bifidobacterium imperatoris	0	0	0	0	0	0	0	0	49	0	0	0	0	0	0	0	0	0	0	0	0	1929	0	0	0	0	0	0	0	0	0	155	0	0	0	0	0	0	0	0	0	0	0	0	3173	0	0	217	0	0	0	0	0	0	0	0	0	0	0
Bifidobacterium longum	606842	496823	23140	53326	221001	936382	84572	1774023	2450753	23092	109961	4779	2110028	39234	87263	62103	122675	88747	54539	110948	29480	160626	10250	1787	8579	105014	3147	19856	44426	92262	287371	4171	7696	4071	5546268	40524	87639	48231	479	102428	11766	59611	77335	9362	594582	14050	111952	48349	286423	235892	877	358	3049	22937	2344	14529	10449	464	3050
Bifidobacterium pseudocatenulatum	127022	13633	55337	10549	3023	2962	194	919	103	118	339	107	8595	1391	168	1919	127625	227	2669	15897	94	18121	187502	61	226	31264	3913	5730	3325	2044	8266	56	1735	126671	2059	10908	18787	865	52	68175	1790	60	2025	90	1348	37	18946	116	297	0	14	35	8423	122	128	32	23	0	62
Bifidobacterium pseudolongum	1035	0	0	0	0	0	0	0	0	0	0	0	0	0	0	0	0	0	0	0	0	0	0	0	0	0	0	0	0	0	0	0	0	0	0	0	0	0	0	0	0	0	0	0	0	12	0	0	592	0	0	0	0	0	0	0	0	0	0
Bifidobacterium pullorum	435	42	0	534	0	0	0	3130	0	0	15	0	0	0	0	34	0	0	22	129	20	0	0	0	275	0	0	264463	0	0	0	0	0	1090	5570	0	0	19	0	76	0	0	26	0	60	16017	89	13	1048	38	17	22	26	37	0	17	46	18	19
Bifidobacterium saguini	0	0	0	0	0	0	0	0	32	0	0	0	0	0	0	0	0	0	0	0	0	0	0	0	0	0	0	0	0	0	0	0	0	0	46	0	0	0	0	0	0	0	0	0	0	0	0	0	0	0	0	0	0	0	0	0	0	0	0
Bifidobacterium scardovii	0	0	0	0	0	0	0	0	0	0	0	0	0	0	0	32	0	144	0	0	0	0	0	0	0	0	0	0	0	0	0	0	0	0	0	0	319	0	0	0	0	0	0	0	0	0	0	0	104	21	0	0	11	0	0	19874	0	0	0
Bifidobacterium subtile	25	0	0	0	0	0	0	0	0	0	0	0	0	0	0	0	0	0	0	0	0	29	0	0	0	0	0	0	0	0	0	0	0	0	0	0	0	0	0	0	0	0	0	0	0	0	0	0	0	0	0	0	0	0	0	0	0	0	0
Bifidobacterium thermophilum	0	0	25	0	0	154	0	0	0	0	0	0	42	0	0	13	0	0	0	0	0	0	0	0	0	0	0	0	0	0	0	0	0	0	0	17	0	0	0	0	0	0	10	0	0	0	0	0	0	0	0	0	0	11	0	0	0	0	0
Bilophila wadsworthia	47035	26888	59048	19245	29463	59810	35836	4871	159638	183	5281	27230	175	21695	59830	4573	17569	992	30888	71637	48926	3354	20824	52653	16100	55078	192	13627	31854	32265	56829	19884	39609	3153	30	16231	87814	262	80830	40148	9690	32019	24937	18107	45	50	1063	5206	23	11748	27	5552	19296	46213	26576	6512	16551	108	5303
Birpovirus hiberniae	0	0	0	0	0	0	0	0	5267	0	0	0	0	0	0	0	0	0	0	0	0	0	0	0	0	0	0	0	0	0	125	0	1377	0	0	0	0	0	0	0	0	0	0	0	654	0	0	0	0	0	0	0	0	0	0	0	0	0	0
Birpovirus hominis	0	0	0	0	0	0	0	0	1851	0	0	0	0	0	0	0	0	0	0	0	0	0	0	0	0	0	0	0	0	0	177	0	557	0	0	0	0	0	0	0	0	0	0	0	1032	0	0	0	0	0	0	0	0	0	0	0	0	0	0
Blautia argi	159	117	143	537	178	116	77	53	435	84	74	51	29	100	37	85	37	0	18	15	15	51	544	119	37	67	82	368	42	69	74	63	85	23	1793	120	207	105	242	95	0	19	39	308	31	5378	68	56	106	115	163	184	19	66	17	0	16	32	106
Blautia hansenii	523	632	1393	917	2311	879	164	13	44	1140	254	558	887	964	401	427	60	37	1079	33	657	1063	1557	138	141	1427	392	1036	234	551	250	335	854	770	360	364	2156	1225	665	136	341	236	397	73039	391	5285	288	621	503	882	415	941	525	552	255	1456	280	472	1032
Blautia hydrogenotrophica	23925	3242	11447	4880	4825	10049	25021	52	4933	4643	4236	1162	14758	2257	8465	565	17	73	5670	2392	7801	1534	11208	5216	3795	1223	1123	16189	3195	2635	3759	3994	6113	1917	16	960	4267	7149	5869	4673	4209	3039	1904	7785	4165	2409	3562	1544	650	1473	1885	1483	971	5709	484	1612	2083	1745	359
Blautia liquoris	20	0	0	52	16	47	0	0	0	56	0	0	0	0	0	18	0	0	0	0	0	0	12	22	0	580	34	188	0	0	0	0	29	171	0	13	0	0	54	344	0	0	14	99	171	0	159	0	31	30	0	197	119	21	0	28	0	10	21
Blautia luti	29860	28824	52791	13092	22286	6592	41339	1281	51861	9486	22391	724	4246	9243	21282	7194	4621	98	7240	1360	2385	26865	24436	8052	12708	32290	49851	17073	5199	15769	4308	17995	17993	6669	22043	34375	1712	20385	8826	11006	4120	2686	3430	12814	5838	15495	12399	33734	7930	13700	20276	42140	11598	14022	3512	15651	8617	3296	6669
Blautia massiliensis (ex Durand et al. 2017)	480670	157122	92026	71592	155734	21395	58409	4764	420200	36922	53000	12740	157029	41353	32895	9612	7796	583	13245	6492	21876	142741	21331	17025	32861	51320	76144	153843	38104	26458	30741	16937	47610	32706	172146	35994	39017	44110	19789	58575	17688	52481	14876	56104	25571	22267	119241	20250	8363	37603	22237	25713	76490	15836	9457	9695	27962	24577	52220
Blautia obeum	310971	68970	560445	114900	331540	123263	205385	3304	41204	47519	89635	1728	181118	182263	171041	190631	18817	10603	136324	130673	142682	129833	271935	66864	199898	25236	54490	410709	56586	63239	16378	28123	258827	621539	87156	139167	30508	449690	33888	9215	10786	78422	209115	13095	47402	7031	79107	47236	16249	5272	237321	48950	63829	27307	94143	76822	152870	68152	376089
Blautia parvula	1615	0	875	378	444	47	187	44	822	487	0	2587	2046	0	15	71	13	107	65	2024	46	93	2296	0	0	4148	3187	37	1104	399	56	0	138	0	340	0	736	14	0	48	0	0	29	2781	0	10368	153	0	6589	2677	0	0	22	0	0	0	0	32	86
Blautia producta	2061	943	2693	595	2038	1390	998	780	2318	704	377	300	1205	558	253	755	321	55	330	990	504	967	2581	647	224	839	9420	6902	2331	776	280	799	1521	742	8647	1304	337	611	2356	319	284	513	582	1583	479	757	6412	693	3525	1215	955	406	174	472	202	172	556	312	367
Blautia pseudococcoides	40	15	273	15	33	81	18	98	184	26	0	51	45	10	29	54	39	0	66	78	16	0	66	22	0	19	58	23	0	0	0	17	25	12	783	0	29	0	181	12	14	0	32	11	0	174	0	17	39	37	0	0	19	0	0	28	10	0	70
Blautia sp. SC05B48	48633	16785	27147	13274	28539	1692	6092	9794	65053	4067	6072	1674	27229	6890	3173	655	608	161	1017	943	2044	20978	3114	1855	8729	1226	12437	25862	5500	4769	5366	3809	4244	5121	10283	4265	2410	6019	2461	15632	749	4488	2192	7054	4287	3741	26161	4803	880	5182	2121	2722	3062	1709	835	632	6188	1800	14961
Blautia wexlerae	642577	615038	420410	437016	903257	320579	41754	75609	597339	484033	462118	55355	33065	359234	145721	375233	338220	9767	19477	22544	13230	172613	577159	108422	48270	2667206	817843	960650	136046	493018	109740	976056	540006	269449	2751340	147151	43705	93357	659990	623666	17929	141603	70096	1008783	121107	1114164	657451	1267257	591382	1147708	280800	369142	39567	135760	35387	18870	78166	58055	43513
Blohavirus americanus	0	0	0	0	0	0	0	0	24583	0	0	0	0	0	0	0	0	0	0	0	0	0	0	0	0	0	0	0	0	0	1698	0	3869	0	0	0	0	0	0	0	0	0	0	0	5892	0	0	0	0	0	0	0	0	0	0	0	0	0	0
Blohavirus faecalis	36	0	35	0	91	46	0	41	53481	0	58	0	28	25	0	0	0	0	0	0	0	0	0	0	0	0	0	0	0	0	2686	0	18408	0	0	0	0	0	0	0	0	0	0	0	9451	0	0	39	0	0	0	0	0	0	0	0	0	0	0
Bohxovirus oralis	0	0	0	0	0	0	0	0	0	0	0	0	0	0	0	0	0	0	0	0	0	0	27	0	0	0	0	0	0	0	0	0	0	0	0	0	0	0	0	0	0	0	0	0	0	0	0	0	0	0	0	0	0	0	0	0	0	0	0
Bordetella hinzii	0	17	0	0	0	0	0	0	0	0	0	0	0	0	0	0	0	0	0	0	0	0	0	0	0	0	0	0	0	0	0	0	0	0	0	0	0	0	0	0	0	0	0	0	0	0	0	0	0	0	0	0	0	0	0	0	0	0	0
Bosea beijingensis	0	0	0	66	61	0	0	16	645	0	0	0	0	0	0	18	0	0	167	0	0	0	0	0	0	0	0	173	0	46	0	0	0	67	0	0	0	13	0	0	0	0	21	0	0	0	0	0	0	0	149	0	0	0	0	48	0	0	0
Brachyspira pilosicoli	0	0	0	0	0	0	11	0	0	0	0	0	0	0	157	0	0	0	20	0	0	0	0	0	0	0	0	26	106	0	0	0	0	0	0	0	0	25	0	0	0	0	0	0	0	0	0	10	0	0	0	0	0	0	0	0	0	0	10
Brettanomyces bruxellensis	0	0	0	0	0	0	0	0	0	0	0	0	0	0	0	0	0	0	0	0	0	0	0	0	0	0	0	0	0	0	0	0	0	0	90	0	0	0	0	0	0	0	0	0	0	0	0	0	0	0	0	0	0	0	0	0	0	0	0
Brevibacterium aurantiacum	0	0	0	0	0	0	0	0	0	0	0	0	0	0	0	0	0	0	0	0	0	0	0	0	0	0	0	0	0	0	0	0	0	0	0	0	0	0	0	0	0	0	0	0	0	0	0	0	0	0	125	0	230	0	0	0	0	0	0
Brevundimonas sp.	0	0	0	0	0	0	0	0	0	0	70	0	0	0	0	0	0	0	0	0	0	0	0	0	0	0	0	0	0	0	0	0	0	0	0	0	0	0	0	0	0	0	0	0	0	0	0	0	0	0	0	0	0	0	0	0	0	0	0
Brigitvirus brigit	24	1974	62	113	10	43	553	0	12	0	5314	0	0	275	968	0	0	0	0	33	7088	7944	0	226	152	0	0	180	135	0	0	3447	0	1771	0	0	0	1337	0	0	1280	0	200	0	0	0	169	191	0	0	248	394	619	0	2537	67	0	0	172
Brochothrix thermosphacta	0	0	0	0	0	0	0	0	0	0	26	0	34	0	0	0	0	0	0	0	0	0	0	0	0	0	0	0	0	0	0	0	0	0	0	0	0	0	0	0	0	78	0	1023	0	0	0	0	0	0	0	0	0	0	0	0	0	0	0
Brussowvirus TP778L	0	0	0	0	0	0	0	0	0	0	0	0	0	0	0	0	0	0	0	0	0	0	0	0	0	0	121	0	0	0	0	0	0	0	0	0	0	0	0	0	0	0	0	0	0	0	0	0	0	0	0	0	0	0	0	0	0	0	0
Brussowvirus VS2018a	0	0	0	0	0	0	0	0	0	0	0	0	0	0	0	0	0	0	0	0	0	0	0	0	0	0	0	0	0	0	0	0	0	0	0	0	0	0	0	0	0	0	0	0	0	0	0	140	0	0	0	0	0	0	0	0	0	0	0
Buchavirus coli	0	0	0	0	0	0	0	0	0	0	0	0	0	141	0	0	0	0	0	0	462	0	0	0	0	2371	969	0	0	0	0	0	0	0	0	0	0	0	0	0	0	0	0	0	0	0	743	0	0	0	0	0	0	0	0	0	0	0	0
Buchavirus copri	0	0	0	0	0	0	0	0	0	0	0	0	0	15	0	0	0	0	0	0	0	0	0	0	82	0	62	0	0	0	0	0	0	0	0	0	0	0	0	0	127	0	0	0	0	0	4484	0	0	0	0	0	0	0	0	0	0	0	0
Buchavirus faecalis	0	0	0	0	0	0	0	0	0	0	0	0	0	0	0	0	14	0	0	0	0	0	0	0	4447	0	0	0	15	0	0	0	0	0	0	0	0	64	0	0	0	0	0	0	0	0	1249	0	0	0	0	0	0	0	0	0	0	0	0
Buchavirus hiberniae	0	0	0	0	0	0	0	0	0	0	0	0	0	0	0	0	0	0	0	0	3229	0	0	0	474	27731	417	0	156	0	0	0	0	0	0	0	0	0	0	0	449	0	0	0	0	0	78	0	0	0	0	0	0	0	0	0	0	0	0
Buchavirus hominis	0	0	0	0	0	0	0	0	0	0	0	0	0	25	0	0	0	0	0	0	43	0	0	0	188	149	108	0	0	0	0	0	0	0	0	0	0	0	0	0	0	0	0	0	0	0	86	0	0	0	0	0	0	0	0	0	0	0	0
Buchavirus intestinalis	0	0	0	0	0	0	0	0	0	0	0	0	3431	0	0	0	0	0	0	0	0	0	0	0	0	0	0	0	0	0	0	0	0	0	0	0	0	0	0	0	696	0	0	0	3343	0	0	0	0	0	0	0	0	146	15	0	0	0	0
Buchavirus oralis	0	22	0	0	0	0	0	0	0	0	0	0	0	0	0	0	0	0	0	0	569	16	0	0	270	5281	866	0	0	0	0	0	0	0	0	0	0	0	0	0	0	0	0	0	0	0	519	0	0	0	0	0	0	0	0	0	0	0	0
Buchavirus splanchnicus	0	0	0	0	0	0	0	0	0	0	0	0	0	0	0	0	0	0	0	0	539	0	0	0	0	797	766	0	0	0	0	0	0	0	0	0	0	0	0	0	0	0	0	0	0	0	488	0	0	0	0	0	0	0	0	0	0	0	0
Bulleidia sp. zg-1006	369	0	0	0	0	0	15	0	0	0	0	0	0	0	0	15	0	0	0	0	0	0	0	0	14	0	0	0	0	0	0	0	0	0	0	0	0	0	0	0	0	0	0	127	0	0	0	0	0	0	17	409	52	0	0	0	0	0	0
Buorbuivirus hominis	0	0	0	0	0	35	0	0	0	0	0	0	1929	1384	0	0	0	0	0	0	479	0	0	0	0	0	0	0	0	0	0	0	0	0	0	0	0	433	0	0	0	0	0	0	0	0	0	0	0	0	0	0	0	38	0	0	0	0	0
Burkholderia multivorans	0	0	0	0	0	0	0	0	0	0	0	0	0	0	0	0	0	0	0	0	0	0	0	0	0	0	0	0	0	0	0	0	0	0	0	0	0	0	0	0	0	17	0	0	0	0	0	0	0	0	0	0	0	0	0	0	0	0	0
Burzaovirus coli	0	0	0	0	0	0	0	0	0	0	0	0	0	0	0	75942	0	0	0	0	0	0	0	0	75	0	0	0	0	0	0	0	0	89	0	80391	0	0	0	0	0	0	10381	0	0	0	0	0	0	0	0	0	0	0	66	0	0	94187	50
Burzaovirus faecalis	0	0	0	0	0	0	0	0	0	0	0	0	0	0	0	16939	0	0	0	0	0	0	0	0	0	0	0	0	0	0	0	0	0	0	0	6176	0	0	0	0	0	0	3051	0	0	0	0	0	0	0	0	0	0	0	0	0	0	12643	0
Burzaovirus intestinihominis	0	0	0	0	0	0	0	0	0	0	0	0	0	0	0	215356	0	0	0	0	0	0	0	0	0	0	0	0	0	0	0	0	0	0	0	3718	0	0	0	0	0	0	35696	0	48	0	0	0	0	0	0	0	0	0	0	0	0	25737	0
Butyricicoccus porcorum	152	972	69	61	98	281	280	233	291	173	1688	0	74	346	230	758	27	0	314	138	344	186	131	128	89	78	215	1941	88	690	17	65	287	56	86	136	0	524	74	89	192	676	402	106	189	0	77	155	39	553	35	193	354	149	18	617	270	416	62
Butyricicoccus sp. GAM44	0	232	781	134	109	0	34	15	0	506	1229	200	45	251	37	0	47	0	0	0	0	912	109	0	27	1281	22	19	53	283	88	17	252	156	0	659	66	932	39	1019	39	0	0	2040	912	0	52	674	16	0	228	524	58	31	51	132	34	80	502
Butyricimonas faecalis	96	48	367	1316	809	308	255	21	40	4682	422	29	223	307	467	236	2258	0	1365	239	9905	471	720	58457	40	42	35	63	435	56	38150	55	756	62	46	50	377	64	301	309	514	221	713	14	51	21	18	321	0	0	562	933	1773	18367	213	98	0	147	1955
Butyricimonas faecihominis	111	12584	110	40328	32002	6340	9368	54	6674	95	10965	148	74746	9617	5299	140	0	0	52805	987	6584	35240	24252	1505	110	89	115	124	1131	0	101	93	274	27	0	57	390	1762	27	49528	5572	4188	3110	31	7143	24	37	513	142	1013	8407	63	498	16918	481	98	303	17	131
Butyricimonas paravirosa	287	4088	144	687	7538	82073	119208	77	82	82	4478	193	10438	3327	63215	506	0	0	8168	1551	2690	9438	6316	3253	170	182	171	411	14782	28	1233	10488	365	45	0	99	1386	1426	22	14277	2491	9336	15304	0	77	0	14	1146	0	0	24	17	4200	2108	210	402	17	19	376
Butyricimonas virosa	2239	4688	91	49638	1355	1175	1714	1350	1520	71	9595	619	2181	25837	21399	20301	3503	79	12849	21852	59302	11426	11804	48436	712	1691	64	4293	1344	0	907	65	8483	3043	56	6620	21921	1796	22	23271	42546	10287	84465	374	17	24	1347	7588	19	571	20	154	14750	18284	10121	6792	26	16	7967
Butyrivibrio fibrisolvens	0	0	0	0	0	0	40	0	0	0	0	0	0	25	0	0	168	0	15	0	0	0	0	0	0	0	0	0	0	0	0	0	0	196	0	0	0	0	0	0	0	0	0	0	0	0	19	51	0	23	0	20	15	0	0	2832	0	0	165
Butyrivibrio hungatei	0	0	0	0	0	0	0	0	0	0	0	0	0	0	16	0	0	0	0	0	0	0	0	0	0	0	0	0	0	0	0	0	0	0	0	0	0	0	0	0	0	0	0	0	0	0	0	0	0	0	0	0	0	0	0	0	0	0	0
Butyrivibrio proteoclasticus	0	0	0	0	0	0	0	0	0	0	0	0	0	0	0	0	0	0	12	0	0	0	0	0	0	0	0	0	0	0	0	0	0	0	0	0	0	0	0	0	0	0	0	0	0	0	0	0	0	0	0	0	0	0	0	0	0	0	0
Butyrivibrio sp. JL13D10	187	153	69	17	0	0	0	0	0	0	0	0	324	13	65	0	34	0	18	0	0	48	0	0	17	0	120	46	82	0	0	40	0	0	0	0	0	22	38	0	0	61	0	0	121	0	0	51	35	18	0	0	27	0	0	0	16	17	165
Campylobacter coli	0	220	0	0	0	0	24	0	0	0	0	0	113	0	0	0	0	0	287	0	0	0	0	0	0	0	0	128	0	0	0	0	0	0	0	0	0	0	0	0	0	0	0	0	0	0	0	0	0	254	0	0	0	0	0	83	0	0	0
Campylobacter concisus	0	26	0	0	0	0	145	12	0	0	66	21	0	59	58	0	0	31	0	0	0	0	0	0	0	0	0	0	0	0	19	0	0	0	0	0	16	19	0	0	1415	0	0	0	0	0	0	0	86	48	0	0	0	0	0	28	0	16	0
Campylobacter corcagiensis	0	0	0	0	0	0	0	0	0	0	0	0	0	0	0	0	0	0	0	407	0	0	0	0	0	0	0	0	0	0	0	0	0	0	0	0	0	0	0	0	0	0	0	0	0	0	0	0	0	0	0	0	0	0	0	0	0	0	0
Campylobacter curvus	0	0	0	0	0	0	0	0	0	0	0	0	0	0	0	0	0	0	0	0	0	0	0	0	0	0	0	0	0	0	0	0	0	0	0	0	0	0	0	0	12	0	0	0	0	0	0	0	0	0	0	0	0	0	0	0	0	0	0
Campylobacter fetus	0	0	0	0	0	0	0	0	0	0	0	0	0	0	0	0	0	0	0	3184	0	0	0	0	0	0	0	96	0	0	0	0	0	0	0	14	0	0	0	0	0	0	0	0	0	0	0	0	0	0	0	0	0	0	0	0	0	0	0
Campylobacter geochelonis	0	0	0	0	0	0	0	0	0	0	0	0	0	0	0	0	0	0	0	0	0	0	0	0	0	0	0	0	0	0	0	0	0	0	0	0	0	0	0	0	0	56	0	0	0	0	0	0	0	0	0	0	0	0	0	0	0	0	0
Campylobacter gracilis	0	43	0	0	0	0	0	0	0	0	17	0	17	323	197	0	0	15	0	0	13	0	0	11	0	0	0	0	0	0	0	0	0	0	16	0	50	34	0	0	81	0	0	0	0	0	0	58	328	3670	0	0	72	0	0	0	0	0	0
Campylobacter hominis	906	74	0	0	0	150	59	0	0	0	0	0	0	0	0	0	44	28	54	65414	0	448	0	0	0	27	69	36	0	104	73	0	0	0	0	1432	0	0	231	0	0	40	62	0	0	0	0	0	0	0	0	0	350	140	0	0	0	0	0
Campylobacter hyointestinalis	0	0	0	0	0	0	0	0	0	0	0	0	0	0	0	0	0	0	0	0	0	0	0	0	0	0	0	0	0	0	0	0	0	0	0	0	0	0	0	0	0	0	65	0	0	0	0	0	0	0	0	0	0	0	0	0	0	0	0
Campylobacter jejuni	96	0	0	28	0	0	0	0	0	0	0	0	0	0	0	0	0	0	0	0	0	0	22	60	0	0	0	0	0	0	0	0	0	0	0	0	0	0	0	0	0	0	0	0	101	0	0	0	0	0	0	0	0	0	0	0	0	0	0
Campylobacter lari	0	0	0	0	0	0	0	0	0	0	0	0	0	0	0	0	0	0	0	0	0	0	0	0	0	0	0	433	0	0	0	0	0	0	0	0	0	0	0	0	0	0	0	0	0	0	0	0	0	0	0	0	0	0	0	0	0	0	0
Campylobacter rectus	60	0	0	0	0	0	0	0	0	0	0	0	0	0	0	0	0	0	0	0	0	0	0	0	0	0	0	0	0	0	0	0	0	0	0	0	0	0	0	0	0	0	0	0	0	0	0	0	0	51	0	0	0	0	0	0	0	0	0
Campylobacter showae	0	0	0	0	0	0	0	0	0	0	0	0	0	0	0	0	0	0	0	0	0	0	0	0	0	0	0	0	0	0	0	0	0	0	0	0	0	0	0	0	0	0	0	0	0	0	0	0	0	37	0	0	0	0	0	0	0	0	0
Campylobacter ureolyticus	43	0	0	0	0	37	0	0	795	0	0	0	49	47	0	152	0	0	0	1468	29	0	0	0	0	0	0	599	0	0	0	0	0	0	0	11	0	46	19	0	0	0	0	0	0	0	0	0	0	0	0	0	0	0	0	0	0	0	0
Candida albicans	0	0	0	0	0	0	0	0	0	0	34	0	0	73	0	0	153	1445	0	0	0	0	0	93	0	0	0	0	0	0	14	0	0	156	176	0	0	0	0	202	0	0	0	54	0	0	0	0	0	0	0	0	0	0	0	0	0	22	0
Candidatus Enterococcus willemsii	0	0	0	0	0	0	0	0	0	0	0	0	0	0	0	0	0	0	0	0	0	0	0	0	0	0	0	0	0	0	0	0	0	0	0	0	0	0	0	0	0	0	0	0	10	0	0	0	0	0	0	0	0	0	0	0	0	0	0
Candidatus Methanomassiliicoccus intestinalis	0	0	0	0	0	0	0	0	0	0	0	0	0	0	0	0	22	13	15	47819	0	0	0	14	0	0	15	0	0	0	0	0	0	0	0	0	0	0	0	0	0	0	0	0	0	0	0	0	0	0	0	0	0	0	0	0	0	0	0
Candidatus Methanoplasma termitum	0	0	0	0	0	164	0	0	0	0	0	0	0	0	0	0	0	0	0	0	0	0	0	0	0	0	0	0	0	0	0	0	0	0	0	0	0	0	0	0	0	0	0	0	0	0	0	0	0	0	0	0	0	0	0	0	0	0	0
Candidatus Minimicrobia sp. QA0096	0	0	134	0	0	0	0	0	0	0	0	0	0	0	0	0	0	0	0	0	0	0	0	0	0	384	0	116	0	0	59	0	0	0	0	0	144	0	0	0	0	0	0	0	0	0	0	0	131	0	0	302	0	0	0	0	0	0	0
Candidatus Minimicrobia vallesae	0	0	0	0	0	0	0	0	0	0	0	0	0	0	0	0	0	0	0	0	0	0	0	0	0	0	0	0	0	0	0	0	0	0	0	0	175	0	0	0	0	0	0	0	0	0	0	0	0	0	0	0	0	0	0	0	0	0	0
Candidatus Nanosynbacter featherlites	0	0	0	0	0	0	0	0	0	0	0	0	0	0	0	0	0	0	0	0	0	0	0	0	0	0	0	0	0	0	0	0	0	0	0	0	148	0	0	0	0	0	0	0	0	0	0	0	0	0	0	0	0	0	0	0	0	0	0
Candidatus Nanosynbacter lyticus	0	0	0	0	0	0	0	0	0	0	0	0	0	288	70	0	0	0	0	0	0	0	0	0	0	0	0	0	0	0	0	0	0	0	0	0	131	176	0	0	0	0	0	88	0	0	0	0	0	0	0	0	0	0	0	0	0	0	0
Candidatus Nanosynbacter sp. BB002	0	0	0	0	0	0	0	0	0	0	0	0	0	0	0	0	0	0	0	0	0	0	0	0	0	0	0	0	0	0	0	0	0	0	0	0	73	17	0	0	0	0	0	0	0	0	0	0	0	0	0	62	0	0	0	0	0	0	0
Candidatus Nanosynbacter sp. HMT-352	0	252	667	89	0	471	537	0	190	191	537	0	0	0	63	116	0	0	0	0	0	210	241	0	0	1443	223	307	432	293	103	231	0	0	72	181	1816	385	98	0	21	620	0	390	307	0	84	0	210	187	56	977	0	138	93	170	0	0	94
Candidatus Nanosynbacter sp. TM7-008	0	0	83	0	0	0	0	0	0	0	0	0	0	0	0	0	0	0	0	0	0	0	0	0	0	192	0	0	0	0	0	0	0	0	0	0	216	0	0	0	0	0	0	0	0	0	0	0	0	0	0	89	0	0	0	0	0	0	0
Candidatus Sarcina troglodytae	0	0	11	0	0	43	126	0	0	0	0	0	608	10002	0	0	0	0	0	16	0	0	0	0	0	0	0	2244	0	0	0	0	0	46	0	0	0	1150	0	0	0	23	0	54	139	0	0	0	0	0	49	0	0	0	36	174	62	0	0
Candidatus Southlakia epibionticum	43	0	23	21	71	28	0	0	0	29	0	0	161	447	213	0	0	270	0	0	644	0	0	27	0	0	0	14	18	28	11	0	46	0	16	0	26	51	0	0	26	0	0	0	21	0	0	49	0	0	0	23	27	51	0	0	42	0	0
Candidatus Tisiphia endosymbiont of Metellina segmentata	0	0	0	21	26	0	11	0	0	0	0	0	15	19	17	0	0	0	0	0	0	0	0	0	12	0	0	0	0	0	0	0	0	0	0	0	0	0	0	21	0	21	0	0	0	0	0	0	0	0	26	0	0	0	0	0	0	0	0
Canhaevirus faecalis	0	0	45	65	0	0	0	4698	0	0	97	0	0	0	0	261	0	357	523	0	0	0	0	0	0	0	0	20	0	0	0	0	0	0	0	0	0	0	0	0	0	0	0	0	0	0	0	0	0	0	0	0	0	1842	24	0	0	0	0
Canhaevirus hiberniae	0	0	16	0	14	0	0	76	0	12307	0	0	10	290	0	41	0	0	13	17	3430	0	0	31	0	0	0	5795	0	0	0	0	0	0	0	0	0	133	0	6400	0	0	495	0	0	0	0	0	0	0	0	0	906	35	0	0	25	23	0
Capnocytophaga canimorsus	0	0	0	0	0	0	0	0	0	0	0	0	0	0	0	0	0	0	0	0	0	0	0	0	0	0	0	0	0	0	0	0	0	0	0	0	0	0	0	0	0	0	0	0	0	0	0	17	0	0	0	0	0	0	0	0	0	0	0
Capnocytophaga gingivalis	0	0	0	0	0	0	15	0	0	0	0	0	0	0	0	0	0	0	0	0	0	0	0	0	0	0	0	0	0	0	0	0	0	0	0	0	0	0	0	0	0	0	0	0	0	0	0	0	0	0	0	0	0	0	0	0	0	0	0
Caproicibacterium amylolyticum	0	0	0	0	0	322	229	0	0	0	0	0	0	0	167	0	0	0	0	0	0	0	0	0	0	0	0	0	0	0	0	0	0	0	0	0	0	226	0	0	0	0	0	0	0	0	0	161	0	0	0	0	0	0	0	0	0	0	91
Caproicibacterium lactatifermentans	0	0	0	0	0	0	0	0	0	0	0	0	387	0	0	0	0	0	0	0	0	0	0	0	0	0	0	0	0	0	0	0	0	0	0	0	0	0	0	0	0	0	0	0	0	0	0	0	0	0	0	0	0	0	0	0	0	0	0
Caproicibacterium sp. BJN0003	0	0	0	0	0	0	0	40	0	0	0	0	39	0	0	0	0	0	0	0	0	0	0	0	0	0	0	0	0	0	0	0	0	0	0	0	0	0	0	0	0	0	0	0	0	0	0	0	0	0	0	0	0	0	0	0	0	0	0
Caproiciproducens sp. R1	0	0	0	0	0	0	0	0	65	0	0	0	0	0	0	0	0	0	0	0	0	0	0	0	0	0	0	0	0	0	0	0	0	0	0	0	0	0	0	0	0	0	0	0	0	0	0	0	0	0	0	0	0	0	0	0	0	0	0
Cardiobacterium hominis	0	27	0	0	11	0	0	0	0	0	0	0	0	28	0	0	0	0	0	0	0	0	0	0	0	0	0	0	0	0	0	0	0	0	0	0	40	44	0	0	0	0	0	0	0	0	0	0	0	24	0	0	0	0	0	0	0	24	0
Cardiobacterium sp. Marseille-Q4385	0	12	0	0	0	0	0	0	0	0	0	0	0	72	0	0	0	0	0	0	0	0	0	0	0	0	0	0	0	0	0	0	0	0	24	0	224	112	0	0	16	0	0	0	0	0	0	0	0	0	0	24	0	0	0	0	0	0	0
Carjivirus communis	829	584	839	862	1473	774451	276712	498	544	638	683	710	104000	570	155684	1995	15916	181	21	24150	38	81	174	157	162	140	321	34	6192	38	182862	442503	14217	53	41	57	299	581	69	111711	80	72	190050	118	2646	22	75	111	21	27	1577	30	183	19	3517	120	45289	4399	32
Carjivirus hominis	76	60	81	66	124	61019	20926	57	46	57	49	55	22551	64	14483	277	1057	16	0	1891	0	0	35	15	0	0	38	0	1416	0	14468	43509	1212	0	0	0	43	81	0	11631	0	0	21316	0	278	0	0	0	0	0	144	0	37	0	339	0	4118	402	0
Carnobacterium divergens	0	0	0	0	0	0	0	0	0	0	244	0	0	0	0	0	0	0	0	0	0	0	0	0	0	0	11	0	0	0	0	0	0	0	0	0	0	0	0	0	0	12	111	938	22	0	34	0	0	0	0	11	0	0	0	0	0	0	0
Carnobacterium inhibens	0	0	0	0	0	0	0	0	0	0	0	0	35	0	0	0	0	0	0	0	0	0	0	0	0	0	0	0	0	0	0	0	0	0	0	0	0	0	0	0	0	0	0	13	0	0	0	0	0	0	0	0	0	0	0	0	0	0	0
Carnobacterium maltaromaticum	0	0	0	0	0	0	0	0	0	0	27	0	15	0	0	0	0	0	0	0	0	0	0	0	0	0	0	0	0	0	0	0	0	0	0	0	0	0	0	0	0	0	0	450	0	0	0	0	0	0	0	12	0	0	0	0	0	0	0
Carnodivirus cd2-like	0	0	0	0	0	0	0	0	0	0	0	0	0	0	0	0	0	0	0	0	0	0	0	0	0	0	0	0	0	0	0	0	0	0	0	0	0	0	0	0	0	0	0	282	0	0	0	0	0	0	0	0	0	0	0	0	0	0	0
Carnodivirus cd4-like	0	0	0	0	0	0	0	0	0	0	0	0	0	0	0	0	0	0	0	0	0	0	0	0	0	0	0	0	0	0	0	0	0	0	0	0	0	0	0	0	0	0	0	545	0	0	0	0	0	0	0	0	0	0	0	0	0	0	0
Catenibacterium mitsuokai	57	63	47	32	328	16	1009	11	43	35	0	0	0	670	41	20819	0	0	27764	0	30	44	1594	17	11	125	32	65	26	10	54	66454	68	49	50	45	0	1373	81	74	28	18	18	71	52	49	92	140	50	53	14058	5317	11817	29303	2517	303	5158	320	56
Catenibacterium sp. co_0103	618	371	573	1413	216	281	318	0	0	137	221	0	505	1614	57	77370	101	101	3805	23	245	436	433	156	280	1368	178	150	381	307	147	249538	850	106	21	595	24	369	239	59	38	163	40	69	161	15	626	174	29	0	5141	1610	1496	7016	23239	414	1209	55	1225
Caudoviricetes sp. vir080	0	0	0	0	0	219	0	0	0	0	0	0	816	0	0	0	0	0	0	0	0	0	0	0	0	0	0	0	59	0	0	0	0	0	0	0	0	0	13	0	0	0	0	0	42	0	0	0	0	0	0	0	0	19	0	0	0	0	0
Caudoviricetes sp. vir249	14	0	15	11	44	14	12	11	12	0	0	13	20048	0	14	0	0	0	0	0	0	0	0	0	0	0	0	0	0	0	0	0	0	0	0	0	0	0	0	0	0	0	0	0	0	0	0	0	0	0	0	0	0	0	0	0	0	12	0
Ceduovirus CHPC1170	0	0	0	0	0	0	0	0	0	0	0	0	0	0	0	0	0	0	0	0	0	0	0	0	0	0	0	0	0	0	0	0	0	0	0	0	0	122	0	0	0	0	0	0	0	0	0	0	0	0	0	0	0	0	0	0	0	0	0
Ceduovirus CHPC122	0	0	0	0	0	0	0	0	0	0	0	0	0	0	0	0	0	0	0	0	0	0	0	0	0	0	0	0	0	0	0	0	0	0	0	0	0	112	0	0	0	0	0	0	0	0	0	0	0	0	0	0	0	0	0	0	0	0	0
Ceduovirus CHPC1242	0	0	0	0	0	0	0	0	0	0	0	0	0	0	0	0	0	0	0	0	0	0	0	0	0	0	0	0	0	0	0	0	0	0	0	0	147	52666	0	0	0	0	0	0	0	0	0	0	0	0	0	0	0	0	0	0	0	0	0
Ceduovirus cv05802	0	0	0	0	0	0	0	0	0	0	0	0	0	0	0	0	0	0	0	0	0	0	0	0	0	0	0	0	0	0	0	0	0	0	0	0	0	72	0	0	0	0	0	0	0	0	0	0	0	0	0	0	0	0	0	0	0	0	0
Ceduovirus D4412	0	0	0	0	0	0	0	0	0	0	0	0	0	0	0	0	0	0	0	0	0	0	0	0	0	0	0	0	0	0	0	0	0	0	0	0	0	1221	0	0	0	0	0	0	0	0	0	0	0	0	0	0	0	0	0	0	0	0	0
Cellulosilyticum sp. WCF-2	0	0	0	300	0	0	0	0	0	0	0	0	0	268	0	0	0	0	12	0	0	0	0	0	189	0	18	0	20	0	0	0	0	0	0	231	0	14	25	0	0	0	0	0	0	0	0	16	0	841	35	30	29	0	0	0	0	0	0
Cequinquevirus Ld25A	0	0	0	0	0	0	0	0	0	0	0	0	0	0	0	0	0	0	0	0	0	0	0	0	0	0	0	0	0	0	0	0	0	0	0	0	0	0	0	0	0	0	0	0	11	0	0	0	0	0	0	0	0	0	0	0	0	0	0
Chordicoccus furentiruminis	31	45	147	632	642	93	34	21	31	27	45	28	57	38	15	11	106	0	131	0	0	0	24	14	0	0	0	240	274	46	51	21	39	31	11	0	0	72	154	50	246	228	56	19	64	0	34	15	19	42	20	163	70	29	25	158	0	155	23
Christensenella massiliensis	3481	498	133	387	108	518	102	47	63	68	0	26	212	598	69	97	12	0	597	781	390	325	3392	38	977	34	92	370	528	71	15	47	208	598	0	12	22	48	181	64	190	1016	323	36	543	20	909	222	79	114	122	168	189	227	147	630	0	16	796
Christensenella minuta	7417	113	170	157	172	2186	2505	359	252	204	55	24	10010	2177	202	2168	167	4666	622	770	333	335	1470	367	141	64	157	130	245	1418	476	81	221	407	598	129	106	534	1111	1154	204	874	864	0	704	16	0	834	30	0	317	132	657	672	41	6668	678	107	624
Christensenella sp. MSJ-20	2441	348	240	33	103	4125	607	41	2480	0	516	12	6985	483	1652	2120	0	36	1100	829	781	599	960	256	538	0	38	2714	637	245	0	64	624	678	0	379	0	1660	654	242	245	935	771	15	761	22	0	1057	0	102	190	979	263	2049	262	1947	259	612	631
Chryseobacterium arthrosphaerae	0	0	0	0	0	0	0	0	0	0	192	0	0	0	0	0	0	0	0	0	0	0	0	0	0	0	0	0	0	0	0	0	0	0	0	0	0	0	0	0	0	0	0	0	0	0	0	0	0	0	0	0	0	0	0	0	0	0	0
Chryseobacterium gallinarum	0	0	0	0	0	0	0	0	0	0	0	0	0	0	0	0	0	0	0	0	0	0	0	0	0	0	0	0	0	0	0	0	0	0	0	0	0	0	58	0	0	0	0	0	0	0	0	0	0	0	0	0	0	0	0	0	0	0	0
Chryseobacterium suipulveris	0	0	0	0	0	0	0	0	0	0	0	0	0	0	0	0	0	0	0	0	0	0	0	0	334	0	204	0	0	0	0	0	0	0	0	0	0	0	0	0	0	0	0	0	0	0	0	0	0	0	0	0	0	0	0	0	0	0	0
Chryseobacterium taklimakanense	0	0	0	0	0	0	0	0	0	0	0	0	0	0	0	0	0	0	0	0	0	0	0	0	0	0	63	0	0	0	0	0	0	0	0	0	0	0	0	0	0	0	0	0	22	0	0	0	0	0	0	0	0	0	0	0	0	0	0
Citrobacter amalonaticus	0	0	0	0	0	0	0	8289	0	0	0	0	0	0	0	0	0	0	0	0	0	0	0	0	0	0	0	0	0	0	0	0	0	0	0	0	0	0	0	0	0	0	0	0	20	0	0	0	0	0	0	0	0	0	0	0	0	3163	0
Citrobacter braakii	13571	0	0	0	0	0	0	8071	0	0	10361	312	0	0	0	0	864	0	0	0	0	0	0	186	0	0	0	0	0	0	0	0	0	0	0	0	0	458	0	0	0	0	0	0	927	0	0	0	0	0	0	3240	0	0	0	0	0	2991	0
Citrobacter farmeri	0	0	0	0	0	0	0	0	0	0	0	0	52	0	0	0	38	0	0	311	0	0	0	0	0	0	0	0	0	0	0	0	0	0	0	0	0	0	0	0	0	0	0	0	0	0	0	0	0	0	0	0	0	0	0	0	0	0	0
Citrobacter freundii	1761	0	0	0	0	821	257	2415	0	0	0	0	0	0	0	1364	186202	0	1646	424	0	0	0	0	0	0	0	0	395	0	0	0	0	0	0	0	0	2020	1154	0	0	0	903	25481	9591	3139	0	0	0	0	0	1742	0	0	0	0	0	0	28274
Citrobacter freundii complex sp. CFNIH2	0	0	0	0	0	0	0	1668	0	0	0	0	0	0	0	0	0	0	0	0	0	0	0	0	0	0	0	0	0	0	0	0	0	0	0	0	0	0	0	0	0	0	0	0	0	0	0	0	0	0	0	0	0	0	0	0	0	0	0
Citrobacter koseri	0	0	0	0	0	0	0	0	0	0	0	0	0	0	0	0	185	0	0	0	0	0	0	0	0	0	0	0	0	0	0	0	0	0	0	0	0	0	0	0	0	0	0	0	0	0	0	0	0	0	0	0	0	0	0	0	0	0	0
Citrobacter pasteurii	0	0	0	0	0	0	0	0	0	0	0	0	501	0	0	0	0	0	0	0	0	0	0	0	0	0	0	0	0	0	0	0	0	0	0	0	0	7861	0	0	0	0	0	3107	0	0	0	0	0	0	0	558	0	0	0	0	0	0	0
Citrobacter portucalensis	0	0	0	0	0	0	69	598	0	0	299	301	206	0	0	0	0	0	0	0	0	0	0	0	0	0	0	0	0	0	0	0	0	0	0	0	0	245	0	0	0	0	0	6775	0	0	0	0	0	0	0	388	0	0	0	0	0	1017	0
Citrobacter sp. C13	0	0	0	0	0	0	0	0	0	0	0	0	0	0	0	0	0	0	0	0	0	0	0	0	0	0	0	0	0	0	0	0	0	0	0	0	0	0	0	0	0	0	0	1076	0	0	0	0	0	0	0	0	0	0	0	0	0	0	0
Citrobacter sp. RHB36-C18	0	0	0	0	0	0	0	0	0	0	0	0	0	0	0	0	0	0	0	0	0	0	0	0	0	0	0	0	0	0	0	0	0	0	0	0	0	697	0	0	0	0	0	0	0	0	0	0	0	0	0	0	0	0	0	0	0	0	0
Citrobacter sp. RHBSTW-00029	0	0	0	0	0	0	0	0	0	0	0	0	0	0	0	0	0	0	0	0	0	0	0	0	0	0	0	0	0	0	0	0	0	0	0	0	0	0	0	0	0	0	0	2595	0	0	0	0	0	0	0	0	0	0	0	0	0	0	0
Citrobacter sp. RHBSTW-00053	0	0	0	0	0	0	0	0	0	0	0	0	0	0	0	0	0	0	0	0	0	0	0	0	0	0	0	0	0	0	0	0	0	0	0	0	0	0	0	0	0	0	0	0	0	0	0	0	0	0	0	0	0	0	0	0	0	0	5388
Citrobacter sp. RHBSTW-00696	0	0	0	0	0	0	0	0	0	0	0	0	0	0	0	0	0	0	0	1223	0	0	0	0	0	0	0	0	0	0	0	0	0	0	0	0	0	0	0	0	0	0	0	0	0	0	0	0	0	0	0	0	0	0	0	0	0	0	0
Citrobacter sp. RHBSTW-01013	0	0	0	0	0	0	0	0	0	0	0	0	2526	0	0	0	0	0	0	0	0	0	0	0	0	0	0	0	0	0	0	0	0	0	0	0	0	0	0	0	0	0	0	0	0	0	0	0	0	0	0	0	0	0	0	0	0	0	0
Citrobacter sp. TSA-1	0	0	0	0	0	0	0	1416	0	0	0	0	0	0	0	0	0	0	0	0	0	0	0	0	0	0	0	0	0	0	0	0	0	0	0	0	0	0	0	0	0	0	0	0	0	0	0	0	0	0	0	0	0	0	0	0	0	0	0
Claveliimonas bilis	7858	771	1080	653	253	2931	4025	121	159	345	45	10	11992	107	280	672	56	74	320	221	127	346	320	85	125	79	395	3649	2789	5553	11	351	101	441	25	125	54	340	474	45	39	999	387	517	1594	168	621	82	857	479	24	91	38	135	51	206	21	75	386
Cloacibacillus evryensis	0	797	0	0	0	0	0	0	0	0	0	0	0	0	0	184699	21	3090	158	40492	2732	0	28	313	12	0	14	24	2749	0	0	0	22	0	0	0	28	0	2194	36	0	0	22241	14	28	22	28	12	14	10	12	20	14	2787	18	0	14	19	156
Cloacibacillus porcorum	0	15	0	0	0	0	0	0	0	0	0	0	0	0	0	830	24	846	79859	46168	10859	55	6161	0	0	0	35	16	66	0	0	0	10	1127	10	0	89	0	13	919	0	0	66941	13	19	0	19	11	0	12	0	468	11	4274	289	4512	12	12	2128
Clostridioides difficile	19943	13927	8100	3085	3757	13373	1867	872	79261	3694	1512	2212	3908	10428	27385	4305	850	154	4785	1257	4158	2844	1922	677	722	1429	1537	12760	2994	1905	221	17665	2360	2663	12635	643	4947	3755	4196	3029	9936	1262	5559	31245	3671	2309	849	15395	2272	2086	26420	2858	2301	8797	1676	2318	1951	2880	3743
Clostridium baratii	0	0	0	0	0	0	0	0	0	0	0	0	0	35	0	0	0	0	0	16195	14	0	0	0	0	0	0	0	0	0	0	0	0	0	0	0	0	28	0	0	0	0	0	35	0	0	0	0	0	0	0	0	0	0	0	0	0	157	0
Clostridium bornimense	0	0	0	0	0	0	0	0	0	0	18	0	0	0	0	0	0	0	0	0	0	0	0	0	0	0	0	0	0	0	0	91	0	0	0	0	0	21	0	0	0	0	0	0	0	0	0	0	0	0	0	17	0	0	0	34	0	0	0
Clostridium botulinum	0	0	0	0	0	0	50	0	0	0	0	0	0	0	0	0	0	0	0	0	0	0	0	0	0	0	0	0	0	0	0	0	0	0	0	0	0	63	0	0	0	0	0	0	0	0	0	0	0	0	0	0	0	0	47	0	0	81	0
Clostridium butyricum	0	0	0	0	0	0	0	0	0	0	46	0	0	0	0	0	0	0	0	0	0	0	0	0	0	0	0	0	0	0	0	0	0	0	0	0	0	82	0	0	0	0	0	0	0	0	0	0	0	0	0	0	0	0	0	0	0	0	0
Clostridium cadaveris	900	449	579	1751	1528	373	72	138	0	56	102	14	51	564	304	30	105	0	358	13	1106	104	388	15	322	0	75	801	82	119	0	11	329	447	0	30	126	1048	22	0	1371	36	258	0	323	0	194	98	0	226	44	842	108	213	258	90	30	2934	97
Clostridium chauvoei	0	0	0	0	0	0	79	0	0	0	0	0	0	0	0	0	0	0	0	0	0	0	0	0	0	0	0	0	0	0	0	0	0	48	0	0	0	0	0	0	0	0	0	0	0	0	0	0	0	0	0	0	0	0	0	0	27	71	0
Clostridium cochlearium	0	547	0	0	0	0	365	0	0	13	0	0	0	134	0	0	0	0	0	0	0	1245	28	0	0	38	0	27	0	505	0	209	0	0	18	48	0	0	30	613	0	514	13	0	0	42	0	0	96	397	104	364	0	16	138	51	91	0	0
Clostridium culturomicium	0	0	0	0	0	0	0	0	0	0	0	0	110	0	0	0	0	0	0	0	0	0	0	0	0	0	0	0	0	0	0	0	0	0	0	0	0	25	0	0	0	0	0	0	69	0	0	0	0	0	0	0	0	0	0	16	0	0	0
Clostridium perfringens	390	1958	298	860	117	825	395	0	313	293	1562	742	1318	1095	1451	84	428	1589	483	32511	1797	1429	832	95	171	191	1345	782	239	409	53	127	511	1786	3286	910	52	5862	437	8213	48243	1196	6946	2526	1135	50	519	143	63	298	307	456	222	173	830	3308	334	10131	32426
Clostridium phage CI461P1	0	0	0	0	0	0	0	0	0	0	0	0	0	0	0	98	0	0	0	0	0	0	0	0	0	0	0	0	0	0	0	0	0	0	0	0	0	0	0	0	0	0	45	0	0	0	0	0	0	0	0	0	0	0	0	0	0	0	0
Clostridium septicum	0	11	0	0	0	68	458	0	0	0	27	53	642	524	0	21	0	0	43	24	29	0	0	0	0	0	0	0	0	0	0	0	0	37	0	0	0	1296	0	0	0	26	0	325	107	53	0	0	0	0	118	15	0	0	82	375	90	88	38
Clostridium sp. 10cd*	32771	0	6936	34931	695	770	4430	1407	3152	0	0	2918	6248	141	106	9525	498	0	0	2052	1790	0	646	0	0	170	532	0	136	2147	0	0	0	325	1029	212	1458	724	0	781	0	9754	216	6851	0	558	19291	0	7959	246	0	0	815	0	0	3168	0	627	1388
Clostridium sp. C1	11873	623	408	0	284	184	1115	71	286	841	0	0	1658	0	363	0	0	0	0	346	0	0	0	149	0	0	0	3423	140	237	0	770	0	155	0	0	0	140	0	5883	0	116	372	1522	2481	0	0	85	2298	0	0	62	0	0	60	0	0	260	72
Clostridium sp. HCS.1	0	0	0	0	0	0	0	0	0	0	0	0	0	11	0	0	0	0	0	0	0	0	0	0	0	0	0	0	0	0	0	0	0	0	0	0	0	0	0	0	0	0	0	0	0	0	0	0	0	0	0	0	0	0	0	0	0	0	0
Clostridium sp. M62/1	8016	10396	13165	4966	6898	19956	2887	731	5072	9054	15652	113	15885	3209	3709	1874	167	436	8566	5320	7725	4670	4051	3354	20503	10799	378	3293	4671	19189	1169	5581	11650	2223	81143	2138	2698	9035	10248	8307	15764	4584	3164	115184	13011	1198	3102	7378	3483	36662	5298	2028	5292	5794	1251	8817	912	1151	4794
Clostridium sp. MB05	0	0	0	0	0	0	0	0	0	0	0	0	0	16	0	0	0	0	0	0	0	0	0	0	0	0	0	0	0	0	0	0	0	0	0	0	0	0	0	0	0	0	0	0	0	0	0	0	0	0	0	0	0	0	0	0	0	0	0
Clostridium sp. MD294	186	0	12	14	10	0	0	0	0	10	10	0	23	22	0	0	0	0	0	0	15	0	0	0	0	13	0	0	0	0	0	0	11	0	19	0	0	0	0	0	37	0	31	20	32	0	15	0	15	0	13	0	0	0	14	0	0	0	0
Clostridium sp. SY8519	5377	4472	10101	156	366	342	271	79	299	408	756	0	221	618	256	413	0	0	941	304	281	51	3016	522	187	10	1269	1858	556	2037	664	116	256	4341	0	252	0	336	44	114	223	864	298	0	178	0	4674	449	0	544	1121	655	2178	492	174	1102	609	2512	341
Cobetia marina	0	0	0	0	0	24	0	0	0	0	0	0	0	0	0	0	0	0	0	0	0	0	0	0	0	0	0	0	0	0	0	0	0	0	0	0	0	0	0	0	0	0	0	0	0	0	0	0	0	0	0	0	0	0	0	0	0	0	0
Cohcovirus hiberniae	0	0	0	0	0	0	0	0	0	575	0	0	0	0	0	0	0	0	0	0	13658	0	0	150	0	0	0	667	0	0	0	0	0	0	0	0	0	0	0	759	0	299	15	0	162	0	0	0	0	0	0	1287	121	0	15	0	154	215	0
Cohcovirus splanchnicus	0	0	0	0	0	0	0	0	0	375	0	0	0	0	0	0	0	0	0	0	28459	0	0	449	0	0	0	289	0	0	0	0	0	0	0	0	0	18	0	274	0	619	46	0	274	0	0	0	0	0	0	1890	57	12	19	0	597	705	0
Colibacter massiliensis	113	0	0	0	37	0	355	32	210	0	0	52	0	10	18	0	48	0	0	20	0	0	0	0	0	29	0	188	29	230	70	284	0	0	0	0	31	0	0	0	0	42	0	0	0	1566	0	73	0	33	0	0	0	0	0	598	10	0	0
Collinsella aerofaciens	65615	8197	1483	278672	144945	111418	18084	224896	1490883	1474	140758	32548	180160	95074	54650	143047	192	9147	133534	35261	106659	289925	274209	15906	47681	85312	14115	1086042	71406	94902	61965	171	86292	233889	972	184117	76611	83317	5144	824	61702	1323	88800	180	61114	431	279449	843	763	793	1060683	29752	30298	506415	26975	68995	26344	7845	25527
Collinsella sp. i05-0019-G5	5625	253	224	22022	14213	20255	3537	18791	321106	232	8534	5383	25092	7657	6975	13727	0	649	17161	2963	19248	26547	22266	2265	3990	9075	2231	115496	4206	15306	10744	0	7909	14754	0	17881	6170	13577	465	61	4200	198	9417	0	5557	46	31680	134	94	41	99667	2046	4546	43591	2657	7390	4626	1037	2057
Collinsella stercoris	157	32	115	0	0	15	0	26	521	10	29	0	89	87	70	17	0	0	111	21	659	75	58	0	0	18	13	234	29	77	32	0	72	1241	1849	84	0	53	20	0	0	78895	11	0	56	0	17	0	0	0	65	0	0	34	0	0	0	0	0
Comamonas aquatica	0	99	0	0	0	0	0	0	0	0	0	0	0	0	0	0	0	0	0	0	0	0	0	0	0	0	0	0	0	0	0	0	0	0	0	0	0	0	0	0	0	0	0	0	0	0	0	0	0	0	0	0	0	0	0	0	0	0	0
Comamonas kerstersii	0	5364	0	0	0	0	0	0	0	0	0	0	0	0	0	0	0	0	0	0	0	0	0	0	0	0	0	0	0	0	0	0	0	27	0	0	0	0	0	0	0	0	0	0	0	0	0	0	0	0	0	0	0	2028	0	0	0	0	0
Companilactobacillus alimentarius	0	0	0	0	0	0	0	0	0	0	0	0	0	0	0	0	0	0	0	0	0	0	0	0	0	0	0	0	0	0	0	44	0	0	0	0	0	0	0	0	0	0	0	0	0	0	0	0	0	0	0	0	0	0	0	0	0	0	0
Companilactobacillus crustorum	0	0	0	0	0	0	0	0	0	0	0	0	0	0	0	0	0	0	0	0	0	0	0	0	0	276	0	0	0	0	0	0	0	0	0	0	0	0	0	0	0	0	0	0	0	0	0	0	0	0	0	0	0	0	0	0	0	0	0
Companilactobacillus futsaii	0	0	0	0	0	0	0	0	0	0	0	0	0	0	0	0	12	0	0	0	0	0	0	0	0	0	0	0	0	0	0	0	0	0	0	0	0	0	0	0	0	0	0	0	0	0	0	0	0	0	0	0	0	0	0	0	0	0	0
Companilactobacillus heilongjiangensis	0	0	0	0	0	0	0	0	0	0	0	0	0	0	0	0	0	0	0	0	0	51	49	0	0	0	0	0	0	0	0	0	0	0	0	0	0	0	0	0	0	0	0	0	0	0	0	0	0	0	0	0	0	0	0	0	0	0	0
Copernicusvirus AE417	0	0	0	0	0	0	0	0	0	0	0	0	0	0	0	0	0	0	0	0	0	0	0	0	0	0	0	0	0	0	0	0	0	0	0	0	0	869	0	0	0	0	0	0	0	0	0	0	0	0	0	0	0	0	0	0	0	0	0
Copernicusvirus Efmus4	0	0	0	0	0	0	0	0	0	0	0	0	0	0	0	0	0	0	0	0	0	0	0	0	0	0	0	0	0	0	0	0	0	0	0	0	0	410	0	0	0	0	0	0	0	0	0	0	0	0	0	0	0	0	0	0	0	0	0
Coprobacter fastidiosus	14073	175	13099	14886	189	46005	31	122	37	44	70	44	127	209	38	0	0	0	11	0	0	26	24	5010	24	28	50	973	226	775	143	11	28	49	0	14	252	0	18	14	58	6070	41	0	0	0	162	20	0	28	250	0	0	3501	123	0	0	0	0
Coprobacter secundus	11	5082	15	59	2480	40	11	37	0	12	4638	0	2743	8348	61	82	0	0	32	89	347	4502	1661	7679	0	51	859	0	180	139	90	1180	25	77	0	69	7788	0	121	3530	6204	1184	12095	0	22	0	0	13	726	145	78	0	118	0	1319	0	1327	2736	17
Coprococcus catus	1415	28558	4091	16624	38303	30490	11225	521	1033	3102	25092	1257	36227	38083	24393	2870	871	121	8572	284	260	29533	170586	13451	3871	12220	19659	7872	718	10600	14628	2781	25073	508	1283	40664	1111	28588	738	336	6689	16018	320	743	65876	424	20956	21679	1519	2111	14325	18896	26440	5803	14894	25169	20273	2917	607
Coprococcus comes	490535	139172	172195	229488	51042	3261	112641	377232	11092	121348	138121	1127	53462	113726	18925	16071	1064	1035	741	46108	34025	27073	184625	14236	63946	50876	21354	217976	1228	1209	107969	67615	38247	142722	4948	597549	912	27326	1848	1484	50943	210309	31904	2855	94567	1254	109088	35954	575	1285	313278	76671	68599	182150	21294	34758	11056	38955	6142
Coprococcus eutactus	877	5606	1612	1420	3077	11064	41349	325	439	133157	2202	255	4704	1814	777	818	601	113	1186	2307	1738	269	1090	1498	283424	624	834	3059	39841	819	537	1128	49567	24657	85	900	348	2562	1387	797	397	19123	2001	4135	19375	2296	1713	618141	1965	2241	507	4843	1809	785	6777	3185	1195	490	1315
Coprococcus sp. ART55/1	5187	38091	3073	2251	12907	158322	616254	2638	3966	4057	2462	409	56594	2321	1680	1413	361	871	397	30719	22616	1015	404	6796	7487	1253	2492	6530	671693	1914	438	1662	717841	383216	2900	1781	3444	19561	1801	541	3502	229361	898	1913	243049	641	1494	17925	1547	409	346	3844	2191	565	67948	6249	628	503	1832
Corynebacterium accolens	0	0	0	0	0	0	0	0	299	0	0	0	0	344	0	0	0	0	0	0	0	0	0	0	0	0	0	0	0	0	0	0	0	0	0	0	0	0	0	0	0	0	0	0	50	0	0	0	0	0	0	0	0	0	0	0	0	0	0
Corynebacterium amycolatum	0	0	0	0	0	0	0	0	0	0	0	0	0	99	0	0	0	0	0	314	0	0	0	0	0	0	0	0	0	0	0	0	0	0	0	0	0	0	0	0	0	0	0	0	0	0	0	0	0	0	0	0	0	249	0	0	0	0	0
Corynebacterium argentoratense	0	0	0	0	0	0	0	0	0	0	0	0	0	2519	0	302	0	0	0	1314	0	0	0	0	0	0	0	0	1400	0	0	0	0	0	0	0	0	0	0	0	0	0	0	0	0	0	0	0	0	0	0	0	0	0	0	0	0	0	0
Corynebacterium aurimucosum	0	0	0	0	0	0	0	0	0	0	0	0	0	28	0	0	0	0	0	20	0	0	0	0	0	0	0	0	0	0	0	0	0	0	0	0	0	0	0	0	0	0	0	0	0	0	0	0	0	0	0	0	0	22	0	0	0	0	0
Corynebacterium auriscanis	0	0	0	0	0	0	0	0	0	0	0	0	0	0	0	0	0	0	0	0	0	0	0	0	0	25	0	0	0	0	0	0	0	0	0	0	0	0	0	0	0	0	0	0	0	0	0	0	0	0	0	0	0	0	0	0	0	0	0
Corynebacterium belfantii	0	0	0	0	0	0	0	0	0	0	0	0	0	0	0	0	0	0	0	0	0	0	0	0	0	15	0	0	0	0	0	0	0	0	0	0	0	0	0	0	0	0	0	0	0	0	0	0	0	0	0	0	0	0	0	0	0	0	0
Corynebacterium coyleae	0	0	0	0	0	0	0	0	0	0	0	0	0	0	0	0	0	0	0	329	0	0	0	0	0	0	0	40	0	0	0	0	0	0	0	0	0	0	0	0	0	0	0	0	0	0	0	0	0	0	0	0	0	118	0	0	0	0	0
Corynebacterium durum	593	111	279	33	144	0	0	0	0	62	157	0	91	610	26	0	158	100	0	0	0	0	0	41	18	57	240	259	30	43	81	21	0	0	145	0	232	367	0	0	74	0	0	561	320	0	47	14	71	100	0	90	0	136	0	0	57	0	0
Corynebacterium flavescens	0	0	0	0	0	0	0	0	0	0	0	0	0	0	0	0	0	0	0	0	0	0	0	0	0	0	0	0	0	0	0	0	0	0	0	0	0	0	0	0	0	0	0	0	0	0	0	0	0	0	0	24	0	0	0	0	0	0	0
Corynebacterium glyciniphilum	0	0	0	0	0	0	0	0	0	0	0	0	0	0	0	12	0	0	0	0	0	0	0	0	0	0	0	0	0	0	0	0	0	0	0	0	0	0	0	0	0	0	0	0	41	0	0	0	0	0	0	0	17	0	0	0	0	0	0
Corynebacterium hesseae	0	0	0	0	0	0	0	0	0	0	0	0	0	0	0	0	0	0	0	0	0	0	0	0	0	0	0	0	0	0	0	0	0	0	0	21	0	0	0	0	0	0	0	0	0	0	0	0	0	0	0	0	0	145	0	0	0	0	0
Corynebacterium imitans	0	0	0	0	0	0	0	0	0	0	0	0	0	17	0	0	0	0	0	0	0	0	0	0	0	0	0	0	0	0	0	0	0	0	0	0	0	0	0	0	0	0	0	0	0	0	0	0	0	0	0	0	0	18	0	0	0	0	0
Corynebacterium kroppenstedtii	0	0	0	0	0	0	0	0	24	0	0	0	0	690	0	0	0	0	0	0	0	0	0	0	0	0	0	0	0	0	0	0	0	0	0	72	0	0	0	0	0	0	0	0	0	0	0	0	0	0	0	0	0	0	0	0	0	0	0
Corynebacterium matruchotii	0	0	0	0	0	0	0	0	0	0	0	0	0	222	134	0	0	0	0	0	0	0	0	0	0	0	0	0	0	0	0	0	0	0	246	0	27	88	0	0	38	0	0	0	0	0	0	89	0	0	0	0	0	0	0	0	0	0	0
Corynebacterium propinquum	0	73	0	0	0	0	0	0	597	0	0	0	32	454	24	0	0	0	41	46	0	0	0	0	0	0	0	0	0	0	0	0	0	0	0	0	0	0	0	0	0	0	0	0	0	18	0	0	0	0	0	0	0	0	0	84	0	0	0
Corynebacterium pseudodiphtheriticum	67	0	0	73	0	0	0	0	0	0	0	0	0	0	0	0	0	0	0	0	0	0	0	0	0	0	0	0	0	0	0	0	0	0	0	0	0	0	0	0	0	0	0	0	37	0	0	41	0	0	0	0	0	0	0	0	0	0	0
Corynebacterium pseudokroppenstedtii	0	0	0	0	0	0	0	0	70	0	0	0	0	0	0	0	0	0	0	14	0	0	0	0	0	0	0	0	0	0	0	0	0	0	0	0	0	0	0	35	0	0	0	0	0	0	0	0	0	0	0	0	0	0	0	0	0	0	0
Corynebacterium pyruviciproducens	0	39	0	12	0	0	0	0	0	0	0	0	0	0	21	69	0	0	30	0	0	0	0	0	12	244	55	83	16	0	0	0	0	0	0	106	0	0	0	0	0	33	26	0	90	0	0	0	0	0	0	0	0	0	0	48	0	0	0
Corynebacterium riegelii	0	0	0	0	0	0	0	0	0	0	0	0	0	0	0	0	0	0	0	0	0	0	0	0	0	0	0	22	0	0	0	0	0	0	0	0	0	0	0	0	0	0	0	0	0	0	0	0	0	0	0	0	0	14	0	0	0	0	0
Corynebacterium testudinoris	0	0	0	0	0	0	0	0	0	0	26	0	0	0	0	0	0	0	0	0	0	0	0	0	0	0	0	0	0	0	0	0	0	0	0	0	0	0	0	0	0	0	0	0	0	0	0	0	0	0	0	0	0	0	0	0	0	0	0
Corynebacterium urealyticum	0	0	0	0	0	0	0	0	0	0	0	0	0	0	0	0	0	0	0	106	0	0	0	0	0	0	0	0	0	0	0	0	0	0	0	0	0	0	0	0	0	0	0	0	0	0	0	0	0	0	0	0	0	0	0	0	0	0	0
Corynebacterium variabile	0	0	0	0	0	447	0	0	0	0	0	0	0	0	0	17	0	0	0	0	0	0	0	0	19	0	0	0	0	0	0	0	0	0	0	0	0	0	0	0	0	0	0	0	26	0	0	0	0	0	0	19	111	0	706	0	0	0	0
Cronobacter muytjensii	0	0	0	0	0	0	0	0	0	0	0	13	0	0	0	0	0	0	0	0	0	0	0	0	0	0	0	0	0	0	0	0	0	0	0	0	0	0	0	0	0	0	0	0	0	0	0	0	0	0	0	0	0	0	0	0	0	0	0
Cronobacter phage CR5	0	0	0	0	0	0	0	0	0	0	0	0	0	0	0	0	0	0	0	0	0	0	0	0	0	0	0	0	0	0	0	0	0	0	0	0	0	0	0	0	0	0	0	169	0	0	0	0	0	0	0	0	0	0	0	0	0	0	0
Cruoricaptor ignavus	0	0	0	0	0	0	0	0	0	0	0	0	0	44	0	15	0	0	0	0	0	0	0	0	0	0	0	42	0	0	0	0	0	0	0	0	0	0	0	0	0	0	0	0	0	0	0	0	0	0	0	0	0	0	0	0	0	0	0
Cryptobacterium curtum	0	0	0	0	15	40	0	0	0	0	0	0	0	70	0	0	0	0	0	0	0	0	28	24	24	27	0	0	0	0	0	0	0	52	0	0	0	0	0	0	0	0	0	0	18	170	0	0	0	0	0	0	0	0	0	0	0	0	0
Culoivirus americanus	0	0	70	0	0	0	0	180	0	0	1118	0	0	77	0	0	0	42	0	0	0	0	0	0	0	0	0	0	0	0	0	0	0	0	0	0	0	25	0	0	383	40	0	0	0	0	0	0	0	0	28	0	0	246	72	0	0	24	0
Culoivirus faecalis	0	0	0	0	0	0	0	158	0	0	312	0	0	105	0	0	0	0	53	0	0	0	15	0	0	0	0	0	0	0	0	0	0	0	0	0	0	0	0	0	0	0	0	0	0	0	0	0	0	0	31	0	0	55	0	0	0	0	0
Culoivirus intestinalis	0	0	0	0	0	31	314	154	0	0	1213	0	0	0	0	0	0	0	0	0	116	0	0	0	0	0	0	0	0	0	0	0	0	0	0	0	0	41	0	0	0	0	0	0	0	0	229	0	0	0	0	0	0	0	0	0	0	0	0
Cutibacterium acnes	79	13	0	0	16	0	0	0	0	0	0	0	46	0	0	20	24	0	0	0	0	0	0	0	0	38	0	11	15	0	0	0	0	0	0	0	0	0	0	0	0	0	0	0	0	0	0	0	0	0	0	0	0	17	0	58	0	0	0
Cutibacterium avidum	0	0	0	0	0	0	0	0	0	0	0	0	0	150	20	0	0	0	0	0	0	0	0	0	0	0	0	0	0	0	0	0	0	0	0	0	0	0	0	0	0	0	0	0	0	0	0	0	0	0	0	0	0	0	0	0	0	0	0
Cutibacterium granulosum	0	0	0	0	0	0	0	0	0	0	0	0	0	0	0	0	0	0	0	0	0	0	0	0	0	0	0	0	0	0	0	0	0	0	0	18	0	0	0	0	0	0	0	0	0	0	0	0	0	0	0	0	0	0	0	0	0	0	0
Dabirmavirus hominis	0	0	0	0	0	0	0	0	0	0	0	0	0	0	0	0	0	0	0	0	0	0	0	0	0	0	0	0	0	0	0	0	0	0	0	0	0	0	0	0	0	11603	224	0	0	0	3791	0	0	0	0	0	0	0	0	0	0	0	0
Debaryomyces hansenii	0	0	0	0	0	0	0	0	0	0	0	0	0	0	21	0	0	0	0	0	0	0	0	0	0	60	0	0	0	0	0	0	0	24	0	0	0	0	0	10	0	0	0	2237	14	519	0	0	0	0	0	75	16	0	0	0	0	0	0
Dehalobacter sp. CP	0	119	0	0	0	0	0	0	0	0	0	0	56	0	0	0	0	0	0	0	0	0	0	0	0	0	0	0	0	0	0	0	0	0	0	0	0	0	0	0	0	0	0	0	0	0	0	0	0	0	0	0	0	0	0	0	0	0	0
Dehalococcoides mccartyi	0	0	0	0	0	0	0	0	0	0	0	0	0	0	0	0	0	0	27	0	0	0	0	0	0	0	0	0	0	0	0	0	0	0	0	0	0	0	0	0	0	0	0	0	0	0	0	0	0	0	0	0	0	0	0	0	0	0	0
Delftia tsuruhatensis	0	0	0	0	0	0	0	0	0	0	0	0	0	0	0	0	0	0	18	0	0	0	0	0	0	0	0	0	0	0	0	0	0	0	0	0	0	0	0	0	0	0	0	0	0	0	0	0	0	0	0	0	0	0	0	0	0	0	0
Dellaglioa kimchii	0	0	0	0	0	0	0	0	0	0	193	0	0	0	0	0	0	0	0	0	0	0	0	0	0	0	0	0	0	0	0	0	0	0	0	0	0	0	0	0	0	0	0	0	22	0	21	0	0	0	0	0	0	0	0	0	0	0	0
Delmidovirus copri	0	0	0	0	0	0	0	0	0	0	0	0	0	0	0	0	0	0	0	0	0	0	0	0	0	0	0	0	0	0	0	0	0	0	0	0	0	0	0	0	0	0	0	0	0	0	1328	0	0	0	0	0	0	0	0	0	0	0	0
Delmidovirus intestinihominis	0	0	0	0	0	26	0	0	0	0	0	0	0	0	51	0	0	0	0	0	77	0	0	0	0	0	0	0	0	0	0	0	0	0	0	0	0	0	0	0	0	0	0	0	0	0	15	0	0	0	0	0	0	0	0	0	0	0	0
Delmidovirus splanchnicus	0	0	0	0	0	0	0	0	0	0	0	0	0	200	0	0	0	0	0	0	0	0	0	0	0	0	0	0	0	0	0	0	0	0	0	0	0	0	0	0	0	0	0	0	0	0	0	0	0	0	0	0	0	0	0	0	0	0	0
Denitrobacterium detoxificans	0	17	0	0	30	0	0	0	0	0	40	0	0	0	0	0	0	0	70	0	0	0	0	0	0	0	0	0	0	0	0	0	0	11	0	30	0	23	0	0	0	0	0	0	0	0	0	0	0	0	0	0	0	0	0	12	0	0	0
Desulfitobacterium hafniense	0	0	0	0	0	0	0	0	0	0	0	0	0	0	0	0	0	0	13	0	0	0	0	0	0	0	0	0	0	0	0	0	0	0	0	0	0	0	0	0	0	0	0	0	0	0	0	0	0	0	0	0	0	0	0	0	0	0	0
Desulfobacter postgatei	0	0	0	0	0	0	0	0	0	0	0	0	0	26	0	0	0	0	0	0	0	0	0	0	0	0	0	0	0	0	0	0	0	0	0	0	0	0	0	0	0	0	0	0	0	0	0	0	0	0	0	0	0	0	0	0	0	0	0
Desulfobulbus oralis	0	0	0	0	0	0	0	0	0	0	0	0	0	0	0	0	0	0	0	0	56	0	0	0	0	0	0	0	0	0	0	0	0	0	0	0	0	0	0	0	0	0	0	0	0	0	0	0	0	0	0	13	0	58	26	0	0	0	0
Desulforamulus ruminis	0	0	0	0	0	0	0	0	0	0	0	0	133	0	0	0	0	0	12	46	0	0	0	0	0	0	0	0	0	0	0	0	0	0	0	0	0	0	0	0	0	0	0	0	0	0	0	0	0	0	0	0	0	0	0	0	0	0	0
Desulfovibrio desulfuricans	0	0	947	0	0	63	38	0	0	0	0	0	0	0	0	0	0	0	0	412	25	0	0	0	0	0	0	0	0	0	0	0	0	0	0	0	0	0	0	0	0	0	0	0	220	0	0	0	0	0	0	0	0	0	0	0	0	0	0
Desulfovibrio fairfieldensis	91	377	96	149	306	84	64	50	51	56	68	78	192058	9606	70	0	16	13	0	29339	0	0	14	0	0	0	0	0	0	0	0	0	0	0	0	0	0	0	1479	0	0	0	111	0	0	0	0	0	0	0	0	0	14600	0	0	0	0	0	0
Desulfovibrio piger	162	27958	124	767	149	327	176	205	1272	12	181	11	0	35	674	12208	102	184	24526	296	43	90	50149	16503	5468	292	49	51	398	91	53	43	40735	7150	15	350	328	10421	1541	21881	14817	239	46345	112	10	111	35	19	0	264	173	22434	79	460	47	37	285	15	13
Desulfovibrio sp. G11	0	0	0	0	0	0	0	0	0	0	0	0	0	0	0	0	0	0	0	0	3794	0	0	0	0	0	0	0	0	0	0	0	0	0	0	0	0	0	714	0	0	0	0	0	0	0	0	0	0	0	0	0	0	0	0	0	0	0	0
Desulfovibrio sp. WGS1351	0	0	0	0	0	0	0	0	0	0	0	0	0	0	0	0	0	0	0	16	7677	0	0	0	0	0	0	0	0	0	0	0	0	0	0	0	0	0	0	0	0	0	0	0	0	0	0	0	0	0	0	0	0	0	0	0	0	0	0
Dialister hominis	458	172592	131	18529	292	0	0	1253	0	0	246	212	74549	107	75457	0	0	0	3194	0	0	0	0	0	0	0	0	7276	0	0	0	1811	0	0	0	0	0	0	4571	0	882	0	0	0	0	0	0	0	0	0	0	0	3081	0	0	0	0	0	0
Dialister massiliensis	238	98461	161	1264	246	274	0	0	0	0	0	0	72832	0	46728	280	0	0	0	0	0	0	0	0	0	0	0	6179	0	2194	0	0	0	0	0	0	0	0	475	0	0	0	36	0	0	0	0	0	0	0	750	0	0	0	0	0	2618	0	0
Dialister pneumosintes	21	0	0	0	0	15	0	0	0	0	0	0	0	71	0	0	471	0	0	0	0	0	0	0	0	0	0	249	0	0	0	0	60	49	12	23	0	0	0	0	0	0	33	0	0	0	0	38	0	590	18	0	15	30	0	11	0	0	0
Dialister sp.	0	263	0	10640	10	0	96	0	347	0	0	0	280	1066	0	0	0	0	93	0	0	0	0	0	82	0	0	12	0	28	0	17	0	0	0	0	0	0	1849	0	400	423	0	0	0	0	0	39	0	30	14120	0	357	176	0	76	2446	1619	0
Dialister succinatiphilus	128	1648	154	127106	257	149	799	221	474	276	101	142	97	130447	255	122	0	0	2111	0	90	0	0	0	1792	226	16	244	139	30	262	23	58	0	0	64	13	0	47546	265	8251	0	10	0	211	1370	572	652	453	1404	821627	168	2702	12167	160	3787	362257	137154	443
Dichelobacter nodosus	0	0	14	0	0	0	0	0	0	0	0	0	0	0	0	0	0	0	0	0	0	0	0	0	0	0	0	0	0	0	0	0	0	0	0	0	0	0	0	0	0	0	0	0	0	0	0	0	0	0	0	0	0	0	0	0	0	0	0
Dickeya zeae	0	0	0	0	0	0	0	0	0	0	0	0	0	0	0	0	0	0	0	0	0	0	0	0	0	0	0	0	0	0	0	0	0	0	0	0	0	0	0	0	0	0	0	0	0	0	0	0	0	0	0	0	0	0	0	0	0	10	0
Diorhovirus copri	0	0	0	0	0	0	0	0	0	0	0	0	0	0	0	0	0	0	0	0	0	0	0	0	0	0	0	0	0	0	0	0	0	0	0	0	0	0	1391	0	0	0	0	0	0	0	0	0	0	0	0	0	0	0	0	0	0	0	0
Diorhovirus intestinalis	0	0	0	0	0	0	0	0	0	0	0	0	0	0	0	0	0	0	0	0	0	0	0	0	0	0	0	0	0	0	0	0	0	0	0	0	0	0	41	0	0	0	0	0	0	0	0	0	0	0	0	0	0	0	0	0	0	0	0
Dolosigranulum pigrum	0	0	0	19	0	0	0	0	0	0	0	0	0	21	0	0	0	0	0	0	0	0	17	0	0	0	14	0	0	0	0	0	0	0	0	0	0	0	0	0	0	0	0	0	0	0	0	0	0	0	0	0	0	0	0	0	0	0	0
Dorea amylophila	84986	10857	11984	28265	20530	1143	10763	2195	2351	13796	5879	529	6514	8538	7431	4761	611	193	3392	1740	9585	196108	120026	831	12842	10260	5850	33431	2400	11003	1838	1784	29174	18258	33200	24306	577	10740	7267	22760	6782	3329	1012	6612	38058	222	4396	32466	6534	1209	33839	7525	3710	17464	6480	2116	5149	5881	3403
Dorea formicigenerans	178348	28988	49779	76841	27221	53672	20359	3310	6907	12549	33728	924	7100	34224	9761	9877	12947	1155	12451	2620	7023	60673	10627	14311	7023	13436	20078	125996	46244	8905	9587	7631	62914	40038	2453	12489	19422	14620	26042	5891	7181	13602	6777	2309	15616	3395	16220	7400	25440	48428	111772	20290	13560	7660	23367	45288	7508	8543	9048
Dorea longicatena	1903395	142683	222347	602726	538492	15444	188944	215446	110591	67748	122714	2664	36777	208499	303603	122373	2013	3424	24614	56729	183374	673374	415229	7908	608162	261997	143550	752998	66271	39649	87636	196303	154915	145360	1384894	998817	8158	163524	44832	73340	471183	43543	11893	179298	301239	5643	278750	131150	42542	36072	360720	139686	59337	129288	189054	60574	243534	475221	63830
Drivevirus gastrointestinalis	0	0	0	0	0	0	0	0	0	0	0	0	0	0	0	0	0	0	0	21	0	0	0	0	0	0	0	0	0	0	0	0	0	0	0	0	0	0	0	0	0	0	0	0	0	0	0	376	0	31	0	0	0	0	0	0	0	0	0
Duncaniella dubosii	0	614	543	35	0	0	43	0	0	0	0	741	0	999	988	0	0	0	14	27	0	2058	511	22	265	0	0	58	0	0	322	0	0	0	0	88	0	75	0	40	767	0	458	0	78	0	0	81	38	58	0	66	0	159	410	77	0	0	0
Duncaniella freteri	0	1638	0	0	0	0	0	0	0	0	0	0	0	0	0	0	0	0	130	0	0	0	0	62	0	0	0	0	0	0	0	0	0	0	0	0	0	364	0	0	0	0	0	0	128	0	0	0	0	198	0	0	0	209	0	115	51	101	0
Duodenibacillus massiliensis	37	29	32	30	66	93	81	86117	35	32	135	1632	35	19	46	0	0	0	0	0	0	0	0	16	0	0	0	0	0	0	0	0	65	0	0	0	16	0	0	111	0	0	12	0	0	0	0	0	0	0	0	0	22335	0	214	0	0	0	56
Dysosmobacter welbionis	53254	57266	68642	21143	58043	116883	44495	8041	41228	15409	6142	17018	42287	24378	47646	18326	1464	176	36371	13538	19725	21311	69884	15831	23218	15846	15360	40125	16156	44733	4635	12862	24654	19631	5223	2971	51587	17388	22188	18823	65624	24392	56799	6755	37548	13761	20460	33849	4281	41838	26997	18473	23606	19994	9638	28285	8040	26628	13635
Ectopseudomonas oleovorans	0	0	0	0	0	0	0	0	0	0	0	0	0	0	0	0	0	0	0	0	0	0	0	0	0	0	0	0	0	0	0	0	0	0	0	23	0	0	0	0	0	0	0	0	0	0	0	0	0	0	0	0	0	0	0	0	0	0	0
Edwardsiella tarda	0	23	0	0	0	0	0	0	0	0	0	0	0	0	0	0	0	0	0	0	0	0	0	0	0	0	0	0	0	0	0	0	0	0	0	0	0	0	0	0	0	0	0	0	0	0	0	0	0	0	0	0	0	0	0	0	0	0	0
Efemunavirus Efm1	0	0	0	0	0	0	0	0	0	0	0	0	0	0	0	0	0	0	0	0	0	0	0	0	0	0	0	0	0	0	0	0	0	0	0	0	0	0	0	0	0	0	0	0	0	0	0	12	0	0	0	0	0	0	0	0	0	0	0
Eganvirus ev186	0	0	0	0	0	0	0	0	0	0	0	0	0	0	0	0	0	0	0	0	0	0	0	0	0	0	0	0	0	0	0	0	0	0	0	0	0	40	0	0	0	0	0	0	0	0	0	0	0	0	0	0	0	0	0	0	0	0	0
Eggerthella guodeyinii	75	61	301	15	30	162	59	463	395	30	0	145	66	0	24	59	133	0	0	17	185	0	18	0	0	0	50	91	0	100	0	0	58	27	19	0	0	0	17	282	12	80	22	230	37	343	12	0	14	24	58	0	0	0	0	11	56	75	0
Eggerthella lenta	30780	2416	20323	11539	8630	12620	5725	67746	68727	21505	7510	9388	12510	1145	3716	4079	94568	1498	3856	6633	65431	6381	38282	714	1126	4243	10714	8831	4960	8032	4355	5906	58588	5532	31924	2953	72044	1714	16732	42056	3081	1473	1600	34640	6750	18149	4048	1238	14835	48988	11673	1270	954	19469	2841	4129	6447	6174	3218
Eggerthella sp. YY7918	5088	425	1184	0	389	57	0	22	4622	258	39	0	76	62	187	104	25	0	115	0	78	35	62	48	0	17	0	1342	510	420	0	164	16	14	0	277	0	35	76	0	0	150	67	121	307	0	0	0	0	1131	0	206	0	0	61	446	167	809	26
Eikenella corrodens	0	41	0	0	0	0	0	0	0	0	0	0	0	0	0	0	0	40	0	0	0	0	0	0	0	0	0	0	0	0	0	0	0	0	0	0	0	0	0	0	0	0	0	0	0	0	0	0	0	0	0	0	0	0	0	0	0	0	0
Eisenbergiella porci	634	1876	4545	557	1564	10426	2632	193	3527	983	973	254	14568	1763	999	1573	50	46	1600	9670	2636	552	63238	3246	590	570	291	5641	564	161	111	1518	200	2051	50	316	318	1484	2505	733	1056	387	920	2967	804	13858	957	1792	2335	4292	291	172	752	564	586	2111	286	1273	3342
Emergencia sp. JLR.KK010	1119	21	20	0	805	0	2595	78	0	0	13	0	34	66	86	25	52	0	460	16	0	17	38	0	0	0	0	90	0	0	0	0	68	246	12	0	0	0	0	23	0	0	181	0	25	0	17	20	12	0	0	198	436	232	85	45	0	0	269
Emergencia timonensis	10	124	73	0	24	11	5032	0	0	21	0	0	18	341	0	4415	12	0	292	11560	2463	18	9414	142	10	27	0	98	19	0	0	23	0	12	11	0	0	166	369	299	0	0	3429	30	76	767	0	12	0	490	0	0	0	0	0	304	0	0	43
Empedobacter falsenii	0	0	0	0	0	0	0	0	0	0	0	0	0	0	0	0	0	18	0	0	0	0	0	0	0	0	0	0	0	0	0	0	0	0	0	0	0	0	0	0	0	0	0	0	0	0	0	0	0	0	0	0	0	0	0	0	0	0	0
Endlipuvirus intestinihominis	0	0	0	0	0	1038	0	0	0	0	0	0	0	0	0	19198	13	23	0	0	0	18	27	28	0	11	44	0	0	0	33	35914	46	14057	0	35	38	2494	10	0	71293	0	19946	12	0	0	0	0	0	0	0	0	0	3851	0	0	0	0	0
Enorma phocaeensis	11163	586	25	0	0	657	69	0	0	691	0	0	20	0	14	21	0	0	21	0	155	80	0	16	0	0	0	169	289	0	0	73	27	396	271	15	0	238	33	0	25	458	0	0	0	0	0	197	0	0	0	0	0	0	0	131	0	0	0
Enterobacter adelaidei	0	0	0	0	0	0	0	0	0	0	0	0	0	0	0	0	0	0	0	0	0	0	0	0	0	0	0	0	0	0	0	0	0	0	0	0	0	0	0	0	0	0	0	187	0	0	0	0	0	0	0	0	0	0	0	0	0	0	0
Enterobacter asburiae	0	0	0	0	0	0	0	0	0	0	386	5849	1120	0	0	0	0	0	0	420	0	0	0	0	0	0	0	0	0	0	0	0	0	0	0	347	0	16484	6464	0	493	0	0	114915	0	0	0	0	0	0	0	0	236	0	0	1422	0	396	0
Enterobacter bugandensis	0	0	0	0	0	182	0	0	0	0	0	0	0	0	0	0	0	0	0	0	0	0	0	0	0	0	0	0	0	0	0	0	0	0	0	0	0	0	0	0	0	0	0	0	0	0	0	0	0	0	0	0	0	0	0	167	0	413	0
Enterobacter cancerogenus	0	0	0	0	0	0	0	0	0	0	0	0	0	0	0	0	0	0	12	0	183492	0	0	0	777	0	0	36	0	0	0	0	0	0	0	0	0	166	0	58	0	0	0	0	48	0	129	34	0	37	40	25	19	0	0	10515	13	91	0
Enterobacter chuandaensis	0	0	0	0	0	0	0	0	0	0	0	0	0	0	0	0	0	0	0	0	0	0	0	0	0	0	0	0	0	0	0	0	0	0	0	0	0	254	0	0	0	0	0	0	0	0	0	0	0	0	0	0	0	0	0	0	0	0	0
Enterobacter cloacae	0	0	91	0	0	96	0	0	0	0	0	246	0	0	0	0	0	0	39	0	0	0	0	0	0	0	0	0	0	0	0	0	0	0	0	60	0	111	3698	0	0	0	0	1267	0	0	0	0	0	0	0	0	0	0	0	0	0	42	0
Enterobacter cloacae complex sp.	0	0	0	0	0	0	0	0	0	0	0	983	0	0	0	0	0	0	0	0	0	0	0	0	0	0	0	0	0	0	0	0	0	0	0	0	0	0	0	0	0	0	0	0	0	0	0	0	0	0	0	0	0	0	0	963	0	0	0
Enterobacter cloacae complex sp. ECL352	0	0	0	0	0	0	0	0	0	0	0	0	0	0	0	0	0	0	0	0	0	0	0	0	0	0	0	0	0	0	0	0	0	0	0	0	0	0	0	0	0	0	0	6800	0	0	0	0	0	0	0	0	0	0	0	0	0	0	0
Enterobacter cloacae complex sp. ECL414	0	0	0	0	0	0	0	0	0	0	0	0	0	0	0	0	0	0	0	0	0	0	0	0	0	0	0	0	0	0	0	0	0	0	0	0	0	0	0	0	0	0	0	852	0	0	0	0	0	0	0	0	0	0	0	0	0	0	0
Enterobacter cloacae complex sp. FDA-CDC-AR_0164	0	0	0	0	0	0	0	0	0	0	0	0	0	0	0	0	0	0	0	0	0	0	0	0	0	0	0	0	0	0	0	0	0	0	0	0	0	767	0	0	0	0	0	0	0	0	0	0	0	0	0	0	0	0	0	0	0	0	0
Enterobacter hormaechei	715	1129	558	710	1190	6156	1424	2731	0	0	587	1284549	5000	944	540	0	0	0	2260	1368	3125	0	0	2476	0	0	0	7724	0	0	0	0	0	0	0	0	0	59580	226469	0	9167	0	0	121429	0	0	0	0	0	0	0	3648	0	0	0	35666	721	124901	21308
Enterobacter kobei	408	0	0	0	0	3517	0	0	0	0	0	1161	206	0	0	0	0	0	0	0	0	0	0	0	0	0	540	0	0	0	0	433	0	0	0	1092	0	53903	159501	0	62975	0	1559	832135	0	0	0	0	0	0	0	0	0	0	0	2101	3325	53718	0
Enterobacter ludwigii	0	0	0	0	0	9253	0	0	0	0	0	5702	0	0	0	0	0	0	0	0	0	0	0	0	0	0	0	0	0	0	0	0	0	0	0	0	0	115924	1470	2979	36131	0	0	1073	0	0	0	0	0	0	0	3945	1419	0	0	581	886	41324	0
Enterobacter mori	0	0	0	0	0	0	0	0	0	0	0	1239	0	0	0	0	0	0	0	0	0	0	0	0	0	0	0	0	0	0	0	0	0	0	0	0	0	490	0	0	1468	0	0	787	0	0	0	0	0	0	0	0	238	0	0	620	0	458	0
Enterobacter roggenkampii	0	0	0	0	0	0	0	0	0	0	0	0	0	0	0	0	0	0	272	0	0	0	0	0	0	0	0	0	0	0	0	1316	0	0	0	114	0	1578	387	0	0	0	0	22003	152	0	0	0	0	0	0	0	162	0	0	77	0	0	0
Enterobacter sichuanensis	0	0	0	0	0	0	0	0	0	0	0	0	0	0	0	0	0	0	0	0	0	0	0	0	0	0	0	0	0	0	0	136	0	0	0	0	0	209	0	0	0	0	0	0	0	0	0	0	0	0	0	0	0	0	0	0	0	0	0
Enterobacter soli	0	0	0	0	0	60	0	0	0	0	0	0	0	75	0	0	0	0	0	0	0	0	0	0	0	0	0	0	0	0	0	0	0	0	0	0	0	1160	0	0	0	0	0	83	0	0	0	0	0	0	0	0	0	0	0	0	0	136	0
Enterobacter sp. C2	0	0	0	0	0	0	0	0	0	0	0	0	0	0	0	0	0	0	0	0	0	0	0	0	0	0	0	0	0	0	0	0	0	0	0	0	0	0	0	0	0	0	0	0	0	0	0	0	0	0	0	0	0	0	0	20	0	0	0
Enterobacter sp. Crenshaw	0	0	0	0	0	0	0	0	0	0	0	0	0	0	0	0	0	0	0	0	0	0	0	0	0	0	0	0	0	0	0	0	0	0	0	0	0	0	0	0	0	0	0	8655	0	0	0	0	0	0	0	0	0	0	0	0	0	0	0
Enterobacter sp. DNB-S2	0	0	0	0	0	0	0	0	0	0	0	0	0	0	0	0	0	0	0	0	0	0	0	0	0	0	0	0	0	0	0	0	0	0	0	0	0	0	6417	0	0	0	0	11278	0	0	0	0	0	0	0	0	0	0	0	0	0	0	0
Enterobacter sp. DSM 30060	0	0	0	0	0	0	0	0	0	0	0	40605	0	0	0	0	0	0	0	0	0	0	0	0	0	0	0	0	0	0	0	0	0	0	0	0	0	0	0	0	0	0	0	0	0	0	0	0	0	0	0	0	0	0	0	0	0	0	0
Enterobacter sp. HNDS-6	0	0	0	0	0	0	0	0	0	0	0	0	0	0	0	0	0	0	0	0	0	0	0	0	0	0	0	0	0	0	0	0	0	0	0	0	0	0	0	0	0	0	0	1068	0	0	0	0	0	0	0	0	0	0	0	0	1406	25702	0
Enterobacter sp. JBIWA005	0	0	0	0	0	0	0	0	0	0	0	0	0	0	0	0	0	0	0	0	0	0	0	0	0	0	0	0	0	0	0	0	0	0	0	0	0	0	0	0	0	0	0	258	0	0	0	0	0	0	0	0	0	0	0	0	0	0	0
Enterobacter sp. JUb54	0	0	0	0	0	0	0	0	0	0	0	2372	0	0	0	0	0	0	0	0	0	0	0	0	0	0	0	0	0	0	0	0	0	0	0	0	0	0	0	0	0	0	0	0	0	0	0	0	0	0	0	0	0	0	0	0	0	0	0
Enterobacter sp. N18-03635	0	0	0	0	0	0	0	0	0	0	0	0	0	0	0	0	0	0	0	0	0	0	0	0	0	0	0	0	0	0	0	0	0	0	0	0	0	0	0	0	0	0	0	12446	0	0	0	0	0	0	0	0	0	0	0	0	0	0	0
Enterobacter sp. RHBSTW-00175	0	0	0	0	0	170	0	0	0	0	0	0	0	0	0	0	0	0	0	0	0	0	0	0	0	0	0	0	0	0	0	0	0	0	0	0	0	180	0	0	0	0	0	0	0	0	0	0	0	0	0	0	0	0	0	0	0	0	0
Enterobacter sp. RHBSTW-00593	0	0	0	0	0	0	0	0	0	0	0	0	0	0	0	0	0	0	0	0	0	0	0	0	0	0	0	0	0	0	0	0	0	0	0	0	0	0	0	0	0	0	0	0	0	0	0	0	0	0	0	0	0	0	0	0	0	6083	0
Enterobacter sp. RHBSTW-00975	0	0	0	0	0	13741	0	0	0	0	0	0	0	0	0	0	0	0	0	0	0	0	0	0	0	0	0	0	0	0	0	0	0	0	0	0	0	0	0	0	0	0	0	0	0	0	0	0	0	0	0	0	0	0	0	0	0	0	0
Enterobacter sp. S-33	0	0	0	0	0	0	0	0	0	0	0	0	0	0	0	0	0	0	0	0	0	0	0	0	0	0	0	0	0	0	0	0	0	0	0	0	0	809	0	0	0	0	0	0	0	0	0	0	0	0	0	0	0	0	0	0	0	0	0
Enterocloster asparagiformis	2759	692	8240	594	7189	6085	3163	248	26280	11799	323	2858	6809	673	183	2040	293	55	2967	2458	7461	877	2086	2719	6607	1281	686	2849	1747	956	255	11053	404	837	46	1180	201	1440	2866	11668	615	1935	1648	220	962	2885	279	1332	17277	11662	428	1070	1880	1315	556	256	637	1383	930
Enterocloster bolteae	2413	848	11756	14625	7221	42559	6789	18172	50282	3112	4436	3425	22186	2878	2814	109660	13471	476	2116	10724	12348	2665	64222	10667	2680	2746	12260	3995	2011	5840	4809	1917	3427	1495	6936	5658	244322	1226	8661	79203	282	1796	24683	111128	846	11387	799	420	46019	18204	1813	543	444	6043	2155	837	1463	2485	2781
Enterocloster clostridioformis	3033	1528	3173	1253	1136	2660	2583	44977	50401	2977	2259	1116	4950	1597	692	1434	24201	915	1225	2511	16306	7021	29343	2819	503	2636	4184	4640	1134	2171	655	1208	2572	3289	138085	572	35378	433	8254	19504	220	2858	795	4906	328	12209	1944	4915	8594	18946	1511	1440	575	1075	381	337	292	993	606
Enterocloster lavalensis	345	394	2656	3255	161	2785	925	554	13623	96	55	79	3289	544	756	1591	963	0	313	6420	2960	38	515	2152	140	63	5764	675	27	4252	0	97	523	52	53	204	345	109	13374	258	42	42	617	6099	123	1197	556	319	5407	564	515	96	472	691	36	196	1228	1076	1363
Enterococcus avium	0	0	0	0	0	0	0	4707	934	0	17	35	0	0	0	43058	29079	1160	171	742	0	0	119	0	0	0	238	0	0	0	0	0	0	0	6501	0	0	0	13	0	0	0	26	0	333	33	0	13	0	0	0	0	0	0	0	0	0	21	0
Enterococcus casseliflavus	0	0	0	0	0	0	0	148	0	0	0	0	0	0	2894	126	0	0	0	235	0	0	0	25	0	0	0	0	0	0	0	0	0	0	0	0	0	44	231	0	0	0	1266	0	12617	0	0	0	0	0	0	0	0	0	0	67	0	170	0
Enterococcus cecorum	63	75	14	60	64	85	150	44	0	0	68	0	299	72	55	76	0	0	0	0	0	60	0	40	0	0	293	30	126	183	19	302	71	222	0	0	16	200	830	231	12	79	20	124	23	19	291	12	214	0	21	360	101	99	0	26	33	0	640
Enterococcus devriesei	0	0	0	0	0	0	0	0	0	0	0	0	0	0	0	0	33	0	0	0	0	30	0	0	0	0	0	0	0	0	0	0	0	0	0	0	0	0	0	0	0	0	0	0	0	0	0	0	0	0	0	0	0	0	0	0	0	0	0
Enterococcus dispar	0	0	0	0	0	0	0	0	0	0	0	0	0	0	0	17	962	0	0	0	0	0	0	0	0	0	0	0	0	0	0	0	0	0	28	0	0	28	0	0	0	0	0	0	37	0	0	0	0	0	0	0	0	0	0	0	0	0	0
Enterococcus durans	197	706	15	0	32	0	0	0	519	0	0	0	182	43	0	133736	0	0	70	0	15	6334	16	0	7034	51	14	30	41	0	0	0	25	0	0	2414	34	15337	0	40	1141	0	0	1474	9735	20	85	46615	23	16	28	2242	152	13	11	3485	283	11836	2291
Enterococcus faecalis	167	4820	95	0	88	142	42	403	0	1287	956	0	15463	0	23589	73056	11799	0	374	2310	0	7467	155	0	247	0	0	279	333	0	0	0	0	0	0	24515	0	6329	689	80	694	0	659	4960	1141	0	460	43905	1254	0	0	120	302	0	0	10961	207	3113	29805
Enterococcus faecium	9044	37575	6522	4060	7297	24673	3835	1744	4338	4239	2938	1910	95044	2279	2377133	36050	2551	0	31237	11625	3480	76082	6048	1912	1893	777	446	4531	39148	1395	91	853	1781	676	478	26754	696	8832	27144	4648	3012	1705	4568	6889	42222	729	5673	41468	6160	4283	2696	602	6047	837	625	2126	972	5712	23054
Enterococcus gallinarum	0	257	0	0	1246	0	0	318	0	0	0	0	194	0	155	309	236	0	0	1324	0	0	0	130	133	0	0	0	0	0	0	0	222	0	0	362	0	0	1936	0	0	0	339	0	515	0	0	0	0	0	0	0	435	0	0	0	0	0	2131
Enterococcus gilvus	0	0	0	0	0	0	0	0	0	0	2424	0	0	0	0	0	23	0	0	0	0	0	0	0	0	0	0	12	0	0	0	0	0	0	12	0	0	50	0	0	0	0	44	0	0	0	0	1534	0	0	0	0	0	0	0	317	21	520	69
Enterococcus hirae	109	852	109	117	147	119	67	194	73	219	474	220	10629	138	975576	0	0	0	0	0	0	0	0	0	0	0	0	0	0	0	0	0	0	0	0	0	0	97	0	0	89565	0	0	0	751	0	0	229	0	0	0	0	0	0	0	0	0	213	0
Enterococcus innesii	0	0	0	0	0	0	0	0	0	0	0	0	0	0	0	0	0	0	0	0	0	0	0	0	0	0	0	0	0	0	0	0	0	0	0	0	0	0	0	0	0	0	0	0	164	0	0	0	0	0	0	0	0	0	0	0	0	0	0
Enterococcus italicus	45	0	0	0	0	0	0	0	0	0	0	0	0	0	0	0	0	0	0	0	0	0	0	0	0	0	0	0	0	0	0	0	0	0	0	0	0	0	0	0	0	0	0	0	0	0	0	0	0	0	0	0	0	0	0	0	0	52	0
Enterococcus lactis	0	2818	0	0	0	0	0	0	0	0	0	0	31573	0	464	1226	0	0	2089	248	0	16255	38	0	0	0	0	0	0	0	0	0	0	0	0	11250	317	0	0	0	183	0	0	0	1748	0	237	1168	5508	0	0	0	0	0	0	0	0	782	204
Enterococcus montenegrensis	0	0	0	0	0	0	0	0	0	0	0	0	0	0	0	13	0	0	0	0	0	0	0	0	0	0	0	0	0	0	0	0	0	0	0	0	0	0	0	0	0	0	0	0	0	0	0	0	0	0	0	0	0	0	0	0	0	0	0
Enterococcus mundtii	68	38	0	0	0	0	0	0	0	0	0	0	72	0	1014	0	0	0	0	0	0	0	0	0	0	0	0	136	0	0	0	0	0	0	0	0	0	0	0	0	0	0	0	0	0	0	0	0	0	0	0	0	0	0	0	0	0	0	0
Enterococcus raffinosus	0	0	0	0	0	0	0	12	0	0	0	0	0	0	0	273	123	1237	0	492	0	0	0	0	0	0	0	0	0	0	0	0	0	0	33	0	0	19	0	0	0	0	0	0	0	0	0	0	0	0	0	0	0	0	0	0	0	16	0
Enterococcus rotai	0	0	0	0	0	0	0	0	0	0	0	0	0	0	0	0	0	0	0	0	0	0	0	0	0	0	0	0	0	0	0	0	0	0	0	0	0	0	0	0	0	0	0	0	0	0	0	0	0	0	0	0	0	0	0	14	0	0	0
Enterococcus saigonensis	0	0	0	0	0	191	16	0	0	0	0	0	744	0	0	0	952	1161	0	105	0	0	0	0	0	1181	0	0	49	0	0	0	0	0	0	0	0	0	0	0	0	0	3195	40	0	0	0	0	0	0	0	0	0	0	0	1429	0	0	0
Enterococcus sp. 22-H-5-01	0	0	0	0	0	0	0	0	0	0	0	0	0	0	348	0	0	0	0	0	0	0	0	0	0	0	0	0	0	0	0	0	0	0	0	32	0	286	19	0	0	0	0	0	0	0	0	0	0	0	0	72	0	0	0	0	0	0	0
Enterococcus sp. AZ009	0	0	0	0	0	0	0	0	0	0	0	0	0	0	265	0	0	0	0	0	0	0	0	0	0	0	0	0	0	0	0	0	0	0	0	0	0	0	0	0	0	0	0	0	108	0	0	0	0	0	0	0	0	0	0	0	0	0	0
Enterococcus sp. AZ089	0	0	0	0	0	0	0	0	0	0	0	0	0	0	0	0	0	0	0	0	0	0	0	0	0	0	0	0	0	0	0	0	0	0	0	0	0	0	0	0	0	0	0	0	139	0	0	0	0	0	0	0	0	0	0	0	0	0	0
Enterococcus sp. AZ095a	0	0	0	0	0	0	0	0	0	0	0	0	0	0	0	0	0	0	0	0	0	0	0	0	0	0	0	0	0	0	0	0	0	0	0	0	0	0	0	0	0	0	0	0	210	0	0	0	0	0	0	0	0	0	0	0	0	0	0
Enterococcus sp. AZ188	0	0	0	0	0	0	0	0	0	0	0	0	0	0	0	0	0	0	0	0	0	0	0	0	0	0	0	0	0	0	0	0	0	0	0	0	0	0	0	0	0	0	0	0	1258	0	0	0	0	0	0	0	0	0	0	0	0	0	0
Enterococcus sp. CR-Ec1	0	0	0	0	0	0	0	0	0	0	0	0	0	0	15472	0	0	0	0	0	0	0	0	0	0	0	0	0	0	0	0	0	0	0	0	0	0	0	0	0	0	0	0	0	0	0	0	0	0	0	0	0	0	0	0	0	0	0	0
Enterococcus sp. DA9	0	0	0	0	0	0	0	0	0	0	0	0	411	0	0	0	0	0	0	0	0	0	0	0	0	0	0	0	0	0	0	0	0	0	0	0	0	0	0	0	0	0	0	0	0	0	0	260	0	0	0	0	0	0	0	0	0	0	0
Enterococcus sp. DIV0167	0	0	0	0	0	0	0	0	0	0	0	0	0	0	0	0	0	0	0	0	0	0	0	0	0	0	0	0	0	0	0	0	0	0	0	0	0	0	0	0	0	0	0	0	0	0	0	0	0	0	0	0	0	0	0	2411	0	0	0
Enterococcus sp. DIV0175	0	0	0	0	0	0	0	0	0	0	0	0	0	0	0	0	0	0	0	0	0	0	0	0	0	0	0	0	0	0	0	0	0	0	0	0	0	0	0	0	0	0	0	0	0	0	0	0	329	0	0	0	0	0	0	0	0	0	0
Enterococcus sp. DIV0181	0	0	0	0	0	0	0	0	0	0	0	0	0	0	0	815	0	0	0	0	0	0	0	0	0	0	0	0	0	0	0	0	0	0	0	0	0	0	0	0	0	0	0	0	0	0	0	0	0	0	0	0	0	0	0	0	0	0	0
Enterococcus sp. DIV0236	0	0	0	0	0	0	0	0	0	0	0	0	0	0	0	0	0	0	0	0	0	0	0	0	0	0	0	0	0	0	0	0	0	0	0	0	0	0	0	0	0	0	0	0	0	0	0	0	0	0	0	0	0	0	0	0	0	0	3166
Enterococcus sp. DIV0800	0	0	0	0	0	0	0	0	0	0	0	0	0	0	0	0	34	0	0	0	0	39	0	0	0	0	0	0	0	0	0	0	0	0	0	0	0	0	0	0	0	0	0	0	0	0	0	0	0	0	0	0	0	0	0	0	0	0	0
Enterococcus sp. DIV0876	0	0	0	0	0	0	0	0	0	0	0	0	0	0	0	0	0	0	0	0	0	0	0	0	0	0	0	0	0	0	0	0	0	0	0	0	0	0	27	0	0	0	0	0	0	0	0	0	0	0	0	0	0	0	0	0	0	0	0
Enterococcus sp. DIV1072d	0	0	0	0	0	0	0	0	0	0	0	0	0	0	7801	0	0	0	0	0	0	0	0	0	0	0	0	0	0	0	0	0	0	0	0	0	0	0	0	0	0	0	0	0	0	0	0	0	0	0	0	0	0	0	0	0	0	0	0
Enterococcus sp. DIV1208	0	0	0	0	0	0	0	0	0	0	0	0	0	0	1920	0	0	0	0	0	0	0	0	0	0	0	0	0	0	0	0	0	0	0	0	0	0	0	0	0	0	0	0	0	0	0	0	0	0	0	0	0	0	0	0	0	0	0	0
Enterococcus sp. DIV1217	0	0	0	0	0	0	0	0	0	0	0	0	0	0	0	0	0	0	0	0	0	0	0	0	0	0	0	0	0	0	0	0	0	0	0	0	0	0	0	0	0	0	0	0	0	0	0	0	0	0	0	0	0	0	0	0	0	0	3327
Enterococcus sp. DIV1279b	0	0	0	0	0	0	0	0	0	0	0	0	0	0	0	0	0	0	0	0	0	0	0	0	0	0	0	0	0	0	0	0	0	0	0	0	0	0	0	0	0	0	0	0	127	0	0	0	0	0	0	0	0	0	0	0	0	0	0
Enterococcus sp. DIV1368d	0	0	0	0	0	0	0	0	0	0	0	0	0	0	0	0	0	0	0	0	0	0	0	0	0	0	0	0	0	0	0	0	0	0	0	0	0	0	85	0	0	0	0	0	208	0	0	0	0	0	0	0	0	0	0	0	0	0	0
Enterococcus sp. DIV1411a	0	0	0	0	0	0	0	0	0	0	0	0	0	0	0	0	0	0	0	0	0	0	0	0	0	0	0	0	0	0	0	0	0	0	0	0	0	0	0	0	0	0	1384	0	2117	0	0	0	0	0	0	0	0	0	0	0	0	0	0
Enterococcus sp. DIV1639a	0	0	0	0	0	0	0	0	0	0	0	0	0	0	232	0	0	0	0	0	0	0	0	0	0	0	0	0	0	0	0	0	0	0	0	0	0	0	0	0	0	0	0	0	0	0	0	0	0	0	0	0	0	0	0	0	0	0	0
Enterococcus sp. DIV1767	0	0	0	0	0	0	0	0	0	0	0	0	0	0	0	0	0	0	0	0	0	0	0	0	0	0	0	0	0	0	0	0	0	0	0	0	0	0	0	0	0	0	0	0	373	0	0	0	0	0	0	0	0	0	0	0	0	0	0
Enterococcus sp. DIV2379	0	0	0	0	0	0	0	0	0	0	0	0	0	0	0	0	0	0	0	0	0	0	0	0	0	0	0	0	0	0	0	0	0	0	0	0	0	0	0	0	0	0	0	0	414	0	0	0	0	0	0	0	0	0	0	0	0	0	0
Enterococcus sp. FDAARGOS_375	0	0	0	0	0	0	0	0	0	0	0	0	0	0	0	0	0	0	0	0	0	0	0	0	0	0	0	0	0	0	0	0	0	0	0	0	0	0	0	0	0	0	308	0	143	0	0	0	0	0	0	0	0	0	0	0	0	0	0
Enterococcus sp. FDAARGOS_553	0	0	0	0	0	0	0	0	0	0	0	0	0	0	0	0	0	0	0	0	0	0	0	0	0	0	0	0	0	0	0	0	0	0	0	0	0	0	231	0	0	0	0	0	0	0	0	0	0	0	0	0	0	0	0	0	0	0	0
Enterococcus sp. FZMF	0	0	0	0	0	0	0	0	0	0	0	0	0	0	0	0	0	0	0	0	0	0	0	0	0	0	0	0	0	0	0	0	0	0	0	0	0	0	0	0	0	0	153	0	1050	0	0	0	0	0	0	0	0	0	0	0	0	0	0
Enterococcus sp. LX10	0	0	0	0	0	0	0	0	0	0	0	0	0	0	0	0	0	0	0	0	0	0	0	0	0	0	0	0	0	0	0	0	0	0	0	0	0	0	0	0	0	0	0	0	0	0	0	0	0	0	0	0	0	0	0	1983	0	0	0
Enterococcus sp. SB12	0	0	0	0	0	0	0	0	0	0	0	0	932	0	0	2157	0	0	0	0	0	0	0	0	0	0	0	0	0	0	0	0	0	0	0	657	0	219	0	0	0	0	0	0	0	0	0	1646	0	0	0	0	0	0	0	247	0	380	0
Epilithonimonas vandammei	0	0	0	0	0	0	0	0	0	0	0	0	0	0	0	29	0	0	0	0	0	0	0	0	0	0	0	0	0	0	0	0	0	0	0	208	76	0	0	0	0	0	0	0	0	0	0	0	0	0	0	0	0	0	0	0	0	0	0
Eponavirus epona	0	0	0	0	0	0	6100	2268	0	0	0	0	0	0	0	0	0	0	0	0	0	0	0	0	0	0	0	0	1481	0	0	0	0	0	0	0	0	0	0	0	0	1506	0	0	0	0	0	0	0	0	253	0	0	0	0	0	0	0	152
Erwinia amylovora	0	0	0	0	0	0	0	0	0	0	0	0	0	0	0	0	0	0	0	0	0	0	0	0	0	0	0	0	0	0	0	0	0	0	0	0	0	0	0	0	0	0	0	0	0	0	0	0	0	0	0	0	0	0	0	0	0	34	0
Erwinia persicina	0	0	0	0	0	0	0	0	0	0	0	0	0	0	171	0	0	0	0	0	0	0	0	0	0	0	0	0	0	0	0	0	0	0	0	0	0	0	0	0	0	0	0	0	0	0	0	0	0	0	0	0	0	0	0	0	0	0	0
Erysipelatoclostridium sp. An173	59	110	19	0	0	0	0	0	60	14	11	0	0	64	0	0	0	0	0	0	0	0	24	0	15	0	135	28	425	0	0	252	0	14	0	0	0	54	0	0	0	81	0	26	76	0	0	0	17	0	0	0	0	0	0	0	0	0	0
Escherichia albertii	0	0	0	0	0	0	0	0	0	0	0	0	0	0	0	0	0	0	0	0	0	0	0	0	0	0	0	0	0	0	0	0	0	0	0	0	0	0	0	0	0	0	0	0	0	0	0	0	0	0	0	0	0	0	0	0	0	101	0
Escherichia coli	11424	12194	2444	82576	45918	294839	566141	10451	938007	6745	2656	8005	397395	16083	9341	576800	110331	56168	3488907	75374	78553	507	468107	159098	36207	801046	771	82095	5057	1236	794	2214	1328	182555	0	698	2010	254442	14568	62695	8457	446	862585	18458	8172	4453757	11042	12516	8518	10302	1455	288435	15652	8142	39098	17820	40029	29114	4064525
Escherichia fergusonii	36	0	0	0	0	0	0	0	0	0	0	0	0	0	0	136	0	0	0	0	0	0	0	0	0	31	0	0	0	0	0	0	0	0	0	0	0	0	0	0	0	0	0	54	0	0	0	0	0	0	0	0	0	0	270	0	0	0	14942
Escherichia marmotae	0	0	0	0	0	0	0	0	0	0	0	0	0	0	0	0	0	0	0	0	0	0	0	0	0	0	0	0	0	0	0	0	0	0	0	0	0	0	0	0	0	0	0	0	0	0	0	0	0	0	0	0	0	0	0	0	0	22084	40
Escherichia phage 26	0	0	0	0	0	0	0	0	0	0	0	0	0	0	0	67	0	0	0	0	0	0	0	0	0	0	0	0	0	0	0	0	0	0	0	0	0	0	0	0	0	0	0	0	0	0	0	0	0	0	0	0	0	0	0	0	0	0	0
Escherichia phage vB_EcoS_fPoEco01	0	0	0	0	0	0	0	0	0	0	0	0	0	0	0	586	0	0	0	0	0	0	0	0	0	0	0	0	0	0	0	0	0	0	0	0	0	0	0	0	0	0	0	0	0	0	0	0	0	0	0	0	0	0	0	0	0	0	0
Escherichia phage vB_EcoS_XY1	0	0	0	0	0	0	0	0	0	0	0	0	0	0	0	448	0	0	0	0	0	0	0	0	0	0	0	0	0	0	0	0	0	0	0	0	0	0	0	0	0	0	0	0	0	0	0	0	0	0	0	0	0	0	0	0	0	0	0
Escherichia phage vB_EcoS-22664BS2	0	0	0	0	0	0	0	0	0	0	0	0	0	0	0	376	0	0	0	0	0	0	0	0	0	0	0	0	0	0	0	0	0	0	0	0	0	0	0	0	0	0	0	0	0	0	0	0	0	0	0	0	0	0	0	0	0	0	0
Escherichia ruysiae	0	0	0	0	0	0	0	0	0	0	0	0	0	0	0	0	0	0	0	0	0	0	0	0	0	0	0	0	648	0	0	0	0	0	0	0	0	0	0	0	0	0	0	0	0	0	0	0	0	0	0	0	0	0	0	0	0	0	0
Escherichia sp. E4742	0	0	0	0	0	0	0	0	0	0	0	0	0	0	0	23	0	0	0	0	0	0	0	0	0	0	0	0	0	0	0	0	0	0	0	0	0	0	0	0	0	0	0	0	0	0	0	0	0	0	0	0	0	0	0	0	0	0	0
Escherichia virus fEg-Eco19	0	0	0	0	0	0	0	0	0	0	0	0	0	0	0	332	0	0	0	0	0	0	0	0	0	0	0	0	0	0	0	0	0	0	0	0	0	0	0	0	0	0	0	0	0	0	0	0	0	0	0	0	0	0	0	0	0	0	0
Eshraghiella crossota	2295	4167	7321	2748	2448	3726	4991	266	852	966	5077	133	958	86030	4800	296	823	170	2520	599	340	1796	1615	841	733	2576	716	1232	1078	1237	445	526	2483	5597	62	863	5759	786	3434	584	1910	604717	873	1219	901	2534	1959	1644	1717	3983	1357	12837	1559	2649	973	463	2649	3682	2054
Ethanoligenens harbinense	0	0	0	0	0	0	0	0	0	0	0	0	0	180	0	0	0	0	0	0	0	0	0	0	0	0	0	30	0	0	0	0	0	0	0	0	0	0	0	0	0	0	0	0	0	0	0	0	0	0	0	0	0	0	0	0	0	0	0
Eubacterium callanderi	5317	1481	820	659	468	18088	1348	196	1430	774	682	126	1917	435	846	1246	103	25367	652	11086	738	1540	7387	2717	1852	182	381	980	306	405	258	127	727	3642	310	717	799	786	538	474	644	423	4355	94	217	3278	460	918	181	756	639	337	652	1827	287	833	215	643	853
Eubacterium limosum	129	172	116	66	53	715	35	54	28	136	0	0	22	25	14	109	0	369	618	770	308	28	212	34	0	36	79	61	41	76	0	82	45	20	0	0	0	82	280	57	0	21	125	43	107	17	88	22	0	0	0	73	0	27	0	55	0	26	22
Eubacterium maltosivorans	123	225	2613	418	67	445	154	28	251	135	33	0	1320	25	313	219	17	333	138	194	20	0	121	16	15	0	453	3705	27	29	0	27	0	12	0	0	0	34	257	65	53	67	421	14	1526	22	14	36	55	84	15	0	84	36	0	47	29	166	39
Eubacterium ramulus	4674	20973	101763	24205	12437	888	5017	1324	2710	112715	35009	214	42201	26815	3802	1171	433	168	2724	656	4266	10374	126883	2292	18040	1390	2723	30326	15991	186	1801	435	34584	49222	1012	21062	350	4849	19703	558	1401	39450	1858	79000	6049	309	56461	4777	801	394	15220	12003	5887	4659	11986	2302	6769	4754	2669
Eubacterium sp. F2	0	0	377	0	0	0	0	0	0	0	0	0	0	0	28	165186	0	0	63	0	13	0	0	0	0	0	0	170	0	0	0	0	0	0	15	0	0	43	0	30	0	0	0	0	22	13	26	120	15	35	21	0	17	14	0	21	0	20	14
Eubacterium sp. MSJ-33	376	135	1984	102	3211	461	6157	25	30	434	190	25	140	66353	122	153	40	0	490	79	54	420	133	69	46	41	27	2147	89	17	55	11	1779	1089	0	14	1568	138	424	46	2301	256	17282	0	97	17	717	397	441	47	4678	20246	11722	7669	3523	9758	7008	10601	1780
Eubacterium ventriosum	53292	275374	7317	26864	76923	143699	52325	1221	77808	3598	52878	395	7678	39542	28639	360	759	174	709	2158	16551	1393	5683	2797	11427	34255	1900	145901	25041	10972	16529	9149	2052	52794	62	1917	638	77536	11093	140	1350	74085	4198	139	5271	17453	45453	6438	298	591	509	5198	4422	18218	3108	1767	10155	967	1221
Ezakiella coagulans	308	1147	0	0	0	94	0	0	0	0	0	0	177	247	0	2444	0	0	0	121	0	0	0	0	0	0	0	3210	0	0	20	0	0	0	0	39	0	225	0	0	0	0	0	0	0	0	0	86	0	0	0	40	90	52	0	26	0	85	0
Ezakiella massiliensis	0	29	0	0	0	0	0	0	0	0	0	0	114	0	0	18	0	0	0	0	0	0	0	0	0	0	0	13	0	0	0	0	0	0	0	0	0	0	0	0	0	0	0	0	0	0	0	0	0	0	0	0	0	0	0	0	0	0	0
Facklamia hominis	0	13	0	0	0	0	0	0	0	0	0	0	0	0	0	20	0	0	0	13	0	0	0	0	0	0	0	19	0	0	0	0	0	0	0	0	0	0	0	0	0	0	0	0	0	0	0	0	0	0	0	0	0	0	0	0	0	0	0
Faecalibacillus intestinalis	362816	167201	32446	28973	41559	59522	40370	304	418	59199	48883	408	9122	25605	393	268	18042	968	475	80	108237	180	128	76424	9127	536234	33233	4741	41446	5925	5768	573	235	33955	53	53632	102	6212	144581	738263	4610	76069	4691	6421	52632	789	313745	37617	222	223	3321	51133	22010	1607	17077	6796	17312	172	124
Faecalibacterium duncaniae	102740	257446	48180	116136	114677	10534	108360	12639	1374	147557	64395	1192	25525	12739	39907	5921	207770	489	6996	52083	2577	73440	1467	67674	16477	159775	8780	91739	73766	800	270487	137142	18057	40418	679	25347	1124	4888	44727	48537	65496	312908	25456	9313	102916	263	103561	61801	6819	6177	79727	12081	40033	52061	21414	11416	28277	61254	4144
Faecalibacterium hominis (ex Afrizal et al. 2022)	74373	67592	36432	38436	9547	2783	52333	27407	228	32449	50697	134	13847	9947	46594	201	16502	154	3209	8835	604	7376	801	8427	21915	314535	12633	6152	18824	304	18927	40664	10555	5442	3195	37893	1020	2516	43766	8916	3578	58377	17212	15168	41393	221	22471	32566	1452	15919	29199	9303	2663	18036	13351	5243	7811	18122	3238
Faecalibacterium prausnitzii	243147	2125562	916778	1494255	531396	59987	1754375	344848	23587	862391	1615276	110967	130334	438383	721655	15526	301729	4153	66090	154913	338327	72777	14273	325492	512571	542700	430871	177280	476231	8848	361205	776331	965124	470581	1777350	949491	40156	474865	410868	145755	70946	553746	129580	1065152	592222	1753	657969	763823	61760	186681	1344825	346948	767311	335139	254549	89329	355479	199777	65394
Faecalibacterium sp. 7	7575	9982	6888	12831	13728	454	8809	380	53	4430	11281	287	426	4874	9037	70	14860	0	737	1375	917	1670	89	3767	4164	20643	27126	4574	7566	78	1778	4116	4198	24519	1729	1120	106	868	1859	4970	3854	9004	759	3332	4712	99	8333	3062	1369	8935	3605	1702	3616	7145	3256	729	3886	3050	159
Faecalibacterium sp. I2-3-92	66785	109459	14179	111517	10907	2128	34050	4665	398	32502	46861	149	13302	12388	24221	144	71713	104	2396	3408	2823	11204	2051	16115	16232	27197	7667	15180	41261	1244	27441	49387	6790	15366	2907	67108	1442	1628	63332	15312	2771	28024	7741	611	13662	153	29523	16560	1060	13894	35334	3105	41359	9237	7412	2162	20889	32501	710
Faecalibacterium sp. i21-0019-B1	38826	42786	48379	187991	35020	12285	100086	7589	3560	68835	29635	747	2651	5577	50842	2076	506008	255	9163	5429	3473	8970	2573	6322	38654	57913	384842	52463	14506	1449	11128	26568	9919	19996	28694	8180	3740	6237	9294	12331	10947	68818	10625	32000	96892	29	101765	32387	27615	99800	60805	15813	12098	28950	48652	4400	13873	35228	1665
Faecalibacterium sp. i25-0019-C1	31409	99542	25585	116513	23593	1718	21954	878	1138	27362	14092	276	2125	5452	31236	407	94852	0	2024	6984	8189	8634	469	2162	15583	60962	87406	32142	20165	70	15694	35620	10050	41478	13928	2234	2587	3818	8252	5617	6779	39327	7150	6701	35653	936	9668	9524	4831	468606	5658	7776	5320	8029	19345	5513	15112	28311	2948
Faecalibacterium sp. I3-3-33	1505	5538	2502	4734	1251	697	3425	149	281	19482	7327	104	987	779	1798	3943	2372	0	885	617	1157	366	129	3392	509	1636	3534	885	1258	145	1903	3273	8988	1392	1893	3603	345	1120	431	1255	573	3104	673	999	5184	21	3585	2548	929	187	3903	1208	1387	2095	924	1341	1091	1453	363
Faecalibacterium sp. I3-3-89	1714	12279	4599	17534	59421	4034	7225	483	137	4004	18545	221	664	9421	6272	394	3615	0	1152	1182	439	566	219	19812	888	7734	4298	823	3417	427	16023	1528	1914	70785	3266	10865	101	1276	1338	766	4058	3158	1485	2539	8373	29	6386	5563	1802	1708	6778	6998	20999	1936	33047	690	4322	1649	874
Faecalibacterium sp. I4-1-79	8767	44515	8218	18118	6637	1033	14232	609	2125	404956	24540	837	3893	3632	6249	1065	6919	0	14075	1773	20362	1638	871	4129	10859	5390	2161	12724	3571	935	7658	19298	18349	13120	942	19811	949	20435	5263	4282	4693	25286	3490	1328	56771	208	22047	10574	1289	2174	8553	8515	2945	12052	5690	27632	6695	21771	2780
Faecalibacterium sp. I4-3-84	10023	120028	22104	40806	34476	6883	23642	895	959	39191	19586	610	7107	31105	27783	536	17463	179	16307	5768	4700	2474	1262	12413	10850	488522	56709	10846	18040	797	15940	15892	22084	12481	6095	7921	1075	36466	266184	3679	20451	32413	9478	5614	39275	1326	50726	20554	436875	22111	9047	24969	21657	14339	10318	15545	13928	50299	2378
Faecalibacterium sp. IP-1-18	15524	166889	106587	47297	31349	28614	168207	1738	910	51620	51545	1193	79616	19297	89938	330	9321	0	5960	39748	82617	3825	2503	39156	40647	50720	41199	16051	10621	1170	24865	65977	77949	20322	5680	10520	2985	7028	23507	96497	12053	81525	10278	2293	26121	6486	206187	52857	4681	3439	87776	30046	16040	64503	53666	5818	25233	8575	5693
Faecalibacterium sp. IP-3-29	37643	179967	50313	160001	24723	3963	69130	2893	877	51667	69870	3707	23739	17274	37859	224	151733	280	4604	17434	2989	16231	1667	28698	89608	85473	22705	35565	27508	1650	52289	443560	43677	16971	34965	10728	5135	6686	47727	33709	7682	54446	26900	6606	33308	321	57022	19032	1553	161369	9243	8989	8961	18374	36271	7592	28529	62224	3209
Faecalibacterium taiwanense	53525	214204	41776	107955	49864	14991	120383	9502	23371	76016	90411	2573	27362	20375	37388	2564	222992	288	51684	7603	10070	201795	29594	16568	28980	148004	151089	35230	51923	7185	46678	50475	36714	55629	20537	15419	1689	23704	46183	29658	37429	145035	53368	17984	43970	293	49520	45915	12133	243069	66927	34472	16832	78694	41324	56023	15266	44306	19972
Faecalibacterium wellingii	3521	24707	5386	4439	24228	330	5013	426	1738	4817	5514	313	484	9502	11433	81	13860	0	593	821	1073	2178	191	3179	1675	9473	18092	11333	8018	487	7831	4898	824	10042	2104	1950	206	952	3170	1727	1405	2118	1055	1809	8022	189	10856	3815	3820	6412	2841	3165	2744	2128	9972	1482	1814	2100	1262
Faecalibaculum rodentium	0	0	14	17	13	0	0	0	0	0	0	0	0	14	0	0	0	0	0	0	0	0	0	0	0	0	0	0	0	0	0	0	41	0	0	0	0	0	0	0	0	0	0	15	0	18	0	12	0	10	0	0	0	0	0	0	0	0	0
Faecalimonas umbilicata	794	171	445	128	1138	449	121	254	1426	279	553	23403	3374	216	105	659	26	57	243	5163	102	140	134973	77	54	16	4292	782	75	43	113	90	127	1015	291	173	140	6266	102	81	224	48	98	55	247	9608	424	325	182	584	230	167	134	64	253	1375	81	111	269165
Fannyhessea vaginae	75	86	58	52	38	18	52	141	0	62	81	0	0	41	39	115	34	0	0	0	15	17	20	21	42	84	48	37	44	0	11	32	21	0	37	154	0	18	12	0	0	19	38	0	18	0	15	28	0	0	21	25	24	15	0	0	14	27	19
Fastidiosipila sanguinis	0	13	0	0	0	0	0	0	0	0	0	0	0	18	0	0	0	0	0	0	0	0	0	278	0	0	0	26	0	0	0	0	59	0	0	0	0	0	0	22	0	0	0	0	0	0	0	0	0	0	0	0	0	184	0	0	0	223	0
Faucicola osloensis	0	0	0	0	0	0	0	0	0	0	0	0	0	0	0	0	0	0	0	0	0	0	0	0	0	0	0	0	0	0	0	0	0	0	0	50	26	0	0	0	0	0	0	0	0	0	0	0	0	0	0	0	0	0	0	0	0	0	0
Fenollaria massiliensis	0	79	0	0	0	84	0	0	0	0	0	0	21	442	0	0	0	0	0	0	0	74	0	0	0	0	0	0	0	0	0	0	0	0	0	58	0	0	0	0	0	0	22	0	0	0	0	0	0	0	0	35	121	76	0	33	0	0	0
Fenollaria sporofastidiosus	0	41	15	0	0	0	0	0	0	0	0	0	24	0	0	0	0	0	0	0	14	0	0	0	0	0	0	0	0	0	0	0	0	0	0	0	0	0	0	0	0	0	38	0	0	0	0	0	0	0	0	0	0	0	0	0	0	0	0
Filifactor alocis	212	0	0	0	0	0	26	0	0	0	0	0	0	0	13	0	0	0	0	0	0	0	0	0	0	0	0	0	0	304	0	301	0	0	0	0	0	86	0	0	0	0	0	0	0	0	41	54	0	0	0	0	0	0	0	511	0	0	0
Finegoldia magna	163	22	68	25	22	126	0	0	380	0	40	0	394	211	0	418	11	0	0	30738	61	43	34	0	33	26	0	573	0	23	0	0	0	40	33	13	0	0	0	68	0	0	83	0	100	0	34	24	0	0	81	21	47	41	14	0	0	0	13
Flavonifractor plautii	51236	15215	27483	85455	17672	18756	11123	41853	20880	38946	22011	64930	66050	10827	4606	11583	160450	235	3490	5109	6389	15710	202307	8359	7248	69175	137923	26852	7829	30116	29677	20163	19271	8636	26537	7049	126531	1928	7977	28374	16083	28688	9948	25255	9682	125604	12467	5077	74242	40689	8809	2814	3639	3600	9839	4217	2319	5799	3246
Flintibacter sp. KGMB00164	5103	1372	195	108	310	207	559	36	49420	186	189	92	6453	3796	197	34	67	0	107	5663	10227	22	11457	565	51	4762	211	280	2863	674	36	97	241	44	0	0	114	155	53	8741	34	122	44	3418	440	120	395	106	46	2025	448	103	50	354	71	128	225	290	45
Fohxhuevirus gastrointestinalis	0	0	0	0	0	0	0	0	0	0	0	0	0	0	0	0	0	0	667	0	0	80	11681	0	0	0	0	0	0	0	0	0	0	0	0	0	0	0	0	0	0	0	0	0	0	0	0	0	0	0	0	0	0	0	0	0	0	0	0
Fremauxvirus fv1706	0	0	0	0	0	0	0	0	0	0	0	0	0	0	0	0	0	0	0	0	0	0	0	0	0	0	0	0	0	0	0	0	0	0	0	0	0	32	0	0	0	0	0	0	0	0	0	0	0	0	0	0	0	0	0	0	0	0	0
Fretibacterium fastidiosum	0	0	0	0	0	0	0	0	0	0	0	0	0	0	0	0	0	0	0	29	0	0	0	0	0	0	0	0	0	0	0	0	0	0	0	0	0	0	0	0	0	0	0	0	0	0	0	0	0	0	0	0	0	0	0	0	0	0	0
Fructilactobacillus fructivorans	19	0	0	0	0	0	0	0	0	0	0	0	0	0	0	0	0	0	0	0	0	0	0	0	0	0	0	0	0	0	0	0	0	0	0	0	0	0	0	0	0	0	0	0	0	0	0	0	0	0	0	0	0	0	0	0	0	0	0
Fructilactobacillus sanfranciscensis	52204	25	40	26	49	35	21	16	26	23	30	23	21	959	25	0	0	0	0	0	0	0	0	0	0	0	0	0	0	0	750	0	0	0	0	0	0	0	0	0	0	0	0	0	0	0	0	0	0	0	15	0	0	0	46	0	0	0	0
Fructobacillus americanaquae	34	0	0	0	0	0	0	0	0	0	0	0	0	0	0	0	0	0	0	0	0	0	0	0	0	0	0	0	0	0	0	0	0	0	0	0	0	0	0	0	0	0	0	0	0	0	0	0	0	0	0	0	0	0	0	0	0	0	0
Fusobacterium animalis	109	0	0	0	0	0	0	0	0	0	0	0	0	466	0	0	17	0	0	404	0	0	0	0	0	0	0	1563	0	0	0	0	0	0	56	68	155	0	0	0	0	0	0	0	0	139	0	0	0	0	0	0	0	0	0	0	0	0	0
Fusobacterium gonidiaformans	0	0	58	0	0	0	0	0	0	0	0	0	0	0	0	0	0	0	0	0	0	0	0	0	0	0	0	0	0	0	0	0	0	0	0	0	0	0	0	0	0	23	0	0	0	0	0	0	0	0	0	0	0	87	0	0	0	0	0
Fusobacterium necrophorum	18	220	81	40	75	22	29	0	24	30	17	0	181	27	60	53	14	0	0	24	32	24	0	0	35	29	90	61	59	76	77	63	69	45	0	0	0	23	51	0	41	226	0	37	68	0	32	41	0	0	35	0	30	26	40	24	52	23	0
Fusobacterium nucleatum	0	0	0	0	0	0	0	0	0	0	0	0	0	0	0	0	0	52	0	0	0	0	0	0	0	0	0	142	0	0	0	0	0	0	0	0	0	0	0	0	0	0	0	0	0	0	0	0	0	0	0	0	0	0	0	0	0	0	0
Fusobacterium polymorphum	0	0	0	0	0	0	0	0	0	0	44	0	0	0	0	0	50	0	28	0	0	0	0	0	0	0	0	33	0	0	0	0	0	0	0	0	47	64	0	0	85	0	0	0	0	0	0	0	0	0	0	0	0	0	0	0	0	145	0
Fusobacterium pseudoperiodonticum	0	136	0	0	30	0	0	0	0	0	0	33	0	0	0	0	0	0	0	0	0	0	0	0	0	0	0	0	0	0	0	0	0	0	0	0	196	106	0	0	42	0	0	0	0	0	0	0	0	352	0	0	0	0	0	0	0	0	0
Fusobacterium sp. SB021	0	0	0	0	0	0	0	0	0	0	0	0	0	0	0	0	0	0	0	0	0	0	687	0	0	0	0	0	0	0	0	0	0	0	0	0	0	0	0	0	0	0	0	0	0	0	0	0	0	0	0	0	0	0	0	0	0	0	0
Fusobacterium ulcerans	0	0	0	0	0	0	0	0	0	0	0	0	0	0	0	0	0	0	0	0	0	0	34642	0	0	0	0	0	0	0	0	0	0	0	0	0	0	0	0	0	0	0	0	0	0	0	0	0	0	0	0	0	0	0	0	0	0	0	0
Fusobacterium varium	0	0	0	0	0	0	0	0	0	0	0	0	0	0	0	0	0	0	0	0	0	0	26199	0	0	0	0	0	0	0	0	0	0	0	0	0	0	0	0	0	0	0	0	0	0	0	0	0	0	0	0	0	0	0	0	0	0	0	0
Fusobacterium vincentii	123	0	0	0	0	0	0	0	0	0	0	0	0	0	0	0	123	0	324	0	0	0	0	0	0	0	0	0	0	0	0	0	0	0	0	0	0	0	0	0	0	0	0	0	0	0	0	0	0	0	0	0	0	0	0	91	0	0	0
Gajwadongvirus ECBP5	0	0	0	0	0	0	0	0	0	0	0	0	0	0	0	0	0	0	0	0	0	0	58	0	0	0	0	0	0	0	0	0	0	0	0	0	121	0	0	0	0	0	70776	0	0	0	0	0	0	0	0	0	0	0	0	0	0	0	0
Gajwadongvirus PP99	0	0	0	0	0	0	0	0	0	0	0	0	0	0	0	0	0	0	0	0	0	0	0	0	0	0	0	0	0	0	0	0	0	0	0	0	38	0	0	0	0	0	18324	0	0	0	0	0	0	0	0	0	0	0	0	0	0	0	0
Gallibacterium salpingitidis	21	0	0	24	0	14	0	0	0	0	0	0	0	0	0	0	14	0	0	0	0	0	0	0	0	0	0	0	0	0	0	0	0	0	0	0	0	10	13	0	0	0	18	25	0	0	21	0	0	238	0	100	0	0	0	0	0	0	0
Gardnerella pickettii	281	0	0	0	0	0	0	0	0	0	0	0	0	0	0	0	0	0	0	0	0	0	0	0	0	0	0	0	0	0	0	0	0	0	0	0	0	0	0	0	0	0	0	0	0	0	0	0	0	0	0	0	0	0	0	0	0	0	0
Gardnerella sp. DNF00550	0	0	0	0	0	0	0	0	0	0	0	0	0	0	0	0	0	0	0	16	0	0	0	0	0	0	0	0	0	0	0	0	0	0	0	0	0	0	0	0	0	0	0	0	0	0	0	0	0	0	0	0	0	0	0	0	0	0	0
Gardnerella sp. DNF01199S	168	0	0	0	0	0	0	0	0	0	0	0	0	0	0	0	0	0	0	0	0	0	0	0	0	0	0	0	0	0	0	0	0	0	0	0	0	0	0	0	0	0	0	0	0	0	0	0	0	0	0	0	0	0	0	0	0	0	0
Gardnerella sp. KA00771	0	0	0	0	0	0	0	0	0	0	0	0	0	0	0	2452	0	0	0	0	0	0	0	0	0	0	0	0	0	0	0	0	0	0	0	0	0	0	0	0	0	0	0	0	0	0	0	0	0	0	0	0	0	0	0	0	0	0	0
Gemella haemolysans	474	114	0	0	11	0	0	29	0	13	0	29	21	55	0	0	96	0	0	10	27	426	0	0	0	114	25	17	19	18	12	11	27	0	0	279	207	17	12	54	0	46	0	190	18	0	12	25	17	26	42	93	169	0	33	0	0	78	10
Gemella morbillorum	369	108	44	0	27	0	0	0	22	25	23	0	114	190	13	19	0	104	0	0	16	17	0	61	17	116	36	69	57	88	65	92	0	0	0	518	706	0	0	16	0	13	0	104	48	0	71	31	146	0	21	664	18	22	0	0	35	0	0
Gemella sanguinis	2709	1706	201	41	318	44	60	282	36	120	171	78	312	335	89	374	13	0	0	55	63	645	424	173	0	296	803	839	85	90	128	93	51	14	80	391	205	61	276	298	0	1009	40	838	247	0	361	366	296	194	583	468	158	0	174	148	326	17	100
Gemella sp. ND 6198	0	0	0	0	0	0	0	0	0	0	0	0	303	0	0	0	0	0	0	0	0	0	0	0	0	0	0	0	0	0	0	0	0	0	0	0	0	0	0	0	0	0	0	0	0	0	0	0	0	0	0	0	0	0	0	0	0	0	0
Gleimia europaea	0	0	0	0	0	0	0	0	0	0	146	0	0	0	32	0	0	0	1040	34	0	0	0	0	0	0	0	130	0	0	0	0	0	0	0	0	0	0	0	0	0	0	0	0	43	0	0	0	0	0	198	0	0	90	0	0	0	0	0
Globicatella sanguinis	0	0	0	0	0	0	0	0	0	0	0	0	0	0	0	0	0	0	0	118	0	0	0	0	0	0	0	0	0	0	0	0	13	0	0	0	0	0	0	0	0	0	0	0	0	0	0	23	0	0	0	0	0	0	0	0	0	0	0
Gordonia sp. B7-2	0	0	0	0	0	0	0	0	0	0	47	0	0	0	0	0	0	0	0	0	0	0	0	0	0	0	0	0	0	0	0	0	0	0	0	0	0	0	0	0	0	0	0	0	0	0	0	0	0	0	0	0	0	0	0	0	0	0	0
Gordonia sp. w5E2	0	0	0	0	0	0	0	0	0	0	74	0	0	0	0	0	0	0	0	0	0	0	0	0	0	0	0	0	0	0	0	0	0	0	0	0	0	0	0	0	0	0	0	0	0	0	0	0	0	0	0	0	0	0	0	0	0	0	0
Gordonibacter pamelaeae	6044	337	612	2722	3194	41650	3862	470	1243	177	244	48	301	192	1040	197	195	101	301	1399	4247	2568	5219	31	100	68	31	12607	335	1236	63	831	5307	897	1633	463	73	1024	3945	2528	440	600	106	0	1506	4816	435	217	42	888	6275	382	204	1718	393	351	1130	249	26
Gordonibacter urolithinfaciens	610	1474	1414	626	219	2320	196	32	108	4203	17	56	1263	87	135	1350	2145	0	0	1033	182	137	186	0	212	17	12	1747	38	14733	0	117	445	44	357	0	0	318	310	168	26	405	0	0	339	603	934	93	24	529	338	0	0	36	32	17	268	0	206
Granulicatella adiacens	1541	2068	187	141	98	13	73	2987	68	474	588	267	195	564	168	68	448	515	0	27	109	879	191	417	0	600	442	151	123	138	297	112	77	40	2037	271	559	30	65	243	12	114	32	907	170	0	277	359	549	70	181	353	68	12	21	11	103	41	21
Granulicatella elegans	18	55	0	0	0	0	0	0	0	0	0	0	0	0	0	0	0	0	0	0	0	0	0	0	0	0	0	0	0	0	0	0	0	0	0	0	0	0	0	0	0	56	0	0	0	0	0	0	0	63	23	0	0	0	0	0	0	0	0
Haemophilus haemolyticus	0	760	26	0	0	0	18	0	0	0	361	0	0	25	0	0	0	0	0	0	0	0	0	0	0	0	0	0	0	0	0	0	0	0	0	0	0	206	0	0	92	0	0	0	0	0	0	0	0	17	0	0	0	0	0	0	0	287	0
Haemophilus influenzae	0	2164	39	47	39	0	0	0	0	0	1858	0	37	138	0	0	0	0	0	0	0	0	0	0	0	0	0	0	0	35	132	0	0	0	0	0	0	202	0	0	323	0	0	69	0	0	0	0	0	261	0	0	0	0	36	0	37	2235	0
Haemophilus parahaemolyticus	0	390	17	0	0	0	0	0	0	0	597	0	0	0	0	0	0	0	0	0	0	0	0	0	0	0	0	0	0	10	0	40	0	0	0	0	0	0	0	0	0	0	0	0	0	0	0	0	0	36	0	0	0	0	0	0	0	0	0
Haemophilus parainfluenzae	739	138749	8026	4233	1899	396	4946	9685	532	312	278545	9222	5525	20370	1206	12	138	65	20	112	15	1767	24	91	191	564	451	38	83	3489	3582	2684	37	0	0	970	2045	38000	0	35	15632	61	30	9239	283	23	303	129	10411	15173	21	986	1026	140	153	601	3836	115672	68
Haemophilus pittmaniae	25	1704	0	0	0	0	0	0	0	0	1427	0	0	0	0	0	0	0	0	0	0	0	0	0	0	0	0	0	0	0	0	67	0	0	0	0	0	14	0	0	0	0	0	0	0	0	0	0	0	0	0	606	79	0	0	0	0	40	0
Haemophilus sp. oral taxon 036	0	78	0	0	0	0	0	0	0	0	0	0	18	0	0	0	0	0	0	0	0	0	0	0	0	0	0	0	0	0	0	22	0	0	0	0	0	41	0	0	0	0	0	0	0	0	0	0	0	0	0	0	0	0	0	0	0	0	0
Hafnia alvei	0	781	0	0	0	0	0	0	0	0	0	0	0	0	0	0	0	0	0	0	0	405	63	0	0	0	0	0	0	0	111	0	0	0	0	0	0	0	0	0	0	0	0	23	0	0	0	0	0	0	0	0	0	0	0	1676	0	0	47
Hafnia paralvei	14	26360	0	18	18	0	13	0	0	0	14	108	0	0	0	0	0	0	0	0	0	0	0	0	0	0	0	0	0	0	150	32	0	0	0	42	0	0	0	0	0	0	19	31	0	0	0	0	0	0	0	0	0	0	25	109	0	0	0
Herbinix luporum	0	0	0	0	0	0	0	0	0	0	0	0	0	0	0	0	0	0	0	0	0	0	0	0	0	0	0	0	0	0	0	0	0	0	0	0	0	0	0	0	0	0	0	0	0	0	0	0	0	485	0	0	0	0	0	0	0	0	0
Histophilus somni	0	0	0	0	0	0	0	0	0	0	0	0	0	0	0	0	0	0	0	0	0	0	0	0	0	0	0	0	0	228	0	244	0	0	0	0	0	0	0	0	0	0	0	0	0	0	15	0	0	0	0	0	0	0	0	271	0	0	0
Holdemania massiliensis	2209	3095	6982	1013	2425	7711	2446	508	977	1499	4834	205	750	4506	4984	2055	368	92	1465	1447	11457	2291	30873	1887	4896	320	7774	9850	668	632	2435	1484	3275	821	77	8022	8479	452	377	19202	2496	1024	3191	3372	752	129	4471	1079	5589	6383	1305	576	2996	2243	236	839	513	2062	1568
Hominifimenecus sp. rT4P-3	22	39	22	0	10	33	416	0	195	0	0	0	18	0	38	0	0	0	30	0	0	89	41	15	43	0	0	15	10	0	0	0	0	0	0	0	0	0	19	11	0	11	0	0	0	18	91	0	0	0	0	0	0	0	0	15	0	10	0
Homo sapiens	7156	1779	1408	1978	1774	3850	1971	5337	1507	1563	2619	1505	21649	1481	1340	16528	248	5950	631	440	526	264	304	244	1765	675	418	13433	789	267	492	372	570	1328	906	376	343	478	617	13584	2249	3165	593	1219	3222	262	1429	581	416	218	699	712	381	536	1111	276	210	286	256
Hoylesella buccalis	282	90	0	0	0	113	0	0	0	0	79	0	0	431	0	406	0	0	0	246	0	0	0	0	90	0	0	5448	0	95	61	0	310	0	0	165	0	39	0	24	0	0	11	0	16	0	20	13	19	0	99	42	483	276	100	31	23	0	0
Hoylesella enoeca	486	0	0	0	0	0	0	0	0	0	0	0	0	0	0	0	0	0	0	0	0	0	0	0	0	0	0	0	0	0	0	0	0	0	0	0	0	0	0	0	0	0	0	0	0	0	0	0	0	0	0	0	0	0	0	0	0	0	0
Huchismacovirus humas2	0	0	0	0	0	0	0	0	0	0	0	0	0	0	0	0	0	0	0	14	0	0	0	0	0	0	0	0	0	0	0	0	0	0	0	0	0	0	0	0	0	0	0	0	0	0	0	0	0	0	0	0	0	0	0	0	0	0	0
Hungatella hathewayi	2162	1416	2641	1059	818	172480	5051	356	5555	427	2183	139	47722	2082	1419	350442	182	621	3473	15710	1729	11872	2428	3276	1076	460	2586	1535	664	4422	39	322	707	291	128	2264	5266	582	1646	23714	331	301	115527	2748	287	6592	417	332	2235	1921	1384	1300	658	6144	594	653	462	943	562
Hungatella sp. SB206	1547	1756	2451	8178	1096	10310	1972	4413	75708	3414	7302	6935	37353	1615	835	13446	12330	415	24819	1316	11560	456	9222	840	365	1719	2518	599	642	6554	546	1069	3663	493	1496	1457	18148	844	2053	19400	301	734	5422	1744	986	366	342	540	4015	3265	1279	3939	436	316	2615	321	2156	1840	1059
Ihubacter sp. rT4E-8	1377	40	456	123	199	556	635	25	159	145	29	0	119	231	129	0	0	0	48	44	58	0	57	28	30	117	68	145	638	17	471	12	101	64	48	33	257	135	114	47	0	249	0	0	23	22	0	717	19	21	337	19	230	69	121	42	13	20	30
Intestinibacillus sp. NTUH-41-i26	4557	200	2255	1866	2129	133	844	66	336	776	543	240	120	0	334	212	398	0	0	110	2048	7245	5460	1365	996	837	950	5825	312	2928	449	3099	5312	3200	3873	1138	4114	1303	1412	1975	412	160	0	663	280	22394	375	237	11503	5584	1669	205	664	698	406	0	554	379	1116
Intestinibacter bartlettii	18920	34719	1156	165	311	4105	44816	8791	3491	737	43933	110	5368	92858	6515	36	23452	86	389	816	1950	11616	29	81	1286	147	5767	17926	451	1905	246	1096	18	43039	23897	16	15	3313	24	18	279	52074	16	1075	29675	2394	1741	114	1708	15	11311	173	47	12	262	10070	22852	557	2840
Intestinibaculum porci	15	0	10	0	0	14	0	0	0	0	0	0	0	0	24	10	0	0	0	0	0	0	0	0	0	0	0	0	0	0	0	0	20	0	0	18	0	0	0	0	21	0	0	0	0	0	0	0	0	0	17	0	0	12	0	0	0	0	0
Intestinimonas butyriciproducens	19256	11035	11218	2278	8318	62220	7163	3137	12028	13073	1440	301	117371	5063	4695	2002	496	204	5408	10298	19965	2385	14380	6820	7903	1398	1042	2843	4699	2039	566	581	10985	3956	100	1341	1343	3760	8143	12219	11705	4704	12665	687	6765	741	723	3512	1454	4052	2211	2633	5269	4137	1972	9912	1583	3896	6178
Jahgtovirus gastrointestinalis	0	70	0	0	0	34	91	0	0	0	0	0	0	0	0	0	0	0	0	10	0	63	0	0	0	0	69	0	0	0	0	0	0	0	0	0	0	0	0	256	0	0	0	0	0	14292	0	0	0	2434	0	0	0	0	0	0	0	0	0
Jahgtovirus intestinalis	0	22	0	0	0	0	0	0	0	0	0	0	0	0	0	0	0	0	0	0	0	0	0	0	0	22460	11	0	1496	0	0	0	120	0	0	0	0	0	0	0	1321	0	0	0	0	881	0	24	0	0	0	0	0	0	0	331	0	0	0
Jahgtovirus intestinihominis	0	0	0	0	0	74	146	0	0	0	0	0	0	0	0	0	0	0	0	0	0	372	0	0	0	225	139	0	0	0	0	0	0	0	0	0	0	0	0	68	0	0	0	0	0	2117	0	0	0	2065	0	0	0	0	0	0	0	0	35
Jahgtovirus secundus	0	0	0	0	0	364	338	0	0	0	0	0	0	0	0	0	0	0	0	0	0	649	0	0	0	123	547	0	0	0	0	0	0	0	0	0	0	0	0	0	0	0	0	0	0	1476	0	0	0	290	0	0	0	0	0	0	0	0	86
Janthinobacterium svalbardensis	0	0	0	0	0	0	0	0	0	0	0	0	0	0	0	0	0	0	166	0	0	0	0	0	0	0	0	0	0	0	0	0	0	0	0	0	0	231	0	0	0	0	0	0	0	0	0	0	0	0	0	0	0	0	0	0	0	0	0
Jejubacter calystegiae	0	0	0	0	0	0	0	0	0	0	0	0	0	0	0	12	0	0	0	0	0	0	0	0	0	0	0	0	0	0	0	0	0	0	0	0	0	0	0	0	0	0	0	0	0	0	0	0	0	0	0	0	0	0	0	0	0	0	0
Jeotgalibaca arthritidis	0	0	0	0	0	0	29	0	0	0	36	0	357	16	0	0	0	0	0	0	12	0	0	0	0	0	0	0	0	0	0	0	0	0	0	0	0	135	0	0	0	23	0	0	43	0	0	0	0	0	0	0	0	0	0	68	0	0	27
Jiaodavirus jd18	0	0	0	0	0	0	0	0	0	0	0	0	0	0	0	0	0	0	0	0	0	0	0	0	0	0	0	0	0	0	0	0	0	0	0	0	0	0	0	0	0	0	0	146	0	0	0	0	0	0	0	0	0	0	0	0	0	0	0
Jiaodavirus kp179	0	0	0	0	0	0	0	0	0	0	0	0	0	0	0	0	0	0	0	0	0	0	0	0	0	0	0	0	0	0	0	0	0	0	0	0	0	0	0	0	0	0	0	627	0	0	0	0	0	0	0	0	0	0	0	0	0	0	0
Jiaodavirus kppv15	0	0	0	0	0	0	0	0	0	0	0	0	0	0	0	0	0	0	0	0	0	0	0	0	0	0	0	0	0	0	0	0	0	0	0	0	0	0	0	0	0	0	0	904	0	0	0	0	0	0	0	0	0	0	0	0	0	0	0
Jiaodavirus kpv477	0	0	0	0	0	0	0	0	0	0	0	0	0	0	0	0	0	0	0	0	0	0	0	0	0	0	0	0	0	0	0	0	0	0	0	0	0	0	0	0	0	0	0	716	0	0	0	0	0	0	0	0	0	0	0	0	0	0	0
Jiaodavirus mineola	0	0	0	0	0	0	0	0	0	0	0	0	0	0	0	0	0	0	0	0	0	0	0	0	0	0	0	0	0	0	0	0	0	0	0	0	0	0	0	0	0	0	0	208	0	0	0	0	0	0	0	0	0	0	0	0	0	0	0
Jiaodavirus pko111	0	0	0	0	0	0	0	0	0	0	0	0	0	0	0	0	0	0	0	0	0	0	0	0	0	0	0	0	0	0	0	0	0	0	0	0	0	0	0	0	0	0	0	301	0	0	0	0	0	0	0	0	0	0	0	0	0	0	0
Junduvirus communis	19	501	3794	21	49	15	0	0	0	0	253	16	22347	790	34	12	0	6877	6609	24	0	11515	40	254	11653	0	0	6943	225	0	0	0	16	0	0	0	11	31	67	15	0	1987	8858	0	2701	0	14	657	0	0	202	94	0	16158	1157	1158	0	493	0
Junduvirus copri	0	28	254	0	0	0	0	0	0	0	0	0	829	54	628	0	0	260	328	152	0	486	0	11	803	0	0	302	12	0	0	0	0	0	0	0	0	1239	0	0	0	132	423	0	63	0	0	19	0	0	12	0	0	840	47	674	0	33	0
Kagunavirus LAB2017	0	0	0	0	0	0	0	0	0	0	0	0	0	0	0	1860	0	0	0	0	0	0	0	0	0	0	0	0	0	0	0	0	0	0	0	0	0	0	0	0	0	0	0	0	0	0	0	0	0	0	0	0	0	0	0	0	0	0	0
Kagunavirus PAB2017	0	0	0	0	0	0	0	0	0	0	0	0	0	0	0	1985	0	0	0	0	0	0	0	0	0	0	0	0	0	0	0	0	0	0	0	0	0	0	0	0	0	0	0	0	0	0	0	0	0	0	0	0	0	0	0	0	0	0	0
Kagunavirus RP180	0	0	0	0	0	0	0	0	0	0	0	0	0	0	0	40	0	0	0	0	0	0	0	0	0	0	0	0	0	0	0	0	0	0	0	0	0	0	0	0	0	0	0	0	0	0	0	0	0	0	0	0	0	0	0	0	0	0	0
Kahnovirus copri	0	0	0	0	0	0	0	0	0	0	0	0	0	0	384	0	0	3593	0	0	413	0	0	0	0	0	0	0	0	0	0	0	0	1545	0	0	0	0	0	0	0	0	32	0	0	0	0	0	0	0	0	272	0	0	0	0	0	0	32
Kahnovirus oralis	0	0	0	0	0	0	0	0	0	0	0	0	0	0	0	0	0	34	0	0	0	0	0	0	0	0	0	0	0	0	0	0	0	38	0	0	0	0	0	0	0	0	802	0	0	0	0	0	0	0	0	0	0	0	0	0	0	0	329
Kahucivirus intestinalis	0	129	0	10	14	9189	0	0	0	0	0	0	0	0	0	0	0	0	3563	0	0	0	0	0	0	0	0	0	0	0	0	0	0	0	0	0	0	0	0	0	0	0	0	0	0	0	0	0	0	0	0	0	0	0	0	0	0	0	57
Karamvirus cc31	0	0	0	0	0	85	0	0	0	0	0	0	0	0	0	0	0	0	0	0	0	0	0	0	0	0	0	0	0	0	0	0	0	0	0	0	0	0	0	0	0	0	0	0	0	0	0	0	0	0	0	0	0	0	0	0	0	0	0
Karamvirus petcm34	0	0	0	0	0	1169	0	0	0	0	0	0	0	0	0	0	0	0	0	0	0	0	0	0	0	0	0	0	0	0	0	0	0	0	0	0	0	0	0	0	0	0	0	0	0	0	0	0	0	0	0	0	0	0	0	0	0	0	0
Karamvirus pg7	0	0	0	0	0	41	0	0	0	0	0	0	0	0	0	0	0	0	0	0	0	0	0	0	0	0	0	0	0	0	0	0	0	0	0	0	0	0	0	0	0	0	0	0	0	0	0	0	0	0	0	0	0	0	0	0	0	0	0
Kehishuvirus primarius	0	0	0	0	0	0	0	0	0	0	0	0	0	81	0	163	0	0	0	0	0	0	0	680	0	118	0	0	0	0	0	0	0	0	0	0	0	0	227	0	0	0	0	0	0	0	530	0	0	0	0	0	189	548	0	0	0	0	0
Kehishuvirus splanchnicus	0	0	0	0	0	0	0	0	18	0	0	0	0	0	0	31	0	361	0	0	0	0	0	112	0	20	0	0	0	0	0	0	0	0	0	0	0	0	55	0	0	0	0	0	0	0	19	0	0	0	0	0	29	91	0	0	0	0	0
Kineothrix sedimenti	0	13	3512	0	213	0	0	0	0	0	0	0	0	244	0	0	0	0	0	0	0	0	0	990	632	19	0	0	0	43	0	0	0	0	0	0	0	0	14	0	281	1102	0	0	0	0	0	813	0	0	11	536	346	26	10	50	92	0	0
Kineothrix sp. MB12-C1	0	0	0	0	0	0	0	0	0	0	76	0	0	0	40	0	0	0	0	0	0	0	0	0	0	0	0	0	0	0	0	0	0	0	0	0	0	0	0	0	0	0	0	0	0	0	0	0	0	0	0	0	0	0	13	0	0	0	0
Kingevirus communis	206	1467	204	185	345	226361	89537	134	148	153	2276	162	171	959	156	320	17	29	314	19029	11	89690	83964	33	12195	44	64	8384	2756	14	18	2201	18	10	14	0	18	1838	2745	5156	23	0	417	0	27	0	38	14	14	96378	20	15	26	3584	238	33	11	11	8899
Klebsiella aerogenes	0	0	71	0	181	0	0	30717	718	0	0	91	44	0	0	0	0	0	0	0	26	0	0	0	0	0	0	0	0	0	0	0	0	0	0	0	0	0	0	0	0	0	0	0	0	0	0	0	0	0	0	0	0	0	0	1920	192	141	0
Klebsiella electrica	0	0	0	0	0	0	0	0	0	0	0	0	0	0	0	0	0	0	0	85	0	0	0	0	0	0	0	0	0	0	0	0	0	0	0	0	0	33	0	0	0	0	0	0	0	0	0	0	0	0	0	0	0	0	0	0	0	0	0
Klebsiella grimontii	0	0	0	0	0	0	0	0	0	0	6179	0	0	0	0	0	0	0	7708	17618	0	0	0	0	0	0	0	0	0	0	0	0	0	0	0	0	0	3020	0	0	0	0	0	3041	530	0	0	0	0	0	0	1146	0	0	0	0	0	3513	0
Klebsiella michiganensis	0	0	0	0	0	0	28	98	0	0	207	0	635	0	0	0	0	0	0	27599	0	0	0	0	0	0	0	0	0	0	0	0	0	0	0	0	0	2542	0	0	166	0	0	2520	771	0	0	0	138	0	0	1368	0	0	0	0	53	5123	0
Klebsiella oxytoca	0	0	61	0	0	0	0	0	0	0	0	61	46	0	246	28	0	0	30	77	0	0	0	0	227	0	0	0	186	0	0	0	0	0	0	0	0	233	0	194	2611	0	0	504	56	60	83	0	39	44	0	93	461	24	186	86	3810	263352	132
Klebsiella pasteurii	0	0	0	0	0	0	0	0	0	0	0	0	0	0	0	0	166	0	0	0	0	0	0	0	0	0	0	0	0	0	0	0	0	0	0	0	0	0	0	0	0	0	0	862	0	0	0	0	0	0	0	0	0	0	0	0	0	913	0
Klebsiella pneumoniae	0	0	0	0	0	0	496	543	0	0	1552	112867	5965	0	70828	16134	358	0	1484	955646	449	0	280	0	0	0	539	0	0	0	0	9178	0	0	0	0	614	2097	862	0	2299	88119	266853	136046	0	6892	0	0	2863	0	0	9205	0	142	875	0	313	35055	2657
Klebsiella quasipneumoniae	0	0	0	0	0	0	151	0	0	0	0	0	0	0	172	0	0	0	0	1419	0	0	0	0	0	0	0	0	0	0	0	1012	0	0	0	0	0	458	0	0	0	0	0	1291	0	0	0	0	0	0	0	0	0	0	0	0	0	0	0
Klebsiella quasivariicola	0	0	0	0	0	0	0	0	0	0	0	0	0	0	0	0	0	0	0	806	0	0	0	0	0	0	0	0	0	0	0	45	0	0	0	0	0	0	0	0	0	0	0	0	0	0	0	0	0	0	0	0	0	0	0	0	0	0	0
Klebsiella sp. CTHL.F3a	0	0	0	0	0	0	0	0	0	0	0	0	0	0	0	0	0	0	0	0	0	0	0	0	0	0	0	0	0	0	0	0	0	0	0	0	0	0	0	0	0	0	0	0	0	0	0	0	0	0	0	0	0	0	0	0	0	4386	0
Klebsiella sp. PL-2018	0	0	0	0	0	0	0	0	0	0	0	0	0	0	0	0	0	0	0	0	0	0	0	0	0	0	0	0	0	0	0	0	0	0	0	0	0	0	0	0	0	0	0	0	0	0	0	0	0	0	0	0	0	0	0	0	224	29106	0
Klebsiella sp. ZJOU C1	0	0	0	0	0	336	0	0	0	0	0	0	0	0	0	0	0	0	0	0	0	0	0	0	0	0	0	0	0	0	0	0	0	0	0	0	0	0	0	0	0	0	0	0	0	0	0	0	0	0	0	0	0	0	0	0	0	0	0
Klebsiella variicola	0	0	0	0	0	0	0	1652	0	0	0	201	0	0	12463	0	0	0	0	10181	0	0	0	0	2141	0	0	0	0	0	0	0	0	0	0	0	0	1326	0	0	0	0	2262	71876	0	0	0	0	0	0	0	1055	0	0	0	0	0	2091	0
Kluyvera ascorbata	0	0	0	0	0	0	0	0	0	0	0	0	0	0	0	0	0	0	0	2952	0	0	0	0	0	0	1825	0	0	0	0	0	0	0	0	0	0	3136	0	0	7015	0	0	0	0	0	0	0	0	0	0	0	0	0	0	0	0	0	0
Kluyvera cryocrescens	0	0	0	0	0	0	0	0	0	0	0	0	3363	0	0	0	0	0	0	0	0	0	0	0	0	0	359	0	29	0	0	0	0	0	0	0	44	18291	0	0	0	0	0	0	0	0	0	0	0	0	0	39	0	0	0	0	0	0	0
Kluyvera georgiana	0	0	0	0	0	0	1058	0	0	0	0	0	317	0	0	0	0	0	0	0	0	0	0	0	0	0	0	0	0	0	0	0	0	0	0	0	0	0	0	0	0	0	0	0	0	0	0	0	0	0	0	0	0	0	0	0	0	0	0
Kluyvera sichuanensis	0	0	0	0	0	0	0	0	0	0	0	0	0	0	0	0	0	0	0	0	0	0	0	0	0	0	0	0	0	0	0	0	0	0	0	0	0	0	0	0	0	0	0	16	0	0	0	0	0	0	0	0	0	0	0	0	0	0	0
Kluyveromyces lactis	0	0	0	0	0	0	0	0	0	0	0	0	0	0	0	0	0	52	0	0	0	0	0	0	0	0	0	0	0	0	0	0	0	0	0	0	0	0	0	0	0	0	0	0	0	0	0	0	0	0	0	0	0	0	0	0	0	0	0
Kochitakasuvirus KPP25	0	0	0	0	0	0	0	0	0	0	0	0	0	0	0	0	0	0	1334	0	0	0	0	0	0	0	0	0	0	0	0	0	0	0	0	0	0	0	0	0	0	0	0	0	0	0	0	0	0	0	0	0	0	0	0	0	0	0	0
Kochitakasuvirus R18	0	0	0	0	0	0	0	0	0	0	0	0	0	0	0	0	0	0	2648	0	0	0	0	0	0	0	0	0	0	0	0	0	0	0	0	0	0	0	0	0	0	0	0	0	0	0	0	0	0	0	0	0	0	0	0	0	0	0	0
Kocuria palustris	0	37	0	0	0	0	0	0	0	0	0	0	0	0	0	0	0	0	0	0	0	0	0	0	0	0	0	0	0	0	0	0	0	0	0	0	0	0	0	0	0	0	0	0	0	0	0	0	0	0	0	0	0	0	0	0	0	0	0
Kocuria varians	0	332	0	0	0	0	0	0	0	0	0	0	17	0	0	0	0	0	0	0	0	0	0	0	0	0	0	0	0	0	0	0	0	0	0	0	0	22	0	0	0	0	0	0	0	0	0	54	0	0	0	89	24	0	20	31	0	0	50
Kolpuevirus coli	0	0	0	0	0	0	0	0	0	0	0	0	0	0	73	0	0	0	0	0	0	0	0	0	0	0	0	0	0	0	0	0	0	0	0	0	0	0	0	0	0	0	0	0	0	0	0	0	0	0	0	0	0	0	0	0	0	0	0
Komagataeibacter oboediens	996	654	694	197	570	98	230	131	54	579	541	20	64	131	229	42	151	0	62	15	32	68	603	89	98	49	448	471	234	225	24	342	189	118	794	47	49	100	125	132	71	115	24	13	63	28	117	77	1697	108	46	183	17	216	48	80	25	268	126
Kosakonia cowanii	0	0	0	0	0	0	0	0	0	0	0	0	0	0	0	0	0	0	0	0	0	0	0	0	0	0	0	0	0	0	0	0	0	0	0	0	0	212	0	0	0	0	0	0	0	0	0	0	0	0	0	0	0	0	0	17	0	0	0
Kosakonia oryzendophytica	0	0	0	0	0	0	0	0	0	0	0	0	0	0	0	0	0	0	0	0	0	0	0	0	0	0	0	0	0	0	0	0	0	0	0	0	0	0	0	0	0	0	0	0	0	0	0	0	0	0	0	0	0	0	0	0	0	0	1202
Kosakonia sacchari	0	0	0	0	0	0	0	0	0	0	0	0	0	0	0	0	0	0	0	0	0	0	0	0	0	0	0	0	0	0	0	0	0	0	0	0	0	0	0	0	0	0	0	210	0	0	0	0	0	0	0	0	0	0	0	0	0	0	0
Lachnoanaerobaculum gingivalis	119	86	37	44	57	13	48	0	29	39	50	0	0	48	17	12	0	0	0	0	0	26	0	0	0	19	0	27	21	0	0	18	87	39	31	52	244	39	0	0	24	45	78	46	0	0	39	12	28	0	0	51	0	21	0	0	0	0	29
Lachnoanaerobaculum umeaense	0	0	0	0	0	0	0	0	0	0	0	0	0	28	0	0	0	0	0	0	0	0	0	0	0	0	0	0	0	0	0	0	0	0	21	0	143	0	0	0	0	0	0	0	0	0	0	0	0	62	0	0	0	0	0	0	0	0	0
Lachnospira eligens	1264	70951	407164	3814	50883	19581	188844	148281	5402	42559	538615	784	1107	165270	76992	2529	115304	1028	17823	82707	308	15593	2696	70424	14055	3565	11634	34876	22641	905	290942	1115	213892	6280	135	17097	954	11950	114675	909	11720	55923	93211	682	5517	445	9451	16564	1065	439636	25202	19054	406587	88607	46777	2338	105499	1192	253273
Lacrimispora saccharolytica	0	87	388	56	69	48	0	0	204	63	73	0	0	33	92	213	13	0	0	13	0	15	0	0	0	40	21	867	99	56	47	154	38	21	19	121	0	23	48	14	77	70	96	89	38	30	953	36	0	0	143	94	266	180	237	0	195	1126	666
Lacrimispora sinapis	0	0	23	0	0	0	0	0	0	0	0	0	0	0	0	0	0	0	0	0	0	0	0	0	0	0	0	0	0	0	0	0	0	0	0	0	0	0	0	0	0	0	0	0	0	0	0	0	0	0	0	0	0	0	0	0	0	0	0
Lacrimispora sp. HJ-01	0	33	22	0	12	38	10	48	54	0	10	0	0	0	0	0	0	0	0	20	0	0	0	47	0	0	0	43	0	0	0	0	0	0	0	0	0	0	28	30	11	0	0	146	11	19	0	0	0	0	0	78	258	13	0	0	0	10	14
Lacticaseibacillus casei	0	0	0	0	54	0	0	0	0	0	0	0	0	174	0	0	0	0	0	51	0	0	0	0	0	0	0	0	0	0	0	0	0	82	0	0	0	0	0	0	0	0	0	0	0	0	0	0	0	0	0	0	0	0	0	0	0	0	0
Lacticaseibacillus paracasei	0	136	17	0	420	178	31	254	102	0	0	0	205	557	625	633	784	249	185	33	142256	54	534	15	121	5343	19	87	34	106	0	0	0	3381	273	0	0	372	34	1025	0	0	4995	11386	236	100	102	30219	2227	1860	10100	459	109	795	351	3232	522	2934	29
Lacticaseibacillus rhamnosus	20	0	0	0	39	60	56	1461	11754	0	25	21	438	1869	1125	125	1480	5187	367	14	917	100	32	0	129	0	0	0	0	0	0	0	0	171	418	0	0	46	0	12	0	22	0	56	0	0	0	69	14	0	0	0	0	0	28	393	0	5462	0
Lacticaseibacillus zeae	0	0	0	0	0	0	0	0	0	0	0	0	0	238	0	0	20	0	0	0	0	0	0	0	0	0	0	0	0	0	0	0	0	53	0	0	0	0	0	0	0	0	0	0	0	0	0	0	0	0	0	0	0	0	0	0	0	15	0
Lactiplantibacillus argentoratensis	0	0	0	0	0	0	0	0	0	0	0	0	88	88	28	0	0	266	0	0	0	0	0	0	0	0	0	0	0	0	0	0	0	0	0	0	0	0	0	0	0	0	0	0	0	0	0	318	0	0	0	0	0	0	0	0	0	0	0
Lactiplantibacillus paraplantarum	0	0	0	23	0	0	0	0	0	0	0	0	0	0	0	0	0	0	0	0	0	0	0	0	0	0	0	0	38	0	0	0	0	0	0	0	0	0	0	0	0	0	0	0	104	0	0	0	0	0	0	46	0	0	0	0	0	17	0
Lactiplantibacillus pentosus	0	0	0	0	0	0	0	0	0	0	0	0	0	0	0	0	0	0	54	0	0	0	0	0	0	0	0	0	0	0	0	0	0	0	0	0	0	0	0	0	0	0	0	0	0	0	0	0	0	0	0	0	0	0	0	0	0	0	0
Lactiplantibacillus plantarum	256	0	0	0	0	0	0	0	0	0	0	0	0	25	3106	38	133	1597	52	0	15	0	0	0	302	180	0	0	107	0	0	0	18	103	0	0	0	456	0	170	0	29	62	58	43	0	52	1575	0	0	630	293	44	0	32	277	0	344	0
Lactobacillus acetotolerans	0	0	0	0	0	0	0	0	0	0	0	0	0	0	0	0	0	0	0	0	0	0	0	0	0	0	0	0	0	0	0	0	0	0	0	0	0	0	0	0	0	0	0	0	0	0	0	0	0	0	0	0	0	0	0	0	0	131	0
Lactobacillus acidophilus	0	0	0	0	0	0	0	0	0	0	0	0	0	0	0	0	5693	0	0	0	0	0	0	0	0	0	0	0	0	0	0	0	0	0	0	0	0	0	0	0	0	0	0	0	0	0	0	0	0	0	0	0	0	0	0	0	0	0	0
Lactobacillus amylolyticus	0	0	0	0	0	0	0	0	0	0	0	0	0	38	0	0	0	0	0	0	0	0	17	0	0	0	0	0	0	0	0	0	0	0	0	0	0	0	0	0	0	0	0	0	0	0	0	0	0	0	0	0	0	0	0	0	0	0	0
Lactobacillus amylovorus	0	0	0	0	0	0	0	264	20	0	0	0	0	0	0	6800	11922	0	0	0	0	0	0	0	0	0	0	0	0	0	0	0	174	36	0	0	0	0	0	0	0	0	21	0	0	0	0	0	0	0	0	0	23	0	0	0	0	0	0
Lactobacillus crispatus	22	0	0	0	29	0	0	0	4295	0	0	0	0	213	0	153	89	68	0	0	0	0	0	0	103	42	0	0	0	0	0	0	0	7292	48	0	0	0	0	0	0	0	0	0	0	0	0	0	0	0	0	0	230	0	0	0	0	0	0
Lactobacillus delbrueckii	17	0	0	0	34	78	2681	56	99	62	105	0	0	0	188	2557	0	2412	875	0	86	63	0	0	45	0	44	73	0	2101	0	0	0	57	8190	0	0	0	0	92	0	0	1478	12578	85	34	43	1535	147	1694	6200	557	20	119845	129	13	1281	35176	36
Lactobacillus gasseri	474	0	0	74	0	907	334	212	0	0	0	0	0	7275	21360	970	47083	13862	472	0	556	2521	0	0	107	0	0	0	0	113	79	45	0	26025	17437	0	0	0	0	850	0	0	375	0	0	0	0	4077	6344	0	0	0	0	0	0	0	0	5296	0
Lactobacillus helveticus	12	0	0	0	0	0	0	0	33	0	0	0	0	0	0	37	46	0	0	0	0	0	33	0	0	0	0	0	0	13	0	0	0	0	0	0	0	0	0	0	0	0	0	0	0	0	0	0	0	0	0	0	0	0	37	0	0	21	0
Lactobacillus iners	0	0	39	0	0	0	0	0	0	0	0	0	0	0	0	0	0	0	0	0	0	0	18	0	0	0	0	11	0	0	0	0	0	0	0	0	0	0	17	0	0	0	0	0	0	0	0	0	0	0	0	0	0	0	0	31	0	0	0
Lactobacillus isalae	0	0	0	0	0	0	0	0	0	0	0	0	0	0	0	0	27	0	0	0	0	0	0	0	0	0	0	0	0	0	0	0	0	36	0	0	0	0	0	0	0	0	0	0	0	0	0	30	23	0	0	0	0	0	0	0	0	0	0
Lactobacillus johnsonii	0	0	0	0	0	0	30	0	74	0	0	0	0	27	105	527	13871	33	0	0	0	43	0	0	0	0	0	0	0	0	0	0	0	39	195	0	0	0	0	65	0	0	0	0	0	0	24	33724	47	0	0	0	76	0	0	0	0	108	0
Lactobacillus kefiranofaciens	0	0	0	0	0	0	0	0	0	0	0	0	0	0	0	0	0	0	0	0	0	0	0	0	0	0	0	44	0	0	0	0	0	0	0	0	0	0	0	0	0	0	0	0	0	0	0	31	0	0	0	0	0	0	0	0	0	16	0
Lactobacillus paragasseri	0	0	0	0	0	0	1620	0	0	0	0	284	0	0	255	209	795	3236	2151	0	811	0	0	0	0	0	0	0	0	0	0	0	0	143	2114	0	0	0	237	8072	0	0	0	0	308	0	0	105	57	0	0	0	841	0	0	934	0	24304	0
Lactobacillus phage phiPYB5	0	0	0	0	0	0	0	0	0	0	0	0	0	0	0	0	0	0	0	0	0	0	0	0	0	0	0	0	0	0	0	0	0	0	0	0	0	0	0	0	0	0	0	0	0	0	0	0	0	0	0	0	0	0	0	0	0	661	0
Lactobacillus sp. 3B(2020)	0	0	0	0	0	0	0	0	71	0	0	0	0	0	0	0	0	0	0	0	0	0	0	0	0	0	0	0	0	0	0	0	0	0	0	0	0	0	0	0	0	0	0	0	0	0	0	0	0	0	0	0	0	0	0	0	0	0	0
Lactobacillus sp. JM1	0	0	0	0	0	0	0	0	0	0	0	0	0	0	0	0	0	0	0	0	0	0	0	0	0	0	0	0	0	0	0	0	0	326	0	0	0	0	0	0	0	0	0	0	0	0	0	0	0	0	0	0	0	0	0	0	0	0	0
Lactobacillus ultunensis	0	0	0	0	0	0	0	0	0	0	0	0	0	37	0	0	10	0	0	0	0	0	0	0	0	0	0	0	0	0	0	0	0	0	0	0	0	0	0	0	0	0	0	0	0	0	0	0	0	0	0	0	0	0	0	0	0	0	0
Lactococcus cremoris	1741	2077	505	0	1679	133	71	0	0	113	3088	0	340	279	268	1564	45	182	743	54	27	95	2223	138	241	34619	565	798	124	99	731	20	94	396	625	1188	1858	518260	48	909	732	198	209	576	446	379	1192	1235	1495	457	827	2009	424	150	135	137828	8319	3781	144414
Lactococcus formosensis	12842	0	0	0	14	0	0	0	0	0	0	0	0	0	0	0	0	0	0	0	0	0	0	0	0	0	0	0	135	0	0	0	0	0	0	0	0	74	0	0	0	0	0	0	0	0	0	0	0	0	0	0	0	0	0	0	0	0	0
Lactococcus garvieae	10553	0	0	0	0	0	0	0	0	0	0	0	39	0	0	0	0	0	0	0	82	0	0	0	0	0	0	0	24	0	0	0	0	0	26	0	23	12064	0	0	0	0	0	0	0	0	0	337	0	0	0	358	0	0	0	241	0	0	0
Lactococcus lactis	94850	376	293	157	2462	285	48	202	102	233	114296	219	294	284	393	444	55	457	2752	222	1057	55	21792	258	7870	60689	15034	5051	1179	90	304	904	216	133	6048	163	1287	621898	799	33	335	443	35	3884	2621	14	386	43644	324	58	1956	4698	735	24	423	43164	2120	2471	5128
Lactococcus petauri	136321	277	183	202	118	0	274	0	104	0	2028	0	0	0	0	0	0	0	0	0	0	40	313	0	0	5190	0	247	0	0	42	28	0	117	0	108	0	9427	0	61	0	141	0	188	1331	0	0	515	0	0	162	2613	0	66	0	474	0	241	0
Lactococcus sp.	111012	0	0	0	1709	0	0	0	388	217	471	0	366	0	0	0	0	0	595	0	0	715	12342	0	707	4272	7906	0	0	0	201	158	0	0	876	0	0	21456	432	0	0	238	0	3956	0	0	0	14238	0	0	359	933	0	0	0	9025	664	467	1952
Lactococcus sp. bn62	5423	0	0	0	0	0	0	0	0	0	0	0	0	0	0	0	0	0	0	0	0	0	0	0	0	0	0	0	0	0	0	0	0	0	0	0	0	0	0	0	0	0	0	0	0	0	0	0	0	0	0	1207	0	0	0	0	0	0	0
Lactococcus sp. KTH0-1S	0	0	0	0	0	0	0	0	0	0	0	0	0	0	0	0	0	0	0	0	0	0	0	0	0	0	2965	0	0	0	0	0	0	0	0	0	0	383	0	0	0	0	0	0	0	0	0	0	0	0	0	0	0	0	0	0	0	0	0
Lactococcus sp. LG1267	4985	0	0	0	0	0	0	0	0	0	0	0	0	0	0	0	0	0	0	0	0	0	0	0	0	0	0	0	0	0	0	0	0	0	0	0	0	0	0	0	0	0	0	0	0	0	0	0	0	0	0	0	0	0	0	0	0	0	0
Lactococcus sp. LG592	4472	0	0	0	0	0	0	0	0	0	0	0	0	0	0	0	0	0	0	0	0	0	0	0	0	0	0	0	0	0	0	0	0	0	0	0	0	0	0	0	0	0	0	0	0	0	0	0	0	0	0	0	0	0	0	0	0	0	0
Lactococcus sp. LG606	27413	0	0	0	0	0	0	0	0	0	0	0	0	0	0	0	0	0	0	0	0	0	0	0	0	0	0	0	0	0	0	0	0	0	0	0	0	148	0	0	0	0	0	0	0	0	0	0	0	0	0	0	0	0	0	0	0	0	0
Lactococcus sp. NH2-7C	0	0	0	0	0	0	0	0	0	0	0	0	0	0	0	0	0	0	0	0	0	0	0	0	0	21	145	0	0	0	0	0	0	0	0	0	0	342	0	0	0	0	0	0	0	0	0	0	0	0	0	0	0	0	0	0	0	0	85
Lactonifactor longoviformis	233	487	1223	36	467	308	349	33	1269	106	68	11	708	479	80	66	763	0	49	154	405	353	347	78	56	335	904	157	229	208	32	60	73	174	46	22	39	288	1266	463	290	79	43	14	71	402	2466	111	84	271	308	93	212	233	63	293	218	444	25
Lahndsivirus rarus	0	0	0	0	0	0	3039	0	0	0	0	0	0	0	0	0	0	0	0	0	0	0	0	0	0	0	0	0	0	0	0	0	0	0	0	0	0	0	0	0	0	0	0	0	0	0	0	0	0	0	0	0	0	0	0	0	0	0	0
Lancefieldella parvula	17	0	21	41	54	0	26	19	0	56	31	23	0	331	34	0	55	34	0	0	115	0	40	494	40	87	13	12	41	14	34	15	11	263	739	13	50	24	77	184	0	0	0	60	49	12	0	37	0	0	0	15	32	0	0	211	0	0	0
Lancefieldella sp. Marseille-Q7238	0	0	0	0	12	0	0	0	0	0	0	0	0	10	0	0	0	0	0	0	100	0	0	0	0	0	0	0	0	0	0	0	0	0	0	0	0	0	0	0	0	0	0	0	0	0	0	0	0	0	0	0	0	0	0	0	0	0	0
Latilactobacillus curvatus	148	0	38	13	0	26	0	0	0	0	0	16	0	0	24	788	0	0	0	0	0	0	744	0	15	501	0	99	638	0	0	58	0	0	0	0	0	0	140	0	0	0	45	3288	199	0	25	25	0	0	35	237	0	0	0	38	0	122	0
Latilactobacillus fuchuensis	0	0	0	0	0	0	0	0	0	0	187	0	0	0	0	0	0	0	0	0	0	0	0	0	0	91	0	0	0	0	0	0	0	0	0	0	0	0	0	0	0	0	0	0	0	0	0	0	0	0	0	0	0	0	0	0	0	0	0
Latilactobacillus sakei	27	247	474	109	0	671	0	0	0	105	112	32	0	0	66	926	0	0	0	0	0	52	20	0	0	731	142	1564	7122	0	0	196	0	0	0	0	0	0	0	0	0	0	0	5311	442	0	183	0	0	0	17	34	0	0	702	1707	319	710	0
Lautropia mirabilis	40	49	25	0	56	0	0	0	0	0	0	0	0	0	0	0	0	120	0	0	0	0	0	0	0	0	0	0	0	0	0	0	0	0	0	0	97	0	0	0	57	0	0	0	0	0	0	18	0	0	0	0	52	0	0	0	0	11	0
Lawsonella clevelandensis	0	0	0	0	0	0	0	0	0	0	24	0	0	29	20	15	0	164	1384	276	0	0	0	0	0	0	0	34	0	0	0	0	0	0	0	0	0	0	0	0	0	0	105	0	0	0	0	0	0	0	0	0	0	0	0	0	0	0	0
Lawsonia intracellularis	0	0	0	0	0	0	0	0	0	0	0	0	0	0	0	0	0	0	0	0	0	0	0	0	0	0	0	0	0	0	0	0	0	0	0	0	0	0	0	0	0	0	0	0	0	0	0	0	0	16	0	0	0	0	0	0	0	0	0
Lawsonibacter asaccharolyticus	11884	12740	44039	36064	12510	3374	22931	113	2127	47767	950	8742	28210	2861	6490	886	115	73	6296	1555	9413	6329	6544	32501	19889	23277	752	3126	25315	39821	17120	24491	6455	13533	581	1824	84675	7201	22512	11294	1268	45234	2174	5206	18459	62600	15210	10264	31558	29167	8525	4892	7685	11122	8286	5739	5138	9596	6139
Lebriduvirus gastrointestinalis	28	0	0	0	0	0	0	0	0	0	0	0	0	0	13	0	0	0	0	0	0	0	0	0	0	0	0	0	0	0	0	0	0	0	0	69	0	0	0	0	0	0	0	693	0	0	0	0	0	0	0	0	0	0	0	15	569	0	0
Leclercia adecarboxylata	0	0	0	0	0	0	0	0	0	0	403	0	0	0	0	0	0	0	4544	71	0	0	0	0	0	0	0	0	0	0	0	0	0	0	0	0	0	130	0	0	0	0	0	78	0	0	0	0	0	0	0	0	0	0	0	0	0	607	0
Leclercia pneumoniae	0	0	0	0	0	0	0	0	0	0	0	0	0	0	0	0	0	0	0	0	0	0	0	0	0	0	0	0	0	0	0	0	0	0	0	0	0	773	0	0	0	0	0	22	0	0	0	0	0	0	0	0	0	0	0	0	0	217	0
Leclercia sp. J807	0	0	0	0	0	0	0	0	0	0	0	0	0	0	0	0	0	0	24	0	0	0	0	0	0	0	0	0	0	0	0	0	0	0	0	0	0	0	0	0	0	0	0	0	0	0	0	0	0	0	0	0	0	0	0	0	0	0	0
Leclercia sp. LSNIH1	0	0	0	0	0	0	0	0	0	0	0	0	0	0	0	0	0	0	1195	0	0	0	0	0	0	0	0	0	0	0	0	0	0	0	0	0	0	0	0	0	0	0	0	0	0	0	0	0	0	0	0	0	0	0	0	0	0	0	0
Leclercia sp. W17	0	0	0	0	0	0	0	0	0	0	0	0	0	0	0	0	0	0	449	0	0	0	0	0	0	0	0	0	0	0	0	0	0	0	0	0	0	0	0	0	0	0	0	0	0	0	0	0	0	0	0	0	0	0	0	0	0	0	0
Lelliottia amnigena	0	0	0	0	0	0	0	18	0	0	0	0	0	0	0	0	0	0	0	0	0	0	0	0	0	0	0	0	0	0	0	0	0	0	0	0	0	0	0	0	0	0	0	0	0	0	0	0	0	0	0	0	0	0	0	0	0	0	0
Lelliottia nimipressuralis	0	0	0	0	0	0	0	0	0	0	0	600	0	0	0	0	0	0	0	0	0	0	0	0	0	0	0	0	0	0	0	0	0	0	0	0	0	0	0	0	0	0	0	0	0	0	0	0	0	0	0	0	0	0	0	0	0	0	0
Lelliottia sp. AC1	0	0	0	0	0	0	0	0	0	0	0	0	0	0	0	0	0	0	0	0	0	0	0	0	0	0	0	0	0	0	0	0	0	0	0	0	0	134	0	0	0	0	0	0	0	0	0	0	0	0	0	0	0	0	0	0	0	0	0
Lelliottia sp. JS-SCA-14	0	0	0	0	0	0	0	0	0	0	0	0	0	0	0	0	0	0	0	0	0	0	0	0	0	0	0	0	0	0	0	0	0	0	0	0	0	0	0	0	0	0	0	30	0	0	0	0	0	0	0	0	0	0	0	0	0	0	0
Lentilactobacillus buchneri	0	0	0	0	0	0	0	0	0	0	0	0	0	0	0	0	0	0	0	0	876	0	20	0	0	0	0	0	0	0	0	0	0	0	0	0	0	0	0	0	0	0	0	0	28	0	0	336	0	0	0	16	0	0	0	0	0	0	0
Lentilactobacillus hilgardii	0	0	0	0	0	0	0	0	0	0	0	0	0	0	0	0	0	0	0	0	15	0	0	0	0	0	0	0	0	0	0	0	0	0	0	0	0	0	0	0	0	0	0	0	0	0	0	21	0	0	0	0	0	0	251	0	0	0	0
Lentilactobacillus kefiri	0	0	0	0	0	0	0	0	0	0	0	0	0	0	0	0	0	0	0	0	11	0	0	0	0	0	0	0	0	0	0	0	0	0	0	0	0	0	0	0	0	0	0	0	0	0	0	51	0	0	0	0	0	0	0	0	0	0	0
Lentilactobacillus parabuchneri	0	0	0	0	0	14	0	0	0	0	0	0	52	111	132	0	11	0	927	0	95	0	297	0	0	0	31	0	0	0	0	0	0	13	0	0	0	0	0	29	0	0	0	33	20	0	0	19065	24	62	0	0	24	0	20	0	19	73	0
Leptogranulimonas caecicola	0	34	0	16	20	0	0	0	0	0	0	0	0	0	0	0	0	0	28	0	0	25	0	0	0	0	0	0	29	0	0	0	0	0	0	0	0	0	0	0	0	0	0	0	0	8615	0	0	0	0	0	0	0	0	0	0	0	0	0
Leptolyngbya sp. 7M	0	0	0	0	0	0	0	11	0	0	0	0	0	0	0	0	0	0	0	0	0	0	0	0	0	0	0	0	0	0	0	0	0	0	0	0	0	0	0	0	0	0	0	0	0	0	0	0	0	0	0	0	0	0	0	0	0	0	0
Leptotrichia sp. oral taxon 221	0	0	119	0	0	0	0	0	0	0	0	0	0	26	0	0	0	0	0	0	0	0	0	0	0	0	0	0	0	0	0	0	0	0	0	0	0	0	0	0	0	0	0	0	0	0	0	0	0	0	0	0	0	0	0	0	0	0	0
Leptotrichia sp. oral taxon 498	0	51	0	0	0	0	0	0	0	0	0	0	0	0	0	0	0	0	0	0	0	0	0	0	0	0	0	0	0	0	0	0	0	0	0	0	0	0	0	0	0	0	0	0	0	0	0	0	0	0	0	0	0	0	0	0	0	0	0
Leptotrichia trevisanii	0	0	0	0	0	0	0	0	0	0	0	0	0	0	0	0	0	0	0	0	0	0	0	0	0	0	0	0	0	0	0	0	0	0	0	0	0	0	0	0	0	0	0	0	0	0	0	0	0	0	0	0	0	0	0	74	0	0	0
Leptotrichia wadei	0	0	0	0	0	0	0	0	0	0	0	0	0	0	0	0	0	0	0	0	0	0	0	0	0	0	0	0	0	0	0	0	0	0	0	0	0	119	0	0	0	0	0	0	0	0	0	0	0	0	0	0	0	0	0	0	0	0	0
Leuconostoc carnosum	0	25	0	0	0	19	0	0	27	0	32	0	0	0	0	591	0	0	0	0	0	0	691	0	0	337	47	242	0	0	0	23	0	0	0	0	0	0	0	0	0	0	0	83	1217	0	934	0	39	0	0	0	0	0	0	41	16	0	0
Leuconostoc citreum	0	0	5301	0	0	0	0	0	0	0	0	0	0	0	0	0	0	0	0	0	0	0	0	0	0	79	0	148	0	0	0	0	0	0	0	0	0	0	0	0	0	0	0	56	65	0	0	0	0	0	0	0	51	0	0	0	0	0	0
Leuconostoc falkenbergense	0	0	79	0	0	0	0	0	28	0	0	0	0	0	0	0	0	0	0	0	0	0	0	0	17	0	0	3282	0	0	0	0	0	0	36	0	18	8182	0	0	0	0	0	723	523	149	0	19	30	27	0	894	29	0	0	238	0	0	0
Leuconostoc gasicomitatum	0	0	0	0	0	0	0	0	0	0	412	170	0	0	0	0	0	0	0	0	0	0	0	0	0	0	42	189	0	0	0	0	0	0	0	0	0	0	0	22	0	0	0	0	3450	0	258	0	0	0	0	0	0	0	0	0	0	0	0
Leuconostoc gelidum	0	0	18	0	0	0	0	0	0	0	762	0	0	0	0	0	0	0	0	0	0	0	15	0	0	13	70	25	0	0	0	0	0	0	0	0	0	0	0	0	0	0	0	0	144	0	175	0	0	0	0	0	0	0	0	0	0	0	0
Leuconostoc lactis	0	15	0	0	0	0	0	0	0	0	0	0	0	0	0	0	0	0	0	0	0	0	1536	0	0	17	0	112	28	0	120	0	0	0	0	0	0	90	0	0	0	0	0	0	0	0	0	0	0	0	0	58	0	0	0	0	0	0	0
Leuconostoc mesenteroides	0	12	174	0	78	61	0	0	38	16	130	0	110	0	0	54	0	0	0	0	0	42	113	0	0	5922	25	2130	84	0	51	37	28	0	21	0	0	149	301	66	0	0	0	324	1183	430	952	191	0	0	382	1289	1389	29	0	540	72	114	910
Leuconostoc pseudomesenteroides	0	0	14	0	0	0	0	0	0	0	0	0	155	0	0	0	0	0	0	0	0	0	0	0	0	0	0	50	0	0	0	0	0	0	0	0	0	59	74	0	0	0	0	32	17	0	0	0	0	0	0	0	0	0	0	0	0	0	0
Levilactobacillus brevis	0	47	0	0	0	0	41	0	443	24	0	0	164	64	0	0	0	0	0	0	15	0	25	0	46	22	0	0	0	18	0	0	0	0	0	0	0	0	0	0	0	0	0	0	54	0	0	446	0	0	61	56	0	0	0	0	0	0	0
Levyella massiliensis	84	0	0	0	0	0	0	0	0	0	0	0	0	0	26	73	0	0	0	0	0	0	0	0	0	0	0	495	0	0	0	0	0	11	0	10	0	0	0	0	0	0	0	0	0	0	0	0	0	0	0	0	17	0	0	0	0	0	0
Ligilactobacillus acidipiscis	0	0	0	0	0	0	0	0	0	0	0	0	0	0	0	0	0	18	0	0	0	0	0	0	0	0	0	0	0	0	0	0	0	0	0	0	0	0	0	0	0	0	0	0	0	0	0	0	0	0	0	0	0	0	0	0	0	0	0
Ligilactobacillus agilis	0	0	47	0	0	0	0	0	0	0	0	0	0	0	0	0	0	0	0	0	0	0	0	0	0	0	0	0	0	0	0	0	63	0	0	0	0	0	0	0	0	0	0	0	0	0	0	0	0	0	0	0	0	0	0	0	0	0	0
Ligilactobacillus murinus	0	0	0	0	0	0	0	0	0	0	0	0	0	0	54	13	0	0	0	0	0	0	0	0	17	0	0	0	0	0	0	0	17	37	0	0	0	59	122	0	0	0	0	0	35	12	0	0	0	19	0	0	0	0	23	0	0	0	0
Ligilactobacillus ruminis	29	441	264	51	134	286	222	0	207	349	39	0	50	87	205	81	90	0	50	27	57	90	295	21	45	420	179	61	84	221	68	47	26	43	119	121	62	146	119	79	28	170	19	63	243	23	86	167	76	47	157	114	53	39	13	23	71	54	57
Ligilactobacillus saerimneri	0	0	0	0	0	0	0	0	0	0	0	0	0	0	0	0	0	655	0	0	0	0	0	0	0	0	0	0	0	0	0	0	0	0	0	0	0	0	0	0	0	0	0	0	0	0	0	0	0	0	0	0	0	0	0	0	0	0	0
Ligilactobacillus salivarius	0	0	0	0	0	0	0	0	0	0	0	0	12	782	20	102	491	28	30	0	0	137	0	12	0	0	0	0	0	0	0	0	623	177	22	0	0	0	0	18	0	0	0	0	0	0	0	0	0	0	0	0	22	0	42	41	0	148	0
Limosilactobacillus allomucosae	0	0	0	0	0	38	0	521	1600	0	0	0	681	0	563	735	0	0	0	0	0	0	0	0	0	0	0	0	0	0	0	0	0	0	0	0	0	0	0	0	0	0	34	0	0	0	0	0	0	0	0	0	0	0	0	0	0	0	0
Limosilactobacillus fermentum	120	66	55	103	111	199	333	1246	5321	46	129	1001	205	168	112453	4804	306305	17074	390	737	743	3398	59	104	229	47	93	90	31	28	29	18	93	173	5473	0	26	20	58	4658	25	16	98	51	105	88	138	828	74	58	70	83	275	58	321	64777	59	686336	200
Limosilactobacillus frumenti	0	0	0	0	0	0	0	0	0	0	0	0	0	0	43	0	0	17	0	0	0	0	0	0	0	0	0	0	0	0	0	0	0	0	0	0	0	0	0	0	0	0	0	0	0	0	0	0	0	0	0	0	0	0	0	0	0	0	0
Limosilactobacillus mucosae	520	388	588	529	1172	3706	394	70661	761582	508	722	422	166410	354	54671	50689	0	0	0	0	0	0	0	0	0	0	0	0	0	0	0	0	0	0	0	0	0	0	0	0	0	0	6072	0	0	24	0	0	0	0	0	0	0	0	0	85	0	0	0
Limosilactobacillus oris	0	0	0	52	0	0	0	0	0	0	0	0	0	0	0	0	0	21039	0	0	0	0	0	0	74	0	0	0	0	0	13	0	37	609	0	0	0	0	0	461	0	0	0	0	0	0	0	0	0	0	0	0	74	0	0	22	0	0	0
Limosilactobacillus pontis	0	0	0	0	0	0	0	0	0	0	0	0	0	0	0	0	0	0	0	0	115	0	0	0	0	0	0	0	0	0	0	0	0	0	0	0	0	0	0	0	0	0	0	0	0	0	0	0	0	0	0	0	0	0	0	0	0	0	0
Limosilactobacillus portuensis	0	0	0	0	0	0	0	18	0	0	0	0	0	0	25	0	16	7393	0	0	0	0	0	230	410	0	0	0	0	138	0	0	231	4105	0	0	0	0	0	0	0	0	0	0	50	0	0	0	0	0	0	0	0	0	0	2712	0	572	0
Limosilactobacillus reuteri	0	0	0	0	0	0	0	108	511	0	0	0	421	0	371	30	41	292	0	0	0	0	0	0	20	0	0	15	0	0	0	0	0	1501	1873	0	0	0	0	19	0	0	0	0	19	0	27	49738	0	0	0	11	93	13	0	35	0	33	0
Limosilactobacillus vaginalis	0	0	0	51	0	0	0	0	0	0	0	0	0	0	0	0	1592	54	0	0	0	0	0	0	0	0	0	0	0	0	0	0	0	24	0	0	0	0	0	755	0	0	0	0	0	0	0	0	0	0	0	0	0	106	0	64	0	13	0
Listeria monocytogenes	0	0	0	0	0	0	0	0	0	0	0	0	0	0	0	45	0	0	0	18	0	0	0	0	0	0	0	0	0	0	0	0	0	0	0	0	0	18	0	0	0	0	0	0	0	0	0	0	0	0	0	0	0	0	0	0	0	0	0
Loigolactobacillus coryniformis	0	0	0	0	0	0	0	0	0	0	0	0	0	0	13	401	0	0	0	0	0	0	0	0	0	0	0	0	0	0	0	0	0	0	0	0	0	0	0	0	0	0	0	49	0	0	0	33	0	0	0	0	27	0	0	0	0	0	0
Longicatena caecimuris	107	153	22622	200	189	90	48	56	354	9222	48	51	203	131	593	253	26	0	57	23	13	0	89	46	92	13	25	122	341	38	0	262	76	765	16	353	51	223	2912	142	50	135	183	192	166	75	160	151	3754	18	1126	82	296	122	285	0	0	142	68
Lughvirus lugh	177	0	42	41	151	112	2220	113	0	84	0	0	88	0	22	0	863	0	0	0	0	475	0	0	53	0	0	0	0	0	0	45	940	910	0	121	0	35	0	0	0	0	0	0	0	0	2333	316	0	0	0	0	0	0	0	0	104	0	0
Macellibacteroides fermentans	0	0	0	0	0	0	0	0	0	0	0	0	0	0	0	0	0	0	12	0	0	0	0	0	0	0	0	0	0	0	0	0	0	0	0	0	0	0	0	0	0	0	0	0	0	0	0	0	0	0	0	0	0	0	0	0	0	0	0
Macrococcoides caseolyticum	0	0	0	70	0	0	0	0	0	0	0	0	0	0	0	0	0	0	0	0	0	0	79	0	0	0	0	0	0	0	0	0	0	0	0	0	0	0	0	0	0	0	0	15	79	0	29	23	26	0	0	0	0	0	0	0	0	0	2707
Mageeibacillus indolicus	62	390	18	19	0	292	305	0	275	0	46	0	659	21	110	166	88	0	0	184	0	0	0	0	56	0	0	0	39	0	0	23	0	13	0	0	0	32	0	17	85	71	37	0	53	0	202	18	0	0	532	50	67	46	13	0	13	61	60
Mahlunavirus rarus	0	0	18	16	125	0	0	0	0	0	0	0	0	0	0	0	0	0	0	11	0	0	0	102	0	17	0	0	0	0	0	12	0	0	0	0	0	0	0	27	196	52	0	0	0	0	0	0	0	0	0	0	0	0	25	0	0	13	0
Mahstovirus faecalis	0	0	0	0	0	0	0	0	0	0	0	0	0	0	0	0	0	16	0	0	0	0	0	0	0	0	0	0	0	0	0	0	0	0	0	0	0	0	0	0	0	0	0	0	0	0	0	0	0	0	0	0	0	0	0	0	0	0	0
Mammaliicoccus vitulinus	0	0	0	0	0	0	0	0	0	0	0	0	0	0	0	0	0	0	0	0	0	0	0	94	0	0	0	0	0	0	0	0	0	0	0	0	0	0	0	0	0	0	0	205	0	0	0	0	0	0	0	0	0	0	0	0	0	0	0
Mannheimia varigena	0	0	0	0	0	0	0	0	0	0	0	0	0	0	0	0	0	0	0	0	0	0	0	0	0	0	0	0	0	0	0	0	0	0	0	0	0	0	0	0	20	0	0	0	0	0	0	0	0	0	0	0	0	0	0	0	0	0	0
Marinilactibacillus sp. 15R	0	0	0	0	0	0	0	0	0	0	0	0	0	0	0	0	0	0	0	0	0	0	0	0	0	0	0	0	0	0	0	0	0	0	0	0	0	0	0	0	0	0	0	0	0	0	0	0	0	0	0	0	22	0	0	0	0	0	0
Marvinbryantia formatexigens	1200	4454	379	197	110	263	1164	2412	28	621	138	114	877	650	76	45	354	0	219	200	71	994	482	461	96	255	12	172	801	171	72	210	460	122	89	42	14	198	8444	40	42	323	63	64	167	376	1486	770	54	492	100	94	1333	38	26	116	110	255	12375
Massilimicrobiota timonensis	11511	2085	702	190	426	2139	251	97	374	553	103	0	1121	148	431	0	895	0	0	838	133	0	104	284	0	135	670	2279	329	347	0	677	0	0	0	0	0	145	0	4261	0	498	246	111	2925	71	0	293	4149	156	0	223	93	0	634	0	0	197	94
Mediterraneibacter faecis	46151	30702	67529	12033	37386	37283	4355	4123	1284	4398	167038	1073	3574	17811	6110	1109	15878	166	774	7697	986	3919	108169	13235	9887	15572	3452	31313	2488	1249	36312	6358	82720	54062	2348	15811	3344	17808	11762	26332	4403	10126	3305	2784	3947	1348	10312	21117	1242	1053	10730	43009	8102	8032	6197	530	11634	3635	4625
Mediterraneibacter glycyrrhizinilyticus	3634	714	5114	10942	368	194	561	389	318	10981	10464	11798	259	17437	257	693	12334	72	73	313	330	335	42316	231	3829	12694	8267	251	491	5031	145	4097	10629	286	262	1657	2381	235	1816	7325	203	940	54	13702	317	41517	1867	628	39550	414	406	1072	339	131	1060	636	1167	101	12755
Mediterraneibacter gnavus	83071	47007	78560	35123	67977	38475	56163	24070	42046	91083	95744	330408	75236	43279	13792	66118	92378	3923	12698	16110	113955	73079	84815	27305	21328	82604	32362	42180	14591	21875	14552	12918	45662	83119	165592	64034	44814	43370	42204	40698	9543	24322	21519	405966	22251	708951	27550	29120	41850	42764	24647	29078	10952	18199	21412	19565	21992	12571	13887
Megamonas funiformis	245	181	264	211277	481	279	169	157	205	184	200	202945	196	147	217	0	26	41	0	15	0	22	15	37	0	43	113	0	21	20	134	161772	143	168	12	145206	23	18	20	0	23	33	23	31	0	0	0	0	0	0	0	0	0	0	0	0	0	0	0
Megamonas hypermegale	0	0	0	83	0	0	0	0	0	0	0	145	0	0	0	0	0	0	0	0	0	0	14	0	0	0	0	0	0	0	0	334	0	0	0	159	0	0	0	0	0	0	0	0	0	0	0	0	0	0	0	0	0	0	0	0	0	0	0
Megasphaera elsdenii	69	69	49	758	51	29	44	67795	44	31	24	35	32	144	19	0	0	0	409	0	31	11	10	0	62	0	43	121	1333	86	5587	243	13	182	0	34430	0	52	351	32	69	65	0	0	55	23	39	29	38	106	74245	238	196	64884	72	0	317	394	94
Megasphaera hexanoica	0	0	0	66	0	0	0	445	0	0	0	0	0	0	0	0	0	0	46	0	0	0	0	0	0	0	0	0	19	0	107	0	0	42	0	22125	0	0	31	0	0	0	0	0	0	0	0	0	0	0	41	0	0	93	0	0	0	95	0
Megasphaera massiliensis	0	0	0	0	67	0	0	0	21	0	0	0	0	0	0	0	0	0	0	889	0	0	0	14	0	0	0	0	0	0	0	0	0	0	0	0	0	0	0	0	0	0	0	0	0	0	0	0	0	96	0	0	0	0	0	0	0	0	0
Megasphaera sp.	0	0	0	0	0	0	0	413	0	0	0	0	0	0	60	0	35	70	0	82	0	20	20	62	0	217	102	0	34322	504	245225	302	110	16	15	271	19	578	41	0	33	269	34	32	20	0	102	0	0	0	1573	0	498	1183	29	0	0	0	0
Megasphaera stantonii	0	14	0	17	0	0	0	0	0	0	0	0	0	0	0	0	0	0	0	0	0	0	0	0	0	0	0	0	0	0	10	0	0	1296	0	90	0	0	0	0	0	0	0	0	0	0	0	0	0	0	0	0	0	0	0	0	0	0	0
Megasphaera sueciensis	0	0	0	0	0	0	0	0	0	0	0	0	0	0	0	0	0	0	0	0	0	0	0	0	0	0	0	0	0	0	0	0	0	0	0	0	333	0	0	0	0	0	0	0	0	0	0	0	0	0	0	0	0	0	0	0	0	0	0
Metamycoplasma equirhinis	0	0	0	0	0	0	0	140	0	0	0	0	0	0	0	0	0	0	0	0	0	0	0	0	0	0	0	0	0	0	0	0	0	0	0	0	0	0	0	0	0	0	0	0	0	0	0	0	0	0	0	0	0	0	0	0	0	0	0
Methanobrevibacter intestini	521	656	611	459	1246	173113	4300	307	1782	354	389	472	611305	413	382	87090	0	286	1584	1924	626	0	0	0	0	0	0	0	1207	0	0	0	0	282	0	0	92	2660	7632	56	0	269	70019	0	492	0	0	0	0	0	0	0	0	25480	0	257	0	2008	389
Methanobrevibacter millerae	0	0	0	0	0	19	0	0	0	0	0	0	0	0	0	0	0	0	0	0	0	0	0	0	0	0	0	0	19	0	0	0	0	0	0	0	0	0	0	0	0	0	0	0	24	0	0	0	0	0	0	0	0	0	0	15	0	0	0
Methanobrevibacter smithii	159	36011	142	144	308	21038	569	115	62565	140	260	105	68492	7188	34905	20437	181	101034	176450	295905	181319	187	143	5205	91	129	413	194	147215	36	125	59	3293	21400	38	44	567	229734	902	2754	189	21701	15574	79	228414	201	277	788	132	134	107	3579	249	3811	3329	187277	88	59503	255152
Methanobrevibacter sp. TLL-48-HuF1	332	840	339	395	811	118307	3093	219	2155	250	211	227	437267	262	329	51982	0	634	926	7720	1650	0	0	90	0	0	0	0	1949	0	0	0	0	0	0	0	0	4146	4288	30	0	1087	39707	0	5743	0	0	28	0	0	0	103	0	13473	0	4077	0	520	3587
Methanobrevibacter sp. YE315	0	0	0	0	0	0	0	0	0	0	0	0	0	0	0	0	0	0	0	0	0	0	0	0	0	0	0	0	0	0	0	0	0	0	0	0	0	0	0	0	0	0	0	0	104	0	0	0	0	0	0	0	0	0	0	0	0	18	0
Methanomethylophilus alvi	0	0	0	0	0	105	0	0	0	0	0	0	0	0	0	0	0	0	0	0	0	0	0	0	0	0	0	0	0	0	0	0	0	0	0	0	0	105	0	0	0	0	0	0	0	0	0	0	0	0	0	0	0	0	0	0	0	0	0
Methanosphaera sp. BMS	0	0	0	0	0	0	0	0	0	0	0	0	0	0	0	0	0	0	0	0	25	0	0	0	0	0	0	0	0	0	0	0	0	0	0	0	0	0	0	0	0	0	0	0	0	0	0	0	0	0	0	0	0	0	0	0	0	0	0
Methanosphaera sp. ISO3-F5	0	0	0	0	0	0	0	0	0	0	0	0	0	0	0	0	0	0	0	0	0	0	0	0	0	0	0	63	0	0	0	0	0	0	0	0	0	0	0	0	0	0	0	0	0	0	0	0	0	0	0	0	0	0	0	0	0	0	0
Methanosphaera stadtmanae	0	0	11	11	12	0	0	0	0	0	0	0	0	0	12895	0	0	16	30784	0	0	0	17	49	0	0	11	606	0	0	0	0	0	0	0	0	33	0	0	13	352	0	33219	0	0	0	18	0	0	0	0	22	10	0	0	29647	0	13	942
Microbacterium sp. Y-01	0	0	0	0	0	0	0	0	0	0	0	0	0	0	0	0	0	0	0	0	0	0	0	0	0	0	0	0	0	0	0	0	0	0	0	0	0	0	0	0	0	38	0	0	0	0	0	0	0	0	0	0	0	0	0	0	0	0	0
Minhovirus zip	0	0	0	0	0	0	0	0	0	0	0	0	0	0	0	0	0	0	0	0	0	0	0	0	415	0	0	0	0	0	0	0	0	0	0	0	0	0	0	0	0	0	0	0	0	0	0	0	0	0	0	0	0	0	0	0	0	0	0
Mitsuokella multacida	0	0	0	40	0	0	0	21	0	0	0	0	0	0	0	63	0	31	1878	0	0	0	0	16	0	18	43	0	0	0	13	0	0	106689	11	58	0	0	21	0	26	0	0	0	0	0	0	0	0	0	0	0	1987	5961	8209	0	0	0	0
Mobiluncus curtisii	0	0	0	0	0	0	0	0	357	0	0	0	0	0	0	0	0	0	0	0	0	0	0	0	0	0	0	49	0	0	0	0	0	0	0	0	0	0	0	0	0	0	0	0	0	0	0	0	0	0	0	0	0	0	0	0	0	0	0
Mogibacterium diversum	255	447	249	153	953	863	395	194	701	102	241	28	105	491	400	443	0	1053	42	30	880	368	65	35	94	465	217	808	134	43	119	271	0	15	184	14	53	777	353	39	133	77	22	93	611	224	0	86	39	153	129	119	47	41	87	864	232	0	37
Mogibacterium neglectum	94	16	0	0	86	24	0	0	0	0	13	0	0	257	157	0	0	0	0	0	335	0	0	0	0	21	0	39	0	0	27	0	0	0	0	50	0	59	0	0	0	0	0	0	18	21	0	0	0	23	0	0	0	0	0	38	0	0	0
Mogibacterium pumilum	0	0	0	0	14	12	0	0	0	0	0	28	0	11	0	0	165	0	0	0	0	44	0	0	0	0	0	21	0	0	0	0	0	0	14	0	0	0	0	0	0	12	0	0	0	20	0	19	0	19	0	0	0	0	0	0	0	38	0
Moineauvirus CHPC1041	0	0	0	0	0	0	0	0	0	0	173	0	0	0	0	0	0	0	0	0	0	0	0	0	0	0	0	0	0	0	0	0	0	0	0	0	0	0	0	0	0	0	0	0	0	0	0	0	0	0	0	0	0	0	0	0	0	0	0
Moineauvirus CHPC1148	0	0	0	0	0	0	0	0	0	0	310	0	0	0	0	0	0	0	0	0	0	0	0	0	0	0	0	0	0	0	0	0	0	0	0	0	0	0	0	0	0	0	0	0	0	0	0	0	0	0	0	0	0	0	0	0	0	0	0
Moineauvirus mv7A5	0	0	0	0	0	0	0	0	0	0	0	0	0	0	0	307	0	0	0	0	0	0	0	0	0	0	0	0	0	0	0	0	0	0	0	0	0	0	0	0	0	0	0	0	0	0	0	0	0	0	0	0	0	0	0	0	0	0	0
Monoglobus pectinilyticus	1720	12	38	21	42	38	14	0	1677	1590	14	0	32	13	12172	0	0	0	40	0	0	0	0	0	0	568	0	0	0	0	0	133	0	44	0	0	0	0	0	36	0	0	0	0	0	565	0	12	817	6145	0	0	13	0	234	0	11	0	2684
Mooglevirus mordin	0	0	0	0	0	0	0	126	0	0	0	0	0	0	0	0	0	0	0	0	0	0	0	0	0	0	0	0	0	0	0	0	0	0	0	0	0	0	0	0	0	0	0	0	0	0	0	0	0	0	0	0	0	0	0	0	0	0	0
Mooglevirus Sf13	0	0	0	0	0	0	0	486	0	0	0	0	0	0	0	0	0	0	0	0	0	0	0	0	0	0	0	0	0	0	0	0	0	0	0	0	0	0	0	0	0	0	0	0	0	0	0	0	0	0	0	0	0	0	0	0	0	0	0
Mooglevirus Sf14	0	0	0	0	0	0	0	459	0	0	0	0	0	0	0	0	0	0	0	0	0	0	0	0	0	0	0	0	0	0	0	0	0	0	0	0	0	0	0	0	0	0	0	0	0	0	0	0	0	0	0	0	0	0	0	0	0	0	0
Mooglevirus Sf17	0	0	0	0	0	0	0	426	0	0	0	0	0	0	0	0	0	0	0	0	0	0	0	0	0	0	0	0	0	0	0	0	0	0	0	0	0	0	0	0	0	0	0	0	0	0	0	0	0	0	0	0	0	0	0	0	0	0	0
Moonvirus moon	0	0	0	0	0	0	0	0	0	0	0	0	0	0	0	0	0	0	0	0	0	0	0	0	0	0	0	0	0	0	0	0	0	0	0	0	0	0	0	0	0	0	0	15	0	0	0	0	0	0	0	0	0	0	0	0	0	0	0
Morganella morganii	0	0	0	0	0	615	0	0	29	0	0	0	0	0	0	0	0	225	0	1759	0	0	0	32334	0	0	0	0	128	0	43	0	0	0	0	0	0	0	0	0	0	0	29	0	0	0	0	0	0	0	0	0	0	0	0	0	0	0	0
Mosigvirus jaykay	0	0	0	0	0	0	0	0	0	0	0	0	0	0	0	5354	0	0	0	0	0	0	0	0	0	0	0	0	0	0	0	0	0	0	0	0	0	0	0	0	0	0	0	0	0	0	0	0	0	0	0	0	0	0	0	0	0	0	0
Mosigvirus JS09	0	0	0	0	0	0	0	0	0	0	0	0	0	0	0	1400	0	0	0	0	0	0	0	0	0	0	0	0	0	0	0	0	0	0	0	0	0	0	0	0	0	0	0	0	0	0	0	0	0	0	0	0	0	0	0	0	0	0	0
Mosigvirus mar005p1	0	0	0	0	0	0	0	0	0	0	0	0	0	0	0	910	0	0	0	0	0	0	0	0	0	0	0	0	0	0	0	0	0	0	0	0	0	0	0	0	0	0	0	0	0	0	0	0	0	0	0	0	0	0	0	0	0	0	0
Mosigvirus shsm521	0	0	0	0	0	0	0	0	0	0	0	0	0	0	0	340	0	0	0	0	0	0	0	0	0	0	0	0	0	0	0	0	0	0	0	0	0	0	0	0	0	0	0	0	0	0	0	0	0	0	0	0	0	0	0	0	0	0	0
Mosigvirus utam	0	0	0	0	0	0	0	0	0	0	0	0	0	0	0	234	0	0	0	0	0	0	0	0	0	0	0	0	0	0	0	0	0	0	0	0	0	0	0	0	0	0	0	0	0	0	0	0	0	0	0	0	0	0	0	0	0	0	0
Murdochiella vaginalis	187	16	25	0	0	0	0	0	0	0	0	0	22	0	66	0	0	0	26	0	25	25	0	0	0	0	0	20	241	0	0	19	0	0	0	0	0	12	0	18	52	0	0	0	0	0	0	14	0	0	0	0	0	0	0	0	0	0	0
Muribaculum gordoncarteri	111	786	0	65	71	19	88	0	0	0	445	99	0	0	2124	140	85	0	433	0	0	347	149	167	717	0	166	38	94	0	0	13	0	548	0	44	0	148	33	31	2033	107	1758	0	62	54	0	92	0	111	0	279	591	562	0	620	53	71	0
Muribaculum intestinale	310	78	577	149	181	82	221	0	0	0	0	306	963	142	901	124	202	0	0	0	194	78	154	0	125	46	0	0	184	0	0	22	0	0	0	0	0	0	79	0	22	116	1656	0	0	0	0	113	0	16	23	0	0	0	15	90	18	65	0
Mycobacterium sp. PDNC021	0	0	0	0	0	0	0	0	0	0	0	0	0	0	0	0	0	0	0	0	0	0	0	45	0	0	0	0	0	0	0	0	0	0	0	0	0	0	0	0	0	0	0	0	0	0	0	0	0	0	0	0	0	0	0	0	0	0	0
Mydovirus BIS47	0	0	0	0	0	0	0	0	0	0	0	0	0	0	0	0	0	0	0	0	0	0	0	0	0	0	0	0	0	0	0	0	0	0	0	0	0	0	0	0	0	0	0	0	0	0	0	0	0	0	0	208	0	0	0	0	0	0	0
Mydovirus KB57	0	0	0	0	0	0	0	0	0	0	0	0	0	0	0	0	0	0	0	0	0	0	0	0	0	0	0	0	0	0	0	0	0	0	0	0	0	0	0	0	0	0	0	0	0	0	0	0	0	0	0	175	0	0	0	0	0	0	0
Mydovirus KNP2	0	0	0	0	0	0	0	0	0	0	0	0	0	0	0	0	0	0	0	0	0	0	0	0	0	0	0	0	0	0	0	0	0	0	0	0	0	0	0	0	0	0	0	0	0	0	0	0	0	0	0	72	0	0	0	0	0	0	0
Mydovirus KpS8	0	0	0	0	0	0	0	0	0	0	0	0	0	0	0	0	0	0	0	0	0	0	0	0	0	0	0	0	0	0	0	0	0	0	0	0	0	0	0	0	0	0	0	0	0	0	0	0	0	0	0	127	0	0	0	0	0	0	0
Mydovirus Ro1	0	0	0	0	0	0	0	0	0	0	0	0	0	0	0	0	0	0	0	0	0	0	0	0	0	0	0	0	0	0	0	0	0	0	0	0	0	0	0	0	0	0	0	0	0	0	0	0	0	0	0	236	0	0	0	0	0	0	0
Nakaseomyces glabratus	0	0	0	0	0	0	0	0	0	0	0	0	0	0	0	0	45	508527	0	48	0	58	41	67	0	37	240	0	42	63	73	28	1780	37	16	46	42	36	73	39	59	39	33	46	0	0	0	0	0	0	0	0	0	0	0	0	0	0	0
Ndongobacter massiliensis	42	0	0	11	0	43	0	0	0	0	0	0	0	24	0	0	0	0	0	0	22	0	16	0	0	0	0	0	0	0	0	0	0	0	0	0	0	0	0	0	0	0	0	0	0	0	0	0	0	0	0	0	0	17	0	0	0	0	0
Neisseria bacilliformis	0	23	0	0	0	0	0	0	0	0	0	0	0	0	0	0	0	166	0	0	0	0	0	0	0	0	0	0	0	15	0	0	0	0	207	0	0	0	0	0	0	0	0	0	0	0	0	0	0	0	0	0	0	0	0	0	0	0	0
Neisseria elongata	0	0	0	0	0	0	0	0	0	0	0	0	0	36	0	0	0	0	0	0	0	0	0	0	0	0	0	0	0	0	0	0	0	0	0	0	109	13	0	0	0	0	0	0	0	0	0	0	0	0	0	0	0	0	0	0	0	0	0
Neisseria flavescens	0	44	0	0	0	0	0	0	0	0	0	0	0	0	0	0	0	0	0	0	0	0	0	0	0	0	0	0	0	0	0	0	0	0	0	0	0	0	0	0	0	0	0	0	0	0	0	21	0	0	0	0	0	0	0	0	0	0	0
Neisseria macacae	0	0	0	0	0	0	48	0	0	0	0	0	0	0	0	0	0	0	0	0	0	0	0	0	0	0	0	0	0	0	0	0	0	0	0	0	0	0	0	0	0	0	0	0	0	0	0	0	0	0	0	0	0	0	0	0	0	0	0
Neisseria meningitidis	0	0	0	0	0	0	0	0	0	0	0	0	0	0	0	0	0	0	0	0	0	0	0	0	0	0	0	0	0	0	0	0	0	0	0	0	0	40	0	0	0	0	0	0	0	0	0	0	0	0	0	0	0	0	0	0	0	0	0
Neisseria mucosa	0	0	0	0	0	0	0	0	0	0	641	0	0	0	0	0	0	0	0	0	0	0	0	0	0	0	0	0	0	0	0	0	0	0	0	0	0	0	0	0	0	0	0	0	0	0	0	0	0	0	0	0	0	0	0	0	0	65	0
Neisseria sp. CP9	0	0	0	0	0	0	0	0	0	0	0	0	0	0	0	0	0	0	0	0	0	35	13	0	0	0	0	0	0	0	0	0	0	0	0	0	0	0	0	0	0	0	0	0	0	0	0	0	0	0	0	0	0	0	0	0	0	0	0
Neisseria sp. Marseille-Q5346	0	0	0	0	0	0	61	27	0	0	1146	239	0	188	0	0	146	0	0	0	0	0	0	0	0	0	0	0	0	0	0	0	0	0	23	0	0	117	0	0	0	0	0	0	0	0	0	70	0	0	0	0	0	0	0	0	0	0	0
Neisseria sp. oral taxon 014	0	0	0	0	0	0	0	0	0	0	0	0	0	0	0	0	0	0	0	0	0	0	0	0	0	0	0	0	0	0	0	0	0	0	0	0	0	31	0	0	0	0	0	0	0	0	0	0	0	0	0	0	0	0	0	0	0	0	0
Neisseria subflava	0	69	0	0	0	0	0	0	0	0	0	0	0	0	0	0	0	193	0	0	0	0	0	0	0	0	0	0	0	0	0	0	0	0	21	185	0	20	0	0	221	0	0	0	0	0	0	0	0	0	0	0	0	0	0	0	0	0	0
Nosocomiicoccus ampullae	0	0	0	0	0	0	0	0	0	0	0	0	0	0	0	0	0	0	0	244	0	0	0	0	0	0	0	0	0	0	0	0	0	0	0	0	0	0	0	0	0	0	0	0	0	0	0	0	0	0	0	0	0	0	0	0	0	0	0
Nosocomiicoccus massiliensis	0	0	0	0	0	0	0	0	0	0	0	0	0	0	0	0	0	0	0	921	0	0	0	0	0	0	0	0	0	0	0	0	0	0	0	0	0	0	0	0	0	0	0	0	0	0	0	0	0	0	0	0	0	0	0	0	0	0	0
Novisyntrophococcus fermenticellae	25	53	37	0	79	16	21	0	28	228	23	0	92	13	0	19	0	0	0	126	0	51	1755	31	16	66	15	237	0	12	0	20	259	114	0	16	0	11	637	48	25	22	30	17	117	31	0	57	0	34	36	870	40	11	77	17	0	35	129
Obesumbacterium proteus	0	0	0	0	0	0	0	0	0	0	0	0	0	0	0	0	0	0	0	0	0	0	0	0	0	0	0	0	0	0	0	0	0	0	0	0	0	0	0	0	339	0	0	0	0	0	0	0	0	0	0	0	0	0	0	0	0	0	0
Odoribacter splanchnicus	84992	31347	70056	150380	61941	134548	132965	408	521	126949	55243	2046	78043	46526	110251	71000	91	2036	72796	29349	107884	61283	2447	133403	38062	9155	360	18769	70457	47380	208958	40388	14735	3618	60	4804	34376	16010	68609	63685	120885	111585	33619	4610	15157	4542	4582	63511	129	106	52723	658	98779	96865	50569	29094	9613	22927	17005
Oengusvirus oengus	1448	348	71	0	1171	0	0	24	0	50	101	0	18	754	133	0	10748	0	0	118	0	0	0	0	416	1008	0	24	746	0	755	2283	0	557	0	11	0	251	147	0	0	0	26	0	212	0	275	130	0	14826	86	0	15	0	0	24	0	87	0
Oenococcus oeni	0	0	0	0	0	0	0	0	0	0	0	0	0	0	487	0	0	0	0	0	0	0	0	0	0	12	0	0	0	0	0	0	0	0	66	0	0	0	0	58	0	0	0	0	0	47	0	0	0	0	141	0	0	0	151	0	0	0	0
Oligella urethralis	0	0	0	0	0	0	0	0	0	0	0	0	0	0	0	0	0	0	0	18	0	0	0	0	0	0	0	0	0	0	0	0	0	0	0	0	0	0	0	0	0	0	0	0	0	0	0	0	0	0	0	0	0	0	0	0	0	0	0
Olsenella sp. oral taxon 807	687	182	130	39	51	0	0	0	0	34	10	0	43	1657	947	0	0	145	0	0	185	0	0	18	14	33	27	66	27	95	136	64	60	0	114	0	263	245	0	0	0	0	0	101	249	24	14	54	20	31	0	20	68	22	0	0	47	0	0
Olsenella timonensis	2445	3177	0	0	0	263	28	0	0	159	0	0	0	1700	173	39	0	0	18	0	20	0	0	21	0	0	0	81	697	2002	0	13	16	573	0	0	20	12221	10	0	16	38	0	0	0	0	0	18	0	0	0	37	0	0	0	46	0	0	0
Olsenella uli	280	0	25	72	18	21	17	0	0	91	18	0	0	39	0	37	161	10	0	0	577	201	44	0	72	0	0	0	32	60	0	0	0	68	27	0	0	95	0	33	11	29	0	0	29	0	0	0	10	31	0	0	63	0	0	0	14	0	0
Oscillibacter hominis	2055	4593	5973	2313	9458	19126	3356	1188	886	2324	1199	363	6248	2671	1300	914	3288	1142	2270	1529	4331	4387	18297	1132	3058	941	1326	3195	4127	2008	817	1371	3735	1744	279	185	1331	1431	3336	3244	3882	3874	6952	917	2143	491	3204	2361	862	3199	7283	4137	2117	3546	1848	982	258	1824	3064
Oscillibacter sp. PEA192	43561	31806	81884	25132	59407	20185	33627	7489	17666	26256	16657	9431	21786	8779	16435	19572	13229	0	7589	9687	23450	6929	28005	14640	9444	34065	47245	17912	24153	73737	8856	10690	19818	29364	1780	2120	14926	5012	23346	21203	9525	31245	10558	12730	17470	43520	23876	5726	6672	25346	17390	11758	20386	16871	13008	7945	12155	12072	7752
Owariibacterium komagatae	4276	4611	11971	697	6415	17838	7734	733	3450	1678	1730	105	7178	718	2359	5750	1072	239	10256	2100	843	2077	7925	548	1763	1084	746	5593	4508	1142	164	1747	1866	2802	308	278	958	1947	1283	10066	761	3181	19736	93	6454	132	1479	998	577	5691	5478	1228	2855	3965	877	6754	374	1888	4392
Oxalobacter aliiformigenes	0	2141	42	2447	80	3636	127	0	0	1644	0	0	0	24	74	547	0	0	4103	2992	0	46	15153	1115	119	0	54	0	79	0	0	0	110	54	0	110	0	333	62	0	5600	0	1143	0	0	0	0	86	0	0	0	12	0	3597	948	27	0	948	0
Oxalobacter formigenes	0	0	0	0	0	0	0	0	0	0	0	0	0	0	0	0	0	0	0	0	0	0	0	0	0	0	0	0	0	0	0	0	0	0	0	0	0	0	0	0	0	0	0	0	0	0	0	0	0	0	0	323	0	0	0	74	0	0	0
Paenibacillus sp. CAA11	0	0	0	0	0	0	0	0	0	0	0	0	0	0	0	0	0	0	0	0	0	0	0	0	0	0	0	0	0	0	0	0	0	0	0	0	0	0	0	0	0	0	0	0	0	0	0	0	0	0	0	0	0	0	0	14	0	0	0
Paenibacillus sp. DYY-L-2	15	0	0	0	28	80	0	0	0	0	0	0	0	0	0	0	0	0	0	0	0	0	0	0	0	0	0	0	32	0	0	0	0	0	0	0	0	0	0	0	0	10	0	0	0	0	0	0	12	0	0	0	0	0	0	0	0	0	40
Pamirivirus faecium	0	0	0	0	0	0	0	0	0	0	0	0	0	0	0	324	0	0	0	0	0	0	0	0	0	0	0	0	0	0	0	0	0	0	0	0	0	0	0	0	0	0	0	0	0	0	0	0	0	0	0	33	0	0	0	0	0	0	0
Pantoea agglomerans	0	0	0	0	0	0	0	0	0	0	0	0	0	0	61	0	0	0	0	0	0	0	0	0	0	0	0	0	0	0	0	0	0	0	0	0	0	78	0	0	0	68	0	0	0	0	0	0	0	0	0	0	0	0	0	0	0	0	106
Pantoea ananatis	0	0	0	0	0	0	0	0	0	0	0	72	0	0	0	0	0	0	0	0	0	0	0	0	0	0	0	0	0	0	0	0	0	0	0	0	0	0	0	0	0	0	0	0	0	0	0	0	0	0	0	0	0	0	0	0	0	0	0
Pantoea dispersa	0	0	0	0	0	0	0	0	0	0	0	0	0	0	0	0	0	0	0	0	0	0	0	0	0	0	0	0	0	0	0	0	0	0	0	0	0	0	0	0	968	3848	0	0	0	0	0	0	0	0	0	0	0	0	0	0	0	0	0
Pantoea sp. At-9b	0	0	0	0	0	0	0	0	0	0	0	0	0	0	0	0	0	0	0	0	0	0	0	0	0	0	0	0	0	0	0	0	0	0	0	0	0	0	0	0	0	24	0	0	0	0	0	0	0	0	0	0	0	0	0	0	0	0	0
Pantoea stewartii	0	0	0	0	0	0	0	0	0	0	0	41	0	0	0	0	0	0	0	0	0	0	0	0	0	0	0	0	0	0	0	0	0	0	0	0	0	0	0	0	0	0	0	0	0	0	0	0	0	0	0	0	0	0	0	0	0	0	0
Parabacteroides absconsus	979	356	1962	2745	312	196	1218	53	13	0	498	562	157	295	626	432	0	84	56	77	117	0	0	484	772	180	78	57	1570	6081	286	5587	251	29	136	61	317	2010	84	86	361	73	79	0	334	45	0	469	0	0	147	12	848	271	294	0	18	219	14
Parabacteroides chongii	161	43	76	302	35	1114	55	149	24	1483	12	3451	46	150	326	0	0	0	766	354	94	12	0	574	0	0	0	0	24	852	0	40	52	0	65	0	29	0	22	54	291	0	432	177	72	0	0	27	0	25	47	0	35	71	86	0	25	0	0
Parabacteroides distasonis	27030	159910	274366	373400	127799	123331	75795	710990	6697	1216095	237195	457764	60310	80201	23185	41284	237194	35916	126954	81180	127253	40650	221104	507593	148244	58476	3979	84987	92345	103013	188928	18265	155733	50929	29532	23647	113445	1162	237435	115037	238319	211251	205982	1460	66512	40180	26017	50550	267287	18877	74024	6572	55153	122204	91300	7834	18083	19423	4122
Parabacteroides faecis	74	132	0	0	14	206	97	2095	428	4967	0	2796	0	266	821	137	22	0	525	510	159	16	63	402	47	12	0	0	37	35	0	0	0	0	0	10	28	10	11	0	34	0	74	71	70	0	258	0	0	0	0	0	101	272	87	20	70	197	63
Parabacteroides goldsteinii	1089	3017	932	1200	3590	7913	850	859820	911	666520	905	882	736	70080	149182	23559	13614	120	35551	165932	28988	9548	14057	39206	687	115	223	175	4802	298	313	480	219	259	125	54	529	2003	321	667709	7143	188	148464	93	202	886	340	170	597	134	152	498	3185	92477	4224	2976	10027	5234	6518
Parabacteroides johnsonii	251	98	282	529	5805	90	115	842	240	1051	221	896	458	6208	5257	41	514	22	19261	242	869	253	67	4589	6369	22	54	22012	5037	52699	280	13929	55	70	35	87	0	84	10615	9076	157	991	305	20	39	20723	453	192	0	0	783	19	117	399	521	0	0	81	26
Parabacteroides merdae	261778	1429	139898	191557	189850	130734	191193	807885	60297	1625	38499	201023	555939	310287	675087	9639	734	4710	36878	196422	172499	108339	5841	81246	159297	361	1284	563	112383	2088	258948	464433	25951	31152	92331	11106	80237	10337	276995	193617	245232	278045	327	879	1117	582	46987	33744	1459	513	91989	5780	89017	83292	112518	324	189	56495	7790
Parabacteroides phage YZ-2015b	0	0	0	0	0	0	0	0	0	0	0	0	0	21	0	0	0	0	0	209	0	0	0	0	0	0	0	0	81	0	0	0	26	0	0	0	0	0	0	0	0	0	0	0	0	0	0	0	0	0	0	0	34	0	0	0	0	0	0
Parabacteroides sp. ASD2025	72	143	11	13	356	17	129	14	11	30	0	0	91	740	181	35	0	0	286	89	68	36	0	247	317	0	0	45	233	392	33	921	0	28	46	0	31	0	466	829	0	118	18	99	11	18	54	16	32	0	22	0	20	174	12	0	0	0	14
Parabacteroides sp. CT06	239	0	36995	164922	41115	0	0	7407	3203	1578	2486	1933	33134	2763	20632	0	174606	0	13388	14009	2834	1258	0	0	6782	0	0	21432	11335	1681	0	45756	9697	0	0	1981	2234	3007	5725	90167	3115	10944	36789	593	0	0	0	3933	12774	141	0	0	0	0	0	1922	3658	11381	10931
Paraclostridium bifermentans	0	0	0	0	0	0	0	0	0	0	0	0	63	0	0	0	0	0	0	1087	0	0	0	0	0	0	0	0	0	0	0	0	0	0	0	0	0	0	0	0	0	0	0	0	0	0	0	0	0	0	0	0	0	0	0	0	0	0	0
Paraclostridium sordellii	0	59	19	0	27	0	56	11	0	22	2769	0	515	99	0	0	0	0	0	1882	0	0	0	0	0	0	0	31	0	42	0	56	0	38	0	0	0	59	12	0	0	0	0	54	63	0	0	0	0	0	101	25	0	0	0	303	83	23	0
Paracoccus denitrificans	0	0	0	0	36	0	0	0	0	0	0	0	0	0	0	0	0	0	0	0	0	0	0	0	0	0	0	0	0	0	0	0	0	0	0	0	0	0	0	0	0	0	0	0	0	0	0	0	0	0	0	0	0	0	0	0	0	0	0
Parafannyhessea umbonata	135	23	0	0	0	18	0	10	122	0	18	0	641	52	0	1088	0	0	293	0	0	27	22	0	19	0	0	13	42	0	0	0	0	20	0	176	0	72	12	0	0	0	0	0	336	0	0	18	0	0	21	0	0	46	24	15	0	0	10
Paramuribaculum intestinale	0	516	0	0	0	0	0	0	0	0	0	0	0	41	437	0	0	0	0	0	0	95	19	0	0	0	0	0	0	0	0	17	0	0	0	0	0	14	0	44	267	143	201	0	16	0	0	0	0	0	0	0	0	39	0	231	0	18	0
Paraprevotella clara	487	161	30461	149817	126553	5263	10983	15280	231	13405	52096	1262	2519	419	38584	861	17544	157	5200	649	964	27529	18601	308818	2482	348	286	20	950	19975	259026	215	2974	601	3441	20535	311024	22083	4927	51	12437	3614	14835	107	42	30	615	13083	4953	336	43582	31	41490	12653	529	42	2478	71886	2751
Paraprevotella xylaniphila	470	107	497	18613	15884	81	48	6031	424	27	75	45	416	413	4373	158	1912	33	703	188	401	9133	7135	14126	32289	104	78	486	206	1485	27387	82	104793	23469	0	2592	37719	2739	546	51	1227	161	1020	18	782	0	50	1907	0	11	8097	13	3759	10059	364	56	268	6822	427
Parascardovia denticolens	0	0	0	13	0	17	90	0	0	0	0	0	0	0	0	0	20	0	0	0	0	0	0	153	22	0	0	0	0	0	0	0	0	404	97	0	0	0	0	335	0	0	0	0	0	0	0	0	0	0	39	45	0	0	0	21	0	11	0
Parolsenella catena	500	245	56	77	263	211	198	116640	72	36	58	35	114	55	552	509	0	0	69132	0	47	0	17	14	247	27	3481	260	142	22	0	45	0	73	0	81	0	86	268	20	10	73	102	0	121	0	18	0	0	0	176	59	25	9106	28	85	176	37	29
Parolsenella massiliensis	43	46	21	10	0	24	0	706	0	16	142	0	31	441	111	119	0	0	229	25	46	22	17	0	39	0	34	42	0	0	13	0	21	15	0	34	0	92	29	0	57	60	21	0	102	0	27	0	0	0	14	98	0	282	0	211	0	76	40
Parvimonas micra	191	87	184	714	22	487	24	0	44	124	157	0	350	240	71	2542	0	75602	11770	17	216	209	253	111	11	103	158	129	792	53	39	22	191	207	361	89	229	81	285	0	15	30	3291	154	124	95	478	0	20	276	0	130	86	246	12	27	74	22	12
Parvimonas parva	0	0	0	0	0	0	0	304	0	0	0	0	0	0	0	0	0	0	0	0	0	0	0	0	0	0	0	0	0	0	27	0	0	0	0	191	0	0	0	0	0	0	0	0	0	0	0	0	0	0	0	0	0	70	0	0	55	0	0
Parvimonas sp. G1604	65	0	0	0	0	0	0	0	102	0	41	0	0	0	0	44	0	0	0	0	0	0	0	0	0	21	0	38	0	0	0	0	0	0	0	0	37	24	40	0	0	54	0	0	0	0	45	0	0	23	0	65	0	0	0	0	0	0	13
Pasteurella canis	0	23	0	0	0	0	0	0	0	0	0	0	0	0	0	0	0	0	0	0	0	0	0	0	0	0	0	0	0	0	0	0	0	0	0	0	0	0	0	0	0	0	0	0	0	0	0	0	0	0	0	0	0	0	0	0	0	0	0
Pasteurella multocida	0	12	0	0	0	0	0	0	0	0	93	0	0	0	0	0	0	0	0	0	0	0	0	0	0	0	0	0	0	0	0	0	0	0	0	0	0	0	0	0	12	0	0	0	0	0	0	0	0	0	0	0	0	0	0	0	0	363	0
Paucilactobacillus oligofermentans	0	0	0	0	0	0	0	0	0	0	18	0	0	0	0	0	0	0	0	0	0	0	0	0	0	0	0	0	0	0	0	0	0	0	0	0	0	0	0	0	0	0	0	0	0	0	0	0	0	0	0	0	0	0	0	0	0	0	0
Pauljensenia hongkongensis	57	35	18	16	0	56	0	0	0	58	0	0	329	75	138	39	26	0	0	0	113	0	0	32	0	27	0	28	0	21	0	26	0	0	31	0	24	162	0	0	21	0	0	0	116	0	0	71	0	0	0	129	29	21	0	0	46	0	0
Pectinatus frisingensis	0	0	0	0	0	0	0	0	0	0	0	0	0	0	0	0	0	0	0	0	0	0	0	0	0	0	0	0	0	0	0	0	0	0	0	0	36	0	0	0	0	0	0	0	0	0	0	0	0	0	0	0	0	0	0	106	0	0	64
Pectobacterium araliae	0	0	0	0	0	51	0	0	0	0	0	0	0	0	0	0	0	0	0	0	0	0	0	0	0	0	0	0	0	0	0	0	0	0	0	0	0	0	0	0	0	0	0	0	0	0	0	0	0	0	0	0	0	0	0	0	0	0	0
Pectobacterium parvum	0	0	0	0	0	0	0	0	0	0	0	0	0	0	0	0	0	0	0	0	0	0	0	0	0	0	0	0	0	0	0	0	0	0	0	0	0	0	0	0	0	0	0	0	0	0	0	0	0	0	0	0	0	0	0	0	10	565	0
Pediococcus acidilactici	0	0	0	0	0	0	0	0	0	0	0	0	0	0	0	103	0	0	0	69	0	0	0	0	0	0	0	0	0	0	0	0	0	0	0	0	0	0	0	0	0	0	0	0	0	41	0	26	0	0	389	0	0	0	0	0	0	101	0
Pediococcus inopinatus	0	0	0	0	0	0	0	0	0	0	0	0	0	0	0	0	0	0	0	0	0	0	76	0	0	0	0	0	0	0	0	0	0	0	0	0	0	0	0	0	0	0	0	0	0	0	0	117	0	0	0	0	0	0	0	0	0	0	0
Pediococcus parvulus	0	0	0	0	0	0	0	0	0	0	0	0	0	0	0	0	0	0	0	0	0	0	0	0	0	0	0	0	0	0	0	0	0	0	0	0	0	0	0	0	0	0	0	0	77	0	0	0	0	0	0	0	0	0	0	0	0	0	0
Pediococcus pentosaceus	16	28	0	0	0	0	0	0	0	193	0	0	987	0	0	0	0	0	0	0	0	0	0	0	0	11	0	99	0	0	0	0	0	0	0	238	0	18	0	0	0	0	0	0	679	0	21	23	13	22	0	19	29	0	14	979	0	166	0
Penicillium digitatum	0	0	0	0	0	0	0	0	0	0	0	0	0	0	23	0	0	0	0	0	0	362	0	0	0	0	0	0	0	0	0	0	0	482	0	0	0	0	0	0	0	0	0	628	0	435	0	0	0	0	0	62	0	0	0	0	0	0	0
Peptacetobacter hiranonis	0	123	0	0	0	0	0	0	0	0	0	0	60	16	0	12	0	0	0	0	0	0	145	0	0	0	0	0	0	0	0	70	0	26	0	572	0	35	0	0	0	168	23	0	0	0	22	0	0	0	299	0	0	117	0	43	0	0	0
Peptoclostridium acidaminophilum	0	0	0	0	0	0	0	0	0	0	0	0	0	0	0	0	0	60	0	0	0	0	0	0	0	0	0	0	0	0	0	0	0	0	0	0	0	0	0	0	0	0	0	0	0	0	0	0	0	0	0	0	0	0	0	0	0	0	0
Peptoniphilus equinus	0	0	0	0	0	0	11	0	0	0	0	0	16	0	0	14	0	0	0	0	0	0	0	0	0	0	0	0	0	0	0	0	0	0	0	0	0	0	0	0	0	0	0	0	0	0	0	0	0	0	0	0	0	0	0	0	0	0	0
Peptoniphilus genitalis	23	0	35	19	0	143	0	15	37	0	40	0	26	128	0	790	0	0	0	53	30	15	0	0	0	18	0	51	48	0	0	71	0	0	19	0	0	0	0	37	0	0	0	0	82	0	18	0	0	0	49	0	0	34	0	49	0	0	0
Peptoniphilus harei	13	0	0	0	0	0	0	0	0	0	0	0	58	31	0	32	0	0	0	48	0	0	0	0	0	0	0	0	0	0	0	0	0	0	0	0	0	0	0	0	0	0	0	0	0	0	0	0	0	0	0	0	27	0	0	0	0	0	0
Peptoniphilus lacrimalis	121	122	0	0	0	120	0	0	0	0	15	0	0	153	0	1501	0	0	0	0	0	37	0	0	0	0	0	822	0	0	0	0	0	0	13	78	0	0	0	77	0	0	23	0	0	0	16	49	0	0	0	0	36	44	0	0	0	0	0
Peptostreptococcus anaerobius	96	40	93	20	19	246	12	12	0	33	19	0	0	369	0	32	0	0	0	17	12	19	465	0	0	0	0	154	19	21	0	0	0	0	17	114	0	0	0	0	0	52	58	49	0	17	48	14	0	0	36	36	44	36	0	0	0	0	0
Peptostreptococcus equinus	0	0	0	0	0	0	0	0	0	0	0	0	0	0	19	0	0	0	0	0	0	0	0	0	0	0	0	0	0	0	0	0	0	0	0	0	0	0	0	0	0	0	0	0	0	0	0	0	0	0	0	0	0	0	0	0	0	0	0
Petrimonas mucosa	0	0	0	0	0	0	0	0	0	0	0	0	0	0	0	0	0	0	0	0	0	0	0	0	0	0	170	0	0	0	0	0	143	55	0	0	0	0	0	0	0	0	0	29	33	0	0	0	0	0	50	57	0	0	0	0	0	0	0
Petroclostridium sp. X23	0	0	0	0	0	0	0	0	0	0	0	0	15	0	0	0	0	0	0	0	0	0	0	0	0	0	0	0	0	0	0	0	0	0	0	0	0	0	0	0	0	0	0	0	0	0	0	0	0	0	0	0	0	0	0	0	0	0	0
Phascolarctobacterium faecium	62080	461	200930	674	213698	157282	44194	373	666	293866	158423	20510	17546	24149	30984	97	22	7847	8784	26416	43	28	11	42	24	40	86402	99	52160	35	33	23	140	23	12	18	162054	244	25	87	60	27	1005	24	83	64	59326	89	229844	45	34	82	2860	58	53	31	36	187	50625
Phascolarctobacterium sp. Marseille-Q4147	99	169	157	0	167	226	19	40	0	22	65	0	286	167	219	951	0	0	100	11	1818	1456	780	3365	43	48	16	39	136	0	11	18	21385	34	0	5438	0	1241	51	1003	337	84	202	0	9819	0	0	63	0	0	50	10071	149	8238	29207	45	37	42	44
Phascolarctobacterium succinatutens	35	113	35	80	0	0	15	0	87	20	29	0	0	45	0	1013	41	451	158	61	35200	49210	24723	109709	72	181	221	179	359	55	129	89	536446	220	34	141108	87	18394	83	27154	323	239	8744	62	9793	564	118	138	48	214	54	313779	245	226800	33817	181	47	52	46
Phocaeicola coprocola	0	0	0	21193	0	0	0	0	0	0	3181	5584	0	4948	80045	0	0	0	0	0	0	0	0	1110	0	0	0	0	0	20851	0	61703	0	0	0	513	2738	0	0	0	0	51288	4638	0	0	0	0	191690	196894	49993	26562	0	0	7122	122021	0	0	0	0
Phocaeicola coprophilus	375	690	1494	75785	276	554	305	7789	1020	729	52922	19338	1134	1603	3657	28	146	21	103	263	303	2040	2209	59	25	17	27	22	134	14301	46	284	907	267	28	198	4140	38	348	54	21	1139	757	0	239	1174	20	18795	546	286	4327	0	2476	11454	4052	27	1507	1151	29
Phocaeicola dorei	775343	410730	50816	68708	15098	340726	1288285	1591202	577479	219985	675771	149349	274226	78366	176152	3703	20947	2428	32674	16823	6874	7659	1529	1223691	113646	323908	1350913	5140	278314	38586	23501	59934	225342	7642	7542	78267	56094	48834	2775	20013	19864	757345	14212	728844	147244	16169	228550	100775	18748	5995	2802	2138	2498	10711	9600	6968	16416	201134	62540
Phocaeicola salanitronis	336	186	10193	972	19530	195	192	286	1184	624	887	1995	377	972	6996	118	33	0	387	116	434	235	240	13150	763	52	22	392	55	1180	511	191	136	347	405	27	726	117	628	317	154	934	84	26	305	198	116	1542	19	10	483	0	364	355	1348	10	18	227	96
Phocaeicola vulgatus	362507	1906271	3423398	3178931	747392	832409	531966	66713	33294	5087261	962054	8882418	449692	1063337	705233	295940	1827931	3850	259602	179705	498671	512134	81410	1246316	400140	429280	88959	452557	812042	89817	3682622	2052737	256891	50056	681078	102458	362547	343700	13342	1660760	829451	542347	974597	21629	273516	446241	13229	606980	2278706	961757	60431	26849	138964	109029	496857	66438	550469	426845	7140
Phoenicibacter congonensis	13	0	0	0	13	29	26	0	49	0	0	0	200	31	33	100	0	0	187	0	122	18	12	0	0	0	11	32	16	19	0	0	0	0	0	70	0	2506	0	0	0	0	3715	0	0	0	0	0	0	0	0	0	0	0	0	410	0	19	0
Pipoluvirus rarus	0	0	0	0	0	0	300	0	0	0	0	0	0	0	0	0	0	0	0	0	0	0	0	0	0	0	0	0	0	0	0	0	0	0	0	0	0	0	0	0	0	0	0	0	0	0	0	0	0	0	0	0	0	0	0	0	0	0	0
Plasmodium vivax	0	0	0	0	0	0	0	0	0	0	0	0	0	0	0	0	0	0	0	0	0	0	0	0	0	0	0	0	0	0	0	0	0	0	0	0	0	0	0	77	0	0	0	0	0	0	0	0	0	0	0	0	0	0	0	0	0	0	0
Pluralibacter gergoviae	0	0	0	0	0	0	0	0	0	0	0	0	0	0	0	0	0	0	0	0	0	0	1555	0	0	0	0	0	0	0	0	0	0	0	0	0	0	0	0	0	0	0	0	0	0	0	0	0	0	0	0	0	0	0	0	0	0	0	0
Porphyromonas asaccharolytica	0	19	0	0	0	38	0	0	0	0	0	0	22	1262	0	322	0	50	11216	1197	0	471	0	0	0	0	0	1508	0	0	19	0	40	0	0	123	0	0	0	0	0	0	358	0	0	0	0	0	15	0	0	0	140	232	0	0	0	16	0
Porphyromonas endodontalis	0	0	0	0	0	0	0	0	0	0	51	0	0	0	0	0	0	0	0	0	0	0	0	0	0	0	0	0	0	0	0	0	0	0	0	0	0	0	0	0	1920	0	0	0	0	0	0	0	0	0	0	0	0	0	0	0	0	0	0
Porphyromonas gingivalis	212	0	0	0	22	81	129	0	0	0	0	0	0	47	0	275	0	0	0	0	28	0	0	0	0	0	0	0	34	31	51	55	15	0	0	0	0	0	0	229	29	103	12	0	0	0	0	29	20	0	0	0	11	0	43	0	0	0	16
Porphyromonas levii	0	0	0	286	0	0	0	0	0	928	2322	0	0	0	29	0	0	0	40	0	0	0	0	61	0	0	0	0	0	157	0	0	0	0	0	0	32	0	0	0	0	0	631	0	0	0	0	0	0	0	0	0	0	0	0	53	0	0	0
Porphyromonas somerae	0	35	0	1675	471	75	85	0	95	10	0	0	164	815	13	44	0	0	798	40	0	24	0	0	25	0	0	294	70	0	24	0	0	0	0	46	0	0	0	0	0	17	113	12	0	0	0	0	0	0	0	0	238	103	0	34	0	0	0
Prevotella bivia	2424	0	188	232	0	1117	297	0	0	32	172	0	0	3216	0	2319	0	0	0	868	0	0	113	107	0	345	36	950	0	70	602	0	139	12	441	471	44	0	0	94	0	104	0	15	0	0	0	0	0	0	419	736	820	12	0	0	56	621	0
Prevotella communis	0	0	0	0	0	0	0	0	0	0	0	0	0	0	0	0	0	0	0	0	0	0	0	0	0	0	0	0	0	0	0	0	19	0	19	0	98	0	0	0	296	0	0	0	0	0	0	0	0	0	0	0	0	0	0	0	0	0	0
Prevotella corporis	32	0	0	0	0	183	0	0	0	0	189	0	0	92	0	30	0	0	0	454	0	0	0	108	0	0	0	103	0	0	88	0	70	52	143	1246	0	50	44	0	0	14	0	0	0	0	62	29	0	0	459	49	2976	2991	785	0	227	0	0
Prevotella fusca	0	0	0	14	0	0	0	0	0	0	0	0	0	0	0	0	0	0	0	17	0	0	0	0	0	0	0	0	0	0	0	0	0	0	0	0	0	0	0	0	0	0	0	0	0	0	0	0	0	0	0	0	0	0	0	0	0	0	0
Prevotella heparinolytica	0	0	0	2280	0	0	0	0	0	0	0	0	0	0	0	0	0	0	0	73	0	0	0	0	0	0	0	0	0	0	0	0	61	15	0	46	0	0	0	0	0	0	0	0	0	0	0	0	0	0	88	0	0	0	0	0	0	0	0
Prevotella histicola	0	0	0	0	0	0	0	0	0	0	0	0	0	0	0	0	0	0	0	0	0	62	0	0	0	0	0	0	0	0	0	0	0	0	0	0	0	0	0	0	0	0	0	0	0	0	0	0	0	0	0	0	0	0	0	0	0	37	0
Prevotella intermedia	0	0	25	0	0	0	0	0	0	0	203	0	0	1807	0	42	0	0	20	27	0	0	0	40	55	0	0	75	200	301	91	26	418	106	0	105	0	122	0	0	0	34	52	0	0	0	0	0	154	0	50	20	158	83	198	0	0	100	0
Prevotella jejuni	0	0	363	0	0	0	0	0	0	0	159	1109	0	0	35	0	0	0	0	0	0	0	0	0	0	0	0	47	0	0	0	0	0	0	0	50	43	0	0	0	221	0	0	0	0	0	0	0	0	0	0	0	37	41	0	0	244	26	0
Prevotella melaninogenica	46	53	28	0	0	0	0	18	0	0	0	0	0	742	0	0	0	0	86	21	0	0	0	0	0	0	0	67	0	0	0	0	0	0	0	27	0	0	0	0	62	0	0	28	0	0	0	0	0	0	0	0	31	26	245	0	0	94	0
Prevotella multiformis	0	0	0	0	0	0	0	0	0	0	0	0	0	0	0	0	0	0	0	0	0	0	0	0	0	0	0	0	0	0	0	0	0	0	0	0	0	0	0	0	148	0	0	0	0	0	0	0	0	0	0	0	0	63	0	0	0	0	0
Prevotella nigrescens	0	56	730	0	0	0	0	0	0	0	0	0	0	0	0	0	0	99	0	0	0	0	0	0	0	0	0	62	0	0	0	0	0	0	0	0	0	0	0	216	321	0	0	0	0	0	0	0	0	0	0	0	0	0	0	0	0	0	0
Prevotella scopos	0	108	0	0	0	0	0	0	0	0	0	0	0	0	0	0	0	0	0	0	0	0	0	0	0	0	0	0	0	0	0	0	18	0	0	0	0	0	0	0	0	0	0	0	0	0	0	0	0	0	0	0	25	0	0	0	0	31	0
Prevotella sp. E13-17	0	0	0	0	0	0	0	0	0	0	0	0	0	0	0	0	0	0	0	0	0	0	0	23	0	0	0	0	0	0	0	0	0	0	0	0	0	0	0	0	0	0	0	0	0	0	0	0	0	0	0	0	0	0	0	0	0	0	0
Prevotella sp. E15-22	0	0	0	0	449	0	0	0	0	0	0	0	0	0	0	0	0	0	0	0	0	0	0	0	0	0	0	0	0	0	0	0	0	0	148	0	549	0	0	0	0	0	0	0	0	0	0	0	0	0	266	0	0	0	0	0	0	0	0
Prevotella sp. E2-28	0	0	0	0	0	0	0	0	0	0	0	0	0	0	0	0	0	0	0	0	0	0	0	0	0	0	0	0	0	0	0	0	25	0	0	0	0	0	0	0	0	0	0	0	0	0	0	0	0	0	0	0	0	0	0	0	0	0	0
Prevotella sp. E9-3	0	0	0	0	0	0	0	0	0	0	0	0	0	0	0	0	0	0	0	0	0	0	0	0	0	0	0	0	29	0	0	0	101	0	87	55	488	17	0	0	0	0	0	0	0	0	0	0	0	0	148	0	0	0	0	0	0	0	0
Prevotella sp. oral taxon 299	0	0	0	0	0	0	0	0	0	0	0	0	0	0	0	0	0	0	0	0	0	0	0	0	0	0	0	0	0	0	0	0	21	0	0	0	0	0	0	0	0	0	0	0	0	0	0	0	0	0	87	0	41	0	0	0	0	36	0
Prevotella sp. Rep29	0	0	0	0	0	0	0	0	0	0	64	0	0	0	0	0	0	0	13	0	0	0	0	76	463	0	0	22	0	0	0	0	167	0	0	178	0	0	0	0	133	0	0	0	0	0	0	0	0	0	157	32	0	0	419	0	94	0	0
Prevotella veroralis	0	0	0	0	0	0	0	0	0	0	0	0	0	0	0	0	0	0	0	0	0	0	0	0	0	0	0	0	0	0	0	0	38	52	0	0	0	0	0	0	14	0	0	0	0	0	0	0	0	0	329	31	12	0	0	0	0	0	0
Propionibacterium acidifaciens	0	0	51	37	0	448	10	0	0	0	0	0	39	95	123	0	21	43	0	0	91	0	0	276	12	11	0	0	12	0	0	0	16	1441	1579	0	15	45	0	0	78	0	0	18	44	220	0	24	0	18	0	26	12	0	0	15	11	161	0
Propionibacterium freudenreichii	0	0	0	0	0	13	0	0	0	0	0	0	14	154	0	0	0	0	13	0	0	0	0	0	0	0	0	65	0	0	0	0	0	537	0	0	0	0	14	0	0	0	0	0	17	0	42	1323	0	0	0	0	0	0	0	0	125	334	0
Proteiniclasticum sp. QWL-01	0	0	0	0	0	0	0	0	0	0	0	0	0	0	0	0	0	0	79	0	0	0	0	0	0	0	0	0	0	0	0	0	0	0	0	0	0	0	0	0	0	0	0	0	0	0	0	0	0	0	0	0	0	0	0	0	0	0	0
Proteus mirabilis	0	0	0	0	0	0	0	0	0	0	0	0	0	0	0	0	0	0	17	2745	0	0	0	0	0	0	0	0	0	0	0	0	0	0	0	0	0	0	0	0	0	0	0	0	0	0	0	0	0	0	0	0	0	0	0	0	0	0	0
Pseudobutyrivibrio xylanivorans	0	0	16	0	0	0	95	0	0	0	0	0	0	530	0	0	0	0	11	0	0	0	0	0	0	0	0	0	10	0	0	0	15	0	0	0	0	0	49	0	0	0	0	158	0	0	0	52	0	162	0	13	27	0	0	15	0	0	0
Pseudocitrobacter corydidari	0	0	0	0	0	0	0	0	0	0	0	0	0	0	0	0	0	0	0	0	0	0	0	0	0	0	0	0	66	0	0	0	0	0	0	0	0	0	0	0	0	0	0	0	0	0	0	0	0	0	0	0	0	0	0	0	0	0	0
Pseudoflavonifractor gallinarum	4151	6884	978	3655	1848	6413	1050	1078	6392	3139	104	274	8440	2044	589	840	85	23	515	1305	1256	174	603	304	229	2272	3352	1226	789	525	97	1350	1855	433	11	258	541	218	373	848	226	1931	1639	1981	1031	435	4217	718	4601	2184	440	474	358	340	605	265	504	496	251
Pseudoglutamicibacter albus	0	0	0	0	0	0	0	0	0	0	0	0	0	0	0	0	0	0	0	70	0	0	0	0	0	0	0	0	0	0	0	0	0	0	0	0	0	0	0	0	0	0	0	0	0	0	0	0	0	0	0	0	0	26	0	0	0	0	0
Pseudolactococcus carnosus	0	0	0	0	0	0	0	0	0	0	3725	0	271	0	0	0	0	0	0	0	0	0	0	0	0	0	572	0	0	0	0	0	0	0	15	0	0	0	0	0	0	0	0	0	0	0	85	0	0	0	0	0	0	0	0	0	0	0	0
Pseudolactococcus paracarnosus	0	0	0	0	0	0	0	0	0	0	821	0	24	0	0	0	0	0	0	0	0	0	0	0	0	0	162	0	0	0	0	0	0	0	0	0	0	0	0	0	0	0	0	0	0	0	0	0	0	0	0	0	0	0	0	0	0	0	0
Pseudolactococcus piscium	0	0	0	0	0	0	0	0	0	0	777	0	923	0	0	0	0	0	0	0	0	0	0	0	0	0	120	0	0	0	0	0	0	0	32	0	0	0	0	0	0	0	0	0	0	0	23	0	0	0	0	0	0	0	0	17	0	0	0
Pseudolactococcus raffinolactis	0	50	0	0	23	0	0	0	0	85	149	0	88	0	0	11	0	0	0	0	0	12	26	0	0	61	188	15	0	0	240	17	0	26	35	19	53	3936	20	0	0	0	0	92	0	0	66	46	39	13	61	156	0	0	16	29	858	927	978
Pseudomonas aeruginosa	0	0	0	0	0	100	0	0	20545	0	0	0	1054	501	0	192	0	41582	63970	77	0	0	0	112299	0	0	0	0	327	0	0	0	216	0	0	0	0	0	0	3518	0	0	16255	0	0	0	0	0	7263	2298	0	0	0	0	0	0	0	0	3442
Pseudomonas citronellolis	0	0	0	0	0	0	0	0	0	0	0	0	0	135	0	0	0	0	0	0	1272	0	0	0	0	0	0	0	0	0	0	0	0	0	0	0	0	0	0	0	0	0	0	0	0	0	0	0	0	0	0	0	0	0	0	0	0	0	0
Pseudomonas fragi	0	0	0	0	0	0	0	0	0	0	0	0	231	0	0	0	0	0	0	0	0	0	0	0	0	0	0	0	0	0	0	0	0	0	0	0	0	0	0	0	0	0	0	0	0	0	0	0	0	0	0	0	0	0	0	0	0	0	0
Pseudomonas lundensis	0	0	0	0	0	0	0	0	0	0	0	0	11	0	0	0	0	0	0	0	0	0	0	0	0	0	0	0	0	0	0	0	0	0	0	0	0	0	0	0	0	0	0	0	0	0	0	0	0	0	0	0	0	0	0	0	0	0	0
Pseudomonas saxonica	0	0	0	0	0	0	0	0	0	0	0	0	356	0	0	0	0	0	0	0	0	0	0	0	0	0	0	0	0	0	0	0	0	0	0	0	0	0	0	0	0	0	0	0	0	0	0	0	0	0	0	0	0	0	0	0	0	0	0
Pseudomonas sivasensis	0	0	0	0	0	0	0	0	0	0	0	0	0	0	0	0	0	0	0	0	0	0	0	0	0	0	0	0	0	0	0	0	0	0	0	0	0	0	0	0	0	0	0	114	0	0	0	0	0	0	0	0	0	0	0	0	0	0	0
Pseudoprevotella muciniphila	0	0	0	0	0	0	0	0	0	271	0	0	0	0	27	0	0	0	10	0	0	0	0	830	0	10	0	0	13	0	0	0	0	0	0	0	0	0	0	0	0	0	0	0	0	703	20	0	0	0	10	0	36	0	0	0	0	0	0
Pseudoramibacter alactolyticus	0	0	0	0	0	0	0	0	0	0	0	0	0	0	10	0	0	0	0	0	128	0	0	0	0	0	0	0	0	0	0	0	0	0	0	0	0	0	0	0	0	0	0	0	0	0	0	0	0	0	0	0	0	0	0	0	0	0	0
Pseudotevenvirus gap161	0	0	0	0	0	0	0	0	0	0	0	0	0	0	0	0	0	0	0	1575	0	0	0	0	0	0	0	0	0	0	0	0	0	0	0	0	0	0	0	0	0	0	0	0	0	0	0	0	0	0	0	0	0	0	0	0	0	0	0
Pseudotevenvirus leb	0	0	0	0	0	0	0	0	0	0	0	0	0	0	0	0	0	0	0	174	0	0	0	0	0	0	0	0	0	0	0	0	0	0	0	0	0	0	0	0	0	0	0	0	0	0	0	0	0	0	0	0	0	0	0	0	0	0	0
Pseudotevenvirus lee	0	0	0	0	0	0	0	0	0	0	0	0	0	0	0	0	0	0	0	206	0	0	0	0	0	0	0	0	0	0	0	0	0	0	0	0	0	0	0	0	0	0	0	0	0	0	0	0	0	0	0	0	0	0	0	0	0	0	0
Pseudotevenvirus lw1	0	0	0	0	0	0	0	0	0	0	0	0	0	0	0	0	0	0	0	25	0	0	0	0	0	0	0	0	0	0	0	0	0	0	0	0	0	0	0	0	0	0	0	0	0	0	0	0	0	0	0	0	0	0	0	0	0	0	0
Pseudotevenvirus margaery	0	0	0	0	0	0	0	0	0	0	0	0	0	0	0	0	0	0	0	115	0	0	0	0	0	0	0	0	0	0	0	0	0	0	0	0	0	0	0	0	0	0	0	0	0	0	0	0	0	0	0	0	0	0	0	0	0	0	0
Pseudotevenvirus RB16	0	0	0	0	0	0	0	0	0	0	0	0	0	0	0	0	0	0	0	81	0	0	0	0	0	0	0	0	0	0	0	0	0	0	0	0	0	0	0	0	0	0	0	0	0	0	0	0	0	0	0	0	0	0	0	0	0	0	0
Pusillibacter faecalis	15283	8934	16698	5087	18645	7529	13687	365	7152	15445	2627	699	20123	6652	5050	920	803	234	1467	8748	6848	5173	51734	9566	6594	10534	768	5197	7026	19361	116	3438	13923	2901	200	489	8092	1416	11730	12631	3432	11192	1820	477	5921	13199	6109	7084	6311	10648	11454	1865	7530	5093	3465	5854	2586	2817	2038
Pyramidobacter piscolens	33	35	0	0	62	220	1594	15	48917	0	57	0	0	474	2198	84492	95	3493	14	226390	0	19	12	129	2397	0	329	17	18	31	37	34	64	16	14	0	39	0	27	12	19	28	12	18	12	19	23	15	0	0	0	0	18	448	0	28	407	36	0
Pyramidobacter sp. YE332	22	0	29	28	34	26	123	23	40768	36	0	0	0	24	60	2560	0	232	0	14648	0	0	0	0	186	0	0	15	0	0	0	0	0	0	0	0	0	0	0	0	0	0	0	0	0	20	0	0	0	32	0	0	0	19	0	44	15	0	0
Qiania dongpingensis	75	28	42	12	1309	328	415	12	169	56	0	0	328	31	48	211	19	0	268	340	127	1134	1585	28	276	347	0	21	574	0	0	0	568	955	0	0	17	495	0	28	29	12	245	0	106	90	0	216	47	473	12	17	256	268	242	0	0	15	543
Rahnella aceris	0	0	0	0	0	0	0	0	0	0	0	0	0	0	0	0	0	0	0	0	0	0	0	0	0	0	0	0	0	0	0	0	0	0	0	0	0	24	0	0	0	0	0	0	0	0	0	0	0	0	0	0	0	0	0	0	0	0	0
Rahnella aquatilis	0	0	0	0	0	0	0	0	0	0	0	0	0	0	0	44	0	0	0	0	0	0	0	0	0	0	0	0	0	0	0	0	0	0	0	0	0	0	0	0	0	0	0	0	0	0	0	0	0	0	0	0	0	0	0	0	0	0	0
Rahnella variigena	0	0	0	0	0	0	0	0	0	0	0	0	0	0	0	0	0	0	0	0	0	0	0	0	0	0	0	0	0	0	0	0	0	0	0	0	0	0	0	0	0	0	0	0	0	0	0	0	0	0	0	0	0	0	0	0	0	68	0
Raoultella ornithinolytica	0	0	0	0	0	0	0	0	0	0	0	0	964	0	0	0	0	0	0	107	0	0	0	0	0	0	0	0	0	0	0	0	0	0	0	0	0	472	0	0	0	504	0	0	0	0	0	0	0	0	0	9034	0	0	0	0	0	4096	0
Raoultella planticola	0	0	0	0	0	0	0	0	0	0	141	0	0	4161	0	0	0	0	0	0	0	0	0	0	0	0	0	166	0	0	0	0	0	0	0	0	0	22864	0	0	0	0	0	243	0	0	0	0	0	0	0	3489	0	226	0	0	0	232	0
Raoultibacter timonensis	30	0	40	0	27	104	29	0	0	59	0	0	0	429	30	26	0	0	114	13	14	0	29	0	0	0	0	24	154	144	0	0	0	0	0	0	0	11	0	213	0	0	26	0	16	2063	0	23	0	0	0	0	0	0	0	95	0	12	0
Rodentibacter caecimuris	0	26	0	0	0	0	0	0	0	0	32	0	0	0	0	0	0	0	0	0	0	0	0	0	0	0	0	0	0	0	0	0	0	0	0	0	0	0	0	0	0	0	0	0	0	0	0	0	0	0	0	0	0	0	0	0	0	0	0
Rodentiumvirus CrRp3	0	0	0	0	0	0	0	0	0	0	0	0	0	0	0	0	0	0	0	153	0	0	0	0	0	0	0	0	0	0	0	0	0	0	0	0	0	0	0	0	0	0	0	0	0	0	0	0	0	0	0	997	0	0	0	0	0	0	0
Rodentiumvirus LL11	0	0	0	0	0	0	0	0	0	0	0	0	0	0	0	0	0	0	0	2734	0	0	732	0	0	0	0	0	0	0	0	0	0	0	0	0	0	0	0	0	0	0	0	0	0	0	0	0	0	0	0	0	0	0	0	0	0	0	0
Romboutsia hominis	15	97	0	0	0	0	0	0	0	0	35	0	72	23	0	0	0	0	0	1429	0	0	0	0	0	0	0	0	0	0	0	0	0	0	0	0	0	0	0	0	0	0	0	0	28	0	0	0	38	0	0	0	0	0	0	0	0	0	0
Romboutsia ilealis	5596	41164	4286	2063	6600	4339	10210	735	99	4283	2126	566	124548	31190	834	399	116	173	8981	843	382	178	0	107	850	2567	448	6229	1841	4504	479	9492	0	15127	0	0	216	31828	636	29	82	3497	1398	2229	14336	77	553	1840	712	286	6112	8410	1167	225	2259	39045	6035	1620	0
Romboutsia sp. 13368	186	1316	162	60	293	177	316	0	0	192	100	0	4452	1102	32	0	0	0	296	47	0	0	0	0	0	56	0	226	59	130	0	313	0	394	0	0	0	908	29	0	0	70	40	158	549	0	0	84	34	0	141	235	26	0	83	1310	192	34	0
Romboutsia sp. CE17	230	2803	242	57	382	239	707	27	0	318	239	38	5681	2144	122	22	0	0	394	217	597	16	0	0	50	158	36	351	65	258	28	444	0	856	0	0	0	2161	34	0	0	644	68	133	978	0	0	124	29	0	347	425	77	0	169	2396	316	104	0
Roseburia faecis	88893	4248997	953104	1893718	52066	10698	1333723	5176	25951	2939578	1236462	6836	7401	1938701	598877	3905	462115	3793	8699	3354	88328	16619	7913	39240	32468	2705144	278487	168768	53981	1439320	430305	1874	7625	174959	1437	688604	790184	325597	8112	2747	7941	446765	15192	1204194	1575407	7558	9042	261728	933890	16950	38913	417356	78238	104451	53383	51811	247825	4469	4894
Roseburia hominis	10580	20447	409359	52830	35885	8205	59015	1380	7628	3234	17837	475	13071	68720	63123	1416	72395	306	12955	1916	1527	61970	29079	4680	7676	3113	9024	162322	4861	2249	9982	3687	13490	6740	3658	21622	2068	9408	43655	7275	36056	6413	11279	27858	8896	1100	284408	157407	18567	13886	7063	11264	25586	12794	26570	38176	31962	100879	7260
Roseburia intestinalis	22908	58011	1591365	566268	61016	8869	201603	4142	8054	281457	1871206	2558	17874	70613	49798	3735	1393049	2722	7342	8163	8660	27702	11940	175450	17260	623776	95184	52389	46334	22115	10626	215435	34834	65032	3529	158315	30473	264872	744692	398010	20633	369472	10535	2200098	447271	11708	10163	37070	2029069	78844	549251	239260	35045	47051	311755	8073	147347	527777	186907
Roseburia rectibacter	1444	3336	34634	10374	1660	492	3821	235	502	3556	37558	62	325	2413	1396	317	18091	27	277	575	416	1033	1320	1883	651	15344	3485	1388	955	1393	451	2451	1319	4377	1040	2029	1368	3910	16271	4171	2075	5378	362	25667	13271	736	311	1086	18391	7169	7232	3898	1466	1607	4533	170	2370	8078	2687
Roseburia sp. 499	217	147	159	242	54	24	631	140	17	74	272	0	70	633	57	12	21	0	46	109	0	12	14	797	36	4593	316	36	492	829	50	21	195	64	65	36	274	175	82	13	0	1285	16	27	25	20	48	100	100	1499	334	324	243	67	316	46	139	366	636
Roseburia sp. 831b	54	432	1478	1004	1423	49	433	64	52	1241	528	0	54	954	466	121	76	0	265	137	42	322	200	697	123	143	78	593	178	189	66	207	224	644	0	107	34	181	525	158	74	2493	107	108	615	107	105	498	511	1216	865	1256	388	382	109	761	360	610	388
Rothia aeria	97	126	27	0	54	0	0	0	0	0	0	0	0	0	19	0	23	0	0	0	0	0	0	0	0	0	12	0	0	13	0	0	0	0	258	0	107	27	0	0	14	0	0	29	0	0	0	0	0	13	0	0	41	0	0	0	0	0	0
Rothia amarae	0	0	0	0	0	0	0	0	0	0	0	0	0	0	0	0	0	0	0	0	0	0	13	0	0	0	0	0	0	0	0	0	0	0	0	0	0	0	0	0	0	0	0	0	0	0	0	0	0	0	0	0	0	0	0	0	0	0	0
Rothia dentocariosa	478	360	118	14	155	22	332	0	0	25	75	0	37	1039	1132	0	3290	0	0	195	60	0	0	198	244	71	113	17	79	39	48	14	111	17	1204	0	65	92	492	41	32	0	59	203	15	11	0	204	27	26	0	86	109	30	0	186	20	25	0
Rothia koreensis	0	0	0	0	0	0	0	0	0	0	0	0	0	0	0	0	0	0	0	0	0	0	0	0	0	0	0	0	0	0	0	0	0	0	0	0	0	71	0	0	0	0	0	0	0	0	0	0	0	0	0	0	0	0	0	0	0	0	0
Rothia kristinae	0	0	0	0	0	0	0	0	0	0	0	0	0	0	0	0	0	0	0	0	0	0	0	0	0	0	0	0	0	0	0	0	0	0	0	71	12	29	0	0	0	0	0	0	0	0	0	0	0	0	0	29	0	0	0	0	0	0	0
Rothia mucilaginosa	1438	5525	1135	34	1420	85	224	161	103	23	100	523	340	266	395	0	1497	106	94	55	89	994	809	69	591	80	92	69	104	462	71	20	18	27	3927	1146	1732	360	301	32	48	33	74	374	384	19	29	416	14	198	28	354	785	86	244	162	37	0	32
Ruminiclostridium herbifermentans	0	0	0	0	0	0	0	0	11	0	0	0	12	0	0	0	0	0	28	0	0	0	0	0	0	0	0	0	0	0	0	0	0	0	0	0	0	0	0	0	0	0	0	0	0	0	0	0	0	0	0	0	0	0	0	0	0	0	0
Ruminococcus albus	158	84	55	0	58	32	811	88	0	93	0	0	23	317	69	0	23	0	0	0	87	0	0	0	53	0	0	0	0	407	0	33	668	17	0	18	0	0	0	0	0	0	17	0	31	0	0	17	0	34	45	0	35	0	41	0	24	16	33
Ruminococcus bicirculans (ex Wegman et al. 2014)	374252	40413	24270	783	29096	99745	270234	29314	25916	32294	3052	559	57193	105047	51757	36	12865	286	4175	252	34672	275	266	173	2042	149	372	1424	49402	161130	12690	13197	289762	27467	59	85193	68	2316	1649	70	2326	101341	4480	60	9061	71	1425	44862	262	46	19306	812	997	845	1019	3482	3069	792	97737
Ruminococcus bovis	10643	220	903	263	794	21637	163182	156	973	619	218	206	674	237773	186	83	27	37	0	87	1575	185	406	95	114	15	118	1106	60	431	28	524	24	458	12	97	346	180297	788	24	80	4467	21	16	24	5299	22	163	3326	36	153	40350	185	35	0	0	25	30	39
Ruminococcus callidus	199490	430	18846	577	19281	2624	135789	263	846	1389	343	399	514	457430	771	232	54	92	4491	44	1263	3990	31	110	268313	136	221	4639	48433	10653	72	818	46678	9621	27	7157	902	347973	430	457	455	4113	23878	186	47940	67	1939	387	1066	80	12048	9780	4700	41763	1056	315780	18316	14205	589
Ruminococcus champanellensis	2662	57	4134	0	722	4313	967	71	541	179	81	0	733	428	1661	265	0	0	3715	254	2520	520	4005	314	256	0	13	866	345	188	134	46	1876	72	0	290	17	905	587	788	473	258	147	0	171	186	468	703	474	222	810	3131	452	1507	334	4204	2339	352	584
Ruminococcus gauvreauii	36	13	0	30	43	179	283	17	19	15	0	0	1390	244	0	25	0	0	135	31	0	16	0	13	0	0	0	18	19	28	0	0	100	105	0	0	0	15	42	17	12	12	70	0	44	0	0	17	1022	253	0	27	11	43	0	0	24	0	22
Ruminococcus sp. JE7B6	255	0	679	0	361	3041	1267	0	231	482	0	0	0	0	0	116	0	0	0	0	1324	74852	373371	0	0	0	0	266	0	0	0	264	0	883	0	124	0	758	514	0	0	625	0	0	0	798	80	683	53	0	1324	841399	0	0	0	0	0	0	0
Ruminococcus sp. JL13D9	17225	1312	4071	0	2527	17978	2425	0	1774	2559	0	0	4307	0	1661	1185	0	0	0	4731	5854	116494	737330	5579	8247	0	1383	2944	0	2460	0	5333	681	5354	0	462	0	2502	4025	3605	0	4569	0	0	2031	23601	6795	2711	5729	0	6717	0	4581	1915	0	0	0	0	41502
Ruminococcus sp. SR1/5	233158	122479	187541	114453	213653	15330	21023	757	993477	57261	42159	26901	81444	31276	13211	8630	3426	1255	7394	6079	35189	603439	34798	6676	32891	44445	61299	381941	36212	26855	14049	19340	24540	68680	21908	20679	14092	26830	19047	23896	5688	52115	11564	66776	39842	18857	108390	15720	2111	92415	20306	83923	18522	15493	9929	186939	45185	5726	156329
Ruthenibacterium lactatiformans	125303	15397	9322	4393	19653	272464	19918	24650	22207	14722	4013	1150	125318	8428	8418	25028	5444	736	64763	36591	150166	4063	68158	9353	20244	8024	4057	234371	17044	21277	5569	1630	5098	10750	3429	11041	180329	7598	5087	187712	13740	5752	426953	4964	32341	10846	12503	9680	7211	64071	25467	8455	15765	23605	3647	8887	6318	7555	14315
Saccharomyces cerevisiae	388	43	0	141	113	284	41	0	0	219	3369	3079	0	15	38	0	0	14297	857	13	17	0	0	0	467	285	2190	100	207	0	0	15	220	33	60	0	60	316	217	877	22	333	35	7535	2548	543	0	166	51	93	37	1322	36	139	28	64	45	34	0
Saccharomyces paradoxus	0	0	0	0	0	0	0	0	0	0	0	0	0	0	0	0	0	42	0	0	0	0	0	0	0	0	0	0	0	0	0	0	0	0	0	0	0	0	0	0	0	0	0	17	0	0	0	0	0	0	0	0	0	0	0	0	0	0	0
Salmonella bongori	0	0	0	0	0	0	0	63	0	0	0	0	0	0	0	0	0	0	0	0	0	0	0	0	0	0	0	0	0	0	0	0	0	0	0	0	0	0	0	0	0	0	0	0	0	0	0	0	0	0	0	0	0	0	0	0	0	0	0
Salmonella enterica	0	0	0	0	0	0	0	49	3902	0	4072	0	0	0	0	0	0	0	0	0	0	0	0	0	0	0	0	0	0	0	0	0	0	0	0	0	0	4172	0	0	0	0	0	1007	0	0	0	0	0	0	0	371	0	0	0	396	0	297	25574
Sandinevirus BK5T	0	0	0	0	0	0	0	0	0	0	0	0	0	0	0	0	0	0	0	0	0	0	0	0	0	0	0	0	0	0	0	0	0	0	0	0	0	218	0	0	0	0	0	0	0	0	0	0	0	0	0	0	0	0	0	0	0	0	177
Sanguibacter biliveldensis	0	0	0	0	0	0	0	0	0	0	0	0	0	0	18	0	0	0	0	0	0	0	0	0	0	0	0	0	0	0	0	0	0	0	0	0	0	0	0	0	0	0	0	0	0	0	0	0	0	0	0	0	0	0	0	0	0	0	0
Satomivirus wayo	0	0	0	0	0	0	0	0	0	0	0	0	0	0	0	0	0	0	0	0	0	0	0	0	0	0	0	0	0	0	0	0	0	0	0	0	0	0	0	0	146	0	0	0	0	0	0	0	0	0	0	0	0	0	0	0	0	0	0
Scardovia inopinata	0	0	0	0	0	265	0	0	0	0	0	0	28	0	0	0	0	0	0	0	0	0	0	541	0	0	0	0	0	0	0	0	73	0	75	0	0	0	0	0	0	0	0	0	0	0	0	11	0	0	0	0	23	24	0	22	0	19	0
Scardovia wiggsiae	333	67	31	117	98	30	0	0	0	208	0	0	10	1032	666	0	72	0	47	0	766	0	0	190	195	0	125	10	0	73	332	0	75	0	4939	0	0	35	0	66	0	0	0	76	38	0	13	17	40	0	0	0	326	66	0	174	0	0	0
Schaalia cardiffensis	0	0	0	24	0	0	0	0	0	0	0	0	0	0	0	0	0	0	0	0	0	0	35	0	0	0	0	0	0	0	0	0	0	0	0	0	0	0	0	0	50	0	142	0	91	45	0	0	0	12	0	0	18	0	12	0	0	0	0
Schaalia meyeri	0	56	0	0	0	0	0	0	0	0	0	0	0	0	0	0	0	0	0	0	0	0	0	0	0	0	0	20	0	0	0	0	0	0	0	0	0	0	0	0	0	0	0	0	0	0	14	23	0	0	0	0	0	12	0	0	0	0	0
Schaalia odontolytica	2561	1972	1642	541	2820	1120	952	1012	1846	290	872	842	900	2208	4893	739	103	135	70	2208	1752	729	1227	766	500	1536	302	861	941	549	184	365	64	1057	2084	807	444	2816	1551	1066	129	454	581	1448	1151	776	91	2067	381	301	1688	630	52	758	326	2773	198	0	171
Schaalia radingae	0	0	0	0	0	0	0	0	15	0	0	0	0	0	0	0	0	0	0	0	0	0	0	0	0	0	0	0	0	0	0	0	0	0	0	22	0	0	0	0	0	0	0	0	0	0	0	0	0	0	0	0	0	0	0	0	0	0	0
Schaalia sp. HMT-172	1934	2565	1816	710	2411	370	974	153	631	838	1089	64	41	1648	874	180	0	0	0	40	93	433	1188	0	269	3268	201	425	1090	418	646	242	0	102	929	301	1593	3151	72	396	950	671	31	332	3215	1503	21	622	393	72	100	83	131	165	242	847	1235	0	197
Schaalia turicensis	144	0	21	77	0	29	66	0	0	0	47	74	49	200	0	308	26	0	904	0	0	0	0	28	56	0	0	934	0	62	21	0	38	0	24	42	0	0	0	110	27	84	0	30	0	0	19	0	0	20	0	0	22	105	0	0	0	0	0
Schiekvirus EFP01	0	0	0	0	0	0	0	0	0	0	0	0	0	0	0	0	0	0	0	0	0	0	0	0	0	0	0	0	0	0	0	0	0	0	0	52	0	0	0	0	0	0	0	0	0	0	0	0	0	0	0	0	0	0	0	0	0	0	0
Schiekvirus Shef16	0	0	0	0	0	0	0	0	0	0	0	0	0	0	0	0	0	0	0	0	0	0	0	0	0	0	0	0	0	0	0	0	0	0	0	93	0	0	0	0	0	0	0	0	0	0	0	0	0	0	0	0	0	0	0	0	0	0	0
Schiekvirus sv113	0	0	0	0	0	0	0	0	0	0	0	0	0	0	0	0	0	0	0	0	0	0	0	0	0	0	0	0	0	0	0	0	0	0	0	200	0	0	0	0	0	0	0	0	0	0	0	0	0	0	0	0	0	0	0	0	0	0	0
Schleiferilactobacillus harbinensis	0	0	0	0	0	0	0	0	0	0	0	0	0	0	0	0	0	0	0	0	12	0	11	0	0	0	0	0	0	0	0	0	0	0	0	0	0	0	0	0	0	0	0	0	0	0	0	750	0	0	0	0	0	0	0	0	0	22	0
Secundilactobacillus malefermentans	0	0	0	0	0	0	0	0	0	0	0	0	0	0	0	0	0	0	0	0	0	0	0	0	0	0	0	0	0	0	0	0	0	0	0	0	0	0	0	0	0	0	0	0	0	0	0	0	0	0	29	0	0	0	0	0	0	0	0
Secundilactobacillus paracollinoides	0	0	0	0	0	0	0	0	0	0	0	0	0	0	0	0	0	0	0	0	0	0	0	0	0	0	0	0	0	0	0	0	0	0	0	0	0	0	0	0	0	0	0	22	0	0	0	18	0	0	0	0	0	0	0	0	0	0	0
Segatella baroniae	0	0	0	0	82	0	0	74	0	0	0	0	0	0	0	0	0	0	0	0	0	0	0	6816	0	0	0	0	0	0	0	681	159	0	0	0	119	0	0	0	441	0	0	0	0	0	93	0	0	0	0	0	0	0	0	0	125	176	0
Segatella bryantii	0	61	0	0	38	0	0	0	0	0	0	0	0	0	0	0	0	0	0	0	0	152	0	213	0	0	0	517	0	0	0	0	963	122	0	404	0	755	0	0	7570	0	192	0	0	0	0	0	0	0	2493	836	105	0	305	0	137	0	0
Segatella copri	225	1270	9707	2395	526	1021	881	749	154	44	13360	2922	4987	8438	2803	2004	594	953	142689	515	1692	142457	80433	395846	69338	1964	1714	1975	1747	2778	7230	1005	333482	113911	318	613969	1347	1817	1653	2798	4965902	552	33580	900	1281	1006	2118	4026	1855	1335	280324	128291	482642	525988	3229561	10106	1741034	946340	4123
Segatella hominis	0	0	33	133	0	0	66	0	0	0	61	989	72	55	783	0	16	24	3516	0	52	261	78	511	586	13	44	24	0	357	1013	289	8016	452	14	137387	73	94	93	146	44803	14	139	16	21	0	36	122	0	0	7031	24692	11686	523	13722	23	2166	5023	91
Selenobaculum gibii	0	0	0	0	0	0	0	0	0	0	0	0	0	0	0	0	0	0	0	0	0	0	0	0	0	0	0	0	0	0	0	0	0	0	0	0	0	0	0	0	0	0	0	0	0	0	0	0	427	0	0	0	0	0	0	0	0	0	0
Selenomonas sp.	0	533	0	28	0	0	0	0	0	0	0	0	0	0	290	0	0	0	16	0	0	0	0	0	0	0	0	0	0	0	844	0	0	19	0	0	0	0	11	0	0	0	0	0	0	0	0	0	0	0	35	0	0	41	22	0	28	38	0
Selenomonas sp. oral taxon 136	0	0	0	0	0	0	0	0	0	0	0	0	0	0	0	0	0	0	0	0	0	14	0	0	0	0	0	0	0	0	0	0	0	0	0	0	42	0	0	0	0	0	0	0	0	0	0	0	0	0	0	0	0	0	0	0	0	0	0
Selenomonas sp. oral taxon 478	0	0	0	0	0	0	0	0	0	0	0	0	0	0	0	0	0	0	0	0	0	0	0	0	0	0	0	0	0	0	0	0	0	0	0	0	91	0	0	0	0	0	0	0	0	0	0	0	0	0	0	0	0	0	0	0	0	0	0
Selenomonas sputigena	24	0	12	0	57	15	16	0	0	22	0	0	11	32	78	0	0	0	0	0	0	20	32	23	0	0	0	0	0	12	0	0	11	12	0	0	12	29	0	0	0	0	32	24	0	0	0	0	21	0	0	0	0	0	0	12	0	34	0
Sellimonas caecigallum	770	841	953	322	336	268	263	14	221	60	610	76	1018	530	179	80	16	0	467	282	13	28	226	195	18	46	417	423	307	192	114	95	333	272	358	96	18	331	93	46	51	227	420	354	643	167	601	114	68	91	240	130	165	45	91	139	94	55	67
Sellimonas catena	21629	3347	4296	1892	2579	7501	11358	413	2648	1109	1092	84	2902	1448	2353	2156	242	67	4406	1115	698	884	2514	1392	1944	776	1152	3803	3695	10912	242	3658	1639	1554	1049	885	931	1851	1261	967	715	2766	1465	332	2975	1034	4834	768	1303	4678	924	2379	1552	1576	343	1624	454	1377	1058
Sellimonas intestinalis	3907	234	723	418	568	1081	68062	2823	211729	409	208	153	1406	280	7871	89	23205	65	57	260	71	137	121	45	228	41486	422	3132	275	1455	42	195	71	226	4440	575	2065	157	188	6116	37	209	144	118418	1933	38658	252	324	112934	17104	38	57	81	116	29	29	70	107	270
Serratia fonticola	0	0	0	0	0	0	0	0	0	0	0	0	0	0	0	0	0	0	0	0	0	0	0	0	0	0	0	0	0	0	0	0	0	0	0	0	0	13	0	0	0	0	0	0	0	0	0	0	0	0	0	0	0	0	0	0	0	0	0
Serratia marcescens	0	0	0	0	0	0	0	0	0	0	0	20	0	0	0	0	0	0	0	0	0	0	0	0	0	0	0	0	0	0	0	0	0	0	0	0	0	128	0	0	0	0	0	31140	0	0	0	0	0	0	0	0	0	0	0	0	0	0	0
Serratia nematodiphila	0	0	0	0	0	0	0	0	0	0	0	0	0	0	0	0	0	0	0	0	0	0	0	0	0	0	0	0	0	0	0	0	0	0	0	0	0	0	0	0	0	0	0	200	0	0	0	0	0	0	0	0	0	0	0	0	0	0	0
Serratia nevei	0	0	0	0	0	0	0	0	0	0	0	0	0	0	0	0	0	0	0	0	0	0	0	0	0	0	0	0	0	0	0	0	0	0	0	0	0	0	0	0	0	0	0	288	0	0	0	0	0	0	0	0	0	0	0	0	0	0	0
Serratia proteamaculans	0	0	0	0	0	0	0	0	0	0	0	0	0	0	0	0	0	0	0	0	0	0	0	0	0	0	0	0	0	0	0	0	0	0	0	0	0	0	0	0	0	0	0	31	0	0	0	0	0	0	0	0	0	0	0	0	0	0	0
Serratia sp. AXJ-M	0	0	0	0	0	0	0	0	0	0	0	0	39	0	0	0	0	0	0	0	0	0	0	0	0	0	0	0	0	0	0	0	0	0	0	0	0	0	0	0	0	0	0	0	0	0	0	0	0	0	0	0	0	0	0	0	0	0	0
Serratia ureilytica	0	0	0	0	0	0	0	0	0	0	0	0	0	0	0	0	0	0	0	0	0	0	0	0	0	0	0	0	0	0	0	0	0	0	0	0	0	0	0	0	0	0	0	127	0	0	0	0	0	0	0	0	0	0	0	0	0	0	0
Seunavirus 4MG	0	0	0	0	0	0	0	0	0	0	0	0	0	0	0	0	0	0	0	0	0	0	0	0	0	0	0	0	0	0	0	0	0	0	0	0	0	0	0	0	0	0	0	0	0	0	0	0	0	0	0	25	0	0	0	0	0	0	0
Shigella flexneri	0	0	0	0	0	0	0	0	0	0	0	0	0	0	0	1428	0	0	0	0	0	0	0	0	0	0	0	0	0	0	0	0	0	0	0	0	0	0	0	0	0	0	0	0	0	0	0	0	0	0	0	0	0	0	0	0	0	0	0
Shigella sonnei	0	0	0	0	0	0	0	0	3587	0	0	0	0	0	0	0	0	0	0	0	0	0	0	0	0	0	0	0	0	0	0	0	0	0	0	0	0	0	0	0	0	0	0	0	0	0	0	0	0	0	0	0	0	0	0	0	0	0	0
Shouchella clausii	0	0	0	0	0	0	0	0	0	0	0	0	75	0	0	0	0	0	0	0	0	0	0	0	0	0	0	0	0	0	0	0	0	0	0	0	0	0	0	0	0	0	0	0	0	0	0	0	0	0	0	0	0	0	0	0	0	0	0
Simiaoa sunii	24864	46415	1042111	16758	56052	1791	93244	1087	3419	6005	27574	600	3760	64115	76760	1206	4225	652	1419	4211	2888	77021	8488	257935	115610	2887	1883	4395	36711	55487	4827	5748	57793	38953	148	19780	225115	3668	118408	14829	95302	299432	11977	2273	4150	1385	8384	173791	8980	6126	9523	251866	394064	404686	12768	11371	142221	647709	581288
Sinanaerobacter sp. ZZT-01	0	0	0	0	0	0	0	0	83	0	0	0	11	0	0	0	0	0	0	0	0	0	0	0	0	0	0	0	0	0	0	0	0	0	0	0	0	0	0	0	0	0	0	0	0	0	0	0	0	0	0	0	0	0	0	0	0	0	0
Skunavirus P656	0	0	0	0	0	0	0	0	0	0	596	0	0	0	0	0	0	0	0	0	0	0	0	0	0	0	0	0	0	0	0	0	0	0	0	0	0	0	0	0	0	0	0	0	0	0	0	0	0	0	0	0	0	0	0	0	0	0	0
Skunavirus sv42	0	0	0	0	0	0	0	0	0	0	508	0	0	0	0	0	0	0	0	0	0	0	0	0	0	0	0	0	0	0	0	0	0	0	0	0	0	0	0	0	0	0	0	0	0	0	0	0	0	0	0	0	0	0	0	0	0	0	0
Skunavirus sv96603	0	0	0	0	0	0	0	0	0	0	813	0	0	0	0	0	0	0	0	0	0	0	0	0	0	0	0	0	0	0	0	0	0	0	0	0	0	0	0	0	0	0	0	0	0	0	0	0	0	0	0	0	0	0	0	0	0	0	0
Slackia exigua	17	16	0	0	36	32	17	0	161	15	0	0	17	47	0	100	0	42	0	0	37	0	0	0	0	0	0	0	27	0	0	0	15	11	15	19	13	25	0	0	36	0	14	0	24	0	20	0	0	0	0	0	0	16	0	10	0	0	0
Slackia heliotrinireducens	0	0	0	0	0	0	0	0	0	0	0	0	82	0	0	0	0	0	27	0	0	0	0	0	0	0	0	17	0	0	0	0	0	0	0	0	0	0	0	0	0	0	0	0	0	0	0	0	0	0	0	0	0	12	0	0	0	0	0
Sodaliphilus pleomorphus	0	0	15	11	0	0	0	0	0	0	70	0	0	95	24	0	0	0	0	10	16	0	14	174	128	0	0	20	0	329	0	0	182	122	0	68	23	16	0	0	316	0	11	0	30	0	0	0	0	13	190	44	173	68	123	0	67	159	71
Solibaculum mannosilyticum	2407	1172	599	186	605	2280	562	126	284	732	943	53	473	77	213	261	1834	0	398	311	80	108	314	164	198	1748	3149	855	402	647	55	82	254	773	0	0	24	215	344	1171	1749	1235	104	181	756	95	220	235	0	288	22	67	211	1323	225	317	130	726	104
Solobacterium moorei	137	63	580	72	203	302	142	34	22	262	330	23	19	539	39	172	0	1479	0	19	93	240	236	51	136	500	149	1947	281	53	31	165	21	88	12	105	472	284	392	20	44	113	415	175	331	150	28	76	73	15	43	91	13	132	15	197	60	58	36
Spartoivirus spartoi	0	0	0	0	0	0	0	0	0	0	0	0	0	0	10	0	0	0	0	0	0	0	0	0	0	0	0	0	0	0	0	0	0	0	0	0	0	0	0	0	0	0	0	0	0	0	0	0	0	0	0	0	0	0	0	0	0	0	0
Sporofaciens musculi	0	0	0	0	0	0	0	0	21	0	0	0	0	0	0	0	0	0	0	0	0	0	0	0	0	0	0	0	0	0	0	0	0	0	0	0	0	0	11	0	0	0	0	0	0	0	0	0	0	0	0	0	0	0	0	0	0	0	0
Staphylococcus aureus	0	0	0	0	0	0	0	0	0	0	0	0	192	875	0	0	0	0	0	0	0	0	0	0	0	0	0	0	0	0	0	0	0	0	0	0	0	0	0	0	0	0	0	234	0	0	0	0	0	0	0	255	0	0	0	0	0	0	0
Staphylococcus caprae	0	0	0	0	0	0	0	0	0	0	0	0	0	0	0	0	0	0	0	0	0	0	0	0	0	0	0	0	0	0	0	0	0	0	0	0	0	0	0	0	0	0	0	0	0	0	0	0	0	0	0	0	0	0	0	0	0	0	39
Staphylococcus carnosus	0	0	0	52	0	0	0	0	0	0	0	0	0	0	0	0	0	0	0	0	0	0	0	0	0	0	0	0	0	0	0	0	0	0	0	0	0	0	0	0	0	0	0	0	0	0	0	0	0	0	0	0	0	0	0	0	0	15	0
Staphylococcus casei	0	0	0	0	0	0	0	0	0	0	0	0	0	0	0	0	0	0	0	0	0	0	0	0	0	0	0	0	354	0	0	0	0	0	0	0	0	0	0	0	0	0	0	0	0	0	0	0	0	0	591	0	0	0	0	0	0	0	0
Staphylococcus epidermidis	0	0	0	0	0	0	0	24	238	0	0	0	77	0	0	0	16	0	0	86	0	28	20	0	0	15	0	0	0	29	0	0	0	0	0	82	0	0	0	47	0	0	0	0	0	0	0	0	0	0	35	49	17	0	0	0	0	71	21
Staphylococcus equorum	0	0	0	0	0	0	0	0	0	0	0	0	0	0	0	293	0	0	0	0	0	0	0	0	0	0	0	0	0	0	0	0	0	0	0	0	0	0	0	0	0	0	0	0	225	0	0	0	0	0	151	0	319	0	0	0	0	0	0
Staphylococcus hominis	0	0	0	0	0	0	0	0	121	0	0	0	0	0	0	0	0	0	0	0	0	0	0	0	0	0	0	0	0	0	0	0	0	0	0	0	0	0	0	0	0	0	0	0	0	0	0	0	0	0	0	0	0	0	0	0	0	0	0
Staphylococcus pasteuri	0	0	0	0	0	0	0	0	0	0	0	0	0	0	0	0	0	0	0	0	0	0	0	0	0	0	0	0	0	0	0	0	0	0	0	0	0	0	0	0	0	0	0	0	0	0	0	0	0	0	0	0	121	0	0	0	0	0	0
Staphylococcus shinii	0	0	0	0	0	0	0	0	0	0	0	0	0	0	0	0	0	0	0	0	0	0	0	0	0	0	0	0	0	0	0	0	0	0	0	0	0	0	0	0	0	0	0	0	148	0	0	0	0	0	0	0	0	0	0	0	0	0	0
Staphylococcus simulans	0	0	0	0	0	0	0	0	0	0	0	0	0	0	0	0	0	0	0	24	0	0	0	0	0	0	0	0	0	0	0	0	0	0	0	0	0	0	0	0	0	0	0	0	0	0	0	0	0	0	0	0	0	0	0	0	0	0	0
Staphylococcus warneri	0	0	0	0	0	0	0	0	0	0	0	0	0	0	0	0	0	0	0	0	0	0	0	0	0	0	0	0	0	0	0	0	0	33	0	0	0	0	0	0	0	0	0	0	0	0	0	0	0	0	0	0	765	0	0	0	0	0	0
Staphylococcus xylosus	0	109	0	0	0	0	0	0	0	140	0	0	0	0	100	0	0	0	0	0	0	0	0	0	0	49	0	297	122	0	0	37	0	0	0	0	0	0	0	0	0	0	0	28	205	0	0	0	0	0	543	0	0	0	74	86	0	0	0
Stomatobaculum sp. F0698	46	20	0	0	0	0	0	0	0	12	16	16	0	33	0	0	10	0	0	0	0	0	0	21	0	24	0	0	0	0	0	0	0	0	18	0	63	26	37	0	0	17	0	0	17	0	0	0	11	30	0	46	0	11	21	10	10	0	0
Streptobacillus moniliformis	0	0	0	0	0	0	0	0	0	0	0	0	0	0	0	0	0	0	0	0	0	0	0	0	0	0	0	12	0	0	0	0	0	0	0	0	0	0	0	0	0	0	0	0	0	0	0	0	0	0	0	0	0	0	0	0	0	0	0
Streptococcus acidominimus	14	0	66	0	0	0	0	63	31	20	0	0	0	0	32	0	0	0	0	0	62	0	445	0	0	0	0	13	0	0	0	0	0	0	0	0	0	27	0	0	0	0	0	0	0	0	0	0	0	0	358	0	47	0	0	0	0	22	0
Streptococcus agalactiae	1724	1870	2566	879	433	0	0	7905	0	412	311	0	2267	859	6921	1548	983	0	171	7073	0	1071	405	401	578	579	0	373	792	0	401	377	1344	0	0	6754	0	7622	0	0	0	0	0	0	0	0	371	1000	0	994	0	0	1209	261	0	0	1505	11144	1084
Streptococcus anginosus	1425	500	791	341	2697	2621	1694	0	0	91	47	0	22037	1789	2112	9588	19550	257	396	0	1710	18350	1629	716	262	173	137	591	237	64	319	86	131	48	588	409	3061	12517	0	2326	180	0	37	281	1004	157	140	11378	294	81	115	378	724	1611	413	83	203	363660	55
Streptococcus australis	13025	4328	1511	148	2256	83	246	5197	987	0	513	169	22154	235	2597	539	1211	985	0	601	0	6378	1497	235	196	282	363	294	203	116	400	220	0	0	408	5084	1928	501	0	274	0	297	66	255	225	0	541	1700	145	637	1159	379	0	0	108	0	482	133	153
Streptococcus canis	0	0	15	21	22	0	38	0	0	70	24	0	0	279	0	0	0	0	0	0	56	0	224	0	0	165	0	54	0	0	33	0	856	0	0	34	0	31	0	0	0	65	0	0	44	0	88	0	0	0	0	49	0	34	14	35	28	0	31
Streptococcus constellatus	0	161	0	0	0	223	0	0	0	0	0	0	10674	0	335	0	380	1495	0	0	96	0	77	0	0	0	0	92	0	0	0	0	0	0	131	2409	0	85	0	0	0	0	0	0	675	182	0	0	0	0	0	0	0	433	0	0	0	1008	0
Streptococcus cristatus	620	265	23	48	34	0	0	0	0	21	21	0	198	1327	1180	0	544	42	0	0	161	116	20	61	21	23	31	39	16	0	0	0	34	0	1439	112	101	26	0	0	16	0	0	67	32	0	0	166	36	13	0	276	54	0	0	0	57	60	0
Streptococcus dentalis	715	345	376	0	1594	0	77	2956	0	109	79	366	152	732	894	0	1814	0	0	773	101	3647	509	205	248	251	104	0	124	167	195	0	0	0	160	8104	0	118	0	496	0	0	0	271	239	0	0	4939	86	0	312	192	62	0	0	121	0	117	0
Streptococcus dysgalactiae	95	0	0	0	0	0	0	0	0	0	0	0	250	0	0	366	0	0	0	622	0	0	0	0	0	0	0	509	0	0	0	0	0	0	33	856	0	0	0	0	0	0	0	0	170	0	0	310	0	0	0	0	0	0	0	0	0	55	444
Streptococcus equi	0	0	0	0	0	0	0	0	0	0	0	0	15	0	0	38	0	0	12	0	0	0	21	0	0	0	0	0	0	0	0	0	0	0	0	94	0	0	0	0	0	0	0	0	0	0	0	0	0	0	0	0	0	0	0	0	0	0	0
Streptococcus equinus	0	246	21	0	0	0	0	0	0	0	0	0	350	134	0	0	0	0	0	0	0	0	0	0	0	0	0	0	87	0	0	0	152	870	102	0	0	45	288	0	0	0	0	0	0	0	0	0	0	54	0	0	0	0	175	0	0	0	15
Streptococcus ferus	0	0	0	0	0	0	0	0	0	0	0	0	10	0	0	0	0	0	0	0	0	0	0	0	0	0	0	0	0	0	0	0	0	0	0	0	0	0	0	0	0	0	0	0	0	0	0	0	0	0	0	0	0	0	0	0	0	0	0
Streptococcus gallolyticus	192	0	253	0	280	0	73	663	531	0	0	0	813	0	0	0	0	0	181	0	0	0	0	0	0	0	0	0	130	0	0	0	96	0	0	0	1724	0	0	0	0	84	0	0	0	602	73	0	111	177	0	0	0	0	0	0	0	354	50
Streptococcus gordonii	5057	1138	356	242	60	319	3493	1715	23	337	66	27	1439	10466	15738	26	35094	93	0	7021	1016	1761	162	677	88	52	468	144	89	42	319	86	384	385	2091	154	638	1140	186	440	98	24	1231	812	352	0	26	10582	723	201	4089	846	3413	68	55	3238	51	48020	189
Streptococcus gwangjuensis	0	117	0	0	0	0	0	0	0	0	0	0	0	0	0	0	0	0	0	0	0	203	0	0	0	0	0	0	0	0	0	0	0	0	0	235	101	0	0	0	0	55	0	0	0	0	0	43	0	0	0	0	0	0	0	0	0	49	0
Streptococcus ilei	2748	1252	3579	0	4198	0	0	1947	295	0	142	0	3254	315	263	250	355	317	0	184	0	170	80	0	0	436	1225	197	115	175	0	0	0	0	0	4080	474	78	0	84	90	138	0	242	109	0	469	447	0	387	125	167	0	0	58	0	490	0	0
Streptococcus infantarius	0	41	0	0	0	0	0	0	0	0	0	0	2033	0	0	69	0	0	0	0	0	0	0	0	0	0	0	54	0	0	0	0	0	0	0	49	0	0	0	0	0	0	0	0	0	0	0	0	0	0	0	0	0	0	0	0	0	0	0
Streptococcus infantis	113	46	25	0	115	0	0	1859	0	44	28	58	282	214	252	0	213	0	0	127	29	2179	466	320	0	77	152	14	128	0	42	0	0	0	0	303	22	0	43	38	0	0	0	79	25	0	17	351	72	14	65	15	0	0	0	467	66	0	0
Streptococcus iniae	0	0	0	0	0	0	0	0	0	0	0	0	0	0	0	0	0	0	0	0	0	0	0	0	0	0	0	0	0	0	0	0	0	0	0	0	0	0	0	0	0	0	0	0	0	0	0	0	0	0	0	0	0	0	0	0	0	0	15
Streptococcus intermedius	236	63	0	0	43	20	0	116	0	24	0	0	307	310	179	0	696	0	0	0	524	91	21	0	0	90	80	72	86	0	42	30	0	0	34	225	100	76	0	77	77	0	0	115	80	0	31	20	0	38	0	19	23	0	0	0	32	448	0
Streptococcus koreensis	1129	412	1879	0	1862	0	80	4336	211	0	71	0	6258	0	149	76	257	127	0	177	0	1225	226	80	0	171	673	123	0	0	0	0	0	0	67	3639	349	80	0	0	0	84	0	78	0	0	196	390	0	258	92	97	0	0	0	0	220	0	71
Streptococcus lactarius	173	17	33	0	78	0	18	379	0	0	0	24	28	110	240	0	780	0	0	314	0	776	95	83	43	13	17	0	37	0	53	0	0	0	32	209	0	19	0	186	0	0	0	66	26	0	0	233	0	0	43	20	0	0	0	33	0	24	0
Streptococcus lingualis	1407	314	406	81	927	0	56	15167	76	204	79	356	468	2208	2008	0	5658	0	0	2090	222	8925	1333	702	639	96	191	0	276	95	830	74	0	0	233	7152	86	314	0	1579	120	0	0	655	314	0	0	5457	164	0	410	192	192	0	0	260	0	318	0
Streptococcus lutetiensis	0	0	118	0	0	0	0	0	0	0	0	0	120	0	0	23	0	0	0	33	0	0	34	0	0	0	0	0	0	0	0	0	0	0	0	0	0	0	0	0	0	0	0	60	0	0	0	0	0	0	0	0	59	0	0	0	0	0	0
Streptococcus macedonicus	0	0	0	0	0	0	0	0	0	0	0	0	0	0	0	0	0	0	0	0	0	0	0	0	0	0	0	0	0	0	0	0	0	0	0	0	0	0	0	0	0	0	0	265	0	0	0	0	0	0	0	0	0	0	0	0	0	0	0
Streptococcus milleri	0	0	0	0	0	0	0	0	0	0	0	0	3400	600	15805	0	2101	0	0	0	0	0	0	0	0	0	0	0	0	0	0	0	0	0	0	0	0	640	0	0	0	0	0	0	0	0	0	0	0	153	0	0	0	0	0	0	0	13180	0
Streptococcus mitis	951	1479	107	156	236	63	0	449	49	235	80	138	543	126	481	134	561	164	0	1878	82	972	197	343	81	1421	109	97	75	101	185	135	84	0	942	7216	392	75	117	179	47	223	53	391	220	0	161	439	60	179	738	289	446	40	86	0	45	398	0
Streptococcus mutans	1253	9104	73	59	0	3573	535	0	0	0	0	0	16	13	0	0	301645	86	13	31	3567	60	27	127	2929	112	166	19	21	279	57	54	983	32135	6734	34	687	154	30	57	28	28	12	511	1213	18	24	3206	147	0	326	643	13348	22	49	5130	12	104279	76
Streptococcus nidrosiense	157	38	0	0	27	0	0	628	0	0	0	0	152	68	29	0	26	0	0	27	0	0	0	0	0	0	0	0	0	0	0	0	0	0	0	164	0	0	0	0	0	0	0	0	0	0	0	65	0	0	0	0	0	0	0	27	21	37	0
Streptococcus oralis	1977	1386	300	136	765	65	140	1028	42	329	203	83	2318	1785	1312	60	38579	57	0	4569	455	311	227	1808	290	494	152	57	449	101	168	93	91	48	781	462	927	952	222	256	231	72	211	934	269	0	152	1871	316	261	125	408	571	132	37	337	110	3829	0
Streptococcus parapneumoniae	90	0	0	0	0	46	84	0	0	0	43	0	350	296	120	77	1088	0	0	1454	0	0	0	0	107	83	0	0	0	0	0	0	0	0	175	121	0	58	0	0	0	0	0	0	0	0	0	670	0	0	101	83	66	0	0	0	0	157	0
Streptococcus parasanguinis	10121	6416	3198	608	8320	231	1529	53170	183	1054	440	2366	14426	14272	53629	569	25031	150	180	12253	5380	47714	8898	4033	3781	5477	1137	355	1478	1476	4407	893	117	263	2467	61583	974	3842	563	11577	534	291	50	4128	2243	0	66	47135	3124	150	4650	4039	928	220	251	1083	1101	6222	136
Streptococcus parasuis	50	182	207	225	149	244	23	162	0	85	3017	0	56	407	32	0	84	0	0	0	93	0	81	0	0	0	0	60	48	230	0	41	72	0	14	70	37	0	193	0	34	132	0	466	51	0	20	136	0	0	16	76	18	0	26	47	172	85	74
Streptococcus parauberis	166	0	0	0	0	0	0	0	0	0	11	0	50	0	0	0	0	0	0	0	17	17	74	0	0	0	0	261	0	0	0	31	0	0	0	24	26	0	214	20	0	0	0	0	0	0	0	0	72	31	125	92	0	0	21	106	561	1149	17728
Streptococcus pasteurianus	0	1880	1668	2286	1421	1208	246	0	0	0	1067	0	3267	4154	261	1406	423	0	1321	1630	924	6893	17552	5921	1166	256	0	842	0	868	415	0	166	170	0	3042	22297	463	0	1764	214	942	1609	0	348	0	136	603	0	0	3537	359	1315	2750	605	397	0	2296	346
Streptococcus periodonticum	0	0	0	0	0	0	0	0	0	0	0	0	3200	124	218	0	155	0	0	0	0	0	0	0	0	0	0	0	0	0	0	0	0	0	0	0	0	253	0	0	0	0	0	0	0	0	0	0	0	0	0	0	0	0	0	0	0	12931	0
Streptococcus phage YMC-2011	0	41	0	0	0	0	0	0	0	0	0	0	150	0	33	0	0	0	0	0	0	0	0	0	0	0	0	0	0	0	0	0	0	0	0	0	0	0	0	23	0	0	0	0	0	0	0	137	0	0	0	0	0	0	0	0	0	0	0
Streptococcus pluranimalium	0	0	0	0	0	0	0	0	0	0	0	0	0	0	0	0	0	0	0	0	0	0	0	0	0	0	0	0	0	0	0	0	0	0	0	0	0	0	0	0	0	0	0	0	0	0	0	0	0	0	0	0	0	0	0	23	0	0	13
Streptococcus pneumoniae	156	161	0	0	53	37	4060	141	37	0	0	0	985	154	332	76	62	0	157	35	152	2693	220	29	0	56	43	29	138	27	0	0	43	23	74	986	32	0	73	600	60	38	0	42	0	0	107	149	0	114	1081	58	31	24	0	1674	0	70	81
Streptococcus porcinus	0	0	0	0	0	0	0	0	0	0	0	0	71	0	0	15	0	0	0	0	0	0	0	0	0	0	0	0	0	0	0	0	0	0	0	0	0	0	0	0	0	0	0	0	0	0	0	0	0	0	0	0	0	0	0	0	0	0	22
Streptococcus pseudopneumoniae	0	0	0	0	0	0	0	0	0	0	0	0	0	0	145	0	0	0	0	0	0	0	0	50	0	0	0	0	0	0	0	0	0	0	0	0	0	0	0	0	0	42	0	0	0	0	0	0	0	0	0	0	0	0	0	0	0	0	0
Streptococcus pseudoporcinus	0	0	0	0	0	0	0	0	0	0	0	0	0	0	737	0	0	0	0	0	0	0	0	0	0	0	0	0	0	0	0	0	0	0	0	0	0	0	0	0	0	0	0	0	0	0	0	0	0	0	0	0	0	0	0	0	0	0	0
Streptococcus pyogenes	26	0	0	23	29	0	0	227	0	176	0	0	44	0	0	0	0	0	0	0	0	0	34	29	0	0	0	0	0	0	0	123	0	0	0	551	54	0	0	0	0	0	0	0	0	0	0	0	0	0	0	0	0	0	57	0	0	0	0
Streptococcus rubneri	1574	455	458	0	666	0	0	48	80	0	0	0	636	170	177	0	190	391	0	65	0	61	0	70	0	118	202	89	0	0	0	0	0	0	0	754	173	68	0	0	0	0	0	0	0	0	72	224	0	78	51	100	0	0	0	0	41	0	0
Streptococcus ruminicola	0	0	0	0	0	0	0	0	0	0	0	0	56	0	0	0	0	0	0	0	0	0	0	0	0	0	0	0	138	0	0	0	0	0	0	0	0	0	0	0	0	0	0	0	0	0	0	0	0	0	0	0	0	0	0	0	0	0	0
Streptococcus salivarius	160644	58785	12889	17593	29712	6237	28992	349229	4966	5368	5362	19671	761352	41936	842103	32261	504511	1037	335	1089116	17907	1039971	85111	2725	54407	17381	9647	10689	4083	5548	15626	4747	2404	3082	19587	650235	33699	17502	1492	21886	21925	2295	1356	14893	38095	145	1649	895138	14681	2562	50731	20578	72356	1184	4256	3170	11530	38767	1723
Streptococcus sanguinis	3947	4810	749	195	8124	1005	337	18	0	437	120	0	295	246	267	27	1512	0	0	2108	25	486	24	11613	932	327	1110	1027	218	184	1868	58	0	0	149	46	1111	87	0	131	152	0	65	727	523	0	468	485	630	247	80	425	1512	0	172	27	178	982	111
Streptococcus sobrinus	0	0	0	0	0	28	0	0	0	0	0	0	0	0	0	0	0	0	0	0	0	0	0	0	0	0	0	0	0	0	210	0	0	0	1102	0	0	0	0	0	0	0	0	0	3750	0	0	0	0	0	0	43	0	0	0	0	0	0	0
Streptococcus sp. 11-4097	105	332	0	66	0	0	0	0	0	0	58	0	0	0	0	0	138	0	0	0	0	50	0	0	55	176	0	0	0	0	0	0	0	0	0	409	103	0	0	0	0	51	0	0	0	0	0	41	0	0	0	0	0	0	0	0	0	60	0
Streptococcus sp. 116-D4	0	0	0	0	0	0	0	0	0	0	0	0	0	0	0	0	42	0	0	0	0	0	0	0	0	0	0	0	0	0	0	0	0	0	0	833	0	0	0	0	0	0	0	0	0	0	0	0	0	0	0	0	0	0	0	0	0	0	0
Streptococcus sp. 1643	73	0	0	0	0	0	0	0	0	0	0	0	0	0	0	0	0	0	0	0	0	605	312	0	0	0	0	0	0	0	0	0	0	0	0	358	0	0	0	0	0	0	0	0	0	0	0	0	0	0	0	0	0	0	0	0	0	0	0
Streptococcus sp. A12	11314	1422	331	97	679	21	214	369	488	0	256	25	2223	109	466	274	122	1134	0	32	0	290	140	429	23	152	187	183	0	0	43	153	0	0	92	2824	829	432	0	27	0	158	25	69	100	0	381	979	190	415	292	531	139	0	97	38	184	0	159
Streptococcus sp. CP1998	642	252	350	0	1095	0	0	3312	0	0	57	404	194	727	868	0	1265	0	0	509	0	5919	622	144	85	176	178	0	155	115	328	0	0	0	84	7255	272	163	0	430	94	0	0	385	143	0	0	3704	110	0	233	183	106	56	0	187	72	0	0
Streptococcus sp. D7B5	0	0	0	0	0	0	0	0	0	0	0	0	0	0	0	0	491	0	0	0	0	0	0	0	0	0	0	0	0	0	0	0	0	0	0	0	0	0	0	0	0	0	0	0	0	0	0	0	0	0	0	0	0	0	0	0	0	0	0
Streptococcus sp. DTU_2020_1000888_1_SI_GRL_NUU_041A	324	0	0	0	0	0	0	0	0	0	0	0	0	0	0	0	0	0	0	0	0	0	0	0	0	0	0	0	0	0	0	0	0	0	0	0	0	0	0	0	0	0	0	0	0	0	0	0	0	0	0	0	0	0	0	0	0	4143	0
Streptococcus sp. DTU_2020_1001019_1_SI_AUS_MUR_006	73	35	20	0	49	0	0	22	0	0	0	0	19	27	0	0	0	0	0	0	0	0	0	0	0	0	0	0	0	0	0	0	0	0	0	105	0	0	0	0	0	0	0	29	0	0	0	43	0	0	0	0	0	0	0	0	0	58	0
Streptococcus sp. FDAARGOS_192	4744	732	243	0	963	0	430	2097	0	0	0	741	8268	441	33994	1726	1215	0	0	994	228	30932	3813	132	1324	183	0	208	0	276	155	318	211	150	208	15433	1055	0	0	717	143	0	131	134	428	0	0	1606	542	0	1074	399	2491	0	144	410	339	0	0
Streptococcus sp. FSL K6-1323	51308	855	325	1133	1288	359	422	20863	0	0	0	1239	29474	0	22497	2755	486	0	0	6353	1585	26286	3815	0	1197	902	0	264	0	0	1887	0	0	0	0	92937	3990	2475	0	854	0	369	0	3570	1235	0	0	52763	658	0	575	1015	354	0	834	984	0	0	0
Streptococcus sp. FSL R7-0248	899	806	418	151	789	176	360	919	277	0	198	672	71286	2006	143040	394	1947	0	0	15712	0	49260	6378	0	1731	0	0	156	0	0	1214	0	0	0	293	6059	621	335	0	509	263	0	0	1750	252	0	0	6723	0	0	555	485	869	0	240	0	754	832	0
Streptococcus sp. FSL W7-1342	0	1316	0	436	984	0	413	11815	0	0	0	1168	34170	0	3730	819	1339	0	0	19777	467	38060	7727	0	2022	711	0	0	0	0	1553	0	0	0	540	23092	889	652	0	821	0	0	0	1143	1650	0	0	53273	537	0	2975	1625	1157	0	0	0	0	0	0
Streptococcus sp. FSL W8-0197	0	0	0	0	0	0	0	0	0	0	0	0	827	0	0	0	498	0	0	0	0	0	0	0	0	0	0	0	0	0	0	0	0	0	0	0	0	0	0	0	0	0	0	0	0	0	0	0	0	0	0	0	0	0	0	0	0	0	0
Streptococcus sp. HJ1	0	0	0	0	0	0	0	0	0	0	0	0	0	0	0	0	0	0	0	0	0	0	0	0	0	0	0	0	0	0	0	0	0	0	0	142	0	0	0	0	0	0	0	0	0	0	0	0	0	0	0	0	0	0	0	0	0	0	0
Streptococcus sp. HSISS2	190	0	0	0	0	0	0	88	0	0	0	0	774	283	345	0	75	0	0	2660	0	2183	91	0	128	0	0	0	0	0	0	0	0	0	89	131	0	0	0	0	0	0	0	0	0	0	0	4057	100	0	0	0	308	0	0	0	0	0	0
Streptococcus sp. HSISS3	673	176	0	0	154	56	210	1338	110	0	0	148	1891	291	3267	0	620	0	0	1970	103	8161	173	0	193	0	0	0	0	0	0	0	0	0	154	825	181	138	0	0	118	0	0	0	412	0	0	173	63	0	124	0	219	0	0	0	0	0	0
Streptococcus sp. K0074	52	68	0	0	0	0	0	0	0	0	0	0	0	0	0	0	0	0	0	0	0	0	0	0	0	79	0	0	0	0	0	0	0	0	53	463	0	0	0	0	0	0	41	48	0	0	0	0	0	0	0	0	0	0	0	0	0	0	0
Streptococcus sp. KHUD_010	0	0	0	0	0	0	0	0	0	0	0	0	1711	0	0	0	0	0	0	0	0	0	0	0	0	0	0	0	0	0	0	0	0	0	0	0	0	0	0	6912	0	0	0	0	0	0	0	0	0	0	0	0	0	0	0	0	0	122203	0
Streptococcus sp. KHUD_011	0	61	0	0	0	0	0	0	0	0	0	0	0	0	87	0	0	0	0	47	0	0	0	0	0	261	0	0	0	0	0	0	0	0	96	785	0	0	0	0	0	0	0	58	0	0	57	48	0	0	48	0	49	0	0	0	0	0	0
Streptococcus sp. KHUD_012	1424	458	716	80	1478	0	84	9614	0	191	93	488	422	2045	2278	0	5769	0	39	1938	291	9048	2115	938	808	278	379	0	332	173	579	171	0	70	359	7868	0	208	222	1619	113	0	0	574	264	0	0	5441	201	0	459	266	168	58	0	262	0	129	0
Streptococcus sp. KHUD_013	8289	2415	1133	100	3792	0	271	719	1209	0	385	69	3030	544	6724	521	2408	871	0	1324	0	220	130	724	61	264	523	178	73	52	203	112	0	0	0	5900	1454	181	0	153	0	438	0	214	111	0	474	1510	47	967	520	634	47	0	158	124	689	0	248
Streptococcus sp. KHUD_014	117	56	0	0	76	0	0	0	0	0	35	0	39	0	14	0	0	0	0	0	0	26	0	0	0	33	22	0	0	0	0	0	0	0	0	41	0	0	0	0	0	23	0	31	0	0	0	48	0	32	0	0	0	0	0	0	0	0	0
Streptococcus sp. KHUD_015	408	272	0	0	32	0	0	74	0	0	0	0	0	0	0	0	0	0	0	0	0	0	0	0	0	57	0	0	0	0	0	0	0	0	22	31	0	0	0	0	0	0	0	94	0	0	0	0	0	35	0	0	0	0	0	0	0	0	0
Streptococcus sp. KHUD_016	0	0	0	0	0	0	0	0	0	0	0	0	430	0	0	0	0	0	0	0	0	0	0	0	0	0	0	0	0	0	0	0	0	0	0	0	0	0	0	0	0	0	0	0	0	0	0	0	0	0	0	0	0	0	0	0	0	0	0
Streptococcus sp. KS 6	0	0	0	0	0	0	0	0	0	0	0	0	0	0	0	0	0	0	0	0	0	0	0	884	0	0	0	0	0	0	550	0	0	0	404	0	0	472	0	778	0	0	0	0	0	0	0	0	0	0	0	0	0	0	0	0	0	379011	0
Streptococcus sp. LPB0220	1222	316	376	93	1101	46	94	14281	0	203	62	767	390	1790	2037	66	5139	0	119	2908	361	9767	1411	524	839	176	250	0	409	137	743	93	0	35	284	6622	134	174	0	2161	125	50	0	774	351	0	0	4565	176	0	426	202	380	0	0	365	86	622	0
Streptococcus sp. Marseille-Q3533	552	141	290	0	321	0	22	20	67	31	111	0	249	26	0	18	51	0	0	21	0	33	37	72	0	122	57	23	62	31	0	0	0	0	0	124	992	109	0	18	16	286	0	149	21	0	128	191	35	355	24	152	0	0	0	45	0	0	35
Streptococcus sp. NPS 308	0	58	0	0	0	0	0	34	0	0	0	0	50	35	0	0	50	0	0	321	0	0	0	0	0	0	0	0	0	0	0	0	0	0	0	50	0	0	0	0	0	0	0	0	0	0	0	0	0	0	0	37	0	0	0	0	0	0	0
Streptococcus sp. NSJ-72	0	0	0	0	0	0	0	0	0	0	0	0	0	0	0	0	131	0	0	0	0	0	0	0	0	0	0	0	0	0	0	0	0	0	0	0	0	438	0	0	0	0	0	0	0	0	0	0	0	0	0	0	0	0	0	0	0	607	0
Streptococcus sp. oral taxon 061	673	330	101	26	465	0	0	426	83	75	144	30	365	42	22	0	62	0	0	45	0	172	121	137	20	178	101	39	71	50	42	21	0	0	0	224	44	47	64	0	38	56	0	320	39	0	63	318	109	153	24	132	0	39	0	158	62	0	31
Streptococcus sp. oral taxon 431	119	107	0	0	77	0	0	0	0	0	0	0	34	72	0	0	0	0	0	0	0	0	0	0	0	0	0	0	0	0	0	0	0	0	23	80	0	0	0	0	0	0	0	0	0	0	0	48	0	0	0	40	0	0	0	0	0	57	0
Streptococcus sp. SN-1	219	59	0	0	0	50	0	248	0	0	0	0	0	0	48	0	34	0	0	0	0	35	0	0	0	0	0	0	0	0	0	0	0	0	31	210	0	0	0	0	0	0	111	0	0	0	0	0	0	59	0	0	0	0	0	0	0	0	0
Streptococcus sp. ZY1909104	0	0	0	0	0	0	0	396	0	0	0	0	77	0	0	0	0	0	0	0	0	0	0	0	0	0	0	0	0	0	0	0	0	0	0	0	0	0	0	0	0	0	0	0	0	0	0	0	0	0	0	0	0	0	0	0	0	0	0
Streptococcus sp. ZY19097	0	0	0	0	0	0	0	0	0	0	0	0	37	0	0	0	0	0	0	0	0	0	0	0	0	0	0	0	0	0	0	0	0	0	0	0	0	0	0	0	0	0	0	0	0	0	0	0	0	0	0	0	0	0	0	0	0	0	0
Streptococcus suis	271	277	522	579	183	147	276	347	652	82	2497	0	2732	485	65	224	67	0	53	1984	271	67	157	0	1188	167	0	414	328	89	0	1842	140	55	0	34	814	203	797	2619	398	341	1402	78	253	0	28	115	590	1032	539	10390	117	113	17	1076	138	15308	645
Streptococcus thermophilus	3849	50604	1823	465	33708	1621	228	2288	4312	3184	62470	196	16845	312	2455	227269	4544	294	2649	5672	26778	2897	17157	190	7306	315	13600	15010	4845	5931	306	1105	105	301	250460	10214	560	1386	78	58059	153	59	1171	120150	13150	463	65651	27549	68184	27987	49550	18925	1884	785	21905	489	21136	69242	1332
Streptococcus toyakuensis	0	0	0	0	43	0	0	0	0	0	0	0	0	0	0	0	0	0	0	0	0	107	0	0	0	69	0	0	0	0	0	0	0	72	65	447	0	0	0	0	0	0	0	0	0	0	0	0	0	0	0	0	65	0	0	0	0	0	0
Streptococcus troglodytae	0	0	0	0	0	0	0	0	0	0	0	0	0	0	0	0	131	0	0	0	0	0	0	0	0	0	0	0	0	0	0	0	0	0	0	0	0	0	0	0	0	0	0	0	0	0	0	0	0	0	0	0	0	0	0	0	0	50	0
Streptococcus uberis	52	0	0	0	0	0	0	0	0	0	0	0	0	0	0	12	0	0	0	0	0	0	0	0	0	0	0	0	0	0	0	0	0	0	0	0	0	0	0	0	0	0	0	0	0	0	0	13	0	0	0	0	0	0	0	0	0	0	0
Streptococcus vestibularis	534	2913	3520	763	2419	358	2207	242073	138	272	112	1997	14247	158	45985	2459	117	0	425	4783	1988	78880	8704	0	1876	1573	22	90	119	40	1893	58	0	0	26	154	592	46	0	32	337	32	0	395	339	0	18	22300	1280	19	60	671	6339	0	1814	210	27	0	0
Streptomyces sp. NBC_01261	0	0	0	302	0	0	0	0	0	0	0	0	0	0	0	0	0	0	0	0	0	0	0	0	0	0	0	0	0	0	0	0	0	0	0	0	0	0	0	0	0	0	0	0	0	0	0	0	0	0	0	0	0	0	0	0	0	0	0
Subdoligranulum variabile	36041	6536	14167	5230	5310	4640	4376	218	2809	1525	1215	279	7106	1575	2262	1476	23	0	957	1497	1592	857	1448	755	1193	408	501	9452	2018	1728	722	1873	2646	2343	74	3660	1879	2819	991	1593	1638	2457	2530	1406	7449	157	10234	2032	2450	3351	1332	1371	2982	1625	1707	1941	740	1755	2792
Sugarlandvirus sugarland	0	0	0	0	0	0	0	0	0	0	0	0	0	0	384	0	0	0	0	0	0	0	0	0	0	0	0	0	0	0	0	0	0	0	0	0	0	0	0	0	0	0	0	0	0	0	0	0	0	0	0	0	0	0	0	0	0	0	0
Sutterella faecalis	0	0	47	0	0	0	0	0	0	0	35	44	0	0	0	11	0	0	0	0	0	0	0	0	0	0	0	0	0	0	0	0	0	0	0	0	217	0	0	506	0	632	0	0	0	0	0	0	0	0	0	0	0	0	45	0	0	0	0
Sutterella megalosphaeroides	0	0	0	0	0	0	0	0	0	0	316	347	0	0	0	0	0	0	0	0	0	0	0	0	0	0	0	0	0	0	0	0	0	0	0	24	0	0	0	0	0	0	0	0	0	0	0	0	0	0	0	0	11	0	190	0	0	0	0
Sutterella wadsworthensis	210	141	126799	182960	370	570	1187	92518	142	159	8115	1460	191	539	280	4761	52	56	2127	48	15	669	4937	52877	0	72	12547	23	55716	10573	147123	37	337	56	8712	1112	47323	38	62	53797	9701	68544	891	78	20	0	700	0	0	10	0	22	239	0	261	99	7538	4966	10
Syntrophobacter fumaroxidans	0	0	48	0	0	0	0	0	0	0	0	0	0	0	0	0	0	0	0	0	0	0	0	0	0	0	0	0	0	0	0	0	0	0	0	0	0	0	61	0	0	0	0	0	0	0	0	0	0	0	0	0	0	0	0	0	0	0	0
Taipeivirus IME250	0	0	0	0	0	0	0	0	0	0	0	0	0	0	0	0	0	0	0	0	0	0	0	0	0	0	0	0	0	0	0	0	0	0	0	0	0	115	0	0	0	0	0	0	0	0	0	0	0	0	0	0	0	0	0	0	0	0	0
Taranisvirus taranis	733	6837	126	868	1096	0	191	0	0	0	972	88	0	51	164	0	0	0	0	0	73	401	0	2565	0	399	0	633	90	0	0	498	0	59	477	288	0	84	703	0	19	23	60	0	263	0	4006	136	0	0	0	590	156	89	1125	0	88	0	0
Tatumella ptyseos	0	0	0	0	0	0	0	0	0	0	0	0	0	0	0	0	0	0	0	0	0	0	0	0	0	0	0	0	0	0	0	0	0	0	0	0	20	0	0	0	0	0	0	0	0	0	0	0	0	0	0	0	0	0	0	0	0	0	0
Terrisporobacter vanillatitrophus	0	0	0	0	0	0	930	0	0	0	1575	0	0	2644	0	0	0	0	0	0	0	0	0	0	0	0	0	0	0	0	0	0	0	0	0	0	0	0	0	0	0	0	0	0	0	0	0	0	0	0	0	0	0	0	0	0	0	0	0
Tetragenococcus halophilus	0	0	0	0	0	162	0	0	0	0	0	0	0	0	0	0	0	0	0	0	0	0	0	0	0	0	0	0	0	0	0	0	0	0	0	0	0	0	0	0	0	0	0	0	0	0	321	0	0	0	0	0	0	0	0	0	0	0	0
Tetragenococcus koreensis	0	0	0	0	0	0	0	0	0	0	0	0	0	0	0	0	0	0	0	0	0	0	0	0	0	0	0	0	0	0	0	0	0	0	0	0	0	0	0	0	0	0	0	0	29	0	0	0	0	0	0	0	35	0	0	0	0	0	0
Thermochromatium tepidum	0	0	0	0	0	0	0	0	0	0	0	0	0	0	0	0	0	0	0	0	0	0	0	0	0	0	0	0	0	0	0	0	0	0	0	0	0	0	0	0	16	0	0	0	0	0	0	0	0	0	0	0	0	0	0	0	0	0	0
Thermophilibacter immobilis	0	233	0	0	0	0	0	0	0	0	0	0	0	0	0	112	0	0	0	0	0	0	0	0	0	0	0	0	0	0	0	0	0	0	0	0	0	0	0	0	0	0	0	0	42	0	0	0	0	0	0	0	0	0	0	0	0	0	0
Thermophilibacter mediterraneus	1534	27878	0	17	19	43	0	0	311	217	0	0	0	23	348	404	0	0	29	0	0	0	0	15	0	0	0	98	658	4506	0	0	0	228	0	21	0	173	13	0	0	62	0	0	0	0	0	133	0	0	50	0	0	113	0	36	0	0	0
Thomasclavelia ramosa	7715	742	902	155	275	2104	1516	10476	4087	1493	778	18235	178	764	175	57	16854	1021	267	3466	5049	4199	200896	300	101	1105	5345	171	114	322	525	177	10343	951	46481	99	49655	164	821	1122	97	1172	372	82838	716	41786	3012	1090	6508	11625	101	1432	529	249	176	101	93	145	187517
Thomasclavelia spiroformis	0	31	1302	0	0	0	0	2571	10	440	2193	0	11	0	0	0	0	0	0	0	0	45	15	0	0	162	24	0	0	279	0	1247	186	0	0	0	41	0	15	0	0	20	0	336	0	1287	110	0	335	0	0	0	0	0	578	0	255	0	0
Tissierella carlieri	0	0	0	0	0	0	0	0	77	0	0	0	0	0	0	0	0	0	0	0	0	0	0	0	0	0	0	0	0	0	0	0	0	0	0	0	0	0	0	0	0	0	0	0	0	0	0	0	0	0	0	0	0	0	0	0	0	0	0
Toutatisvirus toutatis	106	11082	6443	97	0	0	100	134	0	927	656	0	1009	854	1226	0	101	0	0	0	3679	1628	0	0	379	1005	0	117	2524	0	0	0	211	10260	0	0	0	0	5195	0	40	0	0	0	85	0	0	0	0	0	1489	1808	283	3027	0	0	317	0	0
Treponema denticola	881	1481	929	587	0	182	0	0	0	0	838	0	473	118	36	0	0	0	82	0	0	0	149	0	103	0	0	398	0	138	249	0	0	0	0	0	31	51	0	0	0	111	0	2212	626	0	270	0	0	0	27	0	0	0	0	0	150	178	0
Treponema pedis	0	0	0	0	0	85	0	0	0	0	0	0	0	0	0	0	0	0	0	0	0	0	0	0	0	0	0	0	0	0	0	0	0	0	0	0	0	0	0	0	0	0	0	0	0	0	0	0	0	0	0	0	0	0	0	0	0	0	0
Treponema peruense	0	58	0	0	0	23	0	0	0	0	25	0	0	0	0	13	0	0	0	0	0	0	14	0	0	0	0	0	0	0	0	0	0	0	0	0	0	0	0	0	32	0	0	0	0	0	0	0	0	0	12	0	0	0	0	0	22	0	0
Treponema phagedenis	0	0	0	0	0	0	0	0	0	30	0	0	0	0	0	0	0	0	0	0	0	0	20	0	0	0	0	0	0	0	0	0	0	0	0	0	0	0	0	0	0	0	0	0	0	0	40	0	0	0	0	0	0	0	0	0	0	0	0
Treponema putidum	236	0	92	0	0	0	0	0	0	0	0	0	147	23	0	0	0	0	0	0	0	0	46	0	68	0	0	133	0	0	56	0	0	0	0	0	0	18	0	0	0	0	0	391	0	0	58	0	0	0	17	0	0	0	0	0	0	41	0
Treponema socranskii	0	0	0	0	0	0	0	0	0	0	0	0	0	0	0	0	0	30	0	0	0	0	0	0	0	0	0	0	0	0	0	0	0	0	0	0	0	0	0	0	0	0	0	0	0	0	0	0	0	0	0	0	0	0	0	0	0	0	0
Trueperella bernardiae	0	0	0	0	0	0	0	167	0	0	0	0	0	0	0	0	0	0	0	0	0	0	0	0	0	0	0	0	0	0	0	0	0	0	0	0	0	0	0	0	0	0	0	0	0	0	0	0	0	0	0	0	0	0	0	0	0	0	0
Trueperella pyogenes	0	0	0	0	45	173	23	0	67	0	0	0	54	0	0	57	0	0	12	0	0	0	13	0	24	12	0	0	0	0	0	0	0	20	0	12	0	57	0	0	32	0	0	0	58	0	0	0	0	0	40	14	0	26	0	40	0	0	22
Turicibacter bilis	4300	24591	336	1067	862	570	480	65	208	214	57223	75	31715	24102	92	38	0	0	459	67	0	28	0	62	92	312	308	8747	1439	113	1321	3831	0	15813	0	0	0	1170	59	54	376	1113	22	1680	4942	0	142	111	734	33	11254	335	176	0	60	346	8410	0	26
Turicibacter sanguinis	36	1242	182	98	166	7956	13557	11	21	23	350	59	13056	3668	358	10	0	0	358	14	3426	0	165	140	0	13	71	1053	134	10	13	2965	0	25294	0	14	0	1512	0	58	0	11457	0	0	11297	0	30	116	94	0	56	16	55	0	1509	17384	316	10	10
Turicibacter sp. H121	1225	5295	0	0	70	76	0	0	0	0	15687	0	7225	5192	0	0	0	0	114	0	0	0	0	0	0	0	0	699	207	0	462	1026	0	3706	0	0	49	0	0	0	88	218	0	471	1172	0	0	0	143	0	2877	117	0	0	0	135	1811	26	0
Turicibacter sp. KK003	0	133	0	0	0	0	0	0	0	0	97	0	0	111	0	0	0	0	0	0	0	0	0	0	0	0	0	0	0	0	0	0	0	0	0	0	0	168	0	0	0	0	0	0	0	0	0	0	0	0	0	0	0	0	0	0	0	0	0
Turicibacter sp. TJ11	18	84	18	97	15	0	0	0	0	23	273	0	39	0	0	0	0	0	0	0	0	0	0	0	17	0	22	2406	18	0	0	85	0	16	0	0	0	17	0	21	38	0	0	36	41	0	0	0	0	0	0	0	0	0	0	0	0	0	0
Turicimonas muris	32	81	0	83	373	0	0	0	689	395	0	0	565	155	349	0	291	15	0	0	41	0	10	14	70	116	0	0	0	0	20	857	0	0	0	0	0	0	369	15	0	79	0	0	20	557	0	0	0	0	0	0	0	30	132	0	0	66	0
uncultured Alistipes sp.	1418	926	2027	29234	2290	271	339	956	341	873	637	450	1207	749	3357	34	43	14	850	366	845	385	29	2562	1305	90	46	897	1455	909	845	236	124	979	115	111	639	305	856	727	747	94	455	0	1143	556	98	1044	0	203	2184	28	373	6778	116	94555	173	387	1072
uncultured Mailhella sp.	323	0	137	71	22	21	0	0	516	0	19	0	0	56	137	10	32	0	104	71	0	0	0	125	10	25	0	43	0	49	0	15	33	28	0	0	263	0	227	27	68	43	91	0	0	0	0	0	0	50	0	19	0	183	64	0	0	0	0
uncultured Subdoligranulum sp.	2984	6128	10489	1256	3116	3261	6678	13	3049	494	986	52	3821	2558	4764	1046	0	0	611	874	343	805	491	207	429	219	808	3814	711	2327	422	1333	2144	1736	0	443	127	2325	1593	434	3220	2304	729	30	5838	76	11742	3627	71	223	674	558	413	336	1013	497	871	645	1185
Vaginimicrobium propionicum	0	23	36	27	0	18	24	0	12	15	0	0	0	26	0	20	20	0	0	0	0	84	0	24	0	30	0	0	0	11	0	0	0	0	0	0	0	28	0	10	0	0	16	146	0	0	0	0	0	12	0	0	0	0	0	0	0	0	0
Vagococcus fluvialis	0	0	0	0	0	0	0	0	0	0	0	0	28	0	0	0	0	0	0	0	0	0	0	0	0	0	0	0	0	0	0	0	0	0	0	0	0	0	0	0	0	0	0	0	0	0	0	0	0	0	0	0	0	0	0	0	0	0	0
Vagococcus lutrae	0	0	0	0	0	0	0	0	0	0	0	0	0	0	0	40	0	0	0	0	0	0	0	0	0	0	0	0	0	0	0	0	0	0	0	0	0	0	0	0	0	0	0	0	0	0	0	0	0	0	0	0	0	0	0	0	0	0	0
Vagococcus teuberi	0	0	0	0	0	0	0	0	0	0	0	0	0	0	0	0	0	0	0	0	0	0	0	0	0	0	0	0	0	0	0	0	0	0	0	15	0	0	0	0	0	0	0	0	0	0	0	0	0	0	0	0	0	0	0	0	0	0	0
Vansinderenvirus 5093	0	0	0	0	0	0	0	0	0	0	0	0	0	0	72	0	0	0	0	0	0	0	0	0	0	0	0	0	0	0	0	0	0	0	0	0	0	0	0	0	0	0	0	0	0	0	0	0	0	0	0	0	0	0	0	0	0	0	0
Vansinderenvirus P0095	0	0	0	0	0	0	0	0	0	0	0	0	0	0	241	0	0	0	0	0	0	0	0	0	0	0	0	0	0	0	0	0	0	0	0	0	0	0	0	0	0	0	0	0	0	0	0	0	0	0	0	0	0	0	0	0	0	0	0
Varibaculum prostatecancerukia	0	0	0	0	0	0	0	0	0	0	0	0	0	0	0	14	0	0	0	0	0	0	0	0	0	0	0	0	0	0	0	0	0	0	0	0	0	0	0	0	0	0	0	0	0	0	0	0	0	0	0	0	0	0	0	0	0	0	0
Vectrevirus AAPEc6	0	0	0	0	0	0	0	0	0	0	0	0	0	0	0	0	0	0	0	0	0	0	198	0	0	0	0	0	0	0	0	0	0	0	0	0	0	0	0	0	0	0	0	0	0	0	0	0	0	0	0	0	0	0	0	0	0	0	0
Vectrevirus ACGC91	0	0	0	0	0	0	0	0	0	0	0	0	0	0	0	0	0	0	0	0	0	0	0	0	0	0	0	0	0	0	0	0	0	0	0	0	0	0	0	0	0	0	0	0	0	0	0	0	0	0	0	1963	0	0	0	0	0	0	0
Vectrevirus K15	0	0	0	0	0	0	0	0	0	0	0	0	0	0	0	0	0	0	0	0	0	0	2640	0	0	0	0	0	0	0	0	0	0	0	0	0	0	0	0	0	0	0	0	0	0	0	0	0	0	0	0	0	0	0	0	0	0	0	0
Vectrevirus VEc3	0	0	0	0	0	0	0	0	0	0	0	0	0	0	0	0	0	0	0	1816	0	0	548	0	0	0	0	0	0	0	0	0	0	0	0	0	0	0	0	0	0	0	0	0	0	0	0	0	0	0	0	0	0	0	0	0	0	0	0
Veillonella atypica	91	152	153	71	236	87	6463	3790	38	56	228	70483	46	2849	5337	0	29963	25	0	0	10	18704	74	91	19	863	41	0	33	224	1674	76	21	83	21184	386	3104	5562	168	116	4630	74	17	2178	31	72	0	6515	1652	49	26	300	135	0	81	322	128	10373	76
Veillonella dispar	0	579	276	0	465	23	480	113	0	56	65	3289	0	248	487	0	843	0	0	0	0	117	0	0	92	1067	65	0	23	253	217	0	0	0	761	0	759	200	83	0	2940	0	0	1235	107	0	0	1404	228	28	0	0	0	0	29	352	83	309	0
Veillonella nakazawae	0	2068	661	0	1398	41	3473	904	0	0	175	16228	0	528	1823	0	920	0	0	0	0	492	0	0	92	2706	393	0	177	464	438	0	0	0	2900	182	6133	1347	656	138	12351	0	0	6528	281	0	0	5509	1396	136	0	109	63	0	141	1123	352	767	0
Veillonella orientalis	0	686	191	0	565	30	1816	332	0	0	39	4971	0	190	502	0	489	0	0	0	0	224	0	0	0	1204	98	0	41	158	193	0	0	0	800	46	1707	410	167	0	4679	0	0	1672	141	0	0	2261	431	43	0	33	0	0	0	376	94	392	0
Veillonella parvula	230	20379	400	83	538	156	18123	105	34	63	4091	735	460	19544	6622	0	137244	1362	22	79	276	145	51	3367	253	2714	547	0	218	772	23772	122	419	680	35156	82	4714	13719	298	511	10434	29	137	50598	187	0	220	10171	5623	1641	167	1453	6179	0	35	15095	411	27972	54
Veillonella rodentium	0	24	0	0	0	0	63	114	0	0	0	0	0	13	24	0	67	0	0	0	0	14	0	0	0	0	0	14	0	0	50	0	0	0	38	0	0	0	0	0	14	0	0	76	0	0	0	30	10	0	0	0	0	0	0	46	0	13	0
Veillonella rogosae	168	34667	1989	65	2255	57	1843	117	45	0	1203	1558	223	7660	335	0	1299	0	0	0	0	189	0	33	18	721	1380	27	43	144	527	35	0	0	538	130	3283	4278	76	17	5139	179	0	8494	46	0	284	1422	574	2550	0	987	22	0	306	228	937	180	460
Veillonella sp. OK1	0	0	0	0	0	0	82	0	0	0	0	0	0	28	0	0	0	0	0	0	0	48	0	0	0	0	0	0	0	0	0	0	0	0	0	0	0	0	0	0	0	0	0	0	0	0	0	0	0	0	0	0	0	0	0	0	0	0	0
Vescimonas coprocola	58987	26638	34753	2578	16886	29668	180526	54573	549676	8552	6713	444	4848	37755	17431	22740	188	355	20574	13290	103261	17835	73996	10762	2960	638	840	4336	10305	26720	52608	1268	8124	31204	147	3670	1325	4034	10639	70003	41018	30802	19214	403	11131	551	47578	7244	384	726	38986	17667	12592	22417	3715	18426	4108	11402	4421
Vescimonas fastidiosa	3842	5035	5228	804	5248	17422	4411	1398	17409	1110	650	117	1701	2667	5259	13950	412	99	13600	808	26118	1366	4084	1992	1302	127	160	1497	3635	780	972	172	1301	2206	23	355	478	3821	5535	10813	29591	7237	9076	314	4708	33	1514	2795	25	390	1352	12021	6750	14039	5341	13868	2515	4657	8695
Vibrio anguillarum	0	0	0	0	0	0	0	0	0	0	0	0	0	0	0	0	0	31	0	0	0	0	0	0	0	0	0	0	0	0	0	0	0	0	0	0	0	0	0	0	0	0	0	0	0	0	0	0	0	0	0	0	0	0	0	0	0	0	0
Vibrio coralliilyticus	0	0	0	0	0	0	0	0	0	0	0	0	0	0	0	0	0	0	0	0	0	0	0	0	0	0	0	0	0	0	0	0	0	0	0	0	0	0	0	0	0	0	0	0	0	0	0	0	0	0	0	0	0	0	0	0	0	15	0
Wansuia hejianensis	20512	544	339	648	844	7622	1283	4262	2273	485	478	18	6325	834	1368	1840	138	37	1040	2012	8787	1209	3743	179	1499	1104	691	5329	1443	356	1127	323	666	4699	1990	479	44	1327	1575	940	256	825	939	141	1955	422	487	1140	1220	9801	1192	713	347	255	499	3663	236	3931	523
Webervirus KOX1	0	0	0	0	0	0	0	0	0	0	0	0	0	0	0	5524	0	0	0	0	0	0	0	0	0	0	0	0	0	0	0	0	0	0	0	0	0	0	0	0	0	0	0	0	0	0	0	0	0	0	0	0	0	0	0	0	0	0	0
Webervirus KP36	0	0	0	0	0	0	0	0	0	0	0	0	0	0	0	1430	0	0	0	0	0	0	0	0	0	0	0	0	0	0	0	0	0	0	0	0	0	0	0	0	0	0	0	0	0	0	0	0	0	0	0	0	0	0	0	0	0	0	0
Webervirus KpCol1	0	0	0	0	0	0	0	0	0	0	0	0	0	0	0	896	0	0	0	0	0	0	0	0	0	0	0	0	0	0	0	0	0	0	0	0	0	0	0	0	0	0	0	0	0	0	0	0	0	0	0	0	0	0	0	0	0	0	0
Webervirus KpNIH2	0	0	0	0	0	0	0	0	0	0	0	0	0	0	0	1766	0	0	0	0	0	0	0	0	0	0	0	0	0	0	0	0	0	0	0	0	0	0	0	0	0	0	0	0	0	0	0	0	0	0	0	0	0	0	0	0	0	0	0
Webervirus KpV522	0	0	0	0	0	0	0	0	0	0	0	0	0	0	0	956	0	0	0	0	0	0	0	0	0	0	0	0	0	0	0	0	0	0	0	0	0	0	0	0	0	0	0	0	0	0	0	0	0	0	0	0	0	0	0	0	0	0	0
Webervirus wv1513	0	0	0	0	0	0	0	0	0	0	0	0	0	0	0	2422	0	0	0	0	0	0	0	0	0	0	0	0	0	0	0	0	0	0	0	0	0	0	0	0	0	0	0	0	0	0	0	0	0	0	0	0	0	0	0	0	0	0	0
Weissella cibaria	0	601	0	0	0	0	0	0	0	147	0	0	34	0	426	0	0	0	0	0	0	0	0	0	0	0	47	2614	0	0	0	0	0	0	0	0	0	316	0	0	0	0	0	3300	2301	0	0	0	331	438	0	0	13	0	76	0	44	16	0
Weissella confusa	42	29	34	28	46	29	18	17	15	13	47	25	29	12	52178	0	0	0	0	0	0	0	0	0	0	19	0	21	0	0	0	0	0	0	0	0	39	17264	0	45	0	0	0	0	0	0	0	0	0	0	0	0	13	0	0	0	0	0	0
Weissella koreensis	0	0	0	0	0	0	0	0	0	0	0	0	0	0	0	0	0	0	0	0	0	78	62	0	0	0	0	0	0	0	0	0	0	0	0	0	0	0	0	0	0	0	0	0	0	0	0	0	0	0	0	0	0	0	0	0	0	0	0
Weissella paramesenteroides	0	0	0	0	0	0	0	0	0	0	0	0	0	0	0	0	0	0	0	0	0	0	0	0	0	0	0	30	0	0	0	0	0	0	0	10	0	0	0	0	0	0	0	0	0	0	0	0	0	0	0	0	0	0	0	0	0	0	0
Weissella sagaensis	0	0	0	0	0	0	0	0	0	0	0	0	0	0	0	0	0	0	0	0	0	0	0	0	0	76	0	26	0	0	0	0	0	0	0	0	0	0	0	0	0	0	0	0	0	0	0	0	0	0	0	0	0	0	0	0	0	0	0
Weissella soli	0	0	0	0	0	0	0	0	0	0	0	0	0	0	0	0	0	0	0	0	0	0	0	0	0	0	0	0	0	0	0	0	0	0	0	0	0	61	0	0	0	0	0	0	0	0	0	0	0	0	0	0	0	0	0	0	0	0	0
Weissella viridescens	0	0	0	0	0	0	0	0	0	0	0	0	0	12	0	0	0	0	0	0	0	0	0	0	0	0	0	48	0	0	65	11	0	0	0	0	0	0	0	0	0	0	22	25	418	0	0	0	0	0	0	0	0	0	0	0	0	0	0
Winkia neuii	0	0	37	0	0	0	0	0	0	0	33	0	0	0	0	0	0	0	0	0	0	0	0	0	0	0	0	0	0	0	0	0	0	0	0	0	0	0	0	0	0	0	0	0	0	0	0	0	0	0	0	0	0	0	0	0	0	0	0
Wujia chipingensis	1034	2426	4381	2862	2431	1363	2042	902	769	2121	4618	776	974	1979831	893	4578	241	761	12317	363	136	2181	481	1542	1308	739	1196	5144	3637	548	1128	721	1740	4421	145	115	809	3577	848	647	69160	1924	601426	245	506	2009	1223	428	953	403	146126	729971	369625	274586	122089	93761	244495	386154	2711
Xiamenia xianingshaonis	0	0	0	0	0	0	0	0	0	0	0	0	0	0	0	0	0	0	0	0	0	0	0	0	0	0	0	13	0	0	0	0	0	0	0	0	0	0	0	0	0	0	0	0	0	0	0	0	0	0	0	0	0	0	0	0	0	0	0
Yersinia intermedia	0	0	0	0	0	0	0	0	0	0	0	0	0	0	0	0	0	0	0	0	0	0	0	0	0	0	0	0	0	0	0	0	0	0	0	0	0	0	0	0	0	0	0	0	0	0	0	0	0	0	0	0	0	0	0	0	0	0	928
Yersinia kristensenii	0	0	0	0	0	0	0	0	0	0	0	0	0	0	0	0	0	0	0	43	0	0	0	0	0	0	0	0	0	0	0	0	0	0	0	0	0	0	0	0	0	0	0	0	0	0	0	0	0	0	0	0	0	0	0	0	0	0	0
Yersinia massiliensis	0	0	0	0	0	0	0	0	0	0	0	0	0	0	0	0	0	0	0	0	0	0	0	0	0	0	0	0	0	0	0	0	0	0	0	0	0	0	0	0	0	0	0	0	0	0	0	0	0	0	0	0	0	0	0	0	0	0	12
Yersinia ruckeri	0	0	0	0	0	0	0	0	0	0	0	0	161	0	0	0	0	0	0	0	0	0	0	0	0	0	0	0	0	0	0	0	0	0	0	0	0	0	0	0	0	0	0	0	0	0	0	0	0	0	0	0	0	0	0	0	0	0	0
Zindervirus BP12B	0	0	0	0	0	0	0	0	0	0	0	0	0	0	0	0	0	0	0	137	0	0	0	0	0	0	0	0	0	0	0	0	0	0	0	0	0	0	0	0	0	0	0	0	0	0	0	0	0	0	0	80	0	0	0	0	0	0	0
Zindervirus SP6	0	0	0	0	0	0	0	0	0	0	0	0	0	0	0	0	0	0	0	113	0	0	0	0	0	0	0	0	0	0	0	0	0	0	0	0	0	0	0	0	0	0	0	0	0	0	0	0	0	0	0	91	0	0	0	0	0	0	0
Zindervirus UAB78	0	0	0	0	0	0	0	0	0	0	0	0	0	0	0	0	0	0	0	407	0	0	0	0	0	0	0	0	0	0	0	0	0	0	0	0	0	0	0	0	0	0	0	0	0	0	0	0	0	0	0	358	0	0	0	0	0	0	0
