"constant","comparison","feature","clr_padj","tss_padj","clr_log10","tss_log10","clr_est","tss_est","clr_se","tss_se","direction"
-1,"cent vs mage","7",7.54760763905114e-13,0.000155003508252963,12.1221906846364,3.80965847216738,4.12314648300805,2.77963963927867,0.419122195875294,0.413585506143396,"CLR_more_sig"
-1,"cent vs mage","21",7.55991207096418e-13,0.0382009217521097,12.1214832557312,1.41792615784679,2.81645578877772,1.49853143959728,0.264389212250935,0.260802234099977,"CLR_more_sig"
-1,"cent vs mage","22",0.0346874776285999,2.06920017394237e-09,1.45982727962777,8.68419749375502,-1.64475103279109,-2.97577201786354,0.32719567513415,0.322320162753026,"TSS_more_sig"
-1,"cent vs mage","24",1.01146775942283e-12,4.28146035953411e-05,11.9950479558273,4.36840807259637,4.45528451816429,3.12360503735826,0.480801180210696,0.4936832974973,"CLR_more_sig"
-1,"cent vs mage","39",2.80986035178808e-09,0.00896237649883544,8.55131526370877,2.04757681584228,3.56065014838802,2.23363950748352,0.42434560692201,0.415751511983087,"CLR_more_sig"
-1,"cent vs mage","42",1.4064521427392e-09,0.026294254219077,8.85187504095907,1.58013914252053,3.40775450642939,2.06776673717538,0.412743216725945,0.413295501113754,"CLR_more_sig"
-1,"cent vs mage","51",0.0347660623524614,3.29823521027462e-08,1.45884449526549,7.48171837631979,-1.83953518802084,-3.14697442137836,0.37171886488836,0.38470324850912,"TSS_more_sig"
-1,"cent vs mage","57",0.0351865618179384,1.2510652132201e-06,1.45362316727809,5.90272005161475,-2.03893413374748,-3.37148879380034,0.431772600228873,0.461318755504916,"TSS_more_sig"
-1,"cent vs mage","100",0.0156298512319483,2.89017720600231e-07,1.80604515566293,6.53907552844428,-2.68205524290891,-4.0040240818713,0.562271590236289,0.5700900360927,"TSS_more_sig"
-1,"cent vs mage","114",2.6522186878897e-07,0,6.5763906691707,15.9557546197456,-3.6644685401675,-5.01444739762181,0.451355081289051,0.488997524875246,"TSS_more_sig"
-1,"cent vs mage","132",1.21532223547393e-09,0,8.91530855619426,15.9557546197456,-4.39346145411789,-5.70494793952734,0.48538553475655,0.490191765622651,"TSS_more_sig"
-1,"cent vs mage","143",3.37161132828862e-07,1.10724921295205e-15,6.4721624956453,14.9557546197456,-3.78931258760025,-5.26679095457406,0.430149327490961,0.460039701828547,"TSS_more_sig"
-1,"cent vs mage","146",0.0334883786813187,1.34407998723241e-07,1.47510587804393,6.87157488531494,-2.03309550675908,-3.33990966425428,0.405129089621922,0.428187152157463,"TSS_more_sig"
-1,"cent vs mage","148",0.0150773689542161,6.51345852159367e-08,1.82167443753505,7.18618834814425,-2.74852221440013,-3.99869231913256,0.486437061556754,0.504924409374244,"TSS_more_sig"
-1,"cent vs mage","168",1.95316083072958e-06,0.0385137808937633,5.70926199377178,1.41438384464144,3.52222724907017,2.10539135930913,0.448786126957837,0.455289749750272,"CLR_more_sig"
-1,"cent vs mage","169",0.0171742685898321,6.47851584162622e-10,1.76512174941623,9.18852447493457,-2.46125431125883,-3.75862439132089,0.416001928515512,0.434931019318683,"TSS_more_sig"
-1,"cent vs mage","173",0.0496320413051738,1.44754683292716e-06,1.30423786243432,5.8393673765105,-2.06711079272332,-3.3700807914944,0.491840829216514,0.50169917485705,"TSS_more_sig"
-1,"cent vs mage","191",0.0417232244879415,1.29835852389981e-07,1.3796221354515,6.88660536650988,-1.98812919185984,-3.33961946704569,0.464568723297197,0.45432892502167,"TSS_more_sig"
-1,"cent vs mage","210",3.70757694624172e-08,0,7.43090982695328,15.9557546197456,-4.3976013240387,-5.68349683431942,0.456029954068127,0.460714274711917,"TSS_more_sig"
-1,"cent vs mage","219",4.65268634029957e-08,1.03343259875525e-14,7.33229622433513,13.985717843123,-3.93548848267235,-5.30284555301534,0.466055458745562,0.468073040760879,"TSS_more_sig"
-1,"cent vs mage","274",0.0474918307844266,9.0684111084501e-06,1.32338108827756,5.04246879974046,-1.98067317412836,-3.29838184163017,0.489247609162247,0.51097242424374,"TSS_more_sig"
-1,"cent vs mage","289",0.0228770108342718,1.44880824543542e-08,1.64060072214252,7.83898909103682,-2.52392481401119,-3.835802597052,0.474275265342516,0.491233743068954,"TSS_more_sig"
-1,"cent vs mage","353",5.58862248363368e-06,1.23611456718612e-12,5.25269522636767,11.9079412755329,-3.25470860729019,-4.53341445735883,0.445905580520458,0.458058526156317,"TSS_more_sig"
-1,"cent vs mage","363",0.0174547460140866,6.0441169720375e-08,1.75808646627021,7.2186671393332,-1.9523979997791,-3.23677612504324,0.407830631741535,0.443351921780404,"TSS_more_sig"
-1,"cent vs mage","453",0.0310039533785525,1.07282909335574e-06,1.50858292484247,5.96946945764664,-2.06907572903509,-3.22894037617391,0.446702872385717,0.448510408093575,"TSS_more_sig"
-1,"cent vs mage","528",0.0405020461518016,1.43249569845729e-07,1.39252303579794,6.84390667347161,-1.89660938749814,-3.29408884991844,0.409018053713938,0.435850213117352,"TSS_more_sig"
-1,"cent vs mage","531",0.033307853087581,3.44736645065976e-07,1.47745335957137,6.46251254918836,-2.2413358700086,-3.47476871780823,0.452420933796849,0.474836994682211,"TSS_more_sig"
-1,"cent vs mage","546",0.0380495413323021,1.69715720520548e-06,1.419650574059,5.77027792775237,-2.08381511948268,-3.48043406583116,0.437328292931197,0.451375422382815,"TSS_more_sig"
-1,"cent vs mage","675",0.000650569615264469,1.80904836965913e-11,3.18670622422528,10.7425498209814,-2.95823917898776,-4.26344499607013,0.46792875969643,0.471556057241452,"TSS_more_sig"
-1,"cent vs mage","769",0.0214511400499344,2.172401366304e-06,1.66854962169658,5.66305993273537,-2.08399905589552,-3.43094831690584,0.440943948175051,0.470449173157649,"TSS_more_sig"
-1,"cent vs mage","770",0.0168248349321214,9.45403156109668e-10,1.77404918793135,9.02438295219312,-2.08674961068609,-3.4144565268453,0.32318701311691,0.349184300136189,"TSS_more_sig"
-1,"cent vs mage","816",0.0419038155803318,1.43225380857667e-07,1.37774643025477,6.84398001422296,-1.7373134549318,-3.03718790336454,0.387826674797961,0.404145290278779,"TSS_more_sig"
-1,"cent vs mage","837",0.0385949945771809,1.23178810054742e-06,1.41346901575485,5.90946399564401,-1.8876739825538,-3.24283780031681,0.44084494820362,0.451211685742931,"TSS_more_sig"
-1,"cent vs mage","849",0.0335708121012064,9.13417189155241e-08,1.47403815274047,7.03933081987482,-1.86313761648926,-3.17473038687585,0.375441558393834,0.41048503530601,"TSS_more_sig"
-1,"cent vs mage","884",0.0397325862352228,3.47058459846129e-08,1.40085316534658,7.45959736483398,-1.81078922389542,-3.113815397297,0.396736076071491,0.395747636083187,"TSS_more_sig"
-1,"cent vs mage","912",0.0419281384388353,5.21828409148247e-08,1.37749441934432,7.28247228092674,-2.12315661913371,-3.46684763680309,0.459565146382633,0.464019362489512,"TSS_more_sig"
-1,"cent vs mage","917",0.0229753230708064,4.5780120472986e-08,1.63873837300466,7.33932306878939,-2.44843960617919,-3.7692550339182,0.477962198491578,0.504820588700548,"TSS_more_sig"
-1,"cent vs mage","921",3.11773575708644e-07,0,6.5061606961075,15.9557546197456,-3.91602626127678,-5.172618827813,0.475622308600537,0.474508903213138,"TSS_more_sig"
-1,"cent vs mage","925",0.0386857521321536,7.37948991886083e-06,1.41244895512876,5.13197365620947,-1.84036508461871,-3.16895666562188,0.423075265646924,0.434921718480725,"TSS_more_sig"
-1,"cent vs mage","966",0.0336906993994588,1.44778979855791e-06,1.47248997322271,5.83929448783025,-2.40127349294164,-3.74457991147926,0.524497720218627,0.52713710786694,"TSS_more_sig"
-1,"cent vs mage","975",0.0443676290113993,3.81419900687953e-06,1.35293377918922,5.41859665126513,-2.01013684956522,-3.16507273866902,0.433726472973161,0.428591294455911,"TSS_more_sig"
-1,"cent vs mage","1004",0.0329997642056221,1.14415118131388e-07,1.48148916329069,6.9415165866685,-2.34777519661233,-3.72806558362288,0.452110452518523,0.471657086079793,"TSS_more_sig"
-1,"cent vs mage","1019",0.000112379697102391,7.83515605529798e-13,3.94931214279582,12.1059523491278,-2.63989966644829,-3.97890063266912,0.393153840114399,0.396430276460627,"TSS_more_sig"
-1,"cent vs mage","1058",0.0186886681819316,9.03328968066383e-10,1.72842164682058,9.04415406253448,-2.73077753616039,-3.93971918389037,0.4610040758825,0.45712886387721,"TSS_more_sig"
-1,"cent vs mage","1079",0.0323241528012522,2.34399138273776e-08,1.49047284892438,7.63004398925647,-2.08012545210493,-3.39693935810603,0.398795164619443,0.421819081300965,"TSS_more_sig"
-1,"cent vs mage","1087",3.72698913087238e-07,0.0244041367614052,6.42864187379004,1.61253654987547,3.79864297802667,2.57494571856333,0.490177924651721,0.490811075814077,"CLR_more_sig"
-1,"cent vs mage","1098",1.99421354059525e-14,7.88882799289489e-05,13.7002283392356,4.10298751314372,4.4807179882741,3.15380505518212,0.438597169771952,0.446161688890177,"CLR_more_sig"
-1,"cent vs mage","1104",0.0117715685996609,5.4627882656352e-09,1.92916566215345,8.26258563215031,-2.33624142104485,-3.76266482128372,0.426889956540289,0.462305846318215,"TSS_more_sig"
-1,"eld vs kin","3",2.39498004761529e-12,0,11.6206981003065,26.4305248583066,-4.69228681281007,-5.66489513005113,0.431644071784375,0.44710468381658,"TSS_more_sig"
-1,"eld vs kin","5",7.6158522279924e-05,1.80900296321432e-09,4.11828149125043,8.74256072174905,-2.75049014229262,-3.70474275795936,0.384683623730116,0.384997160857119,"TSS_more_sig"
-1,"eld vs kin","7",3.71086488500711e-26,1.56049309826498e-19,25.4305248583066,18.8067381477882,7.57143876638624,6.63091578037616,0.460041418851944,0.463925878308234,"CLR_more_sig"
-1,"eld vs kin","10",0.00281887366277611,1.57907342484146e-06,2.54992438804777,5.80159767539887,-2.68459230463218,-3.65080881971008,0.483137983468064,0.47226373321918,"TSS_more_sig"
-1,"eld vs kin","11",5.26317502066356e-08,0.00860490658030818,7.27875218779299,2.06525384025529,3.21750182052029,2.27542777304846,0.347430864306616,0.351666837705872,"CLR_more_sig"
-1,"eld vs kin","12",0.0310611963790181,7.45083432135476e-06,1.50778182063581,5.1277950935775,-1.95121070272029,-2.91011070153803,0.380139811921978,0.369350882576681,"TSS_more_sig"
-1,"eld vs kin","14",1.77089188087908e-08,0.0341720728980443,7.75180795319218,1.46632867584341,2.85812316218908,1.904031422315,0.280275673943967,0.276200419304809,"CLR_more_sig"
-1,"eld vs kin","16",1.66856956064491e-10,0.00538766237329791,9.77765568342062,2.26859962787258,3.02331433882639,2.06065935210842,0.262227156001845,0.267144220231931,"CLR_more_sig"
-1,"eld vs kin","21",1.12824091068427e-17,5.46463535727269e-09,16.9475981565497,8.26243881223355,4.09540968144049,3.1477952569335,0.294730065815092,0.295120653678419,"CLR_more_sig"
-1,"eld vs kin","31",2.29663027014628e-05,0.0266335226492759,4.63890891536641,1.57457138835022,3.62505932060339,2.67482582878107,0.524541110669081,0.536597921319319,"CLR_more_sig"
-1,"eld vs kin","33",2.7609999418343e-05,6.21998814127055e-09,4.55893360250997,8.20621044331331,-3.1639840188194,-4.13821173469076,0.455778672193362,0.458125499511481,"TSS_more_sig"
-1,"eld vs kin","57",0.0041072135645206,8.87795357213322e-05,2.38645271436539,4.05168713047748,-2.36757305070053,-3.34038443066645,0.461232239034481,0.480911145697153,"TSS_more_sig"
-1,"eld vs kin","65",8.62696330537074e-05,9.84703133862688e-10,4.06414204922176,9.00669467991631,-2.61818700825703,-3.59828496587283,0.370813905610139,0.366723419549511,"TSS_more_sig"
-1,"eld vs kin","67",8.43436015474097e-11,7.75074449066437e-15,10.0739478581614,14.1106565797313,-5.37863208966423,-6.30273851062951,0.561824255758666,0.568480695335149,"TSS_more_sig"
-1,"eld vs kin","74",9.72253628475786e-07,0.00491615161148406,6.0122204273792,2.30837473216971,3.76415406550918,2.85314703282701,0.489524045264756,0.499035844289273,"CLR_more_sig"
-1,"eld vs kin","79",8.11036215002528e-07,1.84787781565585e-10,6.09095975291017,9.73332674834358,-3.68697343749828,-4.61556210880436,0.471307751279239,0.485857311928745,"TSS_more_sig"
-1,"eld vs kin","82",0.000609031828823293,1.16948372405997e-07,3.21536000995972,6.93200581797636,-3.6716782021673,-4.86952078309081,0.591305793999288,0.600476550897478,"TSS_more_sig"
-1,"eld vs kin","83",3.25558462014972e-05,9.44250357299176e-09,4.48737101185557,8.02491284216575,-3.29661534684412,-4.31527236858019,0.49378030902918,0.52342604322139,"TSS_more_sig"
-1,"eld vs kin","84",3.22064875991363e-08,1.65491371402245e-10,7.49205663623248,9.78122464509118,-3.7406485400981,-4.66621375947124,0.453858794564493,0.474484287813668,"TSS_more_sig"
-1,"eld vs kin","85",0.032032871594556,6.64612154358807e-05,1.49440412715668,4.17743172065181,-2.25045650118049,-3.19037805237005,0.465517133816392,0.487090738748438,"TSS_more_sig"
-1,"eld vs kin","87",0.00470392563373758,2.74372141069712e-06,2.32753955281472,5.56165998769532,-2.74672233103428,-3.75142986870357,0.498031047096152,0.516992742578489,"TSS_more_sig"
-1,"eld vs kin","89",7.49146907833164e-14,8.95074312192674e-08,13.1254330087289,7.04814090654391,4.90654487640392,3.98641292131821,0.440306729791572,0.447212619475474,"CLR_more_sig"
-1,"eld vs kin","91",1.10780225566183e-06,9.74248475604144e-10,5.9555377548957,9.01133026507053,-4.23019810543879,-5.22209807698299,0.564148155179507,0.587248511706915,"TSS_more_sig"
-1,"eld vs kin","100",0.000131582013755549,3.61929389122835e-08,3.88080347136466,7.4413761502003,-3.63719754498747,-4.54669321352069,0.534066226681831,0.560770294249736,"TSS_more_sig"
-1,"eld vs kin","102",0.00491324092323238,7.46898626600262e-06,2.30863193949534,5.12673833914271,-2.79353222154753,-3.75936615298783,0.518741257683083,0.553297036586526,"TSS_more_sig"
-1,"eld vs kin","108",0.0452069365232654,0.000337629183443176,1.34479492220967,3.47156002158263,-2.73453761828822,-3.73362929105437,0.638920340673095,0.652552170473108,"TSS_more_sig"
-1,"eld vs kin","110",0.0392757391555847,0.000167825060461941,1.40587563294181,3.77514318768076,-2.38188006791607,-3.29576018283634,0.496630903818754,0.522170497234945,"TSS_more_sig"
-1,"eld vs kin","111",8.21192958722463e-05,6.03721654221329e-08,4.08555478312157,7.21916324664085,-3.11032057381369,-4.14373779331663,0.441822321641221,0.465408451926739,"TSS_more_sig"
-1,"eld vs kin","115",0.00367244995035594,0.00100609331027644,2.4350441142395,2.99736173870465,-2.60042428115267,-3.51791735030428,0.55781583013948,0.57362792403133,"TSS_more_sig"
-1,"eld vs kin","118",0.0078480875125702,0.000253432014852777,2.10523616286378,3.59613852364493,-2.14736845525817,-3.02236305461396,0.390870182251186,0.395518973021312,"TSS_more_sig"
-1,"eld vs kin","121",1.09614306071952e-10,5.62164665127879e-06,9.96013276115596,5.25013645545972,4.61586340974585,3.73791163533678,0.479999719626239,0.501058998804614,"CLR_more_sig"
-1,"eld vs kin","128",0.0105160188318873,0.000304145908294633,1.97814864483865,3.51691802176892,-2.60666835288175,-3.59472740725959,0.55536818891899,0.580160531287947,"TSS_more_sig"
-1,"eld vs kin","130",0.00112807217132401,2.01500378716462e-07,2.94766311435525,6.69572413327317,-3.12673172501522,-4.08927418174198,0.578508328342904,0.596892720509637,"TSS_more_sig"
-1,"eld vs kin","133",0.00287541925999521,9.27621704011828e-05,2.54129882261706,4.03262909851799,-2.42447218607246,-3.3738491647992,0.467429149586654,0.492379315391425,"TSS_more_sig"
-1,"eld vs kin","138",1.08630589442708e-08,0.00153033339246182,7.96404786392258,2.81521394517352,3.98581606559947,2.98382279341779,0.437679550153973,0.43728311701135,"CLR_more_sig"
-1,"eld vs kin","139",2.85812048570356e-06,1.61786573513329e-09,5.5439194672269,8.79105752284131,-3.89400146856401,-4.85221655072777,0.548168891612018,0.538327713934852,"TSS_more_sig"
-1,"eld vs kin","145",0.0249260445864471,0.000583681457844701,1.60334663246971,3.23382410296127,-2.28355711971763,-3.21263759971096,0.528874413995192,0.534835064503076,"TSS_more_sig"
-1,"eld vs kin","147",0.0346027790921491,0.00038862328814186,1.46088901982236,3.41047117798106,-2.71255938542172,-3.74268542905383,0.558721466420853,0.571462118386229,"TSS_more_sig"
-1,"eld vs kin","151",3.53205463999061e-15,5.29817637223838e-08,14.4519725866169,7.27587358846707,5.4650635952189,4.48285323800191,0.481865738873461,0.48701774096709,"CLR_more_sig"
-1,"eld vs kin","162",0.0462264811572824,0.0001940524688875,1.33510916457919,3.71208082745426,-2.64282390975166,-3.6623312427259,0.604151375638281,0.604822054634143,"TSS_more_sig"
-1,"eld vs kin","163",0.0019429674138815,9.48053119580051e-06,2.71153448302869,5.02316732838536,-2.90686854937298,-3.75758837019541,0.569531748402793,0.57602772450754,"TSS_more_sig"
-1,"eld vs kin","169",0.000115444549246796,2.17289336469061e-07,3.9376265676227,6.66296158627165,-3.3293252905667,-4.30249123454017,0.50811989256399,0.531450434429903,"TSS_more_sig"
-1,"eld vs kin","172",0.00295512575271474,1.50864268305942e-06,2.52942403337898,5.82141360923114,-2.77326069280744,-3.66674343932501,0.464106214617698,0.450985058542213,"TSS_more_sig"
-1,"eld vs kin","181",0.00345152117640528,2.72526508154219e-06,2.4619894577044,5.56459124830407,-2.42747298374332,-3.42406459564555,0.459571259049617,0.488249435662135,"TSS_more_sig"
-1,"eld vs kin","203",0.0152909640477167,0.000683421687198414,1.8155651328084,3.16531124373867,-2.05394991528223,-2.98338345595431,0.436097656247846,0.444890636634174,"TSS_more_sig"
-1,"eld vs kin","207",5.29620650518397e-08,0.00618397319067051,7.27603508959679,2.20873240187904,3.65568325219743,2.68624166725289,0.451893675253669,0.462020159473346,"CLR_more_sig"
-1,"eld vs kin","216",0.0357273249537389,0.00013243219004747,1.44699949992747,3.87800643890833,-2.32721545570508,-3.32139263721832,0.511576383569532,0.513665533490069,"TSS_more_sig"
-1,"eld vs kin","222",0.000106713901630943,0.0411943456443943,3.97177900130332,1.3851623913446,3.30736582041491,2.47695596595852,0.495501175791513,0.51854358105237,"CLR_more_sig"
-1,"eld vs kin","251",0.0222218028761389,0.000908191674608162,1.65322070923872,3.04182248359373,-2.69761742223555,-3.67236380873072,0.568675962285454,0.593940263264955,"TSS_more_sig"
-1,"eld vs kin","252",0.00780137711039372,6.57669618855461e-06,2.1078287282511,5.18199221997468,-2.3516035385758,-3.39666088230849,0.472408393527633,0.476818643666388,"TSS_more_sig"
-1,"eld vs kin","267",0.000971140903447621,3.44901159416635e-05,3.01271775345939,4.46230534570973,-3.17162345408826,-4.10732522898778,0.602378492447578,0.604044401813437,"TSS_more_sig"
-1,"eld vs kin","282",0.000671364385980323,4.36513939249327e-07,3.17304170059539,6.36000188336183,-2.84249098179015,-3.83584769687369,0.471759891812698,0.477449745793508,"TSS_more_sig"
-1,"eld vs kin","363",0.0143273558135287,0.000896389530590206,1.8438339534655,3.04750322446345,-2.1798740858349,-3.14944777306049,0.472311281331699,0.492513584364625,"TSS_more_sig"
-1,"eld vs kin","473",0.00336035231644874,9.61642514012031e-06,2.47361518657796,5.01698634484977,-2.61587003685153,-3.60560623588671,0.520970470149921,0.532305111437179,"TSS_more_sig"
-1,"eld vs kin","614",0.000517494437317217,3.78313632772488e-05,3.2860943141907,4.42214800834726,-2.81296115264556,-3.82188445934266,0.486422614001587,0.494532258730303,"TSS_more_sig"
-1,"eld vs kin","616",0.000161017196229507,3.03303334179172e-06,3.79312773993848,5.51812281551309,-2.67515438114763,-3.49738482237619,0.417676431501818,0.424411695685038,"TSS_more_sig"
-1,"eld vs kin","666",4.5865803014374e-09,1.14969376611522e-13,8.3385109985009,12.93941782347,-3.85063074979089,-4.6825292504986,0.413739043515557,0.412089356339784,"TSS_more_sig"
-1,"eld vs kin","728",5.83750179312125e-12,2.21927757691402e-06,11.2337729730224,5.65378837483747,4.1517345249807,3.22050125805624,0.387481850056519,0.387904716669818,"CLR_more_sig"
-1,"eld vs kin","744",2.56445535537418e-05,3.03435371154017e-09,4.59100485716887,8.51793379533032,-3.60022088818069,-4.55221994039774,0.52676632809966,0.520516241227715,"TSS_more_sig"
-1,"eld vs kin","757",0.0441663820454618,0.000132466056621538,1.35490817515967,3.87789539199501,-1.94927551385669,-2.87230979707656,0.432512325761116,0.443995854780627,"TSS_more_sig"
-1,"eld vs kin","770",0.000722280198289073,3.18789666886036e-07,3.14129429139981,6.49649576408616,-2.58543560292298,-3.52400919330726,0.427070454122513,0.431673987725653,"TSS_more_sig"
-1,"eld vs kin","786",4.82190577125007e-05,1.13825946077579e-09,4.31678128077441,8.94375873131571,-3.68438392756202,-4.72958698505972,0.491023621184886,0.500481357425775,"TSS_more_sig"
-1,"eld vs kin","849",0.000470166104108311,3.20968287786148e-08,3.32774868386557,7.4935378745105,-2.7230430206607,-3.71519269176423,0.398422050917484,0.440065293979126,"TSS_more_sig"
-1,"eld vs kin","875",0.0384468109454138,0.00211670408959691,1.4151396778716,2.67433985111504,-2.39637601156973,-3.41376979156484,0.54671992639795,0.556968716264751,"TSS_more_sig"
-1,"eld vs kin","879",0.00053521560707423,3.47439508858329e-07,3.27147123087665,6.45912079756555,-2.49432206813818,-3.49059410154928,0.404999401546627,0.423959995608043,"TSS_more_sig"
-1,"eld vs kin","886",1.20934814948829e-07,9.90355056661709e-05,6.91744865560262,4.0042090766102,4.64674848273702,3.75060412274927,0.521623837108775,0.535680445355048,"CLR_more_sig"
-1,"eld vs kin","891",9.17715251148034e-05,5.04056736099215e-07,4.03729205086687,6.2975205770703,-3.29410145843306,-4.27374274105792,0.552405903127288,0.576212662222154,"TSS_more_sig"
-1,"eld vs kin","895",0.0043609345641918,6.41237952162548e-08,2.3604204298649,7.19298078150348,-3.04892810382019,-4.02944087239523,0.493044477170311,0.49847726195076,"TSS_more_sig"
-1,"eld vs kin","914",0.0354649082576926,7.93175238956924e-06,1.45020115926757,5.10063085189516,-2.80249030036601,-3.85722512052123,0.552903028797472,0.557271021586098,"TSS_more_sig"
-1,"eld vs kin","935",0.0213312262565837,0.000221995147591465,1.67098417778264,3.65365651832991,-2.50406434928289,-3.38373311796332,0.543036745732642,0.557242901701925,"TSS_more_sig"
-1,"eld vs kin","947",1.497083852688e-11,0.00118090170368039,10.8247538738455,2.92778625084191,4.32186720745722,3.26080148324914,0.430155895227778,0.433059363246077,"CLR_more_sig"
-1,"eld vs kin","965",0.0144632299811254,0.000765203845314846,1.83973470798667,3.11622285621554,-2.88520544278424,-3.61180930175737,0.592053505528114,0.612904450217655,"TSS_more_sig"
-1,"eld vs kin","978",1.19783503373093e-23,6.153560615138e-17,22.9216029890198,16.2108735170638,6.04402472441442,5.19571778956572,0.396534545950235,0.404620294014568,"CLR_more_sig"
-1,"eld vs kin","984",1.97720099569185e-12,1.70943874139869e-06,11.7039491795063,5.7671464577508,4.79487903562647,3.94299565110952,0.406870935187316,0.417413363477991,"CLR_more_sig"
-1,"eld vs kin","991",1.95184238741926e-05,1.60753372354719e-07,4.7095552548239,6.79383990748814,-3.81467325809128,-4.65802621563724,0.556578564432485,0.576836000570055,"TSS_more_sig"
-1,"eld vs kin","1014",1.01318906682647e-07,6.53114860540321e-10,6.9943095052638,9.18501043447958,-4.28612857691299,-5.22722834231939,0.508453203693875,0.512225158121852,"TSS_more_sig"
-1,"eld vs kin","1021",5.32113545700005e-05,1.39178078458535e-08,4.27399568535664,7.85642916382186,-3.73585049301271,-4.6977830398958,0.559255261885661,0.552814536242625,"TSS_more_sig"
-1,"eld vs kin","1030",4.24853069194135e-09,0.000875163821912977,8.37176123999945,3.05791064378522,4.1678626975726,3.22448569508876,0.435481028672664,0.435804744555335,"CLR_more_sig"
-1,"eld vs kin","1047",0.0346672735214987,1.54275442275274e-06,1.46008031297671,5.81170319988077,-1.66475210467077,-2.62729035508449,0.272986243730329,0.291451303538747,"TSS_more_sig"
-1,"eld vs kin","1074",1.25678618985049e-15,1.14931288590426e-10,14.900738600171,9.93956172403271,5.07905114904151,4.15352715721689,0.401986108890143,0.40180999796555,"CLR_more_sig"
-1,"eld vs kin","1076",6.45347985840401e-12,7.75488719417698e-08,11.1902060410592,7.11042451523307,4.52965363663037,3.75677542395035,0.419212827906356,0.433609861640083,"CLR_more_sig"
-1,"eld vs kin","1079",0.00723498651847751,0.000159231768129637,2.14056227379944,3.79797028240848,-2.3797451172673,-3.33542511013162,0.468698487394795,0.496853264084897,"TSS_more_sig"
-1,"eld vs kin","1089",1.07092812265306e-09,0.0134478217267956,8.97023967667765,1.87134805682484,3.00360405014385,2.05246385104297,0.281658109156386,0.288435070389886,"CLR_more_sig"
-1,"eld vs kin","1098",6.17306850125882e-25,9.74523074040725e-19,24.2094989037305,18.0112078735192,7.03378924714395,6.09146945186825,0.457583048359896,0.455246427327509,"CLR_more_sig"
-1,"eld vs kin","1101",0.0145174325822495,0.00154039967418565,1.83811018211744,2.81236658190817,-2.61833754758304,-3.49150307117311,0.579276766539314,0.596190356671237,"TSS_more_sig"
-1,"eld vs kin","1104",0.000400546577591862,4.78810533120253e-06,3.3973469746735,5.31983630432727,-2.7605421965503,-3.72319303630845,0.459877337360398,0.470774948385056,"TSS_more_sig"
-1,"eld vs kin","1105",4.56084389622557e-08,8.01648430177286e-14,7.34095479208005,13.0960160535484,-4.54941926505669,-5.55151278700543,0.494773182613457,0.498818930160023,"TSS_more_sig"
-1,"eld vs kin","1112",0.000107159987444724,1.20314484718207e-07,3.96996734594744,6.91968208459276,-3.56939064828735,-4.50258801236572,0.525500409605041,0.534729917489715,"TSS_more_sig"
-0.9,"cent vs mage","7",1.18357882802574e-13,0.00115637537098579,12.9268028121442,2.93690116670639,4.31722545450072,2.90102852216984,0.419078252285483,0.415222144464796,"CLR_more_sig"
-0.9,"cent vs mage","24",1.75262235593209e-12,0.00134956787570502,11.7563116528756,2.86980526797828,4.63854411487721,3.16946250430656,0.48404687723973,0.492285947477422,"CLR_more_sig"
-0.9,"cent vs mage","39",1.22883884784321e-10,0.0401479463333629,9.91050506754592,1.39633666505278,3.76490625557044,2.30132130131395,0.42787404737222,0.415395130676269,"CLR_more_sig"
-0.9,"cent vs mage","100",0.0429533985950716,1.73286183709415e-05,1.36700246785854,4.76123606266382,-2.44449095730011,-3.936450017458,0.554212767210517,0.566953430056675,"TSS_more_sig"
-0.9,"cent vs mage","114",2.39937605927314e-06,2.53523161458922e-13,5.61990167880677,12.5959823580888,-3.46533044247598,-4.87127151392707,0.456489268655684,0.479686551789442,"TSS_more_sig"
-0.9,"cent vs mage","132",2.47979643165873e-08,0,7.60558396926893,13.9493415667326,-4.23096213522593,-5.60061393971736,0.480271259756599,0.484343569750712,"TSS_more_sig"
-0.9,"cent vs mage","143",9.07345868151471e-08,0,7.04222713411163,13.9493415667326,-3.77594246866441,-5.19119130259645,0.453297431435271,0.455876150854987,"TSS_more_sig"
-0.9,"cent vs mage","148",0.0121968755360753,4.48460130890462e-07,1.91375140795061,6.34827616065538,-2.5108576533614,-3.87403552538892,0.472440017102163,0.497585818383674,"TSS_more_sig"
-0.9,"cent vs mage","169",0.037487039192508,8.78478079044668e-08,1.42611885974208,7.05626907112795,-2.19595697102863,-3.62935257440736,0.405592787273846,0.438090195974766,"TSS_more_sig"
-0.9,"cent vs mage","210",1.35449169166741e-07,0,6.8682236545467,13.9493415667326,-4.07739074862581,-5.4869110612721,0.458978678737243,0.464468696413688,"TSS_more_sig"
-0.9,"cent vs mage","219",2.69712550125349e-07,3.08608809803287e-12,6.56909884470997,11.5105916803651,-3.62290013271101,-5.12932719008552,0.452725607532116,0.46359908955263,"TSS_more_sig"
-0.9,"cent vs mage","289",0.01677959126963,1.20898559402723e-06,1.77521862226216,5.91757887405383,-2.34930796355989,-3.69803024579919,0.472582640708823,0.485949529318582,"TSS_more_sig"
-0.9,"cent vs mage","353",0.000946013162743907,5.74442149917267e-12,3.02410282082096,11.2407537010692,-3.10157287581344,-4.47454059335348,0.441941100612484,0.450412139721064,"TSS_more_sig"
-0.9,"cent vs mage","675",0.000735167938745091,7.3813643104341e-09,3.1336134411346,8.13186335935146,-2.80399686382533,-4.21412669043543,0.465397447477275,0.475743945449952,"TSS_more_sig"
-0.9,"cent vs mage","770",0.0296815277295479,3.41891292865581e-07,1.52751374936885,6.46611195948005,-1.92855674316535,-3.3336116870512,0.334687765149854,0.354223050186638,"TSS_more_sig"
-0.9,"cent vs mage","917",0.0278777159153779,2.21769727318142e-06,1.55474281185034,5.65409773751948,-2.20399907461327,-3.57920807900748,0.478522310762608,0.502188395125895,"TSS_more_sig"
-0.9,"cent vs mage","921",1.71367400648265e-07,2.12370399044204e-13,6.76607179072731,12.6729060169109,-3.62810642398954,-5.0189116146036,0.470077091747436,0.464869497502209,"TSS_more_sig"
-0.9,"cent vs mage","1019",0.00137210387333321,1.57094386878902e-09,2.8626130096877,8.80383933240796,-2.43003541336233,-3.95210334073385,0.393384339920875,0.395580812904064,"TSS_more_sig"
-0.9,"cent vs mage","1058",0.0123337408538059,1.23650477261638e-08,1.9089051808444,7.90780420302532,-2.37862116190232,-3.92105611309185,0.459377143128713,0.465978405364183,"TSS_more_sig"
-0.9,"cent vs mage","1098",1.12372083510155e-13,0.000401247165040039,12.9493415667326,3.39658802302774,4.700806092355,3.28968386228472,0.439451226346028,0.44719562889466,"CLR_more_sig"
-0.9,"cent vs mage","1104",0.033610593582018,7.67492215866396e-07,1.47352381757757,6.11492602057184,-2.20932533834764,-3.66965965604262,0.425834056295679,0.453924795318191,"TSS_more_sig"
-0.9,"eld vs kin","3",1.13935944012766e-12,0,11.9433392449831,24.0779882338201,-4.81285938224002,-5.74188354621607,0.431657928391583,0.446819904489356,"TSS_more_sig"
-0.9,"eld vs kin","4",0.000209252602693169,0.00361461461728622,3.67932913152705,2.44193799947816,2.40947136806631,1.48851997595978,0.227376249939939,0.220223966277133,"CLR_more_sig"
-0.9,"eld vs kin","5",8.99446605148763e-05,1.64894930989305e-08,4.04602461306055,7.78279269473274,-2.85931137290041,-3.78299518924402,0.385406644105792,0.385234837950266,"TSS_more_sig"
-0.9,"eld vs kin","7",6.04209669000298e-22,8.35625657221604e-24,21.2188123291126,23.0779882338201,7.5141144850745,6.53158213797873,0.472591025596147,0.459322809796162,"TSS_more_sig"
-0.9,"eld vs kin","10",0.00318500513213644,6.72468765289355e-06,2.4968898635306,5.17232788289062,-2.78841717934963,-3.7382463142519,0.479401188259167,0.475070573643899,"TSS_more_sig"
-0.9,"eld vs kin","11",1.63630121841396e-05,0.000308959214379619,4.786136746231,3.51009884788573,3.11187692858869,2.19259746573706,0.351695445163553,0.350014966833831,"CLR_more_sig"
-0.9,"eld vs kin","12",0.025049759630187,5.36175314391393e-05,1.60119643713343,4.27069318488949,-2.05443589862399,-2.98116348441539,0.380154771045748,0.369684637311621,"TSS_more_sig"
-0.9,"eld vs kin","14",3.74203577646261e-05,0.000657695921479422,4.42689206465909,3.18197485129032,2.75175636956539,1.82596283148306,0.280887278125298,0.277221293873829,"CLR_more_sig"
-0.9,"eld vs kin","15",0.00439524792446593,0.0262418005943741,2.35701662248084,1.58100636893921,2.85181036026433,1.92634331857357,0.444274952564891,0.430136276062468,"CLR_more_sig"
-0.9,"eld vs kin","16",4.85820448821096e-07,2.86951703553351e-05,6.31352420912072,4.54219119262246,2.91160931936069,1.97438513802996,0.2625296817151,0.266798965565409,"CLR_more_sig"
-0.9,"eld vs kin","21",3.21912070509912e-13,3.1103075908102e-12,12.4922627385751,11.5071966597237,3.98846215266733,3.05049512612586,0.296178883689796,0.29356254788163,"CLR_more_sig"
-0.9,"eld vs kin","25",0.00107395810218537,0.0144055393721018,2.96901266122923,1.84147047622827,2.9467044351416,2.00280601818511,0.414807372070415,0.422217894256939,"CLR_more_sig"
-0.9,"eld vs kin","31",0.000323438304451917,0.007051670852375,3.49020854835354,2.15170796726514,3.52692545639725,2.51637363683593,0.522521056824282,0.530559913767246,"CLR_more_sig"
-0.9,"eld vs kin","33",6.90422422381469e-05,2.8573027594134e-08,4.16088511277602,7.54404373939458,-3.30900024814474,-4.22749503676459,0.457985080132735,0.463168230264312,"TSS_more_sig"
-0.9,"eld vs kin","57",0.00644251316518623,0.00011607877890201,2.1909446853014,3.93524716913431,-2.48630180582583,-3.38214568614141,0.455211462602702,0.477280259619286,"TSS_more_sig"
-0.9,"eld vs kin","65",7.90205332188641e-05,7.96554034842971e-08,4.10226004408979,7.09878475817024,-2.72341270343305,-3.6896445790995,0.369966636868406,0.372859015440457,"TSS_more_sig"
-0.9,"eld vs kin","67",1.06533983024182e-11,3.87537224533219e-14,10.9725118355518,13.4116865753953,-5.43768486305392,-6.39374049241594,0.553195990215765,0.5668307467503,"TSS_more_sig"
-0.9,"eld vs kin","74",2.97476079917495e-06,0.000604053666515993,5.52654795019591,3.21892447522592,3.71629105130079,2.78210667376316,0.497284836188824,0.499129947739876,"CLR_more_sig"
-0.9,"eld vs kin","79",1.47772716111134e-06,5.18148956017341e-10,5.83040574412928,9.2855453725387,-3.8284566105796,-4.72325890194576,0.470357063242629,0.483715164759532,"TSS_more_sig"
-0.9,"eld vs kin","82",0.000638567334123829,5.87791692243646e-08,3.19479330153823,7.23077655647069,-3.91079156111954,-4.7648093757972,0.570407685752001,0.596377478004854,"TSS_more_sig"
-0.9,"eld vs kin","83",2.81572771916393e-05,2.89717290884863e-08,4.55040934377064,7.53802558449319,-3.51646747038637,-4.37963524124041,0.497761851070885,0.519451142077087,"TSS_more_sig"
-0.9,"eld vs kin","84",5.02787675792639e-08,2.66161973917252e-10,7.29861537617472,9.57485399130142,-3.88498372639548,-4.74501788285475,0.458138864498278,0.491413225375282,"TSS_more_sig"
-0.9,"eld vs kin","85",0.0246177455488888,0.000125668445914073,1.60875172153094,3.90077375561312,-2.38679786830569,-3.318338364071,0.473081434079039,0.490828077012311,"TSS_more_sig"
-0.9,"eld vs kin","87",0.00107389443903456,1.76755082935232e-05,2.96903840653024,4.75262808837133,-2.94380944507941,-3.87328859111987,0.511184928752077,0.528659312953151,"TSS_more_sig"
-0.9,"eld vs kin","88",0.048888607313768,0.00447162959859148,1.31079233427555,2.34953417782961,-2.48236451797815,-3.31223141099902,0.607936786402163,0.605392207184967,"TSS_more_sig"
-0.9,"eld vs kin","89",1.39712818914929e-11,2.43201872235546e-09,10.854763744719,8.61403308606691,4.850588760744,3.92403768796368,0.449101754154141,0.443188923111443,"CLR_more_sig"
-0.9,"eld vs kin","91",9.56342652342633e-08,9.22168985686109e-10,7.01938647450302,9.03518948802843,-4.32576533809753,-5.28328358330137,0.565744660001834,0.579428369061398,"TSS_more_sig"
-0.9,"eld vs kin","100",9.58598420694284e-05,3.62113365932556e-07,4.01836329085051,6.44115544468416,-3.70994825486885,-4.64343795204878,0.537814846429896,0.559176865924538,"TSS_more_sig"
-0.9,"eld vs kin","102",0.0080946157780673,8.66659362288138e-05,2.09180376079886,4.06215156705422,-2.87284254653534,-3.82539852437854,0.525055060341573,0.541306339936412,"TSS_more_sig"
-0.9,"eld vs kin","108",0.0222637150188192,0.000706026187571101,1.6524023657176,3.1511791900152,-2.72296821409262,-3.75616823519059,0.63199357139886,0.650532586654308,"TSS_more_sig"
-0.9,"eld vs kin","110",0.0155740692376638,5.47433094922995e-05,1.80759789889193,4.26166895097418,-2.5050313747218,-3.455180860028,0.493508761001866,0.525479129569333,"TSS_more_sig"
-0.9,"eld vs kin","111",6.73639841419466e-05,2.35014229289864e-09,4.17157223505215,8.62890584191981,-3.23457968280728,-4.19664190516158,0.447098482147598,0.458763160739492,"TSS_more_sig"
-0.9,"eld vs kin","115",0.0126977578818647,3.17913845021422e-05,1.89627295821714,4.49769055832154,-2.70060797459694,-3.64382161319665,0.553464021369911,0.569593410774191,"TSS_more_sig"
-0.9,"eld vs kin","118",0.0202916841111644,9.9065998333196e-06,1.69268190713948,5.00407537952195,-2.20718694062918,-3.14329597053384,0.390868446567066,0.384404246362412,"TSS_more_sig"
-0.9,"eld vs kin","121",2.0478348091661e-08,7.80399165930179e-08,7.68870507912253,7.10768320343963,4.52209326829654,3.61505817692384,0.487584577058851,0.488601836552874,"CLR_more_sig"
-0.9,"eld vs kin","128",0.0201252691203604,0.000267382472379714,1.69625830342191,3.57286706527996,-2.71426065188379,-3.60404328950425,0.549963443376152,0.578222358601661,"TSS_more_sig"
-0.9,"eld vs kin","130",0.00057724953353136,6.75477688870713e-06,3.23863640935897,5.17038899121687,-3.31955206644499,-4.29370184525808,0.583480906672395,0.589819364878453,"TSS_more_sig"
-0.9,"eld vs kin","133",0.0069300535596021,5.91286283531521e-05,2.15926340888751,4.22820219550735,-2.57090560244389,-3.51657188783329,0.4662015938828,0.491836430905754,"TSS_more_sig"
-0.9,"eld vs kin","138",2.45220261182798e-08,3.40788104421207e-06,7.61044364933977,5.46751557316119,3.86777151829636,2.92784194282664,0.440764904988815,0.438632909607195,"CLR_more_sig"
-0.9,"eld vs kin","139",3.34454515504213e-06,2.35752807354115e-09,5.47566293621808,8.62754312696331,-3.97705551448947,-4.92054533365774,0.531246421331491,0.545343183528984,"TSS_more_sig"
-0.9,"eld vs kin","145",0.0453662725407747,0.000242486097036823,1.34326690249451,3.61531315666288,-2.41628230548586,-3.35568878564817,0.517243053705802,0.539624272206514,"TSS_more_sig"
-0.9,"eld vs kin","147",0.0097232640207277,0.000203542449904741,2.01218792146932,3.69134500247408,-2.97954745277662,-3.79408812778625,0.567644546020442,0.562973189531474,"TSS_more_sig"
-0.9,"eld vs kin","151",9.35171243158588e-15,2.70523644359579e-10,14.0291088563475,9.56779477060869,5.29582179084443,4.31755964193137,0.479701443492742,0.470167541406074,"CLR_more_sig"
-0.9,"eld vs kin","162",0.0114808523814477,0.000294010430885674,1.94002586709336,3.5316372614391,-2.90787298569933,-3.69575715541445,0.603803567122381,0.606217087210713,"TSS_more_sig"
-0.9,"eld vs kin","163",0.0110971566977862,4.48850032680582e-05,1.95478828145134,4.34789873885974,-3.02132640561769,-3.89101086036975,0.556712808468592,0.579349025983232,"TSS_more_sig"
-0.9,"eld vs kin","164",0.00186152803918241,0.00855534042830837,2.73013041785521,2.06776270462735,3.13511477470211,2.15283952135144,0.468480483550963,0.453138000190471,"CLR_more_sig"
-0.9,"eld vs kin","169",1.00914423427646e-05,1.95122264405953e-07,4.99604675678226,6.70969317265074,-3.40130121583468,-4.45636314168505,0.510108479148983,0.533869973252328,"TSS_more_sig"
-0.9,"eld vs kin","172",0.000995853074971816,2.27942420213878e-06,3.00180473129099,5.64217484484837,-2.85699926901744,-3.77031473555203,0.449464705777331,0.454450254139424,"TSS_more_sig"
-0.9,"eld vs kin","181",0.0221730010168543,1.21437219037062e-05,1.65417552308505,4.91564818685939,-2.62276906753371,-3.53720212127487,0.469830741539452,0.502202899569307,"TSS_more_sig"
-0.9,"eld vs kin","203",0.025481773601652,1.00692718272354e-05,1.59377034719212,4.99700193489305,-2.29592330841518,-3.21631091219308,0.432567488621845,0.43938757627526,"TSS_more_sig"
-0.9,"eld vs kin","207",2.42655224833811e-05,0.000874596647670868,4.61501035305233,3.05819219163881,3.51804077401538,2.66866304145894,0.453419897550662,0.469282804758414,"CLR_more_sig"
-0.9,"eld vs kin","216",0.0232074332688397,7.53520446656193e-05,1.63437288965269,4.12290495867851,-2.46465181844034,-3.31109531864861,0.508902449158782,0.515754048623583,"TSS_more_sig"
-0.9,"eld vs kin","222",0.00349675899096252,0.0295451012742225,2.45633429977599,1.52951451701413,3.31146299998927,2.25382499853568,0.514226127421161,0.50127265669229,"CLR_more_sig"
-0.9,"eld vs kin","251",0.00781862445384766,0.000143188513489989,2.10686964651185,3.84409181951418,-2.94932025672549,-3.75452272995026,0.587226946524456,0.591049885621668,"TSS_more_sig"
-0.9,"eld vs kin","252",0.00957375555451114,0.0045870680560457,2.01891766549855,2.33846481640914,-2.45585417245743,-3.42550586213379,0.457946972156225,0.467965249162111,"TSS_more_sig"
-0.9,"eld vs kin","267",0.00242168097470015,9.58453374926971e-05,2.61588307013312,4.01842900902947,-3.35949951278785,-4.16384484617883,0.580316960962293,0.606322464247253,"TSS_more_sig"
-0.9,"eld vs kin","282",0.00166822223139143,9.89827862038189e-06,2.7777460955219,5.00444032567223,-2.94648391238421,-3.9459991896627,0.486374060693225,0.469465912032948,"TSS_more_sig"
-0.9,"eld vs kin","344",0.000462445641572352,0.00931189610586643,3.33493930930895,2.03096187815173,3.03962708907752,2.07967676397544,0.428003425780454,0.419202821997084,"CLR_more_sig"
-0.9,"eld vs kin","349",0.0232418912823061,9.36101902185514e-05,1.63372853462727,4.02867687225763,-2.3616387831881,-3.26580023341422,0.494419969635129,0.495079606225212,"TSS_more_sig"
-0.9,"eld vs kin","363",0.0409403158583045,0.000241960034090812,1.38784881103869,3.61625636297502,-2.36289015393955,-3.20568094361797,0.471899704759925,0.479534511933245,"TSS_more_sig"
-0.9,"eld vs kin","473",0.0258662971213628,0.00143035148054015,1.58726573807356,2.84455723015545,-2.78300867471001,-3.64883764763193,0.523565413455349,0.532911122059301,"TSS_more_sig"
-0.9,"eld vs kin","614",0.00216380125128687,2.68962221366279e-06,2.6647826323979,5.57030871703989,-2.85538151557794,-3.77973796832335,0.482233958223539,0.492720179282996,"TSS_more_sig"
-0.9,"eld vs kin","616",0.00331293105132854,8.19731015024854e-06,2.47978760255424,5.08632863280489,-2.74047914227677,-3.56753840712982,0.425598702118289,0.433181086179967,"TSS_more_sig"
-0.9,"eld vs kin","666",3.60063803000062e-07,2.29938753223043e-12,6.44362053580027,11.6383878278061,-3.92605801533889,-4.80174029820936,0.410808754113081,0.417629826375459,"TSS_more_sig"
-0.9,"eld vs kin","728",2.6832892255066e-08,5.57860294402523e-08,7.57133251321261,7.25347454831456,4.05918110268406,3.14130362672401,0.395593837718098,0.386535435143745,"CLR_more_sig"
-0.9,"eld vs kin","744",0.000107177132479663,9.28379989154129e-05,3.96989786667026,4.03227422915279,-3.76354573602081,-4.68087480109265,0.518058521215897,0.522649452602789,"TSS_more_sig"
-0.9,"eld vs kin","757",0.0206057487946378,0.000131115399697931,1.6860115989763,3.8823462967839,-2.05440745201227,-2.95957666935242,0.438846287744027,0.441610207612248,"TSS_more_sig"
-0.9,"eld vs kin","770",0.00473195661877086,1.76049483442914e-05,2.32495924551384,4.75436524488077,-2.70689917855316,-3.57122197025848,0.421652489948623,0.430296805048401,"TSS_more_sig"
-0.9,"eld vs kin","786",1.23812756306027e-05,8.37806777100469e-11,4.90723460807909,10.0768561309103,-3.85579029572186,-4.75252818489691,0.491521266426881,0.501448838717915,"TSS_more_sig"
-0.9,"eld vs kin","849",0.000132064709572772,1.76230441068397e-07,3.87921321936804,6.75391907182548,-2.83891173751902,-3.79830911112291,0.398082291428802,0.442924328452956,"TSS_more_sig"
-0.9,"eld vs kin","854",0.00196057741502803,0.00982451733384056,2.70761600454679,2.0076887767692,3.2020339183055,2.23493027429286,0.462409097491186,0.461795460469454,"CLR_more_sig"
-0.9,"eld vs kin","877",0.0198038522736495,0.000477579214355688,1.70325032193751,3.32095458323352,-2.36034998550825,-3.1885091383873,0.534411233197669,0.56234148486056,"TSS_more_sig"
-0.9,"eld vs kin","879",0.00109979371862292,4.52993914194182e-07,2.95868876508258,6.34390763253383,-2.6335088483993,-3.55588590804335,0.418021049849161,0.409853673002024,"TSS_more_sig"
-0.9,"eld vs kin","886",2.05530354336274e-08,8.974603189823e-07,7.68712402903252,6.04698474456357,4.53099812030977,3.61786262649885,0.50933956821362,0.522387701744171,"CLR_more_sig"
-0.9,"eld vs kin","888",0.00229318153280338,0.0479370757333079,2.63956156429571,1.31932846240965,2.71513884960042,1.81803265337992,0.441920022340116,0.444617688601212,"CLR_more_sig"
-0.9,"eld vs kin","891",0.000166335633992637,9.73521109005881e-06,3.77901470214198,5.01165462716873,-3.33026143310759,-4.41689580288302,0.552214963115678,0.57553606800712,"TSS_more_sig"
-0.9,"eld vs kin","895",0.00147314614450006,6.72049607106346e-06,2.83175416653038,5.17259866846791,-3.2127654014722,-4.17280366236417,0.489437658339791,0.496980124647174,"TSS_more_sig"
-0.9,"eld vs kin","914",0.00217331435343942,2.04406710377272e-06,2.66287745173277,5.68950485104229,-2.86376714167016,-3.92572066063113,0.545793347292322,0.56234411678223,"TSS_more_sig"
-0.9,"eld vs kin","917",0.0195743076682722,0.00471957298179499,1.70831358973829,2.32609729374717,-2.20807575305546,-3.16525146205452,0.507411284851816,0.540447783410894,"TSS_more_sig"
-0.9,"eld vs kin","935",0.0441590183366613,0.000576101440363154,1.35498058962011,3.23950103895332,-2.63933709610067,-3.46057708624997,0.536598690197974,0.545531284370806,"TSS_more_sig"
-0.9,"eld vs kin","947",8.85270126294359e-07,3.40031288892817e-06,6.05292419093052,5.46848111834515,4.118906612729,3.19801280867911,0.419505045629143,0.423977975783946,"CLR_more_sig"
-0.9,"eld vs kin","965",0.00723361414283724,1.23872179415581e-05,2.1406446611959,4.90702622133165,-2.95052627457336,-3.72708315185863,0.596537529992642,0.601748840650991,"TSS_more_sig"
-0.9,"eld vs kin","978",1.74074401437817e-19,3.09987477160517e-17,18.7592650894897,16.5086558503913,5.98685434581504,5.10746655632753,0.421237374506097,0.416577090027209,"CLR_more_sig"
-0.9,"eld vs kin","984",1.63906450593458e-13,4.6305035538336e-09,12.7854039542878,8.33437177814838,4.82310706215516,3.86757379883682,0.427079970373641,0.423989879088943,"CLR_more_sig"
-0.9,"eld vs kin","988",0.00237007782730708,0.0475653165736937,2.62523739263334,1.32270960843577,3.05835328259575,2.08625651898067,0.536566743265255,0.522862888350092,"CLR_more_sig"
-0.9,"eld vs kin","991",0.000132304378982939,3.65028088659579e-09,3.87842578138578,8.43767371559694,-3.83646960254903,-4.78458935208707,0.559213437263503,0.562573586233889,"TSS_more_sig"
-0.9,"eld vs kin","1014",1.04135090896674e-08,2.17113784270683e-09,7.98240289955007,8.66331260288065,-4.2866201170885,-5.29859501022702,0.505009141004497,0.529622785258996,"TSS_more_sig"
-0.9,"eld vs kin","1021",2.72882886182527e-05,4.47840107555584e-08,4.5640237002024,7.3488770145755,-3.93296150655996,-4.82126689087413,0.551656522852496,0.556243586379762,"TSS_more_sig"
-0.9,"eld vs kin","1030",1.42506239094185e-08,8.94067992828818e-06,7.84616612130557,5.04862945235898,4.13615486159914,3.08142033994446,0.444400738227546,0.426472300152871,"CLR_more_sig"
-0.9,"eld vs kin","1047",0.0299946373316474,3.96087575989094e-05,1.52295638479559,4.40220877982242,-1.77894479870842,-2.71037517976091,0.274248519256396,0.290440442856425,"TSS_more_sig"
-0.9,"eld vs kin","1074",4.04412239854233e-15,1.4527088279752e-12,14.3931757086184,11.837821424295,4.99491782242059,4.00651570088712,0.403915271074568,0.389837548650784,"CLR_more_sig"
-0.9,"eld vs kin","1076",3.37827449303802e-12,2.17626195670034e-07,11.471305065846,6.66228882979088,4.53886914217027,3.51887615003627,0.437498183862001,0.415114279089012,"CLR_more_sig"
-0.9,"eld vs kin","1079",0.00908096638063376,0.000237973839781173,2.04186793215685,3.62347078186417,-2.44517421363471,-3.43109732602779,0.470542707669024,0.494449037948376,"TSS_more_sig"
-0.9,"eld vs kin","1089",4.54013223245283e-06,0.000208217754226137,5.34293149802653,3.68148224200271,2.90340990342349,1.96739478747011,0.281416183589975,0.28848392076318,"CLR_more_sig"
-0.9,"eld vs kin","1092",0.0437637878120171,0.00906085948705835,1.35888509630292,2.04283060444433,-1.74053458403725,-2.65206051946087,0.400569451738284,0.421464347975516,"TSS_more_sig"
-0.9,"eld vs kin","1098",4.4450040578575e-23,6.49557690886827e-22,22.3521278382249,21.1873822707324,6.88002183841255,5.98656131374477,0.447362751254746,0.444863542287463,"CLR_more_sig"
-0.9,"eld vs kin","1101",0.0256815792695418,0.000172345814247678,1.5903782731671,3.76359925981165,-2.73314486490876,-3.62538528762707,0.572893907916605,0.579489915954727,"TSS_more_sig"
-0.9,"eld vs kin","1104",0.00841314866952075,3.74676439926372e-07,2.07504143655901,6.42634361497042,-2.89465979496621,-3.82642839631198,0.456093265454407,0.480180531246298,"TSS_more_sig"
-0.9,"eld vs kin","1105",1.02155602040187e-08,6.57108117918525e-12,7.99073781240471,11.1823631674991,-4.61568471811885,-5.55379179536438,0.493361308921237,0.513214004700327,"TSS_more_sig"
-0.9,"eld vs kin","1112",8.61960607201564e-05,6.76342378527911e-07,4.06451258158354,6.16983339952689,-3.61770394656097,-4.56288532038083,0.545284903026707,0.550312738335817,"TSS_more_sig"
-0.8,"cent vs mage","7",9.34174541774746e-12,0.000522908199559201,11.029571972327,3.28157454808162,4.24427540538207,2.88692096670641,0.41768776109303,0.417320050699285,"CLR_more_sig"
-0.8,"cent vs mage","21",3.5314755521978e-10,0.0367961860407988,9.45204379594894,1.43419719402417,2.94537001015029,1.56414771042229,0.264789981627053,0.26096082916991,"CLR_more_sig"
-0.8,"cent vs mage","24",2.8315006841719e-11,0.00054748293242942,10.5479833290994,3.26162941524083,4.56774208334917,3.18326410515369,0.479061355476255,0.490081238883352,"CLR_more_sig"
-0.8,"cent vs mage","39",4.66898897404653e-08,0.0301331179378405,7.33077715166705,1.52095592862732,3.66503132029808,2.32847805097509,0.421574685964515,0.41788602684627,"CLR_more_sig"
-0.8,"cent vs mage","42",1.35398742569032e-07,0.0357314663052265,6.86838536886998,1.44694916137377,3.52794188240757,2.15345221079262,0.411896550411791,0.410538610971742,"CLR_more_sig"
-0.8,"cent vs mage","114",0.000267783622416463,1.11310656128857e-11,3.57221598786045,10.9534632572607,-3.5429286436598,-5.00656004350197,0.460840329848177,0.487350741397333,"TSS_more_sig"
-0.8,"cent vs mage","132",1.04671668790252e-05,1.78267123285281e-13,4.98017085177929,12.7489287437137,-4.28930731894323,-5.52053536829623,0.48895643124339,0.488308027416556,"TSS_more_sig"
-0.8,"cent vs mage","143",1.02761420904319e-05,2.58358149688812e-14,4.98816989928075,13.587777834451,-3.69625112791138,-5.15862584429836,0.448953276525276,0.44598735987937,"TSS_more_sig"
-0.8,"cent vs mage","168",2.07330830792867e-07,0.0204146518919582,6.68333611205171,1.69005802121199,3.57601908051297,2.18432833165969,0.445072225374018,0.445779062658031,"CLR_more_sig"
-0.8,"cent vs mage","210",8.50641077583073e-07,1.62920649193765e-12,6.07025364897103,11.7880238680391,-4.2385672991793,-5.59260032770953,0.448017197526588,0.460721014675962,"TSS_more_sig"
-0.8,"cent vs mage","219",2.93291946470743e-05,5.52240544959837e-14,4.53269986218595,13.2578717110508,-3.82104302092731,-5.17376838283702,0.464268598847034,0.473036603444979,"TSS_more_sig"
-0.8,"cent vs mage","353",0.0350675347832444,1.00352381369191e-09,1.45509476356432,8.99847231721508,-3.11870089385083,-4.48327683811521,0.434099739208603,0.453430388661771,"TSS_more_sig"
-0.8,"cent vs mage","675",0.0384262039685423,1.54812408388595e-09,1.41537251631481,8.81019423306703,-2.81417962184147,-4.29048683960514,0.454365740188547,0.486503888843894,"TSS_more_sig"
-0.8,"cent vs mage","921",5.34226776319155e-05,5.36739055978508e-13,4.27227434821988,12.2702368019948,-3.72437556008895,-5.12524754515242,0.47203839776541,0.478165830532158,"TSS_more_sig"
-0.8,"cent vs mage","1019",0.0475535434889515,1.00783198197335e-09,1.32281711573266,8.99661186410472,-2.54269728276655,-3.85378000727171,0.393487272628668,0.385690459218608,"TSS_more_sig"
-0.8,"cent vs mage","1074",2.34647253522674e-06,0.041114485315107,5.62958452471135,1.38600514201452,3.3354163873042,1.94966746415975,0.390651240157178,0.375328057460349,"CLR_more_sig"
-0.8,"cent vs mage","1087",1.08545491105068e-06,0.0377613764522816,5.9643882120885,1.42295218347526,3.9552543859512,2.54021618750662,0.494088200335428,0.49709433671283,"CLR_more_sig"
-0.8,"cent vs mage","1098",3.63682323842548e-12,4.72184201924245e-05,11.439277806573,4.32588854739685,4.634013633108,3.22875373102991,0.437242334265419,0.438216782795011,"CLR_more_sig"
-0.8,"eld vs kin","3",0,0,25.5183220825121,25.5183220825121,-4.90048681904718,-5.58809322204622,0.431891744355607,0.446796229599939,"equal"
-0.8,"eld vs kin","4",0.00344682423566743,0.0039155158371385,2.4625808620594,2.40721101509635,2.31509913283129,1.62800383871732,0.227339581256271,0.220238544563256,"CLR_more_sig"
-0.8,"eld vs kin","5",5.82279998337919e-06,3.90829252381526e-11,5.23486812790788,10.4080129381149,-2.948309016448,-3.63513485119977,0.385280915817565,0.384782930996835,"TSS_more_sig"
-0.8,"eld vs kin","7",3.03164201667928e-25,7.94578276120415e-24,24.5183220825121,23.0998633127893,7.37133789246417,6.72059604028093,0.461249947394232,0.46775284942043,"CLR_more_sig"
-0.8,"eld vs kin","10",0.000399714943360624,9.93332277026847e-08,3.39824961531821,7.00290545247058,-2.88994797102095,-3.57911442427442,0.484258803566664,0.476492876803576,"TSS_more_sig"
-0.8,"eld vs kin","11",9.12901624398798e-05,0.00029811095024136,4.03957602014661,3.52562207112586,3.01600497325283,2.31943723471253,0.35078167444474,0.347789243913142,"CLR_more_sig"
-0.8,"eld vs kin","12",0.00419469211979711,7.53238314663662e-07,2.37729990982458,6.12306759701465,-2.13481954312546,-2.83823402924569,0.379795990342778,0.369590488907118,"TSS_more_sig"
-0.8,"eld vs kin","14",0.000640541392959624,0.000580857834107423,3.1934528001065,3.23593014887947,2.6580001124028,1.96325909060858,0.280635185799818,0.275796466629054,"TSS_more_sig"
-0.8,"eld vs kin","15",0.0152606224786903,0.0250813752458957,1.8164277512077,1.60064865423171,2.74771315182724,2.0738375047641,0.44295982626467,0.430323582113278,"CLR_more_sig"
-0.8,"eld vs kin","16",2.06266687405635e-05,6.62258917264911e-05,4.68557090602644,4.17897218524988,2.82127482985866,2.12888828852227,0.26166515649296,0.267265502416175,"CLR_more_sig"
-0.8,"eld vs kin","21",1.19280423892616e-11,5.70198796604851e-12,10.923430826179,11.2439737035969,3.89080768735901,3.2031584205221,0.295930062501314,0.293749519865298,"TSS_more_sig"
-0.8,"eld vs kin","25",0.00464453773780579,0.0126275240740142,2.3330575040407,1.89868179484479,2.84229625674767,2.15276528010877,0.413765811479314,0.421381415463305,"CLR_more_sig"
-0.8,"eld vs kin","31",0.000976637837669894,0.00704138530376662,3.01026645394815,2.15234189048911,3.37935317006976,2.62060368098004,0.52050848384243,0.525699056936263,"CLR_more_sig"
-0.8,"eld vs kin","33",4.36457765689552e-06,1.15322939266187e-10,5.36005777490319,9.9380842971647,-3.3291314655847,-4.06014736585852,0.452299391219175,0.45859896109524,"TSS_more_sig"
-0.8,"eld vs kin","38",0.0101691638427108,1.97368572350728e-06,1.99271475537871,5.70472200030507,-1.978036984657,-2.66154683929277,0.370300430389444,0.3778299671591,"TSS_more_sig"
-0.8,"eld vs kin","57",0.000837102956043442,4.47695169972637e-06,3.07722112445385,5.34901759104328,-2.60483961480129,-3.21156353237225,0.449284612814261,0.485991885402079,"TSS_more_sig"
-0.8,"eld vs kin","62",0.0102328993772112,1.46078639406434e-06,1.99000129638372,5.83541328486064,-1.79957582601243,-2.48367227604641,0.30725673287122,0.318957771746386,"TSS_more_sig"
-0.8,"eld vs kin","65",4.72743907380689e-06,4.03491948773199e-10,5.32537405953844,9.39416512671207,-2.83316680634685,-3.54996575021074,0.372253759869686,0.372200067377753,"TSS_more_sig"
-0.8,"eld vs kin","67",2.55387030967391e-12,5.16716299377625e-15,11.5928011608013,14.286747838787,-5.49479648378454,-6.32355289212972,0.546583028972303,0.572978603113101,"TSS_more_sig"
-0.8,"eld vs kin","68",0.0207564637718934,3.65494098007303e-05,1.68284663421319,4.43711963162967,-1.84764740488306,-2.56456598835936,0.355033792498302,0.385951578560272,"TSS_more_sig"
-0.8,"eld vs kin","74",0.000175813699111313,0.000471107052578401,3.75494728843939,3.32688039422715,3.64609843478146,2.94904496464076,0.505449370864147,0.506483210666552,"CLR_more_sig"
-0.8,"eld vs kin","79",1.36290398123889e-07,8.86778718094996e-12,6.8655347398271,11.052184738116,-3.90816892585715,-4.6649532000835,0.468948938604342,0.490264841376978,"TSS_more_sig"
-0.8,"eld vs kin","82",7.21054299349035e-05,4.52290494099614e-08,4.14203202928929,7.34458253983194,-3.91949298764895,-4.64071866118072,0.579995175962375,0.598934388779246,"TSS_more_sig"
-0.8,"eld vs kin","83",1.12581630835925e-05,2.93539489531861e-09,4.94853246452363,8.53233346534605,-3.57383043340531,-4.21473574410094,0.507930237547916,0.518465896842398,"TSS_more_sig"
-0.8,"eld vs kin","84",1.02940879080808e-07,1.49229917247441e-11,6.98741212733984,10.8261441018433,-3.93750364722797,-4.65565157675507,0.446342417346147,0.488504650057792,"TSS_more_sig"
-0.8,"eld vs kin","85",0.00589189898180015,1.17955415512686e-05,2.2297447078618,4.92828211519988,-2.44618123853876,-3.1217346204092,0.474423307649905,0.488785044191019,"TSS_more_sig"
-0.8,"eld vs kin","87",0.00448830798575626,1.34610668574398e-06,2.34791734962953,5.87092051871992,-3.04508557887049,-3.7121959685653,0.508723947620872,0.527622752847279,"TSS_more_sig"
-0.8,"eld vs kin","88",0.0305472053059766,0.000760611726068884,1.51502851621395,3.11883698351587,-2.44932095154928,-3.22596774650922,0.603657150465976,0.609671750808073,"TSS_more_sig"
-0.8,"eld vs kin","89",1.27396989996907e-11,1.08903804295893e-09,10.8948408329361,8.96295694893242,4.7080909372018,4.0052999986833,0.443739314921178,0.447273760013682,"CLR_more_sig"
-0.8,"eld vs kin","91",1.21922618828401e-07,9.96987311796198e-11,6.91391571750621,10.0013103687214,-4.4785893640256,-5.08708764889183,0.558723632635386,0.576675655241394,"TSS_more_sig"
-0.8,"eld vs kin","93",0.0388957489516669,0.000312384910015829,1.41009786159765,3.50530995320428,-1.97009031390051,-2.66135538499639,0.466989753143443,0.463206273023555,"TSS_more_sig"
-0.8,"eld vs kin","100",2.44667470252305e-05,4.59985048177697e-09,4.61142376840481,8.33725628483898,-3.74816289364926,-4.44296909830782,0.542925345111664,0.556263192843561,"TSS_more_sig"
-0.8,"eld vs kin","102",0.000506781488093411,1.99885979047533e-07,3.29517925757257,6.69921766829232,-2.97128581234786,-3.71767934979073,0.524135446985663,0.537572508234851,"TSS_more_sig"
-0.8,"eld vs kin","108",0.0271930088581827,0.000107374457811141,1.56554273583989,3.96909901613135,-2.82297985219655,-3.61238561904406,0.639437476663104,0.650687755427227,"TSS_more_sig"
-0.8,"eld vs kin","110",0.00696194899230861,4.94146172347822e-05,2.15726916295924,4.30614456432752,-2.51611624530079,-3.25938352146657,0.494143790689199,0.528365165076451,"TSS_more_sig"
-0.8,"eld vs kin","111",3.55789818437233e-05,1.88446185831165e-09,4.44880648418856,8.7248126482873,-3.33076586406632,-4.08453076303428,0.448887364173302,0.46031121549302,"TSS_more_sig"
-0.8,"eld vs kin","115",0.00314544340116765,1.48272030395444e-05,2.50231812506544,4.82894076529353,-2.7717039950203,-3.41438082661962,0.553108336591182,0.554176031515039,"TSS_more_sig"
-0.8,"eld vs kin","118",0.00177609384813303,3.11120613378259e-07,2.75053408999352,6.50707121364264,-2.36864520744168,-3.05433222374998,0.392089675987134,0.394311507296489,"TSS_more_sig"
-0.8,"eld vs kin","121",6.50873795588735e-07,6.59889579598972e-07,6.18650321295697,6.18052872958362,4.44008136867896,3.72246556392623,0.481581344442299,0.494721826237636,"CLR_more_sig"
-0.8,"eld vs kin","126",0.0312880203732214,0.000221849591746271,1.50462191426461,3.65394136614736,-2.18741581431261,-2.88322345101185,0.504326412181636,0.517717651622945,"TSS_more_sig"
-0.8,"eld vs kin","128",0.00380434304951911,0.000235185938026569,2.41972032827622,3.62858864866747,-2.7515868849869,-3.4295643997831,0.552469864621768,0.586781566781193,"TSS_more_sig"
-0.8,"eld vs kin","130",0.00113833034742514,1.64947757337029e-06,2.94373168588087,5.78265358483385,-3.28095703669744,-4.09254308741024,0.576179955267442,0.591945282830881,"TSS_more_sig"
-0.8,"eld vs kin","133",0.00265433685182352,4.61870930131651e-06,2.57604396330842,5.33547937111718,-2.63964288797283,-3.35345549493759,0.469746621551319,0.495064951046174,"TSS_more_sig"
-0.8,"eld vs kin","138",7.80361844646917e-05,2.09871147853015e-05,4.10770397334261,4.67804726217746,3.67886981012653,3.03976805479167,0.430949848274916,0.431440429902746,"TSS_more_sig"
-0.8,"eld vs kin","139",7.77278895611254e-06,2.43706207203643e-08,5.10942312393738,7.61313340918229,-4.0729696757767,-4.69134598540508,0.53481119501224,0.54801239768847,"TSS_more_sig"
-0.8,"eld vs kin","145",0.0183309477285443,3.22135768092913e-05,1.73681508099321,4.49196105095506,-2.43270476596867,-3.25299039180232,0.511407656945507,0.540249931242407,"TSS_more_sig"
-0.8,"eld vs kin","147",0.0256361464110469,2.11925910068897e-05,1.59114725677403,4.67381594318516,-2.80029476898572,-3.60210678522652,0.567162454571928,0.550552989899245,"TSS_more_sig"
-0.8,"eld vs kin","148",0.0401368126388005,0.000770613640650514,1.39645711885259,3.11316330779795,-2.12159344292848,-2.78628241324393,0.515233304429985,0.548065681720938,"TSS_more_sig"
-0.8,"eld vs kin","150",0.0423073866661985,6.56915654330709e-05,1.37358380027735,4.18249038875115,-1.90796458816472,-2.65558309968963,0.402403666875289,0.409235070201408,"TSS_more_sig"
-0.8,"eld vs kin","151",2.35910397143544e-11,5.93029650482025e-11,10.6272529182812,10.2269235921015,5.2728368840585,4.57978005093932,0.477666816607699,0.488199603273517,"CLR_more_sig"
-0.8,"eld vs kin","152",0.0363731127460533,0.00295114147021463,1.43921953120846,2.53000997102837,-2.4740554574266,-3.0240355789881,0.613042696867171,0.624341030940955,"TSS_more_sig"
-0.8,"eld vs kin","162",0.00858759776380295,0.000176105146043881,2.06612830576489,3.75422795314228,-2.99853426249206,-3.62872326182703,0.603149475726761,0.598427062158995,"TSS_more_sig"
-0.8,"eld vs kin","163",0.00643052332808761,4.3446912708333e-06,2.19175368193546,5.36204107862548,-3.04835672073505,-3.65903697443253,0.569211592591506,0.577033869004196,"TSS_more_sig"
-0.8,"eld vs kin","164",0.00200618282723672,0.00709519127558074,2.69762949143426,2.14903589212906,3.00729412421531,2.36712418336188,0.468041829568387,0.465806454806945,"CLR_more_sig"
-0.8,"eld vs kin","169",0.00082355688769316,2.37241794264799e-09,3.08430639630246,8.62480880004776,-3.54420674904674,-4.27790374579362,0.508416808174211,0.527853986315245,"TSS_more_sig"
-0.8,"eld vs kin","172",0.000663554590984448,3.3250722383302e-07,3.17812334169476,6.47819891506241,-2.93669331522486,-3.6266143247479,0.451318236708918,0.457420428774959,"TSS_more_sig"
-0.8,"eld vs kin","175",0.0451872061065479,0.000715970638352507,1.34498450996376,3.1451047875566,-2.17972037406001,-2.88772221902546,0.55032492256083,0.573751313835411,"TSS_more_sig"
-0.8,"eld vs kin","181",0.000780340531930515,4.38135865670749e-06,3.10771583466258,5.35839119415041,-2.71678166463109,-3.40663152061731,0.472376468734155,0.499519309500097,"TSS_more_sig"
-0.8,"eld vs kin","200",0.0404742141914543,0.00020032054047052,1.3928215743381,3.69827451672921,-2.3775655731241,-3.00161582651085,0.522904366551488,0.5230180046795,"TSS_more_sig"
-0.8,"eld vs kin","203",0.014542457675312,6.23288959300708e-05,1.83736219150795,4.20531056596416,-2.3034199093243,-2.97942013222236,0.440843007470022,0.449574898879052,"TSS_more_sig"
-0.8,"eld vs kin","207",0.000276515105607751,0.00396179130506412,3.55828113885151,2.40210840548758,3.4944061633079,2.71956939859594,0.453926222189939,0.461319389313122,"CLR_more_sig"
-0.8,"eld vs kin","216",0.0055656855610215,2.45406656424433e-05,2.25448133321051,4.61011366162045,-2.50372251516632,-3.19771759709504,0.504412929940881,0.520610590226968,"TSS_more_sig"
-0.8,"eld vs kin","222",0.00105072231164429,0.042732796269492,2.97851204558475,1.36923868769588,3.25186612382614,2.45870087387208,0.502678621033342,0.5242487503382,"CLR_more_sig"
-0.8,"eld vs kin","251",0.00485285525519534,5.33360632270023e-05,2.3140026620759,4.2729790430497,-2.96909475047016,-3.70682171922378,0.581709913396264,0.577568806132963,"TSS_more_sig"
-0.8,"eld vs kin","252",0.0217870106083292,2.5851562879064e-06,1.66180235513102,5.58751319611991,-2.49883088128806,-3.24563654334303,0.461920232912611,0.471556795328117,"TSS_more_sig"
-0.8,"eld vs kin","267",0.00057039791196664,1.56567173937053e-05,3.24382207295813,4.80529928744014,-3.37931513071601,-4.03581853914725,0.58335889468441,0.615081129853032,"TSS_more_sig"
-0.8,"eld vs kin","282",0.00102012641673635,1.10767576020709e-07,2.99134600599389,6.95558734805586,-3.04858338991545,-3.8435938273036,0.469010809804801,0.470551791654169,"TSS_more_sig"
-0.8,"eld vs kin","344",0.00147607550551891,0.0181065375711147,2.83089142652957,1.74216458985843,2.87026676179876,2.22228374941104,0.409431308812615,0.412531136603611,"CLR_more_sig"
-0.8,"eld vs kin","349",0.0301753709455444,6.94504815310642e-05,1.52034738241991,4.15832473875921,-2.43117525278823,-3.20286292793191,0.474496801631127,0.482097819633828,"TSS_more_sig"
-0.8,"eld vs kin","363",0.0103437166397677,0.000113509752168712,1.98532338521495,3.94496682454033,-2.44238594431686,-3.15284508629986,0.476630491661449,0.482219700572552,"TSS_more_sig"
-0.8,"eld vs kin","473",0.00308057153684511,5.68405235928284e-06,2.51136870159339,5.24534193017404,-2.80786980992568,-3.52382384676306,0.523159786916466,0.53781160275807,"TSS_more_sig"
-0.8,"eld vs kin","614",0.000984985514695518,2.04845369536256e-06,3.00657015623748,5.68857384868707,-2.97071703330508,-3.72652229717605,0.48238174862933,0.5043834365251,"TSS_more_sig"
-0.8,"eld vs kin","616",3.87604392162149e-05,3.46953632398243e-08,4.41161131035972,7.45972856134489,-2.81526158455616,-3.51067110495919,0.413753181180016,0.43198085211972,"TSS_more_sig"
-0.8,"eld vs kin","666",1.73945917144353e-10,9.68843061333047e-15,9.75958576054955,14.0137465667233,-4.00453771101772,-4.75203412529308,0.409159979772444,0.428862914704072,"TSS_more_sig"
-0.8,"eld vs kin","728",9.15373770273636e-09,1.28118820350561e-08,8.03840153629219,7.89238706874066,3.98851089236351,3.22821537877767,0.395390570785687,0.371591740693448,"CLR_more_sig"
-0.8,"eld vs kin","744",4.54117919621401e-06,1.5298823338267e-08,5.34283136037795,7.81534197031632,-3.81168820603019,-4.515439260754,0.517168800461514,0.516144505027538,"TSS_more_sig"
-0.8,"eld vs kin","754",0.0475360774078737,0.000205581829326832,1.32297665833356,3.68701527378098,-2.16124993196064,-2.79927996727818,0.469792345287386,0.470885170744737,"TSS_more_sig"
-0.8,"eld vs kin","757",0.0278530635272227,1.45222548112087e-05,1.55512703030007,4.83796594726957,-2.12691966572134,-2.80142804572629,0.433416400214119,0.436593698685578,"TSS_more_sig"
-0.8,"eld vs kin","770",6.48150064047106e-05,2.30411144069526e-08,4.18832443171817,7.63749651964614,-2.77789849302487,-3.45287126413236,0.415070812907743,0.435728388186297,"TSS_more_sig"
-0.8,"eld vs kin","786",1.46360373608727e-06,3.17072898364817e-09,5.83457649057651,8.49884087747344,-3.9258039596635,-4.61078316252414,0.503457007599695,0.495480304619745,"TSS_more_sig"
-0.8,"eld vs kin","849",2.73876590940454e-05,3.3788808755583e-08,4.562445086621,7.47122711926377,-2.93276153327761,-3.60833171693013,0.400447519971078,0.437364532876891,"TSS_more_sig"
-0.8,"eld vs kin","854",0.0312541345900246,0.0153453862794942,1.50509252197251,1.81402217488016,3.18347544216284,2.37795535227541,0.475491109710572,0.460170976806868,"TSS_more_sig"
-0.8,"eld vs kin","875",0.0263908440373381,0.00021260107178032,1.57854671986344,3.67243455040959,-2.50983864414128,-3.30041439485731,0.547985918432087,0.560616731481355,"TSS_more_sig"
-0.8,"eld vs kin","877",0.0273723077049829,0.000118067733656711,1.56268858653978,3.92786877308474,-2.48804464405012,-3.19816920377381,0.542200611259076,0.55951191903919,"TSS_more_sig"
-0.8,"eld vs kin","879",0.000198549465202742,2.03710807181436e-09,3.70213127838006,8.69098593037754,-2.75390364753789,-3.48081261955034,0.431481966745608,0.416393624621186,"TSS_more_sig"
-0.8,"eld vs kin","886",1.48031151246064e-06,7.38907565683362e-06,5.82964688331661,5.1314098866721,4.33162784258074,3.81077193791031,0.500526171392691,0.540944437842621,"CLR_more_sig"
-0.8,"eld vs kin","891",8.07346249270945e-05,3.95323312203545e-08,4.09294016800731,7.40304757456966,-3.53795700604776,-4.13004600024531,0.558515941582615,0.569698602354175,"TSS_more_sig"
-0.8,"eld vs kin","895",0.000464760040264007,7.7676331946196e-07,3.33277121934164,6.10971129099319,-3.23207969723119,-3.92856509358823,0.496670994862492,0.50444523922824,"TSS_more_sig"
-0.8,"eld vs kin","914",0.0014796784512263,9.47696167790355e-06,2.82983265084174,5.02333087553311,-2.99715652302433,-3.64949393951384,0.550592229000175,0.565898518867074,"TSS_more_sig"
-0.8,"eld vs kin","917",0.0169119228424895,0.000254705468273385,1.77180701142013,3.59396173106519,-2.31150461677753,-2.99644690316754,0.513362254904957,0.529640064721756,"TSS_more_sig"
-0.8,"eld vs kin","935",0.0063062613782032,3.9620013106183e-05,2.20022803283346,4.40208538513412,-2.56069444719554,-3.37550096754242,0.533704510226094,0.55265690625168,"TSS_more_sig"
-0.8,"eld vs kin","947",9.28061066658578e-06,1.50140204696506e-05,5.03242344615152,4.82350299636558,4.06330884830342,3.33178045556316,0.419505609909868,0.438306723839782,"CLR_more_sig"
-0.8,"eld vs kin","965",0.0322876497156864,2.07855697638031e-05,1.4909635670193,4.68223806632812,-2.7966452791195,-3.59524707632194,0.605100868534,0.60231369174401,"TSS_more_sig"
-0.8,"eld vs kin","978",2.01489246436741e-22,2.67073065642085e-17,21.695748127378,16.5733699084325,5.91626180370124,5.36622832986872,0.415132597543865,0.428887006849771,"CLR_more_sig"
-0.8,"eld vs kin","984",3.95853720335449e-10,1.50745540243875e-10,9.40246526909344,9.82175552745399,4.76598584139394,4.06266232518132,0.430410705014903,0.410829695716282,"TSS_more_sig"
-0.8,"eld vs kin","991",3.33493446406668e-05,3.42745214163335e-05,4.4769126961324,4.46502860065797,-3.85454716615775,-4.48953878574003,0.549359711465287,0.573794204001801,"CLR_more_sig"
-0.8,"eld vs kin","1000",0.033262936002788,8.53313647416217e-05,1.47803941977272,4.06889130845132,-2.42924843411107,-3.0903378721593,0.571310317623217,0.563321953879108,"TSS_more_sig"
-0.8,"eld vs kin","1014",9.68376126958284e-09,7.18536390086982e-11,8.01395592560998,10.1435512322427,-4.48107837383716,-5.12426927141241,0.504009844385901,0.522558913227752,"TSS_more_sig"
-0.8,"eld vs kin","1021",6.15080760445644e-06,1.75488221329766e-09,5.21106785737386,8.75575202782012,-3.94663044680409,-4.61065053970075,0.547943193972776,0.545435202005547,"TSS_more_sig"
-0.8,"eld vs kin","1030",1.27054544846756e-06,2.52358891953397e-07,5.89600979526088,6.59798138814346,3.96126758122902,3.27696275010491,0.442534140413568,0.432386487610814,"TSS_more_sig"
-0.8,"eld vs kin","1047",0.00196475758979916,4.58299549305665e-08,2.70669102488491,7.33885056984262,-1.87609561364634,-2.56180824491044,0.274667910995219,0.291279797201643,"TSS_more_sig"
-0.8,"eld vs kin","1074",1.75277679162867e-13,1.88895433636845e-12,12.7562733858663,11.7237785405974,4.78072134075543,4.08998313656735,0.386842557172466,0.384276879506715,"CLR_more_sig"
-0.8,"eld vs kin","1076",3.59960768389404e-09,4.96887190492881e-07,8.4437448297895,6.30374219900807,4.37541805846422,3.72693328941016,0.432524566429498,0.425801479823858,"CLR_more_sig"
-0.8,"eld vs kin","1079",0.00392054097894909,1.03789978458102e-05,2.40665400237694,4.98384457818756,-2.55927185776835,-3.28061242700075,0.47126555735225,0.486282954929754,"TSS_more_sig"
-0.8,"eld vs kin","1082",0.0315455297804095,0.0347004990462724,1.50106217458938,1.45966427934504,2.77548949930804,2.05505925477831,0.48477497214462,0.493743169245464,"CLR_more_sig"
-0.8,"eld vs kin","1089",0.000124006723103462,0.000215865648314309,3.90655476864757,3.66581646343011,2.80994851462934,2.11897404199943,0.282598150612171,0.288843470310722,"CLR_more_sig"
-0.8,"eld vs kin","1092",0.0254534291519058,4.1818630034876e-05,1.59425370010808,4.3786301986355,-1.94287244225751,-2.57767574590061,0.41303859133329,0.408087800434449,"TSS_more_sig"
-0.8,"eld vs kin","1098",6.40729552736067e-24,1.86182927536862e-22,23.1933252443331,21.7300601451402,6.78034580734125,6.10651743241364,0.444230994141259,0.44423348087097,"CLR_more_sig"
-0.8,"eld vs kin","1101",0.00158852261281015,9.44729679260131e-05,2.79900659855873,4.02469244080296,-2.84710739406668,-3.4703675549502,0.579812004846864,0.594221940554782,"TSS_more_sig"
-0.8,"eld vs kin","1104",0.00019809467322082,1.32301962135244e-07,3.70312720251247,6.87843371485868,-2.89255937834178,-3.63412283037954,0.453499879442506,0.482457349736979,"TSS_more_sig"
-0.8,"eld vs kin","1105",1.03642539020236e-09,1.29179074844406e-14,8.98446195627121,13.888807830115,-4.78307190434367,-5.3848799458705,0.500448498222394,0.49975601186501,"TSS_more_sig"
-0.8,"eld vs kin","1112",1.06292264405844e-05,4.65822478609368e-10,4.97349834082102,9.33177955809318,-3.7802491207275,-4.51179545676797,0.529292907029582,0.533782735394868,"TSS_more_sig"
-0.7,"cent vs mage","4",2.91230124198608e-10,0.0415130902548337,9.5357637045768,1.38181493632352,2.19965441272273,1.11750829198464,0.199443202932445,0.183007189319783,"CLR_more_sig"
-0.7,"cent vs mage","7",4.89011105607059e-13,3.37143396194997e-06,12.3106812777903,5.47218534265844,4.16235413599874,3.10516230353697,0.418488808187968,0.416230570395716,"CLR_more_sig"
-0.7,"cent vs mage","14",9.66567810841134e-11,0.0147062071813037,10.0147676720637,1.83249931997293,2.69630961225116,1.62235233237514,0.263308170933799,0.259308941504004,"CLR_more_sig"
-0.7,"cent vs mage","20",1.76525003002651e-10,0.0180537555604487,9.75319377244593,1.74343244198412,2.67943275714889,1.59733604321204,0.265782362635085,0.268674955820526,"CLR_more_sig"
-0.7,"cent vs mage","21",2.56065267178181e-12,0.00354543923756397,11.5916493254591,2.45032995325004,2.85636152873505,1.76692313518902,0.264868754859029,0.260817991011066,"CLR_more_sig"
-0.7,"cent vs mage","22",0.0416406692789584,2.3244017277003e-07,1.38048229881033,6.6336888104272,-1.61206634566955,-2.691147495995,0.326573451888683,0.321862517301298,"TSS_more_sig"
-0.7,"cent vs mage","24",1.1933567973275e-12,1.73991892396086e-05,11.9232296888163,4.75947098832474,4.47575236007854,3.38411351773066,0.477567457699284,0.488593661647602,"CLR_more_sig"
-0.7,"cent vs mage","26",1.01175542036579e-08,0.0155883236985883,7.99492446024636,1.80720058446447,3.10393754878728,1.98072856248966,0.371242015266807,0.371482629102085,"CLR_more_sig"
-0.7,"cent vs mage","39",5.23343316791346e-10,0.000577562692832246,9.28121331749635,3.23840086741274,3.60615320297971,2.50669984302916,0.424218599532909,0.416997800159606,"CLR_more_sig"
-0.7,"cent vs mage","42",7.85378995568361e-10,0.00738106072623564,9.10492071782335,2.13188122158505,3.4592661868521,2.34621803595551,0.413392141832684,0.413454147857716,"CLR_more_sig"
-0.7,"cent vs mage","51",0.0259643528795374,1.33313288422528e-06,1.58562249703766,5.87512655875612,-1.80062644975482,-2.8537575176899,0.36893089394063,0.384939460685863,"TSS_more_sig"
-0.7,"cent vs mage","56",1.2966592360313e-08,0.0203279415218184,7.88717414215477,1.69190659730775,2.9891335310701,1.90367762204752,0.362036438515643,0.374769895880216,"CLR_more_sig"
-0.7,"cent vs mage","57",0.0144527062072145,1.17621989174297e-05,1.8400508255151,4.92951148026372,-2.02057322248443,-3.06616802983544,0.426042953110622,0.453039838739262,"TSS_more_sig"
-0.7,"cent vs mage","100",0.00986355514358628,7.27196794289874e-06,2.00596652309545,5.13834804428731,-2.69263614975604,-3.80304442896105,0.560057372119917,0.578231247927922,"TSS_more_sig"
-0.7,"cent vs mage","106",4.10332706739525e-08,0.0411580593384207,7.3868638649722,1.38554511103509,2.71707935465042,1.64743559184813,0.324508587822817,0.337986422933183,"CLR_more_sig"
-0.7,"cent vs mage","114",8.12814349042732e-08,5.7052307488103e-12,7.09000863816169,11.2437267857929,-3.63889174427916,-4.78237738183652,0.465412374319654,0.493395987538496,"TSS_more_sig"
-0.7,"cent vs mage","132",1.45451397584132e-07,0,6.83728210143541,14.3817149645497,-4.28138605493977,-5.50803379700962,0.475816617190334,0.490696671016852,"TSS_more_sig"
-0.7,"cent vs mage","142",2.59160452864869e-07,0.0171594194365493,6.58643126982664,1.765497409947,3.58834685315813,2.49781155395424,0.535155581129761,0.539829924641296,"CLR_more_sig"
-0.7,"cent vs mage","143",9.06850309354596e-08,1.28358787719144e-11,7.04246439451264,10.8915743932388,-3.72604022755179,-4.89148831423403,0.447945534745395,0.447929178654118,"TSS_more_sig"
-0.7,"cent vs mage","146",0.0408158691147771,1.48906166393766e-06,1.38917095139455,5.82708731718849,-1.98717679692663,-2.99368412301993,0.405373666291577,0.419790004846712,"TSS_more_sig"
-0.7,"cent vs mage","148",0.00262912311095414,1.62054939909224e-07,2.58018907720432,6.79033772586214,-2.61493589774123,-3.79028696300228,0.47015097345363,0.508180874413663,"TSS_more_sig"
-0.7,"cent vs mage","168",4.01995574781201e-08,0.0325934060196934,7.39577872765852,1.48687025327324,3.5699058247812,2.36510130355624,0.437294700088971,0.455838256981232,"CLR_more_sig"
-0.7,"cent vs mage","169",0.0015020439028974,1.42871987399019e-08,2.82331737325234,7.84505291404041,-2.31755531165966,-3.44921325988616,0.414058672899194,0.431235311827493,"TSS_more_sig"
-0.7,"cent vs mage","210",4.69117427311557e-10,0,9.32871843308427,14.3817149645497,-4.3264690820353,-5.3830316872402,0.463120148237781,0.46082346571927,"TSS_more_sig"
-0.7,"cent vs mage","219",1.17166768959793e-08,5.61928975573167e-14,7.93119554620034,13.2503185731603,-3.84419153653032,-4.96039846050794,0.462848690097361,0.475892701177959,"TSS_more_sig"
-0.7,"cent vs mage","287",0.0346714671403667,8.81212462122362e-06,1.46002778056789,5.05491936967753,-1.95375152950492,-3.05188769464802,0.436134365959765,0.447392029755323,"TSS_more_sig"
-0.7,"cent vs mage","289",0.0259187668466061,1.32783503123797e-06,1.58638566501033,5.87685587788472,-2.43754527688161,-3.45995897629737,0.475476660326647,0.488781822008112,"TSS_more_sig"
-0.7,"cent vs mage","294",3.01566160626106e-06,0.0416601883319366,5.52061739316656,1.38027877108208,2.89239407685274,1.76404596526291,0.395829316315415,0.383946391148167,"CLR_more_sig"
-0.7,"cent vs mage","353",6.35923992923435e-06,4.30353536619629e-11,5.1965947891103,10.3661746236776,-3.23671378632067,-4.26485562657601,0.445952380481934,0.456642240056901,"TSS_more_sig"
-0.7,"cent vs mage","363",0.0444436657475292,3.13924236343132e-05,1.35219012731292,4.50317515354571,-1.98805392349765,-3.0483277720236,0.432281500136531,0.441531083753215,"TSS_more_sig"
-0.7,"cent vs mage","401",0.0424922646916573,3.38925487179148e-05,1.37169012189049,4.46989577101195,-1.92887803134774,-3.0978003555672,0.428760498919706,0.433327010444414,"TSS_more_sig"
-0.7,"cent vs mage","464",0.0123877660164399,0.000132773539721192,1.9070070063124,3.87688846636912,-2.15600542061944,-3.25275321782442,0.468776222701194,0.48323702245603,"TSS_more_sig"
-0.7,"cent vs mage","528",0.0362939789432407,3.29608518167081e-06,1.44016541707454,5.48200157323355,-2.00760032437971,-3.03650120615512,0.415710562446279,0.438526688886892,"TSS_more_sig"
-0.7,"cent vs mage","531",0.0414691197967,5.06093054568736e-06,1.38227518266089,5.2957696227449,-2.0430844762535,-3.15622729542125,0.448658446327515,0.467740720945705,"TSS_more_sig"
-0.7,"cent vs mage","546",0.00902102879721483,8.35408986072932e-06,2.04474393080896,5.07810085755917,-2.22564193321086,-3.0689127662175,0.43565892244659,0.43734639759868,"TSS_more_sig"
-0.7,"cent vs mage","675",0.000271640997350319,5.98010150421799e-09,3.56600468365756,8.22329144438155,-2.93426852292929,-4.03353774776442,0.460581766600596,0.477011242624121,"TSS_more_sig"
-0.7,"cent vs mage","728",1.89512589709905e-07,0.0482842397431024,6.72236193366465,1.31619460236526,2.53185809077304,1.45139516206328,0.307906378765221,0.305635298501186,"CLR_more_sig"
-0.7,"cent vs mage","737",0.0313201474735299,0.0006020128101158,1.50417620169744,3.22039426737438,-2.09568157010482,-3.08691465152575,0.465251678257124,0.468558788927345,"TSS_more_sig"
-0.7,"cent vs mage","769",0.021943975020601,2.23450277010157e-06,1.65868469977198,5.65081910261066,-2.09401046054889,-3.05156964815906,0.439468514989111,0.445852200219081,"TSS_more_sig"
-0.7,"cent vs mage","770",0.0016022566248399,1.51925913466867e-08,2.79526792406565,7.81836814374203,-2.05856374268097,-3.14536289248284,0.326284949505174,0.356778685716469,"TSS_more_sig"
-0.7,"cent vs mage","816",0.0381739002610422,1.01070413738244e-05,1.4182334655339,4.99537595648316,-1.71436399795475,-2.79941506828451,0.396480621677347,0.411658920244513,"TSS_more_sig"
-0.7,"cent vs mage","819",0.039598761111309,1.15936678320945e-05,1.4023184012194,4.93577914667311,-1.89027652992222,-3.07093972075588,0.431198392460118,0.448055645342393,"TSS_more_sig"
-0.7,"cent vs mage","849",0.0361652758852037,1.99917824135322e-06,1.44170821755803,5.69914848362813,-1.84133032913352,-2.92653342981996,0.379075471041898,0.413681238738576,"TSS_more_sig"
-0.7,"cent vs mage","854",3.69123943165053e-07,0.0231044478798515,6.43282778344913,1.63630440522789,3.38441762152637,2.30724519133953,0.460657216208204,0.457793135179009,"CLR_more_sig"
-0.7,"cent vs mage","884",0.0455593386559193,3.68692240035667e-06,1.34142258881088,5.43333600300998,-1.74482735508373,-2.79530001474089,0.393667146126003,0.391663771152131,"TSS_more_sig"
-0.7,"cent vs mage","912",0.0196283620368872,2.80621541021017e-06,1.70711594023808,5.551878994792,-2.20715182243507,-3.15366850844838,0.461278922615478,0.461779648226017,"TSS_more_sig"
-0.7,"cent vs mage","917",0.00788016664308193,6.86581128183465e-06,2.10346459832191,5.1633081380475,-2.33547494797312,-3.4884469034426,0.465291200620385,0.50729827382887,"TSS_more_sig"
-0.7,"cent vs mage","921",5.18538842101012e-08,5.81305836799828e-14,7.28521870643343,13.2355953163396,-3.7707968273418,-4.90994714397271,0.467532265982305,0.476543340122771,"TSS_more_sig"
-0.7,"cent vs mage","966",0.0445191424777963,2.75236167254412e-06,1.35145320958324,5.56029449846352,-2.19376300268044,-3.41038066181633,0.510416196338965,0.529879368222181,"TSS_more_sig"
-0.7,"cent vs mage","978",7.40473552612214e-07,0.0158590477719338,6.13049044849955,1.79972289266846,3.2917012421482,2.23538288711719,0.452733984661673,0.447126670904749,"CLR_more_sig"
-0.7,"cent vs mage","1004",0.0185471595150541,3.63293830928414e-07,1.73172259286274,6.43974197680422,-2.22666331294191,-3.47085957816081,0.449910442496243,0.465534304473218,"TSS_more_sig"
-0.7,"cent vs mage","1019",0.000642823128898379,6.39815630966576e-11,3.19190850562955,10.1939451541244,-2.63054730724246,-3.73337975690688,0.405127799734741,0.398874281201616,"TSS_more_sig"
-0.7,"cent vs mage","1043",3.5585068936511e-08,0.00999118533694972,7.44873218850736,2.00038298477115,2.84260067958405,1.71652897209829,0.324906431333664,0.326515305278097,"CLR_more_sig"
-0.7,"cent vs mage","1058",0.00748355118006769,1.21308005521511e-06,2.12589226685147,5.91611053764049,-2.56393425851988,-3.68467477462014,0.460890948797392,0.455033933262583,"TSS_more_sig"
-0.7,"cent vs mage","1074",3.6309677846072e-09,0.00264963991961012,8.43997760430369,2.57681314174312,3.29630873445974,2.18721763951396,0.382055307244311,0.381244833200622,"CLR_more_sig"
-0.7,"cent vs mage","1079",0.0208790208840587,7.80789798616532e-07,1.68028987131253,6.10746586956459,-2.00600081982012,-3.12072598609427,0.394377738239018,0.420644132027638,"TSS_more_sig"
-0.7,"cent vs mage","1087",4.89863056883678e-08,0.00134423503776057,7.30992531171031,2.87152478881341,3.94093328031667,2.8219082315554,0.48684589460439,0.494477171011307,"CLR_more_sig"
-0.7,"cent vs mage","1098",4.15226473990022e-14,2.59630025908711e-07,13.3817149645497,6.5856450833185,4.55022676672561,3.45361548584417,0.439013850639094,0.437031939949606,"CLR_more_sig"
-0.7,"cent vs mage","1104",0.00164772897839498,1.07658805595912e-06,2.78311422034948,5.96795044270705,-2.4093730790989,-3.46825162495474,0.436657477668044,0.443434065542274,"TSS_more_sig"
-0.7,"eld vs kin","3",1.79817272183413e-12,0,11.7451685948404,27.9455482944653,-4.66869694999076,-5.60605026563106,0.431585418649127,0.446363200682567,"TSS_more_sig"
-0.7,"eld vs kin","4",8.0484087490058e-11,0.00234660529433227,10.0942899755126,2.62955995382246,2.54920558756623,1.61029658032642,0.227186226741123,0.220687186619738,"CLR_more_sig"
-0.7,"eld vs kin","5",0.000146723307292764,6.18359649160541e-09,3.83350089212383,8.20875885789741,-2.71150204945687,-3.6556492158166,0.38529742164355,0.384841926069546,"TSS_more_sig"
-0.7,"eld vs kin","7",1.13357877473809e-27,2.25455730977071e-25,26.9455482944653,24.6469387206587,7.58073468132634,6.67095182123416,0.461802791243209,0.463020766189408,"CLR_more_sig"
-0.7,"eld vs kin","10",0.0020675807494949,2.8983167636846e-06,2.68453752004616,5.53785415123116,-2.66819442303977,-3.59785003547566,0.484082747278795,0.470263993398554,"TSS_more_sig"
-0.7,"eld vs kin","11",3.36505225890199e-09,0.000227283890948142,8.47300818684074,3.64343134439053,3.24870506337706,2.32625909663592,0.351359441252,0.357284546238431,"CLR_more_sig"
-0.7,"eld vs kin","12",0.0313490386326172,2.32223245893733e-05,1.50377577294973,4.63409430889517,-1.92004547850624,-2.86531668495177,0.378613479926436,0.369361334573594,"TSS_more_sig"
-0.7,"eld vs kin","14",1.06263729840806e-10,0.00053773111224365,9.97361494448828,3.26943483522673,2.88199190232157,1.94203285364962,0.279695509522281,0.277545614979739,"CLR_more_sig"
-0.7,"eld vs kin","15",7.15426448884612e-06,0.0125477614226012,5.14543500828502,1.90143374737251,3.02898692414916,2.07232382829131,0.453027779176953,0.436026058938342,"CLR_more_sig"
-0.7,"eld vs kin","16",1.46995993418431e-13,1.95856326383662e-05,12.8326945023945,4.70806239568037,3.04941651417243,2.09850758178216,0.262294827783864,0.267393219364095,"CLR_more_sig"
-0.7,"eld vs kin","21",6.7175176593185e-20,2.74661011988212e-12,19.1727911832,11.5612029841182,4.11591275145602,3.18184035821642,0.295905123335157,0.29341639783513,"CLR_more_sig"
-0.7,"eld vs kin","23",1.67745234584831e-06,0.0479318798687895,5.77534980870239,1.31937553782165,2.44782378942576,1.50083830370441,0.298247822363352,0.312198924229044,"CLR_more_sig"
-0.7,"eld vs kin","25",1.18128701504392e-06,0.00742866168825946,5.92764456986684,2.12908941958476,3.05147049321758,2.11539171993457,0.410684662281389,0.417112816958398,"CLR_more_sig"
-0.7,"eld vs kin","29",4.91464167338676e-07,0.0372632625556573,6.3085081410961,1.42871912346316,2.47963794316406,1.53205872573347,0.290645939725358,0.291621423553213,"CLR_more_sig"
-0.7,"eld vs kin","31",4.05785636654269e-06,0.00518860676422578,5.39170332948649,2.28494924250573,3.61469558937452,2.74407662458692,0.525331072138108,0.546071124620744,"CLR_more_sig"
-0.7,"eld vs kin","33",3.13306488715987e-05,1.87753896681421e-08,4.5040306105943,7.72641104079688,-3.14395832396188,-4.06306569780403,0.454814862559889,0.458127162022828,"TSS_more_sig"
-0.7,"eld vs kin","57",0.0078173349632065,3.13288137304263e-05,2.10694127865878,4.50405604942355,-2.30877435443969,-3.3109891491168,0.448565898521528,0.484033680479081,"TSS_more_sig"
-0.7,"eld vs kin","65",0.000878759853819126,7.66440293078244e-09,3.05612979206,8.11552167172498,-2.58790975853428,-3.5645984018659,0.376053045774586,0.374002925937194,"TSS_more_sig"
-0.7,"eld vs kin","67",3.03389975179572e-11,3.87537224533219e-15,10.5179987735695,14.4116865753953,-5.38748160061319,-6.26649123535979,0.56348016422825,0.566498241878428,"TSS_more_sig"
-0.7,"eld vs kin","74",3.84161097095798e-07,0.00118711485584289,6.41548661701744,2.92550726011395,3.76465083057667,2.89362465938173,0.490862178942978,0.49900533610498,"CLR_more_sig"
-0.7,"eld vs kin","79",3.6501512796092e-07,1.16969463984003e-09,6.43768913594407,8.93192750025498,-3.73906370230102,-4.63618935547321,0.472209808345469,0.483474107129855,"TSS_more_sig"
-0.7,"eld vs kin","82",3.98785506544027e-05,2.04108650636839e-08,4.39926063406734,7.69013858840383,-3.81309980158726,-4.70265981054756,0.589880779272605,0.601803554230042,"TSS_more_sig"
-0.7,"eld vs kin","83",0.000185738046278305,5.99736714875819e-08,3.73109912697477,7.2220393635686,-3.41366341889981,-4.34641546673571,0.498711060313793,0.527498334339035,"TSS_more_sig"
-0.7,"eld vs kin","84",3.35844727593436e-06,2.79800542380977e-10,5.47386146527522,9.55315144798273,-3.71425167580121,-4.61453281560165,0.450415155164008,0.479558061653421,"TSS_more_sig"
-0.7,"eld vs kin","85",0.0208066323410792,0.000277107080986148,1.68179820686386,3.55735237644108,-2.23811380335412,-3.14870942659655,0.46805066816159,0.489834060961363,"TSS_more_sig"
-0.7,"eld vs kin","87",0.00124837796880465,1.29842807437072e-05,2.90365390430581,4.88658210284566,-2.77535940265768,-3.74027741843338,0.515668338151665,0.529252448701127,"TSS_more_sig"
-0.7,"eld vs kin","89",1.23540906537499e-15,1.92688020463216e-10,14.9081892161537,9.71514528486942,4.98160674812462,4.10149687651136,0.44877302706493,0.453267465829611,"CLR_more_sig"
-0.7,"eld vs kin","91",5.76538505268987e-07,7.99053347536034e-09,6.23917168218124,8.09742422473219,-4.2401579121767,-5.18102229897265,0.562156168781672,0.570909969952854,"TSS_more_sig"
-0.7,"eld vs kin","100",0.000147028945248455,8.65569365045435e-09,3.8325971582844,8.06269812287887,-3.53382039996245,-4.58664982682806,0.544070276481239,0.564364560209083,"TSS_more_sig"
-0.7,"eld vs kin","102",0.00332182980783256,0.000108532833931077,2.47862262215934,3.96443885685763,-2.78948771052136,-3.70335291751679,0.53210971642126,0.543684959917856,"TSS_more_sig"
-0.7,"eld vs kin","108",0.0428966303220709,0.000734245047814455,1.36757682180147,3.13415897393571,-2.61402115829791,-3.6645497568631,0.6279217219805,0.652836442120074,"TSS_more_sig"
-0.7,"eld vs kin","110",0.0149294693639432,0.000332694663001298,1.82595562806913,3.47795416591109,-2.32955791366825,-3.26114539477888,0.490420463462988,0.525782278579192,"TSS_more_sig"
-0.7,"eld vs kin","111",0.000114734258747719,9.32604559008968e-09,3.94030688581638,8.030302465841,-3.13550247465884,-4.08553933200475,0.449991518190654,0.457118834663742,"TSS_more_sig"
-0.7,"eld vs kin","115",0.0235354623031023,0.000400509118155371,1.6282772665006,3.39738759214033,-2.5171631114976,-3.5549872657353,0.561432331855914,0.5739014335817,"TSS_more_sig"
-0.7,"eld vs kin","118",0.0340585078919629,5.52111975545838e-05,1.46777438245919,4.25797283272389,-2.07612536930391,-3.02657345568241,0.385545593713884,0.384725627162547,"TSS_more_sig"
-0.7,"eld vs kin","119",9.67580621974768e-07,0.0379265291215401,6.01431283796797,1.42105690030631,2.50866033443759,1.57036495065091,0.312101810074619,0.317365794438682,"CLR_more_sig"
-0.7,"eld vs kin","121",3.05125497709974e-12,2.20625754960008e-07,11.5155214991683,6.65634379115182,4.67227155241996,3.78970273082289,0.481244538812604,0.504175913611177,"CLR_more_sig"
-0.7,"eld vs kin","128",0.0126883214357753,1.85072054818269e-05,1.89659582781846,4.73265915312421,-2.60495449116889,-3.49768523276632,0.560047955094771,0.580848931130189,"TSS_more_sig"
-0.7,"eld vs kin","130",0.00107062587392341,7.12829078454766e-06,2.97036226518724,5.14701459242395,-3.17539736219036,-4.08099182445476,0.567509011295284,0.588331814940703,"TSS_more_sig"
-0.7,"eld vs kin","133",0.00873649542095446,4.68958824011388e-05,2.05866274637856,4.32886528796655,-2.43046299052239,-3.38904080815758,0.458619338665211,0.499102082123532,"TSS_more_sig"
-0.7,"eld vs kin","138",3.5314341365952e-10,6.09251684433437e-06,9.45204888919478,5.21520326142246,3.94795976903033,3.03830665184742,0.431915368196722,0.440432554766368,"CLR_more_sig"
-0.7,"eld vs kin","139",4.41485743815021e-05,1.94328753274847e-07,4.35508331582918,6.71146293555705,-3.80477724616592,-4.78639429612601,0.536422727604022,0.536361921125614,"TSS_more_sig"
-0.7,"eld vs kin","147",0.03440257282435,0.000291321725818195,1.46340907714836,3.53562712590746,-2.67056423174654,-3.63232312133932,0.569026196767207,0.568940483781674,"TSS_more_sig"
-0.7,"eld vs kin","151",1.1345927284296e-14,8.58465105181156e-11,13.9451600041426,10.0662773533106,5.47766055140595,4.52012320103975,0.48260131535093,0.479947339250632,"CLR_more_sig"
-0.7,"eld vs kin","162",0.0202468748253016,0.00014665355419121,1.69364200212185,3.83370740730378,-2.66609825558235,-3.56591731762557,0.607179117167228,0.592561479971466,"TSS_more_sig"
-0.7,"eld vs kin","163",0.0265500668517507,0.000183094129873729,1.57593438104918,3.73732557926092,-2.6861076634537,-3.70818712413577,0.560757261824492,0.581688807034584,"TSS_more_sig"
-0.7,"eld vs kin","164",8.53400202147302e-06,0.00327581299716373,5.06884725860414,2.48468089830904,3.248768812922,2.34917473758449,0.472167730308062,0.454679357352393,"CLR_more_sig"
-0.7,"eld vs kin","169",0.000209501776854835,1.06628176812298e-08,3.67881228928491,7.97212801653721,-3.26785191522601,-4.24285692879367,0.51040745563678,0.518832251277645,"TSS_more_sig"
-0.7,"eld vs kin","172",0.00074322195322782,4.66107777584281e-06,3.12888147067091,5.33151365026683,-2.69702196505061,-3.57126333042551,0.450836820131345,0.45723209436247,"TSS_more_sig"
-0.7,"eld vs kin","181",0.00487644099916115,3.3147722110534e-06,2.31189702601474,5.4795463106624,-2.49849778260543,-3.42302659916263,0.464062699531938,0.492006760164034,"TSS_more_sig"
-0.7,"eld vs kin","207",1.65275903659629e-06,0.000609815127754088,5.78179045961962,3.21480180624379,3.65428480872725,2.71167888749727,0.46322196688733,0.467975454941346,"CLR_more_sig"
-0.7,"eld vs kin","216",0.0206376487485492,0.000247708034375027,1.68533978348366,3.60605990690568,-2.31450705206883,-3.29638533789114,0.51171390451239,0.508359885026431,"TSS_more_sig"
-0.7,"eld vs kin","222",2.79966594242231e-05,0.0102904883805095,4.55289378580698,1.98756401338847,3.41598687453229,2.45365502244366,0.49835463243336,0.499464691542913,"CLR_more_sig"
-0.7,"eld vs kin","246",0.000290624242319784,0.0376220042452749,3.5366681620043,1.42455807190426,3.01932310032839,2.03546849215415,0.485361663090554,0.476571691436068,"CLR_more_sig"
-0.7,"eld vs kin","251",0.00342337149548329,0.000407363069856019,2.46554596978292,3.39001834520509,-2.84574331263224,-3.62857983956471,0.578555986184406,0.593742724848672,"TSS_more_sig"
-0.7,"eld vs kin","252",0.0166814418643186,0.000288365116444329,1.77776641373102,3.54005727742013,-2.38993868181335,-3.27044482381907,0.467732334128774,0.477209942615456,"TSS_more_sig"
-0.7,"eld vs kin","267",0.00305280738698703,6.22315629958778e-05,2.51530059609686,4.20598929122249,-3.18505243098217,-4.02975329293884,0.599614249854901,0.606722409729038,"TSS_more_sig"
-0.7,"eld vs kin","282",0.0103234676746003,2.44579950298109e-05,1.98617439776862,4.61157914759322,-2.73115718154882,-3.77974477340053,0.47426212369342,0.482423277639794,"TSS_more_sig"
-0.7,"eld vs kin","344",8.16579538377114e-07,0.0234443926416963,6.08800150670698,1.629961013758,3.08283312903973,2.15095734969711,0.413420662986813,0.406344671648695,"CLR_more_sig"
-0.7,"eld vs kin","473",0.0368468299873486,0.000243924807441745,1.43359986949344,3.61274402917708,-2.67730722925497,-3.54169819565734,0.515340319410115,0.526734927264994,"TSS_more_sig"
-0.7,"eld vs kin","614",0.0135828689825435,0.00030407451740052,1.86700848839945,3.51701997385801,-2.78963330224087,-3.75567040350449,0.488466723811468,0.491470540474418,"TSS_more_sig"
-0.7,"eld vs kin","616",0.000428407752670414,5.53326660596633e-07,3.3681426785696,6.25701840393901,-2.57868374933758,-3.51829277061478,0.415273931769102,0.436969184759182,"TSS_more_sig"
-0.7,"eld vs kin","666",1.20905327296329e-07,2.0668651975105e-14,6.91755456295703,13.684687847459,-3.86325739010856,-4.73230217013819,0.419959427900317,0.418793032530853,"TSS_more_sig"
-0.7,"eld vs kin","728",5.62317312691599e-14,5.58672857940757e-09,13.2500185451751,8.2528424274995,4.19525874419839,3.2444863893678,0.393799057241404,0.380665560972653,"CLR_more_sig"
-0.7,"eld vs kin","744",0.00010191191483298,3.90817303359382e-09,3.99177503833196,8.40802621622466,-3.6144390830844,-4.49636524067291,0.515811881782618,0.525236616760251,"TSS_more_sig"
-0.7,"eld vs kin","770",0.00238376666611455,2.11676205582878e-06,2.62273625756365,5.67432795806392,-2.55196746049092,-3.4860910100338,0.425511364297933,0.435737507784188,"TSS_more_sig"
-0.7,"eld vs kin","786",6.55897324940847e-06,4.40853631653851e-07,5.18316414035242,6.35570557723593,-3.70355619629691,-4.55408024263279,0.486535254893214,0.506214875540961,"TSS_more_sig"
-0.7,"eld vs kin","849",0.000466440647034193,2.54442951745398e-07,3.33120361087881,6.5944095748967,-2.68449950813984,-3.65225092395905,0.395394933363006,0.434032418385742,"TSS_more_sig"
-0.7,"eld vs kin","854",2.68907070511884e-05,0.00666047816202754,4.57039777849843,2.17649459129882,3.27217267420969,2.36985008127807,0.45692625656622,0.467102278583144,"CLR_more_sig"
-0.7,"eld vs kin","875",0.0331007547266079,0.000223638731884563,1.48016210381146,3.65045297901888,-2.42221330438681,-3.32303361892198,0.553475278174811,0.556586728229577,"TSS_more_sig"
-0.7,"eld vs kin","879",0.000966441604431666,4.41288582225226e-07,3.01482438233825,6.35527730921886,-2.51474512712395,-3.55396967820914,0.426542916390387,0.424440336344524,"TSS_more_sig"
-0.7,"eld vs kin","886",3.03854216806108e-12,2.11524791349066e-06,11.5173347322542,5.67463872467132,4.66915011492453,3.79968528591229,0.513337615412094,0.532161032675714,"CLR_more_sig"
-0.7,"eld vs kin","888",1.94551210343728e-05,0.0433036432247136,4.71096606301512,1.36347556402009,2.81544061446781,1.93500223101423,0.433486329416697,0.448801311752496,"CLR_more_sig"
-0.7,"eld vs kin","891",0.00209473346198642,3.26746216027034e-06,2.67887122966795,5.48578943318306,-3.28800230283236,-4.18948273278392,0.543768951117238,0.571973854865181,"TSS_more_sig"
-0.7,"eld vs kin","895",9.06909842493656e-05,4.00875575440796e-07,4.04243588477416,6.39699040365076,-3.1057502120591,-4.00021951552565,0.487190868685154,0.510630888592883,"TSS_more_sig"
-0.7,"eld vs kin","914",0.0073419107669941,9.76041319153823e-06,2.13419089818092,5.01053179677935,-2.76370201216159,-3.74663688745377,0.553746473805357,0.559775612080514,"TSS_more_sig"
-0.7,"eld vs kin","935",0.0298255750728523,0.000795885772354103,1.5254111738585,3.09914925889059,-2.46058776762083,-3.34074238735534,0.537605321249512,0.537593387862796,"TSS_more_sig"
-0.7,"eld vs kin","947",1.62076937763997e-10,5.56062235606083e-08,9.79027877734387,7.25487659858396,4.31574412607816,3.34740252534436,0.430999921532315,0.441053264434539,"CLR_more_sig"
-0.7,"eld vs kin","965",0.0317068899202576,5.36269320352949e-05,1.49884635515714,4.27061704805379,-2.73436481392687,-3.60057777162967,0.596649665933807,0.603163410076611,"TSS_more_sig"
-0.7,"eld vs kin","978",6.275845634406e-25,1.72649387866704e-18,24.2023277471995,17.7628349571152,6.16697636105869,5.14013799242556,0.420976105206769,0.405901968764491,"CLR_more_sig"
-0.7,"eld vs kin","984",1.28926035198064e-15,3.65088705314181e-11,14.8896593727853,10.4376016025353,5.00463094312492,4.07747217031066,0.417642849078959,0.431144156884292,"CLR_more_sig"
-0.7,"eld vs kin","991",4.85485431124955e-05,7.84793837582052e-07,4.31382379825232,6.10524441581493,-3.71684181228142,-4.76938773292923,0.556634545688979,0.573536463840281,"TSS_more_sig"
-0.7,"eld vs kin","1014",3.30662552446696e-07,2.57481928024143e-10,6.48061498617681,9.58925324753471,-4.18435110901448,-5.23218179952564,0.517409390571943,0.517087513886741,"TSS_more_sig"
-0.7,"eld vs kin","1021",1.14539574623774e-05,4.60081048229451e-08,4.94104443409933,7.33716565593079,-3.78148096063727,-4.63356870726742,0.551201331781082,0.547273105459416,"TSS_more_sig"
-0.7,"eld vs kin","1030",2.14259419310252e-09,1.5960446278426e-05,8.66906007645473,4.79695496927927,4.13260811768368,3.27603656067951,0.440403971525217,0.428766652877288,"CLR_more_sig"
-0.7,"eld vs kin","1047",0.0438928152748751,7.85406784616804e-06,1.35760656271547,5.10490535146271,-1.63755129010048,-2.5881321927017,0.274416570564589,0.291860564333019,"TSS_more_sig"
-0.7,"eld vs kin","1074",1.42259583665701e-17,4.20206704164085e-12,16.8469184666346,11.3765370229481,4.98226954175674,4.07321866290829,0.388389325733593,0.381179521570518,"CLR_more_sig"
-0.7,"eld vs kin","1076",1.90404848154709e-11,1.44060935431512e-08,10.7203219976531,7.84145376954389,4.62433783868999,3.62346806434519,0.430205478311975,0.414924220295163,"CLR_more_sig"
-0.7,"eld vs kin","1079",0.0135047604078349,8.60505141215146e-06,1.869513116362,5.0652465305721,-2.36963422534074,-3.31000288626287,0.478044062779002,0.493208278395594,"TSS_more_sig"
-0.7,"eld vs kin","1082",0.000237008237270775,0.0418935288734224,3.62523655973219,1.37785305559234,3.0871958959859,2.01138894507293,0.507657244179753,0.482677971566705,"CLR_more_sig"
-0.7,"eld vs kin","1089",4.96838881007382e-12,0.000121330999076278,11.303784425017,3.91602822627426,3.03694989418864,2.10383145301452,0.280824687887405,0.290543015317564,"CLR_more_sig"
-0.7,"eld vs kin","1098",6.0566477260975e-27,8.6840762838175e-22,26.217767685551,21.0612763702135,7.03950402087292,6.1001436996983,0.449103428730175,0.448089784488675,"CLR_more_sig"
-0.7,"eld vs kin","1101",0.0199776849874468,0.000263779714210339,1.69945483920452,3.57875860661098,-2.52775010808558,-3.53706911846605,0.572553334598996,0.590181659088194,"TSS_more_sig"
-0.7,"eld vs kin","1104",0.00112212257371616,3.39085685553683e-06,2.94995970085078,5.46969054350491,-2.72503742783204,-3.70577704414718,0.45587825583367,0.479230395713311,"TSS_more_sig"
-0.7,"eld vs kin","1105",2.03810450070191e-09,1.01866927591589e-13,8.69077355197107,12.9919667924,-4.48044260302422,-5.44064600595397,0.498649039837074,0.503930553856078,"TSS_more_sig"
-0.7,"eld vs kin","1112",0.000438871297995991,1.95050055312814e-07,3.35766282090841,6.70985392219379,-3.46960714183808,-4.45181041724312,0.531532465872769,0.532621587349449,"TSS_more_sig"
-0.6,"cent vs mage","4",5.98143702540024e-06,0.0491861934209206,5.22319446530467,1.30815678671609,2.23443817106394,1.26101856292204,0.199456546836205,0.182769545007979,"CLR_more_sig"
-0.6,"cent vs mage","7",4.14924524653382e-10,4.77537273880345e-07,9.3820308948725,6.32099272416658,4.20124106533364,3.24285656731131,0.41883464080424,0.417483960849606,"CLR_more_sig"
-0.6,"cent vs mage","14",2.89421449714464e-07,0.00245359260575492,6.53846928542353,2.61019754583087,2.73681183644246,1.76128268553977,0.263110264372712,0.259542048461351,"CLR_more_sig"
-0.6,"cent vs mage","20",5.21446246048309e-07,0.00325324198014608,6.2827904547309,2.48768363215814,2.71083577664066,1.7403071591641,0.265947851429834,0.268866346513191,"CLR_more_sig"
-0.6,"cent vs mage","21",3.78089150077087e-08,0.000334275427589432,7.42240578529089,3.47589554699266,2.89103911119662,1.91035929395459,0.264666949005226,0.26084382653921,"CLR_more_sig"
-0.6,"cent vs mage","24",4.42585236759876e-10,4.29219238298696e-06,9.35400307685398,5.36732082049053,4.52212298539252,3.56329023984727,0.479927233589816,0.492833850498358,"CLR_more_sig"
-0.6,"cent vs mage","26",7.64765522242413e-06,0.00330623693518687,5.11647169949423,2.48066602676061,3.10499993468914,2.1309384742621,0.369770070593017,0.369741213234204,"CLR_more_sig"
-0.6,"cent vs mage","39",3.15124658401135e-07,0.000110869142572781,6.50151761209561,3.95518931115586,3.62313541597133,2.65934946057515,0.423105810891345,0.41733884019139,"CLR_more_sig"
-0.6,"cent vs mage","42",5.36121644131935e-07,0.000413985054629466,6.27073665922253,3.38301533716198,3.47125961033141,2.51687263518383,0.411711584238678,0.411772395280309,"CLR_more_sig"
-0.6,"cent vs mage","56",4.81921512702661e-06,0.0124247382857341,5.31702368660702,1.90571275046252,3.02779135386237,2.03476689312153,0.364980160016506,0.370926366610733,"CLR_more_sig"
-0.6,"cent vs mage","106",2.86206821144271e-05,0.00663751542418969,4.54332001994726,2.17799445670028,2.7980809443825,1.83845293456671,0.323935796872392,0.33507387425246,"CLR_more_sig"
-0.6,"cent vs mage","114",4.82851746823981e-06,1.58699214511294e-09,5.31618619309863,8.79942522279937,-3.68835760370923,-4.5438237774417,0.467705764942184,0.479892860986936,"TSS_more_sig"
-0.6,"cent vs mage","132",9.28087599571155e-07,7.36320726613116e-14,6.0324110300151,13.1329329744425,-4.31717208626684,-5.27185503349824,0.479421161792755,0.492856423036233,"TSS_more_sig"
-0.6,"cent vs mage","142",2.3077380122739e-06,0.00114003740231237,5.63681349633173,2.94308090010966,3.68703068098946,2.72833499955072,0.539578905508539,0.529058535211283,"CLR_more_sig"
-0.6,"cent vs mage","143",1.61594495767276e-05,2.38852109387307e-12,4.79157343625085,11.6218709189558,-3.93000478263081,-4.66521230970408,0.467092894213426,0.443795045331991,"TSS_more_sig"
-0.6,"cent vs mage","148",0.0399332733001491,4.28185931533047e-05,1.39866508955703,4.36836760597651,-2.48476533981498,-3.68762891498716,0.469427072896056,0.511284499724172,"TSS_more_sig"
-0.6,"cent vs mage","168",7.18330920752216e-06,0.00225619265834325,5.14367543883882,2.64662381830442,3.59540543423771,2.54532107357779,0.448067997474313,0.45396796894043,"CLR_more_sig"
-0.6,"cent vs mage","169",0.0348209676539367,1.00624798757581e-05,1.45815916426619,4.99729497518119,-2.32545631855948,-3.34601671823671,0.404290725155429,0.436767814706351,"TSS_more_sig"
-0.6,"cent vs mage","210",1.82242041416568e-06,5.81305836799828e-14,5.73935142841102,13.2355953163396,-4.27165912327519,-5.20930546205551,0.46354011633893,0.455262968580551,"TSS_more_sig"
-0.6,"cent vs mage","219",2.19882410991049e-05,6.7681653877062e-12,4.65780950967989,11.169529037367,-3.82508633146247,-4.77457053193703,0.453716758090391,0.468284517476402,"TSS_more_sig"
-0.6,"cent vs mage","289",0.0347191394314896,0.000178597754484196,1.45943104803435,3.74812400581283,-2.56095467074597,-3.40579641088204,0.470705956625328,0.501410294366564,"TSS_more_sig"
-0.6,"cent vs mage","294",0.000223213643706277,0.0490939505881913,3.65127926311594,1.30897201883478,2.99940043924115,1.9604422141625,0.378481530660537,0.394684300881675,"CLR_more_sig"
-0.6,"cent vs mage","353",0.000676018604855921,7.61329859791622e-08,3.17004135158044,7.1184271365952,-3.21129640415179,-4.14212150123824,0.448079775025603,0.453194723611515,"TSS_more_sig"
-0.6,"cent vs mage","675",0.00206576963878737,3.55136588116301e-06,2.68491810981613,5.44960458199732,-2.94565142940424,-3.82586734014551,0.469771855717069,0.46056022615776,"TSS_more_sig"
-0.6,"cent vs mage","770",0.0340384534887292,7.18446557428116e-07,1.46803017997901,6.14360553188228,-2.04877120282896,-3.05070456634119,0.327409559556771,0.352603412861382,"TSS_more_sig"
-0.6,"cent vs mage","854",0.00196407727771392,0.00555835900583144,2.70684142865473,2.25505340624229,3.37863026654497,2.42549955392746,0.464373592012513,0.4593266289895,"CLR_more_sig"
-0.6,"cent vs mage","886",6.81687455494455e-05,0.0410782525953882,4.16641469787431,1.38638803888979,3.25485180918562,2.35377671016501,0.521152043736029,0.527982304818424,"CLR_more_sig"
-0.6,"cent vs mage","921",1.62282106243125e-05,1.91257261064879e-08,4.78972936426676,7.71838206791004,-3.83376767789925,-4.7025183111475,0.466984061072545,0.474054679798564,"TSS_more_sig"
-0.6,"cent vs mage","978",5.03183180419773e-06,0.00312391682587889,5.29827388420222,2.50530053770853,3.41267637299218,2.40700790306387,0.447219038420643,0.44916506384629,"CLR_more_sig"
-0.6,"cent vs mage","1019",0.0315877284907887,1.91608536066961e-08,1.50048160357841,7.71758514721885,-2.56036689321111,-3.59749656815935,0.386633034390542,0.403279654809104,"TSS_more_sig"
-0.6,"cent vs mage","1043",0.000814305712386135,0.00922990507297213,3.08921251860385,2.03480276555008,2.89537717004651,1.85539372847239,0.325038042649494,0.325921712671878,"CLR_more_sig"
-0.6,"cent vs mage","1058",0.0115000437089392,9.23038422946212e-08,1.93930050899291,7.03478022039748,-2.66154226871025,-3.58102219716968,0.469606781581118,0.449293887919043,"TSS_more_sig"
-0.6,"cent vs mage","1074",8.82114997514841e-07,0.00457542358176057,6.05447479408522,2.339568693793,3.35446069425382,2.34669126337736,0.381979518699134,0.390795758789437,"CLR_more_sig"
-0.6,"cent vs mage","1087",3.75458175303012e-07,0.00172253300933407,6.42543843481637,2.76383244684601,3.88370448708264,2.86791060720669,0.488069380330123,0.498353936254382,"CLR_more_sig"
-0.6,"cent vs mage","1098",3.96758141217778e-11,2.31122182240648e-08,10.4014741530427,7.63615837056418,4.59341808612208,3.61475571539835,0.439129879207809,0.439641683794126,"CLR_more_sig"
-0.6,"cent vs mage","1104",0.0426601480377711,0.000105525746753073,1.36997764181028,3.97664156587726,-2.31604050995771,-3.27992065917149,0.421342884425604,0.442667017085297,"TSS_more_sig"
-0.6,"eld vs kin","3",3.36382310894834e-12,0,11.4731668502188,30.807558891821,-4.55377337935863,-5.37083280716514,0.43223761777907,0.447812466542782,"TSS_more_sig"
-0.6,"eld vs kin","4",1.22266116047919e-10,4.10294468801675e-06,9.91269388353865,5.38690433773721,2.67095371585597,1.85499120611029,0.227536826103972,0.22001202268818,"CLR_more_sig"
-0.6,"eld vs kin","5",0.000292281086400257,5.51717091170381e-08,3.53419928706392,7.25828356219775,-2.59638894381786,-3.4122104529817,0.385657393750932,0.385472204316099,"TSS_more_sig"
-0.6,"eld vs kin","7",1.55754681182182e-30,4.57113809238912e-26,29.807558891821,25.339975658637,7.75014719968745,6.91770290565452,0.466564158395814,0.462003588227752,"CLR_more_sig"
-0.6,"eld vs kin","10",0.00315651343234154,2.69534938100062e-05,2.50079235822023,4.56938493199633,-2.55920965829145,-3.37164472150558,0.48267616088539,0.475110422952056,"TSS_more_sig"
-0.6,"eld vs kin","11",1.28415347760886e-09,5.45844684776291e-06,8.89138306778172,5.26293091432862,3.37304896767467,2.55679864145213,0.348247232810614,0.350007353837567,"CLR_more_sig"
-0.6,"eld vs kin","14",1.25068779486612e-10,1.65425804884678e-06,9.90285108829921,5.78139674360518,3.00806203137665,2.18566740530325,0.28013802621846,0.276402341500452,"CLR_more_sig"
-0.6,"eld vs kin","15",8.78614030916491e-06,0.0012446140565911,5.0562018656041,2.90496529842991,3.13182707456142,2.26831056300998,0.448348257254213,0.427570870232598,"CLR_more_sig"
-0.6,"eld vs kin","16",3.25807379365635e-13,5.56743371781976e-08,12.4870390833747,7.25434494468575,3.16997007504643,2.35132538205669,0.262617387475914,0.266921232749899,"CLR_more_sig"
-0.6,"eld vs kin","21",2.44978919922628e-20,8.45406661671944e-16,19.610871284432,15.0729343343211,4.23414066815898,3.42876502314331,0.294432344067879,0.293187793656341,"CLR_more_sig"
-0.6,"eld vs kin","23",2.83265194561444e-06,0.00350540506822122,5.54780678495194,2.45526178975761,2.55425090707199,1.73832814329746,0.297316793618525,0.31075408703426,"CLR_more_sig"
-0.6,"eld vs kin","25",1.28450234168847e-06,0.000607052978214873,5.89126509966431,3.21677340588952,3.19753503220764,2.38262920559354,0.41478080922493,0.42306075505879,"CLR_more_sig"
-0.6,"eld vs kin","26",4.7008186686924e-05,0.0152612040636313,4.32782650114214,1.81641120048585,2.58419983520706,1.78377438720533,0.365874828197385,0.364233317148512,"CLR_more_sig"
-0.6,"eld vs kin","29",1.30590726966142e-06,0.00101816575987491,5.8840876605067,2.99218151203981,2.58415055612524,1.78061545452795,0.289797921540906,0.291392732106667,"CLR_more_sig"
-0.6,"eld vs kin","31",2.53702369969767e-06,0.00017846395655882,5.59567547578188,3.74844948290323,3.71477292021991,2.97807424502894,0.520791734472462,0.541752101843681,"CLR_more_sig"
-0.6,"eld vs kin","33",5.50570476315651e-05,5.4999262387638e-08,4.2591870808413,7.25964313492624,-3.04147430530683,-3.87407523801013,0.456501818466588,0.461325176279402,"TSS_more_sig"
-0.6,"eld vs kin","36",9.63889978248697e-06,0.0150875853895064,5.01597253514942,1.82138025896011,2.26840619239224,1.44593477509689,0.255637309022098,0.261651896517594,"CLR_more_sig"
-0.6,"eld vs kin","47",0.00105540230100286,0.030271954607299,2.97658196330296,1.51895953650103,3.01745942761562,2.26275134391653,0.53949057997616,0.541031151992546,"CLR_more_sig"
-0.6,"eld vs kin","55",0.000227862588673211,0.0265019478592863,3.64232697304912,1.57672220480089,2.61856931871171,1.85741573800601,0.415606798452787,0.416155507952508,"CLR_more_sig"
-0.6,"eld vs kin","57",0.0308066979220625,0.000179658290297668,1.51135484991679,3.74555273756059,-2.19863840292728,-3.0064981314466,0.448546186472256,0.488349285143939,"TSS_more_sig"
-0.6,"eld vs kin","65",0.00017462852977327,1.1565580469267e-07,3.75788480237777,6.9368325653773,-2.54418316908312,-3.31581329538895,0.378702601287105,0.367721468518305,"TSS_more_sig"
-0.6,"eld vs kin","67",2.20931096334143e-10,5.89056581290492e-13,9.65574315232295,12.2298429874505,-5.22345171413755,-6.05900161408891,0.562757455877026,0.571966895090706,"TSS_more_sig"
-0.6,"eld vs kin","74",2.99248503180787e-08,9.07509614530478e-06,7.52396801322548,5.04214876517294,3.99265374569162,3.17454580042791,0.496722278189179,0.498567909077747,"CLR_more_sig"
-0.6,"eld vs kin","77",0.000262030825243992,0.0234648528840685,3.58164761537528,1.6295821643084,2.53218586287441,1.71823025024984,0.360161610791498,0.371441906447405,"CLR_more_sig"
-0.6,"eld vs kin","79",1.293200932012e-06,4.27814547333945e-09,5.88833399106363,8.36874445183686,-3.56528100102275,-4.34782116366914,0.466178730400892,0.487133767274989,"TSS_more_sig"
-0.6,"eld vs kin","80",6.08623682969037e-05,0.00473944268891553,4.21565115223639,2.32427272401341,2.64717929325838,1.82825170332868,0.36168810199767,0.347126156609687,"CLR_more_sig"
-0.6,"eld vs kin","82",0.000653417401024562,1.76065149949925e-06,3.18480930409946,5.75432659907111,-3.64883461932171,-4.49405793474679,0.583612120659486,0.599429298649502,"TSS_more_sig"
-0.6,"eld vs kin","83",4.01074464987328e-05,4.99194794194092e-06,4.39677498715351,5.30172995230113,-3.26348171436187,-3.94688462079059,0.505716540868342,0.532095664775458,"TSS_more_sig"
-0.6,"eld vs kin","84",6.9037004695512e-07,1.125536760062e-08,6.1609180595934,7.94864031636193,-3.62793039699417,-4.39357946996177,0.462986001399695,0.487392010459583,"TSS_more_sig"
-0.6,"eld vs kin","85",0.0341347331002549,0.000600848484384948,1.46680348855098,3.22123502997982,-2.11661459647825,-2.92623436074443,0.471691482251953,0.484874144346489,"TSS_more_sig"
-0.6,"eld vs kin","87",0.00702770752093448,1.45274598415158e-05,2.15318632126431,4.83781031641455,-2.65053496900021,-3.4443792202651,0.506398071948893,0.522338881344348,"TSS_more_sig"
-0.6,"eld vs kin","89",3.75740162702853e-16,2.26178561191506e-12,15.4251123809068,11.6455485629715,5.01215185014414,4.20839831173765,0.440259625173414,0.435248141939752,"CLR_more_sig"
-0.6,"eld vs kin","91",9.2107047262955e-07,1.01830883447666e-08,6.03570713994077,7.99212048843528,-4.10053175068037,-4.98026646906458,0.566976009430369,0.592022074448906,"TSS_more_sig"
-0.6,"eld vs kin","100",6.70188720540203e-05,2.05831821767033e-06,4.17380288573437,5.68648748210284,-3.4128910933894,-4.25371666887894,0.527689133273474,0.566925383312305,"TSS_more_sig"
-0.6,"eld vs kin","102",0.00584475020210179,5.36393126267318e-05,2.23323404535193,4.27051679615098,-2.69208870795013,-3.44139813138047,0.520179672432489,0.54741074669321,"TSS_more_sig"
-0.6,"eld vs kin","108",0.0458154251473221,0.000482700716371667,1.33898827901539,3.31632205664841,-2.51652328674705,-3.28053412312415,0.63987343005085,0.644858732449209,"TSS_more_sig"
-0.6,"eld vs kin","110",0.0203381588668639,0.000256927090182087,1.69168836459677,3.59019010166468,-2.26058835177437,-3.06962472858471,0.505549795664549,0.524873567384962,"TSS_more_sig"
-0.6,"eld vs kin","111",9.44576708724e-05,4.20930826562197e-08,4.02476276741627,7.37578926784755,-3.02537799991579,-3.8656145218951,0.436594094309013,0.461063000895184,"TSS_more_sig"
-0.6,"eld vs kin","115",0.0135302583053941,7.41071086010273e-05,1.8686939122319,4.1301401310473,-2.45714971007595,-3.22989433670641,0.555241197161249,0.555957318944246,"TSS_more_sig"
-0.6,"eld vs kin","118",0.0229257414222853,0.00011503115752393,1.63967661027515,3.93918451001196,-1.99876918128244,-2.80709354582559,0.388550237980024,0.391302134200821,"TSS_more_sig"
-0.6,"eld vs kin","119",1.50857355291223e-06,0.0019767938973948,5.82143351025189,2.70403860832424,2.59821238504056,1.77984611391848,0.308543641842475,0.312118265092828,"CLR_more_sig"
-0.6,"eld vs kin","121",1.27374505820607e-12,5.83552096222636e-09,11.89491748793,8.2339203665388,4.86430943733072,4.00111218345679,0.488627045028732,0.496053903383784,"CLR_more_sig"
-0.6,"eld vs kin","124",3.30715945236176e-05,0.0201048055089014,4.48054486537919,1.6967001238453,2.77410043049742,1.92412814617418,0.430057601444822,0.424946964338616,"CLR_more_sig"
-0.6,"eld vs kin","125",0.00291634858861291,0.0176220180531597,2.5351605664093,1.75394435817336,3.12035886443618,2.36068353361705,0.537363475174941,0.522533288863997,"CLR_more_sig"
-0.6,"eld vs kin","128",0.0312426922518854,0.00154437576842612,1.50525154906623,2.8112470211644,-2.43212657401226,-3.2490181328122,0.548725879478844,0.581583502374088,"TSS_more_sig"
-0.6,"eld vs kin","130",0.00443740318064876,0.000154949725837094,2.35287110967064,3.80980918785027,-3.08836712114246,-3.85110254939966,0.569715977185115,0.585499748222307,"TSS_more_sig"
-0.6,"eld vs kin","133",0.0249720571582764,0.000272073124258374,1.60254567968758,3.56531435628255,-2.27765918726637,-3.04852186469446,0.463804851523812,0.493824732295557,"TSS_more_sig"
-0.6,"eld vs kin","138",2.40192332496396e-10,6.98240398199739e-08,9.61944086041211,7.15599502775376,4.11442390645129,3.32358040039998,0.439299715974489,0.438973167830342,"CLR_more_sig"
-0.6,"eld vs kin","139",3.95818865227812e-06,8.15031746858413e-09,5.40250351061196,8.08882547442947,-3.65975880054519,-4.57964021155552,0.529213452029547,0.535532311185777,"TSS_more_sig"
-0.6,"eld vs kin","147",0.020003555569538,0.000133071010196921,1.69889280298667,3.87591654619926,-2.55081219469528,-3.41163441663561,0.55715417143437,0.561071062235334,"TSS_more_sig"
-0.6,"eld vs kin","151",1.36269694387868e-16,2.07802158350183e-12,15.8656007180724,11.6823499459285,5.54874982050602,4.75602614381227,0.472644729799761,0.481232024459572,"CLR_more_sig"
-0.6,"eld vs kin","162",0.0166216099975536,8.3286880109749e-05,1.77932691200866,4.07942340609262,-2.62150581051028,-3.42748222054498,0.595676389859088,0.599591803230793,"TSS_more_sig"
-0.6,"eld vs kin","163",0.0147802294406879,0.000436328022137292,1.83031882412446,3.36018689457954,-2.75185211061022,-3.63666187270943,0.572291515141736,0.575661161734524,"TSS_more_sig"
-0.6,"eld vs kin","164",2.8025034884069e-06,0.000386268950513754,5.55245383814604,3.41311020037834,3.42699717527355,2.57502398163474,0.480515089176112,0.4521437279198,"CLR_more_sig"
-0.6,"eld vs kin","169",2.82454596365063e-05,5.2978804596317e-07,4.54905135362462,6.27589784526642,-3.227477837726,-4.02562057703327,0.497828489552069,0.518829516403421,"TSS_more_sig"
-0.6,"eld vs kin","172",0.00346211458134821,3.02821343519736e-05,2.46065856291245,4.51881351805514,-2.57071435392108,-3.42161352028088,0.443810727808375,0.454580305853985,"TSS_more_sig"
-0.6,"eld vs kin","181",0.0168093798532344,0.000167852826329894,1.77444830864776,3.77507134164181,-2.3542842422216,-3.17833486652283,0.464512257444898,0.499254875080123,"TSS_more_sig"
-0.6,"eld vs kin","203",0.0499164295308385,3.59386082740875e-05,1.30175648683747,4.44443874499519,-2.00320600126238,-2.78467818165672,0.426106439367935,0.442404240636637,"TSS_more_sig"
-0.6,"eld vs kin","207",1.29002068416578e-08,4.04831568766045e-05,7.88940332617591,4.39272562856371,3.78476467572351,2.98771971711651,0.455240237710304,0.463822516047412,"CLR_more_sig"
-0.6,"eld vs kin","222",7.4732340346335e-06,0.00149886824739423,5.12649141700003,2.82423654056361,3.47354940396151,2.59792025486621,0.499411320749003,0.50148979466276,"CLR_more_sig"
-0.6,"eld vs kin","246",0.000118823241893437,0.00793086709868606,3.92509860279906,2.10067932774066,3.0992589685619,2.37930459502206,0.462628723795952,0.48185064274595,"CLR_more_sig"
-0.6,"eld vs kin","251",0.0194164397193746,0.000813885409028812,1.71183040120354,3.0894367372849,-2.70926230331374,-3.5495463753194,0.584984388590948,0.590307472583525,"TSS_more_sig"
-0.6,"eld vs kin","267",0.00225067229325407,0.0014775198593123,2.64768773538251,2.83046667306479,-3.08779071125821,-3.85143740806466,0.598823314021225,0.610684279324446,"TSS_more_sig"
-0.6,"eld vs kin","282",0.00222016947151593,1.98336698875337e-06,2.65361387341644,5.70259691945874,-2.63045808189427,-3.5137992924834,0.475591358474062,0.478484525449807,"TSS_more_sig"
-0.6,"eld vs kin","294",5.62582676743966e-05,0.0345120528754349,4.24981364492292,1.4620292068645,2.93598366151332,2.04394646804233,0.444419329203559,0.454734852400758,"CLR_more_sig"
-0.6,"eld vs kin","329",0.000116201870095966,0.0396211940498742,3.93478688256683,1.40207244042146,2.77113348937465,1.98646244439756,0.419880265294788,0.432305112345255,"CLR_more_sig"
-0.6,"eld vs kin","344",5.45470806124678e-06,0.00036043864811027,5.26322848811549,3.44316864787853,3.2680368387085,2.3979891729491,0.417138782888182,0.413711950037678,"CLR_more_sig"
-0.6,"eld vs kin","363",0.0301164470918376,0.000132549935243838,1.52119626419186,3.87762048010177,-1.96758182295211,-3.00031219286749,0.459601098427451,0.489928401835151,"TSS_more_sig"
-0.6,"eld vs kin","473",0.0358667117565886,0.000184309857142196,1.44530843741461,3.73445143749939,-2.46879318951502,-3.40019105602572,0.517489940557278,0.534257659062557,"TSS_more_sig"
-0.6,"eld vs kin","614",0.00217729325469151,0.000608718929832,2.66208307288032,3.21558319242516,-2.70434456711507,-3.43109671673709,0.494394979487696,0.501292399966916,"TSS_more_sig"
-0.6,"eld vs kin","616",0.00149831123164183,2.42832030313622e-06,2.82439796491079,5.61469402900125,-2.459977288222,-3.27571722266621,0.412280634949314,0.433115684150256,"TSS_more_sig"
-0.6,"eld vs kin","666",3.18937387322008e-09,1.39707169444225e-12,8.49629456775638,11.8547813063399,-3.69140893820064,-4.52595969409325,0.410867385996454,0.429764293841871,"TSS_more_sig"
-0.6,"eld vs kin","728",9.43067746371032e-14,4.1459040112692e-11,13.0254571080916,10.3823807572008,4.31204407845913,3.52285577378247,0.39061445267075,0.38319941184786,"CLR_more_sig"
-0.6,"eld vs kin","744",0.000172752666192346,4.00449054641435e-08,3.76257524118278,7.39745272725874,-3.44041713579513,-4.31715276395336,0.521772132816458,0.536471656286535,"TSS_more_sig"
-0.6,"eld vs kin","770",0.00103008493061926,2.89140906725738e-06,2.98712696618933,5.53889046139578,-2.42404818778188,-3.2478504749089,0.415017507426175,0.433893035944044,"TSS_more_sig"
-0.6,"eld vs kin","786",3.52882103315311e-06,3.33825870095515e-09,5.45237036665702,8.47648001036386,-3.58601446450738,-4.37289114439297,0.48347385714049,0.499804446069063,"TSS_more_sig"
-0.6,"eld vs kin","849",0.000188432553254493,3.2702157786539e-06,3.72484406716139,5.48542359034065,-2.60626049964601,-3.36878269512921,0.399043880288489,0.438035622670613,"TSS_more_sig"
-0.6,"eld vs kin","854",2.66391835438402e-06,0.00118575414125346,5.57447908985604,2.92600534989735,3.4209677415456,2.70581264531157,0.464024948399917,0.481598155485526,"CLR_more_sig"
-0.6,"eld vs kin","875",0.045653243315148,0.000224827150448424,1.34052836371923,3.64815124391287,-2.20917567710963,-3.16170222772044,0.540652374146511,0.565471175616633,"TSS_more_sig"
-0.6,"eld vs kin","879",0.0323453909303832,1.68158278853583e-06,1.49018759555511,5.77428174641703,-2.38145044682748,-3.23756624834831,0.412595612804461,0.422281355788429,"TSS_more_sig"
-0.6,"eld vs kin","886",5.11739292592871e-11,1.50284045288887e-07,10.2909512355565,6.8230871232773,4.77823548745541,3.93992888032904,0.516263449928204,0.520993592569176,"CLR_more_sig"
-0.6,"eld vs kin","888",5.42019326515981e-05,0.0081636445981381,4.26598522776124,2.08811591042672,2.96001634470954,2.14686135853144,0.434862512186986,0.445529637483987,"CLR_more_sig"
-0.6,"eld vs kin","891",0.00268055453819163,2.76296185303791e-06,2.57177535225336,5.55862511114918,-3.11079244772017,-3.9186944879962,0.560110654210725,0.561581192014573,"TSS_more_sig"
-0.6,"eld vs kin","895",0.0141953472873354,1.75667674248027e-07,1.84785397804982,6.75530814850653,-2.93403868979229,-3.82366691559352,0.505986194964609,0.494067773377328,"TSS_more_sig"
-0.6,"eld vs kin","914",0.00618195725010926,0.000513475952989493,2.20887400252503,3.28947989038902,-2.66699698289008,-3.40500692473258,0.551914309458917,0.568921985791645,"TSS_more_sig"
-0.6,"eld vs kin","935",0.0421345705669597,0.000663066393954216,1.37536142802375,3.17844298278033,-2.3047875895117,-3.1389163806113,0.523953931177131,0.548128734957301,"TSS_more_sig"
-0.6,"eld vs kin","947",2.14045114617818e-11,1.92010554556901e-09,10.6694946800873,8.71667489806814,4.36645129351913,3.58059674217783,0.433828728360742,0.436305942696338,"CLR_more_sig"
-0.6,"eld vs kin","965",0.0209973033360263,0.000206519219715967,1.67783647771773,3.68503952450071,-2.68325572556541,-3.42505159641065,0.602062876001187,0.592950019610758,"TSS_more_sig"
-0.6,"eld vs kin","978",6.84417717463482e-25,3.19814076846986e-19,24.164678756441,18.4951024243846,6.2614299910029,5.37384475923904,0.4105913845672,0.395209152012278,"CLR_more_sig"
-0.6,"eld vs kin","984",2.3244854434884e-16,7.2283110293737e-14,15.6336731691335,13.1409631683089,5.13245150321225,4.25839489146143,0.425806318073007,0.417914382782658,"CLR_more_sig"
-0.6,"eld vs kin","988",0.000295009687652816,0.00865432052002583,3.53016372224191,2.06276702437871,3.26330738952716,2.45584004953029,0.531684834046951,0.507053666887424,"CLR_more_sig"
-0.6,"eld vs kin","991",2.20024981575612e-05,1.24823167409035e-07,4.65752800670281,6.9037048013192,-3.6321235173475,-4.39974273345807,0.567304769185874,0.559161439535797,"TSS_more_sig"
-0.6,"eld vs kin","1014",1.15130510225075e-07,2.27731944027784e-11,6.93880957066631,10.6425760464953,-4.13638508555631,-4.96125063075209,0.514141903859082,0.526792096217795,"TSS_more_sig"
-0.6,"eld vs kin","1021",2.44199233910736e-05,3.13398533267159e-08,4.61225570283529,7.50390304039924,-3.66676419896222,-4.48221696461844,0.54633817517008,0.558851562620657,"TSS_more_sig"
-0.6,"eld vs kin","1030",3.28543756834962e-09,1.33476593485136e-06,8.4834067810922,5.87459488569635,4.34975264883123,3.51791355180927,0.440222896073536,0.438193014000785,"CLR_more_sig"
-0.6,"eld vs kin","1074",2.18383839779344e-13,9.02182744370577e-14,12.660779502205,13.0447054837073,5.21930336834626,4.42679205326327,0.400224535299739,0.400138070512067,"TSS_more_sig"
-0.6,"eld vs kin","1076",1.58639587501765e-14,3.0422087139894e-08,13.7995884280636,7.51681099402251,4.6198329936068,3.9374703559049,0.423047245878619,0.423286474429817,"CLR_more_sig"
-0.6,"eld vs kin","1079",0.0243016108409346,9.12890225182665e-05,1.61436493808306,4.03958144312697,-2.21799205960891,-3.04221772206704,0.477633013785428,0.496992393412661,"TSS_more_sig"
-0.6,"eld vs kin","1082",0.000311967888323438,0.00421303372803549,3.5058901067561,2.37540506405353,3.05270199285077,2.34948268434109,0.494369161820137,0.492158483682113,"CLR_more_sig"
-0.6,"eld vs kin","1089",2.49123331030676e-11,3.00495653401475e-07,10.6035855977811,6.52216180558273,3.17010357531327,2.33561807438982,0.282411959013316,0.288234134382457,"CLR_more_sig"
-0.6,"eld vs kin","1098",1.56030985611335e-27,5.90088709690067e-25,26.8067891481599,24.2290826947428,7.18847475219924,6.30779324717606,0.458670913559166,0.440652300082808,"CLR_more_sig"
-0.6,"eld vs kin","1101",0.0305885316930628,0.000326095203525659,1.51444136946531,3.48665558910468,-2.57754089773431,-3.22761582194842,0.56696614984927,0.602811124739352,"TSS_more_sig"
-0.6,"eld vs kin","1104",0.0075740113133756,2.22409076554248e-06,2.12067405050475,5.65284749309273,-2.63270780284221,-3.48027009651494,0.463025912189722,0.479185994027169,"TSS_more_sig"
-0.6,"eld vs kin","1105",2.93349342787105e-09,5.41335482332517e-12,8.5326148804296,11.2665335057444,-4.38302008248916,-5.17958435966785,0.49656744425687,0.517716307058992,"TSS_more_sig"
-0.6,"eld vs kin","1108",0.00233441911306796,0.0395329416620668,2.63182116964786,1.40304086842782,2.6538642163232,1.85068818250061,0.433151409697996,0.435575995389262,"CLR_more_sig"
-0.6,"eld vs kin","1112",0.000750046005946292,3.32780039214466e-07,3.12491209725386,6.47784273141675,-3.33363976512857,-4.17412278363328,0.523535020925752,0.542680308042147,"TSS_more_sig"
-0.5,"cent vs mage","7",3.11215790943816e-13,3.34277539494487e-06,12.5069383752242,5.47589280318998,4.20513864830352,3.30224196008213,0.416213096179908,0.415583326924939,"CLR_more_sig"
-0.5,"cent vs mage","14",1.7440726865368e-11,0.00991294987455152,10.7584354192291,2.00379708985322,2.7626300426209,1.83691504829687,0.263499661733714,0.259367512262135,"CLR_more_sig"
-0.5,"cent vs mage","20",6.4705245427629e-11,0.013112841026616,10.1890605111716,1.88230320392314,2.74231194691729,1.81997776510794,0.265698902804839,0.26875536688663,"CLR_more_sig"
-0.5,"cent vs mage","21",2.08366032165105e-12,0.00113096535028949,11.6811730782978,2.9465507004756,2.91228732994125,1.99348538085217,0.2642307955954,0.261032433234913,"CLR_more_sig"
-0.5,"cent vs mage","24",9.43144829465701e-13,1.20710316148175e-05,12.0254216118139,4.91825561263027,4.55983451505903,3.62465197044892,0.481413651325333,0.492550319222738,"CLR_more_sig"
-0.5,"cent vs mage","26",4.66491683702476e-08,0.0110494559714971,7.3311560941561,1.95665910427689,3.12436515445977,2.21606607628408,0.371430805719054,0.371779527777386,"CLR_more_sig"
-0.5,"cent vs mage","39",1.58156603141389e-09,0.000802159285696338,8.80091267129171,3.09573938479533,3.63965455559716,2.72255064129818,0.421481348606309,0.414139776228962,"CLR_more_sig"
-0.5,"cent vs mage","42",1.08117014786317e-08,0.00129172645501856,7.96610595409177,2.88882944582543,3.49019788789646,2.5647902343767,0.412822286816828,0.409289357063195,"CLR_more_sig"
-0.5,"cent vs mage","56",3.81489560740843e-08,0.0202260961217339,7.41851734178427,1.69408793316582,3.04459795622946,2.13355714092113,0.370252299891374,0.375633665354209,"CLR_more_sig"
-0.5,"cent vs mage","57",0.030274703096978,0.00035731942599805,1.51892010727579,3.44694337233822,-1.93637461101909,-2.85607284652437,0.426539235400122,0.450729152856042,"TSS_more_sig"
-0.5,"cent vs mage","100",0.00734373016422305,0.000124007471893218,2.13408328909738,3.90655214625526,-2.6631121500318,-3.61696259426654,0.570834595678887,0.576961851118917,"TSS_more_sig"
-0.5,"cent vs mage","106",7.19573382207066e-08,0.0189278713196134,7.1429249100491,1.72289822524001,2.78414378225946,1.87454580296022,0.322406841188614,0.335053401469527,"CLR_more_sig"
-0.5,"cent vs mage","114",1.90042245094537e-07,1.8843466678444e-10,6.72114984761502,9.72483919597947,-3.59172090895742,-4.53406465772163,0.458308223693884,0.489007451078438,"TSS_more_sig"
-0.5,"cent vs mage","132",5.49737351601224e-09,0,8.25984475413268,14.3090242334982,-4.29696774325278,-5.16595211290015,0.480343903282129,0.491164639198382,"TSS_more_sig"
-0.5,"cent vs mage","142",1.81355088104289e-05,0.0325452575390044,4.74147025533242,1.48751228742442,3.70425900968757,2.83590901040826,0.540393617029842,0.533933160840054,"CLR_more_sig"
-0.5,"cent vs mage","143",5.11449222274786e-08,6.47187164970475e-14,7.29119747745629,13.1889701042477,-3.80219236585921,-4.74645241652828,0.448724891017913,0.43942997948307,"TSS_more_sig"
-0.5,"cent vs mage","146",0.0434475275550307,0.000302951448267681,1.36203493267351,3.51862696700584,-1.90187668972658,-2.82257830395944,0.40378167763375,0.432681894101319,"TSS_more_sig"
-0.5,"cent vs mage","148",0.00222160556925187,1.33208603762054e-05,2.65333304454141,4.87546772377149,-2.61833423101412,-3.55449672984794,0.485198664856434,0.5097436388445,"TSS_more_sig"
-0.5,"cent vs mage","168",9.47830904454511e-05,0.00215875076108047,4.02326913503813,2.66579749631134,3.53808107175969,2.7154593368331,0.454866138534242,0.443381367262993,"CLR_more_sig"
-0.5,"cent vs mage","169",0.00400373270706562,1.55912801397732e-05,2.39753492413011,4.80711822510524,-2.28346772502222,-3.19641463931707,0.40925728848529,0.438191525486802,"TSS_more_sig"
-0.5,"cent vs mage","210",2.74791451257879e-08,4.90880484408743e-14,7.56099678227217,13.3090242334982,-4.29892596354611,-5.1268319806698,0.460186143234283,0.456040755370571,"TSS_more_sig"
-0.5,"cent vs mage","219",5.24740219614483e-07,7.22130405241458e-12,6.28005564728019,11.1413843686868,-3.73409995378981,-4.69185855902098,0.452771774169145,0.460784056583522,"TSS_more_sig"
-0.5,"cent vs mage","289",0.018639090523067,8.61686072579256e-05,1.7295752824568,4.06465092649374,-2.3693447160029,-3.3164032008578,0.473463227246058,0.481705801124242,"TSS_more_sig"
-0.5,"cent vs mage","294",3.1826623684992e-06,0.00915991552623189,5.49720943089678,2.03810853142609,2.93599842476229,2.0630684515513,0.396532863269354,0.382342854174454,"CLR_more_sig"
-0.5,"cent vs mage","353",3.4059838468353e-06,1.68038162579208e-08,5.46775741604662,7.77459207592049,-3.15212716169688,-4.01607068813939,0.435480246608128,0.446817757114605,"TSS_more_sig"
-0.5,"cent vs mage","363",0.0420399853213053,0.000985798387511221,1.37633744428217,3.00621189656428,-1.95447197219714,-2.78549319269877,0.420462951206604,0.4412328542142,"TSS_more_sig"
-0.5,"cent vs mage","372",0.048429968588762,0.00106936124118996,1.31488581263283,2.97087556087751,-1.94972223421505,-3.01188958291787,0.471135088710742,0.481084959871272,"TSS_more_sig"
-0.5,"cent vs mage","531",0.012091781123556,0.00176639305218599,1.91750972269933,2.75291265217283,-2.14433449917876,-2.91559438946453,0.463508001771592,0.466643267252927,"TSS_more_sig"
-0.5,"cent vs mage","546",0.0401515548624906,0.000429816487701956,1.39629763207584,3.36671692904784,-2.08366358313173,-2.95600136355499,0.434855003796413,0.43816450541152,"TSS_more_sig"
-0.5,"cent vs mage","675",0.000406857403366871,2.99509367290424e-07,3.39055777697173,6.52358959030664,-2.88922024188764,-3.83125234709773,0.463049889900624,0.481608233104597,"TSS_more_sig"
-0.5,"cent vs mage","769",0.0363116285268788,8.98069885748886e-05,1.43995427313676,4.04668986621226,-2.02707345098001,-2.84116689128104,0.443882859781562,0.46196327675576,"TSS_more_sig"
-0.5,"cent vs mage","770",0.00238679540910599,2.41617551798973e-06,2.62218480617311,5.61687152049557,-2.00023536831639,-2.92599719404965,0.326345821063497,0.350315896656705,"TSS_more_sig"
-0.5,"cent vs mage","849",0.0339252518866929,0.000260487794305389,1.46947691912601,3.58421262165431,-1.80024326025374,-2.70217630791162,0.384127728512055,0.415800169087456,"TSS_more_sig"
-0.5,"cent vs mage","854",2.85757403810224e-06,0.034807732869076,5.5440025084663,1.4583242626828,3.46429612883593,2.51292259402184,0.462252203554938,0.462895938139162,"CLR_more_sig"
-0.5,"cent vs mage","917",0.00808991011945578,0.000260048334789697,2.09205630346081,3.58494592286958,-2.29010039242752,-3.18008739309845,0.478144422026707,0.495136603033224,"TSS_more_sig"
-0.5,"cent vs mage","921",6.8589413493303e-08,6.66226315187186e-12,7.16374291076903,11.1763782171644,-3.7152257051275,-4.62326173114471,0.469140823835407,0.461274288876209,"TSS_more_sig"
-0.5,"cent vs mage","966",0.0258836137335912,0.000230291431152029,1.58697508986596,3.63772222127426,-2.29531919333465,-3.14256089403805,0.512946029745837,0.520814110304748,"TSS_more_sig"
-0.5,"cent vs mage","975",0.0230808923572715,0.00122354208637725,1.63674740442674,2.91238108755694,-1.99255796117114,-2.6774180917134,0.432178860842792,0.437513789744463,"TSS_more_sig"
-0.5,"cent vs mage","978",7.68476440855832e-08,0.035358302401006,7.11436944210457,1.45150859421252,3.43200479572042,2.44316916510276,0.452513037387827,0.451984504600623,"CLR_more_sig"
-0.5,"cent vs mage","1019",6.78462269622766e-05,7.15600581613522e-07,4.16847429914684,6.14532931512613,-2.59786782915076,-3.45119236554124,0.400099741264437,0.389083694340277,"TSS_more_sig"
-0.5,"cent vs mage","1058",0.00468451142945976,4.4561523441934e-05,2.32933569710365,4.3510399701881,-2.58755922969583,-3.51470826854829,0.46521031809923,0.454726177465735,"TSS_more_sig"
-0.5,"cent vs mage","1074",1.23828368754209e-10,0.0167530745667784,9.90717984819135,1.77590547848667,3.36574802618825,2.44728301052625,0.375520874787277,0.379130789996792,"CLR_more_sig"
-0.5,"cent vs mage","1079",0.0153883767847214,0.000178920516217885,1.81280718852573,3.74733985747984,-1.95769127681476,-2.8691416386749,0.395120752661766,0.41770974240283,"TSS_more_sig"
-0.5,"cent vs mage","1087",1.62545450232673e-08,0.00102172061755845,7.78902518222136,2.9906678427925,3.87641913980924,3.06389412178378,0.491375282075024,0.497798499871455,"CLR_more_sig"
-0.5,"cent vs mage","1098",7.57859532046969e-12,9.16436800570201e-08,11.1204112826398,7.03789747953974,4.58203469997284,3.6904003966271,0.437303125962521,0.440154601088966,"CLR_more_sig"
-0.5,"cent vs mage","1104",0.00638518247946194,8.37538044276533e-06,2.19482668670269,5.07699545647726,-2.33499385897814,-3.32125885506345,0.43896519939812,0.45627047557755,"TSS_more_sig"
-0.5,"eld vs kin","3",1.16815655620828e-08,0,7.93249894922614,28.9721357945497,-4.52179127962081,-5.27012406196223,0.432100127802403,0.447319275123601,"TSS_more_sig"
-0.5,"eld vs kin","4",3.89142259397228e-13,2.30815479915139e-06,12.4098916038751,5.63673506806274,2.70445160720613,1.96571654015377,0.227520850893473,0.220244115917279,"CLR_more_sig"
-0.5,"eld vs kin","5",0.0305195042461646,1.04838077289262e-07,1.51542252526839,6.97948095253201,-2.57548018725931,-3.30107075224398,0.385299602099735,0.383598112457877,"TSS_more_sig"
-0.5,"eld vs kin","7",1.06626267168261e-28,1.77127207163528e-25,27.9721357945497,24.7517147250128,7.78953574863407,7.05557459123692,0.471800897704642,0.467832148684745,"CLR_more_sig"
-0.5,"eld vs kin","10",0.0317031391318623,1.68409685376756e-05,1.49889773336116,4.7736329354924,-2.51378812437649,-3.2517630532037,0.483908780056055,0.474304179342394,"TSS_more_sig"
-0.5,"eld vs kin","11",2.39402781892238e-10,2.13572241408234e-06,9.62087080734052,5.6704551944648,3.40181972285844,2.65034268521034,0.351395925209545,0.347095327868278,"CLR_more_sig"
-0.5,"eld vs kin","12",0.0359598377904941,0.000145284226246332,1.44418227597252,3.83778153522742,-1.7619691612241,-2.50456987154088,0.378711618444168,0.370620101102322,"TSS_more_sig"
-0.5,"eld vs kin","14",3.90179756835737e-12,1.33421936033628e-06,11.4087352662654,5.87477276176003,3.0380146740727,2.30602089749245,0.28019030898454,0.278347107306696,"CLR_more_sig"
-0.5,"eld vs kin","15",2.61532613132645e-06,0.00125535116993789,5.58247414687165,2.90123476834021,3.11799666348065,2.42207854943691,0.439377626352021,0.432899587530713,"CLR_more_sig"
-0.5,"eld vs kin","16",3.79974673775363e-15,3.10937242871654e-08,14.4202453491889,7.50732725671217,3.19524525008271,2.46345329331237,0.262105545189361,0.26756747688343,"CLR_more_sig"
-0.5,"eld vs kin","21",3.05651466509742e-22,1.26886023642647e-15,21.5147735161328,14.8965862123352,4.26586813883969,3.5326092623518,0.295687392568498,0.292181813382126,"CLR_more_sig"
-0.5,"eld vs kin","23",9.25255218698449e-08,0.00337313808178801,7.03373845668349,2.47196588029578,2.57482383780916,1.85507453837031,0.294557356737891,0.309025080600722,"CLR_more_sig"
-0.5,"eld vs kin","25",8.97981051201196e-08,0.000473518225995552,7.046732827526,3.32466330008846,3.24021097284196,2.49106933414366,0.417277493933614,0.421258746410985,"CLR_more_sig"
-0.5,"eld vs kin","26",1.12585589877319e-05,0.0111228344669752,4.94851719240875,1.95378452601798,2.62733194096237,1.88083293452659,0.367080087934095,0.364302441446274,"CLR_more_sig"
-0.5,"eld vs kin","29",4.48446180925457e-08,0.00124104436189045,7.34828967018864,2.90621269410168,2.61661699385759,1.88740443792833,0.290264097612374,0.291574259759407,"CLR_more_sig"
-0.5,"eld vs kin","31",7.17776396431208e-07,0.000181484064596615,6.14401082723463,3.74116150264763,3.76289164259051,3.14120861992107,0.522070367918655,0.551618947710453,"CLR_more_sig"
-0.5,"eld vs kin","33",0.00906771484253876,1.07102805004743e-07,2.04250214583038,6.97019915491857,-2.9938372661826,-3.72146354534144,0.452486401824714,0.460308075938173,"TSS_more_sig"
-0.5,"eld vs kin","36",2.51749106490617e-07,0.0146853048555597,6.59903206217209,1.83311703343038,2.29782542314009,1.5664038256991,0.256019222945404,0.26258126336899,"CLR_more_sig"
-0.5,"eld vs kin","38",0.0440197548038299,0.00130899897678822,1.35635238085673,2.88306069292625,-1.59337805323063,-2.33756148804387,0.370291864760787,0.380139176890369,"TSS_more_sig"
-0.5,"eld vs kin","47",8.60094130835319e-05,0.0224759851563637,4.06545401588987,1.6482812633947,3.10159091479785,2.28673792254643,0.543388222246566,0.53783623680322,"CLR_more_sig"
-0.5,"eld vs kin","55",3.17414218151443e-05,0.0198828994756849,4.49837362349669,1.70152028319469,2.69381607711846,1.98261738268185,0.418263846125258,0.422572514223553,"CLR_more_sig"
-0.5,"eld vs kin","57",0.0336834622073912,0.00155264535869981,1.47258327523989,2.80892773058708,-2.16272469383628,-3.02272026017181,0.446545995249204,0.488481290334362,"TSS_more_sig"
-0.5,"eld vs kin","62",0.0458071405948909,0.00158418942532244,1.33906681720926,2.80019289001062,-1.41791687709766,-2.15794420206736,0.307539343773979,0.318255121926227,"TSS_more_sig"
-0.5,"eld vs kin","65",0.0312586875031012,2.18099494749121e-07,1.50502926118975,6.6613453405099,-2.46255296089608,-3.1907966187572,0.373233839368117,0.361881491308226,"TSS_more_sig"
-0.5,"eld vs kin","67",1.83448676827994e-08,8.40955777237085e-13,7.73648541636033,12.0752268415468,-5.16345174810607,-5.9295962879684,0.557110926689296,0.565765160484799,"TSS_more_sig"
-0.5,"eld vs kin","74",6.68874622587069e-08,1.56312379708607e-05,7.17465528106856,4.80600662513995,3.94168192913482,3.20981119895887,0.49092186578994,0.492271024596849,"CLR_more_sig"
-0.5,"eld vs kin","77",6.87723710753645e-06,0.0189700209705524,5.16258600216379,1.72193218901697,2.52346498523696,1.80843795919783,0.354131575213434,0.36487978711661,"CLR_more_sig"
-0.5,"eld vs kin","79",0.000528794450655384,3.45050437445891e-09,3.27671311112906,8.46211741767048,-3.55616395830227,-4.20137917167459,0.47061439008773,0.479297811480843,"TSS_more_sig"
-0.5,"eld vs kin","80",3.9003457107105e-06,0.00528332172670008,5.40889689717868,2.27709294224204,2.68388419665242,1.95661956045278,0.36067984779157,0.350299643454016,"CLR_more_sig"
-0.5,"eld vs kin","82",0.00547221405103221,5.57549696228808e-07,2.26183692310008,6.25371641646627,-3.54792154336646,-4.41758890992454,0.582133236411764,0.605496505963987,"TSS_more_sig"
-0.5,"eld vs kin","83",0.0186788340261415,3.71077880121529e-07,1.72865023687557,6.43053493308715,-3.1382260400782,-3.90266621102906,0.490553304667582,0.524499975859881,"TSS_more_sig"
-0.5,"eld vs kin","84",0.000159376581405993,1.06894587424223e-08,3.79757549293576,7.97104428460698,-3.53443104236955,-4.34139810694585,0.456896875364461,0.481665986812167,"TSS_more_sig"
-0.5,"eld vs kin","85",0.0363004764760099,0.000661718718267044,1.44008767442549,3.17932658014391,-2.04979048104233,-2.78920577570959,0.471154017326013,0.485155427072128,"TSS_more_sig"
-0.5,"eld vs kin","87",0.0319453518852127,4.01415531080244e-05,1.49559232365441,4.39640582833094,-2.61441982881132,-3.47575833580483,0.507257651953692,0.526704591626583,"TSS_more_sig"
-0.5,"eld vs kin","89",3.35519185429716e-17,4.49271530790966e-12,16.4742826412535,11.3474911006861,5.1105526997942,4.40689589218401,0.44144602165627,0.451326445357395,"CLR_more_sig"
-0.5,"eld vs kin","91",4.4779132650992e-05,9.85612496508886e-08,4.34892432273859,7.00629379875671,-4.01348141693058,-4.74765751470982,0.565881640664515,0.581558934770271,"TSS_more_sig"
-0.5,"eld vs kin","100",0.00417566298907698,1.56096024345744e-07,2.37927455978797,6.806608157967,-3.40343416156144,-4.20100241897874,0.552270366469055,0.564904724725065,"TSS_more_sig"
-0.5,"eld vs kin","102",0.0318821751776391,4.2278821696444e-05,1.49645205630291,4.37387712490915,-2.65393831951893,-3.40438967404477,0.532110296415122,0.541625694618302,"TSS_more_sig"
-0.5,"eld vs kin","108",0.0472106156810096,0.000942285006338865,1.32596033582967,3.02581771933084,-2.42055681256573,-3.11097786317985,0.632845000382669,0.656029462887896,"TSS_more_sig"
-0.5,"eld vs kin","110",0.0380666801237111,0.000867653210612625,1.41945499728131,3.06165382184131,-2.14500773681914,-2.91611593960857,0.502886254589261,0.527836042339855,"TSS_more_sig"
-0.5,"eld vs kin","111",0.0020412941338133,3.90697928309237e-08,2.69009441248706,7.40815889163227,-2.97507581544218,-3.75319930143375,0.454826709153693,0.453806502330266,"TSS_more_sig"
-0.5,"eld vs kin","115",0.035623943692355,9.03021500571961e-05,1.44825800432751,4.04430190918971,-2.41068594569074,-3.20912673559019,0.545986300170573,0.560208509781451,"TSS_more_sig"
-0.5,"eld vs kin","118",0.041715283715994,4.08151236102372e-05,1.3797047983256,4.38917888388433,-1.92919769666045,-2.67213493620861,0.393823890216341,0.386780471780771,"TSS_more_sig"
-0.5,"eld vs kin","119",2.34635198546082e-07,0.00237392972994731,6.62960683711529,2.62453214062481,2.64012855164959,1.86760415707892,0.317178538974752,0.306428926462148,"CLR_more_sig"
-0.5,"eld vs kin","121",1.4652320119992e-13,4.16881210299884e-09,12.8340936015535,8.37998767898494,4.79709538445639,4.14043152780124,0.481924784465262,0.50523705072395,"CLR_more_sig"
-0.5,"eld vs kin","124",0.000188268584048709,0.0441953047854372,3.72522214367202,1.35462386671623,2.76449811378369,2.02249569963708,0.442076117740344,0.429013363171921,"CLR_more_sig"
-0.5,"eld vs kin","125",0.000222320118605773,0.0375786207928634,3.65302123453844,1.42505916337973,3.16814070717452,2.49981895057516,0.542218998649178,0.547624811739515,"CLR_more_sig"
-0.5,"eld vs kin","128",0.0357382194055125,0.000838996115604501,1.44686708925691,3.07624004986908,-2.45326507554999,-3.18638790777393,0.555072249702742,0.565452235963466,"TSS_more_sig"
-0.5,"eld vs kin","130",0.0316641048005686,7.33417400369978e-06,1.49943278572505,5.13464879059164,-2.93168777583267,-3.72589370459332,0.571770594624046,0.579602071189723,"TSS_more_sig"
-0.5,"eld vs kin","133",0.032479036086568,9.83124365751825e-05,1.48839686823925,4.00739154021122,-2.29400002600355,-2.97901155988208,0.469952063469998,0.496197103443269,"TSS_more_sig"
-0.5,"eld vs kin","138",1.48610434942649e-11,1.2235091240126e-06,10.8279506947551,5.91239278765788,4.13236866179022,3.38812745059548,0.431694852055345,0.437459824527727,"CLR_more_sig"
-0.5,"eld vs kin","139",0.00187048061720258,1.81028093321393e-08,2.72804678780557,7.7422540227678,-3.70405005270751,-4.36531231079718,0.528672058412514,0.54199249570421,"TSS_more_sig"
-0.5,"eld vs kin","147",0.0336319174659346,0.000304398862009252,1.47324837142651,3.51655697550208,-2.56884053208312,-3.29559194081819,0.55989528768814,0.560433141886038,"TSS_more_sig"
-0.5,"eld vs kin","151",6.36521834513894e-16,2.05542335060562e-12,15.1961866942157,11.6870987139844,5.65684309073712,4.83033522320441,0.488409059595318,0.491133093070042,"CLR_more_sig"
-0.5,"eld vs kin","163",0.0343840960534207,5.02552302105367e-05,1.46364238863101,4.29881873324334,-2.63212660318487,-3.38610605263134,0.561181718832152,0.579775591034739,"TSS_more_sig"
-0.5,"eld vs kin","164",2.7929685776951e-06,0.000237830225373585,5.55393395030343,3.62373295258191,3.46132857697527,2.73743321830306,0.470832676750418,0.463977000851232,"CLR_more_sig"
-0.5,"eld vs kin","169",0.00513348989952741,6.65451682953222e-07,2.28958728814348,6.17688347225328,-3.18081255682268,-3.97354455344261,0.4972960178502,0.525879322351087,"TSS_more_sig"
-0.5,"eld vs kin","172",0.0314351085058487,6.51247182454725e-06,1.5025850362392,5.18625414261298,-2.55782108016605,-3.22623476147966,0.455219916525638,0.453436221506808,"TSS_more_sig"
-0.5,"eld vs kin","181",0.0364838345197164,0.000165874114202669,1.43789952277682,3.78022138333125,-2.43141346778001,-3.05794582088038,0.479484659812393,0.499639441602275,"TSS_more_sig"
-0.5,"eld vs kin","203",0.0368067707995811,0.000847497495979366,1.43407228321731,3.07186157629178,-1.99030169366534,-2.66222729345105,0.43503049190751,0.449559711242879,"TSS_more_sig"
-0.5,"eld vs kin","206",0.000698678757702076,0.0455402644736673,3.1557224606286,1.34160445156188,3.06986650556624,2.22458272693589,0.54013794604391,0.559600991062788,"CLR_more_sig"
-0.5,"eld vs kin","207",2.60167864040631e-08,0.00083323292011606,7.58474634855745,3.0792335798881,3.76756383311599,3.07023339352471,0.460970869191363,0.461792591076598,"CLR_more_sig"
-0.5,"eld vs kin","216",0.0439967690531526,0.00426999692548629,1.35657921519354,2.36957243767868,-2.11668326013181,-2.80819103902989,0.507183114862164,0.526218818360602,"TSS_more_sig"
-0.5,"eld vs kin","222",1.27913963441445e-06,0.00641512653185827,5.8930820441487,2.19279477318681,3.50495498749478,2.80782573180715,0.495767970384735,0.513436985314422,"CLR_more_sig"
-0.5,"eld vs kin","246",0.000106753055219314,0.0278116662253635,3.97161968683313,1.55577299132988,3.07394309457723,2.39929762600109,0.473304379391519,0.474812432240815,"CLR_more_sig"
-0.5,"eld vs kin","251",0.0370891749240234,0.000572261627207193,1.43075282776412,3.24240537457194,-2.57603074329692,-3.35363793637289,0.575781841555965,0.584514073173533,"TSS_more_sig"
-0.5,"eld vs kin","265",0.000380297159397322,0.0428004071653703,3.41987691850815,1.36855209947205,2.98151319313347,2.24403323960169,0.489338470322187,0.471717781785344,"CLR_more_sig"
-0.5,"eld vs kin","267",0.00412534507334989,3.02919712148487e-05,2.38453971809982,4.51867246453851,-2.94425983450732,-3.65879619300077,0.597566579271293,0.614013242342977,"TSS_more_sig"
-0.5,"eld vs kin","282",0.0320238774046323,7.20429571024797e-05,1.49452608548706,4.14240846927099,-2.66353097270957,-3.43492408204383,0.478970566323855,0.462424847594174,"TSS_more_sig"
-0.5,"eld vs kin","294",9.42301994338114e-05,0.00862576413522445,4.02580988971689,2.06420242147073,2.84983609756015,2.23532540375916,0.442357886484087,0.44767485326315,"CLR_more_sig"
-0.5,"eld vs kin","329",1.3427669810986e-05,0.0241763998812431,4.87199934667856,1.61660836965044,2.94854695493719,2.17402397449991,0.436035118474292,0.434476329959223,"CLR_more_sig"
-0.5,"eld vs kin","344",2.86136764713749e-06,0.000984904512872798,5.54342633762811,3.00660587259134,3.17042832078072,2.54723675151387,0.400884474027515,0.414362245866379,"CLR_more_sig"
-0.5,"eld vs kin","349",0.0432427753687583,0.0107105483338408,1.36408644032797,1.97018829459621,-2.0077535349555,-2.69167610443906,0.474563722010657,0.492644590336848,"TSS_more_sig"
-0.5,"eld vs kin","473",0.0336628661979686,0.00134352404015444,1.47284890912764,2.87175455817535,-2.40395664766826,-3.19278302523536,0.521734035824531,0.533349606504068,"TSS_more_sig"
-0.5,"eld vs kin","614",0.0331487455021539,0.000171248727904547,1.47953290260766,3.76637264591488,-2.59664403465172,-3.3491835499327,0.496562513504222,0.508508758206493,"TSS_more_sig"
-0.5,"eld vs kin","616",0.0313386900031908,1.77911977778329e-06,1.50391916154568,5.74979481241117,-2.4808028981579,-3.16831766212345,0.419565788803769,0.43243587015244,"TSS_more_sig"
-0.5,"eld vs kin","666",1.64365928077455e-05,1.9086208308261e-12,4.78418820371523,11.7192803405617,-3.56939496772276,-4.41857721978348,0.406310712483457,0.426781842870786,"TSS_more_sig"
-0.5,"eld vs kin","728",2.93694186854723e-13,1.8653431823809e-10,12.532104649466,9.72924125581067,4.30855935676113,3.62578968406259,0.385976347188068,0.388751960493658,"CLR_more_sig"
-0.5,"eld vs kin","744",0.000994909093535247,2.29576219101583e-07,3.00221659963582,6.63907310080304,-3.37686292767577,-4.11190398029412,0.515653934002179,0.52354552601371,"TSS_more_sig"
-0.5,"eld vs kin","770",0.0313514926384201,2.3493282214254e-06,1.50374177766587,5.62905630429687,-2.4016660025609,-3.14814003919476,0.412566353530492,0.428862775468622,"TSS_more_sig"
-0.5,"eld vs kin","786",0.000204113562458383,6.57625309718585e-09,3.69012813734593,8.18202148065718,-3.53628521532794,-4.24375759108273,0.491655804217265,0.499673168981691,"TSS_more_sig"
-0.5,"eld vs kin","849",0.0312942523846867,1.91257444751969e-05,1.5045354192212,4.7183816508056,-2.5288556018212,-3.29827846994947,0.399549469959111,0.437845422180448,"TSS_more_sig"
-0.5,"eld vs kin","854",8.94227134626983e-07,0.000235855471515478,6.04855215593973,3.62735404427977,3.54754766527807,2.74346815876535,0.471406353320291,0.461552551384579,"CLR_more_sig"
-0.5,"eld vs kin","879",0.0129874433661784,2.46956104955107e-06,1.8864763332411,5.60738023325808,-2.36509582651817,-3.00077141463586,0.407271378828624,0.412319545148096,"TSS_more_sig"
-0.5,"eld vs kin","886",4.89939633994907e-12,4.38101770223529e-08,11.3098574265795,7.35842499197874,4.82924638070299,4.06416888089375,0.516473473747782,0.521890743595136,"CLR_more_sig"
-0.5,"eld vs kin","888",8.42394179473629e-06,0.00718610827969977,5.07448464257188,2.14350624316785,2.95712002721844,2.2961655470964,0.436877576329555,0.454043238363669,"CLR_more_sig"
-0.5,"eld vs kin","891",0.00097357809126278,7.34931837239498e-06,3.01162920773479,5.13375293858043,-3.19404493706452,-3.8441833329965,0.566827495740607,0.578899230296056,"TSS_more_sig"
-0.5,"eld vs kin","895",0.0318951951878085,2.18886575973811e-06,1.49627473577003,5.65978087232548,-2.90836094657069,-3.56642079587205,0.507435405562435,0.502781988624805,"TSS_more_sig"
-0.5,"eld vs kin","914",0.0243259642596994,4.66677378738793e-05,1.61392993566941,4.33098325016909,-2.63757775373995,-3.38944945142161,0.552893851747535,0.561047166162976,"TSS_more_sig"
-0.5,"eld vs kin","947",4.11659895819276e-14,1.06053950499724e-08,13.3854614401989,7.97447314941733,4.48420967294293,3.72259911131849,0.432098805789381,0.436025725915875,"CLR_more_sig"
-0.5,"eld vs kin","965",0.0369094116815575,0.000145098534657043,1.43286287719636,3.83833697345871,-2.74521589464474,-3.46732131272728,0.608122547178682,0.604972643250647,"TSS_more_sig"
-0.5,"eld vs kin","978",3.46162034794358e-24,4.66228460578351e-20,23.4607205649512,19.3314012188145,6.24076938990239,5.59469272035972,0.405158746536859,0.421356042516535,"CLR_more_sig"
-0.5,"eld vs kin","984",2.0928601142183e-17,4.09519912163513e-12,16.6792597987293,11.3877249766081,5.10083773492524,4.40691028219667,0.420416982142058,0.425176659972901,"CLR_more_sig"
-0.5,"eld vs kin","988",4.96658846016842e-05,0.00584486000065982,4.30394182488149,2.23322588684073,3.38131896156775,2.65338391243737,0.534128978932849,0.534403164532445,"CLR_more_sig"
-0.5,"eld vs kin","991",0.00196855189995059,8.98652920865756e-07,2.70585313075182,6.04640800977679,-3.48753943634876,-4.19546851845041,0.566474333095109,0.564612353542577,"TSS_more_sig"
-0.5,"eld vs kin","1014",3.40979844737152e-05,8.6710836905933e-09,4.46727129132461,8.0619266220816,-4.01944549961471,-4.9362199253308,0.505933848283874,0.528516602593966,"TSS_more_sig"
-0.5,"eld vs kin","1021",0.00451102775701462,6.59107162041613e-08,2.3457245006165,7.18104396916964,-3.58660359807257,-4.37980832826141,0.552613062230013,0.552761375867412,"TSS_more_sig"
-0.5,"eld vs kin","1030",6.42244902456403e-13,5.72591043587511e-07,12.1922993340742,6.24215544945264,4.45922473729073,3.58165076083135,0.43849009496104,0.43735837694938,"CLR_more_sig"
-0.5,"eld vs kin","1047",0.0337234388592465,0.0002574989310075,1.4720681457482,3.58922456956845,-1.49930787021195,-2.23008403112621,0.27385210381505,0.291905278833407,"TSS_more_sig"
-0.5,"eld vs kin","1074",1.10996192393101e-20,2.6919795685791e-15,19.9546919189704,14.5699282406171,5.30080386223383,4.47836166929093,0.392581531093425,0.401341254027335,"CLR_more_sig"
-0.5,"eld vs kin","1076",7.07451815202429e-14,3.30107898321797e-09,13.1503031347497,8.48134408440481,4.80259888248939,4.04155922294121,0.428211992284956,0.420765323112084,"CLR_more_sig"
-0.5,"eld vs kin","1079",0.0343096420779829,0.000925133910699172,1.46458381252872,3.03379539972745,-2.21152786364623,-2.8952366688789,0.473963638115192,0.497286067891806,"TSS_more_sig"
-0.5,"eld vs kin","1082",0.000321195865126258,0.0345807830408297,3.49323005419164,1.46116517686715,3.11262351777287,2.47303099302212,0.498167622221907,0.493196713840495,"CLR_more_sig"
-0.5,"eld vs kin","1089",2.62958113931995e-13,3.96369930464854e-07,12.580113423894,6.40189929951602,3.18707396150187,2.44753847583591,0.280820555180645,0.28843378494365,"CLR_more_sig"
-0.5,"eld vs kin","1098",4.40449956818381e-27,2.04664617171635e-23,26.3561034282559,22.6889572325468,7.24175709818809,6.42389191704137,0.456851368355071,0.439392013448494,"CLR_more_sig"
-0.5,"eld vs kin","1101",0.0470215370639466,0.00233394988676097,1.32770317853988,2.63190847311363,-2.41571158929133,-3.1178784072315,0.577187650960929,0.574771067951936,"TSS_more_sig"
-0.5,"eld vs kin","1104",0.0315575435545324,2.23558742376914e-05,1.50089680971583,4.65060834216001,-2.61592227476165,-3.31539443608649,0.459631293892715,0.474991377126699,"TSS_more_sig"
-0.5,"eld vs kin","1105",1.28748964716394e-07,1.94993783520741e-11,6.89025625447912,10.7099792338973,-4.32851474567922,-5.17894007188295,0.513704078875108,0.509452256500607,"TSS_more_sig"
-0.5,"eld vs kin","1108",4.88598446639525e-05,0.0320811709284664,4.31104791807678,1.49374978881396,2.64752140166422,1.92475717846238,0.438689210651474,0.431922224114986,"CLR_more_sig"
-0.5,"eld vs kin","1112",0.00204457824062795,3.5874824929007e-07,2.68939626548489,6.44521020963222,-3.43384636951477,-4.24625885554702,0.532300730280917,0.537799651175951,"TSS_more_sig"
-0.4,"cent vs mage","4",1.54245608574088e-06,0.0422844846112287,5.81178719163307,1.37381895848323,2.10930747146709,1.41599886786329,0.199598849743004,0.182877148768765,"CLR_more_sig"
-0.4,"cent vs mage","7",5.37969715594409e-10,3.28665422200621e-06,9.26924217176935,5.4832459841976,4.06732005588322,3.40185853220484,0.41914929961348,0.417747407290841,"CLR_more_sig"
-0.4,"cent vs mage","14",1.00066317075747e-07,0.00380516665698277,6.99971208405764,2.4196263174419,2.60898429826919,1.92354951099369,0.263875181876535,0.259421851022906,"CLR_more_sig"
-0.4,"cent vs mage","20",1.31852452271612e-07,0.0100966002615422,6.87991178852413,1.99582483772295,2.5880240350678,1.89252643254573,0.265844019453913,0.268500593869887,"CLR_more_sig"
-0.4,"cent vs mage","21",6.02161811397714e-09,0.000921958574360451,8.22028679054551,3.03528859232039,2.76855701181923,2.07227568688608,0.264580142437333,0.261245025329761,"CLR_more_sig"
-0.4,"cent vs mage","24",4.39974733700595e-10,3.53955801454682e-06,9.35657226289898,5.45105096504411,4.39930586703065,3.67118541266302,0.47900795890994,0.489808099297388,"CLR_more_sig"
-0.4,"cent vs mage","26",2.22202294992863e-06,0.00459408908465969,5.65325145980744,2.33780058759092,2.9934714978423,2.31390435937126,0.374270274256774,0.372621373061246,"CLR_more_sig"
-0.4,"cent vs mage","39",6.03916493097815e-08,0.000701712517594493,7.2190231095479,3.15384077618071,3.51469746240466,2.82810275010201,0.421864777423466,0.417947903798777,"CLR_more_sig"
-0.4,"cent vs mage","42",7.20203521921821e-07,0.000927166938853323,6.14254475918318,3.03284206294778,3.34517875129612,2.69363801908336,0.411131056143857,0.409527079757069,"CLR_more_sig"
-0.4,"cent vs mage","56",6.54229558957664e-06,0.0133553367820511,5.18426983776806,1.87434515588355,2.90527742238471,2.20555019007592,0.367991984401993,0.370835676709394,"CLR_more_sig"
-0.4,"cent vs mage","57",0.0423978617227913,0.000415704737865436,1.37265604589334,3.38121502572932,-2.09185795913546,-2.77652710269386,0.429200283619362,0.451973257556764,"TSS_more_sig"
-0.4,"cent vs mage","100",0.037935901326883,0.000102976679713495,1.4209495929854,3.98726111527975,-2.70174404502758,-3.50730343051591,0.556249380108864,0.576092420208626,"TSS_more_sig"
-0.4,"cent vs mage","106",3.16562411320945e-05,0.0314289307418786,4.49954065461911,1.50267039406359,2.64867897955277,1.97098654677023,0.326189635285934,0.333829715615167,"CLR_more_sig"
-0.4,"cent vs mage","114",2.38117672479142e-06,9.93825611604273e-10,5.6232083711833,9.0026898153636,-3.8658480192037,-4.47151398317977,0.470053756191779,0.488467075545562,"TSS_more_sig"
-0.4,"cent vs mage","132",4.98940424440569e-07,4.84421530666523e-14,6.30195130784624,13.3147765623872,-4.33512396033423,-5.10839768295373,0.475154607407665,0.491558824092585,"TSS_more_sig"
-0.4,"cent vs mage","142",4.21426373131353e-05,0.01117375587422,4.37527828945165,1.95180082139874,3.53437837441037,2.87633276247734,0.52851069574209,0.539422792658703,"CLR_more_sig"
-0.4,"cent vs mage","143",1.65804893488876e-06,9.52669841162527e-12,5.78040265603029,11.0210575831019,-3.96504329975376,-4.62237127599987,0.452099979781384,0.450718840778574,"TSS_more_sig"
-0.4,"cent vs mage","148",0.0101397151000522,7.32392725839739e-05,1.9939742473906,4.13525597778289,-2.74061553787768,-3.41486509660273,0.47666028420896,0.503833823345711,"TSS_more_sig"
-0.4,"cent vs mage","168",7.62200307643994e-07,0.0116554033520201,6.1179308802712,1.93347269249729,3.43469540455872,2.80100613000349,0.44144962033108,0.453080710503911,"CLR_more_sig"
-0.4,"cent vs mage","169",0.0092712887812912,0.000109055898098542,2.03285989134641,3.96235084138852,-2.4698098190801,-3.17004953263595,0.402363145476559,0.442578608312135,"TSS_more_sig"
-0.4,"cent vs mage","210",7.25432531132469e-08,4.26290946986541e-13,7.1394029729153,12.3702938902371,-4.34979123818742,-5.07416443386101,0.45900474771503,0.454037786215313,"TSS_more_sig"
-0.4,"cent vs mage","219",6.5990191296893e-05,4.01876101840948e-12,4.18052061267342,11.3959078190063,-3.87791191858098,-4.67006054309825,0.452986592907497,0.460812823759872,"TSS_more_sig"
-0.4,"cent vs mage","287",0.0376235138800546,0.000227714837024535,1.42454064558915,3.64260867150186,-2.08177937333812,-2.7442065056129,0.43705784425024,0.449552710034024,"TSS_more_sig"
-0.4,"cent vs mage","289",0.0376883379034747,0.000146396459193349,1.42379301498515,3.83446942718054,-2.55364126708462,-3.28434616757434,0.471907772174763,0.485688988291193,"TSS_more_sig"
-0.4,"cent vs mage","353",0.00522615809402188,6.81210958222557e-07,2.28181745677425,6.16671837442448,-3.20916375429122,-4.03209000551027,0.432867368527047,0.453888026085122,"TSS_more_sig"
-0.4,"cent vs mage","531",0.0393522113128503,0.000911831074956884,1.40503085837517,3.04008561124315,-2.22889850438946,-2.91112545548628,0.45326791800907,0.481144307964327,"TSS_more_sig"
-0.4,"cent vs mage","675",0.00130546999309982,3.56041026625185e-06,2.88423310620866,5.44849995536891,-3.0445770497196,-3.72547368839477,0.461656307104043,0.468757762551452,"TSS_more_sig"
-0.4,"cent vs mage","770",0.0332270345734158,6.61581694240122e-05,1.47850841664695,4.17941652008261,-2.15384469951157,-2.86814143777847,0.328197726458522,0.351336880378274,"TSS_more_sig"
-0.4,"cent vs mage","819",0.0440879783376773,0.000632210602477743,1.35567981537012,3.19913822510674,-2.1288945510116,-2.64146325531404,0.438495080942311,0.434547845717383,"TSS_more_sig"
-0.4,"cent vs mage","849",0.0483690591866936,0.000928141620188324,1.31543235987227,3.03238575204221,-1.94702670483632,-2.62092732040121,0.382971902505955,0.415909120866877,"TSS_more_sig"
-0.4,"cent vs mage","854",3.34315568839154e-06,0.0117410607658637,5.4758433981502,1.9302926642511,3.28497547253437,2.64503366363165,0.448216204413565,0.456768256377787,"CLR_more_sig"
-0.4,"cent vs mage","886",0.00182969821698009,0.0191806816493499,2.73762053513742,1.71713596279148,3.16606829293218,2.48336936757595,0.527381145139492,0.534168409458115,"CLR_more_sig"
-0.4,"cent vs mage","917",0.0413923625963592,0.000278204696209631,1.38307978419894,3.55563554321272,-2.45703438551811,-3.14896260008497,0.47260722618956,0.503118804521868,"TSS_more_sig"
-0.4,"cent vs mage","921",1.6570142719885e-07,4.51766536878141e-11,6.78067375095353,10.3450859411611,-3.91554975450791,-4.64065040369761,0.454755003565451,0.473904018534944,"TSS_more_sig"
-0.4,"cent vs mage","966",0.0247234102964645,0.000608512639889943,1.60689162376189,3.21573039627132,-2.42846355212879,-3.03675635641427,0.517480097573195,0.516399375370849,"TSS_more_sig"
-0.4,"cent vs mage","975",0.0417518035408942,0.00931714946743536,1.37932475967881,2.03071693742276,-2.10748329280235,-2.8573111867339,0.434986548832147,0.445932405996757,"TSS_more_sig"
-0.4,"cent vs mage","978",3.11164594756517e-05,0.0162604020137374,4.50700982420363,1.78886872133792,3.27461670643916,2.5508642391753,0.444517868186568,0.445308683279312,"CLR_more_sig"
-0.4,"cent vs mage","1004",0.0154971052994552,0.000488704567295994,1.80974941601537,3.31095360215829,-2.41570622828185,-3.02066849223574,0.453871769828844,0.463457228941216,"TSS_more_sig"
-0.4,"cent vs mage","1019",0.012572859018384,2.85825683953298e-07,1.90056595423741,6.54389874861008,-2.77231841048282,-3.40594114603436,0.406113758555092,0.396069137373483,"TSS_more_sig"
-0.4,"cent vs mage","1043",3.72092535433628e-06,0.0350366102987368,5.42934904229371,1.4554779173374,2.71650367105991,2.0488169236193,0.321795799621301,0.33517449974449,"CLR_more_sig"
-0.4,"cent vs mage","1058",0.00610962347712459,2.81726744223356e-06,2.21398555356199,5.5501719236308,-2.64283394176029,-3.40350162555029,0.453709158821633,0.456766168901029,"TSS_more_sig"
-0.4,"cent vs mage","1074",1.89300138137946e-06,0.00528553718991991,5.72284906911848,2.27691086705816,3.19259773750381,2.53219965511263,0.379592282375474,0.380222266537691,"CLR_more_sig"
-0.4,"cent vs mage","1079",0.0382230737204733,0.000104013120006762,1.41767439194961,3.98291187620929,-2.12407785137736,-2.78595578087824,0.399701966783445,0.41255567619526,"TSS_more_sig"
-0.4,"cent vs mage","1087",4.13383569840722e-07,0.000612996275681406,6.38364678864079,3.21254216407201,3.78657573164215,3.11692665575774,0.485701106618602,0.49827026016347,"CLR_more_sig"
-0.4,"cent vs mage","1098",9.92566908163222e-12,1.35815845242438e-06,11.0032402081249,5.86704955921666,4.41938924349461,3.75025254915528,0.442284931637448,0.446447145833615,"CLR_more_sig"
-0.4,"cent vs mage","1104",0.0362571648191293,0.000204715907985979,1.44060615919109,3.68884840803564,-2.5086539620926,-3.14057903166159,0.437899698300903,0.460215248747595,"TSS_more_sig"
-0.4,"eld vs kin","3",0,1.93768612266609e-14,26.342143652533,13.7127165710593,-4.69610620335113,-5.16416292816916,0.431076942600061,0.446382974768591,"CLR_more_sig"
-0.4,"eld vs kin","4",2.41408059067242e-08,4.85193732314087e-05,7.6172482356885,4.31408481794353,2.5300224867722,2.06325815678968,0.22815882542006,0.220381276126874,"CLR_more_sig"
-0.4,"eld vs kin","5",1.39163805291446e-06,1.87287566426482e-06,5.85647370442515,5.72749105343953,-2.74215516805681,-3.20970431981998,0.385198723953738,0.385708909084666,"CLR_more_sig"
-0.4,"eld vs kin","7",4.61054233462638e-24,4.54837587644434e-26,23.3362479858723,25.342143652533,7.58924129780155,7.12304170051368,0.466900853833627,0.45859038053136,"TSS_more_sig"
-0.4,"eld vs kin","10",0.000123151540761095,2.97856108407212e-05,3.90956015028971,4.52599348900028,-2.69676702512808,-3.16535796548932,0.482104047904353,0.47541067138517,"TSS_more_sig"
-0.4,"eld vs kin","11",5.62062777251223e-08,9.27635612859315e-06,7.25021517501603,5.03262258671431,3.23992303585067,2.76667262216442,0.35319539653656,0.353017484396487,"CLR_more_sig"
-0.4,"eld vs kin","12",0.00209300544064967,0.0015052828698445,2.67922964273582,2.82238188062224,-1.94648613566021,-2.39957651720567,0.381028765891532,0.369266059515318,"TSS_more_sig"
-0.4,"eld vs kin","14",2.04624216012072e-08,1.55117988599566e-05,7.68904297151297,4.80933783534872,2.86188663586706,2.38969677521107,0.280335875992662,0.275363883358399,"CLR_more_sig"
-0.4,"eld vs kin","15",0.000125185286500701,0.00195114607180247,3.90244671239604,2.70971021609852,2.98613550359888,2.47732828799006,0.447671808666211,0.425171895396861,"CLR_more_sig"
-0.4,"eld vs kin","16",8.48087478743465e-11,4.62298256063118e-07,10.0715593487148,6.33507774485652,3.02382234928692,2.56088662926655,0.262400405287921,0.267270856146529,"CLR_more_sig"
-0.4,"eld vs kin","21",6.38243118709842e-18,4.41763396187675e-14,17.1950138588934,13.3548102719238,4.09415277904402,3.63250438013713,0.295656503245698,0.294343196560122,"CLR_more_sig"
-0.4,"eld vs kin","23",6.56538344030748e-05,0.0111207096060606,4.18273990458642,1.95386749978958,2.40364038416142,1.95387352885798,0.297118119039248,0.309188113364437,"CLR_more_sig"
-0.4,"eld vs kin","25",1.59291486118935e-05,0.000796333393862039,4.7978074359401,3.09890507195938,3.03129042070613,2.59217653829454,0.41074689925111,0.421093375980376,"CLR_more_sig"
-0.4,"eld vs kin","26",0.0007927969123904,0.0243741552184292,3.10083804991332,1.6130704275405,2.44171457398172,1.98986167446774,0.364836269573759,0.364807250230821,"CLR_more_sig"
-0.4,"eld vs kin","29",2.77326341520414e-05,0.0050416242538739,4.55700887750603,2.29742952489321,2.45022949688994,1.98180756729001,0.290930613548641,0.291272817811615,"CLR_more_sig"
-0.4,"eld vs kin","31",8.8077790167096e-06,0.000317447988894959,5.0551335901566,3.498327419935,3.60564726219582,3.12589818616702,0.521485381155752,0.533158576543812,"CLR_more_sig"
-0.4,"eld vs kin","33",7.39939444624023e-07,5.58162026996494e-07,6.13080382073083,6.25323971286145,-3.16096272026187,-3.642012547222,0.454410026812134,0.457278663560495,"TSS_more_sig"
-0.4,"eld vs kin","36",0.000282133728672061,0.0326416480990299,3.54954499147477,1.48622792154059,2.12576236587328,1.66233984908075,0.255514863133545,0.263069493112011,"CLR_more_sig"
-0.4,"eld vs kin","38",0.0063536558778574,0.00529852902376008,2.19697631081746,2.27584468238651,-1.77470509153253,-2.23473715188612,0.370227092233281,0.379276279040621,"TSS_more_sig"
-0.4,"eld vs kin","46",0.0359145754537683,0.021021553605547,1.44472926299584,1.67733519043039,-1.51484831247164,-1.98264206235523,0.375394527711527,0.391186282434818,"TSS_more_sig"
-0.4,"eld vs kin","47",0.0035418923758051,0.0146265897398297,2.45076463944862,1.83485691993198,2.83962151177797,2.41846780999408,0.541338884362482,0.534289195292752,"CLR_more_sig"
-0.4,"eld vs kin","55",0.00168439076115126,0.0249136286673255,2.77355714934156,1.60356301291211,2.50971774047419,2.04079975812204,0.419296739083242,0.411632516026707,"CLR_more_sig"
-0.4,"eld vs kin","57",0.00136834038634258,0.000885856585728406,2.86380585471967,3.05263658180165,-2.36100278498612,-2.85930469192613,0.454044664980255,0.478582129323042,"TSS_more_sig"
-0.4,"eld vs kin","62",0.00506606087181643,0.0051166168875736,2.29532959620059,2.2910171000968,-1.5900219058791,-2.05266661118397,0.307448924858033,0.317676991985822,"CLR_more_sig"
-0.4,"eld vs kin","65",0.000100344554651232,3.46465521679842e-06,3.99850619018285,5.46033997747127,-2.61722485448455,-3.10660588061503,0.377550347375792,0.369903117660872,"TSS_more_sig"
-0.4,"eld vs kin","67",9.791773873206e-13,7.89284147299322e-13,12.0091386244829,12.1027666198724,-5.38364100720261,-5.87408770706336,0.564653618385859,0.567864025366314,"TSS_more_sig"
-0.4,"eld vs kin","68",0.00870050701217465,0.0129328028540854,2.06045543862577,1.8883073427029,-1.63773622380689,-2.07672080799756,0.361904564632055,0.383745078620032,"CLR_more_sig"
-0.4,"eld vs kin","74",2.69858614177002e-06,2.87080789701464e-05,5.56886371423087,4.54199586778138,3.77149136496661,3.30474103779909,0.499434229141645,0.496296241595819,"CLR_more_sig"
-0.4,"eld vs kin","77",0.000714797009133123,0.0358180547322465,3.1458172733456,1.4458980042489,2.37119446313506,1.92832915752555,0.357783039811451,0.367444241619233,"CLR_more_sig"
-0.4,"eld vs kin","79",9.4212917097547e-09,2.84050487718941e-08,8.02588954901603,7.54660446069595,-3.71314813820261,-4.14910018860806,0.469557267464636,0.484165446188056,"CLR_more_sig"
-0.4,"eld vs kin","80",0.000173565150557454,0.0157919578311777,3.7605374706338,1.80156402435727,2.48967892186903,2.01309280585534,0.361957447113121,0.346631935386952,"CLR_more_sig"
-0.4,"eld vs kin","81",0.0339739916127203,0.0125389846207848,1.4688534247656,1.90173763028714,-1.40093930071548,-1.86187299133177,0.313418954365876,0.305721762227176,"TSS_more_sig"
-0.4,"eld vs kin","82",1.49305331407593e-05,3.87676551732342e-06,4.82592468417344,5.41153046610968,-3.79555230421379,-4.2111921592675,0.582058095888202,0.602271200400077,"TSS_more_sig"
-0.4,"eld vs kin","83",2.55045557567535e-06,2.09995461693959e-06,5.59338223669154,5.67779009089736,-3.39991115477157,-3.87299442941123,0.496328317847161,0.520475385944309,"TSS_more_sig"
-0.4,"eld vs kin","84",1.85587067965627e-08,5.90955330970457e-07,7.73145228946867,6.22844534525446,-3.73283998879031,-4.13081999793137,0.459026335948165,0.480231499630268,"CLR_more_sig"
-0.4,"eld vs kin","85",0.00340174076376247,0.00126318837553645,2.46829878571382,2.8985318795669,-2.24558628663728,-2.68184587733133,0.47535293747258,0.491769539191663,"TSS_more_sig"
-0.4,"eld vs kin","87",0.000363575214064009,0.0072615178327838,3.43940573150656,2.13897259176482,-2.76057987685024,-3.28194124215819,0.50275840590233,0.523858940071898,"CLR_more_sig"
-0.4,"eld vs kin","88",0.0321084512155087,0.00457386320248716,1.49338064257365,2.33971682864344,-2.32374959327547,-2.70267925947841,0.592667003451379,0.592249225313627,"TSS_more_sig"
-0.4,"eld vs kin","89",7.52210197225147e-14,9.52019324695679e-12,13.1236607834255,11.0213542359396,4.91282537345002,4.51302457121936,0.437051914322766,0.456303520545915,"CLR_more_sig"
-0.4,"eld vs kin","91",1.00685410926544e-07,3.53177708493746e-09,6.99703345311181,8.45200671558052,-4.31159648008391,-4.72733623923439,0.563547364035748,0.58371783716043,"TSS_more_sig"
-0.4,"eld vs kin","100",8.91562980121384e-07,5.18429091564845e-06,6.04984797278802,5.28531063608887,-3.56549315790582,-4.15054458780004,0.533364527016869,0.556451967577492,"CLR_more_sig"
-0.4,"eld vs kin","102",0.000494220073791952,0.000423412314461715,3.3060796187882,3.37323651517585,-2.74549335712635,-3.25938463297336,0.521890582646298,0.554994311449885,"TSS_more_sig"
-0.4,"eld vs kin","108",0.00607806189131434,0.00255763154111956,2.21623488192645,2.59216202091462,-2.63507726824872,-3.15573895165379,0.628310205105093,0.653337348059067,"TSS_more_sig"
-0.4,"eld vs kin","110",0.00237018003809834,0.00482516916317828,2.62521866387051,2.31648745634153,-2.34249702397282,-2.83629674809148,0.490007961644858,0.536304425066874,"CLR_more_sig"
-0.4,"eld vs kin","111",1.21919381829674e-06,6.07313973928851e-07,5.91392724801106,6.21658672590795,-3.15538097045985,-3.64082363093964,0.440075767800318,0.456753569717843,"TSS_more_sig"
-0.4,"eld vs kin","115",0.00371815286446674,0.000656401725716026,2.42967275904243,3.18283028583351,-2.53938385107701,-3.04951903284819,0.550364256954921,0.55960186130103,"TSS_more_sig"
-0.4,"eld vs kin","118",0.00143548754137741,0.000258037593700263,2.84300057240086,3.58831701672207,-2.09971296486619,-2.63324281264025,0.388566247026983,0.396782643594911,"TSS_more_sig"
-0.4,"eld vs kin","119",0.000131243389116675,0.00862076443815056,3.88192256329311,2.06445422181443,2.44000670874044,1.9760382766638,0.304719410876269,0.309818720357168,"CLR_more_sig"
-0.4,"eld vs kin","121",1.26720716217265e-09,1.17862962148674e-08,8.89715238114342,7.92862264835322,4.66305318165595,4.20719294323048,0.485695324353091,0.499075351875721,"CLR_more_sig"
-0.4,"eld vs kin","124",0.00173969994242076,0.0358965310909651,2.75952565090606,1.44494751801896,2.59262465371036,2.14086310526388,0.428441513961641,0.437807911764815,"CLR_more_sig"
-0.4,"eld vs kin","125",0.00111434155933146,0.0381872854919766,2.95298167218117,1.41808121195282,3.07377120843425,2.46576756045561,0.520783594051919,0.53195213669869,"CLR_more_sig"
-0.4,"eld vs kin","126",0.0172880349798741,0.0110677201252909,1.76225436739096,1.9559418316036,-2.05352622038575,-2.51687565687992,0.500989672528248,0.522558339082444,"TSS_more_sig"
-0.4,"eld vs kin","128",0.00524694225033909,0.00149533198723011,2.28009371577061,2.82526237642599,-2.59002135443316,-3.03665806833583,0.563076094081484,0.583134780218663,"TSS_more_sig"
-0.4,"eld vs kin","130",0.000502156642445369,0.00197551471925733,3.29916078815758,2.70431973010887,-3.19972724202916,-3.61094845396225,0.569201460757447,0.584386678140869,"CLR_more_sig"
-0.4,"eld vs kin","133",0.00212618356610836,0.00173351733646436,2.67239924296117,2.76107181071762,-2.44302105048804,-2.92720579986319,0.477368461969217,0.493002869552113,"TSS_more_sig"
-0.4,"eld vs kin","138",4.54479082998623e-10,3.46651480552903e-08,9.34248610000487,7.46010694058397,3.96161265830361,3.51029888985067,0.435055006969762,0.438742551472802,"CLR_more_sig"
-0.4,"eld vs kin","139",6.49359136744831e-06,1.4789782743542e-07,5.18751504438973,6.83003820558214,-3.84582413398744,-4.2676012283672,0.545359993469979,0.53931116881788,"TSS_more_sig"
-0.4,"eld vs kin","145",0.00964906325453406,0.00389605808077321,2.01551484656643,2.40937457746814,-2.25182977146747,-2.79002219769255,0.513906444902951,0.54823661096462,"TSS_more_sig"
-0.4,"eld vs kin","147",0.00180555783088539,0.000396893594551525,2.74338859683439,3.40132591009605,-2.719657959352,-3.13343954868153,0.554055685332274,0.560061455576645,"TSS_more_sig"
-0.4,"eld vs kin","150",0.0157076456007432,0.00299718941734588,1.80388890593599,2.52328580950394,-1.75960951837282,-2.18264856484531,0.412689508218548,0.406261880890811,"TSS_more_sig"
-0.4,"eld vs kin","151",1.89451829036559e-14,1.27123191330164e-11,13.7225011975326,10.8957752130341,5.44573463748496,4.87719200301278,0.475766111597588,0.480986126181596,"CLR_more_sig"
-0.4,"eld vs kin","162",0.039591236222781,0.00310488864535484,1.40240093733974,2.50795397087392,-2.63955497543388,-3.1246197806242,0.607457287101145,0.597143595691005,"TSS_more_sig"
-0.4,"eld vs kin","163",0.000980741225995888,0.00245632463689656,3.00844556850928,2.60971423578183,-2.84604246382613,-3.31151863049787,0.552527408843167,0.569804504529287,"CLR_more_sig"
-0.4,"eld vs kin","164",8.69457936433429e-05,0.00117204486587502,4.06075142391629,2.93105576320786,3.32628232592839,2.8196273090157,0.484805897338835,0.459386012256544,"CLR_more_sig"
-0.4,"eld vs kin","169",1.12960296555628e-05,2.20777363190991e-05,4.94707417613377,4.65604545786867,-3.36402510294775,-3.86428482863094,0.500335879734996,0.511038978670697,"CLR_more_sig"
-0.4,"eld vs kin","172",0.00307209459932319,4.58837326754058e-06,2.51256541516022,5.33834125915805,-2.7924510918574,-3.23404719045934,0.463813019427671,0.457307039368626,"TSS_more_sig"
-0.4,"eld vs kin","181",0.00210712603876834,0.000492239186502732,2.67630948607938,3.3078238156546,-2.54906820906871,-2.9477429993801,0.477910989536943,0.500705852965479,"TSS_more_sig"
-0.4,"eld vs kin","200",0.0197682965549065,0.028100602837772,1.70403075247074,1.5512843631444,-2.17867407298959,-2.58746294710338,0.521861745957296,0.530230818517171,"CLR_more_sig"
-0.4,"eld vs kin","203",0.0103696489068166,0.00438926911459801,1.98423594760454,2.35760779090214,-2.13822058695755,-2.58997771900207,0.443536434877937,0.447643428908122,"TSS_more_sig"
-0.4,"eld vs kin","206",0.0132194061873314,0.0452099164435207,1.87878805281992,1.34476629562334,2.83296271498164,2.42347732871375,0.523288629960077,0.547680449629452,"CLR_more_sig"
-0.4,"eld vs kin","207",1.79071266139712e-06,7.42731081658407e-05,5.74697409565908,4.12916840143746,3.74769048043568,3.10974772939579,0.464650333441196,0.457725441552836,"CLR_more_sig"
-0.4,"eld vs kin","216",0.018148636768036,0.00274915089437674,1.74115599136366,2.56080142210754,-2.2625160320092,-2.83815912901799,0.505775294531427,0.514311055414923,"TSS_more_sig"
-0.4,"eld vs kin","222",1.30473093195224e-05,0.000787608151497531,4.88447904144199,3.10368979769888,3.36994443545377,2.93986630445907,0.507408907045078,0.511821248452623,"CLR_more_sig"
-0.4,"eld vs kin","246",5.48697406790607e-05,0.0317488589622296,4.2606670923266,1.49827187841333,3.02300088230337,2.55153331299895,0.469983509395931,0.474616059265264,"CLR_more_sig"
-0.4,"eld vs kin","251",0.00790170484065577,0.006204235426205,2.10227919693609,2.20731173078722,-2.77488408407385,-3.17915302691738,0.58223540791775,0.591934448743013,"TSS_more_sig"
-0.4,"eld vs kin","252",0.00451440266708279,0.00130316129696442,2.34539970615929,2.88500182676921,-2.39250878149705,-2.82500684038761,0.469637078164482,0.474527053518648,"TSS_more_sig"
-0.4,"eld vs kin","255",0.0308251060228819,0.0128477866475445,1.51109542097478,1.89117168397102,-2.12050465871692,-2.5753047988462,0.546907283593255,0.579722153504095,"TSS_more_sig"
-0.4,"eld vs kin","265",0.024017731124042,0.00261165499123866,1.6194680213648,2.58308419542825,2.83214236728146,2.35226129141529,0.478561154816938,0.475796268896111,"TSS_more_sig"
-0.4,"eld vs kin","267",0.00214319052474516,0.00035870467672363,2.66893921945397,3.44526296103793,-3.1027854158099,-3.56664831760398,0.608612974572908,0.610694160227803,"TSS_more_sig"
-0.4,"eld vs kin","282",0.000167021902719164,0.00117315321355748,3.77722657312581,2.93064526541445,-2.77932422002141,-3.27937771089555,0.467511419615937,0.481228616660158,"CLR_more_sig"
-0.4,"eld vs kin","294",0.00199034538524746,0.033033140208186,2.70107155379548,1.48105013928881,2.66176908785625,2.279066329329,0.444910053812892,0.448006123117251,"CLR_more_sig"
-0.4,"eld vs kin","329",0.00296430289805303,0.0225534953683263,2.52807742139719,1.64678614107923,2.62509209605781,2.23030178075323,0.41796069639216,0.441025704704371,"CLR_more_sig"
-0.4,"eld vs kin","344",1.66128575542677e-06,0.00139507037773394,5.77955565874,2.85540388279144,3.0894047430255,2.60648364090366,0.412704244768922,0.412990214074838,"CLR_more_sig"
-0.4,"eld vs kin","349",0.00907032247018459,0.00252530777789703,2.04237727252841,2.59768568364569,-2.24413494594536,-2.50050694417865,0.488355689530595,0.494133211744029,"TSS_more_sig"
-0.4,"eld vs kin","363",0.00333796299543509,0.00864911764362668,2.47651848220663,2.06302819566234,-2.25103798812484,-2.69724473556959,0.462883135806612,0.4868811362671,"CLR_more_sig"
-0.4,"eld vs kin","473",0.000557302862550058,0.00130403212720927,3.25390872621259,2.88471170883582,-2.74789719646628,-3.14262172711239,0.530494266091223,0.532890291987759,"CLR_more_sig"
-0.4,"eld vs kin","614",0.00223662245833222,0.000214029136423349,2.65040731858589,3.66952710082583,-2.80411648611113,-3.36515709712564,0.497898266248912,0.498044563499154,"TSS_more_sig"
-0.4,"eld vs kin","616",0.000141333075741925,0.000350535331738568,3.8497561896644,3.45526820136134,-2.56694263819063,-3.05688953570025,0.416131116472588,0.434548556631114,"CLR_more_sig"
-0.4,"eld vs kin","666",8.12468506394561e-10,5.67742033941165e-11,9.09019346452034,10.2458489507052,-3.84330027123441,-4.23621311951757,0.417887034623683,0.41757291217464,"TSS_more_sig"
-0.4,"eld vs kin","728",6.45227578345326e-12,8.08194493283344e-10,11.1902870782527,9.0924841129936,4.19816692209772,3.7533297037168,0.397134276157834,0.393702484379381,"CLR_more_sig"
-0.4,"eld vs kin","744",6.7185742786635e-06,1.63448228560669e-06,5.17272287703571,5.7866197819083,-3.58819789432811,-4.07301289298383,0.523788522694171,0.520909260633944,"TSS_more_sig"
-0.4,"eld vs kin","757",0.00833881207626164,0.0103543794137259,2.07889581332751,1.98487592528535,-1.96325684785879,-2.38298846536123,0.432642653356443,0.443614120995549,"CLR_more_sig"
-0.4,"eld vs kin","770",6.46042028218028e-05,2.33479706358831e-05,4.18973922808936,4.63175086156206,-2.54414334482147,-3.01875981256916,0.418442536226784,0.432286182773735,"TSS_more_sig"
-0.4,"eld vs kin","786",5.54628042609203e-08,1.57207461387419e-07,7.25599817579216,6.80352684530371,-3.77798534370105,-4.1026106137806,0.493786705796454,0.497953472961509,"CLR_more_sig"
-0.4,"eld vs kin","849",1.93365989004958e-06,2.74514033929302e-05,5.71361991125822,4.56143544829127,-2.74744624876235,-3.22634469518964,0.396548277979167,0.435496992104771,"CLR_more_sig"
-0.4,"eld vs kin","854",0.00057638536891706,0.000664078061693379,3.23928705193722,3.17778086676143,3.32212961935849,2.86604210709672,0.47157154505915,0.460390101570332,"CLR_more_sig"
-0.4,"eld vs kin","875",0.0150888568969311,0.00702150446574274,1.82134366030124,2.15356982360142,-2.40496338056352,-2.77917226026973,0.546220415967701,0.559071873486085,"TSS_more_sig"
-0.4,"eld vs kin","879",0.000347084809153739,8.28761308727428e-05,3.45956439366099,4.08157053245213,-2.51656941062251,-2.97376439510843,0.410532878080605,0.420448858523618,"TSS_more_sig"
-0.4,"eld vs kin","886",3.6014772306986e-10,2.79375263145032e-07,9.44351932658026,6.55381205045954,4.64587408715887,4.1888748447624,0.513042621578567,0.520354403274761,"CLR_more_sig"
-0.4,"eld vs kin","888",0.000165643361746043,0.00631559523636092,3.78082596403696,2.19958571150856,2.86716610499439,2.41702131052259,0.450095845445209,0.459357495253279,"CLR_more_sig"
-0.4,"eld vs kin","891",3.37122442253652e-05,2.9483222290275e-05,4.4722123355167,4.53042505316001,-3.27652230022844,-3.74084201453258,0.560297775463111,0.579470910732622,"TSS_more_sig"
-0.4,"eld vs kin","895",4.84080977260282e-05,0.000258345166401903,4.31508198332319,3.58779965962488,-3.06709300074663,-3.49301406390188,0.496404921406727,0.501942404376846,"CLR_more_sig"
-0.4,"eld vs kin","914",0.00366958643372361,0.000617143292476642,2.43538287843795,3.20961398684727,-2.76541044525432,-3.37980252625632,0.549020063001745,0.564955301653906,"TSS_more_sig"
-0.4,"eld vs kin","917",0.012898972114111,0.00810676819074915,1.88944489613142,2.09115224525309,-2.14901255411507,-2.61135795178502,0.518092241353704,0.548675321954415,"TSS_more_sig"
-0.4,"eld vs kin","935",0.00896239036904488,0.00547008958716663,2.04757614372694,2.26200556088896,-2.4457728333936,-3.01209508413329,0.531570407823544,0.553985959121768,"TSS_more_sig"
-0.4,"eld vs kin","947",6.34078367684657e-10,1.14440426892793e-08,9.1978570630178,7.94142053083148,4.25547225275714,3.86682669990524,0.430757152994969,0.435805849174132,"CLR_more_sig"
-0.4,"eld vs kin","965",0.00354782346744552,0.000765908903658045,2.45003799792195,3.11582288179208,-2.80517513780864,-3.21659105153217,0.596487838428632,0.588239507069279,"TSS_more_sig"
-0.4,"eld vs kin","978",4.87459579899414e-22,3.85598920289067e-19,21.3120613901284,18.4138641908303,6.11868822477615,5.55536212166084,0.412461570464707,0.395641938154928,"CLR_more_sig"
-0.4,"eld vs kin","984",5.93685111372862e-13,4.69860594992862e-13,12.2264438423148,12.3280309756937,4.87004072678713,4.53930287590162,0.415097111225263,0.418704439467557,"TSS_more_sig"
-0.4,"eld vs kin","988",0.000967610856017417,0.00534574322703467,3.01429926775744,2.27199190561691,3.18787988411664,2.71686723144269,0.533313902603286,0.522209157901064,"CLR_more_sig"
-0.4,"eld vs kin","991",3.33937969725897e-05,1.50379553945745e-05,4.47633419758259,4.82281120770822,-3.70381241931431,-4.15087214809335,0.558127628600053,0.569657042112064,"TSS_more_sig"
-0.4,"eld vs kin","1000",0.0194447405334743,0.00809205755542391,1.71119784761203,2.09194103693508,-2.20048941954013,-2.63781848598043,0.564808410134492,0.558710439400956,"TSS_more_sig"
-0.4,"eld vs kin","1014",2.64800124249988e-09,1.40691418637586e-07,8.57708181545186,6.85173239120775,-4.24940442842523,-4.76613248662674,0.509043321104359,0.52069765399796,"CLR_more_sig"
-0.4,"eld vs kin","1020",0.00681117423100523,0.040025650383066,2.16677801024795,1.39766160243223,2.37484361752739,1.86019899704042,0.430152902090125,0.419565519251324,"CLR_more_sig"
-0.4,"eld vs kin","1021",1.19235559904577e-06,7.71653479615994e-07,5.92359420460221,6.11257768110946,-3.80000744500453,-4.25866620966824,0.550886923177395,0.544358257460729,"TSS_more_sig"
-0.4,"eld vs kin","1030",1.24752296741807e-09,5.96474242576983e-08,8.90395145008845,7.22440830563691,4.22436874365308,3.66338868857231,0.443148221759238,0.431101687883497,"CLR_more_sig"
-0.4,"eld vs kin","1047",0.000479024648045735,0.00147771066911211,3.31964213953982,2.83041059104853,-1.67298071380606,-2.13509912951286,0.273021450434434,0.290213812306004,"CLR_more_sig"
-0.4,"eld vs kin","1074",3.35018736116893e-15,3.46175999748084e-13,14.4749309041135,12.4607030448901,5.0205752617468,4.58251994264641,0.394505736500335,0.384957475081205,"CLR_more_sig"
-0.4,"eld vs kin","1076",7.50709953268772e-12,1.57097259802041e-10,11.1245278260131,9.80383139015565,4.5756331514773,3.98810471420824,0.424091010202958,0.416444719312433,"CLR_more_sig"
-0.4,"eld vs kin","1079",0.00408378370441578,0.00138190485550838,2.38893726816845,2.85952185721517,-2.33363499184605,-2.88229980103043,0.480733225154581,0.490120101305613,"TSS_more_sig"
-0.4,"eld vs kin","1082",0.000967655088603774,0.0175694938705695,3.01427941522169,1.75524074916975,2.88925006898605,2.48716528922129,0.485530231769557,0.486647405895648,"CLR_more_sig"
-0.4,"eld vs kin","1089",1.44059232453397e-09,3.10001308321125e-06,8.84145890347119,5.50863647327719,3.01996478470844,2.55033708795298,0.281202996533468,0.288531280662492,"CLR_more_sig"
-0.4,"eld vs kin","1098",3.44986904364435e-25,1.06959434983274e-23,24.4621973903476,22.9707808999149,7.01748263322804,6.45182750937544,0.450485591668517,0.434115258685567,"CLR_more_sig"
-0.4,"eld vs kin","1101",0.0116391493798217,0.000556943100813844,1.93407875792912,3.25418917154945,-2.5611617869384,-3.09411532953488,0.5822272389336,0.590392821425126,"TSS_more_sig"
-0.4,"eld vs kin","1104",0.000236736999429209,1.15565281710992e-05,3.62573386124204,4.93717261769734,-2.80740339388727,-3.28610514421284,0.465986510898883,0.461356266780726,"TSS_more_sig"
-0.4,"eld vs kin","1105",4.09902549036927e-09,3.17946611499182e-12,8.38731938095349,11.4976457991284,-4.54770482172996,-4.99992672684358,0.507469371372575,0.513299590851573,"TSS_more_sig"
-0.4,"eld vs kin","1108",0.00101312744893519,0.0307756979626666,2.99433591802801,1.51179208891176,2.5100703129883,2.10766444803839,0.423489195507702,0.444109938805909,"CLR_more_sig"
-0.4,"eld vs kin","1112",0.000162682806748587,1.60816341469674e-06,3.78865834336784,5.7936698221951,-3.70719602637468,-4.09595918216027,0.530485227297448,0.542555950989168,"TSS_more_sig"
-0.3,"cent vs mage","4",7.64014768770489e-09,7.80422698986372e-05,8.11689824622335,4.10767010742057,2.10499311296178,1.50008667073133,0.199516794271982,0.182974322198672,"CLR_more_sig"
-0.3,"cent vs mage","7",7.79120667781499e-12,4.85836130980683e-09,11.108395274942,8.3135101904324,4.05651769926216,3.46600895422534,0.418852067804704,0.415551937936739,"CLR_more_sig"
-0.3,"cent vs mage","8",5.11957110002494e-05,0.014217241733773,4.29076642119111,1.84718465226982,2.17412778220177,1.56426137451296,0.308917143340934,0.313436961249719,"CLR_more_sig"
-0.3,"cent vs mage","9",6.96067053689257e-05,0.0482909479173375,4.15734892181969,1.31613426962081,1.92266526056043,1.31782233922503,0.262907365348579,0.27208665691372,"CLR_more_sig"
-0.3,"cent vs mage","11",8.26133547721366e-05,0.0157441391582952,4.08294974160175,1.80288108028134,2.13055132837211,1.51014297624213,0.311142772845155,0.297145150578732,"CLR_more_sig"
-0.3,"cent vs mage","14",5.05476874127563e-10,7.89236428411469e-06,9.29629870885346,5.10279287743281,2.61038935752245,2.0032734895662,0.263598169850938,0.259532743906515,"CLR_more_sig"
-0.3,"cent vs mage","19",9.00934885847312e-06,0.0040799591909851,5.04530659607875,2.38934418083625,2.41450226457642,1.81004789710754,0.332330953648003,0.344039687658034,"CLR_more_sig"
-0.3,"cent vs mage","20",2.11613965079123e-09,2.15382404372566e-05,8.67445567521589,4.66678977919976,2.57528183953484,1.9797441681276,0.26535236904599,0.268242967052223,"CLR_more_sig"
-0.3,"cent vs mage","21",4.37059449988498e-11,2.38523506435699e-07,10.3594594851213,6.6224688148953,2.76047891163511,2.15626076791474,0.264377151753478,0.2603586978663,"CLR_more_sig"
-0.3,"cent vs mage","22",0.0347351575620809,2.60858084251129e-05,1.4592307267828,4.58359569951569,-1.70016990366734,-2.32212059471422,0.326166620666952,0.323034649336549,"TSS_more_sig"
-0.3,"cent vs mage","23",2.06845138793652e-05,0.013641769991049,4.68435468129446,1.86512927722536,2.03878064875383,1.42844179159503,0.262424707094206,0.266621407531751,"CLR_more_sig"
-0.3,"cent vs mage","24",2.20348827887647e-10,7.86359698194504e-08,9.65688925531191,7.10437875267878,4.41820974735372,3.7524859128741,0.480778591024903,0.489998101890741,"CLR_more_sig"
-0.3,"cent vs mage","26",4.9829757430418e-08,4.94003908255028e-05,7.30251122695472,4.30626961519198,2.9704112779639,2.4046538796979,0.371120508813701,0.373884188387015,"CLR_more_sig"
-0.3,"cent vs mage","32",4.33025363268895e-07,0.003526315862111,6.36348666529761,2.45267878930613,2.04962609432985,1.43796099213855,0.225992392124236,0.22926429459503,"CLR_more_sig"
-0.3,"cent vs mage","39",8.56740637313491e-09,4.23648379160236e-06,8.06715063295623,5.3729944508247,3.48070167661827,2.8855443022713,0.421867511789521,0.418669454605686,"CLR_more_sig"
-0.3,"cent vs mage","42",3.35128020582202e-08,8.24723460401422e-06,7.4747892586002,5.08369165115293,3.34677618136147,2.73566227028996,0.412687832552624,0.411120457714962,"CLR_more_sig"
-0.3,"cent vs mage","51",0.0180778041755535,7.55445461467817e-05,1.7428543223316,4.12179688359305,-1.87715712456959,-2.47836509866708,0.369634365953307,0.382193664674985,"TSS_more_sig"
-0.3,"cent vs mage","55",5.38470579489028e-05,0.00865673216135097,4.26883802034115,2.0626460193138,2.36731819607178,1.79032190243119,0.367279919011758,0.358368029609851,"CLR_more_sig"
-0.3,"cent vs mage","56",1.01973576839056e-06,0.0003558423405563,5.99151234705777,3.44874237784867,2.90031164852697,2.27575306875255,0.363137556593356,0.370523929592564,"CLR_more_sig"
-0.3,"cent vs mage","57",0.0240298569899182,0.000143344260117137,1.61924881382674,3.84361969266771,-2.08477495376253,-2.74607234523143,0.421640961760997,0.457558067469471,"TSS_more_sig"
-0.3,"cent vs mage","69",0.000120737928271807,0.00228536551049994,3.91815628042756,2.64104433104335,2.59336660872032,2.01820877879464,0.389525116706142,0.38759147014906,"CLR_more_sig"
-0.3,"cent vs mage","90",1.54157227951016e-05,0.00304766164608012,4.81203610774805,2.5160332503892,2.23526444317484,1.64322912682018,0.290158734110164,0.278417612828404,"CLR_more_sig"
-0.3,"cent vs mage","92",0.000105346385527085,0.0380038118749774,3.97738036060236,1.42017284040315,1.83202845082776,1.24223130769554,0.245817456476084,0.24092742894875,"CLR_more_sig"
-0.3,"cent vs mage","100",0.00624061454779595,0.00013360457657212,2.20477264083442,3.87417866501934,-2.74567173284093,-3.44637914396996,0.557766484117216,0.569990362118135,"TSS_more_sig"
-0.3,"cent vs mage","106",2.15473029291569e-07,0.000273604270867766,6.66660708263961,3.56287712771279,2.65781888360977,2.05732300669276,0.325030027466872,0.338076820658596,"CLR_more_sig"
-0.3,"cent vs mage","114",3.0494021597939e-08,2.46366087087935e-11,7.51578529644082,10.6084190741221,-3.80722325182328,-4.45617062881027,0.465856368087236,0.500676688002944,"TSS_more_sig"
-0.3,"cent vs mage","132",1.49965667314844e-10,2.91427992848981e-13,9.82400815562674,12.5354687348037,-4.32491791151196,-5.0538994455491,0.471786144372454,0.480667069686463,"TSS_more_sig"
-0.3,"cent vs mage","142",0.000567003489814763,0.00343041359092788,3.24641426808658,2.46465351569214,3.62801422874047,2.97843070314884,0.530061681339072,0.5407640630006,"CLR_more_sig"
-0.3,"cent vs mage","143",2.03270578310923e-07,3.20364105614127e-13,6.69192547724932,12.4943561492887,-3.96734876017878,-4.62182344714173,0.459338698765165,0.453255069791884,"TSS_more_sig"
-0.3,"cent vs mage","146",0.0253874835334223,0.000146112671417801,1.59538034527482,3.83531211884875,-2.07511262424023,-2.65788787590835,0.405652518493673,0.428075830551555,"TSS_more_sig"
-0.3,"cent vs mage","148",0.0010810598626325,4.65108619341277e-06,2.96615025674868,5.3324456121168,-2.67987935725722,-3.31067730964986,0.473209671667281,0.494790697477377,"TSS_more_sig"
-0.3,"cent vs mage","155",0.00448232253528842,0.0489539507121755,2.34849689607045,1.31021225374313,2.56399888887861,1.99730746054596,0.472552039927111,0.467484032238672,"CLR_more_sig"
-0.3,"cent vs mage","168",8.46012226506861e-07,0.000177575271361204,6.07262336052351,3.75061751298938,3.46836703935907,2.89687551715727,0.4410911110471,0.444932084526392,"CLR_more_sig"
-0.3,"cent vs mage","169",0.000603817027992938,6.04868628549578e-06,3.21909464378212,5.21833893954806,-2.4532943515934,-3.06980562736141,0.400248288684033,0.441842267210235,"TSS_more_sig"
-0.3,"cent vs mage","210",5.48263674869984e-12,5.89056581290492e-14,11.2610105272811,13.2298429874505,-4.39104764501596,-5.02614931807764,0.463300152062457,0.472047452999783,"TSS_more_sig"
-0.3,"cent vs mage","219",1.94956504100615e-08,6.28939082802574e-12,7.71006227138706,11.2013914170092,-3.96014770275244,-4.5193933605051,0.456793186645228,0.460989436958736,"TSS_more_sig"
-0.3,"cent vs mage","274",0.0353495398385914,0.00030272451486943,1.45161623524364,3.51895240811043,-2.1502576073311,-2.62178516762255,0.501197478638706,0.497579985860955,"TSS_more_sig"
-0.3,"cent vs mage","287",0.0296315818558485,0.000112970913945906,1.52824516347342,3.94703335774482,-2.01985072237322,-2.64070965143223,0.417471204925206,0.444691038608435,"TSS_more_sig"
-0.3,"cent vs mage","289",0.00192807208499454,2.58985278365001e-05,2.71487673312503,4.58672492204445,-2.54665222510265,-3.18446629795672,0.473179923126764,0.485171475759823,"TSS_more_sig"
-0.3,"cent vs mage","294",8.06381188818561e-05,0.0279481779852734,4.09345961195954,1.55364649964641,2.85201535789178,2.17990280117537,0.379094867723884,0.378700354635637,"CLR_more_sig"
-0.3,"cent vs mage","353",7.13075997787196e-06,3.16495591358119e-09,5.1468641817039,8.49963233513218,-3.34881952941362,-3.82633509107625,0.450651877548277,0.45564772555067,"TSS_more_sig"
-0.3,"cent vs mage","363",0.0408613294945324,0.000993387147217837,1.38868750694621,3.00288146335477,-2.02470472596963,-2.65477854781776,0.432244015803643,0.441052414307202,"TSS_more_sig"
-0.3,"cent vs mage","372",0.0326879031907479,0.000112092851033253,1.48561293692633,3.95042208460229,-2.11836762698636,-2.79579234400533,0.4740422447899,0.478143387400107,"TSS_more_sig"
-0.3,"cent vs mage","464",0.0142245535464417,0.000369848772192012,1.84696135553813,3.43197581871175,-2.16139480785138,-3.01737004510838,0.477522143751129,0.479774683458987,"TSS_more_sig"
-0.3,"cent vs mage","488",0.0490484430478893,0.000286956961775681,1.30937477394035,3.54218323450271,-1.98184952520331,-2.62612849926782,0.458922825839652,0.462242483647803,"TSS_more_sig"
-0.3,"cent vs mage","528",0.0465700246041504,0.00018189000173892,1.33189353261818,3.74019117289339,-1.91202076568271,-2.66690912993561,0.416992991885231,0.442522298917461,"TSS_more_sig"
-0.3,"cent vs mage","531",0.0161295070604516,0.000291132693308097,1.79237890503491,3.53590902188497,-2.20144980342916,-2.79891127960609,0.452616648945734,0.473971983251074,"TSS_more_sig"
-0.3,"cent vs mage","546",0.0115775970685727,5.57032463032366e-05,1.93638156911889,4.25411949404531,-2.2081532895671,-2.91635511155963,0.432149061359714,0.440623796048876,"TSS_more_sig"
-0.3,"cent vs mage","652",3.47502424391768e-05,0.0188144458029688,4.45904216115648,1.72550856970432,2.25742158797431,1.64225749025476,0.301450899208206,0.317487255628984,"CLR_more_sig"
-0.3,"cent vs mage","671",2.99383746494248e-05,0.0046003300332064,4.5237717811455,2.33721101039258,2.44265208210786,1.86881606271382,0.354784577932813,0.364396137605536,"CLR_more_sig"
-0.3,"cent vs mage","675",0.000512793166473946,3.40275079730471e-08,3.29005777089648,7.46816985558194,-3.05413263944933,-3.629305771023,0.461479510719245,0.475000744981971,"TSS_more_sig"
-0.3,"cent vs mage","728",5.06775369065345e-07,0.00277622232040668,6.29518450140296,2.55654575844061,2.4327758691887,1.82303679649488,0.309555441020113,0.30568437253064,"CLR_more_sig"
-0.3,"cent vs mage","737",0.0373073955183683,0.000117667070168681,1.42820506860812,3.92934506005367,-2.28591076492054,-2.74544380035995,0.475693899039586,0.460067883985834,"TSS_more_sig"
-0.3,"cent vs mage","762",0.00188790534240894,0.0171132161639934,2.72401978456128,1.76666836386526,2.48345445732829,1.82678470072769,0.390862120979905,0.388290699902991,"CLR_more_sig"
-0.3,"cent vs mage","769",0.016027672361995,6.7537647865666e-05,1.79512954400525,4.17045406861547,-2.18827365436026,-2.73001652499509,0.452366138226669,0.451521096269368,"TSS_more_sig"
-0.3,"cent vs mage","770",0.000700836412358114,5.97111688684905e-07,3.15438334223468,6.2239444272579,-2.17524029822898,-2.80297457308503,0.321101442923019,0.351855889501312,"TSS_more_sig"
-0.3,"cent vs mage","816",0.0408826646782387,0.000342378736366958,1.38846080520847,3.46549321527191,-1.83183524461933,-2.39900407654912,0.393789117057323,0.408414804770655,"TSS_more_sig"
-0.3,"cent vs mage","819",0.0103628179488164,0.000715366466279612,1.98452213134655,3.14547142182062,-2.01563088041171,-2.57839905934805,0.426584950779694,0.438811358791254,"TSS_more_sig"
-0.3,"cent vs mage","829",0.000565176316543073,0.0064736392866705,3.24781604535525,2.18885150329195,2.51197301647587,1.88816322938404,0.390201303861245,0.396548138144564,"CLR_more_sig"
-0.3,"cent vs mage","837",0.0387670070215144,0.000893425225593212,1.41153772708708,3.04894178951666,-1.90534126285411,-2.48712473841391,0.442461626871556,0.451517953037198,"TSS_more_sig"
-0.3,"cent vs mage","848",8.443705680346e-05,0.0100275780585853,4.07346691316985,1.99880394861523,2.23353748797523,1.71996865323366,0.329855021454065,0.34083728671463,"CLR_more_sig"
-0.3,"cent vs mage","849",0.0176839036411214,0.000121815583158511,1.75242186021285,3.91429715138411,-1.9242213392608,-2.56075870390682,0.376056862546199,0.42176361712869,"TSS_more_sig"
-0.3,"cent vs mage","854",5.16347996567191e-05,0.000349526644652289,4.28705750370456,3.45651971209457,3.22726409903617,2.77428219136121,0.457499719223599,0.460543191796296,"CLR_more_sig"
-0.3,"cent vs mage","857",0.000351979456304118,0.0181886722855817,3.45348268389155,1.74019900187608,2.40111727336776,1.85042990063538,0.334834265326429,0.335552427531289,"CLR_more_sig"
-0.3,"cent vs mage","884",0.0404040936694959,0.000147639583400623,1.39357463073085,3.83079718893741,-1.81313771448382,-2.44230835372896,0.388841619266026,0.393142592419758,"TSS_more_sig"
-0.3,"cent vs mage","886",0.000320441240744805,0.00901080079779178,3.49425159534903,2.04523661117324,3.22852307293852,2.52738790486194,0.53107842213812,0.53433509483246,"CLR_more_sig"
-0.3,"cent vs mage","912",0.0386099298996691,3.98048587292292e-05,1.4133009868819,4.40006391308954,-2.12990886670349,-2.86886476372716,0.44811935685416,0.468847901464691,"TSS_more_sig"
-0.3,"cent vs mage","917",0.0166638893738689,0.00031182676038838,1.77822362619028,3.50608661720905,-2.46544495089083,-3.03608866617188,0.476360799707509,0.501979959334273,"TSS_more_sig"
-0.3,"cent vs mage","921",2.53625765629948e-08,4.81034455324103e-11,7.595806628935,10.3178238150582,-3.93896117628639,-4.53589802014874,0.467650963378103,0.481478779765046,"TSS_more_sig"
-0.3,"cent vs mage","966",0.0375619420443357,0.000234654565640687,1.4252519617378,3.62957099136299,-2.33416021260415,-3.08493291165257,0.510382884483926,0.53382935331007,"TSS_more_sig"
-0.3,"cent vs mage","975",0.0340300400016768,0.000505253937922306,1.46813754039883,3.29649029293139,-2.0065091820645,-2.60747973991114,0.429905415063988,0.443068600260951,"TSS_more_sig"
-0.3,"cent vs mage","978",7.13878281312991e-06,0.00294139925392005,5.14637583060535,2.53144602207371,3.25237213022209,2.59547445423153,0.451999504599696,0.453435649177823,"CLR_more_sig"
-0.3,"cent vs mage","984",0.000222823910437967,0.0203989273608831,3.65203820840807,1.69039266852984,2.65703189737934,2.01562286859973,0.404316752255257,0.410289832509063,"CLR_more_sig"
-0.3,"cent vs mage","989",0.000806102029408705,0.047923635006417,3.0936099854842,1.3194502481447,2.35469003934471,1.74400171158969,0.377782508797188,0.383504627967443,"CLR_more_sig"
-0.3,"cent vs mage","1004",0.00668922544571577,0.000228341942519138,2.1746241668549,3.64141430869554,-2.47758857289217,-3.0747651154519,0.452578274512367,0.464242096165301,"TSS_more_sig"
-0.3,"cent vs mage","1019",5.9852054562383e-05,3.92328945000913e-08,4.22292093682331,7.40634964958025,-2.74260373736328,-3.30730509340137,0.398235950890113,0.395409975555568,"TSS_more_sig"
-0.3,"cent vs mage","1030",0.000606036987721404,0.0174371955152815,3.21750086911243,1.75852336287696,2.45337672206086,1.85305820282273,0.415949570485994,0.405865714437835,"CLR_more_sig"
-0.3,"cent vs mage","1043",5.81671677914641e-07,0.00125341416375691,6.23532208185203,2.90190540201939,2.77295340213538,2.1272030646695,0.323155607338603,0.334326510159961,"CLR_more_sig"
-0.3,"cent vs mage","1058",0.000788996180938701,9.39202326367714e-07,3.10292509894681,6.02724084036455,-2.81712698940691,-3.1933549699681,0.47179634603359,0.443644746414345,"TSS_more_sig"
-0.3,"cent vs mage","1074",3.85469316721144e-08,0.00164279488953166,7.41401018598925,2.78441665683595,3.25012132062923,2.60288809714047,0.371881403845443,0.381422827595977,"CLR_more_sig"
-0.3,"cent vs mage","1079",0.0108735491645856,8.00891700497838e-05,1.96362867753181,4.09642620683222,-2.10630225231428,-2.71823879999834,0.397841745293835,0.418242233234851,"TSS_more_sig"
-0.3,"cent vs mage","1087",4.01294263736249e-07,2.06507882638263e-05,6.39653704820411,4.6850633661821,3.81286108110662,3.17231220725799,0.490358522239858,0.493578819201004,"CLR_more_sig"
-0.3,"cent vs mage","1091",0.00446159059224179,0.0466555685686142,2.35051028427357,1.331096513669,2.60092821270777,2.10047125134645,0.475768244219499,0.483299797685549,"CLR_more_sig"
-0.3,"cent vs mage","1098",6.46558711926092e-12,1.93056760197142e-09,11.1893920321018,8.71431498624448,4.41754927892234,3.81897139709113,0.443859743885554,0.440080379141491,"CLR_more_sig"
-0.3,"cent vs mage","1104",0.000770542659752388,0.000100118780123506,3.11320331232233,3.99948445060254,-2.47934030959683,-3.04090891279312,0.435188992279138,0.45620056085674,"TSS_more_sig"
-0.3,"eld vs kin","3",1.55014889813287e-14,9.9209529480504e-13,13.8096265840673,12.0034466100835,-4.81035377156165,-5.21655102659532,0.431532847129294,0.446289382003138,"CLR_more_sig"
-0.3,"eld vs kin","4",2.24226918502443e-06,7.78952114625585e-07,5.64931225144079,6.10848923936605,2.39962166383235,2.00507282043134,0.227353895141173,0.219946220014465,"TSS_more_sig"
-0.3,"eld vs kin","5",7.18441132129444e-06,1.86358184169896e-05,5.14360881143892,4.729651529866,-2.87266278620553,-3.26594578783931,0.38522442223801,0.384235936339988,"CLR_more_sig"
-0.3,"eld vs kin","7",1.06855585968123e-23,1.52685371360397e-26,22.971202769787,25.81620257029,7.49544733251523,7.08171276280788,0.472611775768931,0.465546877831287,"TSS_more_sig"
-0.3,"eld vs kin","10",0.000572021447269932,0.00060141600605173,3.242587687542,3.2208250177928,-2.78087500134513,-3.19034742318011,0.479400192576955,0.468754274151872,"CLR_more_sig"
-0.3,"eld vs kin","11",3.84421493465647e-07,8.89630198525107e-07,6.41519233840055,6.05079048337193,3.09214700564069,2.70941718312512,0.346887277547246,0.349125552538077,"CLR_more_sig"
-0.3,"eld vs kin","12",0.00379216283443127,0.00677507345102797,2.42111302244773,2.16908599208408,-2.05678801754529,-2.46274551188709,0.380456994955231,0.368802281569522,"CLR_more_sig"
-0.3,"eld vs kin","14",1.22408960503295e-06,5.07116643245824e-07,5.91218679007689,6.29489213594944,2.73014869449244,2.33589606688517,0.279947918724322,0.275923965460397,"TSS_more_sig"
-0.3,"eld vs kin","15",0.000437545499271103,0.000967778165273539,3.35897677908753,3.01422418054129,2.84800125617139,2.44779104566278,0.443311394740393,0.43176292465867,"CLR_more_sig"
-0.3,"eld vs kin","16",5.79114264422115e-09,1.18188797652489e-08,8.23723573763351,7.92742368545364,2.89871085577873,2.50143492446807,0.26252927751663,0.266970700739443,"CLR_more_sig"
-0.3,"eld vs kin","21",9.38650893731791e-16,1.81954545153325e-16,15.0274959020012,15.7400370914361,3.97154429790533,3.57336308050857,0.296344094450383,0.293320433595075,"TSS_more_sig"
-0.3,"eld vs kin","23",0.000835831492639972,0.0015173754462253,3.07788126944258,2.81890694785541,2.28858068901064,1.88634458407848,0.300674855826205,0.309653707150051,"CLR_more_sig"
-0.3,"eld vs kin","25",0.000158143366447174,0.000260977680366199,3.800949020478,3.5833966333065,2.92208509054683,2.52654902428779,0.415444188859834,0.421922300494961,"CLR_more_sig"
-0.3,"eld vs kin","26",0.00350632542103518,0.00773346522530047,2.45514777962804,2.11162586300138,2.33922407619916,1.93678380919007,0.368505082393704,0.363096933268887,"CLR_more_sig"
-0.3,"eld vs kin","29",0.00027913476615628,0.000483157627672361,3.55418606888751,3.31591115980699,2.32068916485374,1.93263330194672,0.290873742509329,0.29261330946075,"CLR_more_sig"
-0.3,"eld vs kin","31",1.79609612957313e-05,0.000387051349925819,4.7456704229995,3.41223141350814,3.49353682683065,3.06138073636906,0.52315165207273,0.529866925419065,"CLR_more_sig"
-0.3,"eld vs kin","33",1.29371592978531e-06,5.05722901708563e-06,5.88816107426264,5.29608737885619,-3.31719395094125,-3.70928523817896,0.453923438662033,0.459534272268553,"CLR_more_sig"
-0.3,"eld vs kin","36",0.00491995427006147,0.00639705689233698,2.3080389338896,2.19401978685972,1.99611993932313,1.60225767810719,0.255400380335973,0.26298155782215,"CLR_more_sig"
-0.3,"eld vs kin","38",0.00696879147316975,0.0218958656435579,2.1568425306597,1.65963788048834,-1.8907037026553,-2.29502634093754,0.369249106906145,0.379104519762069,"CLR_more_sig"
-0.3,"eld vs kin","46",0.0281345416733866,0.0343831966939591,1.55076015533993,1.46365374830029,-1.64868483862303,-2.0322566763721,0.374748179329093,0.393426763670412,"CLR_more_sig"
-0.3,"eld vs kin","47",0.00419942393381515,0.0133666450285886,2.37681028091738,1.87397758513979,2.74771720023403,2.32794940293653,0.537417084326551,0.539202828329218,"CLR_more_sig"
-0.3,"eld vs kin","55",0.0100906707936012,0.0139396830613118,1.99607996237793,1.85574710043372,2.37608972187581,2.0174284032255,0.41423489993484,0.413765278599732,"CLR_more_sig"
-0.3,"eld vs kin","57",0.0016298875469815,0.00920653923987599,2.78784235842434,2.03590359146203,-2.48967968701196,-2.84345355397733,0.44336176056586,0.478073508502077,"CLR_more_sig"
-0.3,"eld vs kin","61",0.0194946594422151,0.0315656244885135,1.71008434722432,1.50078561424942,2.07376426354903,1.70256530697472,0.35454747921727,0.36379131039225,"CLR_more_sig"
-0.3,"eld vs kin","62",0.00848766301939739,0.0314196637973202,2.07121187129821,1.50279846639184,-1.71436595388548,-2.10533421333919,0.307852065063299,0.3168573932875,"CLR_more_sig"
-0.3,"eld vs kin","65",3.1025214924419e-06,4.00340338436866e-05,5.50828520128239,4.39757064802152,-2.78186219201095,-3.16160813898451,0.383647461119974,0.362665867205449,"CLR_more_sig"
-0.3,"eld vs kin","67",8.09177724825361e-13,4.68713355165443e-11,12.0919560810651,10.3290926718435,-5.53631907199827,-5.93228508977226,0.564533677896338,0.56862140126828,"CLR_more_sig"
-0.3,"eld vs kin","68",0.0172447601053375,0.032006445150916,1.76334284279574,1.49476255881661,-1.75691223889359,-2.14848012333583,0.355122978192873,0.380452803230565,"CLR_more_sig"
-0.3,"eld vs kin","70",0.0211733064278865,0.0473215198929946,1.67421131716907,1.32494131496253,2.55293803885928,2.07193498021419,0.516186196811404,0.519781229558108,"CLR_more_sig"
-0.3,"eld vs kin","71",0.0145091782521516,0.038062153360315,1.83835718374849,1.41950664521222,2.52258270617834,2.21686567285575,0.538213519178582,0.529873602979698,"CLR_more_sig"
-0.3,"eld vs kin","74",1.84466828185132e-06,2.249333560596e-05,5.73408171964794,4.64794613692339,3.67853819490706,3.2921308817195,0.501035531297808,0.497406638123704,"CLR_more_sig"
-0.3,"eld vs kin","77",0.0104787159382163,0.0141014868685979,1.97969193253488,1.85073509267918,2.20445721161599,1.84830827712202,0.351853505850402,0.368566023058963,"CLR_more_sig"
-0.3,"eld vs kin","79",1.47519776269967e-08,1.02225148826439e-06,7.83114975494549,5.99044224849724,-3.7908964775429,-4.25899282155356,0.463020705920356,0.495978141151081,"CLR_more_sig"
-0.3,"eld vs kin","80",0.00444798237452699,0.0025752280210747,2.35183694234795,2.58918431073534,2.37464938399102,2.0000292538927,0.363473518344602,0.353308265894292,"TSS_more_sig"
-0.3,"eld vs kin","81",0.0429550170046765,0.0315340952078343,1.36698610470352,1.50121962548823,-1.48708035515924,-1.89954696629085,0.308769216237182,0.307376294530236,"TSS_more_sig"
-0.3,"eld vs kin","82",1.07727559872311e-05,6.78662444084931e-06,4.9676731772098,5.16834618319097,-3.85382701448106,-4.41164776357102,0.579093903435535,0.59967245076837,"TSS_more_sig"
-0.3,"eld vs kin","83",2.45791699744771e-06,1.45514501497744e-05,5.60943278709606,4.83709372415832,-3.54763947231066,-3.85000339631301,0.503660790148005,0.517074251487906,"CLR_more_sig"
-0.3,"eld vs kin","84",2.54195908480439e-09,9.02614416888378e-07,8.59483144409935,6.04449773404979,-3.83283416856087,-4.17307810619423,0.449951776997719,0.472979716042522,"CLR_more_sig"
-0.3,"eld vs kin","85",0.00481031167351224,0.00687020289245694,2.31782678356353,2.16303043706369,-2.3423828643198,-2.74712326495443,0.471062287756411,0.48425773983927,"CLR_more_sig"
-0.3,"eld vs kin","87",0.000177158855484058,0.000805191484042611,3.75163713409152,3.09410082699359,-2.94283418729694,-3.26851793478529,0.508720174927388,0.523984291026523,"CLR_more_sig"
-0.3,"eld vs kin","88",0.0280319678823581,0.012995641306352,1.55234641310486,1.88620228415545,-2.41073543596653,-2.89286548152906,0.601444844269457,0.593662459979955,"TSS_more_sig"
-0.3,"eld vs kin","89",9.24798939532205e-13,1.70416630287807e-12,12.0339526769291,11.7684880264132,4.84944946169152,4.45141605937607,0.450463173531946,0.449792243150565,"CLR_more_sig"
-0.3,"eld vs kin","91",2.26892878886917e-07,3.16346515819339e-07,6.64417913438676,6.49983694441573,-4.40701506120364,-4.77392064726798,0.56246188160559,0.577927309852221,"CLR_more_sig"
-0.3,"eld vs kin","93",0.0337976556341184,0.0263175834805559,1.47111342340509,1.57975399078912,-1.89008271052584,-2.26853192306923,0.465067249489592,0.462722932233546,"TSS_more_sig"
-0.3,"eld vs kin","100",9.76899238423311e-06,5.80179990705488e-05,5.01015022896646,4.23643725325835,-3.71351130330646,-4.0479596636394,0.540054417298958,0.573714490096072,"CLR_more_sig"
-0.3,"eld vs kin","102",0.000838529835881708,0.000980092838888984,3.07648148007249,3.00873278399372,-2.88250536151543,-3.26317272051466,0.524054292044828,0.542784653387063,"CLR_more_sig"
-0.3,"eld vs kin","108",0.00877103485741525,0.00455142038173901,2.0569491630364,2.34185305000493,-2.76204923817037,-3.22632405726537,0.633236147659294,0.646179328926932,"TSS_more_sig"
-0.3,"eld vs kin","110",0.0178397954298583,0.00146464096491565,1.74861013001556,2.83426882313648,-2.42170113984685,-2.91164732355411,0.486862668188874,0.528272691101096,"TSS_more_sig"
-0.3,"eld vs kin","111",1.03780761933363e-06,2.16593621699867e-06,5.98388314514388,5.66435433672888,-3.2861179536712,-3.70143678514254,0.450683545389348,0.450257276715642,"CLR_more_sig"
-0.3,"eld vs kin","114",0.0204093091972154,0.02012917788444,1.69017169478979,1.6961739621974,-2.06652937372471,-2.43513247170777,0.499245324857343,0.548569265103133,"TSS_more_sig"
-0.3,"eld vs kin","115",0.00474217941523903,0.00191839115450375,2.32402201898409,2.71706283672597,-2.62990606138009,-3.07885558561084,0.543973959622125,0.565392559015873,"TSS_more_sig"
-0.3,"eld vs kin","118",0.00633727840236745,0.0146847995216252,2.19809721350659,1.83313197813309,-2.20947349851854,-2.61563248546737,0.389809569085156,0.394676299774015,"CLR_more_sig"
-0.3,"eld vs kin","119",0.000907492000717758,0.00189240877354214,3.04215719445653,2.72298504715269,2.36265752503133,1.94269698555155,0.315325968135752,0.316844795925292,"CLR_more_sig"
-0.3,"eld vs kin","121",2.64875754001859e-09,9.06658529541821e-09,8.576957794006,8.04255624839606,4.56338131027625,4.13503276245671,0.488170408388482,0.494345061513724,"CLR_more_sig"
-0.3,"eld vs kin","124",0.00961108645313735,0.0108353645994527,2.01722751618863,1.96515647051247,2.50714259255014,2.0792521968842,0.443118735491436,0.421429279964611,"CLR_more_sig"
-0.3,"eld vs kin","125",0.00455686019815165,0.0147586936774206,2.34133429511793,1.83095208111696,2.91974455149851,2.5409071830291,0.539914432890948,0.534117075336515,"CLR_more_sig"
-0.3,"eld vs kin","126",0.0251893403286657,0.0202774181441793,1.59878320587909,1.69298734308218,-2.14065707771789,-2.56012073839499,0.502272613716388,0.521283709186797,"TSS_more_sig"
-0.3,"eld vs kin","128",0.00286116517691344,0.00699226356605184,2.54345706937008,2.15538220978947,-2.75288353568681,-3.15044771830369,0.556759985920915,0.582261955225887,"CLR_more_sig"
-0.3,"eld vs kin","130",0.000153318667936052,0.00323068778269925,3.81440496264059,2.4907050106616,-3.4032921863919,-3.61660029298655,0.572428033299116,0.592820681524688,"CLR_more_sig"
-0.3,"eld vs kin","133",0.00167342022346844,0.00249603377011715,2.77639498682176,2.60274954315776,-2.53677338637709,-2.9534305737401,0.454544684534875,0.485590129630355,"CLR_more_sig"
-0.3,"eld vs kin","138",2.97079021866447e-09,5.85439656209071e-08,8.52712801466994,7.23251786289052,3.81375489567733,3.41802945065999,0.43173449085139,0.433255644400731,"CLR_more_sig"
-0.3,"eld vs kin","139",1.37275733414374e-06,3.57644776818622e-07,5.86240622733474,6.44654811317628,-4.02841225301597,-4.42066829409559,0.537454344913086,0.543214969187812,"TSS_more_sig"
-0.3,"eld vs kin","145",0.0113296005758494,0.0034256624428506,1.9457854008835,2.46525543367344,-2.38939564842689,-2.77962796318958,0.523632192720776,0.55053362379919,"TSS_more_sig"
-0.3,"eld vs kin","147",0.0042644307980905,0.000775450415760926,2.37013892879785,3.11044596683797,-2.87685631921744,-3.21525924653547,0.564683410884692,0.571747108510654,"TSS_more_sig"
-0.3,"eld vs kin","148",0.0364321174130154,0.00629017207720119,1.43851558708734,2.20133747360772,-2.01392943911747,-2.41834880647783,0.503152854711694,0.521962555996521,"TSS_more_sig"
-0.3,"eld vs kin","150",0.0279542307619875,0.0127932748208696,1.5535524540553,1.89301827064368,-1.88229978040175,-2.26101811467451,0.405625161739701,0.400560322132213,"TSS_more_sig"
-0.3,"eld vs kin","151",6.61753912443035e-15,1.0435000433591e-12,14.179303482369,11.9815075285529,5.29669017400643,5.01893927231214,0.482572358030366,0.49292607676233,"CLR_more_sig"
-0.3,"eld vs kin","162",0.00947856813116923,0.000490365702036742,2.02325726389605,3.30947991356528,-2.88224029260069,-3.15669300578101,0.614680401397962,0.600343170411027,"TSS_more_sig"
-0.3,"eld vs kin","163",0.00219015795190961,0.00152104051109024,2.65952456316486,2.81785921888017,-2.95443766283333,-3.30683071553738,0.576661769454923,0.569318131452907,"TSS_more_sig"
-0.3,"eld vs kin","164",7.86575829671683e-05,0.000209555432796816,4.10425940295741,3.67870107545007,3.1964316685848,2.73636506293881,0.474477912231741,0.467614249292223,"CLR_more_sig"
-0.3,"eld vs kin","169",1.11051190973471e-05,4.8846534245379e-06,4.95447677947991,5.3111662448726,-3.50330187186267,-3.81883598480928,0.514193412398176,0.540232529161988,"TSS_more_sig"
-0.3,"eld vs kin","172",0.000456688673442458,0.00194600569003386,3.34037975940776,2.71085589420811,-2.85906734976749,-3.18078762843167,0.458677881655596,0.456365925017752,"CLR_more_sig"
-0.3,"eld vs kin","181",0.000343409384901888,0.00370533411243988,3.46418784034747,2.43117262529687,-2.62068965763884,-3.00071300935929,0.463360225315748,0.495074574836602,"CLR_more_sig"
-0.3,"eld vs kin","200",0.0185048434395412,0.0316601479481881,1.73271458490721,1.49948706000646,-2.23076439106922,-2.66160651663728,0.509894807139366,0.529852483170842,"CLR_more_sig"
-0.3,"eld vs kin","203",0.00432940086145376,0.00326677870804057,2.36357220077555,2.48588028368554,-2.26102737187332,-2.59576857023647,0.430459398799707,0.443038565753338,"TSS_more_sig"
-0.3,"eld vs kin","206",0.00531493237506452,0.03557318434843,2.27450225688352,1.44887725702248,2.7293374329045,2.27129259448,0.528965306232673,0.535806388040517,"CLR_more_sig"
-0.3,"eld vs kin","207",6.67691986615236e-06,9.37367498569887e-05,5.1754238359721,4.02809010888756,3.51236405790024,3.04952389578942,0.459625684445466,0.452114293576754,"CLR_more_sig"
-0.3,"eld vs kin","216",0.0181813159747902,0.00273857493180628,1.74037468547567,2.56247537157844,-2.40083199510248,-2.82952305466234,0.514045532015944,0.518490902505911,"TSS_more_sig"
-0.3,"eld vs kin","222",8.32595604870288e-05,0.000998462671814715,4.07956588600944,3.00066816687532,3.34348326104952,2.85093779611527,0.508899508343378,0.506874240231018,"CLR_more_sig"
-0.3,"eld vs kin","246",0.00078711823999833,0.0108328740430708,3.1039600235219,1.96525630649048,2.90910380111451,2.49681979670125,0.480815234037055,0.470286609545824,"CLR_more_sig"
-0.3,"eld vs kin","251",0.00955689821338436,0.00563813444119555,2.01968303945958,2.24886457259829,-2.85213059258948,-3.22874486993735,0.585153802680429,0.597296619182136,"TSS_more_sig"
-0.3,"eld vs kin","252",0.00395402446361029,0.0312942053818278,2.40296064802738,1.50453607151662,-2.52928558834061,-2.95409168278984,0.469864090393476,0.485922516451568,"CLR_more_sig"
-0.3,"eld vs kin","265",0.00909773825002975,0.0350394720571922,2.0410665623624,1.45544244600782,2.63158644084556,2.2876938678821,0.498955345386085,0.489242787293959,"CLR_more_sig"
-0.3,"eld vs kin","267",0.00152853745043256,0.000229690415328779,2.81572391623331,3.63885712694982,-3.19873638327174,-3.68862996556761,0.602592237772284,0.606405571087639,"TSS_more_sig"
-0.3,"eld vs kin","282",0.000177656400755209,0.000606796055244877,3.75041914076351,3.21695725120592,-2.95506660524928,-3.40689644249024,0.484306889749133,0.475116361717087,"CLR_more_sig"
-0.3,"eld vs kin","293",0.0451006860520397,0.0495688691998986,1.34581685177284,1.30479098841472,-2.05617392600777,-2.53480997631731,0.554973560792301,0.56422962780304,"CLR_more_sig"
-0.3,"eld vs kin","294",0.00186060015395447,0.0345208189877538,2.73034694744354,1.46191890943299,2.62860713632914,2.11276814780174,0.45262705541136,0.437544666745674,"CLR_more_sig"
-0.3,"eld vs kin","329",0.0314411907024076,0.0127506570841799,1.50250101525053,1.89446743400019,2.67405816222012,2.16965828901661,0.433133981355922,0.420785039619101,"TSS_more_sig"
-0.3,"eld vs kin","344",0.000138254925736032,0.000205044545927801,3.85931938673668,3.68815177821733,3.03862183611224,2.59525915317893,0.435171007586879,0.415649320080626,"CLR_more_sig"
-0.3,"eld vs kin","349",0.0352860069363701,0.0315039845568904,1.45239748484259,1.50163451409508,-2.24278792419098,-2.68256918948601,0.486217691922906,0.491714302898358,"TSS_more_sig"
-0.3,"eld vs kin","363",0.00904791498655464,0.00444959531380596,2.04345148865772,2.35167948586694,-2.37246488730509,-2.67129399510978,0.46426421428138,0.4904962632053,"TSS_more_sig"
-0.3,"eld vs kin","473",0.000709873141934761,0.00681468635923136,3.14881925505585,2.16655412744334,-2.80266472611568,-3.1765616465372,0.529056854856246,0.543260775148363,"CLR_more_sig"
-0.3,"eld vs kin","614",0.00013324990708283,0.0010639551685308,3.87533308514138,2.97307667135477,-2.87306995851615,-3.3117423601879,0.49234880004554,0.493642528661878,"CLR_more_sig"
-0.3,"eld vs kin","616",0.000400737852458385,0.00171459681573626,3.39713963351593,2.7658379871586,-2.69266577723103,-3.17308071934141,0.407945638974166,0.428711646040137,"CLR_more_sig"
-0.3,"eld vs kin","666",1.32279501819747e-09,5.3570368569363e-09,8.87850744935965,8.27107536562845,-3.90789968880242,-4.39292363586065,0.406148030768888,0.42700004344575,"CLR_more_sig"
-0.3,"eld vs kin","728",4.53163570857542e-11,6.2288685357413e-11,10.34374500969,10.2055908350922,4.0363472169395,3.63973365438906,0.38755158539614,0.381237602664823,"CLR_more_sig"
-0.3,"eld vs kin","744",1.38489895370366e-06,5.03486723943602e-06,5.85858191284489,5.29801197653847,-3.75873423296167,-4.10342673064347,0.519241215199998,0.521018669254756,"CLR_more_sig"
-0.3,"eld vs kin","757",0.00690113648455638,0.0320846846372459,2.161079383418,1.49370222506461,-2.02414531133338,-2.41583470603375,0.440083253075294,0.44807971314629,"CLR_more_sig"
-0.3,"eld vs kin","770",3.38589130420415e-05,0.000100749957489487,4.47032698797016,3.99675512843335,-2.66069572700284,-3.12335387844611,0.4185594726641,0.42585251224005,"CLR_more_sig"
-0.3,"eld vs kin","786",1.01024028552268e-07,3.6517800319845e-07,6.99557531704387,6.43749539044016,-3.79559878229443,-4.28244697554487,0.502340903605828,0.500484850497272,"CLR_more_sig"
-0.3,"eld vs kin","849",2.43500154034154e-06,5.26844234775369e-05,5.61350075972178,4.27831776804523,-2.84512831446463,-3.25327980168281,0.393231464403137,0.434829110825919,"CLR_more_sig"
-0.3,"eld vs kin","854",0.000209532656055726,0.000750112035176138,3.67874828181667,3.12487386644164,3.19874593878312,2.65894111305752,0.471361312962581,0.463112654648971,"CLR_more_sig"
-0.3,"eld vs kin","875",0.0161137095324157,0.00226566674095085,1.79280446926377,2.64480397055823,-2.60761977810992,-2.91324685467351,0.54495288685151,0.551976805193138,"TSS_more_sig"
-0.3,"eld vs kin","877",0.0254450653321755,0.0115345471333897,1.59439642970454,1.93799945197347,-2.22204703846245,-2.66878133713107,0.541969743383078,0.558199761502673,"TSS_more_sig"
-0.3,"eld vs kin","879",0.000244727760813801,0.000609200413353871,3.61131676344588,3.21523981065897,-2.61066802612451,-3.11164735731559,0.401973869008406,0.411114306613339,"CLR_more_sig"
-0.3,"eld vs kin","886",2.76936734034356e-10,4.09497658353994e-08,9.55761943381632,7.38774857733909,4.52750930513576,4.1243724994229,0.518830381138118,0.531085939927803,"CLR_more_sig"
-0.3,"eld vs kin","888",0.00063464392971849,0.00365455706284003,3.19746986955988,2.43716525258338,2.67938409331114,2.3362988408906,0.427513375553119,0.45013519870718,"CLR_more_sig"
-0.3,"eld vs kin","891",0.000375467814901354,7.45215547076685e-05,3.42542728478448,4.12771809320255,-3.41291090039363,-3.82818660716336,0.561533919219718,0.580730245623367,"TSS_more_sig"
-0.3,"eld vs kin","895",9.23687580701193e-05,2.44069779917736e-06,4.03447489557731,5.61248599046176,-3.3120576034686,-3.64136173884763,0.496455657960384,0.51149809701685,"TSS_more_sig"
-0.3,"eld vs kin","914",0.00111150965563275,0.000400760160968609,2.95408676025261,3.39711545762845,-2.85114271947565,-3.4021715994261,0.551572275988662,0.562280883552192,"TSS_more_sig"
-0.3,"eld vs kin","917",0.029641146783836,0.0231026956124652,1.52810499798497,1.6363373438603,-2.25617023215914,-2.60522612646192,0.51646779809621,0.538332800252738,"TSS_more_sig"
-0.3,"eld vs kin","935",0.00801478266691181,0.0321244672091966,2.09610824970917,1.49316406646298,-2.51099793874223,-2.9551561163862,0.553484062060221,0.548999118260482,"CLR_more_sig"
-0.3,"eld vs kin","944",0.0314395127740563,0.0457474662188749,1.50252419295001,1.33963295487915,1.89803956209997,1.49171825825724,0.294266201903742,0.292243278502434,"CLR_more_sig"
-0.3,"eld vs kin","947",3.88126838038072e-10,3.97425382147145e-08,9.41102632580198,7.40074439949489,4.17965015510976,3.75085257894324,0.435493464559029,0.433038848894709,"CLR_more_sig"
-0.3,"eld vs kin","965",0.0150255067361617,0.00127068607374114,1.82317087246946,2.89596172976204,-2.85953542266724,-3.31420936119985,0.59435526204258,0.6055517584854,"TSS_more_sig"
-0.3,"eld vs kin","978",8.70074827917382e-22,2.16307084510006e-19,21.0604433957099,18.6649292562742,5.96889455466407,5.575378371061,0.410838862230723,0.403508359376959,"CLR_more_sig"
-0.3,"eld vs kin","984",3.94399264967273e-13,7.65369151971551e-12,12.4040639031146,11.1161290458984,4.81627739878073,4.40245206456202,0.422955528200855,0.424994388121028,"CLR_more_sig"
-0.3,"eld vs kin","988",0.000786546235700827,0.00149837057663145,3.10427574307306,2.82438076375085,3.05402167200598,2.65353766109033,0.532082663448012,0.519053472401579,"CLR_more_sig"
-0.3,"eld vs kin","991",4.0089123782238e-06,8.86811568512761e-07,5.39697343590956,6.05216865012173,-3.87196600458811,-4.20282980039543,0.564427785803668,0.568829735341056,"TSS_more_sig"
-0.3,"eld vs kin","1000",0.0126182667277695,0.0226986324575607,1.89900029661825,1.64400030730141,-2.35082165140864,-2.74583677541203,0.559557589528378,0.564496096288282,"CLR_more_sig"
-0.3,"eld vs kin","1014",9.8058590151295e-09,3.97372975065148e-07,8.00851435516402,6.40080167215115,-4.41200165791833,-4.70116692248311,0.512796906082375,0.526008602693063,"CLR_more_sig"
-0.3,"eld vs kin","1020",0.0103764886360115,0.0480198454881906,1.98394958521554,1.3185792416912,2.30139860751807,1.86623803344109,0.430406317787795,0.422646458160955,"CLR_more_sig"
-0.3,"eld vs kin","1021",5.69837835581007e-07,6.1405816589585e-06,6.24424871824409,5.21179048890582,-3.89983799498407,-4.27193842651544,0.544337278264475,0.557204227881293,"CLR_more_sig"
-0.3,"eld vs kin","1030",9.86919270555711e-07,3.47552731634489e-08,6.00571837092317,7.45897929374872,3.95574187291544,3.60419628417896,0.436634124585188,0.428025694348719,"TSS_more_sig"
-0.3,"eld vs kin","1043",0.00587070183284453,0.0418918336029103,2.23130997645058,1.37787063018072,2.35793420576672,1.87746209453473,0.416400346215573,0.419345661609699,"CLR_more_sig"
-0.3,"eld vs kin","1047",0.00204447822228797,0.0171627121202554,2.68941751117496,1.76541408211719,-1.8038544335538,-2.18694392717414,0.273032210226757,0.290656089661396,"CLR_more_sig"
-0.3,"eld vs kin","1074",9.51538609627578e-19,4.92616714771893e-13,18.0215735850879,12.3074908563823,4.93907653070104,4.51690222580848,0.39718669954662,0.394849020651423,"CLR_more_sig"
-0.3,"eld vs kin","1076",3.1421626912424e-10,4.906379731714e-09,9.50277133231972,8.30923884239014,4.40238523066646,4.02324261323182,0.421902296865749,0.426554165808891,"CLR_more_sig"
-0.3,"eld vs kin","1079",0.00645689218574062,0.00184995026940085,2.18997646518605,2.73283994619974,-2.48697481824076,-2.86168475968512,0.472859219076028,0.496015326285212,"TSS_more_sig"
-0.3,"eld vs kin","1082",0.0038305345346296,0.00496269028035843,2.41674061787424,2.30428282811288,2.90414783257821,2.44979422022717,0.49931089555392,0.489771781310746,"CLR_more_sig"
-0.3,"eld vs kin","1089",7.51916901568805e-08,2.04927041756914e-07,7.12383015300444,6.68840072919807,2.88997605869608,2.49426029210273,0.281706007353196,0.289577869651836,"CLR_more_sig"
-0.3,"eld vs kin","1092",0.0260451207699554,0.0319411078061674,1.58427362442427,1.49565002539972,-1.7185050862916,-2.1455543030209,0.417711067773883,0.410646384187104,"CLR_more_sig"
-0.3,"eld vs kin","1098",8.59523439268922e-26,9.48217666479106e-24,25.0657422755722,23.0230919574932,6.84128615946725,6.48026517478568,0.440031246923959,0.444036968290823,"CLR_more_sig"
-0.3,"eld vs kin","1101",0.00245291974871527,0.000434111367595961,2.61031666021606,3.36239884162143,-2.73077523205155,-3.12305855934688,0.577348827243983,0.586995848546921,"TSS_more_sig"
-0.3,"eld vs kin","1104",0.000413659924428398,0.00288498600115115,3.38335655172393,2.53985628983496,-2.83938289228301,-3.214627041499,0.461961554468475,0.463666228727275,"CLR_more_sig"
-0.3,"eld vs kin","1105",5.09537818188521e-10,5.30170207751902e-11,9.29282357687626,10.2755846805495,-4.70382471522829,-5.10863495896254,0.499320441246425,0.518040770996601,"TSS_more_sig"
-0.3,"eld vs kin","1108",0.0077479213153988,0.0169363932287173,2.11081479844101,1.77117907143412,2.37491650095127,1.99075495426811,0.42656279440046,0.442201788720669,"CLR_more_sig"
-0.3,"eld vs kin","1112",7.24326635540364e-06,5.53081202395007e-07,5.14006554426841,6.25721110167339,-3.69287417730592,-4.00972317258076,0.534938651081075,0.533887130736382,"TSS_more_sig"
-0.2,"cent vs mage","4",8.71116607624097e-08,0.000334605218399803,7.05992370646413,3.47546729019799,2.03402035446503,1.77344869811638,0.199561205067122,0.183035939402026,"CLR_more_sig"
-0.2,"cent vs mage","7",6.54816251667158e-11,4.7288177505834e-09,10.1838805505158,8.32524742344306,4.0056201799325,3.73671042627977,0.419499988871684,0.416617905197429,"CLR_more_sig"
-0.2,"cent vs mage","8",0.00018226853992514,0.0165494276983639,3.73928828535476,1.78121702012029,2.1133738669753,1.83850269160485,0.310435352004235,0.313886851833804,"CLR_more_sig"
-0.2,"cent vs mage","9",0.000267877360319168,0.0414818954741213,3.57206398928068,1.38214140717346,1.85835121146299,1.58685650729943,0.261993357459244,0.271985671394693,"CLR_more_sig"
-0.2,"cent vs mage","11",0.000314185723753026,0.0241963000170818,3.50281355270198,1.61625103918554,2.06738649293207,1.78990069524147,0.312707948510465,0.296000721356574,"CLR_more_sig"
-0.2,"cent vs mage","14",9.51605280218081e-09,1.9203388854128e-05,8.02154315683736,4.71662212386009,2.53529695242792,2.28079636750247,0.263324576499482,0.25950841526393,"CLR_more_sig"
-0.2,"cent vs mage","19",0.000174890918241254,0.00555258897432365,3.75723274203713,2.25550447361727,2.33527481997615,2.09268419348026,0.335005107232129,0.345716984670189,"CLR_more_sig"
-0.2,"cent vs mage","20",1.15947394404026e-08,5.5313061802394e-05,7.93573900647979,4.25717230090381,2.51625013088835,2.24493085400931,0.265179703644063,0.268631299305988,"CLR_more_sig"
-0.2,"cent vs mage","21",4.50612388354825e-10,2.64688081392372e-06,9.34619687270943,5.57726561405212,2.69276191108273,2.42771816017156,0.264543079921957,0.260827511435772,"CLR_more_sig"
-0.2,"cent vs mage","22",0.0102195986318711,0.00117641838950174,1.99056616050136,2.92943819532044,-1.77303449474421,-2.02990986059986,0.326833100502199,0.321816673823786,"TSS_more_sig"
-0.2,"cent vs mage","23",5.39049386085509e-05,0.0172219351007565,4.26837144423463,1.7639180516998,1.96799457479578,1.70489319191528,0.261411738991914,0.266910990503803,"CLR_more_sig"
-0.2,"cent vs mage","24",5.02945093837814e-10,1.73360355263455e-07,9.29847942397948,6.76105021169747,4.34628660096325,4.04978093292311,0.481466801655248,0.494521206625707,"CLR_more_sig"
-0.2,"cent vs mage","26",1.573356247581e-06,9.26256480831716e-05,5.8031729310058,4.03326874033018,2.91012061521238,2.66417948543129,0.373008392983427,0.373821907159205,"CLR_more_sig"
-0.2,"cent vs mage","32",6.19165512495494e-06,0.0067648490933345,5.20819324184394,2.16974188696926,1.97052910298473,1.70981528520245,0.224937737914137,0.228360713826133,"CLR_more_sig"
-0.2,"cent vs mage","39",2.9905460976076e-08,4.9784032541264e-06,7.52424949879198,5.30290992814751,3.41452127897755,3.1688984730576,0.424561878260359,0.417823838243886,"CLR_more_sig"
-0.2,"cent vs mage","42",2.53757102371522e-07,7.69517756999487e-06,6.59558179350201,5.1137813541588,3.31017400109999,2.99119027913286,0.41430434279027,0.405562428431236,"CLR_more_sig"
-0.2,"cent vs mage","47",0.0102742076931697,0.0428446209136041,1.98825165925741,1.36810369542528,2.32596878777904,2.14144911072381,0.494508235904768,0.492409835576278,"CLR_more_sig"
-0.2,"cent vs mage","51",0.00601146407204009,0.00173305859545652,2.22101974414141,2.76118675335462,-1.9497406887782,-2.20767588819462,0.367058463514929,0.390405395390365,"TSS_more_sig"
-0.2,"cent vs mage","55",0.000235122290996694,0.00713308570627641,3.62870619521388,2.14672255776268,2.2966386870208,2.04373375607508,0.364852927612544,0.357731347063845,"CLR_more_sig"
-0.2,"cent vs mage","56",4.28544770580296e-07,0.000118673991102646,6.36800380011117,3.92564445171338,2.83104727555261,2.53968273537799,0.369610529336294,0.370836601280415,"CLR_more_sig"
-0.2,"cent vs mage","57",0.00837134799455276,0.00315509009211839,2.07720460419799,2.50098823516747,-2.11318294468387,-2.41214395352316,0.423484358448227,0.449643244496203,"TSS_more_sig"
-0.2,"cent vs mage","69",0.0002338968947359,0.00883231902696949,3.63097554393696,2.05392525243755,2.4957783772576,2.22255519789906,0.392132051164077,0.3912028395552,"CLR_more_sig"
-0.2,"cent vs mage","90",3.24541658625907e-05,0.00164623312157496,4.48872954863205,2.7835086647223,2.22913448771985,1.9601070270916,0.296082845479724,0.282511346897905,"CLR_more_sig"
-0.2,"cent vs mage","92",0.000773168159647238,0.0348971572662538,3.11172603924544,1.45720994936927,1.76431779047694,1.51777989986885,0.246249751908032,0.239540205844745,"CLR_more_sig"
-0.2,"cent vs mage","100",0.00653490778494759,0.000639234114713764,2.18476053643401,3.19434005560178,-2.79133525966349,-3.08321576329715,0.558968161769769,0.573008526531491,"TSS_more_sig"
-0.2,"cent vs mage","106",2.80729499824258e-07,0.000405595459573422,6.55171194811466,3.39190691534446,2.59401821814853,2.34150132264513,0.324850994291981,0.336915373169413,"CLR_more_sig"
-0.2,"cent vs mage","114",2.84810048823189e-08,7.11838754483987e-10,7.54544469175052,9.14761837148759,-3.8418664193294,-4.07823430043398,0.463222445856284,0.486683063871346,"TSS_more_sig"
-0.2,"cent vs mage","132",2.7180181600787e-11,4.86243601517204e-11,10.5657476459127,10.3131461005126,-4.39222863666223,-4.71632481670826,0.463111073626019,0.481960471311936,"CLR_more_sig"
-0.2,"cent vs mage","142",8.49991581530071e-05,0.000270661161254227,4.07058537559528,3.56757405920223,3.4558392100601,3.26035694472145,0.531182935975091,0.534158882339744,"CLR_more_sig"
-0.2,"cent vs mage","143",7.19666323615877e-10,1.82457046577859e-10,9.14286881940502,9.73883935931613,-3.98762538626931,-4.42140308904343,0.454769868608682,0.455609375604154,"TSS_more_sig"
-0.2,"cent vs mage","145",0.0497919777281947,0.0174073023363455,1.30284062328503,1.75926852763145,-1.9761462967379,-2.22543103576773,0.493001160564352,0.512849788917856,"TSS_more_sig"
-0.2,"cent vs mage","146",0.00504168440089569,0.00129953181290121,2.29742434375266,2.8862130843828,-2.0646172291569,-2.3742845564898,0.386202294142583,0.422847154142525,"TSS_more_sig"
-0.2,"cent vs mage","148",0.000940006523107335,0.000136424849958323,3.02686913263467,3.8651065151868,-2.81564934069394,-3.1551921562004,0.476868357070036,0.50785434563447,"TSS_more_sig"
-0.2,"cent vs mage","155",0.00544395448241681,0.018100049142682,2.26408551464391,1.74232024599454,2.38152545838813,2.25299661206907,0.477151918558021,0.468690463941548,"CLR_more_sig"
-0.2,"cent vs mage","168",8.14668167988005e-05,8.40626621647249e-05,4.08901925280344,4.07539686052208,3.36465362440851,3.19292238180096,0.450199198307087,0.445653718208119,"CLR_more_sig"
-0.2,"cent vs mage","169",0.00121695486730383,0.000118680057021242,2.91472552796908,3.92562225369321,-2.52502076069081,-2.83970677461715,0.410410415251823,0.450042086429927,"TSS_more_sig"
-0.2,"cent vs mage","173",0.0184445130721783,0.00295686271082846,1.73413280548773,2.52916883959759,-2.21647717912197,-2.4960006717504,0.492364605079898,0.494385585926592,"TSS_more_sig"
-0.2,"cent vs mage","191",0.0322052501821329,0.0307464482045452,1.49207332273699,1.51220504620592,-2.12097744984326,-2.41923344458422,0.462922085548482,0.471059021813426,"TSS_more_sig"
-0.2,"cent vs mage","210",2.54797856279518e-09,4.63383795620434e-13,8.59380423022167,12.3340591574163,-4.4904372501275,-4.80692140005374,0.46022489730778,0.462340392533555,"TSS_more_sig"
-0.2,"cent vs mage","212",0.000900313242562266,0.0088325032041054,3.04560636184102,2.05391619634712,2.23632712643666,1.94336160370241,0.383230077968401,0.370585709178376,"CLR_more_sig"
-0.2,"cent vs mage","219",3.82896207911284e-10,2.03045146172722e-10,9.41691893475275,9.69240738793016,-4.09276184559782,-4.21085599003629,0.462646560497613,0.467400185506505,"TSS_more_sig"
-0.2,"cent vs mage","255",0.0452880982961065,0.00696148920802352,1.34401591550267,2.15729784578529,-2.12544729496246,-2.38288043494004,0.500586032919945,0.518833747950491,"TSS_more_sig"
-0.2,"cent vs mage","287",0.0154963312804303,0.00150121111498662,1.80977110784619,2.82355822872506,-2.09730021423642,-2.43053129766323,0.430726943538137,0.457526653528905,"TSS_more_sig"
-0.2,"cent vs mage","289",0.000711708952507765,0.000236983249180204,3.14769757119672,3.62528235038527,-2.77537421940798,-2.92166827697248,0.475010902936898,0.488573211653037,"TSS_more_sig"
-0.2,"cent vs mage","294",2.03979486079636e-05,0.00411781899795737,4.69041350674267,2.38533274706134,2.72336714941575,2.48860550293132,0.395148491894829,0.376914655000846,"CLR_more_sig"
-0.2,"cent vs mage","353",7.29106393358846e-07,2.02052149520748e-07,6.13720909352396,6.69453652497865,-3.55768879097222,-3.72413794506088,0.446965645976828,0.46037208456487,"TSS_more_sig"
-0.2,"cent vs mage","363",0.0253537079716321,0.00186152394608251,1.59595851625741,2.73013137277645,-2.1357574778526,-2.43428670802892,0.422539385442635,0.45313466536226,"TSS_more_sig"
-0.2,"cent vs mage","372",0.0415985812287136,0.00540958590444652,1.38092148127345,2.26683597820155,-2.19621640825971,-2.41826099524383,0.48609818691255,0.477122026866084,"TSS_more_sig"
-0.2,"cent vs mage","453",0.00748454634512515,0.000463191898480821,2.12583451807038,3.33423904529928,-2.26160265477161,-2.55286795527904,0.450720390252332,0.45942130057798,"TSS_more_sig"
-0.2,"cent vs mage","464",0.0142189355370969,0.000510573102159855,1.84713291469406,3.2919420682847,-2.23635621351505,-2.6472492496335,0.477722019862979,0.477118706164202,"TSS_more_sig"
-0.2,"cent vs mage","488",0.0472670242697859,0.00670881249337836,1.32544173816442,2.17335434618183,-2.06569549632605,-2.30361840971156,0.456281352684568,0.459058700756145,"TSS_more_sig"
-0.2,"cent vs mage","528",0.014487053882403,0.00170533452808973,1.83901992458443,2.76819041464647,-2.19584835132136,-2.50586204577037,0.423284749838502,0.442495447969425,"TSS_more_sig"
-0.2,"cent vs mage","531",0.00782848209188279,0.0032274278562351,2.10632243756211,2.49114345688158,-2.26075300798226,-2.64864197329012,0.453689130953724,0.485560457932763,"TSS_more_sig"
-0.2,"cent vs mage","546",0.0156014695686525,0.00218441568418614,1.80683449167778,2.66066471387471,-2.16562943072458,-2.41948072804579,0.41196642870872,0.439870142600145,"TSS_more_sig"
-0.2,"cent vs mage","652",4.55276545030387e-05,0.0159608049166514,4.34172472312968,1.79694521060149,2.26373030245264,1.95509642638836,0.307562513873415,0.312506609104628,"CLR_more_sig"
-0.2,"cent vs mage","671",9.50575028145966e-05,0.00486628819910794,4.02201359892077,2.31280217416067,2.37890180983633,2.11606033168885,0.353018615961729,0.361007901535011,"CLR_more_sig"
-0.2,"cent vs mage","675",1.55356338885858e-05,2.13816009590547e-05,4.80867102186195,4.66995977987315,-3.12264481781806,-3.3272156744639,0.457496387839269,0.474397437076762,"CLR_more_sig"
-0.2,"cent vs mage","728",4.78894462664437e-06,0.00332756289805497,5.31976018456562,2.47787372668123,2.36249548850326,2.07719097979158,0.305695886508479,0.305081554972554,"CLR_more_sig"
-0.2,"cent vs mage","762",0.00123155214051163,0.00843519760789553,2.90954719660837,2.07390473891797,2.34866893949866,2.12643720655379,0.385895061398994,0.383190006603249,"CLR_more_sig"
-0.2,"cent vs mage","769",0.0132580120968538,0.00299788535023418,1.87752158906005,2.52318498013108,-2.24114999705052,-2.50560199860961,0.447555513652893,0.462650106065126,"TSS_more_sig"
-0.2,"cent vs mage","770",0.000274378851182182,2.84953637889491e-05,3.56164936661268,4.54522579419025,-2.22121914191096,-2.47234312155686,0.329098581782945,0.349609632879239,"TSS_more_sig"
-0.2,"cent vs mage","816",0.0279440439021278,0.00334811657777505,1.55371074506162,2.47519942875435,-1.85990594333846,-2.17432812102305,0.385902732867867,0.416808427344224,"TSS_more_sig"
-0.2,"cent vs mage","819",0.0172183448313833,0.0029569817034336,1.76400859882578,2.52915136269823,-2.17106892114903,-2.35340897479512,0.427329464250774,0.443831125337462,"TSS_more_sig"
-0.2,"cent vs mage","829",0.001053272238142,0.00888463805216349,2.97745936267783,2.05136026005339,2.39972277052618,2.16208731330103,0.383827946367602,0.399043351765245,"CLR_more_sig"
-0.2,"cent vs mage","834",0.00280217159053714,0.0466034183100437,2.5525052742816,1.3315822271138,2.05698577577645,1.82314998950951,0.404013175941323,0.39998500226826,"CLR_more_sig"
-0.2,"cent vs mage","837",0.0345792920056942,0.00347034805594316,1.46118390294087,2.45962696578691,-1.92794958776583,-2.28926597776873,0.444153117056464,0.449992600406787,"TSS_more_sig"
-0.2,"cent vs mage","848",0.0033473138570781,0.0332193234232578,2.47530356460469,1.47860921705434,2.19328466114365,1.9711271977555,0.327610155773485,0.339159310166294,"CLR_more_sig"
-0.2,"cent vs mage","849",0.00515014099697821,0.00182009620088656,2.28818088098378,2.73990565684457,-2.0067876411225,-2.29318969368625,0.376237345075448,0.422686024052381,"TSS_more_sig"
-0.2,"cent vs mage","854",7.1929501121121e-06,0.00163588583474506,5.14309295180954,2.78624700816488,3.17623325001712,2.94499732296273,0.461903085460726,0.469953399794734,"CLR_more_sig"
-0.2,"cent vs mage","857",0.00248531461182975,0.00812897839881618,2.60461862683685,2.08996403049879,2.29783055135979,2.09415613545424,0.334157478715843,0.336243368509968,"CLR_more_sig"
-0.2,"cent vs mage","884",0.0183665979911875,0.00187446921927379,1.73597127975739,2.72712168674913,-1.89791062828975,-2.19873331002168,0.391939875833431,0.401031785146079,"TSS_more_sig"
-0.2,"cent vs mage","886",9.38298574043471e-05,0.0124323178424082,4.02765894368227,1.9054478953064,3.08448276658604,2.90604841801978,0.524086239682254,0.530254623216754,"CLR_more_sig"
-0.2,"cent vs mage","912",0.0100513991994727,0.00059235210034823,1.99777347831182,3.22742006729382,-2.30363377265946,-2.61262109374024,0.448492369432395,0.468734388591894,"TSS_more_sig"
-0.2,"cent vs mage","917",0.00410585119207086,0.000481361984661356,2.38659679476903,3.31752821091124,-2.5629847880586,-2.78585910269688,0.484366578591874,0.499856755807587,"TSS_more_sig"
-0.2,"cent vs mage","921",2.06610341005199e-09,5.01050983648163e-09,8.68484794550225,8.30011808093811,-3.99929749765133,-4.23701044234091,0.466343674508553,0.47439454768989,"CLR_more_sig"
-0.2,"cent vs mage","947",0.00837509881358112,0.0127007546411584,2.0770100602386,1.89617047378781,2.39043133112289,2.17061143058694,0.415566874110101,0.413059077756271,"CLR_more_sig"
-0.2,"cent vs mage","966",0.0135377789040931,0.000643682186628356,1.86845258297893,3.19132850944499,-2.45595981267642,-2.77641271009135,0.515831125458346,0.530801465975506,"TSS_more_sig"
-0.2,"cent vs mage","975",0.018946702418036,0.00587671149554561,1.72246636597402,2.23086562951158,-2.2030040175356,-2.38047560954993,0.440005443896588,0.438340875741873,"TSS_more_sig"
-0.2,"cent vs mage","978",4.20197329842484e-05,0.000126187988047824,4.37654671165962,3.89898198402082,3.20806745216574,2.96178553290957,0.45235912129087,0.443608352560588,"CLR_more_sig"
-0.2,"cent vs mage","984",0.000351385985791897,0.0205704342658072,3.45421556331487,1.68675653974655,2.6597677154617,2.34870742799777,0.405449163198576,0.422304065310797,"CLR_more_sig"
-0.2,"cent vs mage","989",0.000741491861118796,0.0438326901828767,3.12989361158178,1.35820187418461,2.28265536561827,1.98557738258787,0.369574248699784,0.382849396730327,"CLR_more_sig"
-0.2,"cent vs mage","1004",0.00792755916915296,0.000291143393785489,2.10086050783247,3.53589305984089,-2.5239469220415,-2.78226910455935,0.460570215850463,0.460970329741531,"TSS_more_sig"
-0.2,"cent vs mage","1017",0.00466015221891114,0.0211585775686336,2.3315998973114,1.67451353204601,2.14422261339679,1.93007088211222,0.382735198285113,0.393572907896252,"CLR_more_sig"
-0.2,"cent vs mage","1019",1.81845535208783e-05,6.5962989445458e-07,4.74029735756221,6.18069967033731,-2.75366667281629,-3.06791130227525,0.391766501903962,0.393274189664858,"TSS_more_sig"
-0.2,"cent vs mage","1030",0.000463648481698437,0.0230241870170864,3.33381115805522,1.63781569577722,2.40864436519989,2.13571742455489,0.412477537982341,0.40065263063486,"CLR_more_sig"
-0.2,"cent vs mage","1043",6.91536264926115e-06,0.000451317807301008,5.16018504007481,3.34551753051709,2.69117021740643,2.36660405559864,0.315820785600807,0.326480712412404,"CLR_more_sig"
-0.2,"cent vs mage","1058",4.39222664266936e-05,3.80262876714724e-05,4.35731525801127,4.41991607065704,-2.88545351152842,-3.12125859823271,0.462667852785052,0.461708127590531,"TSS_more_sig"
-0.2,"cent vs mage","1074",1.70581698053488e-05,2.53157986988965e-05,4.76806756672513,4.59660836631974,3.14890278271027,2.82202725615838,0.386065666586415,0.383712786906768,"CLR_more_sig"
-0.2,"cent vs mage","1076",0.00222690814440003,0.016960322153876,2.65229769639341,1.77056590276787,2.42889749644666,2.18231324376006,0.423665578401684,0.419784761163597,"CLR_more_sig"
-0.2,"cent vs mage","1079",0.00292546628292664,0.000719170945228927,2.53380490292783,3.14316786657744,-2.18183898254878,-2.44716107222498,0.392395673050108,0.423168188990265,"TSS_more_sig"
-0.2,"cent vs mage","1087",3.86137942558738e-07,6.72768984690695e-06,6.41325752177851,5.17213403814975,3.73334053001208,3.47867400674009,0.493537958935866,0.500276333232308,"CLR_more_sig"
-0.2,"cent vs mage","1098",1.77044398376139e-12,3.53374332599974e-09,11.7519178096165,8.45176499873142,4.35796453351445,4.11664581704592,0.43976230908077,0.440411539538338,"CLR_more_sig"
-0.2,"cent vs mage","1104",0.00229675048711297,2.55138655752694e-05,2.6388861828441,4.59322373696739,-2.5242029077036,-2.74339517226603,0.429315526749918,0.444322328729996,"TSS_more_sig"
-0.2,"eld vs kin","3",1.86017867775945e-13,1.55014889813287e-14,12.7304453380197,13.8096265840673,-4.7740888492452,-4.94073326562341,0.431711024020453,0.446892700873554,"TSS_more_sig"
-0.2,"eld vs kin","4",1.73984873006999e-10,7.64152498011606e-09,9.75948850950575,8.11681996284315,2.45188430646402,2.2894511501748,0.227546322112741,0.220426692706511,"CLR_more_sig"
-0.2,"eld vs kin","5",1.1423228488371e-05,9.30378575853611e-07,4.94221113632401,6.03134029881237,-2.817546180137,-2.99076116936601,0.384959891472254,0.385618104180374,"TSS_more_sig"
-0.2,"eld vs kin","7",4.82096117793467e-28,1.50478752257431e-25,27.3168663657741,24.822524818534,7.50707589223538,7.35754234798311,0.462366615698786,0.464275560980056,"CLR_more_sig"
-0.2,"eld vs kin","8",0.00496636628483488,0.0319374130925935,2.30396125304237,1.49570026431247,1.96167570905585,1.78397636971125,0.382172084361266,0.393009713135314,"CLR_more_sig"
-0.2,"eld vs kin","10",0.000530770626921265,6.9105905525763e-05,3.27509311918926,4.16048483789842,-2.7560291167119,-2.89643296453412,0.481063603265583,0.469410297938055,"TSS_more_sig"
-0.2,"eld vs kin","11",4.52480985189951e-09,2.90737242204363e-08,8.34439966662583,7.53649933338991,3.18458545845762,2.98211819030463,0.363668580959804,0.34915291978425,"CLR_more_sig"
-0.2,"eld vs kin","12",0.00670124656832649,0.00144715809316338,2.17384440216653,2.83948402227553,-2.0216769855327,-2.17742807450536,0.379022776976945,0.369184154665125,"TSS_more_sig"
-0.2,"eld vs kin","14",1.78723989795589e-10,8.37552777604495e-09,9.74781714902442,8.07698781676848,2.78208773177277,2.61027468555029,0.280378102124203,0.27497954611006,"CLR_more_sig"
-0.2,"eld vs kin","15",3.3934229800811e-05,6.17756685889307e-05,4.4693620034654,4.20918254559546,2.86283399671028,2.7314020595746,0.441753910566944,0.429870601060705,"CLR_more_sig"
-0.2,"eld vs kin","16",7.6101287860749e-13,1.52706567525582e-10,12.1186079936094,9.81614228462802,2.94436710773755,2.77803648483833,0.262326226711504,0.266051398988831,"CLR_more_sig"
-0.2,"eld vs kin","21",2.5078643089589e-20,1.76070245913426e-18,19.6006959652355,17.7543140291968,4.02131541726859,3.85465481585427,0.295701569463527,0.292809839230142,"CLR_more_sig"
-0.2,"eld vs kin","23",1.53148773560079e-06,0.000151537588573446,5.81488647674329,3.81947962798522,2.33945504905278,2.18125275068384,0.298603170809839,0.312591155485681,"CLR_more_sig"
-0.2,"eld vs kin","25",1.49204070227287e-06,1.77588854788001e-05,5.8262193293222,4.75058429337697,2.99624021428516,2.82265514379603,0.420507411273809,0.420806788905026,"CLR_more_sig"
-0.2,"eld vs kin","26",7.77251864593958e-05,0.000905214017820315,4.10943822742965,3.04324872933632,2.37452425372094,2.21056702898164,0.36558760585048,0.362548162035616,"CLR_more_sig"
-0.2,"eld vs kin","29",7.79911661764918e-07,4.48720889259642e-05,6.1079545857463,4.3480237123278,2.37930485877994,2.20560307168612,0.291717553436236,0.291666522237694,"CLR_more_sig"
-0.2,"eld vs kin","31",3.59127067291926e-06,2.24859842468119e-05,5.44475186100447,4.64808809792909,3.52384810339327,3.32172893035331,0.519914538175893,0.535012133285068,"CLR_more_sig"
-0.2,"eld vs kin","32",0.0022144141716218,0.0403593868436264,2.6547411478531,1.39405544036507,1.6922268774807,1.52898369920482,0.277043868991756,0.292616943295774,"CLR_more_sig"
-0.2,"eld vs kin","33",1.78347326319634e-05,1.19470434581229e-06,4.74873339696949,5.92273955653065,-3.26376547776092,-3.41299938161007,0.461790543033962,0.459710621002182,"TSS_more_sig"
-0.2,"eld vs kin","36",8.67649320947948e-06,0.000305221850835034,5.0616557687755,3.51538437845835,2.03800591997092,1.89012682415398,0.255266320239259,0.263154132587181,"CLR_more_sig"
-0.2,"eld vs kin","38",0.0137865174994193,0.0058707670418194,1.86054542358418,2.23130515254001,-1.8515489711256,-2.00670849224777,0.368691646772882,0.377642957666514,"TSS_more_sig"
-0.2,"eld vs kin","46",0.0413477133333162,0.02710144737945,1.38354850338308,1.56700751458232,-1.60376761358546,-1.76503850118598,0.375318212136083,0.392569869826842,"TSS_more_sig"
-0.2,"eld vs kin","47",0.00136934303538187,0.00287155601939071,2.86348774272683,2.5418827069207,2.76685170648637,2.60759003901128,0.540594227687343,0.53317297848028,"CLR_more_sig"
-0.2,"eld vs kin","49",0.0035682006768387,0.0218086092721182,2.44755072873737,1.66137202835539,1.92359768692674,1.76738504093201,0.355716991253037,0.364184214967769,"CLR_more_sig"
-0.2,"eld vs kin","55",0.00071758980633284,0.00095305042752064,3.14412373925722,3.02088411949331,2.43958869193549,2.28711234443568,0.418983854040409,0.415294070658669,"CLR_more_sig"
-0.2,"eld vs kin","57",0.00387995147751941,0.00217995367272477,2.41117370563707,2.66155273570447,-2.43631867102887,-2.62481331498662,0.45465515293417,0.483603107850721,"TSS_more_sig"
-0.2,"eld vs kin","61",0.000408654008927319,0.00398382099261124,3.38864423626195,2.39970018422117,2.15797488137429,2.02119757105928,0.360105590219014,0.369696792632142,"CLR_more_sig"
-0.2,"eld vs kin","62",0.0322175064600567,0.0047109675585338,1.49190807572762,2.32688988646401,-1.67208834999788,-1.83593171097406,0.307016423055689,0.318244560424031,"TSS_more_sig"
-0.2,"eld vs kin","65",6.13117072130714e-05,3.61449110571975e-06,4.21245659085542,5.44195283959638,-2.7234647194535,-2.86102062611401,0.376163390159427,0.358475485974328,"TSS_more_sig"
-0.2,"eld vs kin","67",2.32134797495398e-12,2.91944709148358e-13,11.634259753006,12.5346993909676,-5.46186860579635,-5.62348922041003,0.562081218455284,0.566970774256741,"TSS_more_sig"
-0.2,"eld vs kin","68",0.0388641404894592,0.0232890829661585,1.41045093261082,1.63284761196244,-1.7303797045806,-1.85913970789328,0.359394264244216,0.378580419891624,"TSS_more_sig"
-0.2,"eld vs kin","70",0.00137974989009727,0.00711442903338629,2.86019963185603,2.14785994836954,2.52994509026105,2.39946530639763,0.513846500302807,0.513928868084915,"CLR_more_sig"
-0.2,"eld vs kin","71",0.010346333566648,0.0236249787323024,1.98521352401129,1.62662857377946,2.6977103178892,2.56519795057219,0.540219052902804,0.546306811874755,"CLR_more_sig"
-0.2,"eld vs kin","74",2.15429259664059e-08,2.16494461781555e-06,7.66669531103038,5.66455320900334,3.76539711108544,3.53577196848511,0.49788645891761,0.495203973783516,"CLR_more_sig"
-0.2,"eld vs kin","77",0.000151329475440596,0.00143102777439757,3.82007647333536,2.84435193706444,2.32217432055787,2.13373054987847,0.364404216288171,0.372184128574697,"CLR_more_sig"
-0.2,"eld vs kin","79",8.59693265217985e-08,2.868681739043e-08,7.06565647548359,7.5423176311351,-3.82788141632626,-3.95081366366865,0.476931219007016,0.489113423458248,"TSS_more_sig"
-0.2,"eld vs kin","80",3.98456216401108e-05,0.000330955236789817,4.39961939326428,3.48023074256814,2.39924888153682,2.24478406705634,0.360174485919259,0.34626196457932,"CLR_more_sig"
-0.2,"eld vs kin","81",0.0389460617142965,0.0270899311881226,1.40953645229756,1.56719209812876,-1.45538150854519,-1.59724200025276,0.311638836084624,0.30743712063513,"TSS_more_sig"
-0.2,"eld vs kin","82",1.69385105038326e-05,8.17144706952497e-06,4.77112478222298,5.08770102808688,-3.86799655285857,-3.99693490877669,0.587571919607795,0.601437508898334,"TSS_more_sig"
-0.2,"eld vs kin","83",4.46059643436998e-06,8.7159415343106e-06,5.35060706710908,5.05968569162122,-3.48543632233164,-3.594516290407,0.495764100741185,0.525400387703658,"CLR_more_sig"
-0.2,"eld vs kin","84",4.34903047868225e-08,4.31490019959278e-08,7.3616075487207,7.36502924473843,-3.89316921019632,-4.01121930857749,0.465817518103163,0.490843694370465,"TSS_more_sig"
-0.2,"eld vs kin","85",0.00437749230548812,0.00243550236839631,2.35877460862247,2.61341144376376,-2.31257118130688,-2.4757885499728,0.472831913360806,0.482204130149859,"TSS_more_sig"
-0.2,"eld vs kin","87",0.00163467725811385,0.000248444018871341,2.78656797930708,3.60477145415065,-2.84127845584952,-3.12260272919403,0.509644241341988,0.530479142849946,"TSS_more_sig"
-0.2,"eld vs kin","88",0.0199545851312067,0.0161226473383128,1.69995729705062,1.79256364553195,-2.40665288154242,-2.49470130985096,0.593285425860157,0.608628920347332,"TSS_more_sig"
-0.2,"eld vs kin","89",7.11006065484871e-14,2.23340768043423e-13,13.1481266943541,12.6510319947062,4.82285056095831,4.75039109462526,0.442180178087748,0.455232580005147,"CLR_more_sig"
-0.2,"eld vs kin","91",1.47159655203939e-06,4.18780469879502e-08,5.83221123839461,7.37801358014825,-4.24934414864475,-4.42843416287948,0.565816217799903,0.580232823741399,"TSS_more_sig"
-0.2,"eld vs kin","100",4.98763315662826e-06,1.71204195956225e-05,5.30210549663513,4.76648559562672,-3.71940777824658,-3.82191172675843,0.541723737713171,0.568457833242398,"CLR_more_sig"
-0.2,"eld vs kin","102",0.00287339773116965,0.000434604686015642,2.54160425549186,3.3619055953193,-2.85932957324249,-3.01167711699336,0.523581139306745,0.539171569849909,"TSS_more_sig"
-0.2,"eld vs kin","103",0.00237044704854801,0.0127219369093223,2.62516974158116,1.89544676250898,2.21257110304438,2.04771389771593,0.431184895685535,0.463990471878066,"CLR_more_sig"
-0.2,"eld vs kin","108",0.00991995581768819,0.00404027320972423,2.00349026213785,2.39358926621024,-2.77513466115856,-2.93894045928379,0.636851550939484,0.646516644562456,"TSS_more_sig"
-0.2,"eld vs kin","110",0.0014109136002535,0.0015032167231749,2.85049958020881,2.82297840138666,-2.52003042702049,-2.61298505761045,0.488823936338221,0.519035327257653,"CLR_more_sig"
-0.2,"eld vs kin","111",0.000408505808722991,2.79135647256187e-06,3.38880176366423,5.554184698022,-3.2193346190141,-3.39815594112166,0.449850191208395,0.463027110378293,"TSS_more_sig"
-0.2,"eld vs kin","115",0.00565939628644117,0.000691477552143843,2.24722989450983,3.16022191409162,-2.63662125925359,-2.86663909877194,0.556320222342045,0.574952951686696,"TSS_more_sig"
-0.2,"eld vs kin","118",0.000561246078044289,0.00119895094768289,3.25084668080319,2.92119858469634,-2.23181512999134,-2.3604071152604,0.397465693803515,0.390867422252421,"CLR_more_sig"
-0.2,"eld vs kin","119",3.57778529378577e-06,9.69841153974616e-05,5.44638572540137,4.01329939109607,2.37081989552101,2.20482086867589,0.302703659553268,0.316430627950472,"CLR_more_sig"
-0.2,"eld vs kin","121",1.32782304891727e-11,2.75563887287662e-11,10.8768597969553,10.5597776974296,4.59456250134193,4.38102478801463,0.489125587955286,0.490518015150785,"CLR_more_sig"
-0.2,"eld vs kin","124",0.000871724266654805,0.000807858304877937,3.05962086415821,3.09266480606454,2.53983339736354,2.42255698219028,0.438121307500172,0.442888628114527,"TSS_more_sig"
-0.2,"eld vs kin","125",0.000264941587193934,0.0100806208808388,3.57684986627329,1.99651271820616,3.04535754167082,2.81676139814724,0.535964728154543,0.535358858124764,"CLR_more_sig"
-0.2,"eld vs kin","126",0.0166269524437237,0.0158006783106521,1.77918734537834,1.80132426872596,-2.07288600098743,-2.29582525284839,0.502398816494089,0.533408523129389,"TSS_more_sig"
-0.2,"eld vs kin","128",0.00506884950606949,0.00168424434122814,2.29509060277025,2.77359490312774,-2.73747739596109,-2.77828834576322,0.562234090574272,0.586091045482414,"TSS_more_sig"
-0.2,"eld vs kin","130",0.000100048244087461,4.48961870088265e-05,3.99979052911491,4.34779054165467,-3.22374892684157,-3.49135665468049,0.570809175280814,0.586617925577459,"TSS_more_sig"
-0.2,"eld vs kin","133",0.000628008820906072,0.00112103719086766,3.20203425619285,2.95037997926883,-2.53296339589765,-2.6274662417802,0.455611055772401,0.492531053208574,"CLR_more_sig"
-0.2,"eld vs kin","138",7.32053760688552e-10,6.11685909678162e-09,9.13545702397843,8.21347152345757,3.86289392608496,3.65778669774736,0.435533811616813,0.427521133769376,"CLR_more_sig"
-0.2,"eld vs kin","139",5.5300420412099e-07,8.80143177864208e-07,6.25727156703236,6.0554466729653,-3.96421368042943,-4.03411469960523,0.53436101834979,0.537182290910288,"CLR_more_sig"
-0.2,"eld vs kin","145",0.0205352907042051,0.00288940124524991,1.68749914475391,2.53919214438014,-2.31773622282939,-2.55333964765823,0.516047288899431,0.535755723361558,"TSS_more_sig"
-0.2,"eld vs kin","147",0.00428791331062604,0.000785869601115381,2.36775400342194,3.10464951021275,-2.80855382826346,-2.92625099785687,0.562172550553614,0.570961680900371,"TSS_more_sig"
-0.2,"eld vs kin","148",0.0123387710891726,0.0185406624247125,1.90872809279615,1.73187475334913,-2.07834182750568,-2.14292886101246,0.497143160348549,0.536690043774771,"CLR_more_sig"
-0.2,"eld vs kin","150",0.0429169443566764,0.0238638522641285,1.36737120693617,1.62225944825949,-1.78883743766333,-2.00025078274932,0.410883945300811,0.405589217308488,"TSS_more_sig"
-0.2,"eld vs kin","151",3.37703073114766e-15,1.95837442076287e-15,14.4714649872452,14.7081042720193,5.36367749478937,5.24689527822851,0.477801545310398,0.480192945684471,"TSS_more_sig"
-0.2,"eld vs kin","152",0.0448157756813312,0.0432484773719402,1.3485690823112,1.36402917792413,-2.17425762634189,-2.30337255288334,0.609607254896555,0.619375171733805,"TSS_more_sig"
-0.2,"eld vs kin","162",0.0125475949883178,0.00174131685796587,1.90143950791957,2.75912219548501,-2.77026140853894,-2.97562541945118,0.614192244870011,0.599869977211979,"TSS_more_sig"
-0.2,"eld vs kin","163",0.00074492232723504,0.00214000522461827,3.12788900860984,2.66958516636104,-2.90342080316674,-3.03296693589178,0.557819311836586,0.577247596710652,"CLR_more_sig"
-0.2,"eld vs kin","164",1.13772084395588e-05,0.000223571966327163,4.94396428521847,3.65058265352574,3.19906161531349,3.04079854509653,0.479620002696601,0.45438243791395,"CLR_more_sig"
-0.2,"eld vs kin","169",3.87416739460862e-05,3.61790345188578e-05,4.41182161826218,4.44154302699326,-3.45071151053079,-3.62321457675164,0.504194690217507,0.529247210436058,"TSS_more_sig"
-0.2,"eld vs kin","172",8.31214098581028e-05,2.50244756507366e-05,4.08028709913228,4.60163501372387,-2.73415874654636,-2.92065422580056,0.451694782246737,0.46966094846817,"TSS_more_sig"
-0.2,"eld vs kin","181",0.000590553738246104,0.00323341233284189,3.22874057703121,2.49033890953645,-2.60376381104319,-2.72897929362799,0.471371594102108,0.492660536386133,"CLR_more_sig"
-0.2,"eld vs kin","200",0.0180573305752181,0.014131067966386,1.74334645126169,1.84982501476989,-2.17657691648421,-2.3742386219155,0.503917759875964,0.522424418061162,"TSS_more_sig"
-0.2,"eld vs kin","203",0.00530359476657108,0.00103641453842358,2.27542966661033,2.98446650352793,-2.19890737713526,-2.362717438807,0.435290216186039,0.444359656448764,"TSS_more_sig"
-0.2,"eld vs kin","206",0.000184529576479312,0.00613730242021637,3.73393401502085,2.21202247599989,2.82641053184488,2.60385132722248,0.532887961142208,0.549403266486279,"CLR_more_sig"
-0.2,"eld vs kin","207",3.54935068393603e-07,4.31552243446585e-05,6.449851089248,4.36496662134587,3.53692629956384,3.42360977985988,0.459144616991019,0.469146647440033,"CLR_more_sig"
-0.2,"eld vs kin","216",0.00759200857857536,0.00902480179014535,2.11964330985028,2.04456232763742,-2.35780038981484,-2.49973642985488,0.512634123400428,0.518237252369732,"CLR_more_sig"
-0.2,"eld vs kin","222",4.71129698725347e-06,8.67534007822757e-05,5.32685951816465,4.06171349161458,3.37705865546715,3.16417921218993,0.514211751867901,0.514292175289773,"CLR_more_sig"
-0.2,"eld vs kin","223",0.00418981711996173,0.0392515765773712,2.37780493300621,1.40614289471232,2.50790180557394,2.37269549546058,0.507579673649854,0.529547695174138,"CLR_more_sig"
-0.2,"eld vs kin","246",0.000369298349434504,0.000734393285639473,3.43262263340802,3.13407130242644,2.84340675873276,2.7288945970841,0.477117183242973,0.47598919507255,"CLR_more_sig"
-0.2,"eld vs kin","251",0.0090843939534448,0.000848360477361624,2.04170404044775,3.07141957219646,-2.81333772320079,-3.04244043818508,0.577750330576956,0.586103325665504,"TSS_more_sig"
-0.2,"eld vs kin","252",0.00251327411052637,0.000340798322164045,2.59976014244722,3.46750255204117,-2.4951708872098,-2.62916644002263,0.462517559058022,0.468673521782338,"TSS_more_sig"
-0.2,"eld vs kin","265",0.000902642670666474,0.0223598730674799,3.04448413990854,1.65053066618139,2.69813707448859,2.55832309288581,0.4797993702495,0.484405370437884,"CLR_more_sig"
-0.2,"eld vs kin","267",0.00563832612943428,0.000397724610018702,2.24884980747871,3.40041753532872,-3.13173505491703,-3.49569841179138,0.601923269051221,0.602592335945913,"TSS_more_sig"
-0.2,"eld vs kin","282",0.000113607462812522,1.1452563802754e-05,3.94459313911933,4.94109728007082,-2.86526931190148,-3.12318237350448,0.4779291998723,0.483271260963821,"TSS_more_sig"
-0.2,"eld vs kin","294",0.00413481777892267,0.00283781151606718,2.38354362501159,2.54701645322327,2.61713829321778,2.40564818085582,0.448837422349803,0.451296628596918,"TSS_more_sig"
-0.2,"eld vs kin","329",0.00704155813593222,0.00159368277348195,2.15233123077779,2.79759812173357,2.58674185430955,2.36581972736917,0.438326574067277,0.418811779876851,"TSS_more_sig"
-0.2,"eld vs kin","344",1.33166302511913e-06,4.75794408017236e-05,5.87560565868379,4.32258066650541,3.02988182896899,2.87746094925809,0.421896901580623,0.421297278116248,"CLR_more_sig"
-0.2,"eld vs kin","349",0.00772038852985237,0.00540093481353568,2.11236084317139,2.2675310643949,-2.25408286793989,-2.44313230675495,0.49247812745077,0.503242861789987,"TSS_more_sig"
-0.2,"eld vs kin","363",0.0116887557339195,0.0198706883650097,1.93223171695222,1.70178708769909,-2.28824574175866,-2.46098600924532,0.478545951976276,0.48363322846711,"CLR_more_sig"
-0.2,"eld vs kin","375",0.0358275113847815,0.0492142228467655,1.4457833573207,1.30790936854925,-1.88744552301059,-1.99270615368664,0.51554557867371,0.516089001302189,"CLR_more_sig"
-0.2,"eld vs kin","435",0.0202454960628739,0.00638662088017417,1.693671577516,2.19472886347802,2.6508455878169,2.61288266518928,0.582756797347354,0.563584281520981,"TSS_more_sig"
-0.2,"eld vs kin","473",0.00236871035825353,0.000638677937861235,2.62548804079796,3.19471808561219,-2.6751010941115,-2.89174415969706,0.527945182037543,0.524327021134155,"TSS_more_sig"
-0.2,"eld vs kin","614",0.00385733238780122,5.69359580171976e-05,2.41371293620053,4.24461336741624,-2.92172556279805,-3.16784174123205,0.501828711722687,0.49357238194853,"TSS_more_sig"
-0.2,"eld vs kin","616",0.000249894904825259,1.21852746158461e-05,3.60224259873082,4.91416467880567,-2.67565565431174,-2.84872441361424,0.414915519903592,0.426615095071225,"TSS_more_sig"
-0.2,"eld vs kin","652",0.0176815402212044,0.0395634676038335,1.75247990671915,1.40270565096737,1.87198811636266,1.72516534209686,0.36332942109819,0.360965600093618,"CLR_more_sig"
-0.2,"eld vs kin","666",8.34588540638004e-10,1.29812052311144e-11,9.07852758268667,10.8866849838898,-3.8944146600288,-4.0317720511286,0.413245848685776,0.419368756892346,"TSS_more_sig"
-0.2,"eld vs kin","728",3.43698026172841e-14,3.32581397061921e-13,13.4638229619702,12.4781020466959,4.06534058006091,3.90896207321328,0.383887690498524,0.379635827542552,"CLR_more_sig"
-0.2,"eld vs kin","744",3.01035599866949e-06,5.53352868426893e-07,5.52138214257375,6.25699783445025,-3.62167946256239,-3.87108914465746,0.525495521573245,0.523466824549027,"TSS_more_sig"
-0.2,"eld vs kin","757",0.00659321001013899,0.00668749798760433,2.18090309067645,2.17473633565819,-1.97841265237267,-2.16688670487212,0.429502940212049,0.443719582356187,"CLR_more_sig"
-0.2,"eld vs kin","769",0.0340433454768219,0.0252253412505459,1.46796776789619,1.5981629498789,-2.00023778717181,-2.16167326219627,0.529603334871899,0.5334312046488,"TSS_more_sig"
-0.2,"eld vs kin","770",0.000261450459717524,1.64712352486497e-05,3.58261059019842,4.7832738300011,-2.61602177028186,-2.82270817665394,0.412070818445017,0.421943864935638,"TSS_more_sig"
-0.2,"eld vs kin","786",2.30823803635706e-07,1.85823462335474e-07,6.63671940671831,6.73089945223943,-3.77502533548655,-3.92270523082837,0.484849505554361,0.504570218816894,"TSS_more_sig"
-0.2,"eld vs kin","849",0.000361680268656774,7.46597972421653e-06,3.4416751833789,5.1269131938462,-2.77465128326688,-2.95248030872775,0.399093123400965,0.437078119596182,"TSS_more_sig"
-0.2,"eld vs kin","854",1.39254475251205e-06,5.68355314883755e-05,5.85619083891422,4.245380074415,3.262093507426,3.13965179325366,0.465910189383067,0.468213200121173,"CLR_more_sig"
-0.2,"eld vs kin","875",0.017246890308198,0.0218275890991314,1.76328919877826,1.660994230336,-2.44740308318844,-2.55475072567045,0.547253663155671,0.560569339216865,"CLR_more_sig"
-0.2,"eld vs kin","877",0.0190187423622191,0.0122069947622984,1.72081820470705,1.91339124177139,-2.30726278560558,-2.35079453954612,0.554211380066446,0.560025140081225,"TSS_more_sig"
-0.2,"eld vs kin","879",0.000138733132231819,5.82386059781677e-05,3.85781980837799,4.23478902901156,-2.68713184282198,-2.82819008906113,0.415519951837935,0.430627354480299,"TSS_more_sig"
-0.2,"eld vs kin","886",3.88356231672296e-10,9.15987573523476e-09,9.41076972164328,8.03811041802079,4.49369903753129,4.40512582104237,0.509400563681489,0.525741329369085,"CLR_more_sig"
-0.2,"eld vs kin","888",9.25002626091618e-05,0.000252426651413075,4.03385703429288,3.59786479383921,2.74117745749665,2.61421893691277,0.439716553770324,0.44736649779991,"CLR_more_sig"
-0.2,"eld vs kin","891",1.51501113268567e-05,0.000184836605361488,4.81958417584406,3.7332120161667,-3.53221111350255,-3.43034156148655,0.550272663667531,0.569046857377169,"CLR_more_sig"
-0.2,"eld vs kin","895",4.34004874357089e-05,0.000204623305375265,4.3625053928504,3.68904490425303,-3.14518652886514,-3.22364763032743,0.494382506533985,0.50689635323718,"CLR_more_sig"
-0.2,"eld vs kin","914",0.00407000956993422,0.000445863093185133,2.39040456960408,3.35079847537277,-2.82086691802251,-2.98387800100419,0.555544112362792,0.564148051691443,"TSS_more_sig"
-0.2,"eld vs kin","917",0.0241030634184494,0.0226965575710609,1.61792775654636,1.64404000806078,-2.09638186416936,-2.28964997929354,0.517743186991362,0.529356911201243,"TSS_more_sig"
-0.2,"eld vs kin","926",0.00806673856290404,0.0128371891367783,2.09330201799543,1.89153006006975,2.0690683625625,2.00176104947325,0.43256246735207,0.423890189499791,"CLR_more_sig"
-0.2,"eld vs kin","929",0.0464420132414936,0.0336158342771025,1.33308896204457,1.47345610596374,2.12293138457195,1.87477461582084,0.474628383332243,0.475015007087672,"TSS_more_sig"
-0.2,"eld vs kin","935",0.004523379514934,0.00162731211910971,2.34453697309266,2.78852914122,-2.59690686234614,-2.62416195995483,0.537691551764408,0.533090156445391,"TSS_more_sig"
-0.2,"eld vs kin","944",0.000458509241636538,0.00650817675299724,3.3386519063379,2.18654066074302,1.97095923040594,1.78020126278358,0.305050624737199,0.295834614211996,"CLR_more_sig"
-0.2,"eld vs kin","947",1.57900661087233e-12,1.71818905812107e-09,11.8016160517147,8.76492905099295,4.16861471739623,4.0451846466281,0.421207178573659,0.447286095569026,"CLR_more_sig"
-0.2,"eld vs kin","965",0.00314393291743565,0.00292400547075155,2.50252672913974,2.53402181915775,-2.96112909675624,-3.03798881996575,0.58007954829886,0.595224738903831,"TSS_more_sig"
-0.2,"eld vs kin","977",0.0475182652140383,0.0206997972713049,1.3231394228611,1.684033907895,2.15671893562283,2.19108796023593,0.507052943042772,0.52682099985523,"TSS_more_sig"
-0.2,"eld vs kin","978",1.7495484231303e-20,2.17119706913712e-19,19.7570740328283,18.6633007559309,6.04329810503172,5.8335246427996,0.419474472247087,0.413118879586753,"CLR_more_sig"
-0.2,"eld vs kin","984",1.24168190221551e-14,1.39352531317473e-12,13.9059896487702,11.855885137986,4.80557622136773,4.72777105767236,0.418187392154692,0.429761564774036,"CLR_more_sig"
-0.2,"eld vs kin","988",0.000115398917532526,0.000239252548016664,3.93779826493987,3.62114342833196,3.06288514998942,2.90631366251002,0.529348059914833,0.521422390972091,"CLR_more_sig"
-0.2,"eld vs kin","991",2.5066910506729e-05,8.3105768003956e-06,4.60089918947861,5.08036883270979,-3.80612072791389,-4.04885855937802,0.57344206493658,0.56984015054117,"TSS_more_sig"
-0.2,"eld vs kin","1000",0.0381593611143913,0.00795784123308545,1.41839890511095,2.09920472971372,-2.30573978370562,-2.45166141580357,0.567713811045385,0.559444323491472,"TSS_more_sig"
-0.2,"eld vs kin","1014",7.20211842519317e-09,2.5334296419894e-09,8.14253974175603,8.59629115236406,-4.37403385717025,-4.50303516735059,0.514153876951972,0.51697569553791,"TSS_more_sig"
-0.2,"eld vs kin","1020",0.00227995394970469,0.0213503788347817,2.64207392475004,1.67059441457827,2.26339454971368,2.17305700820156,0.418285125736266,0.414462052280149,"CLR_more_sig"
-0.2,"eld vs kin","1021",2.48552381781761e-06,3.93354785476582e-07,5.60458207082826,6.40521556192187,-3.89226144663232,-4.01959959904831,0.555021573003489,0.548011815635463,"TSS_more_sig"
-0.2,"eld vs kin","1027",0.0183519641796982,0.00961761876546364,1.73631744712015,2.01693244199884,2.3119252065587,2.24327570746396,0.499317573411676,0.50552655890889,"TSS_more_sig"
-0.2,"eld vs kin","1030",2.68597959769793e-11,7.2132628414512e-11,10.5708972904912,10.1418682424235,4.19985105672185,3.98507427089179,0.435559094317043,0.424251752675601,"CLR_more_sig"
-0.2,"eld vs kin","1043",0.000812776820244887,0.0278400175178634,3.0900286906203,1.55533049578888,2.40327731815176,2.15719602825446,0.422145341812074,0.428584715420694,"CLR_more_sig"
-0.2,"eld vs kin","1047",0.00913159574653615,0.0014357968743246,2.03945332286453,2.84290699644452,-1.75317842406114,-1.91178010375684,0.27374248092703,0.290160154918097,"TSS_more_sig"
-0.2,"eld vs kin","1059",0.0141521358727713,0.0164878908780627,1.84917801047485,1.7828348955139,2.61659839811105,2.56249037936081,0.581230483647035,0.586103204362685,"CLR_more_sig"
-0.2,"eld vs kin","1074",6.06330953126218e-17,2.03344661335593e-18,16.2172902605152,17.6917672251917,4.99200283478122,4.76248450829039,0.40029567476543,0.383647266035656,"TSS_more_sig"
-0.2,"eld vs kin","1076",1.63059245367258e-10,6.18047020777506e-13,9.7876545719077,12.2089784826986,4.49223188539384,4.34242542346707,0.433721550836321,0.423105724859734,"TSS_more_sig"
-0.2,"eld vs kin","1079",0.0114595856940369,0.00284606337765025,1.94083108341977,2.54575543304396,-2.4076552908317,-2.64265475567773,0.471002398806925,0.503053945104165,"TSS_more_sig"
-0.2,"eld vs kin","1082",0.000113462233612552,0.00431203028148204,3.94514867118505,2.36531819795249,2.98177246696529,2.74701038545886,0.499660822680099,0.488762152413496,"CLR_more_sig"
-0.2,"eld vs kin","1089",1.61519449173271e-11,2.73068024868015e-09,10.7917751751282,8.56372915096382,2.92918869973213,2.78599623648181,0.280216816702509,0.288792839856107,"CLR_more_sig"
-0.2,"eld vs kin","1098",2.9374870894524e-24,2.40891264550259e-21,23.5320240334834,20.6181789485546,6.94564632520989,6.75919140359018,0.447198068251811,0.443710039340996,"CLR_more_sig"
-0.2,"eld vs kin","1101",0.0106589627338625,0.00190214575098177,1.9722850561798,2.72075620852272,-2.65483047327462,-2.87913547204041,0.578485344475351,0.593885747719271,"TSS_more_sig"
-0.2,"eld vs kin","1104",0.00024200142423778,3.6287844981275e-05,3.61618207808243,4.44023882238998,-2.89011998060501,-2.95619001929234,0.458889152251791,0.472378539824655,"TSS_more_sig"
-0.2,"eld vs kin","1105",8.06332332222113e-08,9.38385772690839e-10,7.09348592556078,9.02761858538603,-4.60107981473864,-4.85352010786166,0.498524142590663,0.511245577603191,"TSS_more_sig"
-0.2,"eld vs kin","1108",0.00032980602390933,0.00176119420106369,3.48174141622731,2.75419275317514,2.41526994392243,2.34269526480829,0.429615701136094,0.432697687172896,"CLR_more_sig"
-0.2,"eld vs kin","1112",1.15440944168223e-05,2.35533825070037e-06,4.93764012989297,5.62794671491981,-3.63841323200421,-3.82604965482319,0.530022741845465,0.538514650615621,"TSS_more_sig"
-0.1,"cent vs mage","4",1.58054034456454e-12,0.0165818285002941,11.8011944139667,1.78036758091466,2.19148013344291,1.63989574413286,0.199643954092864,0.182828337552261,"CLR_more_sig"
-0.1,"cent vs mage","7",2.74821967156676e-14,2.59038106257388e-07,13.5609485560607,6.58663634356357,4.17700362173844,3.62718207386806,0.421355046644894,0.417030088408321,"CLR_more_sig"
-0.1,"cent vs mage","8",3.57068841138192e-07,0.0469444971249552,6.44724804594879,1.32841530879366,2.26415114659922,1.71101968746174,0.309438535576866,0.313485884622837,"CLR_more_sig"
-0.1,"cent vs mage","11",6.91788113871744e-07,0.04666881198419,6.16002690419541,1.3309732545097,2.21428377119255,1.65451374641528,0.311142903803093,0.296613734582692,"CLR_more_sig"
-0.1,"cent vs mage","14",1.59094828917936e-12,0.000714129305066747,11.7983439360599,3.14622314481678,2.69041343355036,2.13999681475175,0.263333322473422,0.259065283054185,"CLR_more_sig"
-0.1,"cent vs mage","19",2.29085078643799e-07,0.036064434172202,6.64000319747014,1.44292087722182,2.49746850728724,1.93749883704636,0.333343166683749,0.348280952633807,"CLR_more_sig"
-0.1,"cent vs mage","20",1.85640535679368e-12,0.00140997142802615,11.7313271870627,2.85078968789519,2.66808847155266,2.11530979552475,0.265740799480397,0.268400542883314,"CLR_more_sig"
-0.1,"cent vs mage","21",3.54963877590434e-14,6.44033606089667e-05,13.4498158400754,4.19109147028226,2.84621553640095,2.30000963863933,0.264220775637634,0.261275464381766,"CLR_more_sig"
-0.1,"cent vs mage","22",0.0337862042349864,0.00140167357549932,1.47126059699093,2.85335311394804,-1.61794938000946,-2.16794250528915,0.326612840972695,0.322178143941953,"TSS_more_sig"
-0.1,"cent vs mage","23",1.2022820232155e-07,0.0442818095786931,6.91999364650987,1.35377463996172,2.12752198796595,1.57504689191979,0.261813280509365,0.266702835942129,"CLR_more_sig"
-0.1,"cent vs mage","24",6.57590609123982e-12,1.29978594375837e-06,11.1820443974673,5.88612816392318,4.48286047328428,3.90409627184532,0.479447987897895,0.492854963729074,"CLR_more_sig"
-0.1,"cent vs mage","26",1.96177889937573e-09,0.00104988566909752,8.70734994098866,2.97885799234296,3.06007243907834,2.52053942279696,0.371878368397904,0.371721129128117,"CLR_more_sig"
-0.1,"cent vs mage","32",7.21646107738005e-10,0.0336908519199002,9.14167572644107,1.47248800714195,2.126118302482,1.57925323778441,0.224553446644958,0.227554960539885,"CLR_more_sig"
-0.1,"cent vs mage","39",7.00080820842418e-11,5.87689500897683e-05,10.1548518199575,4.23085206790893,3.60950233600409,3.03526952438214,0.424675501769452,0.415352482701541,"CLR_more_sig"
-0.1,"cent vs mage","42",1.20210071398442e-10,0.00033063186982319,9.92005914489954,3.48065528681641,3.41535410502958,2.88223084558576,0.411146191850742,0.412581955495426,"CLR_more_sig"
-0.1,"cent vs mage","51",0.0339455377393701,0.00123602442157564,1.46921730717249,2.90797294829999,-1.78680967255416,-2.36802651482057,0.366933116443546,0.388939245422295,"TSS_more_sig"
-0.1,"cent vs mage","55",1.07879883782158e-06,0.0235447461590437,5.96705953007968,1.62810598741794,2.47203558791924,1.9344320557154,0.364424126514608,0.358622766206869,"CLR_more_sig"
-0.1,"cent vs mage","56",6.84051932748034e-10,0.00169585721960378,9.16491092569255,2.77061071537441,2.97787944803367,2.41815796144903,0.366460548243444,0.377179315408695,"CLR_more_sig"
-0.1,"cent vs mage","57",0.035092577945498,0.00359160852720318,1.45478472678658,2.44471100600825,-2.0173872966502,-2.51410798124589,0.4338766988029,0.449039666879974,"TSS_more_sig"
-0.1,"cent vs mage","69",1.03153249827999e-06,0.0155037639574314,5.98651708509137,1.80956285231378,2.66550525362358,2.12451948138924,0.389996474811328,0.385928229107011,"CLR_more_sig"
-0.1,"cent vs mage","90",1.38744559880921e-08,0.0357811614988594,7.85778403638557,1.44634556582683,2.35860108721522,1.79697427144977,0.290921693083843,0.283741887085927,"CLR_more_sig"
-0.1,"cent vs mage","100",0.0325229175050678,0.00169336016856239,1.48781050245316,2.77125065997538,-2.67722974097959,-3.16817975206734,0.565158814500341,0.567066632083233,"TSS_more_sig"
-0.1,"cent vs mage","106",2.89265675587143e-08,0.0260243932626987,7.53870309689987,1.58461938691766,2.75938027397431,2.16109239857449,0.321731643026989,0.335572647641224,"CLR_more_sig"
-0.1,"cent vs mage","114",0.000307106742212493,4.30534333438283e-08,3.51271064896384,7.36599220953382,-3.67504340393568,-4.30730472353071,0.462187792647913,0.497682708043199,"TSS_more_sig"
-0.1,"cent vs mage","132",0.000721871601550334,3.16101196144262e-13,3.14154004300807,12.5001738607632,-4.27976893803898,-4.8096412304139,0.4834354271063,0.48515669560876,"TSS_more_sig"
-0.1,"cent vs mage","142",1.57545835776346e-07,0.0144202413568326,6.80259307153318,1.84102747061081,3.68419418450256,3.09062417800061,0.532105743597675,0.533858676713079,"CLR_more_sig"
-0.1,"cent vs mage","143",0.000125646110446767,7.2780081300252e-10,3.90085095106386,9.13798746361333,-3.90412638811538,-4.30184492299973,0.455681364982805,0.442212892740886,"TSS_more_sig"
-0.1,"cent vs mage","146",0.0345186057060254,0.00155277104302294,1.46194675485743,2.80889257652014,-2.00721690377544,-2.51063179261199,0.399670767435765,0.423892254999316,"TSS_more_sig"
-0.1,"cent vs mage","148",0.0313600079140574,0.000735128136443333,1.5036238363884,3.13363695465724,-2.64709882372346,-3.18335615946438,0.479666006455973,0.505422280749023,"TSS_more_sig"
-0.1,"cent vs mage","168",3.22218482212518e-06,6.07742413238679e-05,5.49184955239383,4.21628045397232,3.56848674918944,3.03793630442135,0.442840741957744,0.441405160270589,"CLR_more_sig"
-0.1,"cent vs mage","169",0.0313309485143251,0.000368650025877483,1.50402645707163,3.43338573127547,-2.39898101143974,-2.90691671822931,0.417085442873238,0.433554388925398,"TSS_more_sig"
-0.1,"cent vs mage","194",0.0486351568912245,0.0332901377015495,1.31304967880396,1.477684408421,-1.78139501363182,-2.42335216254941,0.461363699092954,0.481563004686005,"TSS_more_sig"
-0.1,"cent vs mage","210",5.71464536431483e-05,5.98409146309228e-12,4.2430107155924,11.2230017771736,-4.31480533266665,-4.7938322169909,0.464777156868431,0.458288108529695,"TSS_more_sig"
-0.1,"cent vs mage","219",0.000283131680593207,2.7859933518735e-09,3.54801153318866,8.5550199242538,-3.81651062238222,-4.34589272769053,0.457003836385795,0.464480711131308,"TSS_more_sig"
-0.1,"cent vs mage","287",0.0374577557501647,0.00159558099388531,1.42645824656882,2.79708114552583,-1.97694650996507,-2.51422474824135,0.430822232105666,0.451639670196293,"TSS_more_sig"
-0.1,"cent vs mage","289",0.0318234677684374,0.000742220978631036,1.49725249751664,3.12946677462354,-2.48781360877345,-2.98320646139273,0.476967029901795,0.488984703551656,"TSS_more_sig"
-0.1,"cent vs mage","294",1.76915918321703e-07,0.0157808327948138,6.7522330889204,1.80187008169386,2.84073636673613,2.38321562638226,0.398659354688895,0.383095960256938,"CLR_more_sig"
-0.1,"cent vs mage","353",0.000370004178241548,7.52075907242325e-08,3.43179337167084,7.12373832372646,-3.2547331760044,-3.78442582256363,0.444763950206076,0.457136914782439,"TSS_more_sig"
-0.1,"cent vs mage","401",0.0427271351222451,0.0074847218131913,1.3692962258889,2.12582433656891,-1.99671078821901,-2.4434288858886,0.445082849701498,0.432383345262021,"TSS_more_sig"
-0.1,"cent vs mage","453",0.0409589493708942,0.00832292293019384,1.38765119188269,2.07972412689132,-1.94207980095218,-2.53867892295025,0.438200121674548,0.450743291079281,"TSS_more_sig"
-0.1,"cent vs mage","464",0.0408350592641126,0.00152121544593734,1.38896680978141,2.81780927355016,-2.16047017109838,-2.68304929910865,0.46653799743115,0.480248395892883,"TSS_more_sig"
-0.1,"cent vs mage","528",0.0352814651601717,0.00113930247803921,1.45245338788928,2.94336095800735,-1.9253987714521,-2.59850521663955,0.415601606931604,0.433895158271054,"TSS_more_sig"
-0.1,"cent vs mage","531",0.0366224041833383,0.000291860546602343,1.43625314858472,3.53482460850958,-2.04734598032156,-2.62759053786128,0.453114866327318,0.461407393476285,"TSS_more_sig"
-0.1,"cent vs mage","546",0.0368465119474421,0.00690054400001753,1.4336036180811,2.1611166705826,-2.05697302602797,-2.68867526503146,0.420573714578233,0.43903813881511,"TSS_more_sig"
-0.1,"cent vs mage","652",7.50746592808196e-08,0.0199535218023834,7.12450663012859,1.69998044010981,2.34381150830994,1.80891584874272,0.299867671989671,0.303251665973618,"CLR_more_sig"
-0.1,"cent vs mage","671",2.00139786274917e-07,0.0375013999181512,6.69866656832493,1.42595251986214,2.5684755392819,1.99103087025769,0.357351334198657,0.363791235159656,"CLR_more_sig"
-0.1,"cent vs mage","675",0.0312670158986929,5.45206405695036e-06,1.50491356552946,5.26343905022976,-2.92875070483907,-3.51243127392668,0.45896612905124,0.476339939003685,"TSS_more_sig"
-0.1,"cent vs mage","728",9.87186486611668e-09,0.0135608010709092,8.00560079823603,1.86771465483477,2.48505676735271,1.96020959118599,0.30771430300875,0.305150227691249,"CLR_more_sig"
-0.1,"cent vs mage","737",0.0452533739286556,0.000991814175034735,1.34434903581849,3.00356968905219,-2.03083752479368,-2.70421388893375,0.467862239374081,0.480644575301648,"TSS_more_sig"
-0.1,"cent vs mage","762",3.16856162964598e-06,0.0453591151715848,5.49913784127509,1.34333542589306,2.55036319315638,1.98485372707411,0.387574702496018,0.387059785393772,"CLR_more_sig"
-0.1,"cent vs mage","769",0.0451242723580475,0.00183801171410595,1.34558978815404,2.7356517250743,-2.06395689162102,-2.54163332355439,0.443150912932998,0.451890297813812,"TSS_more_sig"
-0.1,"cent vs mage","770",0.0312914759735538,4.27518879281368e-05,1.50457395132962,4.3690447020196,-2.0627605865378,-2.62318832301656,0.328277943357309,0.355035891358632,"TSS_more_sig"
-0.1,"cent vs mage","816",0.038580078735536,0.00744596119176844,1.41363689036829,2.12807923164767,-1.70323045947622,-2.26340974867635,0.385372093077444,0.404870946277399,"TSS_more_sig"
-0.1,"cent vs mage","819",0.0484159117640011,0.00225755930960193,1.31501188513994,2.6463608312716,-1.98174303037833,-2.51421060396526,0.433440694564634,0.443196141077921,"TSS_more_sig"
-0.1,"cent vs mage","829",5.48916120579792e-06,0.0450066267472197,5.26049401466192,1.34672353627209,2.58993495692702,2.04916855373403,0.38728156368385,0.403994895248956,"CLR_more_sig"
-0.1,"cent vs mage","848",7.83623207669343e-07,0.043626689282994,6.10589271048551,1.36024774325159,2.37612005630721,1.79577527520377,0.329187583541367,0.341407869556919,"CLR_more_sig"
-0.1,"cent vs mage","849",0.0333800285432704,0.00330025733009815,1.4765132962913,2.48145219567225,-1.82024715092774,-2.38587665452459,0.372547795514872,0.415984705166651,"TSS_more_sig"
-0.1,"cent vs mage","854",1.5557724589557e-06,0.00369777193107833,5.80805392087209,2.43205987850098,3.32378711468812,2.82879273275896,0.471223358630328,0.46579966949206,"CLR_more_sig"
-0.1,"cent vs mage","857",1.62320356581156e-06,0.0438383182520514,5.78962701192679,1.35814611483079,2.55153815482935,1.94584782096852,0.329662687182981,0.343545964155892,"CLR_more_sig"
-0.1,"cent vs mage","884",0.0365258163288937,0.00325153420547972,1.43740006907821,2.48791167294227,-1.74608275532961,-2.32913911356676,0.390822244052471,0.398666338143067,"TSS_more_sig"
-0.1,"cent vs mage","886",3.76163304958891e-05,0.0040013553944971,4.4246235725048,2.39779287351118,3.25941960404886,2.79922755130589,0.526873028855863,0.51681719156061,"CLR_more_sig"
-0.1,"cent vs mage","917",0.0323456525244346,0.000327439636155728,1.49018408320327,3.48486875094172,-2.31072429418714,-2.92692145910993,0.481940090579777,0.502994927366836,"TSS_more_sig"
-0.1,"cent vs mage","921",0.00023076207254902,8.27681988395572e-07,3.63683556915678,6.08213649559918,-3.79684443143832,-4.34604336492916,0.455940817697226,0.480452094678964,"TSS_more_sig"
-0.1,"cent vs mage","925",0.0438798521161556,0.00213643862208149,1.35773484475379,2.67030957954897,-1.83654025818808,-2.21433531854836,0.430014662992629,0.423989279605377,"TSS_more_sig"
-0.1,"cent vs mage","966",0.0356300110141806,0.00142399223571712,1.44818404339703,2.84649237867276,-2.3351655378688,-2.92206533956365,0.525903521989211,0.5309283114267,"TSS_more_sig"
-0.1,"cent vs mage","978",1.34732490595681e-08,0.000489438461582907,7.87052766199849,3.3103019054442,3.30586391321583,2.73768479327215,0.45391219434916,0.453516763249021,"CLR_more_sig"
-0.1,"cent vs mage","1004",0.0386458586196505,0.00150065722049882,1.41289703926182,2.82371849779449,-2.33243375855236,-2.9859856816695,0.455861192687076,0.465039908928894,"TSS_more_sig"
-0.1,"cent vs mage","1019",0.0312586989859653,1.0240055135991e-06,1.5050291016519,5.98969770496252,-2.6613030380067,-3.18399504338869,0.400437960653164,0.400380490806369,"TSS_more_sig"
-0.1,"cent vs mage","1030",0.000323805463095744,0.0375273244258294,3.48971582830556,1.425652398244,2.51275096402288,1.9439396358612,0.410652682414264,0.40820877016862,"CLR_more_sig"
-0.1,"cent vs mage","1043",6.7246094913841e-09,0.00183234593194354,8.17233293075474,2.73699253167712,2.83625775027964,2.20712689707895,0.325856792114298,0.321635673607627,"CLR_more_sig"
-0.1,"cent vs mage","1058",0.0315373940805558,0.000138802672793133,1.50117419506517,3.85760217099836,-2.59730892350859,-3.19672596254744,0.451055857609102,0.460464848268141,"TSS_more_sig"
-0.1,"cent vs mage","1074",2.17848909012884e-09,0.0137693796799447,8.66184461066911,1.86108562456844,3.25622155968394,2.76938167922945,0.389049015591322,0.379393778624926,"CLR_more_sig"
-0.1,"cent vs mage","1079",0.0321076761589988,0.000922218992901546,1.49339112600762,3.03516593782319,-2.01278004465375,-2.59935820290182,0.394083239353831,0.413594206841601,"TSS_more_sig"
-0.1,"cent vs mage","1087",6.58679846148551e-10,0.00011655200530888,9.18132562461128,3.93348024992471,3.84868557755428,3.38252807289855,0.49884572874949,0.489725417597138,"CLR_more_sig"
-0.1,"cent vs mage","1098",1.53173216738358e-12,1.45625864867336e-08,11.814817167077,7.83676148236126,4.51874340698861,3.96522202797573,0.441752841332908,0.441696282870076,"CLR_more_sig"
-0.1,"cent vs mage","1104",0.0316140072461479,0.000220416325808935,1.50012045150027,3.65675624128056,-2.37869019766542,-3.00805974474194,0.428250696401386,0.460117045737175,"TSS_more_sig"
-0.1,"eld vs kin","3",3.10029779626575e-14,2.79026801663917e-13,13.5085965884034,12.554354078964,-4.92868885694133,-4.81499560285203,0.43172480780642,0.446304548307723,"CLR_more_sig"
-0.1,"eld vs kin","4",0.00185694464212123,2.3835829971189e-10,2.73120104293746,9.62276972120151,2.28275879616878,2.40064651243559,0.227395828159007,0.220210109296965,"TSS_more_sig"
-0.1,"eld vs kin","5",6.29261354387846e-06,5.05233400264699e-06,5.20116893930205,5.2965079465744,-2.9845824582638,-2.86709108131928,0.385991312041995,0.384899555830881,"TSS_more_sig"
-0.1,"eld vs kin","7",7.11110766421166e-25,4.80167131572406e-27,24.1480627459668,26.3186075716119,7.33991197642685,7.4859697301544,0.464656490346211,0.463458582524753,"TSS_more_sig"
-0.1,"eld vs kin","8",0.0497888883517989,0.00740669106739416,1.30286757021117,2.13037576936542,1.81670925034507,1.90710300570456,0.382743367514557,0.393864693044133,"TSS_more_sig"
-0.1,"eld vs kin","10",0.000494354850051862,0.000389845294989865,3.30596120067962,3.40910770287532,-2.93014389797435,-2.82734010674706,0.483210547233798,0.47370714981902,"TSS_more_sig"
-0.1,"eld vs kin","11",4.61480419096138e-05,1.65851897653224e-08,4.33584672163462,7.78027955498195,3.00575342879073,3.11386273968422,0.35542185079346,0.353975750263874,"TSS_more_sig"
-0.1,"eld vs kin","12",0.00692502841645789,0.00624336088514401,2.1595784401573,2.20458156080845,-2.18801994090925,-2.05964256776128,0.379653273002926,0.369755590584102,"TSS_more_sig"
-0.1,"eld vs kin","14",0.00012979524331346,5.62282864727254e-10,3.88674122310244,9.25004515118345,2.61838611785533,2.72142190538984,0.280156462835014,0.275214072287173,"TSS_more_sig"
-0.1,"eld vs kin","15",0.00511695808862033,1.27759658888715e-05,2.29098814018158,4.89360625641048,2.75155191232693,2.84810495595872,0.450853478159479,0.430536791933358,"TSS_more_sig"
-0.1,"eld vs kin","16",7.14253490719141e-06,8.75409849523398e-12,5.1461476284442,11.0577885713057,2.78274896413514,2.89453484217102,0.262493227026246,0.267965320584261,"TSS_more_sig"
-0.1,"eld vs kin","21",1.73525820179917e-12,1.47203838088037e-19,11.7606358942025,18.8320808663659,3.86609531158689,3.98308887522845,0.296754569871521,0.295050576136351,"TSS_more_sig"
-0.1,"eld vs kin","23",0.0309282713503925,1.51111633991714e-05,1.50964435299927,4.82070209830888,2.18056157278277,2.2872289689514,0.301002339997703,0.310911052247449,"TSS_more_sig"
-0.1,"eld vs kin","25",0.00196689203304235,5.29365532861539e-06,2.70621947878979,5.27624433914979,2.81006432027314,2.914610913802,0.413569677794745,0.418650518299694,"TSS_more_sig"
-0.1,"eld vs kin","26",0.0317783986275638,0.000117538574589377,1.49786799148154,3.92981958035398,2.20488251991045,2.31410746045122,0.365393599493462,0.362444972537396,"TSS_more_sig"
-0.1,"eld vs kin","29",0.0141469175493936,2.20690774670348e-06,1.84933817760409,5.65621582086418,2.21125105689955,2.32000806735566,0.291333431579309,0.292554191686463,"TSS_more_sig"
-0.1,"eld vs kin","31",0.000735483572845586,2.93594195867273e-06,3.13342702287144,5.53225253434088,3.36193563404847,3.49484138801565,0.51843066747643,0.538583005062146,"TSS_more_sig"
-0.1,"eld vs kin","33",2.20270670423282e-06,1.83953566114301e-06,5.65704332636859,5.73529178854092,-3.39477403849477,-3.29371679607251,0.452543485828079,0.459880226892669,"TSS_more_sig"
-0.1,"eld vs kin","36",0.031436581886087,3.73799049177938e-05,1.5025646811031,4.42736180765836,1.88467028507469,2.00586616829058,0.256101541209526,0.263204201634774,"TSS_more_sig"
-0.1,"eld vs kin","38",0.0187826851121996,0.0134157577471007,1.72624232229065,1.8723847925343,-2.02097106033298,-1.90543847328827,0.370922547813896,0.378036788127271,"TSS_more_sig"
-0.1,"eld vs kin","47",0.0347912908013127,0.00202710510760018,1.45852945807368,2.69312373208286,2.59557104192254,2.71848041353684,0.532791183438361,0.532454195365827,"TSS_more_sig"
-0.1,"eld vs kin","55",0.032643028999925,0.0004520386698541,1.48620954915474,3.34482441167999,2.28715078865533,2.36597120729863,0.426905178729462,0.407250907011767,"TSS_more_sig"
-0.1,"eld vs kin","57",0.00321527748464989,0.00547513675506145,2.49278154067071,2.26160502877518,-2.55630674226808,-2.50987563469193,0.451788673966035,0.48435027337147,"CLR_more_sig"
-0.1,"eld vs kin","61",0.0350978885635291,0.000517719911945099,1.45471900925468,3.28590513136433,1.98709351521005,2.12091927154134,0.361411696874745,0.367315346488954,"TSS_more_sig"
-0.1,"eld vs kin","62",0.018010351819921,0.0210146742457274,1.74447780345154,1.67747733772514,-1.83442345800987,-1.73058556629519,0.307283651687241,0.317932016605252,"CLR_more_sig"
-0.1,"eld vs kin","65",1.96926013940607e-05,2.45812546906873e-05,4.70569690973994,4.60939595337247,-2.8683242206684,-2.76526973428652,0.376867059999229,0.371466323136849,"CLR_more_sig"
-0.1,"eld vs kin","67",3.50204471903185e-12,1.02503595889036e-11,11.4556783125345,10.9892608990241,-5.60232970450431,-5.49477172556251,0.561922072555558,0.566535688298077,"CLR_more_sig"
-0.1,"eld vs kin","70",0.0409770152886802,0.00463724661217085,1.38745967821553,2.33373980739144,2.3815186350641,2.46952443311688,0.519498985299694,0.518729171871212,"TSS_more_sig"
-0.1,"eld vs kin","74",0.00137926997297164,3.78221144684303e-07,2.86035071838087,6.42225419531378,3.55081959614448,3.64965563229372,0.501140471738668,0.500524805040285,"TSS_more_sig"
-0.1,"eld vs kin","77",0.0336510282209403,0.000320500214798381,1.47300166119162,3.49417167508207,2.10488131774651,2.22797517943872,0.357841956620166,0.364234446600694,"TSS_more_sig"
-0.1,"eld vs kin","79",9.81526757614556e-08,1.03418413082089e-07,7.0080978565062,6.98540213060359,-3.92850482155263,-3.80138138683138,0.46741311434476,0.48262681934265,"CLR_more_sig"
-0.1,"eld vs kin","80",0.0317150518029436,4.93854637921746e-05,1.49873457489511,4.30640086329993,2.24061895001729,2.39751642032002,0.361448922356025,0.351578688573282,"TSS_more_sig"
-0.1,"eld vs kin","82",2.71377957644582e-05,3.22711595328218e-06,4.56642543030225,5.49118542971048,-3.94889417611255,-3.9743505051359,0.585913306474966,0.606298682743026,"TSS_more_sig"
-0.1,"eld vs kin","83",6.73868884726545e-06,9.30309109332156e-05,5.17142459631199,4.0313727265295,-3.63504729093791,-3.46530458362838,0.501312493284656,0.518870680797235,"CLR_more_sig"
-0.1,"eld vs kin","84",6.55272939580712e-08,9.348160285018e-08,7.18357776647608,7.02927384973487,-3.87007262848835,-3.81370177278938,0.447194300986279,0.486979929587472,"CLR_more_sig"
-0.1,"eld vs kin","85",0.00621029454324975,0.00601806439136233,2.20688780151834,2.22054316975916,-2.50122147054275,-2.37835641454483,0.467554416107379,0.485424688504601,"TSS_more_sig"
-0.1,"eld vs kin","87",0.00161850453335639,0.000217732744076668,2.79088607982093,3.66207625399764,-3.03114881304648,-2.90178544276551,0.512963988175567,0.528481044321237,"TSS_more_sig"
-0.1,"eld vs kin","89",7.81271927912421e-10,5.19533404566179e-16,9.10719778015959,15.2843865232707,4.70871945639806,4.77698159667279,0.455609077399662,0.439557735599638,"TSS_more_sig"
-0.1,"eld vs kin","91",7.36495271257212e-07,5.68095771244514e-08,6.13283003724429,7.24557844348459,-4.43539161329139,-4.37727389095702,0.564977233631907,0.580112583713716,"TSS_more_sig"
-0.1,"eld vs kin","100",7.7614620799056e-07,7.57811864348868e-05,6.11005646000158,4.12043859966685,-3.89158945937449,-3.72883779918697,0.537914355371018,0.56217377098806,"CLR_more_sig"
-0.1,"eld vs kin","102",0.00166462623801586,0.000393099342866431,2.77868326425329,3.40549768217768,-3.03064526823877,-2.88442520254179,0.523169181915684,0.541641854863861,"TSS_more_sig"
-0.1,"eld vs kin","103",0.0462671074368098,0.00658696256147042,1.33472765121331,2.1813148049649,2.08041256245624,2.18037362230352,0.441542620410828,0.452622130033433,"TSS_more_sig"
-0.1,"eld vs kin","108",0.0113704057147118,0.00488931085356385,1.94422403869688,2.31075235019868,-2.91172471061272,-2.80040758162497,0.628227968354963,0.643994515500571,"TSS_more_sig"
-0.1,"eld vs kin","110",0.0100913058932242,0.00403054121088837,1.99605262905314,2.39463663397774,-2.54861548239408,-2.55173337285456,0.498912989394305,0.52405953203586,"TSS_more_sig"
-0.1,"eld vs kin","111",9.10908115668577e-05,5.69056349632081e-06,4.04052542859305,5.24484472635964,-3.34911059923459,-3.25500680538827,0.445284364886288,0.452028199975006,"TSS_more_sig"
-0.1,"eld vs kin","115",0.0110804958839737,0.00265029405845601,1.95544080324889,2.57670593705197,-2.85589126586011,-2.7087810322169,0.547962769016065,0.553205456760513,"TSS_more_sig"
-0.1,"eld vs kin","118",0.00179606498593266,0.0078627914831556,2.74567795356996,2.10442324142844,-2.37416375534298,-2.24945958361789,0.397271741203691,0.397705875896417,"CLR_more_sig"
-0.1,"eld vs kin","119",0.0180575941663443,2.33351165505861e-06,1.74334011171247,5.63199002562734,2.23268587661796,2.32644755114878,0.309510538039621,0.31251415878699,"TSS_more_sig"
-0.1,"eld vs kin","121",1.02184262944045e-08,2.04389059145225e-11,7.99061598328953,10.6895423555042,4.41753927825797,4.50947976701064,0.488789238133304,0.496036405692549,"TSS_more_sig"
-0.1,"eld vs kin","124",0.0344017897975088,0.00113378132282657,1.46341896210982,2.94547070156993,2.39034300527388,2.44729613560209,0.442460227069267,0.428716977520576,"TSS_more_sig"
-0.1,"eld vs kin","125",0.0372346945758935,0.0047766822526363,1.42905220418259,2.32087364724844,2.6698022862748,2.89026061188072,0.524377580115814,0.533223565119724,"TSS_more_sig"
-0.1,"eld vs kin","126",0.0261476562362355,0.0250660863494355,1.58256723334691,1.60091346857571,-2.33951555152661,-2.18325157200415,0.501251973219866,0.53346841766556,"TSS_more_sig"
-0.1,"eld vs kin","128",0.00698957182880273,0.0108854508519459,2.15554942769978,1.96315357870765,-2.87824664207069,-2.75535456898339,0.552850322520946,0.585758281361167,"CLR_more_sig"
-0.1,"eld vs kin","130",0.000769748691312512,0.000465674360575359,3.11365104078948,3.33191767309835,-3.42848209722728,-3.36659817873617,0.573966431695656,0.596097934779179,"TSS_more_sig"
-0.1,"eld vs kin","133",0.00447322744291241,0.00294354611960361,2.34937901940155,2.53112915525441,-2.67539271460608,-2.59397059980569,0.462719944562154,0.490609826880921,"TSS_more_sig"
-0.1,"eld vs kin","138",1.68088229916759e-06,5.55098169718771e-09,5.77446269620459,8.25563020463058,3.71669750730737,3.81715147017616,0.432571141734923,0.434649783728666,"TSS_more_sig"
-0.1,"eld vs kin","139",1.32615891800038e-06,5.21328512545782e-06,5.87740442987152,5.28288852195065,-4.15165998106704,-3.98000011441056,0.538750395029163,0.550872409087976,"CLR_more_sig"
-0.1,"eld vs kin","145",0.0278235425436782,0.0150421776489914,1.55558757566588,1.8226892865848,-2.49557854191827,-2.34079254074521,0.519786719688056,0.539405151276862,"TSS_more_sig"
-0.1,"eld vs kin","147",0.00823489722731554,0.00074515430405717,2.08434181651709,3.12775378569247,-3.03405366363292,-2.89102751772341,0.550734749315412,0.564129454486312,"TSS_more_sig"
-0.1,"eld vs kin","151",4.49581680447726e-13,4.85047953673242e-15,12.347191393708,14.3142153232819,5.22872493655034,5.34811158478684,0.486149680311442,0.501577491278104,"TSS_more_sig"
-0.1,"eld vs kin","162",0.0134099264745612,0.00436459218574701,1.87257360334004,2.3600563292216,-3.1144431285166,-2.80665700354925,0.608495643382847,0.605128383724538,"TSS_more_sig"
-0.1,"eld vs kin","163",0.00342981301908724,0.000779738628506759,2.46472955546513,3.10805095015566,-3.07370374554079,-3.03390647206552,0.551034145562325,0.569730960679206,"TSS_more_sig"
-0.1,"eld vs kin","164",0.00139657864883384,1.95457006657563e-05,2.8549346018228,4.70894875655343,3.03644092435977,3.21273268616379,0.473482060897163,0.478113272898494,"TSS_more_sig"
-0.1,"eld vs kin","169",9.47185389668101e-06,1.44698972536403e-05,5.02356500956062,4.83953455266365,-3.57227019673486,-3.44324482233859,0.509255133845415,0.533815122426655,"CLR_more_sig"
-0.1,"eld vs kin","172",0.000285436207590529,9.73502742078343e-05,3.54449093746039,4.01166282085908,-2.87535316851149,-2.79293616439757,0.443932632476114,0.463822653767494,"TSS_more_sig"
-0.1,"eld vs kin","181",0.00295689283341109,0.00216114118716508,2.5291644153121,2.66531685976935,-2.7923917495324,-2.54520461953042,0.469174376437935,0.495236655022268,"TSS_more_sig"
-0.1,"eld vs kin","200",0.0232672103159536,0.0122678584625253,1.63325568448359,1.91123124322907,-2.42380736152461,-2.24277271702202,0.512111156849175,0.534195518220271,"TSS_more_sig"
-0.1,"eld vs kin","203",0.0406304805828608,0.00424215880767223,1.3911480407489,2.37241307744964,-2.345166310209,-2.24953781098634,0.435681681974457,0.44074903289576,"TSS_more_sig"
-0.1,"eld vs kin","206",0.0158885703860399,0.00179779482494303,1.79891517776969,2.74525987404859,2.56325157111576,2.71689545912137,0.546119000550852,0.545644162070986,"TSS_more_sig"
-0.1,"eld vs kin","207",4.54456251584617e-05,2.39160546361258e-06,4.34250791796428,5.62131046310684,3.40472874310522,3.38647338176381,0.46195738732273,0.445638675661422,"TSS_more_sig"
-0.1,"eld vs kin","216",0.00620867555174812,0.00372965398743293,2.20700103459226,2.42833145728486,-2.52640923019496,-2.48852346027104,0.510753806309263,0.525164267219994,"TSS_more_sig"
-0.1,"eld vs kin","222",0.00162241803628229,3.9430938274743e-05,2.78983723430538,4.40416288859517,3.0239067311875,3.25243917805348,0.494968947157666,0.506734426059747,"TSS_more_sig"
-0.1,"eld vs kin","246",0.00492699967184715,0.00220265835208715,2.3074174666504,2.65705285977605,2.7438000313672,2.88906398735871,0.471867236035823,0.478850474109349,"TSS_more_sig"
-0.1,"eld vs kin","251",0.00877630750978979,0.00198019639102739,2.05668816808317,2.70329173533956,-2.99947566376886,-2.85107777096012,0.578763474677029,0.594920169992063,"TSS_more_sig"
-0.1,"eld vs kin","252",0.0128259114081255,0.00214285648048016,1.8919117641923,2.66900691520304,-2.56247442722562,-2.52530240342155,0.467242075220982,0.470166511761297,"TSS_more_sig"
-0.1,"eld vs kin","265",0.0350261581070152,0.000863132723468677,1.45560749626571,3.06392241791385,2.44768707382155,2.61324452025192,0.480564321826444,0.474922363020987,"TSS_more_sig"
-0.1,"eld vs kin","267",0.000698253375637207,0.00148811434692773,3.15598695606796,2.82736369625537,-3.49886784325902,-3.25553128702858,0.60354536274797,0.609601223675399,"CLR_more_sig"
-0.1,"eld vs kin","282",0.000430570335109465,0.000132971391294612,3.36595589495392,3.87624178714841,-3.12655069861454,-2.9674195017227,0.479723489334651,0.472383631052188,"TSS_more_sig"
-0.1,"eld vs kin","294",0.0321213403908094,0.00384552733050257,1.49320634034895,2.41504409772878,2.33892859615329,2.6022731424698,0.439816402239505,0.454561950921242,"TSS_more_sig"
-0.1,"eld vs kin","329",0.0313896804253304,0.000629852348852623,1.50321310577884,3.20076124672738,2.44509068087615,2.47181776335125,0.429243709104756,0.427152705627802,"TSS_more_sig"
-0.1,"eld vs kin","344",0.00389082754108362,4.45468896296584e-06,2.40995801864771,5.35118261404761,2.87693694235627,2.85549822918739,0.420927957932436,0.412512496638507,"TSS_more_sig"
-0.1,"eld vs kin","363",0.0119062014411242,0.0213482777054717,1.92422677389005,1.67063715638515,-2.51722447187072,-2.26275737776526,0.470703726960335,0.484242901407659,"CLR_more_sig"
-0.1,"eld vs kin","473",0.00347418328496414,0.000859222668522687,2.45914727352599,3.06589427367845,-2.90243478232654,-2.82535857823276,0.520708664953095,0.544445497761606,"TSS_more_sig"
-0.1,"eld vs kin","614",0.00639870318460769,0.0201494475539438,2.19390803489681,1.69573685659795,-3.00896063169564,-2.93881593626807,0.503508165243682,0.498357925596313,"CLR_more_sig"
-0.1,"eld vs kin","616",7.96293498286559e-05,9.62560679863772e-05,4.09892683026118,4.01657188301496,-2.84396764412364,-2.72619410778458,0.419313458655916,0.43668386606678,"CLR_more_sig"
-0.1,"eld vs kin","666",1.70244934804646e-09,3.01690973233496e-09,8.76892580052599,8.52043768396996,-4.06386434190833,-3.98046521391578,0.411882639006142,0.425672343850995,"CLR_more_sig"
-0.1,"eld vs kin","728",1.52349849245071e-08,2.25612878273414e-11,7.81715797118903,10.6466361138933,3.9159488102439,4.02453961146188,0.387556625983813,0.381450021405345,"TSS_more_sig"
-0.1,"eld vs kin","744",1.39222683862469e-06,4.18967763009423e-06,5.85628999839145,5.37781939203544,-3.80384207115652,-3.6752825744234,0.507935463165745,0.520462040978044,"CLR_more_sig"
-0.1,"eld vs kin","770",0.000224301693588491,0.000455452165104507,3.64916744726697,3.34155722905774,-2.80959024881625,-2.71475165220346,0.423569402979402,0.439524899588824,"CLR_more_sig"
-0.1,"eld vs kin","786",2.21870417224979e-07,3.25681803437886e-06,6.65390059994205,5.48720650574978,-3.95923273744792,-3.86431816385658,0.487928344120468,0.493204287537746,"CLR_more_sig"
-0.1,"eld vs kin","849",1.91070529380771e-05,3.40865092690956e-05,4.71880629313499,4.46741747171897,-2.97109608906364,-2.87724238173513,0.40191868323312,0.43957393151884,"CLR_more_sig"
-0.1,"eld vs kin","854",0.00504601734416485,6.79526604022698e-06,2.2970512610594,5.16779353561423,3.03499132188091,3.1121062131237,0.452937017107801,0.460592452402679,"TSS_more_sig"
-0.1,"eld vs kin","875",0.0443215546839144,0.0242865834522297,1.35338501410086,1.61463357585793,-2.58539919949997,-2.52323021457861,0.548011797971477,0.561563900787485,"TSS_more_sig"
-0.1,"eld vs kin","879",0.000331120710675716,0.000613389572827074,3.48001365449142,3.2122636109785,-2.83215429295466,-2.61745312733537,0.412168812776857,0.410335071403974,"CLR_more_sig"
-0.1,"eld vs kin","886",2.45493189525275e-06,7.726173338363e-10,5.60996055157612,9.11203555259165,4.40850930563377,4.52554078149147,0.51854032469539,0.528398343797463,"TSS_more_sig"
-0.1,"eld vs kin","888",0.0212798249254597,6.45719520808501e-05,1.67203194941362,4.18995608419774,2.59080043846934,2.68214091136067,0.443043693196805,0.446071284725205,"TSS_more_sig"
-0.1,"eld vs kin","891",3.56881686017529e-05,9.16971565532983e-05,4.44747573802249,4.03764413120412,-3.63800773346797,-3.4308765298016,0.54442364100313,0.574573827712108,"CLR_more_sig"
-0.1,"eld vs kin","895",0.000460608083410909,5.5555454358997e-05,3.3366684446828,4.25527329618795,-3.33872365976825,-3.31564909972273,0.505660050387935,0.504251756406161,"TSS_more_sig"
-0.1,"eld vs kin","914",0.00149329397835378,0.00273215806875257,2.82585468617398,2.56349417819653,-3.03163806022757,-2.89430288673618,0.546054797859181,0.561441550762837,"CLR_more_sig"
-0.1,"eld vs kin","917",0.0460022504989427,0.0212036699278648,1.33722092146268,1.6735889649447,-2.26125414151708,-2.19531145165729,0.514287487144364,0.530219956940222,"TSS_more_sig"
-0.1,"eld vs kin","926",0.0427154226530759,0.0123116228888916,1.36941529209885,1.90968469562798,1.88801757109201,2.07808553634149,0.421885733898804,0.420173874734208,"TSS_more_sig"
-0.1,"eld vs kin","935",0.0242654186438406,0.0165322850641119,1.6150122115343,1.78166711484064,-2.65892362977803,-2.61711061310127,0.539364027959861,0.545190171519294,"TSS_more_sig"
-0.1,"eld vs kin","944",0.0371137530759549,0.000690240530976716,1.43046512601333,3.16099954249061,1.76958778883072,1.91623124290434,0.29532878845376,0.295830483348349,"TSS_more_sig"
-0.1,"eld vs kin","947",7.42821909406795e-09,2.82249423692499e-11,8.12911529530093,10.5493669361609,3.91625764524297,4.1741677806825,0.412240537794424,0.437601965048939,"TSS_more_sig"
-0.1,"eld vs kin","965",0.0373816077896215,0.0296239708434947,1.42734202347232,1.52835672839973,-3.01904899143364,-2.88537871658748,0.587219775671014,0.597704552669299,"TSS_more_sig"
-0.1,"eld vs kin","978",1.31037211580905e-22,1.47280032560882e-22,21.882605357097,21.8318561284896,5.9059110791917,6.06879822860541,0.417083724139811,0.42449172783408,"CLR_more_sig"
-0.1,"eld vs kin","984",1.06293581191622e-11,3.66933483242086e-16,10.9734929606623,15.4354126563995,4.69983801903846,4.84800968864066,0.428611910776039,0.417821233007226,"TSS_more_sig"
-0.1,"eld vs kin","988",0.0118183268899454,3.18630616700304e-05,1.92744400178772,4.49671249587592,2.95212772045306,3.10180470780765,0.53529884356749,0.533290213640371,"TSS_more_sig"
-0.1,"eld vs kin","991",7.48585233125864e-05,3.80839834057636e-06,4.12575874419355,5.41925763274907,-3.98105270086669,-3.88981348057557,0.559994007871621,0.572353268461246,"TSS_more_sig"
-0.1,"eld vs kin","1000",0.026061959093804,0.019718154658358,1.58399294120788,1.70513373134167,-2.43750814603291,-2.31100120421611,0.565554443973022,0.565392434372178,"TSS_more_sig"
-0.1,"eld vs kin","1014",3.26730924652495e-08,2.25295583974426e-08,7.48580975817737,7.64724732081205,-4.5191554768263,-4.3919501683355,0.517094405677213,0.516018324745516,"TSS_more_sig"
-0.1,"eld vs kin","1020",0.0405098247861948,0.00338049285434294,1.39243963523047,2.47101997773488,2.12980316270136,2.29163864521052,0.410040170819631,0.423669317497924,"TSS_more_sig"
-0.1,"eld vs kin","1021",1.08360444563926e-06,4.71844247198488e-06,5.96512922188117,5.32620133557185,-4.05777062401423,-3.90198726307139,0.547983492358352,0.554897565859779,"CLR_more_sig"
-0.1,"eld vs kin","1030",5.70718730299748e-06,1.59717002195353e-10,5.24357787419654,9.79664884988162,3.87498438202703,3.99857161646926,0.434528230499082,0.42713873762245,"TSS_more_sig"
-0.1,"eld vs kin","1043",0.0443628200094447,0.00577695105647789,1.35298085486701,2.23830131187552,2.13072815746276,2.30568083401386,0.419508911495048,0.431601742725103,"TSS_more_sig"
-0.1,"eld vs kin","1047",0.00291084624588887,0.00530705001150012,2.53598073386918,2.27514681973519,-1.91424776431041,-1.79746106374908,0.273490047767851,0.291741032337609,"CLR_more_sig"
-0.1,"eld vs kin","1074",1.02089891600482e-14,9.625758000487e-18,13.9910172573202,17.0165650610437,4.99060041067691,4.98978882286605,0.403428975115034,0.394466423279911,"TSS_more_sig"
-0.1,"eld vs kin","1076",9.87516654901129e-08,1.42825475768159e-11,7.00545557107298,10.8451943205799,4.27932682317114,4.48809048931947,0.417180075875598,0.429866746110564,"TSS_more_sig"
-0.1,"eld vs kin","1079",0.00298549036124203,0.00190157848008107,2.52498432661456,2.72088574610682,-2.63457489463576,-2.48235985584305,0.472124318496064,0.490757859020961,"TSS_more_sig"
-0.1,"eld vs kin","1082",0.0071741356926652,0.000383120287189662,2.14423041327221,3.41666485041513,2.80743642599508,2.88441809078949,0.498712405107137,0.491172582671503,"TSS_more_sig"
-0.1,"eld vs kin","1089",4.60508534919181e-05,1.15220871445052e-10,4.33676231631631,9.93846884441633,2.7787607267634,2.8899114175057,0.280828009535339,0.288873676299859,"TSS_more_sig"
-0.1,"eld vs kin","1098",9.67558817028949e-20,2.96757649241008e-25,19.0143226251362,24.5275980778313,6.76721174858514,6.87131863998865,0.448266735648184,0.448348608350064,"TSS_more_sig"
-0.1,"eld vs kin","1101",0.0184150079733314,0.00537685222807866,1.73482808876817,2.26947189906536,-2.80173210391636,-2.87911952018724,0.58915721428612,0.596823675350179,"TSS_more_sig"
-0.1,"eld vs kin","1104",0.000812864776353748,0.000294013998600837,3.0899816952028,3.53163199145734,-2.98333577443366,-2.94434980263032,0.461328082256967,0.467977736374255,"TSS_more_sig"
-0.1,"eld vs kin","1105",9.6418685126454e-10,9.71862066737513e-09,9.01583879534025,8.0123953687214,-4.87432792143083,-4.69119390321137,0.503005252253749,0.512397014993615,"CLR_more_sig"
-0.1,"eld vs kin","1108",0.033410719719408,0.00614825162195049,1.47611416887546,2.21124836697118,2.24599880934969,2.3539662227472,0.425078721296629,0.432086259481556,"TSS_more_sig"
-0.1,"eld vs kin","1112",8.41804519234579e-06,9.99342645700363e-07,5.07478874706819,6.00028557921864,-3.8557921131741,-3.80841988349727,0.534631168589499,0.541156918523301,"TSS_more_sig"
0,"cent vs mage","4",8.09054772630558e-05,2.8441324306393e-07,4.09202207585869,6.54605018552425,2.1741686758874,1.97547512551852,0.199485819458272,0.182828579837889,"TSS_more_sig"
0,"cent vs mage","7",2.02940806946706e-09,3.49622087131882e-10,8.69263061708749,9.45640113891951,4.13738442517967,3.94773408591448,0.41936494420141,0.41700993696766,"TSS_more_sig"
0,"cent vs mage","8",0.00424452439855899,0.000941739301365714,2.37217096564454,3.02606930490142,2.24318714465577,2.05149445338574,0.30956919931428,0.314530203556165,"TSS_more_sig"
0,"cent vs mage","9",0.0135219947398169,0.00340137532242323,1.8689592373445,2.46834544349688,1.9858186328821,1.78997684705783,0.264169240689083,0.271673000034817,"TSS_more_sig"
0,"cent vs mage","11",0.00837798662550498,0.000799815817948068,2.07686033727559,3.09701001108068,2.20063806040216,1.99041017296072,0.311551021546662,0.296027169924347,"TSS_more_sig"
0,"cent vs mage","14",3.51962244908314e-06,6.45481911214176e-08,5.45350392091789,7.19011592376153,2.66769064460071,2.4696274661591,0.263195610145448,0.259357659790217,"TSS_more_sig"
0,"cent vs mage","19",0.000688686737275667,0.000378752020253199,3.16197828057422,3.42164504196825,2.48658532867657,2.27696080754102,0.334083686243469,0.342181052271323,"TSS_more_sig"
0,"cent vs mage","20",4.19935318651467e-06,2.92875795068469e-07,5.37681759749735,6.5333165194163,2.6509897430148,2.45561162764655,0.264826845736467,0.268932976955257,"TSS_more_sig"
0,"cent vs mage","21",3.18384454380758e-07,4.99233203414913e-09,6.49704814552443,8.30169653794836,2.82892311837432,2.6333138270774,0.264784177312263,0.260751493632683,"TSS_more_sig"
0,"cent vs mage","23",0.00346540209846989,0.00083545136372159,2.46024636595406,3.07807882773606,2.10742643330698,1.91495696117354,0.261322559279593,0.266728904327223,"TSS_more_sig"
0,"cent vs mage","24",3.5856702938011e-09,8.45432513888524e-09,8.4454296467777,8.07292105396283,4.48005893542095,4.25536946328766,0.480265426734195,0.488125827308173,"CLR_more_sig"
0,"cent vs mage","26",2.51501180123742e-05,3.74350835116308e-06,4.59945997275507,5.42672119369395,3.05114482424819,2.86288977815731,0.372134615165596,0.371367831028562,"TSS_more_sig"
0,"cent vs mage","30",0.0491438780396342,0.0351154722567733,1.3085305754758,1.45450148652061,1.66180464867277,1.45632882490191,0.237557753855034,0.238679310246777,"TSS_more_sig"
0,"cent vs mage","32",0.00184196015825054,0.000134080498742576,2.73471976786288,3.87263438325477,2.11500948709554,1.90827688196638,0.225348342203689,0.228137202580087,"TSS_more_sig"
0,"cent vs mage","36",0.0376596293816851,0.00822579759070269,1.42412395830451,2.08482198122636,1.70713065178543,1.51074005913115,0.204525680672782,0.203192561454725,"TSS_more_sig"
0,"cent vs mage","39",1.05799696757782e-06,8.44913988173691e-08,5.97551557707031,7.0731874997637,3.58151224395967,3.37477978343908,0.421482529105267,0.418179098187564,"TSS_more_sig"
0,"cent vs mage","42",1.25045179967657e-06,1.12180731279789e-06,5.90293304406777,5.95008173325375,3.44464481717222,3.22972981363707,0.41414198212852,0.412631554436131,"TSS_more_sig"
0,"cent vs mage","47",0.0411127233241212,0.01090082244217,1.38602375441728,1.96254073429594,2.48328558388347,2.33896320395276,0.498442598591122,0.499893530195847,"TSS_more_sig"
0,"cent vs mage","55",0.0060228890370325,0.000773884290035012,2.22019513799967,3.11132396949272,2.45763382495383,2.24595446671951,0.366225304041963,0.356187212663268,"TSS_more_sig"
0,"cent vs mage","56",1.75195525407331e-05,7.80924641266e-06,4.75647699015265,5.10739087324357,2.95460760252223,2.76913861299499,0.366537220026068,0.372696106246917,"TSS_more_sig"
0,"cent vs mage","61",0.044146605100509,0.0247982834603553,1.35510268829943,1.60557838004057,1.85618524296924,1.65210403474765,0.283645490170346,0.280249627682858,"TSS_more_sig"
0,"cent vs mage","69",0.000906004685440812,0.000232126646609525,3.04286955634545,3.63427500253749,2.67402585895736,2.44595736827458,0.394826458724687,0.382929726593958,"TSS_more_sig"
0,"cent vs mage","90",0.000700354072887238,7.02490539187891e-05,3.15468234138017,4.15335952025727,2.32372721800287,2.15988489050726,0.29195766153917,0.282614010211142,"TSS_more_sig"
0,"cent vs mage","92",0.0225746327666254,0.00268342900851027,1.64637930585279,2.57130988970807,1.88884791118391,1.69774087710983,0.246042285123838,0.23969674685203,"TSS_more_sig"
0,"cent vs mage","95",0.0362645957666451,0.0337873341874856,1.44051715915891,1.47124607260322,2.05704893788265,1.8622815486961,0.370002810830633,0.373518676541748,"TSS_more_sig"
0,"cent vs mage","100",0.0291346259129349,0.0125351341684269,1.53559055385635,1.90187101325777,-2.71995406530684,-2.88119424178127,0.565751296623522,0.562606505153328,"TSS_more_sig"
0,"cent vs mage","106",4.82845258515666e-06,1.0198452583936e-05,5.31619202895912,4.99146571894781,2.7458367439116,2.55233494983354,0.325715561521157,0.336987090849131,"CLR_more_sig"
0,"cent vs mage","114",3.54098486999478e-06,4.88292195300904e-07,5.45087592890182,6.31132021727811,-3.60693543548619,-3.89543451868447,0.451223224818321,0.487838144264606,"TSS_more_sig"
0,"cent vs mage","119",0.0339348721759497,0.00290153110191511,1.46935378234652,2.5373727698116,1.83891777957121,1.65615930364195,0.248031216396562,0.240901192336585,"TSS_more_sig"
0,"cent vs mage","132",7.72674831490035e-09,2.2251081819788e-08,8.1120032338958,7.65264886931483,-4.32542912584369,-4.51235510319446,0.486053252530256,0.488032128875752,"CLR_more_sig"
0,"cent vs mage","142",3.41712377118005e-06,8.77374969915205e-05,5.46633929039439,4.05681475947149,3.67879960407452,3.36530508787874,0.532131341426492,0.538564976562169,"CLR_more_sig"
0,"cent vs mage","143",1.03725821306637e-08,1.47664393768121e-08,7.98411311771829,7.83072421324756,-3.88398396502522,-4.03935360313679,0.448939842114983,0.445811758817845,"CLR_more_sig"
0,"cent vs mage","148",0.00737279352986197,0.00417669619419787,2.1323679280523,2.37916711343057,-2.63609408573758,-2.85220952506498,0.471768514593804,0.498266709009151,"TSS_more_sig"
0,"cent vs mage","155",0.00599314374584723,0.0123164314460195,2.2223453056041,1.90951510611639,2.59801593836966,2.44358477614595,0.480377865425207,0.465387855595288,"CLR_more_sig"
0,"cent vs mage","168",3.30246172324882e-05,4.13371026456644e-06,4.48116220731772,5.38365996672897,3.52164228348333,3.23954531078971,0.433146425264555,0.458764893840153,"TSS_more_sig"
0,"cent vs mage","169",0.0174851620177785,0.005589334392742,1.75733033915678,2.25263990709936,-2.45688231390139,-2.59316934165581,0.416687318445501,0.442354908683167,"TSS_more_sig"
0,"cent vs mage","210",1.38523225138206e-08,8.01213834861203e-11,7.85847740563383,10.0962515601872,-4.34094281357506,-4.46538627483797,0.451445605030716,0.452787884363393,"TSS_more_sig"
0,"cent vs mage","212",0.00185929450799938,0.0136646937707884,2.73065181352628,1.86440009651044,2.3492791987331,2.11744034856728,0.376357954169393,0.375224649852061,"CLR_more_sig"
0,"cent vs mage","219",1.42481834990755e-07,1.6819772972301e-05,6.84624050033013,4.77417987046096,-3.83887315984371,-4.1473276895001,0.458981346075757,0.469649047455711,"CLR_more_sig"
0,"cent vs mage","289",0.0194893787372178,0.0025484754502671,1.71020200466373,2.59371954565969,-2.51981459454357,-2.8158782947164,0.47375813764218,0.485447942228259,"TSS_more_sig"
0,"cent vs mage","294",0.0001623107512969,9.47942241016894e-05,3.78965271200204,4.02321812381366,2.92112381247679,2.66039256086865,0.394289271460195,0.385620517969882,"TSS_more_sig"
0,"cent vs mage","353",0.00299723575596895,7.31767696949205e-06,2.52327909506253,5.1356267658611,-3.33813920599285,-3.43133699559669,0.455393238946013,0.450394054096851,"TSS_more_sig"
0,"cent vs mage","652",0.000686462117801706,0.00175735671100699,3.16338342417176,2.75514007578519,2.30770230465769,2.09671613205619,0.301775158669459,0.317693778415455,"CLR_more_sig"
0,"cent vs mage","671",0.00196664765233811,0.000533737601064723,2.70627344198831,3.27267220068208,2.53966447948096,2.3322786542423,0.358635320398361,0.360050759814099,"TSS_more_sig"
0,"cent vs mage","675",0.0013162488238724,0.00611939139518645,2.88066200386796,2.21329176851709,-3.03117451563703,-3.17168491657899,0.463657631336265,0.474382346524049,"CLR_more_sig"
0,"cent vs mage","728",0.000293477659948303,2.96894236649046e-05,3.53242495244172,4.52739823290517,2.51979538217118,2.31290901949528,0.306608027532739,0.309476249568682,"TSS_more_sig"
0,"cent vs mage","762",0.0075892324949503,0.00139960239476421,2.11980214242625,2.85399532309683,2.54266632479598,2.33016783114,0.379314148725075,0.381941559018295,"TSS_more_sig"
0,"cent vs mage","770",0.0168552487303961,0.0132010648760814,1.77326483427671,1.87939103461591,-2.11475571594741,-2.3208998292503,0.333249865238709,0.356749798699721,"TSS_more_sig"
0,"cent vs mage","788",0.0356731572636623,0.0290976219255782,1.44765845159503,1.53614250334403,2.48989306286016,2.36412691239167,0.523380452942931,0.53823170480993,"TSS_more_sig"
0,"cent vs mage","798",0.0453828414185847,0.0144109621447824,1.343108316433,1.84130702264052,2.25198774707283,2.0366389945186,0.409996282988822,0.436776667215933,"TSS_more_sig"
0,"cent vs mage","829",0.00526904860418242,0.00105870010643461,2.27826779527218,2.97522704325931,2.57634627588684,2.36038544096792,0.386896163957518,0.393171517241165,"TSS_more_sig"
0,"cent vs mage","834",0.021847781358282,0.0106684619689534,1.66059265904952,1.97189818662452,2.21449729414002,1.98020424336748,0.403965225997832,0.395714434454037,"TSS_more_sig"
0,"cent vs mage","848",0.00485104685993316,0.000542595789391179,2.31416453017458,3.26552358073895,2.36186656179465,2.15092954761472,0.32140430153993,0.337953111717119,"TSS_more_sig"
0,"cent vs mage","854",0.000204010551550451,0.00012095500063143,3.69034737001709,3.91737617193424,3.42780619959659,3.19149541064424,0.466575897132002,0.468220066099657,"TSS_more_sig"
0,"cent vs mage","857",0.00207667816422394,0.000167588217760601,2.68263080357645,3.77575651757582,2.47131744353533,2.3165123538746,0.331941398070061,0.338149313427902,"TSS_more_sig"
0,"cent vs mage","886",0.0008528659760917,0.00721564081147901,3.06911921082189,2.1417250937415,3.23727358738442,3.0360118610839,0.527036231937201,0.531048443594428,"CLR_more_sig"
0,"cent vs mage","921",7.17846367740373e-07,4.83829093874836e-07,6.14396849277987,6.31530801995638,-3.80306037156012,-4.03276047392546,0.466967320340007,0.481171852046915,"TSS_more_sig"
0,"cent vs mage","947",0.0378534846642909,0.0239726950499985,1.42189413463649,1.62028313911826,2.62174217070129,2.3442064248007,0.409178862517542,0.410709917572694,"TSS_more_sig"
0,"cent vs mage","978",5.38327773034586e-06,2.52076677448032e-05,5.26895321378542,4.59846733411006,3.29864098011769,3.18574686240351,0.445257425409179,0.441099763724279,"CLR_more_sig"
0,"cent vs mage","984",0.00202072030050806,0.00197268896779735,2.69449379551605,2.70494138419418,2.6945842720211,2.54198325563538,0.419564402749551,0.412233815695403,"TSS_more_sig"
0,"cent vs mage","989",0.0209867916175311,0.0219144643539765,1.67805394966459,1.65926914015742,2.40836415165922,2.24158557660639,0.379255567451662,0.37237243320813,"CLR_more_sig"
0,"cent vs mage","1004",0.049879071360048,0.0212359948589505,1.30208164073802,1.67292738846978,-2.25307934864341,-2.62442208759988,0.452179352278657,0.475169091734583,"TSS_more_sig"
0,"cent vs mage","1019",0.00106171288756206,0.000583005669446184,2.97399291094355,3.23432722191814,-2.63831022602957,-2.84676444944943,0.383941548447832,0.392897137158891,"TSS_more_sig"
0,"cent vs mage","1030",0.0140113277885056,0.0183821323711743,1.8535207066916,1.73560411083246,2.48649846415513,2.17167389844401,0.417669827108902,0.416254881830583,"CLR_more_sig"
0,"cent vs mage","1043",5.1918411882454e-05,0.00017314333351815,4.28467860051499,3.76159422529279,2.77627355518608,2.5508419346755,0.32086261552975,0.328843536458542,"CLR_more_sig"
0,"cent vs mage","1058",0.0125339030060251,0.0038965204162825,1.90191367042359,2.40932304388121,-2.63907766677692,-2.81777105932975,0.450420129061071,0.450787091694685,"TSS_more_sig"
0,"cent vs mage","1074",2.18878992729567e-05,2.61015436222638e-05,4.65979591855737,4.58333380810969,3.19606746146311,3.09366683539246,0.389806678599589,0.377243127414422,"CLR_more_sig"
0,"cent vs mage","1076",0.013906633224607,0.000691326906447533,1.85677799933618,3.16031654004467,2.6223485852159,2.38545998330967,0.421765380912567,0.413062584455275,"TSS_more_sig"
0,"cent vs mage","1087",1.23794772697645e-06,7.58936096948467e-06,5.90729769325207,5.11979479052221,3.86314071143431,3.67837160219703,0.490571873541093,0.503513857006674,"CLR_more_sig"
0,"cent vs mage","1091",0.0409717512810432,0.0230199708413438,1.38751547233101,1.63789523081272,2.74487708347484,2.56441603066089,0.471785467955433,0.472077101952647,"TSS_more_sig"
0,"cent vs mage","1098",9.22769133748949e-11,1.13532969564452e-11,10.0349069408812,10.9448780026057,4.50370694045272,4.29756511088914,0.438113815156379,0.444229391311738,"TSS_more_sig"
0,"cent vs mage","1104",0.0357252554237946,0.00774924884679672,1.44702465746357,2.11074039265517,-2.48023412706995,-2.60873256166729,0.443888465449999,0.448782002586045,"TSS_more_sig"
0,"eld vs kin","3",0,1.9167591125413e-11,29.5146915184006,10.71743246337,-4.68713672022079,-4.73284857883093,0.432015393222515,0.445971856104542,"CLR_more_sig"
0,"eld vs kin","4",8.97532627442921e-07,2.56304589430507e-09,6.04694975482668,8.59124361720046,2.53382373045877,2.481765708753,0.22768792536609,0.219968787052426,"TSS_more_sig"
0,"eld vs kin","5",1.07187819265478e-06,0.000833373050243489,5.96985456470252,3.07916054793896,-2.73872157841441,-2.77946026359381,0.385839700534832,0.385807036105321,"CLR_more_sig"
0,"eld vs kin","7",9.36604157443124e-28,3.05709181019794e-29,27.0284439187826,28.5146915184006,7.6147457886042,7.5360743562252,0.470759080714763,0.460607401560925,"TSS_more_sig"
0,"eld vs kin","8",0.0334443569406256,0.0178921610645888,1.47567715013212,1.74733720097852,2.05583688633344,1.98717203510752,0.382147697209679,0.39356706929061,"TSS_more_sig"
0,"eld vs kin","10",9.71146316923355e-05,0.00600317609911849,4.01271533255828,2.22161891672181,-2.67474422834423,-2.71560349213379,0.480028087638367,0.470672639238769,"CLR_more_sig"
0,"eld vs kin","11",6.15546926655035e-07,1.74085621025763e-08,6.21073883272377,7.759237098883,3.24672537080547,3.17227107436169,0.350198954084511,0.344527857437675,"TSS_more_sig"
0,"eld vs kin","12",0.00152958713757922,0.0355351442633383,2.81542577706971,1.44934191709662,-1.93658268567795,-1.97928646923864,0.379406305909383,0.368912623439158,"CLR_more_sig"
0,"eld vs kin","14",3.23897122968499e-07,2.97390054313344e-09,6.48959290961395,8.52667355978535,2.87004725639062,2.81426598762547,0.281140276183843,0.276041180845952,"TSS_more_sig"
0,"eld vs kin","15",0.00065277386690525,3.55653169737904e-05,3.18523724041538,4.44897331632492,2.96229542813637,2.90320868125409,0.443018919745904,0.422262516116339,"TSS_more_sig"
0,"eld vs kin","16",2.16658620009706e-09,7.92241583101416e-11,8.66422402738578,10.1011423661257,3.02852357883758,2.97559607640248,0.261954504774887,0.266442795728777,"TSS_more_sig"
0,"eld vs kin","21",5.40022478490711e-16,1.26902331361117e-18,15.2675881622487,17.8965303992767,4.0990132311899,4.05416328352762,0.295685818688201,0.293525242136736,"TSS_more_sig"
0,"eld vs kin","23",0.000459495051002191,6.01640521025858e-05,3.33771916182741,4.22066292131054,2.4173488160269,2.36987443173002,0.297470804899365,0.3113570588254,"TSS_more_sig"
0,"eld vs kin","25",9.19976275461965e-05,1.45275445854121e-05,4.03622337218576,4.83780778302608,3.05377184212063,3.00803098305869,0.414553311500255,0.423364277734571,"TSS_more_sig"
0,"eld vs kin","26",0.00178158446539397,0.000572676250248142,2.74919358280781,3.24209082736345,2.45696733976721,2.38164268916895,0.366425097847547,0.362243436297752,"TSS_more_sig"
0,"eld vs kin","29",0.000286772545731448,1.70238452513672e-05,3.54246242834613,4.76894233715189,2.44338793726887,2.41437080863224,0.29002381679934,0.292652207165847,"TSS_more_sig"
0,"eld vs kin","31",7.35499309558052e-05,1.48938400765651e-05,4.13341773062546,4.82699331372873,3.54495931624838,3.59937929092033,0.513018240812235,0.538882162852516,"TSS_more_sig"
0,"eld vs kin","32",0.0330529597984126,0.0216596270535226,1.48078964460305,1.66434902554965,1.77553977837596,1.72410081902539,0.277454370811911,0.291655557926489,"TSS_more_sig"
0,"eld vs kin","33",7.80169645867143e-07,0.000161717828883838,6.10781095083126,3.79124209784849,-3.14775404478919,-3.22041900312618,0.453832293522782,0.460436084739685,"CLR_more_sig"
0,"eld vs kin","36",0.00170132034268657,0.000123105916367886,2.76921390510437,3.90972107473577,2.13643002380418,2.08291121406789,0.256845507795004,0.261431501278815,"TSS_more_sig"
0,"eld vs kin","38",0.0035886677621054,0.0414142455860436,2.44506674667184,1.38285024546774,-1.78185119229531,-1.81691933926505,0.370996459084387,0.378184208959575,"CLR_more_sig"
0,"eld vs kin","47",0.00692698082863463,0.00112634762212182,2.15945601433078,2.94832755347217,2.89340082094391,2.87272168874718,0.53937530460988,0.543418963174744,"TSS_more_sig"
0,"eld vs kin","49",0.0328270021791161,0.0255635262088911,1.48376877601307,1.592379240207,2.00615978068479,1.93967964623719,0.353348480089196,0.358666115583596,"TSS_more_sig"
0,"eld vs kin","55",0.004151019609837,0.00220486011736563,2.38184521496552,2.65661895820669,2.5175904616534,2.4510949548673,0.42182415170577,0.413175567362924,"TSS_more_sig"
0,"eld vs kin","57",0.000956344872223223,0.00716763507290347,3.01938546641165,2.14462411409632,-2.36996716825683,-2.42671870144743,0.456452951979269,0.471966469739112,"CLR_more_sig"
0,"eld vs kin","58",0.0355967314048745,0.0462379128047332,1.44858987837537,1.33500177834716,1.86718584764497,1.81686667244735,0.355781761543292,0.374192658505835,"CLR_more_sig"
0,"eld vs kin","61",0.0149480815145479,0.00320831389600856,1.82541454253087,2.49372314767111,2.2383943454499,2.18061877218562,0.361396745167326,0.362750362810959,"TSS_more_sig"
0,"eld vs kin","62",0.00348663924925558,0.0405373288012057,2.45759298527746,1.39214487244413,-1.58808816824678,-1.65148367303825,0.306355792158231,0.318541552947228,"CLR_more_sig"
0,"eld vs kin","65",1.34558660880387e-06,0.000442614326492448,5.87108834359694,3.35397453298463,-2.61410278283376,-2.68491779122822,0.373580607539156,0.365509557383384,"CLR_more_sig"
0,"eld vs kin","67",1.36800640260226e-12,6.77750934078662e-11,11.8639118700075,10.1689298752009,-5.42269738334053,-5.41696397599328,0.564879400703487,0.566774660756182,"CLR_more_sig"
0,"eld vs kin","70",0.0171707359346649,0.00914191238063349,1.76521109065652,2.03896294546079,2.63000035019042,2.60356252779236,0.514309458640815,0.522102918259856,"TSS_more_sig"
0,"eld vs kin","71",0.00734383049935139,0.028135910044539,2.13407735550587,1.55073903320486,2.80633197655143,2.58270038821663,0.539215859022831,0.527998354715359,"CLR_more_sig"
0,"eld vs kin","74",2.55425682510961e-06,5.05836512841298e-07,5.59273543748753,6.29598982514352,3.81939816578883,3.75031681463655,0.493683267106139,0.487797470318806,"TSS_more_sig"
0,"eld vs kin","77",0.0032832183228881,0.000842389348637364,2.48370023719968,3.07448713310612,2.37671346144319,2.32269690502312,0.358836432060496,0.36620248926044,"TSS_more_sig"
0,"eld vs kin","79",5.56655639802047e-08,3.64426812598816e-06,7.25441338648326,5.43838967743085,-3.64658041391397,-3.74363615369553,0.462135416767864,0.48370415720927,"CLR_more_sig"
0,"eld vs kin","80",0.00136088705869487,9.5318965427916e-05,2.86617791581128,4.02082068004133,2.49083648869784,2.44227281891498,0.359552646464418,0.348211901345935,"TSS_more_sig"
0,"eld vs kin","82",2.32909366254544e-05,2.40609540076816e-05,4.63281304632632,4.61868715704364,-3.72651988539344,-3.86203752051338,0.59166201216016,0.597161102707982,"CLR_more_sig"
0,"eld vs kin","83",8.24113024031547e-07,0.000115367550549212,6.08401322234766,3.93791632808799,-3.37801837076725,-3.34909030849308,0.498783521455949,0.520775555048588,"CLR_more_sig"
0,"eld vs kin","84",1.59741116677374e-08,6.49224070313956e-07,7.79658328393806,6.1876053868576,-3.71699519658103,-3.73981466106894,0.451395277101442,0.468151115263419,"CLR_more_sig"
0,"eld vs kin","85",0.00341143006906774,0.0258843453745144,2.46706352689889,1.58696281402503,-2.20932538786897,-2.26229760692741,0.468308097676668,0.483084753867258,"CLR_more_sig"
0,"eld vs kin","87",0.000828110584153709,0.0149778044417075,3.08191166456663,1.82455184409548,-2.76000844481746,-2.84596091238604,0.523424469156948,0.529886869385191,"CLR_more_sig"
0,"eld vs kin","88",0.0290397133751196,0.041099841869448,1.53700767448084,1.38615984905722,-2.34243590118795,-2.41022363717509,0.609455111986049,0.597723891899382,"CLR_more_sig"
0,"eld vs kin","89",6.12478075387385e-13,5.04484866965603e-13,12.2129094529368,12.2971518567648,4.94958430814314,4.91537470812223,0.447931629558729,0.444263630945734,"TSS_more_sig"
0,"eld vs kin","91",6.63690514837534e-08,8.09498592180438e-07,7.17803438905248,6.09178390220251,-4.24785976992235,-4.27195865823575,0.565198631450889,0.57946105320761,"CLR_more_sig"
0,"eld vs kin","100",1.62947338881657e-06,0.00311551106167201,5.78795272767168,2.50647070243696,-3.68328381824923,-3.58563735004991,0.537157725443999,0.551315017845369,"CLR_more_sig"
0,"eld vs kin","102",0.000343971734640628,0.00449210426406187,3.4634772434574,2.34755017209419,-2.77863275407403,-2.80207214845408,0.526250382380245,0.542478634186104,"CLR_more_sig"
0,"eld vs kin","103",0.00923874784084504,0.0061848114898974,2.03438688621082,2.20867353292168,2.27115842229352,2.27837697455078,0.43626079997707,0.45410177612037,"TSS_more_sig"
0,"eld vs kin","108",0.00580274625955811,0.0482144566369558,2.23636641969621,1.31682272324874,-2.70403346073927,-2.71073338077558,0.629655543721304,0.634256035686559,"CLR_more_sig"
0,"eld vs kin","110",0.00293837576548388,0.0154918410384492,2.53189266653045,1.80989696795232,-2.35861840300668,-2.40050384226961,0.496407743004899,0.519209626804071,"CLR_more_sig"
0,"eld vs kin","111",9.85490522010964e-06,4.98131452120752e-05,5.00634754820659,4.30265603596036,-3.11749104816072,-3.1556270886516,0.44746048180447,0.46044658836294,"CLR_more_sig"
0,"eld vs kin","115",0.00307356830377232,0.0233509425133144,2.51235713112884,1.63169558533039,-2.53716797109496,-2.58061168147122,0.546160527444653,0.557903320330399,"CLR_more_sig"
0,"eld vs kin","118",0.00071914539610329,0.00722539856357699,3.1431832955119,2.14113819159037,-2.14035139227978,-2.21148127211804,0.393033576147932,0.389060892073147,"CLR_more_sig"
0,"eld vs kin","119",0.000402284696572784,3.45930723779423e-05,3.39546648823512,4.46101086448083,2.4975132930149,2.4373274151569,0.311111163277151,0.317137249797578,"TSS_more_sig"
0,"eld vs kin","121",6.35336855376546e-11,1.27366673014979e-09,10.1969959508627,8.8949441953848,4.63830268180994,4.63458947229985,0.483906359146352,0.504711115029033,"CLR_more_sig"
0,"eld vs kin","124",0.00183751101124001,0.000766608402681416,2.73577004973686,3.11542642481794,2.68829641630229,2.53775203285121,0.444760972977136,0.427221208815236,"TSS_more_sig"
0,"eld vs kin","125",0.0292514787800604,0.00123874423597513,1.53385217369167,2.90701835332606,2.9576056299272,2.83576634444966,0.528559147033077,0.527841030332126,"TSS_more_sig"
0,"eld vs kin","128",0.00678675590135597,0.012661307811492,2.16833777075852,1.89752143286687,-2.53905824915328,-2.706955473986,0.556429990176739,0.572861826234353,"CLR_more_sig"
0,"eld vs kin","130",0.0016026466661174,0.00594485401170734,2.79516221555592,2.22585880592139,-3.22277901663745,-3.207861259053,0.568576868429186,0.596530691237852,"CLR_more_sig"
0,"eld vs kin","133",0.00252579852390645,0.0371560224062678,2.59760129489129,1.42997078389983,-2.42281121369687,-2.41466794803915,0.462820478578974,0.492225488906432,"CLR_more_sig"
0,"eld vs kin","138",1.37693097329051e-08,2.5164512842649e-09,7.86108783074557,8.59921147265,3.8736753267815,3.89555839301883,0.433946215941988,0.43551039136448,"TSS_more_sig"
0,"eld vs kin","139",3.20906888462655e-07,1.38934888578368e-06,6.49362096040773,5.85718868288389,-3.87536784633886,-3.85311242347689,0.5328491597516,0.526237407183039,"CLR_more_sig"
0,"eld vs kin","145",0.0249723493541095,0.0270882156012016,1.60254059807597,1.56721960257391,-2.22524498474039,-2.29218446122109,0.51094638283528,0.530942279488264,"CLR_more_sig"
0,"eld vs kin","147",0.00457824438231,0.00864272451459837,2.33930102881831,2.06334932984344,-2.70290298191715,-2.94760780251966,0.556434707265711,0.565537263081462,"CLR_more_sig"
0,"eld vs kin","151",8.94532052384461e-15,4.75566869752648e-16,14.0484040934149,15.3227884080163,5.45841185446859,5.47489232228417,0.483188772008448,0.49109985739389,"TSS_more_sig"
0,"eld vs kin","162",0.00605357691713136,0.0403859184977794,2.21798793504379,1.39377003550195,-2.81859342749769,-2.75039119138413,0.604734934273924,0.596677707658466,"CLR_more_sig"
0,"eld vs kin","163",0.00101024846672238,0.00529702307544916,2.99557180002366,2.27596813514097,-2.81488356171575,-2.87241496072613,0.566977252487049,0.572229001600472,"CLR_more_sig"
0,"eld vs kin","164",6.9528870412207e-05,2.61908320940339e-05,4.15783482624117,4.58185070363255,3.29724046698278,3.25542357004961,0.477309826677839,0.459231818344266,"TSS_more_sig"
0,"eld vs kin","169",5.5219861397963e-06,0.00214810473103192,5.25790468777599,2.66794454839127,-3.28691370251858,-3.40721003254357,0.503762065366847,0.530937074477723,"CLR_more_sig"
0,"eld vs kin","172",6.7504390607006e-05,0.00974462285548985,4.17066797895591,2.01123496464787,-2.70026496905145,-2.70363954511798,0.446216753194158,0.455203437791033,"CLR_more_sig"
0,"eld vs kin","181",0.000910198833350448,0.0106674180929608,3.04086372548727,1.97194068307486,-2.62002125673951,-2.53582159669481,0.47782143658487,0.506003447251249,"CLR_more_sig"
0,"eld vs kin","200",0.0174056408653052,0.0246000400201583,1.75930998162176,1.60906418637143,-2.04692953425852,-2.21723984906617,0.506433700987002,0.536765515700523,"CLR_more_sig"
0,"eld vs kin","203",0.00137279506513764,0.0330232468411043,2.86239429067496,1.48118022920002,-2.14614798675525,-2.19430149162362,0.433546352779252,0.443085455789544,"CLR_more_sig"
0,"eld vs kin","206",0.0302876510301413,0.00185985423091822,1.51873440722857,2.73052109298029,2.73026595841356,2.93378867400639,0.53643637510656,0.544880111290124,"TSS_more_sig"
0,"eld vs kin","207",2.02638207398181e-05,3.30373082062218e-07,4.69327866510717,6.48099534509281,3.65175351623339,3.65633063442381,0.45206083671785,0.467776204608942,"TSS_more_sig"
0,"eld vs kin","216",0.00551798906019123,0.042557059002351,2.25821916487591,1.37102839253592,-2.27784862331399,-2.38933262359041,0.503192723605393,0.523691670269894,"CLR_more_sig"
0,"eld vs kin","222",0.000267005346011051,8.44310963487676e-05,3.57348004305544,4.07349757131983,3.35092861545377,3.35041255653707,0.499678717494686,0.512496156098366,"TSS_more_sig"
0,"eld vs kin","223",0.00704267156624677,0.0186314394868911,2.15226256438242,1.72975358970587,2.67209763392172,2.54440719139942,0.529677327534204,0.527272481002575,"CLR_more_sig"
0,"eld vs kin","246",0.00227282345137553,0.000198039550268897,2.64343429813832,3.70324806858554,3.12253994978342,2.97855275659957,0.485491307636049,0.490340897808887,"TSS_more_sig"
0,"eld vs kin","251",0.00315364117589643,0.0101304803889029,2.50118772260932,1.99436995984179,-2.77312077090727,-2.78317674771831,0.579634705409756,0.587513837267678,"CLR_more_sig"
0,"eld vs kin","252",0.00076352068654913,0.0172121715737193,3.11717919183293,1.76416433345004,-2.42292333857152,-2.43731115625324,0.472146992210432,0.474974747390588,"CLR_more_sig"
0,"eld vs kin","265",0.00416406162109307,0.00132648824171623,2.38048285228766,2.87729659534648,2.77697322487914,2.72303822232004,0.480809441683866,0.474699470752708,"TSS_more_sig"
0,"eld vs kin","267",0.00248079725434669,0.00520129059018843,2.6054087274313,2.28388888200869,-3.21435221453067,-3.22065320005455,0.602360890596844,0.603773924459231,"CLR_more_sig"
0,"eld vs kin","282",2.63988091810999e-05,0.00265525549418422,4.57841566319613,2.57589368385716,-2.93117868882421,-2.8974633729828,0.498134786147499,0.483892482492537,"CLR_more_sig"
0,"eld vs kin","294",0.00583123907019386,0.00748456326849992,2.23423915293025,2.12583353608434,2.71441955894024,2.6142687047669,0.445141761576075,0.443535533151808,"CLR_more_sig"
0,"eld vs kin","329",0.000679606660090414,0.00392907960774606,3.16774237373127,2.40570917178514,2.6677134684529,2.74295513825209,0.424371268699347,0.438879224363606,"CLR_more_sig"
0,"eld vs kin","344",0.000224342331368012,2.78901557627353e-06,3.64908877124558,5.55454906025143,3.08699599103375,3.05264236660766,0.416724085196765,0.415694948851073,"TSS_more_sig"
0,"eld vs kin","349",0.00688658354081054,0.037586457077352,2.16199617974107,1.42496860922292,-2.2153895072465,-2.37387247592677,0.482154254034479,0.49161787960218,"CLR_more_sig"
0,"eld vs kin","435",0.00225900749525407,0.0170456791722817,2.64608232811369,1.76838568995296,2.86168715857064,2.63697597074594,0.563615664751149,0.543028134535201,"CLR_more_sig"
0,"eld vs kin","473",0.000746935518616073,0.00989581061566316,3.12671688830234,2.00454862475318,-2.69649509549045,-2.6153900567074,0.526212806671971,0.52905428766621,"CLR_more_sig"
0,"eld vs kin","614",0.000582204731330847,0.00165667063724306,3.23492426955587,2.78076382510262,-2.82924808780473,-2.86718588883148,0.489634657577244,0.490504538072775,"CLR_more_sig"
0,"eld vs kin","616",3.23055838794933e-05,0.00396042314922808,4.49072240527076,2.40225840964091,-2.57772532960148,-2.64278159209909,0.417371201495516,0.444317711181837,"CLR_more_sig"
0,"eld vs kin","666",1.23520474405672e-08,2.70818631485648e-08,7.90826104900826,7.56732146083969,-3.76072466110336,-3.85090959344984,0.421057842684041,0.42491905883335,"CLR_more_sig"
0,"eld vs kin","670",0.0358854319653323,0.0195151996809186,1.4450818216476,1.7096270006278,2.27062859181221,2.12093325599748,0.462893022717893,0.423444382243651,"TSS_more_sig"
0,"eld vs kin","728",4.452924987393e-11,4.14369727516068e-13,10.3513546207986,12.3826119802246,4.15120011355307,4.13569626295604,0.387151805847169,0.389084115702465,"TSS_more_sig"
0,"eld vs kin","744",1.25512660121831e-06,5.93619001556981e-05,5.90131246586624,4.22649220587716,-3.53251983037455,-3.6410702289038,0.521340153910046,0.526345812479531,"CLR_more_sig"
0,"eld vs kin","757",0.00617406794685545,0.0414019285013737,2.20942859532979,1.38297942897576,-1.96012143043415,-1.99946881062578,0.434471721486868,0.43894056324056,"CLR_more_sig"
0,"eld vs kin","770",4.09954502293412e-05,0.00538270345377443,4.38726433962012,2.2689995458646,-2.56402412459689,-2.63039680643916,0.41188862784787,0.439607985141797,"CLR_more_sig"
0,"eld vs kin","786",5.23304811937544e-07,8.36320685964136e-07,6.2812452717799,6.07762716103062,-3.773320604547,-3.77544114966317,0.496303981907153,0.508805674569311,"CLR_more_sig"
0,"eld vs kin","825",0.00645790624647473,0.0364471846825547,2.18990826420183,1.43833601258749,2.18960693842305,2.1531199166348,0.438638038370252,0.460744448661932,"CLR_more_sig"
0,"eld vs kin","849",2.50206651930625e-06,0.00378836560718742,5.60170114844611,2.42154811480024,-2.72873801463471,-2.76977196848452,0.402425793394411,0.435628676201125,"CLR_more_sig"
0,"eld vs kin","854",0.00122304272821873,0.000117469784270713,2.91255837018737,3.93007382881393,3.27263987477372,3.3224191330623,0.462331403218642,0.463533022547014,"TSS_more_sig"
0,"eld vs kin","875",0.0113000725662485,0.039667670246895,1.94691876757675,1.40156330566725,-2.45265401596063,-2.42998641504363,0.543044424147592,0.559095111727234,"CLR_more_sig"
0,"eld vs kin","879",3.70967837858728e-05,0.00124248076971969,4.43066374118267,2.90571032426002,-2.57095532451598,-2.63655878154078,0.420715537042858,0.413831680567796,"CLR_more_sig"
0,"eld vs kin","886",3.1767974915252e-09,5.8206890669475e-09,8.49801046887328,8.23502559949808,4.70170628120096,4.61783891869126,0.516755471298568,0.524863135362315,"CLR_more_sig"
0,"eld vs kin","888",0.000648546707927842,0.000344185347872866,3.18805874083688,3.46320762172899,2.84533445676322,2.78020682400722,0.436041892914161,0.440942347835435,"TSS_more_sig"
0,"eld vs kin","891",2.31179008802458e-05,0.00308992133186444,4.63605160266991,2.51005257739461,-3.33034237888533,-3.3086658922387,0.549224573657241,0.577035475192019,"CLR_more_sig"
0,"eld vs kin","895",3.29921686664079e-05,0.00584531927129456,4.48158913614006,2.23319176269296,-3.12655602158255,-3.2074940480157,0.497598784727939,0.513535232134203,"CLR_more_sig"
0,"eld vs kin","914",0.00140742099659179,0.0157425083973961,2.85157597424373,1.80292606636372,-2.90680128292778,-2.71969823055104,0.55086361995433,0.553285907482399,"CLR_more_sig"
0,"eld vs kin","926",0.0277856347399684,0.0209610282560511,1.5561796776651,1.67858741658452,2.24386212851185,2.06247851946363,0.440531411506363,0.426046660197365,"TSS_more_sig"
0,"eld vs kin","929",0.0462068120487207,0.0479521512383778,1.33529399377103,1.31919190465599,2.2171233367143,2.2389343741395,0.462813560478056,0.486001872880484,"CLR_more_sig"
0,"eld vs kin","935",0.00927644872416401,0.0408088836640907,2.03261825165599,1.38924528528447,-2.43545161154235,-2.31829681048441,0.530222335711634,0.550194216047325,"CLR_more_sig"
0,"eld vs kin","944",0.0301162472408613,0.0019006186656782,1.52119914615413,2.7211050099123,2.01221597147562,1.98214401262503,0.29506228569567,0.292345260051946,"TSS_more_sig"
0,"eld vs kin","947",5.55029701346213e-09,3.43364747143271e-11,8.25568377582215,10.4642442953925,4.27570655798108,4.17496566057095,0.429292782771425,0.432027427131326,"TSS_more_sig"
0,"eld vs kin","965",0.00469175582155713,0.0220984459447552,2.32866459845545,1.65563826664739,-2.77611744900439,-2.77865737481952,0.60397503802236,0.59822325727618,"CLR_more_sig"
0,"eld vs kin","978",5.44157786583256e-23,1.11795960228253e-20,22.2642751519444,19.9515738894932,6.12097847376205,5.96926033142416,0.418101357761969,0.406309729349866,"CLR_more_sig"
0,"eld vs kin","984",1.56078723893572e-13,1.87666940075772e-14,12.8066562944096,13.7266122271508,4.96844042910328,4.85192586518767,0.422305992725546,0.419240374838512,"TSS_more_sig"
0,"eld vs kin","988",0.000417737642957117,0.00210779841330029,3.37909638805315,2.6761709267506,3.17142777971405,3.1870342839755,0.531933451599172,0.522625347739803,"CLR_more_sig"
0,"eld vs kin","991",6.9211133085917e-05,0.000514115165909824,4.15982404067496,3.28893958466866,-3.79758226405661,-3.81716498390207,0.553525599738858,0.562642237031924,"CLR_more_sig"
0,"eld vs kin","1014",6.02034055043568e-08,5.37217516154906e-07,7.22037894146778,6.26984983545715,-4.26580380066386,-4.2811324351628,0.522846108330951,0.515527023779662,"CLR_more_sig"
0,"eld vs kin","1020",0.00514182907331307,0.00400847915132415,2.28888236443971,2.3970203708887,2.43655760932775,2.39277785998678,0.423281001170323,0.417931672742508,"TSS_more_sig"
0,"eld vs kin","1021",5.49538951487335e-07,0.00017947683649418,6.26000151922506,3.74599159406001,-3.83229312959571,-3.78989227543844,0.552534906218024,0.550118270466832,"CLR_more_sig"
0,"eld vs kin","1027",0.0378797312538361,0.00933022231906326,1.42159311085646,2.03010800782991,2.43970669342309,2.4301594017995,0.505481073010423,0.506496500653154,"TSS_more_sig"
0,"eld vs kin","1030",2.07507333847474e-09,2.68580387026338e-10,8.68296654958705,9.57092570468753,4.28226929748574,4.046581151531,0.439880961319369,0.426995321471338,"TSS_more_sig"
0,"eld vs kin","1043",0.00753791296338011,0.0108356346463874,2.12274888144491,1.9651456468405,2.37759466850861,2.38539534189599,0.417336753546331,0.41730323528001,"CLR_more_sig"
0,"eld vs kin","1047",0.000475527828494979,0.0334722933397983,3.32282406251591,1.47531453112298,-1.6561930729855,-1.71424622060633,0.274016838266453,0.29165571479206,"CLR_more_sig"
0,"eld vs kin","1059",0.00852549248935592,0.0438515852586682,2.06928052386252,1.35801470203232,2.74158625301768,2.64652289028892,0.579192228173044,0.590680127450469,"CLR_more_sig"
0,"eld vs kin","1074",1.74914626700047e-16,5.45952810261402e-18,15.7571738724566,17.2628448941611,5.02919722086565,4.93133116174747,0.390481730819521,0.389927870509007,"TSS_more_sig"
0,"eld vs kin","1076",7.22483983496245e-11,1.01311586801555e-11,10.1411717761926,10.9943408824165,4.66025408913065,4.44736562429748,0.438060679479719,0.423806781219777,"TSS_more_sig"
0,"eld vs kin","1079",0.00153729969887048,0.0371642922459413,2.8132414578889,1.42987413345457,-2.37348450854148,-2.41373263651445,0.484037165564219,0.502445083226617,"CLR_more_sig"
0,"eld vs kin","1082",0.00964802806603993,0.000531570729415423,2.01556144184276,3.27443894120438,3.04170736745043,2.97519171377134,0.497826343217373,0.504061516916821,"TSS_more_sig"
0,"eld vs kin","1089",1.50500707125643e-08,1.98553192721277e-09,7.82246145953829,8.70212312511944,3.03466220639365,2.96005913441509,0.282469114101816,0.287264083824507,"TSS_more_sig"
0,"eld vs kin","1098",8.53260577865994e-24,1.04844280574991e-27,23.06891831907,26.9794552560186,6.98518695713852,6.91495109026757,0.441633712382832,0.434912197610875,"TSS_more_sig"
0,"eld vs kin","1101",0.00635110016667084,0.0388697995234714,2.19715103771135,1.41038769929862,-2.53220280557729,-2.70620487364007,0.56798581735404,0.588758870434159,"CLR_more_sig"
0,"eld vs kin","1104",0.000187084668071228,0.00533630997181474,3.72796180226427,2.27275895136685,-2.7390195546477,-2.83951108124159,0.468452575548211,0.475624632934281,"CLR_more_sig"
0,"eld vs kin","1105",1.0254538981822e-07,3.57339064510128e-07,6.98908385963997,6.44691950388204,-4.51100477536171,-4.61237226811022,0.497105198648828,0.520167317611451,"CLR_more_sig"
0,"eld vs kin","1108",0.00473858830687222,0.00193043777701359,2.32435102158555,2.71434419224514,2.51008592400414,2.46561164229279,0.434185951035938,0.44129916086476,"TSS_more_sig"
0,"eld vs kin","1112",1.10078730772516e-05,0.00068652346038851,4.95829658657287,3.16334461714072,-3.60084757237283,-3.69162347249358,0.52933896226315,0.547123498477454,"CLR_more_sig"
0.1,"cent vs mage","4",7.36008825535967e-07,1.66785227752906e-07,6.1331169779742,6.77784241766412,2.17276462738286,1.88947070420505,0.19952949143082,0.182897765543474,"TSS_more_sig"
0.1,"cent vs mage","7",1.57126809011611e-10,1.72424267054045e-10,9.80374970921537,9.76340161144637,4.14244538670317,3.85495150246612,0.419189041615141,0.41517405999498,"CLR_more_sig"
0.1,"cent vs mage","8",0.000256507376613289,0.0011436442324393,3.59090014097563,2.94170905589116,2.23840238795641,1.9648371913125,0.308441302920038,0.314768982461504,"CLR_more_sig"
0.1,"cent vs mage","9",0.00120128801592569,0.00302631562836304,2.92035285543536,2.51908577938354,1.9859835508345,1.70728951725184,0.262503968029517,0.271203771824709,"CLR_more_sig"
0.1,"cent vs mage","11",0.000373430988714799,0.00137910131735948,3.42778964549402,2.86040382667854,2.19113980565005,1.90430459741976,0.310440903656121,0.296666099069263,"CLR_more_sig"
0.1,"cent vs mage","14",4.13024604320116e-08,8.70252211252062e-08,7.38402407618336,7.06035486452934,2.67250819009251,2.38989344529589,0.262796683068652,0.259400555846475,"CLR_more_sig"
0.1,"cent vs mage","19",6.73337524560506e-05,0.000505415929249588,4.17176718197427,3.29635107449331,2.4880134026843,2.19761065206627,0.334236834484901,0.34319148171558,"CLR_more_sig"
0.1,"cent vs mage","20",4.1310008928628e-08,1.85468716434708e-07,7.38394471115623,6.73172933362595,2.64508575522373,2.36421182462017,0.265422823393865,0.268800847623315,"CLR_more_sig"
0.1,"cent vs mage","21",1.87653598348613e-09,2.75148313796963e-09,8.72664310336407,8.56043314434989,2.8306453596094,2.54839111278038,0.264438988257462,0.260696931826885,"CLR_more_sig"
0.1,"cent vs mage","22",0.0301771777634255,0.0339855016091516,1.52032137884417,1.46870631572321,-1.64058779411485,-1.91446367209775,0.326785196653211,0.321373535631413,"CLR_more_sig"
0.1,"cent vs mage","23",0.000216934106752392,0.000641390713454328,3.66367216209422,3.19287733240998,2.10816361258525,1.81953695457269,0.262033951258622,0.266943223927141,"CLR_more_sig"
0.1,"cent vs mage","24",1.09965355117272e-09,1.82568130991324e-09,8.9587441189445,8.73857503043009,4.44515779966211,4.17342509464667,0.482494875061146,0.493699048475039,"CLR_more_sig"
0.1,"cent vs mage","26",2.79495769888433e-07,1.61581711442712e-06,6.55362476068637,5.79160779621605,3.0534449276412,2.75751593983607,0.373195230153868,0.370722310543056,"CLR_more_sig"
0.1,"cent vs mage","32",2.55390055042827e-05,6.58537583557719e-05,4.59279601828683,4.18141943426947,2.11619595845848,1.82619370872339,0.226044430391698,0.228370518116555,"CLR_more_sig"
0.1,"cent vs mage","36",0.00253214404630254,0.00869125393660287,2.5965115922033,2.06091756089762,1.70990070149101,1.41649113954343,0.204286968959209,0.203800063839929,"CLR_more_sig"
0.1,"cent vs mage","39",5.73714866628909e-08,1.47990107445434e-07,7.24130389613247,6.82976731450674,3.56389949699368,3.28294626131218,0.422367690533413,0.414188549122852,"CLR_more_sig"
0.1,"cent vs mage","42",1.09360371041397e-07,7.52403615531602e-07,6.9611400249494,6.12354912619761,3.42734407552162,3.13214874482733,0.413927601475737,0.412579000861352,"CLR_more_sig"
0.1,"cent vs mage","47",0.0161554070418759,0.0481724768550342,1.79168209528709,1.31720102325543,2.48374458900408,2.187313915737,0.492975145277681,0.494446112196389,"CLR_more_sig"
0.1,"cent vs mage","51",0.0236146603250877,0.0352710118882845,1.62681829696431,1.45258208070125,-1.8130021503456,-2.11478635568799,0.366647776604175,0.394272755053958,"CLR_more_sig"
0.1,"cent vs mage","55",0.00024843829675162,0.000557151512659031,3.60478145686131,3.25402668604007,2.45680416545533,2.17606937868511,0.365855643984525,0.35722621033675,"CLR_more_sig"
0.1,"cent vs mage","56",9.92172927307821e-06,1.45566338202972e-05,5.00341262741194,4.83693904276258,2.97401997183125,2.70691324660968,0.367679583428092,0.379318161279594,"CLR_more_sig"
0.1,"cent vs mage","57",0.0169124372082785,0.0344717095906899,1.77179380281997,1.46253717764828,-2.06720421572159,-2.31352714307084,0.432130402543916,0.455217311828838,"CLR_more_sig"
0.1,"cent vs mage","61",0.00326578075034395,0.0216115748401217,2.48601297517559,1.66531358483103,1.84305887102058,1.56669183257033,0.280652913246977,0.281585855911093,"CLR_more_sig"
0.1,"cent vs mage","69",7.63759478882223e-05,0.000636840751128664,4.11704338676484,3.1959691540894,2.63300080192991,2.38395654427125,0.391543956700226,0.38518630809457,"CLR_more_sig"
0.1,"cent vs mage","90",7.23298013428042e-05,0.000128157645295699,4.14068272771143,3.89225548069554,2.34784294349971,2.06535201502995,0.290533538273969,0.282318554658092,"CLR_more_sig"
0.1,"cent vs mage","92",0.000385078019848705,0.0018878615811751,3.41445127008371,2.72402985152926,1.9060155714372,1.61920100971728,0.246107233209748,0.240894139311616,"CLR_more_sig"
0.1,"cent vs mage","95",0.00767956831238354,0.033572418376287,2.11466319205429,1.47401737338865,2.04280819169478,1.80997443214124,0.369023445595184,0.375632448236233,"CLR_more_sig"
0.1,"cent vs mage","100",0.00379583187309636,0.00604681296590449,2.42069303180943,2.21847346435781,-2.69701907053116,-3.00265552406828,0.560543956437276,0.562348877219716,"CLR_more_sig"
0.1,"cent vs mage","106",3.4726313093745e-06,5.9337261984183e-05,5.45934132345684,4.22667249732816,2.72011516164386,2.40313695307035,0.323547424601786,0.338514262149373,"CLR_more_sig"
0.1,"cent vs mage","114",3.4092741002374e-08,1.54563543573447e-06,7.46733808077899,5.81089293403965,-3.7318555539344,-4.00589134418969,0.468058350524221,0.498184517323584,"CLR_more_sig"
0.1,"cent vs mage","119",0.00157263828633686,0.013108041378422,2.80337115551547,1.88246219634123,1.82860472004233,1.52475932769736,0.24668059935303,0.239568336955298,"CLR_more_sig"
0.1,"cent vs mage","132",3.40963000888816e-10,1.23223919494079e-11,9.46729274529377,10.9093049813276,-4.43888689689664,-4.669483251943,0.477962266966343,0.493246981050681,"TSS_more_sig"
0.1,"cent vs mage","142",2.23377750587258e-05,0.000253737656997763,4.65096008671903,3.59561507470687,3.6606238875581,3.28291023680223,0.529879209235436,0.547776221395425,"CLR_more_sig"
0.1,"cent vs mage","143",6.1334318224866e-08,1.21471101984632e-06,7.2122964578592,5.91552702857882,-3.8375400549568,-4.20263039736116,0.45096323901226,0.451841713874444,"CLR_more_sig"
0.1,"cent vs mage","146",0.0165683100678337,0.0265995898803588,1.78072178642936,1.57512505938661,-1.93089899839519,-2.28351720673154,0.392196134263256,0.425936032911027,"CLR_more_sig"
0.1,"cent vs mage","148",0.000435351682286943,0.0049624150073613,3.36115977299952,2.30430691844547,-2.67449283515306,-3.01936412427454,0.482052136414601,0.503640396779415,"CLR_more_sig"
0.1,"cent vs mage","155",0.000946922937706125,0.0117108029135771,3.02368536322565,1.931413327901,2.55445614083662,2.32732751062868,0.476588698185493,0.470809181169657,"CLR_more_sig"
0.1,"cent vs mage","168",2.91055258110936e-08,5.49748732088375e-05,7.53602455048342,4.25983576360002,3.51749924310453,3.32316901751384,0.444158846381102,0.431025652522882,"CLR_more_sig"
0.1,"cent vs mage","169",0.000730569153366214,0.00407263953092057,3.13633866884139,2.39012402759139,-2.46600981065808,-2.69275336318476,0.416473225476601,0.437409363541346,"CLR_more_sig"
0.1,"cent vs mage","210",5.26934052322622e-09,3.53791027418396e-09,8.27824373489096,8.45125318553622,-4.40913669931476,-4.57845869213945,0.461758965483887,0.468087576342525,"TSS_more_sig"
0.1,"cent vs mage","212",0.00119725660542821,0.0122542048615418,2.92181275821677,1.91171486355903,2.29092933367343,2.01558854672505,0.387136505390352,0.368581713107149,"CLR_more_sig"
0.1,"cent vs mage","219",4.95481636368182e-09,7.2774351285575e-10,8.30497243678265,9.13802165719593,-4.01992495450313,-4.09622368874128,0.469553255937825,0.468857019281759,"TSS_more_sig"
0.1,"cent vs mage","287",0.0494904959039047,0.0355570108900101,1.30547819445616,1.4490747552535,-1.97637907036464,-2.34089617625883,0.430665560123061,0.466909552976321,"TSS_more_sig"
0.1,"cent vs mage","289",0.00518175270719816,0.00201144006443228,2.28552331702791,2.69649290372117,-2.46612596811886,-2.84429996493299,0.462633052608843,0.487416208916162,"TSS_more_sig"
0.1,"cent vs mage","294",0.000506683581297782,0.000345817146145981,3.29526316846895,3.46115347753989,2.83912202131952,2.54647901223957,0.387828437208698,0.376207132727758,"TSS_more_sig"
0.1,"cent vs mage","353",6.41308062767981e-06,1.44218359910877e-05,5.19293329993364,4.84097944765809,-3.30633563281758,-3.46240164250579,0.435224343774827,0.453850535363147,"CLR_more_sig"
0.1,"cent vs mage","363",0.0259165936520083,0.044078463182569,1.58642208055421,1.35577355578433,-2.00721857337315,-2.21713905467905,0.436968035888305,0.439455285488327,"CLR_more_sig"
0.1,"cent vs mage","464",0.0296326881956341,0.0374371331845488,1.52822894873683,1.42669741553758,-2.05178920429882,-2.45002614167662,0.470555502189957,0.471495819400005,"CLR_more_sig"
0.1,"cent vs mage","528",0.0291637689297922,0.0377507976338385,1.53515635142263,1.42307386776155,-2.05562894912015,-2.20317058707796,0.425357882375552,0.425393802915154,"CLR_more_sig"
0.1,"cent vs mage","531",0.0412863731415053,0.0338712661212256,1.38419326664851,1.4701685689537,-2.13419593856747,-2.33862361304763,0.451148448518645,0.467293169983292,"TSS_more_sig"
0.1,"cent vs mage","546",0.0113418369911992,0.019036930156265,1.94531659883554,1.72040308345596,-2.13885231516805,-2.33719681485818,0.436146999566317,0.426289414445554,"CLR_more_sig"
0.1,"cent vs mage","652",6.58568982095654e-05,0.000369273336048098,4.1813987279544,3.43265205012114,2.32334822120239,2.04072706011539,0.301299488455802,0.315027723842298,"CLR_more_sig"
0.1,"cent vs mage","671",0.000173235968777265,0.000663437187239635,3.76136193091171,3.1782001888908,2.545827070085,2.22086932409864,0.356528868951824,0.360339610611447,"CLR_more_sig"
0.1,"cent vs mage","675",0.00075663246012185,0.000169642255534907,3.12111503107208,3.77046596186753,-2.8486641917063,-3.26109492648657,0.459583147149674,0.474047039521658,"TSS_more_sig"
0.1,"cent vs mage","728",3.50125055506034e-06,6.79563894296082e-05,5.45577680931879,4.16776970355892,2.49916813983856,2.20879894734609,0.307045873562412,0.306693693500334,"CLR_more_sig"
0.1,"cent vs mage","762",0.000155317895218884,0.00175769652765671,3.80877850340167,2.75505610522413,2.56262380784018,2.22893315835834,0.383154043225131,0.38088745639901,"CLR_more_sig"
0.1,"cent vs mage","769",0.0159606704511234,0.0107689751960284,1.79694886943218,1.96782562333954,-2.01071130604779,-2.37498924635321,0.432094004473295,0.450338721278741,"TSS_more_sig"
0.1,"cent vs mage","770",0.00064679766486605,0.00529426201286305,3.1892315566964,2.27619456928234,-2.09549467785915,-2.3755498078068,0.326933298416967,0.353052762769987,"CLR_more_sig"
0.1,"cent vs mage","788",0.00440767860903161,0.0431614131385553,2.35579008008475,1.36490434461402,2.5544237421297,2.23315214728899,0.51606919439506,0.542311973599757,"CLR_more_sig"
0.1,"cent vs mage","816",0.0334044564855601,0.0380044154073136,1.47619559013517,1.4201659434981,-1.75000581345049,-2.12190365230669,0.386509809409776,0.429824260504005,"CLR_more_sig"
0.1,"cent vs mage","819",0.033675365626524,0.0486769120681845,1.47268768027551,1.31267698003696,-1.94733768895941,-2.29170766084552,0.42881873707224,0.448166760677561,"CLR_more_sig"
0.1,"cent vs mage","829",7.69009303601686e-05,0.00106541447294341,4.11406840600035,2.9724814079109,2.56006072568541,2.29099314868471,0.38271515002673,0.394952491647964,"CLR_more_sig"
0.1,"cent vs mage","834",0.00481152748980438,0.0173457025200896,2.31771702859869,1.76080810606004,2.19503525054273,1.95200260864336,0.401545402336466,0.391927532241014,"CLR_more_sig"
0.1,"cent vs mage","848",0.000246900990011834,0.00181186238798022,3.60747716865124,2.74187479032937,2.37093024140633,2.08215554487335,0.327452680331798,0.345351096494415,"CLR_more_sig"
0.1,"cent vs mage","849",0.0203086137685256,0.0349186445114505,1.69231971978704,1.45694262328901,-1.86425435213003,-2.14074946911417,0.38079887631836,0.415935568694574,"CLR_more_sig"
0.1,"cent vs mage","854",2.08421440370053e-06,0.000280505182440184,5.68105760708339,3.55205911057758,3.39532733180025,2.99047106516622,0.461386367005879,0.473175962750938,"CLR_more_sig"
0.1,"cent vs mage","857",3.5080361455919e-06,0.000503742730915358,5.45493594046272,3.29779120774141,2.5316925921211,2.17362611461241,0.329881304803491,0.336981756576998,"CLR_more_sig"
0.1,"cent vs mage","884",0.0320542293613951,0.0365042971286523,1.49411465983833,1.43765600925816,-1.7944528202069,-2.03904182374692,0.400643167146772,0.394531834689946,"CLR_more_sig"
0.1,"cent vs mage","886",3.40911459864916e-05,0.00127975449806039,4.46735839955596,2.89287333532382,3.26565322207014,2.98162544986114,0.530558939641546,0.529310442826151,"CLR_more_sig"
0.1,"cent vs mage","912",0.00788771096469187,0.0334057372752672,2.10304901195367,1.47617893878689,-2.2662950509307,-2.48019617456216,0.45977444274726,0.462968630850901,"CLR_more_sig"
0.1,"cent vs mage","917",0.0198052951962468,0.00667462097252666,1.70321868008899,2.17557339126883,-2.36436016308445,-2.76093632715069,0.470237141293399,0.509071961552343,"TSS_more_sig"
0.1,"cent vs mage","921",1.52394225248467e-08,1.2106136479538e-07,7.8170314896253,6.91699443434085,-3.7828453001161,-4.00222978333662,0.470795628073317,0.462942163109372,"CLR_more_sig"
0.1,"cent vs mage","947",0.00170524066856316,0.0110979778343579,2.76821431834138,1.9547561469237,2.54723273996946,2.23011097862045,0.420238395661451,0.413337210655767,"CLR_more_sig"
0.1,"cent vs mage","966",0.018547984613762,0.0437682798522362,1.73170327303939,1.35884052136408,-2.3343055981762,-2.60038439555515,0.515762800917953,0.529160794111913,"CLR_more_sig"
0.1,"cent vs mage","975",0.0454150029868484,0.0187343492966859,1.34280065291297,1.72736138673172,-1.89703504711524,-2.30153413848661,0.432301298898682,0.43582195785875,"TSS_more_sig"
0.1,"cent vs mage","978",3.23804376569026e-06,0.000106129447311177,5.48971728557977,3.97416409743365,3.28541905997787,3.02178730601098,0.449955047661584,0.455592783930629,"CLR_more_sig"
0.1,"cent vs mage","984",0.000220897328969653,0.0276787299039564,3.65580953546742,1.55785384226292,2.67123984168158,2.50772057655664,0.421751760920054,0.416128397059014,"CLR_more_sig"
0.1,"cent vs mage","989",0.000480035039639506,0.00911048706565201,3.3187270606105,2.04045840411696,2.45241354659048,2.10547229787997,0.372486728856567,0.378025108594883,"CLR_more_sig"
0.1,"cent vs mage","1004",0.00819480901433024,0.00713433980485518,2.08646116350764,2.14664620928712,-2.35846957261828,-2.64698390979392,0.456454858881452,0.455749282093894,"TSS_more_sig"
0.1,"cent vs mage","1017",0.000490131239134428,0.0330822647622855,3.30968761629713,1.48040476695215,2.29332782963758,1.99858613898576,0.390879652604523,0.39682128779761,"CLR_more_sig"
0.1,"cent vs mage","1019",0.000102130327121405,0.00233087813546387,3.99084527705348,2.63248043196166,-2.63552060428339,-2.95235545138745,0.391451888565269,0.395497422877675,"CLR_more_sig"
0.1,"cent vs mage","1030",0.00153336920772236,0.0176757370207945,2.8143532622553,1.75262246848491,2.49336167252513,2.23478320363566,0.408400786753935,0.403363686560343,"CLR_more_sig"
0.1,"cent vs mage","1040",0.0234061729601881,0.0168752779229336,1.63066959006857,1.77274906593975,-1.95985712971311,-2.15706281194724,0.456427422836402,0.448850899646447,"TSS_more_sig"
0.1,"cent vs mage","1043",0.000309503798968371,0.000271895136352811,3.50933401591406,3.56559856098193,2.77144981804033,2.46422509501741,0.314463370928118,0.333144362793155,"TSS_more_sig"
0.1,"cent vs mage","1058",0.00133620395661684,0.0190484705211267,2.87412724659645,1.72013988985196,-2.60706620246561,-2.89914431620295,0.46834395088894,0.450539392941682,"CLR_more_sig"
0.1,"cent vs mage","1074",7.36395537000898e-07,2.47649824314567e-05,6.13288885224537,4.60616197577457,3.3045017633593,3.01501346798484,0.369845701120979,0.388340592113389,"CLR_more_sig"
0.1,"cent vs mage","1076",0.000564233519063313,0.0113126061457788,3.24854111755706,1.94643733279803,2.58487984668668,2.2733389659952,0.418009877454562,0.422214870897928,"CLR_more_sig"
0.1,"cent vs mage","1079",0.0074267511123704,0.0135693181541357,2.12920113005442,1.8674419746937,-2.0601944215664,-2.32990018949305,0.398119708307212,0.417547995804554,"CLR_more_sig"
0.1,"cent vs mage","1087",1.60028816745365e-08,1.50803207508851e-06,7.79580180592762,5.82158942114144,3.80478043935547,3.68206454168749,0.484450285870635,0.497736497728106,"CLR_more_sig"
0.1,"cent vs mage","1091",0.0318492470381355,0.00168640132655549,1.4969008305515,2.77303906484308,2.66026973296172,2.49711204087263,0.479531179427848,0.467674303465544,"TSS_more_sig"
0.1,"cent vs mage","1098",9.40577940341552e-10,1.08184047394142e-09,9.02660521111012,8.96583677471443,4.52254212026092,4.20036774808334,0.44887765211207,0.452484956598156,"CLR_more_sig"
0.1,"cent vs mage","1104",0.00238238088290019,0.0184988372388953,2.62298880451646,1.73285556871059,-2.39854399732481,-2.66755830436254,0.434212436419603,0.455896816485594,"CLR_more_sig"
0.1,"eld vs kin","3",0,5.3945181655024e-12,29.2560356544414,11.2680473401208,-4.77473529707757,-4.65753443612608,0.432394820109974,0.446898097786313,"CLR_more_sig"
0.1,"eld vs kin","4",1.36842451440969e-10,1.35668218591882e-10,9.86377915432219,9.86752187751875,2.45894904139613,2.56883439063604,0.227820089811213,0.220641211984012,"TSS_more_sig"
0.1,"eld vs kin","5",5.04679229506991e-07,4.87988925358933e-05,6.29698456864876,4.31159003396057,-2.80442627953815,-2.70448731206519,0.38506704936029,0.384079345216284,"CLR_more_sig"
0.1,"eld vs kin","7",8.03317299340905e-29,5.54580181506137e-29,28.0951128804567,28.2560356544414,7.5225693733846,7.6124535321191,0.466663724387351,0.458951424271489,"TSS_more_sig"
0.1,"eld vs kin","8",0.00484588474722757,0.00578179847417382,2.31462691917877,2.23793704982889,1.96846603714779,2.07077595955955,0.382061988572525,0.394412148265846,"CLR_more_sig"
0.1,"eld vs kin","10",7.20622754488657e-05,0.00111833357897542,4.14229202865136,2.95142863482181,-2.76592598699203,-2.64737855787927,0.483164780426772,0.473611108613751,"CLR_more_sig"
0.1,"eld vs kin","11",1.2539860053329e-09,9.52575582705308e-09,8.90170731026815,8.02110055491791,3.17086703844541,3.25544393855211,0.356292395501013,0.348729627558537,"CLR_more_sig"
0.1,"eld vs kin","12",0.000735837369454798,0.0202930716132581,3.13321816032672,1.69265221202404,-2.00916689195882,-1.90477600025954,0.377934920716914,0.369587797946448,"CLR_more_sig"
0.1,"eld vs kin","14",2.39970645261965e-10,3.52649719384114e-10,9.61984188070697,9.45265645740276,2.78850744562306,2.90204863865772,0.279952173942995,0.277205154847194,"CLR_more_sig"
0.1,"eld vs kin","15",1.20623792098614e-05,1.41420878389528e-05,4.91856702256034,4.84948646960554,2.91758695721163,3.00974612642878,0.448444307183902,0.434951955007379,"CLR_more_sig"
0.1,"eld vs kin","16",5.23407069575968e-13,3.70824284893796e-12,12.2811604157101,11.4308318321057,2.95727169160699,3.05712134608032,0.262254589572404,0.266593048172853,"CLR_more_sig"
0.1,"eld vs kin","21",3.56978441095657e-20,3.69144721228632e-20,19.4473580113273,19.4328033376104,4.03095868532469,4.14335362091975,0.29637934236198,0.294270457764014,"CLR_more_sig"
0.1,"eld vs kin","23",3.35226144297133e-06,6.01420727863527e-06,5.47466211808113,5.2208216080918,2.35498297170201,2.46488656030649,0.301526820924886,0.314487225897013,"CLR_more_sig"
0.1,"eld vs kin","25",1.56859826913622e-06,2.29977649652768e-06,5.80448826854625,5.63831436878295,2.98025365299866,3.09497874292444,0.417168686962131,0.420312648742544,"CLR_more_sig"
0.1,"eld vs kin","26",3.61017454928346e-05,0.000130363786482136,4.44247179976802,3.88484303372074,2.38037659448334,2.48361062412212,0.365875274400413,0.364581542414348,"CLR_more_sig"
0.1,"eld vs kin","29",3.8358061323114e-07,2.2255666126159e-06,6.41614335087443,5.65255940247849,2.38622584124681,2.48597982451989,0.290650758745936,0.291395181498338,"CLR_more_sig"
0.1,"eld vs kin","31",5.66556602958155e-06,2.05710970391991e-06,5.24675669458369,5.68674254713044,3.50771266599227,3.67260521322384,0.516810199401004,0.537649397259636,"TSS_more_sig"
0.1,"eld vs kin","32",0.00228792449900526,0.00579502397077143,2.64055831126294,2.23694476326342,1.6958314437067,1.79925673475618,0.276800342045183,0.291041814485829,"CLR_more_sig"
0.1,"eld vs kin","33",1.9672267625509e-07,2.62605726734256e-05,6.70614557599915,4.58069580733272,-3.24511071343598,-3.13519948740965,0.454302333740174,0.460491482864528,"CLR_more_sig"
0.1,"eld vs kin","36",1.34493773752604e-05,3.60342653029131e-05,4.87129782040117,4.44328432827759,2.06380937700192,2.16334701327099,0.257493002776718,0.262962146765447,"CLR_more_sig"
0.1,"eld vs kin","38",0.00274113685575047,0.035951520257745,2.56206928105535,1.44428274017428,-1.84279320978299,-1.73512773790266,0.370624591255569,0.378269273128462,"CLR_more_sig"
0.1,"eld vs kin","47",0.000446616001326519,0.000415415921097016,3.35006572111384,3.38151686285129,2.84022407410464,2.92980911526348,0.55150811899717,0.54116472693758,"TSS_more_sig"
0.1,"eld vs kin","49",0.00260900407248044,0.00323689820399943,2.58352524299468,2.48987095834734,1.91969083784421,2.0401130523237,0.35276588767997,0.364929876378493,"CLR_more_sig"
0.1,"eld vs kin","55",0.000185898955908002,0.000373052542243446,3.73072304941404,3.42822999607503,2.48097244908073,2.51782885796176,0.426591843018413,0.407230028537539,"CLR_more_sig"
0.1,"eld vs kin","57",0.000323476641380193,0.00857587440083552,3.49015707476638,2.06672158812513,-2.40055728922531,-2.32257955629101,0.447902850418683,0.488778546375431,"CLR_more_sig"
0.1,"eld vs kin","58",0.00978891494628323,0.0110873821026765,2.00926544496476,1.95517098519217,1.80142272229688,1.91653005470515,0.359672335264371,0.374701555555706,"CLR_more_sig"
0.1,"eld vs kin","61",0.000501616827801357,0.00179290534215339,3.29962790260261,2.74644263875105,2.1516161367001,2.27380049576447,0.359642760820296,0.362542084070553,"CLR_more_sig"
0.1,"eld vs kin","62",0.0018486870520195,0.0342489121589655,2.73313660051419,1.46535321835729,-1.66709730598665,-1.57401803126452,0.307622620155509,0.317865109219664,"CLR_more_sig"
0.1,"eld vs kin","65",3.14993683515046e-07,0.000371853033316419,6.50169815491537,3.42962867149206,-2.69349198693277,-2.61078275092216,0.373715133814892,0.368432082400824,"CLR_more_sig"
0.1,"eld vs kin","67",1.29243664381828e-12,6.58942460781316e-12,11.8885907371427,11.1811525065838,-5.38827080686101,-5.33942013611872,0.555745850155332,0.563369242437356,"CLR_more_sig"
0.1,"eld vs kin","68",0.00749778260656698,0.0433975649577373,2.12506715582392,1.36253463811621,-1.722827439202,-1.57504469590574,0.360770414427942,0.377005916174562,"CLR_more_sig"
0.1,"eld vs kin","70",0.00160720635882964,0.00242674575761975,2.79392835799253,2.61497572092665,2.53702279262987,2.65811995169156,0.52189163096803,0.514956413001748,"CLR_more_sig"
0.1,"eld vs kin","71",0.00226084677282706,0.00070215168099002,2.64572887063592,3.15356906009058,2.78103953199653,2.77713645729346,0.533335896333411,0.536712153522778,"TSS_more_sig"
0.1,"eld vs kin","74",8.74308811763987e-08,5.80154202527354e-08,7.05833514453144,7.23645655746145,3.77166058621245,3.85330557669075,0.503394627836507,0.4939596561066,"TSS_more_sig"
0.1,"eld vs kin","77",4.95041643529733e-05,0.000184064718173048,4.30535826612813,3.73502944979693,2.30321120582136,2.37717236072709,0.362034625385825,0.361620654077941,"CLR_more_sig"
0.1,"eld vs kin","79",8.11293812688034e-09,1.48282336614572e-06,8.09082183614552,5.82891057903026,-3.75443253697029,-3.66652088022516,0.4755614010923,0.487890755978346,"CLR_more_sig"
0.1,"eld vs kin","80",2.1291905813885e-05,2.8893190635798e-05,4.67178546362461,4.53920449695785,2.4206320056891,2.5441421331912,0.360754960876651,0.350102522287998,"CLR_more_sig"
0.1,"eld vs kin","81",0.00910484286148393,0.0460091592638509,2.04072754519903,1.33715570262754,-1.45597647370485,-1.34521314968736,0.306399190841276,0.310132535821936,"CLR_more_sig"
0.1,"eld vs kin","82",1.21425448157096e-05,0.00012300551911325,4.91569028495771,3.91007540183983,-3.79105522790791,-3.8113207359808,0.586775109340472,0.602357957764904,"CLR_more_sig"
0.1,"eld vs kin","83",3.36001805851246e-06,9.14874945524056e-05,5.47365838847586,4.03863826569369,-3.43116495037356,-3.38134327409349,0.49854211197197,0.526418578874661,"CLR_more_sig"
0.1,"eld vs kin","84",5.42719483369413e-09,9.00494029193779e-06,8.26542458717685,5.04551916246332,-3.76325471982732,-3.69488720390755,0.452833084247041,0.484250705675935,"CLR_more_sig"
0.1,"eld vs kin","85",0.00198882694349491,0.0122822850178297,2.70140300508824,1.9107208287716,-2.30506340699686,-2.20731725100288,0.471212174440273,0.481920539688533,"CLR_more_sig"
0.1,"eld vs kin","87",0.00179036792020007,0.0026108058243148,2.74705771243151,2.58322542712936,-2.83324063522369,-2.69888265174167,0.516696525255834,0.527051419899929,"CLR_more_sig"
0.1,"eld vs kin","88",0.0240478331065575,0.0472388821276293,1.61892405077715,1.32570038818694,-2.32464298026859,-2.25471229638759,0.596391161757601,0.596850237787665,"CLR_more_sig"
0.1,"eld vs kin","89",1.68364434081646e-14,5.1816145800472e-15,13.7737496451013,14.2855348939329,4.84503345821508,4.94432267636941,0.447964773034261,0.444467211988871,"TSS_more_sig"
0.1,"eld vs kin","91",5.96844036129948e-08,9.7314798080499e-06,7.22413914139548,5.01182111414026,-4.24438387816142,-4.22204389467803,0.562011205131286,0.58479704292256,"CLR_more_sig"
0.1,"eld vs kin","100",1.53189552959326e-06,2.59848719197988e-05,5.81477085119703,4.58527941948618,-3.63040651269641,-3.4826306656802,0.535340653751252,0.559558247309037,"CLR_more_sig"
0.1,"eld vs kin","102",0.000318747292477834,0.00179457676328938,3.49655349555228,2.74603795992201,-2.86158834066166,-2.75431708863166,0.525965820844874,0.543988191633956,"CLR_more_sig"
0.1,"eld vs kin","103",0.00108284376835855,0.00222355351906475,2.96543419843862,2.652952412986,2.24129031370785,2.38113903665163,0.437990456689604,0.457167011278478,"CLR_more_sig"
0.1,"eld vs kin","108",0.00993133294697336,0.0348249649373304,2.00299245818487,1.45810931216262,-2.6792072940219,-2.68901214320396,0.630097705212626,0.647121064301139,"CLR_more_sig"
0.1,"eld vs kin","110",0.00151289231377286,0.00675787339100384,2.82019198354232,2.17018994900733,-2.42536479890421,-2.39462502359153,0.489856623162003,0.518774723304369,"CLR_more_sig"
0.1,"eld vs kin","111",3.71687669399848e-06,0.000118865464774411,5.42982184622316,3.92494430716872,-3.23316543592135,-3.06940053455578,0.441923613796461,0.453773655282757,"CLR_more_sig"
0.1,"eld vs kin","115",0.00209781855186103,0.0338386863174052,2.67823207826512,1.4705865054491,-2.61206137173726,-2.51225774514945,0.546706928229263,0.570058031686137,"CLR_more_sig"
0.1,"eld vs kin","118",0.000353775646747509,0.0104131621465286,3.45127206641555,1.98241736902424,-2.18150984434694,-2.13313808952568,0.392877613116681,0.393497993777104,"CLR_more_sig"
0.1,"eld vs kin","119",2.50311910346049e-06,2.39887710628786e-06,5.60151848529188,5.61999200023064,2.40476873240084,2.46972275749608,0.312196248767584,0.315243397827776,"TSS_more_sig"
0.1,"eld vs kin","121",1.23863477277494e-12,5.25254118298526e-12,11.9070567320026,11.2796305337867,4.58867648479463,4.70991517771512,0.480633347321554,0.505153227450164,"CLR_more_sig"
0.1,"eld vs kin","124",0.000342101860893774,0.0022467006531514,3.4658445634247,2.64845478843754,2.54871012762044,2.65873240437545,0.439053980507044,0.441894076644445,"CLR_more_sig"
0.1,"eld vs kin","125",0.000183920311801165,0.00212186238820569,3.73537030547622,2.67328278536439,2.92782204994686,3.00886723539525,0.534397955623913,0.532373012062729,"CLR_more_sig"
0.1,"eld vs kin","126",0.0215899524950833,0.0478857235632481,1.66574831325381,1.3197939459144,-2.04642716499492,-2.03075637661483,0.507813062626666,0.519860681158591,"CLR_more_sig"
0.1,"eld vs kin","128",0.00123230591040787,0.0369342206813929,2.90928146854287,1.43257106023691,-2.63034409498509,-2.52916954664625,0.548232940901626,0.585469465461053,"CLR_more_sig"
0.1,"eld vs kin","130",9.18634117321679e-05,0.0145698324918454,4.03685742927582,1.83654544124891,-3.23428910102791,-3.10380494672924,0.5648869038154,0.59343749930989,"CLR_more_sig"
0.1,"eld vs kin","133",0.000188870830889585,0.0145207089298218,3.72383510910762,1.83801217999999,-2.54255403263803,-2.37532874989805,0.459259782908499,0.489941024973362,"CLR_more_sig"
0.1,"eld vs kin","138",1.33659202483226e-10,3.20356272454452e-10,9.8740011345498,9.49436676826744,3.8437223396683,4.06023344731879,0.432853921744607,0.445553954187249,"CLR_more_sig"
0.1,"eld vs kin","139",4.1776728442998e-08,5.24667981277941e-06,7.37906557284744,5.28011543852437,-3.93298187855053,-3.79240222108474,0.530249791257485,0.538248791430013,"CLR_more_sig"
0.1,"eld vs kin","145",0.0050198947339935,0.0261289005192159,2.29930538981217,1.58287886461189,-2.38458184204396,-2.2444482667647,0.516527669280688,0.524456304288768,"CLR_more_sig"
0.1,"eld vs kin","147",0.00134529069308949,0.0125935050013646,2.8711838623055,1.89985338101972,-2.84540169152827,-2.69430065750511,0.570720747498167,0.564041957374323,"CLR_more_sig"
0.1,"eld vs kin","150",0.0136531679265003,0.0420052584297699,1.86476656815643,1.37669633902868,-1.79078319207085,-1.65748983078726,0.411572138502156,0.403574314987464,"CLR_more_sig"
0.1,"eld vs kin","151",8.68380857470905e-15,1.22341439158524e-14,14.0612897586704,13.9124264150028,5.39096298700141,5.43933856202575,0.491136970927204,0.479483488314058,"CLR_more_sig"
0.1,"eld vs kin","162",0.00180125161431635,0.0126520508786128,2.74442561695471,1.8978390702928,-2.84009608745453,-2.66197246493016,0.60143357189108,0.604146692497941,"CLR_more_sig"
0.1,"eld vs kin","163",0.000439481919041884,0.00157812047210531,3.35705898776169,2.80185984626382,-2.92191861975199,-2.81418969826287,0.567882037668882,0.571542698700245,"CLR_more_sig"
0.1,"eld vs kin","164",8.71658786859605e-06,1.01904226647479e-05,5.05965348752653,4.99180780253323,3.14386219250945,3.26965425151123,0.45963312084333,0.461545807749704,"CLR_more_sig"
0.1,"eld vs kin","169",1.04825077078647e-06,3.96826234373015e-05,5.97953480958436,4.40139962415189,-3.4169427883629,-3.33705818393843,0.505533379364686,0.525576338992196,"CLR_more_sig"
0.1,"eld vs kin","172",1.42015285694065e-05,0.000710289601114729,4.8476649081852,3.14856454350273,-2.78519934273153,-2.67606976822006,0.442451238304372,0.473604368359587,"CLR_more_sig"
0.1,"eld vs kin","181",0.0013349796884795,0.00286727538689616,2.87452534197609,2.54253059332286,-2.51292981183589,-2.39435324949613,0.469257027484214,0.483801044339811,"CLR_more_sig"
0.1,"eld vs kin","200",0.00580458046009422,0.0437409377584762,2.23622916446123,1.35911191039381,-2.24819487061363,-2.10413824981827,0.5165766184639,0.539185303942799,"CLR_more_sig"
0.1,"eld vs kin","203",0.000794712977906272,0.0338861365996063,3.09978969476333,1.46997794279189,-2.20014515243922,-2.10886552502284,0.42830812942406,0.441948327685958,"CLR_more_sig"
0.1,"eld vs kin","206",0.000938973202688775,8.69446096714524e-05,3.02734680186643,4.06075733789945,2.80632684909818,3.15331864637439,0.542136449122353,0.539344044745566,"TSS_more_sig"
0.1,"eld vs kin","207",1.5580225678126e-08,2.425942803415e-07,7.80742625590254,6.61511944273329,3.5493921883558,3.66122846453674,0.452152610546128,0.471812457204231,"CLR_more_sig"
0.1,"eld vs kin","216",0.00476409402187508,0.018514861313849,2.32201967607705,1.73247953669883,-2.37482616116169,-2.25767747260813,0.510457389101823,0.523353954565577,"CLR_more_sig"
0.1,"eld vs kin","222",1.50328294141153e-05,6.43430788884334e-05,4.82295927069117,4.19149816145916,3.16302005023362,3.28934879193454,0.502455450362649,0.502316961737252,"CLR_more_sig"
0.1,"eld vs kin","223",0.0156800828859373,0.00442756869892787,1.80465164593665,2.35383469149671,2.45322298676005,2.68869473541888,0.518472802514815,0.52682075273035,"TSS_more_sig"
0.1,"eld vs kin","246",0.000200524201855171,0.000545148922232789,3.69783320360319,3.2634848421837,2.85807666784947,3.00900290502198,0.482981712764701,0.464860912969763,"CLR_more_sig"
0.1,"eld vs kin","247",0.0255367465022044,0.0337899367490957,1.59283443464291,1.47121262117404,2.25589487929731,2.23626368160716,0.515173039615267,0.507717282055916,"CLR_more_sig"
0.1,"eld vs kin","251",0.00545932589885559,0.0107768870613074,2.26286097936138,1.96750666840094,-2.72821333821973,-2.77444922755294,0.581910637242154,0.591888549619288,"CLR_more_sig"
0.1,"eld vs kin","252",0.00247292510296279,0.0062563645478881,2.60678903683828,2.20367795359854,-2.40192469623832,-2.34906227325718,0.477049286558464,0.474405178069112,"CLR_more_sig"
0.1,"eld vs kin","265",0.00202665063653768,0.000529662156657544,2.6932211105575,3.27600105546146,2.65151417567345,2.81698763650547,0.479505089702688,0.465022669732134,"TSS_more_sig"
0.1,"eld vs kin","267",0.000405668203950012,0.000409959634197719,3.39182903072359,3.38725890305641,-3.25742971027791,-3.22340339426467,0.596525506872009,0.606808491917538,"CLR_more_sig"
0.1,"eld vs kin","282",7.03978173277888e-05,0.000145981138665468,4.15244080587482,3.83570325313792,-2.94014602834895,-2.84739672295348,0.464931720610809,0.484894312902788,"CLR_more_sig"
0.1,"eld vs kin","294",0.000447890235170068,0.00562712040603484,3.34882840586963,2.24971379195156,2.53837285032298,2.61732185708757,0.44540735872004,0.435910887978801,"CLR_more_sig"
0.1,"eld vs kin","329",0.000155544391068407,7.15273687476398e-05,3.80814564493432,4.14552775090131,2.61853552550085,2.87178769591969,0.428453365193668,0.437416903930722,"TSS_more_sig"
0.1,"eld vs kin","344",2.25462390231237e-06,3.8239784266831e-07,5.64692589315317,6.41748456650026,2.96519530668736,3.15053658290608,0.407224708285297,0.405306040849792,"TSS_more_sig"
0.1,"eld vs kin","349",0.00592875055871249,0.0289462477443749,2.22703682141311,1.5384077251845,-2.35632302720668,-2.20019858705602,0.485863306257667,0.505582818430461,"CLR_more_sig"
0.1,"eld vs kin","363",0.00734189745665939,0.0270344913943755,2.13419168552503,1.56808179648577,-2.28869648882269,-2.2364368715792,0.468228308372627,0.483513007407296,"CLR_more_sig"
0.1,"eld vs kin","435",0.00494192531948233,0.00118605280201025,2.3061038217793,2.92589597613935,2.69464641583978,2.82429304060315,0.561549529007461,0.553395463859839,"TSS_more_sig"
0.1,"eld vs kin","473",0.00187538957266229,0.00742688969398074,2.72690850303836,2.12919302628653,-2.70484687853122,-2.61805808578388,0.523653725446127,0.54451998063948,"CLR_more_sig"
0.1,"eld vs kin","614",0.00214184787530862,0.00265724656452961,2.66921137816344,2.57556814576042,-2.81108151506899,-2.7873926253913,0.511945220779173,0.502311876634358,"CLR_more_sig"
0.1,"eld vs kin","616",7.76069969430101e-06,0.00183722845481659,5.11009912156718,2.7358368368911,-2.69570201970678,-2.52062562590332,0.416703146495094,0.43627296674441,"CLR_more_sig"
0.1,"eld vs kin","652",0.00590329708956593,0.00304275636626017,2.22890535990731,2.5167328202428,1.88259921538661,2.005595826304,0.361187164237515,0.358049809085784,"TSS_more_sig"
0.1,"eld vs kin","666",8.18116916804593e-12,2.36667032418407e-09,11.0871846270198,8.62586223482943,-3.92104657521804,-3.76478237024161,0.410903790013238,0.420983411658628,"CLR_more_sig"
0.1,"eld vs kin","667",0.00941192656644694,0.00844081377582553,2.02632146992688,2.0736156811808,2.54419693185693,2.64441256128033,0.571504124550094,0.558857334640308,"TSS_more_sig"
0.1,"eld vs kin","670",0.00430212218636563,0.00641576530431148,2.36631725919477,2.19275153139888,2.09165255936163,2.2075507535294,0.450736651377585,0.436964351311033,"CLR_more_sig"
0.1,"eld vs kin","728",1.19386046086092e-14,4.50392364245337e-14,13.9230464308444,13.3464089809325,4.08242396963513,4.23203157951216,0.389047082831739,0.385010706414709,"CLR_more_sig"
0.1,"eld vs kin","744",1.94223398840171e-07,0.000134873904423048,6.71169845014883,3.87007207005663,-3.64161487824285,-3.50967808750118,0.518545122980027,0.519524468230922,"CLR_more_sig"
0.1,"eld vs kin","757",0.00436620644993723,0.0287451963134294,2.35989573313701,1.54143472102225,-2.02988537734862,-1.84086705944959,0.441309959183561,0.437965320961445,"CLR_more_sig"
0.1,"eld vs kin","770",1.93990828876191e-05,0.00390821861296106,4.71221880132035,2.40802115126155,-2.67612211498872,-2.51520119858996,0.419958157592937,0.434303592046106,"CLR_more_sig"
0.1,"eld vs kin","786",9.42412177360603e-07,7.61647956497001e-06,6.02575911079302,5.1182457187907,-3.77699781983902,-3.73399201085273,0.492555666538062,0.501809976538352,"CLR_more_sig"
0.1,"eld vs kin","825",0.00953726379981097,0.0135882642821467,2.0205762046553,1.86683601499882,2.13374700780793,2.17431168099325,0.456958669747616,0.453994781695188,"CLR_more_sig"
0.1,"eld vs kin","849",1.06165329170535e-06,0.00107838541709627,5.97401728935927,2.96722599369214,-2.80052728317021,-2.67419225718968,0.400505424098603,0.440238424789057,"CLR_more_sig"
0.1,"eld vs kin","854",5.87874419944425e-07,2.0587233803197e-05,6.23071543676393,4.68640200329517,3.20176398025629,3.36739185645279,0.456585676838283,0.459259445135777,"CLR_more_sig"
0.1,"eld vs kin","875",0.00964671687992675,0.03049068927112,2.0156204673335,1.51583275788256,-2.46680988322828,-2.27128812521155,0.548364436159774,0.570102448525051,"CLR_more_sig"
0.1,"eld vs kin","879",4.80621833116059e-05,0.000290625533624009,4.31819650447166,3.53666623234748,-2.61091459617765,-2.50116154753551,0.418559283197468,0.42078430936863,"CLR_more_sig"
0.1,"eld vs kin","886",2.34651817694415e-11,7.57139231711157e-10,10.6295760772427,9.12082424995333,4.55352952093526,4.61224249160218,0.504418986378369,0.524612032196475,"CLR_more_sig"
0.1,"eld vs kin","888",5.31871498442612e-05,0.000151652704102735,4.27419328172444,3.819149841427,2.72272304670101,2.85785507814445,0.439613717489567,0.445298455651368,"CLR_more_sig"
0.1,"eld vs kin","891",0.000542090288878805,0.000898527103276339,3.26592837269381,3.04646881824802,-3.33942640338341,-3.2634076386699,0.566387919176499,0.576287696748732,"CLR_more_sig"
0.1,"eld vs kin","895",2.97688486061883e-05,0.000161532960587988,4.52623796258704,3.79173884707315,-3.0905102725763,-3.06128905254379,0.493045266906772,0.511675931119744,"CLR_more_sig"
0.1,"eld vs kin","914",0.000700035024646508,0.00433294581530572,3.15488023051406,2.36321674190513,-2.8247500264909,-2.78105062708741,0.55943019211941,0.573002721171708,"CLR_more_sig"
0.1,"eld vs kin","917",0.0287105531421798,0.0455768753759224,1.54195844023487,1.34125545215938,-2.15939085424099,-2.05063493279637,0.516380786557882,0.534789936393633,"CLR_more_sig"
0.1,"eld vs kin","922",0.00538899766275745,0.0425593005020757,2.26849200476021,1.37100551864969,2.22732243810307,2.19608303731133,0.45589165548716,0.466805868401383,"CLR_more_sig"
0.1,"eld vs kin","926",0.00162383749376171,0.0362544713065154,2.78945743512802,1.44063842374139,2.20374477697919,2.10331547071098,0.434875516642152,0.433619004121467,"CLR_more_sig"
0.1,"eld vs kin","929",0.0342445054033593,0.0158699358427176,1.4654091019652,1.79942482896097,2.19862503981576,2.18336075728976,0.472440113438813,0.469790544254152,"TSS_more_sig"
0.1,"eld vs kin","935",0.00173961594989294,0.0343774741587372,2.75954661910354,1.46372603571239,-2.61153602985122,-2.41729452331918,0.537554434863748,0.549869603282079,"CLR_more_sig"
0.1,"eld vs kin","944",0.000526273820015813,0.000194494032270834,3.27878823383122,3.711093719745,1.95086004533007,2.03444094173798,0.295757376164328,0.290439650463252,"TSS_more_sig"
0.1,"eld vs kin","947",5.82261634919928e-13,8.92294524102995e-13,12.234881824509,12.0494917722153,4.20477270489545,4.29286434721775,0.426986858263826,0.428430849588481,"CLR_more_sig"
0.1,"eld vs kin","965",0.00199267802641877,0.0393219011489493,2.70056286820664,1.40536549291167,-2.91621729509424,-2.70816038295247,0.596001776379898,0.602807713028147,"CLR_more_sig"
0.1,"eld vs kin","977",0.0204383005492567,0.0450391386892881,1.68955521875084,1.34640992335356,2.11259222683427,2.1689790326299,0.51501850947606,0.531072505853719,"CLR_more_sig"
0.1,"eld vs kin","978",6.26518336219954e-26,6.90270061389686e-25,25.2030662140511,24.1609809625601,6.0961155745272,6.14458081180389,0.42157928492838,0.409979627759177,"CLR_more_sig"
0.1,"eld vs kin","984",6.78535147805071e-16,1.1865395579295e-15,15.1684276511694,14.9257177783028,4.81343882457067,4.93871083305553,0.405998224328876,0.409637440187412,"CLR_more_sig"
0.1,"eld vs kin","988",4.33839952444827e-05,0.000426280463820719,4.3626704561776,3.37030457035375,3.15104052496608,3.2192268154229,0.526884342300609,0.514802044729842,"CLR_more_sig"
0.1,"eld vs kin","991",1.38650716123249e-05,0.0001168208612626,4.85807788297344,3.93247959624548,-3.73171559266004,-3.64545897353389,0.57141676258527,0.570648289762717,"CLR_more_sig"
0.1,"eld vs kin","1000",0.0134101362790216,0.0439358310704396,1.8725668086565,1.35718115426574,-2.22860568783066,-2.15576217501754,0.573918376545787,0.558918220390032,"CLR_more_sig"
0.1,"eld vs kin","1014",2.28191198398979e-09,4.61007277202666e-08,8.64170111084012,7.3362922190268,-4.3994736437787,-4.21008801902479,0.514466590801578,0.522381506559028,"CLR_more_sig"
0.1,"eld vs kin","1019",0.00740288471878197,0.00480257467928898,2.13059901360398,2.31852587320215,1.91006851347548,2.09543185812482,0.424574153634935,0.438665575287107,"TSS_more_sig"
0.1,"eld vs kin","1020",0.00302490005726982,0.00108000548836609,2.51928896986879,2.96657403751208,2.33801673641201,2.4815149616663,0.423010520400364,0.427041366185732,"TSS_more_sig"
0.1,"eld vs kin","1021",8.08461257350181e-07,3.47426524620075e-05,6.0923407872878,4.45913702798337,-3.81292837679567,-3.73183982122324,0.556945568384135,0.552460065347443,"CLR_more_sig"
0.1,"eld vs kin","1023",0.0198075786383042,0.0391699271806394,1.70316861120025,1.40704723583217,2.11109129014169,2.12235058779128,0.478040591698353,0.471083032472647,"CLR_more_sig"
0.1,"eld vs kin","1027",0.0152693395176822,0.004663990465958,1.81617974814526,2.33124234602478,2.44772277800555,2.54867421522302,0.521107799590086,0.515341284450947,"TSS_more_sig"
0.1,"eld vs kin","1030",2.57791692186542e-10,1.06153487753785e-11,9.58873108269898,10.9740657321872,4.08547478922636,4.33652165505393,0.434021819040196,0.435011054279231,"TSS_more_sig"
0.1,"eld vs kin","1043",0.000396266910031253,0.00157529655368227,3.40201219158412,2.80263767710971,2.4433686322879,2.38115296351105,0.417152987957171,0.419857341262282,"CLR_more_sig"
0.1,"eld vs kin","1047",0.000131211952115485,0.0318409777988059,3.88202660321202,1.4970136040592,-1.7399605351019,-1.62428589561598,0.273426482025762,0.290531650361457,"CLR_more_sig"
0.1,"eld vs kin","1059",0.00283028579507024,0.00703567302994344,2.54816970830782,2.15269435178861,2.62559523728141,2.87710100411934,0.592440588695508,0.591578520307702,"CLR_more_sig"
0.1,"eld vs kin","1074",3.33792840584829e-18,1.59134783471393e-18,17.4765229825994,17.7982348824614,5.02919421232269,5.10635251708541,0.40559335754257,0.404071629369726,"TSS_more_sig"
0.1,"eld vs kin","1076",1.12753397678393e-14,3.47580662391899e-13,13.9478703623481,12.4589443934722,4.56663276856711,4.68229579082312,0.43375437465396,0.433436094135966,"CLR_more_sig"
0.1,"eld vs kin","1079",0.000489390409159292,0.00827917514292615,3.31034454599774,2.08201292996878,-2.49795573475057,-2.37978430551772,0.481931307904493,0.49450486169328,"CLR_more_sig"
0.1,"eld vs kin","1082",0.0010119496051663,0.00184313246913415,2.99484111471277,2.73444345015992,2.9019574837497,2.9407636851906,0.500369953119082,0.486185054789408,"CLR_more_sig"
0.1,"eld vs kin","1089",2.29849423102658e-11,9.64735293586586e-11,10.6385565819448,10.0155918330861,2.93663469114905,3.049238285613,0.280478362141944,0.288253585088955,"CLR_more_sig"
0.1,"eld vs kin","1098",6.15054318548892e-28,1.07200478030751e-24,27.2110865277948,23.9698032780233,6.96296336494003,7.030227004254,0.45166472947879,0.441298367561907,"CLR_more_sig"
0.1,"eld vs kin","1101",0.00525919951331365,0.00436999720490217,2.27908035345206,2.35951884080897,-2.70093417611003,-2.64044834953201,0.572251660787489,0.593621916464186,"TSS_more_sig"
0.1,"eld vs kin","1104",0.000188376452472744,0.00190480742905047,3.72497338604577,2.72014892378265,-2.81441553397254,-2.73924809590648,0.460289228165616,0.476678983754097,"CLR_more_sig"
0.1,"eld vs kin","1105",1.90991262157455e-11,3.02482731747257e-09,10.7189865012528,8.51929941347744,-4.59461715623466,-4.53755497219569,0.495544795689708,0.525950213257333,"CLR_more_sig"
0.1,"eld vs kin","1108",0.000648775101092883,0.000722069086450766,3.18790582597548,3.14142124781965,2.48453031048059,2.56655338998644,0.431384447809096,0.428240888957938,"CLR_more_sig"
0.1,"eld vs kin","1112",4.14811489042632e-06,3.80985200528513e-06,5.38214922345291,5.41909189428143,-3.55545275531569,-3.53522023142074,0.53341970737564,0.530352184449172,"TSS_more_sig"
0.2,"cent vs mage","4",4.79321416238998e-10,5.61029500528812e-06,9.31937316615398,5.25101430170279,2.26781320103465,1.93397465841715,0.199171785986587,0.183020329689417,"CLR_more_sig"
0.2,"cent vs mage","7",1.2084321411611e-12,3.18224961160799e-09,11.9177777321382,8.49726575784711,4.24646322269995,3.90761270950604,0.420283789048993,0.416072833889436,"CLR_more_sig"
0.2,"cent vs mage","8",6.03387642941497e-06,0.00451382962650697,5.21940358819032,2.34545483729731,2.34193356788164,2.00669489492867,0.309483430465366,0.31475667122895,"CLR_more_sig"
0.2,"cent vs mage","9",1.05478573310274e-05,0.014025888832166,4.97683575305063,1.85306960759952,2.0847817069964,1.74111744755609,0.263151686372905,0.271261220213142,"CLR_more_sig"
0.2,"cent vs mage","11",2.34007582004043e-05,0.0047784931103033,4.63077007092673,2.3207090358265,2.27585488195606,1.95025969992451,0.309606125406844,0.29681575937594,"CLR_more_sig"
0.2,"cent vs mage","14",3.79229589589821e-11,1.13932179301983e-06,10.4210977839547,5.94335359532838,2.77222352299113,2.43100510671085,0.262890274712028,0.259334708852724,"CLR_more_sig"
0.2,"cent vs mage","19",7.78531890864784e-07,0.00238799280528357,6.10872359280308,2.62196698601434,2.58042629650049,2.24116144162536,0.332640943280735,0.344188014698481,"CLR_more_sig"
0.2,"cent vs mage","20",2.66515170625955e-10,3.08386532654023e-06,9.57427806494278,5.51090459599641,2.7455475110005,2.40418777575078,0.265913512858383,0.26857245885933,"CLR_more_sig"
0.2,"cent vs mage","21",1.26979757710493e-11,1.48972293616665e-07,10.8962655059362,6.82689449567008,2.92385905680823,2.5825725908689,0.264862530692515,0.259860170046347,"CLR_more_sig"
0.2,"cent vs mage","23",3.85658364917358e-06,0.00338667410358218,5.41379724436615,2.47022659308835,2.20362312887345,1.87341831006867,0.262221127002482,0.266234343996913,"CLR_more_sig"
0.2,"cent vs mage","24",3.18909688312088e-11,3.16224846677017e-08,10.4963322869139,7.50000400932228,4.56640329004754,4.215338901907,0.482964350043596,0.490943021607188,"CLR_more_sig"
0.2,"cent vs mage","26",1.41770544541296e-08,9.52834781307768e-06,7.84841399250985,5.02098239819369,3.1418278427325,2.8308807159526,0.372702258665694,0.372129172501547,"CLR_more_sig"
0.2,"cent vs mage","32",4.31110781670458e-08,0.000715595024721213,7.36541111571852,3.1453326875899,2.20074268798283,1.87051055048659,0.224256567526027,0.228027782382465,"CLR_more_sig"
0.2,"cent vs mage","36",2.38278183870344e-05,0.044906764390713,4.62291571870453,1.34768823547128,1.79915857617315,1.4627907656934,0.203788985903234,0.203335593521317,"CLR_more_sig"
0.2,"cent vs mage","39",1.33770872266397e-09,9.73085299952077e-07,8.87363844106075,6.01184908812346,3.6352098790555,3.32976903243297,0.422535794988008,0.417497818825213,"CLR_more_sig"
0.2,"cent vs mage","42",8.34860621110671e-10,8.30705861188398e-06,9.0783860233608,5.08055272528437,3.50466933768492,3.19137975539677,0.410964756027792,0.410093432546632,"CLR_more_sig"
0.2,"cent vs mage","47",0.000756973248113814,0.0120839181983544,3.12091946845481,1.91779222332954,2.60542491291275,2.28260932032397,0.495695821960877,0.491627496688844,"CLR_more_sig"
0.2,"cent vs mage","55",2.95689781773922e-05,0.00263916248133332,4.52916368323809,2.57853387140396,2.54394070878971,2.21393873557796,0.367482286854364,0.354604490144573,"CLR_more_sig"
0.2,"cent vs mage","56",1.62984319518351e-08,7.56583057909975e-05,7.78785417641954,4.12114338804802,3.06067027269544,2.72598031915099,0.36672307020555,0.375442119429363,"CLR_more_sig"
0.2,"cent vs mage","69",5.17338565945441e-06,0.00159944406729755,5.28622514511114,2.7960309426313,2.79403854133258,2.45155035692244,0.399050857300962,0.387347475133196,"CLR_more_sig"
0.2,"cent vs mage","90",1.8563490793883e-06,0.000375542400835187,5.73134035301102,3.4253410216181,2.40984186301014,2.08514715719808,0.291302259859263,0.280076445907931,"CLR_more_sig"
0.2,"cent vs mage","92",2.37936716105568e-05,0.0139798118379016,4.62353853664413,1.85449867396308,1.99655473032126,1.65582283504629,0.245743074786931,0.2407683809119,"CLR_more_sig"
0.2,"cent vs mage","100",0.0137253201439725,0.000962483024301263,1.86247751681309,3.0166069215777,-2.59563657467699,-2.92466446890477,0.555888195544549,0.564432402831333,"TSS_more_sig"
0.2,"cent vs mage","106",4.38578955991766e-08,8.13475167635205e-05,7.35795221058807,4.08965569991656,2.79536449826617,2.50397446066399,0.325321267943223,0.338910653671152,"CLR_more_sig"
0.2,"cent vs mage","114",1.56105669591069e-06,9.7862176966554e-09,5.80658132353975,8.00938512748835,-3.64413350372822,-3.97378969459717,0.459301869057589,0.491607172666796,"TSS_more_sig"
0.2,"cent vs mage","119",4.51741214348031e-05,0.0299197455417406,4.34511028502552,1.52404210433324,1.92744635005885,1.58493749417591,0.248493369101311,0.241858144379574,"CLR_more_sig"
0.2,"cent vs mage","132",5.04836637335185e-08,2.44959696045951e-11,7.29684913471653,10.6109053655324,-4.27506651373883,-4.63187187240449,0.477167336680841,0.488443919717569,"TSS_more_sig"
0.2,"cent vs mage","142",9.49477515571619e-05,0.00021698577474164,4.02251531526482,3.66356873690591,3.72817452542132,3.34708382345603,0.533501136148131,0.528985836930822,"CLR_more_sig"
0.2,"cent vs mage","143",1.6653079755076e-07,3.88258302129e-10,6.77850543801655,9.41087924897928,-3.80358836254368,-4.02420982611952,0.447636599438524,0.452064059104697,"TSS_more_sig"
0.2,"cent vs mage","148",0.0169098743821607,0.000309443816009381,1.77185961861971,3.50941819191716,-2.57368904636873,-2.94478016433547,0.484929217547863,0.508298619716109,"TSS_more_sig"
0.2,"cent vs mage","155",0.00453840460080729,0.0365271931001153,2.34309678917714,1.43738369948169,2.64721487413626,2.32156253137909,0.472063805453503,0.470680088325831,"CLR_more_sig"
0.2,"cent vs mage","168",1.33028884773047e-05,4.94289615459203e-05,4.87605404974311,4.30601851354517,3.50042151410365,3.24814896593224,0.448473871843213,0.44415696479813,"CLR_more_sig"
0.2,"cent vs mage","169",0.0113178474450623,0.000396129463277055,1.94623616428072,3.40216285448343,-2.30124039114577,-2.61615559714654,0.413286301430502,0.44054396438688,"TSS_more_sig"
0.2,"cent vs mage","184",0.00995168503387557,0.0482422641218548,2.00210337765069,1.31657231793769,2.57876214837215,2.15158416791117,0.539792314578989,0.549288818243666,"CLR_more_sig"
0.2,"cent vs mage","210",1.48112963953334e-07,8.10469515573805e-12,6.82940692711693,11.0912633157532,-4.19734823719062,-4.63099203681263,0.455454509783978,0.464461160467111,"TSS_more_sig"
0.2,"cent vs mage","219",9.18064788110607e-08,1.01128792692503e-07,7.03712666942394,6.99512517747324,-3.79398070272631,-4.15021744003469,0.454911990171206,0.47106691867967,"CLR_more_sig"
0.2,"cent vs mage","294",2.00033890162004e-05,0.000269939393832745,4.69889641901864,3.56873373168747,2.948397001368,2.60270476815716,0.385758818236574,0.386592656119708,"CLR_more_sig"
0.2,"cent vs mage","353",0.00026418770367248,5.89948424252702e-07,3.57808740001243,6.22918595452995,-3.13332438099672,-3.40720540402923,0.441696452158613,0.460297735731689,"TSS_more_sig"
0.2,"cent vs mage","652",1.9416509766394e-05,0.00279482921502134,4.71182883443953,2.55364472560939,2.39222729380677,2.09568698247451,0.301679143299655,0.304918625290152,"CLR_more_sig"
0.2,"cent vs mage","671",2.42540469900374e-06,0.00272566742667092,5.61521578535864,2.56452713587219,2.64606653489221,2.27298940872931,0.355252363441099,0.360963282363994,"CLR_more_sig"
0.2,"cent vs mage","675",0.00017551339039398,2.84044077642655e-06,3.75568974442679,5.54661426139087,-2.87824404904129,-3.17893023504022,0.457490236911718,0.474155954485957,"TSS_more_sig"
0.2,"cent vs mage","728",2.71308782106869e-07,0.000279247064726362,6.56653614815207,3.55401138322522,2.58688323224091,2.23977006296947,0.308240118388966,0.305638929473555,"CLR_more_sig"
0.2,"cent vs mage","762",2.97251231245435e-05,0.00546991920407978,4.52687633781275,2.26201908856263,2.64311579103692,2.26648392427202,0.384425864746643,0.386557367537194,"CLR_more_sig"
0.2,"cent vs mage","770",0.00880740605386787,2.91885143151255e-05,2.05515198061954,4.53478800988226,-1.98138319179795,-2.33384023850868,0.324246311272503,0.348081223182747,"TSS_more_sig"
0.2,"cent vs mage","788",0.00250210642135878,0.0336993307342177,2.6016942225299,1.47237872409372,2.67471386540286,2.30351010312186,0.519889362399373,0.535491088640921,"CLR_more_sig"
0.2,"cent vs mage","829",3.1514691577821e-05,0.00319883262651791,4.50148693879081,2.49500848304229,2.63040076799317,2.31591268329607,0.383803750259331,0.391328603414426,"CLR_more_sig"
0.2,"cent vs mage","834",0.00126365530892443,0.0406064892966439,2.89837137371735,1.3914045565578,2.28391795291822,1.96526908587906,0.40112920736161,0.390431655645151,"CLR_more_sig"
0.2,"cent vs mage","848",6.80210211712551e-06,0.00202330739983947,5.16735685247221,2.69393813012486,2.41728473381568,2.09688967661204,0.323211622287084,0.341588718371952,"CLR_more_sig"
0.2,"cent vs mage","854",3.33908658719651e-07,0.000187564148063899,6.47637231893482,3.72685017121288,3.40414818207115,3.09674090342387,0.461837734226548,0.466736334873287,"CLR_more_sig"
0.2,"cent vs mage","857",2.51497685697746e-05,0.010916028073722,4.59946600700298,1.96193535608689,2.56485364444557,2.2312158844615,0.340768147805819,0.340935890176058,"CLR_more_sig"
0.2,"cent vs mage","886",4.36339814122849e-05,0.00116073224666203,4.36017515771003,2.93526795012199,3.30060360977921,3.02242453350082,0.528224769907203,0.535409853445045,"CLR_more_sig"
0.2,"cent vs mage","921",1.77063192503526e-07,1.48361309340661e-09,6.75187170958344,8.82867934252518,-3.70214797837032,-4.14726169659545,0.459858259598824,0.483572845354889,"TSS_more_sig"
0.2,"cent vs mage","947",0.0006507879049055,0.0138666942833051,3.18656052715745,1.85802705915962,2.59899053873165,2.31325676280263,0.414141219441844,0.407941370160438,"CLR_more_sig"
0.2,"cent vs mage","978",1.08518228456203e-06,0.00025758847940002,5.96449730464483,3.58907356462311,3.35027459323119,3.08040295135596,0.457225624661013,0.450178386099013,"CLR_more_sig"
0.2,"cent vs mage","984",7.31494617954161e-05,0.00772955847773605,4.13578886489261,2.11184531282932,2.77925492058891,2.40714544071479,0.414421037459753,0.41883836149946,"CLR_more_sig"
0.2,"cent vs mage","989",5.87768864825527e-05,0.00490116805263151,4.23079342301434,2.30970040602047,2.50091399597978,2.14859429229402,0.366956825637738,0.381126510904336,"CLR_more_sig"
0.2,"cent vs mage","1017",6.11033072664686e-05,0.0356116850823866,4.21393528257732,1.44840747578748,2.4266056923022,2.04023970562461,0.383587379350944,0.39676219146945,"CLR_more_sig"
0.2,"cent vs mage","1019",0.00214274359810961,8.37374174177194e-06,2.66902979376835,5.07708043750413,-2.58379093216738,-2.87811187011031,0.398193289027074,0.397750495291291,"TSS_more_sig"
0.2,"cent vs mage","1030",0.00586880543326988,0.0148733910315065,2.23145028828127,1.82759000401503,2.62978522196653,2.15581484545657,0.410619259733163,0.411950934926707,"CLR_more_sig"
0.2,"cent vs mage","1043",4.64792190670472e-06,0.000385098348641457,5.33274117747059,3.4144283436921,2.86328466614377,2.52930214353176,0.32321104201407,0.328398068407456,"CLR_more_sig"
0.2,"cent vs mage","1074",7.05149142338324e-10,3.38609002444129e-07,9.15171901798121,6.47030149968297,3.49350850475262,3.09574238845733,0.3781712568173,0.370320698387178,"CLR_more_sig"
0.2,"cent vs mage","1087",4.41697507085432e-08,1.47870003487471e-05,7.35487505186702,4.8301199168829,4.00107476449778,3.65487776876373,0.485591894749382,0.500330172517674,"CLR_more_sig"
0.2,"cent vs mage","1091",0.00603990079347235,0.0169566797111835,2.21897019469035,1.77065918299201,2.80020239803948,2.50745286720341,0.485361254737623,0.48394503985048,"CLR_more_sig"
0.2,"cent vs mage","1098",7.44964018811872e-15,1.17846372626336e-10,14.127864702834,9.92868378074773,4.62503296322634,4.24367824427997,0.434301626020176,0.439475145269389,"CLR_more_sig"
0.2,"eld vs kin","3",3.10029779626575e-14,5.3991686121968e-11,13.5085965884034,10.2676731096091,-4.8113099685421,-4.39624722989343,0.432012570977629,0.445346508866915,"CLR_more_sig"
0.2,"eld vs kin","4",9.6713601983085e-06,2.87531353404297e-15,5.01451244162772,14.5413147914333,2.41502012993607,2.81586835343941,0.227562993167201,0.219787558779637,"TSS_more_sig"
0.2,"eld vs kin","5",6.63393396195559e-06,0.0003529890516227,5.17822885601537,3.45223876456568,-2.85728751590965,-2.446368158002,0.384071478794688,0.38397830589749,"CLR_more_sig"
0.2,"eld vs kin","7",1.31965917230845e-25,9.59354502280435e-31,24.8795382193234,30.018020881948,7.50546357396279,7.9035862635392,0.472382847573631,0.471188178137963,"TSS_more_sig"
0.2,"eld vs kin","8",0.0340435928892261,0.000267731233079909,1.46796461164201,3.57230096178644,1.91423549819539,2.31930746912922,0.379448925873094,0.392369523349467,"TSS_more_sig"
0.2,"eld vs kin","10",0.00033709394816645,0.00674408696276854,3.47224904427971,2.17107683826365,-2.82312400170413,-2.39497043949305,0.485488742917215,0.4742182984044,"CLR_more_sig"
0.2,"eld vs kin","11",1.56426703881573e-06,3.60228662694208e-11,5.80568910576176,10.4434217341742,3.10104118291046,3.54516100598353,0.348345188108882,0.356298099705035,"TSS_more_sig"
0.2,"eld vs kin","14",4.98025228897668e-06,1.50292993954032e-13,5.30274865624929,12.8230612639774,2.74627775050427,3.14632309682363,0.279876911497143,0.276311023079573,"TSS_more_sig"
0.2,"eld vs kin","15",0.00119169786408659,2.8948553856129e-07,2.92383383905251,6.53837312685849,2.84633730696192,3.25953841639959,0.444816491733069,0.431162735917822,"TSS_more_sig"
0.2,"eld vs kin","16",2.36613170101573e-08,9.38492488961655e-16,7.62596108581437,15.0275691988184,2.90617664763829,3.3182476979968,0.262634986575368,0.267926650044448,"TSS_more_sig"
0.2,"eld vs kin","21",2.6262728271076e-15,1.64295857767552e-23,14.5806601597573,22.7843733858734,3.99545962008096,4.38344468134644,0.29674977722623,0.292910247011714,"TSS_more_sig"
0.2,"eld vs kin","23",0.001654677742885,1.78787612525925e-08,2.78128657476702,7.7476625750144,2.3229853336981,2.71768393313225,0.305014352380074,0.312542835721197,"TSS_more_sig"
0.2,"eld vs kin","25",0.000252786683781112,5.24885636318879e-08,3.59724580741775,7.27993531169138,2.93429808313198,3.32155144305962,0.413182306091588,0.418383870293009,"TSS_more_sig"
0.2,"eld vs kin","26",0.0090720690798514,8.47170073200382e-07,2.04229365147541,6.0720293943471,2.32187011816436,2.74077310193563,0.364209940551436,0.363127502425487,"TSS_more_sig"
0.2,"eld vs kin","29",0.00118458616407513,4.75028083873601e-09,2.92643334420978,8.32328071393136,2.33527541966317,2.73420791559037,0.291061052494139,0.291742773705982,"TSS_more_sig"
0.2,"eld vs kin","31",0.000128769701019636,1.21102819195673e-07,3.89018631265904,6.9168457466433,3.49177134126457,3.90095546233745,0.521902000967147,0.533748253929085,"TSS_more_sig"
0.2,"eld vs kin","32",0.0319740105565049,5.01019098101942e-05,1.49520288598922,4.30014571915829,1.65133671781808,2.05825073212684,0.277180248645916,0.291967114119841,"TSS_more_sig"
0.2,"eld vs kin","33",5.4919921034229e-06,0.000316281783126255,5.26027009587853,3.49992582141207,-3.28195531864202,-2.89512052228083,0.449833830215656,0.459347972288532,"CLR_more_sig"
0.2,"eld vs kin","36",0.00683162085153392,3.87991438276807e-08,2.16547624458132,7.4111778577825,2.01105228459723,2.4189431510471,0.255981661113826,0.262215402456841,"TSS_more_sig"
0.2,"eld vs kin","47",0.0062592942993896,5.08870527056903e-05,2.20347462831631,4.29339270201965,2.75205460104847,3.12688828064152,0.538387285249115,0.535401416161078,"TSS_more_sig"
0.2,"eld vs kin","49",0.0327173351684634,0.000132629960363254,1.48522207690665,3.87735836016427,1.87385381982624,2.27342149111862,0.353488638037017,0.36074138537824,"TSS_more_sig"
0.2,"eld vs kin","55",0.0163357866768138,1.10488656152328e-05,1.7868599465162,4.95668230861547,2.36659056288742,2.83741395262388,0.41928180974399,0.416844505646873,"TSS_more_sig"
0.2,"eld vs kin","58",0.0367465714839775,0.00098772304259119,1.43478317508455,3.0053648144571,1.71467340546309,2.16112510645309,0.347077347269891,0.374241001690558,"TSS_more_sig"
0.2,"eld vs kin","61",0.0132130566346429,1.54584891273249e-05,1.87899670350577,4.81083295516093,2.12691884031294,2.5318868100027,0.364106345420927,0.365629361132128,"TSS_more_sig"
0.2,"eld vs kin","65",8.07900221089035e-05,0.000446944388569109,4.09264227302029,3.34974651096215,-2.73728370540692,-2.36656367958106,0.37822561995249,0.361111536755715,"CLR_more_sig"
0.2,"eld vs kin","67",6.04299712122132e-12,7.39242757286096e-10,11.2187476126418,9.13121292177119,-5.48972360672161,-5.11205073076433,0.556700864390795,0.570025384561157,"CLR_more_sig"
0.2,"eld vs kin","70",0.0335493069294372,0.000214330326206088,1.47431644717398,3.66891637505173,2.46714121999368,2.93663408708908,0.508698100831357,0.517273669945938,"TSS_more_sig"
0.2,"eld vs kin","71",0.0364695377678865,0.000567194075387335,1.43806974110433,3.24626831421432,2.67954113785298,2.94959759781052,0.543160848610056,0.528263168761446,"TSS_more_sig"
0.2,"eld vs kin","74",5.78420330664227e-06,5.13976688557216e-09,5.23775645060268,8.28905657800969,3.705609649243,4.075004092978,0.498855184134185,0.500698426038272,"TSS_more_sig"
0.2,"eld vs kin","77",0.0112318164799547,5.40213801551179e-06,1.94955000122514,5.26743432451556,2.25644371840804,2.68421792456154,0.358668808723795,0.367541952458534,"TSS_more_sig"
0.2,"eld vs kin","79",2.62817503655472e-08,1.4786013195205e-05,7.58034571412047,4.83014891056903,-3.8305389668674,-3.44970661006971,0.477025244745852,0.49094705827494,"CLR_more_sig"
0.2,"eld vs kin","80",0.00669890755890965,8.69818420714602e-08,2.17399601518284,7.0605713992345,2.35719197969354,2.79383026512172,0.359860754017312,0.350763289337345,"TSS_more_sig"
0.2,"eld vs kin","82",1.46415082021332e-06,0.000751271486695203,5.83441418488095,3.12420309379823,-3.84180663135251,-3.42621250701044,0.574743356465939,0.606412592928342,"CLR_more_sig"
0.2,"eld vs kin","83",5.73853611069093e-06,0.000231681326078596,5.24119888114429,3.63510896969665,-3.49137961677723,-3.08518898885907,0.49035058695462,0.531075965307618,"CLR_more_sig"
0.2,"eld vs kin","84",6.89005562552328e-09,4.36832946098907e-05,8.16177727188624,4.35968461442106,-3.81770634619753,-3.42381268723538,0.44979303996384,0.485023195924292,"CLR_more_sig"
0.2,"eld vs kin","87",0.00209638279708195,0.0116989923537984,2.67852941277551,1.93185154287184,-2.9133897706403,-2.55205252611647,0.506916329577459,0.527846480170662,"CLR_more_sig"
0.2,"eld vs kin","89",1.22127115688078e-12,4.30450538765108e-16,11.91318789964,15.3660767442695,4.77694728103781,5.1906750111643,0.440635738785489,0.439179489099064,"TSS_more_sig"
0.2,"eld vs kin","91",1.58252369694246e-07,9.92932122810989e-06,6.8006497780725,5.00308043901338,-4.33512198225686,-3.90150409184196,0.562550273470995,0.579066176357907,"CLR_more_sig"
0.2,"eld vs kin","100",2.56089430050045e-06,0.000228692030335568,5.59160834642682,3.64074896981211,-3.70846658936287,-3.37991820871904,0.540046904250856,0.566728464483843,"CLR_more_sig"
0.2,"eld vs kin","102",0.00174595689971008,0.0142204112287297,2.75796648139168,1.84708784440894,-2.85980049362439,-2.54095011463676,0.523063004600618,0.552635766842723,"CLR_more_sig"
0.2,"eld vs kin","103",0.0300920848766267,0.000212151373273576,1.5215477218961,3.67335415266378,2.21260835423093,2.64559704249443,0.45142713195446,0.451339450584058,"TSS_more_sig"
0.2,"eld vs kin","111",1.37766404795181e-05,0.000127770795213217,4.86085667496021,3.89356840225881,-3.21562274646496,-2.81281610566352,0.443671646814032,0.450008880202555,"CLR_more_sig"
0.2,"eld vs kin","119",0.00120025612509381,9.74675921638809e-09,2.92072606908081,8.01113976259911,2.35916573551084,2.76096495826807,0.313275951747508,0.311083483891647,"TSS_more_sig"
0.2,"eld vs kin","121",5.81984251950681e-09,9.49910149927617e-14,8.23508876686807,13.0223174718017,4.51288717022428,4.94529352492165,0.479065521240335,0.489946272024426,"TSS_more_sig"
0.2,"eld vs kin","124",0.0278216166588426,1.58602443527798e-05,1.55561763762165,4.79969012595622,2.49830538366634,2.83210178655135,0.445501128732108,0.425048251520741,"TSS_more_sig"
0.2,"eld vs kin","125",0.0197825087204916,6.92707280552313e-05,1.70371863415546,4.15945024777953,3.02535602891836,3.28625098625445,0.532541807618578,0.526398136839646,"TSS_more_sig"
0.2,"eld vs kin","128",0.00441291146955207,0.0306019712622113,2.3552747851453,1.51425059702409,-2.6832523177603,-2.32128727821298,0.561477940082717,0.57816935027398,"CLR_more_sig"
0.2,"eld vs kin","130",0.000216235881386092,0.00160894398728124,3.66507223917544,2.79345907488053,-3.29157258008131,-2.92705345419036,0.581804980395412,0.597206170686449,"CLR_more_sig"
0.2,"eld vs kin","138",6.21923552934543e-08,1.51634659486898e-11,7.20626299566145,10.8192015196572,3.76954441522794,4.20706038316848,0.428025172121304,0.431220636074609,"TSS_more_sig"
0.2,"eld vs kin","139",3.35003756106165e-07,4.07780720692457e-05,6.47495032356902,4.38957331091395,-3.98235724129981,-3.56059015717311,0.530771669202279,0.53076046065139,"CLR_more_sig"
0.2,"eld vs kin","147",0.0426383181695949,0.0439964310422553,1.37019993400187,1.35658255173017,-2.77029059831308,-2.38059459127057,0.563427839743882,0.552998177273565,"CLR_more_sig"
0.2,"eld vs kin","151",4.20291668399839e-13,5.88558693420602e-17,12.3764492190924,16.2302102210828,5.45905726168189,5.82546763022862,0.499186668623914,0.495527989251231,"TSS_more_sig"
0.2,"eld vs kin","163",0.00202364753475369,0.0148763732782192,2.69386512772227,1.82750293285159,-2.88708368342869,-2.58983527769405,0.563270631354403,0.584771811556502,"CLR_more_sig"
0.2,"eld vs kin","164",0.00020526647532605,2.00590013886411e-08,3.68768197498301,7.69769069156475,3.07970952410206,3.55821633615436,0.455918070697635,0.456343010507277,"TSS_more_sig"
0.2,"eld vs kin","169",4.77042506084388e-05,0.000830274201104078,4.32144292214345,3.08077845658742,-3.50548499035174,-3.09636507676729,0.507701622969489,0.532121852908388,"CLR_more_sig"
0.2,"eld vs kin","172",0.00104948441360578,0.0040744932513256,2.97902400694844,2.38992639719102,-2.78609726406734,-2.41071195126093,0.450563715898946,0.463668070487089,"CLR_more_sig"
0.2,"eld vs kin","181",0.00123612208292491,0.0416440197860188,2.90793863497347,1.38044735585155,-2.54756696918844,-2.17289874738775,0.465103025743083,0.486367330468515,"CLR_more_sig"
0.2,"eld vs kin","206",0.00958499305246439,0.00019453611028015,2.01840819757752,3.71099977202564,2.67109655795944,3.20234848031054,0.547464222551855,0.559766960217785,"TSS_more_sig"
0.2,"eld vs kin","207",9.13953058546155e-07,1.46477145579048e-09,6.03907610944987,8.83423013178219,3.58238020096467,3.94224361525059,0.472165185873904,0.468294730043383,"TSS_more_sig"
0.2,"eld vs kin","222",0.000549674125372147,1.88325052639141e-06,3.25989470595327,5.72509190250477,3.20091657243229,3.58880259955034,0.502274741471268,0.514222075837152,"TSS_more_sig"
0.2,"eld vs kin","223",0.0410240455831283,0.00127371892013571,1.38696151393855,2.89492640002437,2.49302965223195,2.94826535767274,0.52309199678739,0.522855753265365,"TSS_more_sig"
0.2,"eld vs kin","246",0.02352518087534,6.96148453736264e-06,1.62846702877807,5.15729813716589,2.76430567078406,3.2551022853506,0.476551753356339,0.467012023387902,"TSS_more_sig"
0.2,"eld vs kin","265",0.0115291659953638,1.9958453928958e-05,1.9382021078581,4.69987310413724,2.58166191602025,3.0865610036711,0.480696997619019,0.484524556370274,"TSS_more_sig"
0.2,"eld vs kin","267",0.000559963698279607,0.018253355608207,3.25184012682929,1.7386572852806,-3.38941133785918,-2.88961446780684,0.592140467263714,0.616582916586297,"CLR_more_sig"
0.2,"eld vs kin","282",4.77114032263874e-05,0.0108690707703879,4.32137781034287,1.96380758347058,-3.02338403172865,-2.65684295736467,0.485032590729777,0.482733122637331,"CLR_more_sig"
0.2,"eld vs kin","294",0.000317704107436732,1.05024931967861e-05,3.49797717036147,4.97870759111339,2.58860932244612,2.95890070689104,0.450366870445743,0.445117607548658,"TSS_more_sig"
0.2,"eld vs kin","329",0.00141585936064444,0.000953735758744198,2.8489798836021,3.0205719339073,2.72867750341093,2.94610283604998,0.432915592747695,0.425440588353108,"TSS_more_sig"
0.2,"eld vs kin","344",2.24886529672998e-05,8.4067072977488e-08,4.64803655729842,7.07537407345657,3.02732600211264,3.46907735054625,0.418225302874874,0.42849731972998,"TSS_more_sig"
0.2,"eld vs kin","435",0.0246275340601828,0.000392902570434359,1.60857907162294,3.40571512995173,2.60012802043367,3.12589339634345,0.582207167012829,0.549021592523516,"TSS_more_sig"
0.2,"eld vs kin","473",0.00379551542380397,0.0459003339744332,2.42072923939582,1.3381841544905,-2.80325642454589,-2.35746443831292,0.527409250195582,0.533919893486252,"CLR_more_sig"
0.2,"eld vs kin","614",0.000219325896854208,0.00855894929659113,3.65891008607501,2.06757954638596,-2.84946014350858,-2.51883594928321,0.500184725173223,0.496432256359858,"CLR_more_sig"
0.2,"eld vs kin","616",2.81517117803173e-05,0.00922065850687697,4.55049519249492,2.03523806206018,-2.72240650853067,-2.25472038622148,0.415355238000675,0.434273127118686,"CLR_more_sig"
0.2,"eld vs kin","652",0.0401722779740891,3.64612706583333e-05,1.3960735408467,4.4381682004565,1.81760134563332,2.23781205127699,0.359816717186824,0.354603494247007,"TSS_more_sig"
0.2,"eld vs kin","666",7.10152921421884e-11,2.80330379486225e-07,10.1486481220152,6.55232983506774,-3.93164282569557,-3.50351040772144,0.411547677626045,0.41562165449868,"CLR_more_sig"
0.2,"eld vs kin","670",0.044123603598883,0.000158496245255986,1.35532902571508,3.79998102167286,2.09772288104905,2.45963924484785,0.450439992055353,0.432604913703338,"TSS_more_sig"
0.2,"eld vs kin","728",1.4415339508331e-09,3.36422271757366e-15,8.84117512470426,14.4731152608493,4.0663998291307,4.45840625563614,0.392525927307563,0.383740925127987,"TSS_more_sig"
0.2,"eld vs kin","744",5.39198467498224e-07,0.000159321087044626,6.26825135081623,3.79772673906994,-3.66355790321187,-3.3211251727146,0.51986438973119,0.519519641125006,"CLR_more_sig"
0.2,"eld vs kin","770",2.80548105750415e-05,0.0056018489151802,4.55199265928959,2.25166860850573,-2.70510531638772,-2.22450253358788,0.420891268105435,0.423503701214294,"CLR_more_sig"
0.2,"eld vs kin","786",6.84338808965008e-08,2.65504249680925e-05,7.1647288303947,4.57592852317684,-3.88405948103391,-3.48108393754882,0.496645028881941,0.503722911793944,"CLR_more_sig"
0.2,"eld vs kin","825",0.0369103807940899,0.0013863238245075,1.43285147428636,2.85813531317999,2.07661408621885,2.41866351194635,0.443901090156054,0.441570530730162,"TSS_more_sig"
0.2,"eld vs kin","849",9.94253673282825e-06,0.00286766450560826,5.00250279583254,2.5424716591011,-2.84243859388457,-2.42616319493794,0.398508694598989,0.434881485790947,"CLR_more_sig"
0.2,"eld vs kin","854",4.0596637159034e-05,5.14526020989802e-08,4.39150993991449,7.28859265688498,3.20594208603141,3.60299860396066,0.47224251005761,0.467017487734262,"TSS_more_sig"
0.2,"eld vs kin","879",0.000886116693134329,0.0232631544362665,3.05250908189716,1.63333139616912,-2.71463104639011,-2.21496479592192,0.41481271154479,0.422418594394073,"CLR_more_sig"
0.2,"eld vs kin","886",5.98325720371811e-09,1.16709699808445e-11,8.22306232763521,10.9328930479973,4.48339062018752,4.8682170416816,0.511398275353434,0.522959756665046,"TSS_more_sig"
0.2,"eld vs kin","888",0.00648885823363251,2.4380275997782e-06,2.18783171405571,5.61296138224367,2.68209678080555,3.08141792955617,0.433072229949145,0.438390158104176,"TSS_more_sig"
0.2,"eld vs kin","891",0.000464299870886216,0.00507829308805725,3.33320143710361,2.29428223791428,-3.39685633982716,-2.99391982800437,0.561729317773642,0.576490654034658,"CLR_more_sig"
0.2,"eld vs kin","895",0.000377835902465117,0.00414838174580501,3.42269677721973,2.38212128543918,-3.22769405776725,-2.77077665804606,0.509688795838913,0.499762796173401,"CLR_more_sig"
0.2,"eld vs kin","914",0.00328311914572532,0.0181035661731441,2.48371335626179,1.74223586619358,-2.9704832820802,-2.53934575821566,0.555468756475395,0.567719438940309,"CLR_more_sig"
0.2,"eld vs kin","922",0.039686575349221,0.00151290080570497,1.40135637579945,2.82018954583485,2.1913887275275,2.5605627703364,0.469221376285461,0.480687158118283,"TSS_more_sig"
0.2,"eld vs kin","926",0.0151421462500004,0.00347237956082631,1.81981256351028,2.45937280879428,1.99631725465685,2.44104243522015,0.417238411087939,0.427951652725968,"TSS_more_sig"
0.2,"eld vs kin","944",0.0313177271867889,8.34093862817467e-07,1.50420976341015,6.07878507429038,1.91903861248914,2.31232619724742,0.29573893572637,0.291712628869561,"TSS_more_sig"
0.2,"eld vs kin","947",2.30881245470251e-09,1.55725360097862e-14,8.63661134347772,13.8076406561942,4.08467895290654,4.52170930512442,0.42354522933624,0.431166610846712,"TSS_more_sig"
0.2,"eld vs kin","965",0.00898750464326693,0.0470061429437648,2.04636087223691,1.32784538308024,-2.90129560590846,-2.42525586499586,0.592366120850892,0.600679831920415,"CLR_more_sig"
0.2,"eld vs kin","978",8.00509460979227e-23,1.21344884562429e-21,22.0966335309192,20.9159785271453,6.02410703739001,6.35089651302868,0.412175805290095,0.411588888015864,"CLR_more_sig"
0.2,"eld vs kin","984",2.01683422630946e-14,4.45986970331975e-17,13.6953297971555,16.3506778291703,4.82406411509582,5.34788446822104,0.429411667907461,0.424852708319417,"TSS_more_sig"
0.2,"eld vs kin","988",0.00711569564868645,6.72459529297568e-06,2.14778263575994,5.17233384772946,3.03956024824011,3.45708842477966,0.52638047767963,0.517284086581555,"TSS_more_sig"
0.2,"eld vs kin","991",1.15435048882767e-05,0.00215410062072101,4.9376623088117,2.66673401412844,-3.83172980653806,-3.34724512259149,0.571523744466691,0.574996397624262,"CLR_more_sig"
0.2,"eld vs kin","1014",4.85284573605005e-09,8.90955396104698e-06,8.3140035139695,5.05014403750127,-4.48729090721206,-3.96659589138502,0.517615765958943,0.536156735906229,"CLR_more_sig"
0.2,"eld vs kin","1020",0.0289928862271582,3.13448962256026e-05,1.53770854869692,4.50383316365315,2.25439511016674,2.75928657144983,0.418008493747854,0.435008036445843,"TSS_more_sig"
0.2,"eld vs kin","1021",7.63134216707441e-07,0.00011428053754811,6.11739907351398,3.9420277254679,-3.91038315435654,-3.52023952842353,0.553504044165828,0.556443274324426,"CLR_more_sig"
0.2,"eld vs kin","1027",0.0434096640533989,0.00297285120494969,1.3624135751454,2.52682682725199,2.47077266679735,2.78283984924726,0.53346099269976,0.513303998161588,"TSS_more_sig"
0.2,"eld vs kin","1030",5.84546775763279e-09,2.46226941226212e-10,8.23318073062178,9.60866442993538,4.0357475440281,4.52565445258967,0.431102318443062,0.436204559335519,"TSS_more_sig"
0.2,"eld vs kin","1043",0.0316413381406969,4.24462896304021e-05,1.49974515808107,4.37216026686805,2.33375051455438,2.75278058301424,0.415603402526131,0.421592068101838,"TSS_more_sig"
0.2,"eld vs kin","1059",0.0378408402967262,0.00226961891888698,1.42203922818517,2.6440470570439,2.53351442031429,3.14496165631324,0.577829102242453,0.598370504953352,"TSS_more_sig"
0.2,"eld vs kin","1074",1.68286253481499e-14,4.15052601724306e-22,13.7739513580643,21.3818968594543,4.85089870467624,5.4023890198661,0.389356031177748,0.390599949179135,"TSS_more_sig"
0.2,"eld vs kin","1076",1.41886419391454e-09,8.28244421102221e-16,8.84805917089633,15.0818414807616,4.50874697795662,4.86398825457201,0.431615872283081,0.417434799425551,"TSS_more_sig"
0.2,"eld vs kin","1082",0.000337404500292125,5.8795885242046e-05,3.47184912910018,4.23065306642732,2.96612507721375,3.24242053692875,0.494626007450417,0.488437370994108,"TSS_more_sig"
0.2,"eld vs kin","1089",3.84193337951858e-07,3.77712762593229e-14,6.4154501702287,13.4228383404831,2.91043206328544,3.3046614712165,0.281674532172646,0.288231303302868,"TSS_more_sig"
0.2,"eld vs kin","1098",2.06254011179317e-26,3.1576177704413e-30,25.6855975966394,29.5006404424832,6.88732173374738,7.31071757200755,0.442945893865164,0.447417312813926,"TSS_more_sig"
0.2,"eld vs kin","1104",0.00172867133984153,0.00353386189942448,2.76228756824199,2.45175042638834,-2.94769314151876,-2.37154914103487,0.459147713140636,0.459158344944927,"CLR_more_sig"
0.2,"eld vs kin","1105",2.15485565351984e-09,8.57027699698379e-07,8.66658181644498,6.06700514116694,-4.65409982218479,-4.36039612300115,0.491193629188751,0.522701731788093,"CLR_more_sig"
0.2,"eld vs kin","1108",0.00370725727717096,0.000127498028775005,2.43094727364713,3.89449652973007,2.43729344220894,2.80873486355859,0.421996246536441,0.440034793267534,"TSS_more_sig"
0.2,"eld vs kin","1112",1.08978144745419e-05,0.00133270319021222,4.96266058984066,2.87526656266873,-3.69311150768534,-3.24901786824644,0.525601141844765,0.529941854358543,"CLR_more_sig"
0.3,"cent vs mage","4",7.30964821146005e-06,4.56565556533621e-07,5.13610352365746,6.34049685493867,2.18060800323062,2.00487699541237,0.199301107562932,0.182726361459044,"TSS_more_sig"
0.3,"cent vs mage","7",9.69444719117751e-10,1.51124461363561e-10,9.0134769507592,9.82066523403688,4.13506745315576,3.95867315010671,0.418673462851535,0.414256935371792,"TSS_more_sig"
0.3,"cent vs mage","8",0.00135921658756208,0.000956509438059926,2.86671133407815,3.01931074034957,2.24938865509111,2.07416048704602,0.309837543665774,0.313269775981244,"TSS_more_sig"
0.3,"cent vs mage","9",0.00703594403775514,0.00265292365983648,2.15267762347705,2.57627524703568,1.99494735601631,1.81760590694991,0.263493569867345,0.271700251772452,"TSS_more_sig"
0.3,"cent vs mage","11",0.00280248185236879,0.000547840220322292,2.55245719102259,3.26134608668078,2.18850320764226,2.02016877261872,0.310746433535608,0.296987921987939,"TSS_more_sig"
0.3,"cent vs mage","14",6.50201889479916e-07,1.92149270983747e-07,6.18695177278282,6.71636125891411,2.67812388999,2.50596560017047,0.263707129783454,0.259663327317196,"TSS_more_sig"
0.3,"cent vs mage","19",0.000369917875324621,0.000269459035351919,3.4318946820199,3.5695072493005,2.48742324757666,2.31470266338774,0.333551306698184,0.344417233360771,"TSS_more_sig"
0.3,"cent vs mage","20",8.82734162462741e-07,3.57022209004427e-07,6.05417006557086,6.44730476722655,2.65144690414931,2.48510797359004,0.265137876040536,0.26925140935661,"TSS_more_sig"
0.3,"cent vs mage","21",2.96177366701529e-08,1.2191037392206e-08,7.52844813248665,7.91395933666701,2.83298184834544,2.66526913119501,0.264875589013142,0.261355606224211,"TSS_more_sig"
0.3,"cent vs mage","23",0.00167790823928671,0.00061904369840063,2.77523179336495,3.20827869297598,2.12013596569926,1.94005335235783,0.262355792621359,0.26611590889698,"TSS_more_sig"
0.3,"cent vs mage","24",8.62953877757145e-10,4.62120882244127e-09,9.06401241537499,8.33524440620866,4.46767768531259,4.2875652321444,0.480478994938517,0.491639941168667,"CLR_more_sig"
0.3,"cent vs mage","26",8.50071049825741e-06,2.60506290010262e-06,5.07054477398252,5.58418178605441,3.06117477473332,2.87584706784283,0.374201987510707,0.371934227449963,"TSS_more_sig"
0.3,"cent vs mage","32",0.00032000342911152,0.000106195810629889,3.49484536781687,3.97389261561057,2.11574031519389,1.93859129307781,0.226295377863777,0.22868643480389,"TSS_more_sig"
0.3,"cent vs mage","36",0.0249495056983843,0.00581791628719622,1.6029380542326,2.2352325320182,1.71119307925132,1.54002636694383,0.203963122659886,0.202997908360555,"TSS_more_sig"
0.3,"cent vs mage","39",4.10487638662175e-07,3.20063211708363e-07,6.38669991659969,6.4947642411018,3.55308762662593,3.39523757411847,0.42330377037404,0.416284413695918,"TSS_more_sig"
0.3,"cent vs mage","42",1.42010196930117e-06,3.59021178196036e-07,5.84768047032478,6.44487993219496,3.4247494329829,3.27589337365184,0.414926699730758,0.414957235811214,"TSS_more_sig"
0.3,"cent vs mage","47",0.00858726454395235,0.0161189198547582,2.06614515778265,1.79266406407158,2.5499177990052,2.354286207633,0.490590663248158,0.492194024869697,"CLR_more_sig"
0.3,"cent vs mage","55",0.00180914895464916,0.000804277494054139,2.74252567442321,3.09459408390824,2.47718060933521,2.2815748476418,0.367265891153405,0.356009886124418,"TSS_more_sig"
0.3,"cent vs mage","56",1.20063555277449e-05,4.91950072263485e-06,4.92058880062268,5.30807897129919,2.98234606841421,2.78872807195347,0.366902113953335,0.373595180225782,"TSS_more_sig"
0.3,"cent vs mage","69",0.00636216376415198,0.000178551355410388,2.19639515620442,3.74823684866348,2.64440012881415,2.45842370765816,0.391978134145794,0.391248254585997,"TSS_more_sig"
0.3,"cent vs mage","90",0.00020923836457947,4.39108390507163e-05,3.67935868310497,4.35742826429359,2.33721540022564,2.17096412702382,0.288285758345273,0.28337136143399,"TSS_more_sig"
0.3,"cent vs mage","92",0.00606717434649457,0.00264971942403521,2.21701352497805,2.57680011060827,1.90600609313545,1.72359000559442,0.245586961653473,0.239393240660955,"TSS_more_sig"
0.3,"cent vs mage","95",0.0272654790644489,0.0128848298504706,1.56438686719708,1.88992131211421,2.07036935261081,1.87917309545688,0.373278976865502,0.369699603804404,"TSS_more_sig"
0.3,"cent vs mage","100",0.023473803744344,0.00399677700203161,1.62941653071118,2.39829008228502,-2.67364823939529,-2.94359534270877,0.557570678047727,0.573972474864448,"TSS_more_sig"
0.3,"cent vs mage","106",2.51714200678939e-05,1.66326962667004e-05,4.59909228265373,4.7790373431537,2.70107472322148,2.5444334529397,0.319082775153924,0.336668970316103,"TSS_more_sig"
0.3,"cent vs mage","114",9.21436405987722e-05,4.69961749621588e-07,4.03553463275273,6.32793748803084,-3.59692500877115,-3.86346659983905,0.454100566919262,0.489864332647173,"TSS_more_sig"
0.3,"cent vs mage","119",0.0367228709313124,0.0103889107743161,1.4350633737429,1.98342998367491,1.84456246974195,1.67139551404879,0.247566370972241,0.238951263214321,"TSS_more_sig"
0.3,"cent vs mage","120",0.0267077902457694,0.0387756521662411,1.57336204323167,1.41144088907031,2.2963211533225,2.10566699273133,0.484296694905879,0.495496483717946,"CLR_more_sig"
0.3,"cent vs mage","132",1.06851841055744e-08,2.80005979051238e-10,7.97121799054753,9.55283269493908,-4.31459218980294,-4.40172918368474,0.480783471737946,0.482604301340574,"TSS_more_sig"
0.3,"cent vs mage","142",9.92227075840877e-05,8.13200196190908e-06,4.00338892613288,5.08980252525705,3.63732212594215,3.43042959841011,0.536165119937287,0.538288489806511,"TSS_more_sig"
0.3,"cent vs mage","143",4.61199451732326e-06,7.97948924169863e-09,5.33611121766044,8.09802490647019,-3.90107052240796,-4.0071774934867,0.466215267736139,0.446061807949723,"TSS_more_sig"
0.3,"cent vs mage","146",0.0469813527508859,0.0415159562471602,1.3280744825821,1.38178495441465,-1.98968642933228,-2.05774186125724,0.404007524358066,0.416994813802152,"TSS_more_sig"
0.3,"cent vs mage","148",0.00607686218421774,0.0092167138113489,2.21632061280727,2.03542389760086,-2.68525373022355,-2.8821854967169,0.486946828499035,0.513201303531587,"CLR_more_sig"
0.3,"cent vs mage","155",0.0154199468456789,0.0114348446178821,1.81191712334525,1.94176973241752,2.65842010377963,2.42032490203559,0.473663601605815,0.461452704555967,"TSS_more_sig"
0.3,"cent vs mage","168",3.15341030296374e-06,2.22973236529639e-06,5.50121951776466,5.65174726217621,3.58868687574992,3.44665076348471,0.445003531429875,0.453644952266175,"TSS_more_sig"
0.3,"cent vs mage","169",0.0181423810664847,0.00768604960084245,1.74130571528176,2.11429681720414,-2.32085104752516,-2.51856352492957,0.41287745769745,0.42784774905236,"TSS_more_sig"
0.3,"cent vs mage","210",1.09562198896684e-09,5.98707273159815e-10,8.96033926010634,9.22278546596658,-4.35933761354758,-4.48352884451091,0.458747560957972,0.472853527013697,"TSS_more_sig"
0.3,"cent vs mage","212",0.0338434365190803,0.0116512912621392,1.47052554440673,1.93362594099455,2.39550240104926,2.11982996888266,0.38114201633348,0.370888332702975,"TSS_more_sig"
0.3,"cent vs mage","219",4.50284329299205e-06,4.48091211532655e-07,5.34651316699955,6.34863357387384,-3.9435299450198,-4.01404056723844,0.464950435791474,0.465024423739604,"TSS_more_sig"
0.3,"cent vs mage","289",0.0371354519050068,0.00734635881577638,1.43021128674349,2.13392786337079,-2.45490996931147,-2.7139481690373,0.46803078581563,0.486887185250361,"TSS_more_sig"
0.3,"cent vs mage","294",7.7240896160403e-05,0.0102882904818459,4.11215269611403,1.98765678228126,2.8942765758375,2.6591301549222,0.387825070587059,0.401116084984339,"CLR_more_sig"
0.3,"cent vs mage","353",5.96087358877026e-05,2.65494086510881e-05,4.22469008808189,4.5759451477437,-3.21881990312376,-3.41384128752575,0.443379446712794,0.451118914419017,"TSS_more_sig"
0.3,"cent vs mage","488",0.0353395730225301,0.0336848272739709,1.45173870200184,1.4725656752418,-2.07175355540153,-2.12273822793552,0.46419878916643,0.466242052567428,"TSS_more_sig"
0.3,"cent vs mage","531",0.0406957997221083,0.0333002104207076,1.39045041268251,1.4775530222215,-2.20077899034911,-2.33008220797006,0.460034758638896,0.474125768782405,"TSS_more_sig"
0.3,"cent vs mage","652",0.000766984262149484,0.000637869692580022,3.11521354730494,3.19526803220907,2.31132991463852,2.15503415260614,0.297687795759844,0.31361664253832,"TSS_more_sig"
0.3,"cent vs mage","671",0.000710779474817136,0.000357646824238032,3.14826512180984,3.4465456269652,2.51586907403465,2.37149234553799,0.35285176124982,0.361722003884998,"TSS_more_sig"
0.3,"cent vs mage","675",0.00103819157088127,0.00125046913951749,2.98372250149706,2.90292702180844,-3.00262740062484,-3.05454071915908,0.463726011522393,0.471143094846788,"CLR_more_sig"
0.3,"cent vs mage","728",0.000227085317086466,0.000100843546770333,3.64381094554457,3.99635188814736,2.52593349744402,2.29238685101744,0.31206364366856,0.30306449337966,"TSS_more_sig"
0.3,"cent vs mage","762",0.00422707346715897,0.00097362447378804,2.37396020400337,3.01160851787422,2.55649950264015,2.35316034815709,0.38230356018674,0.379314105028708,"TSS_more_sig"
0.3,"cent vs mage","770",0.0309015709522706,0.00338232138956999,1.51001944165736,2.47078512793721,-2.05391413161092,-2.24673233314401,0.325623284216938,0.354066483451032,"TSS_more_sig"
0.3,"cent vs mage","788",0.0188511069302178,0.011676394719793,1.72466314309368,1.93269123213808,2.50445504792037,2.41764738232384,0.522900036754139,0.535974781583815,"TSS_more_sig"
0.3,"cent vs mage","798",0.0264941074848986,0.0260575516548259,1.57685070611426,1.58406639264304,2.20743743863416,2.08307939985267,0.411968353345769,0.437462363632038,"TSS_more_sig"
0.3,"cent vs mage","819",0.033538901437571,0.0344156138174189,1.4744511667572,1.46324448021048,-2.06744935025886,-2.23402538490738,0.440525177110756,0.449719558809958,"CLR_more_sig"
0.3,"cent vs mage","829",0.00157566241265342,0.000840023843592065,2.8025368249344,3.0757083865649,2.57022309736064,2.40221297956494,0.387829751241791,0.397945819447782,"TSS_more_sig"
0.3,"cent vs mage","834",0.0186034746382044,0.0283426811268377,1.73040593345586,1.54755906927857,2.26733312470163,2.06373328557222,0.404709731374873,0.397843641896141,"CLR_more_sig"
0.3,"cent vs mage","848",0.00280819753970625,0.00232716333128251,2.55157234547852,2.6331731348115,2.32097340443763,2.1930725505315,0.328467182430149,0.331485082779106,"TSS_more_sig"
0.3,"cent vs mage","849",0.0475147423465315,0.0427949725682313,1.3231716213984,1.36860724767186,-1.86757138348985,-2.0322219785135,0.37959395667446,0.413329578475904,"TSS_more_sig"
0.3,"cent vs mage","854",3.79418114957568e-05,4.34651016457104e-05,4.42088193797476,4.36185930041429,3.39158844407522,3.24088930923143,0.466473382749272,0.461684798727848,"CLR_more_sig"
0.3,"cent vs mage","857",6.0558422635166e-05,0.0121289518283653,4.21782544542616,1.91617672879757,2.4872703231543,2.24672225680614,0.324467108579188,0.33970253413068,"CLR_more_sig"
0.3,"cent vs mage","886",0.00826883520085659,0.00061411047850867,2.08255566353917,3.21175349222918,3.22653477895684,3.0714498705675,0.535294810512489,0.52335064272706,"TSS_more_sig"
0.3,"cent vs mage","917",0.0451067243458318,0.0315201185060946,1.34575871025949,1.50141215836376,-2.36039339384396,-2.53625740224977,0.478425600842694,0.498699209872081,"TSS_more_sig"
0.3,"cent vs mage","921",4.53261582442084e-06,9.15435367972635e-09,5.34365108932531,8.03837231255693,-3.81460232025242,-4.01221870472692,0.465945311167247,0.474226101512733,"TSS_more_sig"
0.3,"cent vs mage","947",0.00027044936711598,0.000671898745952487,3.56791403052201,3.17269616948687,2.59599548992842,2.45128152568777,0.417027517253004,0.408568188433875,"CLR_more_sig"
0.3,"cent vs mage","966",0.0452606309902165,0.0414655237853385,1.34427939572687,1.38231284431409,-2.32325012431686,-2.53159603716501,0.512551114577922,0.533156707371299,"TSS_more_sig"
0.3,"cent vs mage","978",0.000443258439143594,1.62043943475476e-05,3.35334298716843,4.79036719643883,3.35777432278889,3.15683888684687,0.454535530660335,0.451971413048873,"TSS_more_sig"
0.3,"cent vs mage","984",0.00127631645094052,0.00121522066539155,2.89404163293598,2.9153448537032,2.64809788700847,2.51372507058046,0.424449315525004,0.422239255594651,"TSS_more_sig"
0.3,"cent vs mage","989",0.0142603390219771,0.00912338025337764,1.8458701495456,2.03984422379869,2.42948832715707,2.26534774386806,0.373560763011743,0.385007226462108,"TSS_more_sig"
0.3,"cent vs mage","1004",0.0372618559431746,0.0105236027410285,1.42873551750725,1.9778355546034,-2.38057541567305,-2.46637603501756,0.451801910783333,0.46822959456147,"TSS_more_sig"
0.3,"cent vs mage","1017",0.0360087672992511,0.0263977280784978,1.44359174572942,1.57843344909342,2.34512068007342,2.1046909219434,0.377457025006291,0.386277350641927,"TSS_more_sig"
0.3,"cent vs mage","1019",0.00168633156346312,0.000456761271843316,2.77305703111972,3.34031072642983,-2.64123636028981,-2.87736796645432,0.388551930714249,0.404076262979169,"TSS_more_sig"
0.3,"cent vs mage","1030",0.0117063580704657,0.00532912041223896,1.93157819595317,2.2733444667022,2.47159200474267,2.24953057411271,0.407536953019031,0.40912861250902,"TSS_more_sig"
0.3,"cent vs mage","1043",2.96970725178646e-05,2.23973537019706e-05,4.52728636051446,4.64980329151064,2.80110971705929,2.62267582086906,0.321653044388182,0.323094687651272,"TSS_more_sig"
0.3,"cent vs mage","1058",0.0149585612351693,0.00138080083784216,1.82511017636967,2.85986895810764,-2.71532480369799,-2.90407864452619,0.455880970871454,0.46526618176629,"TSS_more_sig"
0.3,"cent vs mage","1074",3.64230971218997e-06,4.43078651239713e-07,5.43862312812477,6.35351917497889,3.30847277158637,3.09143867783831,0.366311746586729,0.374084801426648,"TSS_more_sig"
0.3,"cent vs mage","1076",0.00126902638824535,0.00211565206477214,2.89652934705408,2.6745557538269,2.58930215424008,2.4376047598629,0.428413399192493,0.415908122694389,"CLR_more_sig"
0.3,"cent vs mage","1079",0.0382245324789254,0.0198451016955721,1.41765781770281,1.7023466712233,-2.06509593410191,-2.23790681826914,0.399055111905763,0.425083285185869,"TSS_more_sig"
0.3,"cent vs mage","1087",8.49885535393104e-06,5.67950427364671e-07,5.07063956216173,6.24568956932686,3.8254508960344,3.63844002440811,0.494798803645394,0.491461483553731,"TSS_more_sig"
0.3,"cent vs mage","1091",0.0252102309469968,0.00800303704613409,1.59842317580126,2.09674517274813,2.66261655234029,2.55852771767282,0.483505821583176,0.476714839177768,"TSS_more_sig"
0.3,"cent vs mage","1098",1.59706617294997e-10,9.1599518368489e-11,9.79667708890119,10.0381068098524,4.53335739462943,4.35549651521297,0.442512564777797,0.442128373102332,"TSS_more_sig"
0.3,"cent vs mage","1104",0.0232318630609197,0.00535635651525777,1.63391596090003,2.27113052436797,-2.41162837502047,-2.58893434744972,0.434970513904149,0.45065314292026,"TSS_more_sig"
0.3,"eld vs kin","3",6.60130908269885e-11,1.98279545560176e-09,10.1803699324858,8.7027220851317,-4.83228788490346,-4.4198589649087,0.432410253292171,0.446462266995529,"CLR_more_sig"
0.3,"eld vs kin","4",5.47623538158088e-07,4.39244050866681e-12,6.26151789313031,11.3572941118891,2.39324680520664,2.79729607898644,0.227745822176008,0.219796171712423,"TSS_more_sig"
0.3,"eld vs kin","5",0.00138859815818643,0.00430733734364852,2.85742341512008,2.3657911136686,-2.8676356852878,-2.46546422568275,0.384931453047086,0.384011975981823,"CLR_more_sig"
0.3,"eld vs kin","7",5.60476095660541e-28,8.71720755281465e-30,27.25144290536,29.0596226135338,7.46720354569146,7.8777880482917,0.469115449515363,0.464774095557803,"TSS_more_sig"
0.3,"eld vs kin","8",0.0349108710703171,0.00162182211644893,1.4570393148549,2.78999678149425,1.90047161358464,2.32232281577533,0.379654807487396,0.396358263330234,"TSS_more_sig"
0.3,"eld vs kin","10",0.0153673624316074,0.0325032308296035,1.81340066598724,1.48807346789095,-2.83734551722511,-2.41829671574532,0.482350932350868,0.472842788821948,"CLR_more_sig"
0.3,"eld vs kin","11",5.22534019374752e-07,2.86879115963826e-10,6.28188542972259,9.5423010660858,3.09667684720634,3.51970291200361,0.35326440997857,0.354708948375253,"TSS_more_sig"
0.3,"eld vs kin","14",2.42180880970303e-07,2.61952386133099e-11,6.61586014532526,10.581777641195,2.72315753552232,3.12982312216789,0.280580506671389,0.275809292092612,"TSS_more_sig"
0.3,"eld vs kin","15",0.00031228166741111,2.73195685646945e-06,3.50545351040921,5.56352616338919,2.83347806532218,3.21831128248816,0.447369032301679,0.426696757444734,"TSS_more_sig"
0.3,"eld vs kin","16",1.13275165695428e-09,1.95513195444517e-13,8.9458652938757,12.7088239261691,2.89116240377777,3.2927462061436,0.263667788165452,0.266637101209121,"TSS_more_sig"
0.3,"eld vs kin","21",3.60782593324884e-16,2.39005470566021e-20,15.4427544240273,19.6215921584266,3.97755056853075,4.36614143123416,0.299049002322256,0.29469456083287,"TSS_more_sig"
0.3,"eld vs kin","23",0.000352479064864837,2.12625031527831e-06,3.45286667238515,5.67238560898261,2.26446164942528,2.6949522692792,0.298041442866162,0.311097135408651,"TSS_more_sig"
0.3,"eld vs kin","25",8.30399545408639e-05,7.80430843735061e-07,4.08071289724438,6.10766557500377,2.8995322863033,3.30368584494516,0.412738393034799,0.419241694955146,"TSS_more_sig"
0.3,"eld vs kin","26",0.00210016068989764,1.12779725674128e-05,2.67774747475847,4.94776896612608,2.30688822727492,2.73113008479944,0.365433949241228,0.364877542857866,"TSS_more_sig"
0.3,"eld vs kin","29",0.000213799647803227,2.10953008289295e-07,3.66999301454932,6.675814276994,2.31228357155162,2.72299699380329,0.290909861217528,0.292246147258008,"TSS_more_sig"
0.3,"eld vs kin","31",3.13024858748599e-05,1.40427715130617e-06,4.50442117175499,5.85254717040824,3.46775062034413,3.880499850901,0.522531798235546,0.541173643983144,"TSS_more_sig"
0.3,"eld vs kin","32",0.0357006394828777,0.0015864803635342,1.44732400457695,2.7995652989569,1.6275723215903,2.03339595050101,0.277923088753398,0.290957712144196,"TSS_more_sig"
0.3,"eld vs kin","33",0.000580721819962115,0.00145226425251271,3.23603185553873,2.83795435266736,-3.30475782823731,-2.90228262868903,0.455470937490481,0.458441774997562,"CLR_more_sig"
0.3,"eld vs kin","36",0.00182972408303762,4.60371410047352e-06,2.73761439565138,5.33689165472993,1.98869319042382,2.40035923614609,0.256055150164517,0.263219582950174,"TSS_more_sig"
0.3,"eld vs kin","47",0.00757848595970882,0.000127691060728922,2.12041754964783,3.89383950533636,2.72810632307515,3.0860055588055,0.545786097154231,0.526204446266107,"TSS_more_sig"
0.3,"eld vs kin","49",0.0286161672865488,0.00188149473779318,1.54338853402023,2.725496991987,1.86238371571503,2.24534516305884,0.35322570085173,0.365127284742675,"TSS_more_sig"
0.3,"eld vs kin","55",0.00226075450858391,6.21246079997003e-05,2.64574659437987,4.20673633860636,2.41418581188119,2.80421315264277,0.430887239165396,0.414511535995445,"TSS_more_sig"
0.3,"eld vs kin","57",0.0446642372539971,0.0405646641641492,1.35004007820285,1.39185211520593,-2.47305079575428,-2.09392460759229,0.454876937526425,0.477076954604138,"TSS_more_sig"
0.3,"eld vs kin","58",0.0471118940047011,0.00252614277963101,1.3268694357903,2.59754210641194,1.72055350440863,2.12394942825917,0.35261373112512,0.368929413393261,"TSS_more_sig"
0.3,"eld vs kin","61",0.00644476538438709,0.00021202434031555,2.19079288810432,3.67361427936397,2.09275060232334,2.49439596743537,0.358369558693375,0.360710459523065,"TSS_more_sig"
0.3,"eld vs kin","65",0.00337368588466845,0.00420343708188816,2.47189535592169,2.37639544882807,-2.78123617994207,-2.36138685308542,0.373089030196532,0.368089350646972,"CLR_more_sig"
0.3,"eld vs kin","67",4.35787094546965e-09,3.49078366236137e-08,8.36072563514995,7.45707706529467,-5.48611022707832,-5.08376884647865,0.559853692904453,0.562532232710304,"CLR_more_sig"
0.3,"eld vs kin","70",0.00989917020605219,0.00152101463538403,2.00440120843643,2.81786660709365,2.47395421227959,2.84998135008597,0.518568506908073,0.51093235107478,"TSS_more_sig"
0.3,"eld vs kin","71",0.0404462309246166,0.000677815458327437,1.39312194289985,3.16888853082211,2.5316778437914,3.0028861269337,0.543110537702938,0.527389923690092,"TSS_more_sig"
0.3,"eld vs kin","74",2.67919555127948e-06,1.36996067635373e-08,5.57199558660001,7.86329189874701,3.71648294234716,4.13897786202141,0.499856429517559,0.501967531803689,"TSS_more_sig"
0.3,"eld vs kin","77",0.00238904111369411,0.000150250358916978,2.62177637628744,3.82318448188445,2.24462729081395,2.61611390016451,0.360628909581433,0.365546517519252,"TSS_more_sig"
0.3,"eld vs kin","79",7.37309426314455e-06,0.000115345556336734,5.13235021371635,3.93799913192407,-3.8275555036153,-3.46833040248536,0.469746895550504,0.490329206663521,"CLR_more_sig"
0.3,"eld vs kin","80",0.000620200130731256,5.59543539794968e-06,3.20746814655426,5.25216611403824,2.35789490904905,2.77065112064084,0.366956210520599,0.348867089819122,"TSS_more_sig"
0.3,"eld vs kin","82",0.00061809924577994,0.0135995213611414,3.20894178634477,1.86647637647339,-3.86821092535182,-3.4927048470246,0.590620637308145,0.609733359828023,"CLR_more_sig"
0.3,"eld vs kin","83",0.000178070408985067,0.000931005159892797,3.74940824382829,3.03104791202966,-3.51155845474967,-3.05319512722761,0.494355316686077,0.519784038138108,"CLR_more_sig"
0.3,"eld vs kin","84",8.63333144874696e-06,2.09852287175818e-05,5.06382158544137,4.67808629305995,-3.82028932617649,-3.45040584163106,0.451509210250104,0.478584379485117,"CLR_more_sig"
0.3,"eld vs kin","87",0.015305750872457,0.0174192474331574,1.81514535984217,1.75897061182474,-2.99204946725348,-2.48957604570014,0.511342594560413,0.514358460289943,"CLR_more_sig"
0.3,"eld vs kin","89",3.34008218780613e-12,2.33647933341034e-16,11.4762428465802,15.6314380560373,4.86718149654603,5.22195936765068,0.455107274861722,0.442138988732264,"TSS_more_sig"
0.3,"eld vs kin","91",2.56565643260588e-06,0.000101953632066817,5.5908015004994,3.99159729800277,-4.43858276929557,-3.97261243136734,0.575544253239057,0.594498791536062,"CLR_more_sig"
0.3,"eld vs kin","100",0.000259861318352155,0.000470508680372426,3.58525836257853,3.32743235990289,-3.78840898812997,-3.36543385997528,0.543476550862322,0.568296674823702,"CLR_more_sig"
0.3,"eld vs kin","102",0.0115778767410874,0.0227618089352763,1.93637107827505,1.64279322648652,-2.90389495084556,-2.50247558976143,0.528456578649448,0.53295583644641,"CLR_more_sig"
0.3,"eld vs kin","103",0.0242633368983485,0.000862648848187421,1.61504947152872,3.06416595321813,2.1753700547834,2.56071901893456,0.445718639409022,0.450253191713729,"TSS_more_sig"
0.3,"eld vs kin","111",0.00110914908950661,0.0041877997948765,2.95501007296884,2.37801408870731,-3.26283229146896,-2.83887568524639,0.443520130037841,0.460912515638768,"CLR_more_sig"
0.3,"eld vs kin","118",0.0458580810944045,0.0427576052764422,1.33858412203406,1.36898662629652,-2.26717445187958,-1.88636109563412,0.393652891432207,0.392726752022929,"TSS_more_sig"
0.3,"eld vs kin","119",0.000194151395112357,9.40620486344747e-07,3.71185948439982,6.0265855667237,2.32626693862402,2.75479913016716,0.305226240072924,0.319981760162513,"TSS_more_sig"
0.3,"eld vs kin","121",1.5665495581785e-10,2.67508356547089e-13,9.80505586155278,12.5726626467433,4.52037928043643,4.94675721960083,0.481566093211205,0.499110137944107,"TSS_more_sig"
0.3,"eld vs kin","124",0.000697634318241271,2.73266566447499e-05,3.1563721636027,4.56341350001451,2.48216198010126,2.88249946583443,0.432096233439175,0.433491023465211,"TSS_more_sig"
0.3,"eld vs kin","125",0.00048415641069756,1.77972008907972e-05,3.31501431329509,4.74964829731316,2.98341093273382,3.32810988750238,0.526927635772466,0.536124835761441,"TSS_more_sig"
0.3,"eld vs kin","130",0.00215411606244953,0.0119251582818952,2.66673090088787,1.92353584788554,-3.3750493543964,-2.96240618045351,0.566565089477667,0.584915446428558,"CLR_more_sig"
0.3,"eld vs kin","133",0.0436678184154863,0.0438038962079541,1.35983850429534,1.3584872587571,-2.54335835091892,-2.16819065434007,0.458696230360544,0.498109312099145,"CLR_more_sig"
0.3,"eld vs kin","138",2.12041929832909e-08,6.70053797629333e-11,7.67357825183304,10.1738903270371,3.74496530743082,4.21142058651383,0.43205503571042,0.442153936959959,"TSS_more_sig"
0.3,"eld vs kin","139",8.19610946700608e-06,6.58712638792985e-05,5.0863922498073,4.1813040036218,-4.06580691152404,-3.66775477651822,0.544541466906213,0.529239067745368,"CLR_more_sig"
0.3,"eld vs kin","147",0.0386644626711157,0.0474315320586108,1.41268802093378,1.32393284722553,-2.97217801916803,-2.5188744545768,0.559907326580546,0.558124324844874,"CLR_more_sig"
0.3,"eld vs kin","151",2.21637128543458e-15,1.64984313730078e-15,14.6543574850498,14.782557345388,5.34950664626899,5.78339337221732,0.482890757030041,0.485127642220592,"TSS_more_sig"
0.3,"eld vs kin","163",0.0125136411319633,0.0345186830267782,1.90261630394079,1.4619457820505,-3.11455465224742,-2.60418229265661,0.561376258592648,0.581068455164344,"CLR_more_sig"
0.3,"eld vs kin","164",8.15621818999946e-05,4.18534690872549e-07,4.08851116476672,6.37826853903245,3.16982810886621,3.57049831239264,0.474297988002159,0.463186123900822,"TSS_more_sig"
0.3,"eld vs kin","169",0.00163300699432556,0.00568464983177528,2.78701195513443,2.24529628221838,-3.44407308334658,-3.13175914527043,0.504509153182984,0.533512562135676,"CLR_more_sig"
0.3,"eld vs kin","172",0.00856644405348225,0.0115125558873415,2.06719941710048,1.93882824852103,-2.84038108214353,-2.45998472624511,0.450178883714575,0.470064770950395,"CLR_more_sig"
0.3,"eld vs kin","206",0.00807088579529145,0.00199696598329022,2.09307879800459,2.69962933292358,2.82256081981738,3.15102612898634,0.536622967690855,0.545976399923089,"TSS_more_sig"
0.3,"eld vs kin","207",4.70021051650244e-07,9.60247061636617e-08,6.32788269012643,7.0176170131052,3.53563034734367,3.91014366477764,0.458391874717024,0.468894739409628,"TSS_more_sig"
0.3,"eld vs kin","222",0.000145307348033907,0.000205562248725582,3.83771242334899,3.68705664004422,3.25586664008703,3.70335369502046,0.501240263400091,0.523029229461775,"CLR_more_sig"
0.3,"eld vs kin","223",0.0495875763391256,0.00173919212592056,1.30462711792923,2.7596524394934,2.48071043572086,2.96065852614012,0.535128853449222,0.537008938451927,"TSS_more_sig"
0.3,"eld vs kin","246",0.00238739544561206,6.93283842529099e-05,2.62207563896433,4.15908892122373,2.74658083429937,3.25570891687285,0.466324541389262,0.482268767763967,"TSS_more_sig"
0.3,"eld vs kin","265",0.0353834427812519,4.07450314726655e-05,1.45119991285768,4.38992534239793,2.51135317558952,3.09810655565347,0.479649198048822,0.477737067043383,"TSS_more_sig"
0.3,"eld vs kin","267",0.0142616560338722,0.0363993844785785,1.84583004218299,1.43890596030196,-3.27631792711481,-2.80211372146817,0.604192853552065,0.608827444248554,"CLR_more_sig"
0.3,"eld vs kin","282",0.00808885067210581,0.0108620055256507,2.09211318199984,1.96408998061179,-3.03251940071986,-2.62921932317985,0.475919954672256,0.466137772181651,"CLR_more_sig"
0.3,"eld vs kin","294",0.00291231920331657,8.5743448307079e-05,2.5357610261167,4.06679905464132,2.56769560998736,2.92657416375298,0.431702452226558,0.443735792185958,"TSS_more_sig"
0.3,"eld vs kin","329",0.0011957205416753,1.47235353456405e-05,2.92237030980407,4.83198789674075,2.57156450916949,2.84355455541912,0.422719975296236,0.432030120388501,"TSS_more_sig"
0.3,"eld vs kin","344",6.65084031140928e-05,5.21065016070691e-08,4.17712347957622,7.28310808407269,3.06408545856791,3.43562484946498,0.426288376479777,0.426726251343317,"TSS_more_sig"
0.3,"eld vs kin","435",0.0432104838335307,0.0252961707030281,1.36441087080851,1.5969452167061,2.64287958669036,2.9595131326812,0.570694870982039,0.570701247627294,"TSS_more_sig"
0.3,"eld vs kin","614",0.0236912609617856,0.0296985538831638,1.62541182344054,1.52726469734449,-2.92327200141155,-2.52634315091688,0.491037212300676,0.50240432186477,"CLR_more_sig"
0.3,"eld vs kin","616",0.0204251526637924,0.0187048107900025,1.6898346887346,1.72804668058384,-2.74275861503687,-2.34958190432989,0.430885134792822,0.439601600021876,"TSS_more_sig"
0.3,"eld vs kin","652",0.0298363607363996,0.00125432756862977,1.52525415065268,2.90158903234827,1.80657060447109,2.25541634504189,0.3535756085836,0.357520617125918,"TSS_more_sig"
0.3,"eld vs kin","666",1.50063344134602e-07,3.69601027862022e-06,6.82372537960369,5.43226682967546,-3.97847227831191,-3.59016182775171,0.411311835976624,0.425761998264109,"CLR_more_sig"
0.3,"eld vs kin","670",0.0394476812806497,0.00961190685283366,1.40397851936493,2.0171904465132,1.98208729261458,2.45081600985531,0.435843690411258,0.423774977631479,"TSS_more_sig"
0.3,"eld vs kin","728",1.74383365191951e-12,8.43274940601632e-15,11.7584949457217,14.0740308053057,3.998128785296,4.41770346542401,0.384667216058421,0.379979934910426,"TSS_more_sig"
0.3,"eld vs kin","744",0.00106124069082243,0.000108902230473444,2.97418610635193,3.96296322518097,-3.66710364897738,-3.32938809532185,0.52409495261756,0.526987788503302,"TSS_more_sig"
0.3,"eld vs kin","770",0.00663284767407058,0.0199178799153395,2.17829997632897,1.70075689031342,-2.75809110712194,-2.30190992927728,0.427628255833033,0.437247268673745,"CLR_more_sig"
0.3,"eld vs kin","786",4.58598237522567e-05,1.43967871428625e-06,4.3385676186765,5.84173441636366,-3.85053413090217,-3.46001314310609,0.491952330152619,0.505321309406418,"TSS_more_sig"
0.3,"eld vs kin","849",0.00651235610863341,0.0200731510022332,2.18626185938023,1.69738444836609,-2.86060867914019,-2.46458518660907,0.395840622775319,0.435147856683607,"CLR_more_sig"
0.3,"eld vs kin","854",0.00339778293669138,1.44342836406053e-06,2.46880436896557,5.84060476485927,3.17147245608037,3.65148364134372,0.470048232932589,0.470495196685858,"TSS_more_sig"
0.3,"eld vs kin","879",0.0350658516182811,0.0108457324145224,1.45511560924976,1.96474111466452,-2.62522785885759,-2.27588947513304,0.415274441571936,0.411224899361962,"TSS_more_sig"
0.3,"eld vs kin","886",1.54792672995186e-08,2.86939511670912e-10,7.8102496001975,9.54220964513446,4.50426964888244,4.87163966077357,0.520879222684028,0.527024168303018,"TSS_more_sig"
0.3,"eld vs kin","888",0.000506192408113222,4.05957900891384e-06,3.29568437268875,5.39151900178871,2.70502733102882,3.11509379186949,0.439460217185565,0.44280626763925,"TSS_more_sig"
0.3,"eld vs kin","891",0.001588136028491,0.00325259723818197,2.79911230172447,2.48776971110009,-3.35477484689628,-3.00798150170927,0.555831856642158,0.568659877883487,"CLR_more_sig"
0.3,"eld vs kin","895",0.00588509702126128,0.0321250914608501,2.23024637301578,1.49315562721284,-3.18253813835552,-2.82541516340417,0.495804256849109,0.499562774777765,"CLR_more_sig"
0.3,"eld vs kin","914",0.0366922347233829,0.0196325108196579,1.43542583693638,1.70702415453188,-2.98111154261538,-2.57150536986355,0.554885355258183,0.561289756868301,"TSS_more_sig"
0.3,"eld vs kin","922",0.0301464056247924,0.0040856616251309,1.52076446164573,2.38873760452288,2.18637934068948,2.54833350239808,0.478891027800055,0.474192782081379,"TSS_more_sig"
0.3,"eld vs kin","926",0.0192689411080411,0.00288825946350063,1.71514215060506,2.53936379499955,2.06503875891874,2.32855872801688,0.428327344116612,0.40893889091846,"TSS_more_sig"
0.3,"eld vs kin","944",0.00728379818373895,0.000134161935580614,2.13764209594999,3.87237068470492,1.88413957122222,2.27782327573397,0.296330271402897,0.291352658673984,"TSS_more_sig"
0.3,"eld vs kin","947",4.14039300070548e-10,1.27664936338511e-11,9.38295843425658,10.8939283669944,4.06432834903098,4.50181355057825,0.425768187756147,0.441007979097576,"TSS_more_sig"
0.3,"eld vs kin","978",2.61009487283028e-18,3.64064259036865e-25,17.5833437064557,24.438821954587,6.02837744768426,6.36252442322226,0.415250463778311,0.411613241250527,"TSS_more_sig"
0.3,"eld vs kin","984",5.84335275994314e-12,7.05946917737004e-18,11.233337894783,17.1512279536233,4.78979913732501,5.23149990944158,0.419878299037749,0.416034396398977,"TSS_more_sig"
0.3,"eld vs kin","988",0.000896953683991948,3.30458182288917e-05,3.04722998204626,4.48088349033938,3.06406423698727,3.45740911706448,0.533726335782955,0.523418213221637,"TSS_more_sig"
0.3,"eld vs kin","991",0.000343850337442854,0.00341897803093295,3.46363054512013,2.46610368980746,-3.90524931274859,-3.46814559102952,0.549277385047952,0.576105843992621,"CLR_more_sig"
0.3,"eld vs kin","1014",2.74924462364207e-07,7.21139623008889e-07,6.56078661556895,6.14198064147782,-4.50056893906975,-4.06807353396942,0.512943890720431,0.519190986911615,"CLR_more_sig"
0.3,"eld vs kin","1019",0.0468324738335883,0.00262348682140171,1.32945290085768,2.58112111305775,1.8720261570494,2.28985620245571,0.418376122480022,0.421849603712828,"TSS_more_sig"
0.3,"eld vs kin","1020",0.0136667365299006,0.00104119337134064,1.86433517791656,2.98246860544884,2.28045271365619,2.64290278454631,0.427989887632394,0.413026544463738,"TSS_more_sig"
0.3,"eld vs kin","1021",0.000140673137578193,0.000479035659579545,3.85178882591535,3.31963215635122,-3.96587125844682,-3.49517921580117,0.562766422202971,0.554285219115333,"CLR_more_sig"
0.3,"eld vs kin","1030",7.14292647712997e-11,2.0074010370476e-11,10.1461238200898,10.6973658558244,4.07555987373634,4.38004522712897,0.441175276202258,0.430824189995367,"TSS_more_sig"
0.3,"eld vs kin","1043",0.00764783153430445,6.43497571851047e-05,2.11646168722356,4.19145308750657,2.2872624926658,2.69093000717188,0.417403318597171,0.427079750478322,"TSS_more_sig"
0.3,"eld vs kin","1059",0.0170334703556167,0.00359248536770968,1.76869686097738,2.44460499208334,2.55196552615159,3.00306665278701,0.583557242547541,0.59155017879256,"TSS_more_sig"
0.3,"eld vs kin","1074",5.8166231453838e-16,1.53279471462255e-21,15.2353290729013,20.8145160057957,4.92636533758457,5.37408106519422,0.400509269945248,0.391752187511964,"TSS_more_sig"
0.3,"eld vs kin","1076",1.46242456768022e-12,3.85497249099859e-14,11.8349265257142,13.4139787167181,4.35718757073966,4.81523096178896,0.424260196400453,0.420025118333399,"TSS_more_sig"
0.3,"eld vs kin","1082",0.0140054462136136,3.57201322840676e-05,1.85370304999478,4.44708694143707,2.77576262454278,3.19511648269435,0.500408813151919,0.484293367021925,"TSS_more_sig"
0.3,"eld vs kin","1089",1.74355301799888e-08,4.39689967405146e-12,7.75856484205097,11.356853443751,2.88490467150792,3.29767734221636,0.282132244927565,0.289359386319405,"TSS_more_sig"
0.3,"eld vs kin","1098",2.66488674907456e-24,1.15502757305747e-29,23.5743212426588,28.9374076480803,6.84960316314596,7.29677129845538,0.440921204002083,0.451705971901363,"TSS_more_sig"
0.3,"eld vs kin","1104",0.0261305038168836,0.0257602889455765,1.58285221664914,1.58904926993157,-2.89615145982644,-2.51990371440175,0.459335751834797,0.474373780694286,"TSS_more_sig"
0.3,"eld vs kin","1105",7.05712919066524e-08,9.07617748766714e-08,7.15137193212241,7.04209701993113,-4.68749241935347,-4.29871092846537,0.503284809545096,0.514303801081108,"CLR_more_sig"
0.3,"eld vs kin","1108",0.0120755459421598,0.000158246316714335,1.9180932254371,3.80066638967873,2.37538241613365,2.81815407421344,0.429466020830014,0.443381053020297,"TSS_more_sig"
0.3,"eld vs kin","1112",0.00010505994059517,0.000318865634222534,3.97856284909923,3.49639228436869,-3.7932426057241,-3.30476683461597,0.532789165384592,0.531415852529928,"CLR_more_sig"
0.4,"cent vs mage","4",4.16356838224912e-05,2.47798814126066e-07,4.38053429811519,6.60590077632855,2.10676196015451,2.13963857527893,0.199446880374016,0.182679646278923,"TSS_more_sig"
0.4,"cent vs mage","7",1.99182961024026e-09,5.96044215450047e-10,8.70074781576044,9.22472152245151,4.07543072216435,4.10107818889974,0.41888035791693,0.41633418643928,"TSS_more_sig"
0.4,"cent vs mage","8",0.00231230382395098,0.00120930559999849,2.63595510260605,2.9174639360111,2.17880371685822,2.20777950006858,0.309730347545423,0.313516851405048,"TSS_more_sig"
0.4,"cent vs mage","9",0.00896148861571285,0.00316861500423128,2.04761984258217,2.49913052562359,1.91605538558273,1.95778689818638,0.263351890603631,0.271670514189395,"TSS_more_sig"
0.4,"cent vs mage","11",0.00338290397839417,0.00112384576364765,2.47071032921332,2.94929328715927,2.13056534807225,2.14697375224753,0.311209176523972,0.297155974809219,"TSS_more_sig"
0.4,"cent vs mage","14",1.31642135306008e-06,7.00847267090676e-08,5.88060508183121,7.1543766158234,2.60188901674276,2.63931293059665,0.263864767985838,0.259202399314834,"TSS_more_sig"
0.4,"cent vs mage","19",0.000958718121995928,0.000315074010831039,3.01830906337822,3.50158741852757,2.40141843176505,2.44778938378217,0.333448365287976,0.346215646811765,"TSS_more_sig"
0.4,"cent vs mage","20",2.07355075507381e-06,2.60678132283802e-07,5.68328532978214,6.58389539931425,2.57671540442071,2.62363646994354,0.265527819109181,0.268678721905779,"TSS_more_sig"
0.4,"cent vs mage","21",4.2321066673285e-08,9.21261393494952e-09,7.37344339474216,8.03561712805947,2.75402870847481,2.80100992774915,0.264568496428116,0.261212942262877,"TSS_more_sig"
0.4,"cent vs mage","22",0.0227499158382354,0.0312653354908281,1.64302020564676,1.50493690678713,-1.70152352622376,-1.67003424719165,0.326805579343816,0.321843414203393,"CLR_more_sig"
0.4,"cent vs mage","23",0.00181123582508714,0.000631379854794153,2.74202500033955,3.19970927909776,2.04122816888768,2.07134704901179,0.261947635129126,0.267258340110565,"TSS_more_sig"
0.4,"cent vs mage","24",2.55253804570373e-09,2.72143404459975e-08,8.59302777601243,7.56520218657692,4.4139949502356,4.41684853498761,0.485818549670806,0.493014484200966,"CLR_more_sig"
0.4,"cent vs mage","26",5.91668469471283e-06,2.48533040328185e-06,5.22792157403801,5.60461586737988,3.00206866659638,3.00253564549059,0.373406692823715,0.370643956610892,"TSS_more_sig"
0.4,"cent vs mage","28",0.0403842210107476,0.0321476037593484,1.39378829000183,1.49285139328024,2.13307087593492,2.16937241696538,0.454554593660611,0.455083814412399,"TSS_more_sig"
0.4,"cent vs mage","30",0.0352244883495406,0.0455860876998701,1.4531553064822,1.34116767832372,1.58518045759537,1.62229248912004,0.237482586733966,0.238669933481764,"CLR_more_sig"
0.4,"cent vs mage","32",0.000573428227616202,5.69859338471774e-05,3.24152093225417,4.24423233040525,2.04345416319132,2.08553055684037,0.225987816679904,0.229801086057736,"TSS_more_sig"
0.4,"cent vs mage","36",0.031552280948581,0.00782765948030758,1.50096923966627,2.10636807532881,1.63990283673098,1.67574665811944,0.204941540236894,0.203252116262305,"TSS_more_sig"
0.4,"cent vs mage","37",0.0394002199290523,0.0395540465614629,1.40450135396866,1.40280907956413,1.79818726986645,1.83118285600552,0.338483786475693,0.335804365680732,"CLR_more_sig"
0.4,"cent vs mage","39",2.10832793843453e-06,1.50216657657296e-07,5.67606183616561,6.82328190536434,3.48620912044932,3.53080773243543,0.423129746553013,0.41604072177537,"TSS_more_sig"
0.4,"cent vs mage","42",1.08243517234083e-06,5.41326646294089e-07,5.9655981043397,6.26654059464612,3.37066885419274,3.41650778608107,0.41440525325781,0.413057607265174,"TSS_more_sig"
0.4,"cent vs mage","47",0.0354301783190425,0.0119629590130674,1.45062666187,1.92216138522197,2.39899077801076,2.4866029999433,0.493695866564754,0.495949333294163,"TSS_more_sig"
0.4,"cent vs mage","51",0.0182166228979721,0.034249570158086,1.73953213190285,1.46534487465748,-1.88817426392704,-1.84616754177511,0.36769884989068,0.387829265809069,"CLR_more_sig"
0.4,"cent vs mage","55",0.00115705331949018,0.000795467707732047,2.93664662736907,3.09937744598401,2.40712559121718,2.42654800828535,0.369051754576954,0.357155568306446,"TSS_more_sig"
0.4,"cent vs mage","56",0.000148875368274574,1.96533119359616e-05,3.82717715118898,4.70656425270273,2.91478605317167,2.93324034473588,0.363151442329312,0.374526075715071,"TSS_more_sig"
0.4,"cent vs mage","57",0.0159862400632367,0.0399079861265075,1.79625366957481,1.39894018743052,-2.12346164084761,-1.98294306584455,0.439272548931886,0.449118682650547,"CLR_more_sig"
0.4,"cent vs mage","61",0.0310124029929991,0.0222585678509225,1.50846458119361,1.65250278224976,1.78047224168354,1.81017387498242,0.282879712650407,0.283500739117808,"TSS_more_sig"
0.4,"cent vs mage","69",0.00301223523450665,0.00214752561769623,2.52111111578506,2.66806164679462,2.57546688964798,2.631264406366,0.393969936635395,0.385575913164752,"TSS_more_sig"
0.4,"cent vs mage","90",0.000364045893126902,5.56493955403314e-05,3.43884386394595,4.25453954857859,2.24702803228096,2.2867886705843,0.29238654600954,0.284774824365545,"TSS_more_sig"
0.4,"cent vs mage","92",0.0105738241552463,0.00234438739609077,1.97576791627261,2.62997062214068,1.82268061240685,1.88093262546005,0.246716980546152,0.2395503055581,"TSS_more_sig"
0.4,"cent vs mage","95",0.0276303762556157,0.0300920825670838,1.55861320105435,1.52154775522784,1.98182162382388,2.0076369414008,0.369219405870834,0.368490196085375,"CLR_more_sig"
0.4,"cent vs mage","100",0.00516018265591195,0.00838528115677563,2.28733492530095,2.07648237100791,-2.73597036852476,-2.67396721937408,0.560196525530612,0.562118140732641,"CLR_more_sig"
0.4,"cent vs mage","106",0.0002196108180211,4.05085480429829e-05,3.65834627036425,4.39245332305244,2.64570569839598,2.72421139964985,0.325202546242899,0.337898701325052,"TSS_more_sig"
0.4,"cent vs mage","114",2.78938278258105e-08,1.14094913932179e-07,7.55449188410048,6.9427337149194,-3.69356099811264,-3.73956592193664,0.452680314181946,0.491802226380751,"CLR_more_sig"
0.4,"cent vs mage","119",0.0317178397816165,0.0100970894075477,1.49869639899854,1.99580379813934,1.73359313048555,1.80449300069335,0.247424693523963,0.241411183679387,"TSS_more_sig"
0.4,"cent vs mage","120",0.0330349304418367,0.0386990818958663,1.48102660330271,1.41229933814101,2.18799853138748,2.22738230618914,0.481716716963386,0.509912290124704,"CLR_more_sig"
0.4,"cent vs mage","132",7.36496410154904e-11,4.03374449930068e-10,10.1328293656628,9.39429161382231,-4.47862758109627,-4.3524771679424,0.483855117521722,0.491002206769574,"CLR_more_sig"
0.4,"cent vs mage","142",5.02592692759965e-05,4.38505749861376e-05,4.29878382994379,4.35802470761905,3.58702775503467,3.64105608009183,0.52860307743494,0.523624268578656,"TSS_more_sig"
0.4,"cent vs mage","143",5.33033848375804e-08,8.75962867311064e-09,7.27324521180629,8.05751430349368,-3.85941819997478,-3.95698165719602,0.446590783924769,0.452578657491691,"TSS_more_sig"
0.4,"cent vs mage","146",0.00869914385552508,0.0308192009666593,2.06052348727991,1.51117862519804,-2.05831248721921,-1.97761687091932,0.394977033887923,0.420318949194414,"CLR_more_sig"
0.4,"cent vs mage","148",0.000643047197469031,0.00366332700028812,3.19175715017358,2.43612431309025,-2.7784781827801,-2.76824823039173,0.484771033282902,0.50512025615146,"CLR_more_sig"
0.4,"cent vs mage","155",0.036742528133241,0.00710583201868707,1.43483096461862,2.14838506341291,2.53735258156162,2.53688561062078,0.468487364054094,0.467385707289116,"TSS_more_sig"
0.4,"cent vs mage","168",4.53292519553434e-06,5.54936780697325e-06,5.34362144781418,5.2557564895947,3.47343416749109,3.58685503175891,0.448137198990143,0.443098143855356,"CLR_more_sig"
0.4,"cent vs mage","169",0.000901538465742785,0.00575922297372648,3.04501573859943,2.23963610702584,-2.5188193562518,-2.50817822890508,0.415024450354263,0.440618379219099,"CLR_more_sig"
0.4,"cent vs mage","184",0.0412956921053732,0.0456993240182689,1.38409525082413,1.34009022394124,2.30424345536654,2.47408199693866,0.540852162840622,0.546658821483468,"CLR_more_sig"
0.4,"cent vs mage","210",2.36820380898154e-10,9.3224404584813e-10,9.6255809247079,9.03047038175433,-4.4231869570299,-4.38311856983043,0.460396537003746,0.46678800531753,"CLR_more_sig"
0.4,"cent vs mage","212",0.0325529725049652,0.0127307021791198,1.48740934861462,1.8951476415854,2.27550781242259,2.29399044495864,0.383914227795808,0.381143935474508,"TSS_more_sig"
0.4,"cent vs mage","219",4.3863836498266e-07,2.73799198549145e-08,6.35789338594715,7.56256782744452,-3.99695757889421,-3.87022157358103,0.465049558465292,0.45841664684655,"TSS_more_sig"
0.4,"cent vs mage","287",0.0282161014352616,0.0492178140013392,1.54950299207408,1.30787767930121,-2.0403806300123,-1.96947098097027,0.42944931205096,0.447749538451672,"CLR_more_sig"
0.4,"cent vs mage","289",0.0036589184719732,0.0136882307317189,2.43664726735587,1.86365268284541,-2.5900234449482,-2.53058778755025,0.474047644960391,0.491106873828733,"CLR_more_sig"
0.4,"cent vs mage","294",0.000485358274492038,0.000642720635329074,3.3139375620312,3.19197775631228,2.8348996869096,2.85880172225955,0.38202998339607,0.385546882841142,"CLR_more_sig"
0.4,"cent vs mage","353",6.86023967903124e-06,1.08559796534354e-05,5.16366071090224,4.96433097931378,-3.35024709351633,-3.17263869912701,0.437612828171758,0.455416326361875,"CLR_more_sig"
0.4,"cent vs mage","464",0.0191787760778499,0.0467833920885618,1.71717911143002,1.32990829231873,-2.29267621425806,-2.23482098187686,0.46865928139324,0.471200189586619,"CLR_more_sig"
0.4,"cent vs mage","528",0.0386569139692667,0.0269576481691233,1.41277281920591,1.56931799907012,-1.96829513833027,-1.97789054003452,0.398263781313683,0.428016712136547,"TSS_more_sig"
0.4,"cent vs mage","531",0.0136738413461897,0.0252485448730454,1.86410946340586,1.59776364613213,-2.19731416772936,-2.20003935881412,0.451083709241834,0.464604934036616,"CLR_more_sig"
0.4,"cent vs mage","546",0.0478328101477774,0.0114857205411929,1.32027410384845,1.93984175473554,-2.19742873561716,-2.27392156142322,0.423588806457448,0.440885240569001,"TSS_more_sig"
0.4,"cent vs mage","652",0.000275678063353753,6.42927331948064e-05,3.55959779081644,4.19183811123974,2.24780352669501,2.3069757177955,0.294136240747691,0.306098610687203,"TSS_more_sig"
0.4,"cent vs mage","671",0.000493247994838454,0.000453593724270871,3.30693467157474,3.34333296278663,2.48227162395313,2.50784214603093,0.352824971143169,0.36617354500243,"TSS_more_sig"
0.4,"cent vs mage","675",5.32840950881569e-05,9.81038726833121e-05,4.27340240534965,4.00831384836118,-3.02308329280401,-2.9415168907295,0.458189230139429,0.463627119247313,"CLR_more_sig"
0.4,"cent vs mage","728",0.000612713533928357,6.06837972031384e-05,3.21274252664456,4.21692725166953,2.41971240348726,2.45955936768933,0.306693966269735,0.306681185955,"TSS_more_sig"
0.4,"cent vs mage","762",0.00207672847542999,0.00478574440121791,2.682620282151,2.32005050006125,2.47806672945473,2.45158575941024,0.386333431343756,0.382613997986848,"CLR_more_sig"
0.4,"cent vs mage","769",0.0182199144147065,0.0431380704629633,1.7394536673909,1.36513928450071,-2.11937068056648,-2.0742805887169,0.443429324481656,0.450649580939671,"CLR_more_sig"
0.4,"cent vs mage","770",0.0013676200776378,0.00292980335396049,2.86403453207601,2.53316152816324,-2.15119538867146,-2.14235988216492,0.327882951571167,0.353543090395525,"CLR_more_sig"
0.4,"cent vs mage","788",0.0186381918443859,0.042917276260894,1.72959622235196,1.36736784827178,2.50945104810457,2.52406489488658,0.510891014425853,0.538185539863339,"CLR_more_sig"
0.4,"cent vs mage","798",0.0106397227673204,0.0362101573039616,1.97306968803642,1.44116958851925,2.18301643637023,2.15613307707478,0.411336388308803,0.439334331256214,"CLR_more_sig"
0.4,"cent vs mage","829",0.00120948482651978,0.0012451793358263,2.91739957566925,2.90476809519405,2.48799843722443,2.53303155572974,0.381672070321177,0.396342391966688,"CLR_more_sig"
0.4,"cent vs mage","834",0.00738045528757067,0.0174856810423895,2.13191684647225,1.75731744787337,2.16917361185839,2.17313724480492,0.40260885212962,0.398459684198762,"CLR_more_sig"
0.4,"cent vs mage","848",0.000519681975555789,0.00276941416033487,3.28426234581406,2.55761209152854,2.24642393472125,2.28487111747138,0.327316888144312,0.335626037791521,"CLR_more_sig"
0.4,"cent vs mage","849",0.0187906095879434,0.0343361788321001,1.72605913068256,1.46424803778521,-1.94023108724654,-1.90980355085438,0.381428522447016,0.414123040682537,"CLR_more_sig"
0.4,"cent vs mage","854",4.89377437610992e-05,3.56102798568613e-06,4.31035605735228,5.44842461324479,3.25299415535925,3.33614291071682,0.457721330040691,0.455736329366816,"TSS_more_sig"
0.4,"cent vs mage","857",0.000231508826381826,0.00024533457104529,3.635432446651,3.61024124936267,2.35527115746244,2.45468378697783,0.327895381920435,0.347638319124743,"CLR_more_sig"
0.4,"cent vs mage","886",0.000259929142700358,0.00648552977265956,3.58514502559935,2.18805454264151,3.10172372498397,3.18583326129569,0.525996854930665,0.534677575810076,"CLR_more_sig"
0.4,"cent vs mage","912",0.031922381882683,0.0166376825741916,1.49590471130901,1.77890716574543,-2.17696207394844,-2.21202922295782,0.448643443842779,0.462227967193047,"TSS_more_sig"
0.4,"cent vs mage","917",0.00908645920755437,0.00710122212482065,2.04160531877965,2.14866690249347,-2.46147163031304,-2.45791693776012,0.478453735663232,0.501164472073398,"TSS_more_sig"
0.4,"cent vs mage","921",1.11628882505324e-08,8.65948776250051e-08,7.95222342287325,7.06250779718577,-3.94529732988445,-3.83849651269619,0.467854483981475,0.473084685996841,"CLR_more_sig"
0.4,"cent vs mage","947",0.00419901565714963,0.00116151208105045,2.37685250597625,2.93497626868229,2.51687477904502,2.55017158593837,0.410135492811367,0.412268067982084,"TSS_more_sig"
0.4,"cent vs mage","966",0.0180633014798152,0.0292840765655821,1.74320286955813,1.53336846631914,-2.34907773674975,-2.39225604229339,0.511618425720074,0.530690618489698,"CLR_more_sig"
0.4,"cent vs mage","978",4.46133880997263e-06,1.95558817304885e-05,5.35053479363485,4.70872259791421,3.17212184020623,3.32502038205685,0.449054438649907,0.452092895269325,"CLR_more_sig"
0.4,"cent vs mage","984",0.000956121940853278,0.000848128885909054,3.01948671560833,3.07153814516569,2.65893429881036,2.74094739400777,0.426380864342043,0.410789695013227,"TSS_more_sig"
0.4,"cent vs mage","989",0.00140521367051329,0.00155377738254623,2.85225763385894,2.80861120461969,2.36759708912577,2.33765580029891,0.366651071308974,0.384404197355017,"CLR_more_sig"
0.4,"cent vs mage","1004",0.0134419454155449,0.00985636343019278,1.87153787249541,2.00628329129802,-2.43877584386739,-2.40443340825204,0.454661141641793,0.465158491338241,"TSS_more_sig"
0.4,"cent vs mage","1017",0.0341737695350026,0.00225154120741656,1.46630711373977,2.64752010022676,2.05295293838672,2.34483233020507,0.387925838415276,0.384762987982182,"TSS_more_sig"
0.4,"cent vs mage","1019",0.000239325049859882,3.71224486259103e-05,3.62101184193586,4.43036338510274,-2.66420816989529,-2.67831299630353,0.401524056094957,0.386341220187172,"TSS_more_sig"
0.4,"cent vs mage","1030",0.00878178462701042,0.0116808276394674,2.05641721815943,1.93252638440517,2.41366275118812,2.3724904914452,0.407074932184956,0.410019196874434,"CLR_more_sig"
0.4,"cent vs mage","1043",0.000124452877404763,5.83211221721163e-05,3.90499505786162,4.23417412823485,2.62845545376026,2.73983199315027,0.314342214014439,0.329001608317583,"TSS_more_sig"
0.4,"cent vs mage","1058",0.000726819627047759,0.00986899222541251,3.13857335351116,2.00572719315488,-2.78018486968798,-2.72076039970663,0.476922643143602,0.455545427359158,"CLR_more_sig"
0.4,"cent vs mage","1074",3.45775409045648e-05,1.77428939708745e-05,4.46120589624293,4.75097554272992,3.21998943364317,3.28777524961953,0.373001717418562,0.374136018332793,"TSS_more_sig"
0.4,"cent vs mage","1076",0.000929019499439233,0.00196439958135591,3.03197517038743,2.70677016709533,2.49819777241155,2.54196603998723,0.420670823491999,0.421034774259484,"CLR_more_sig"
0.4,"cent vs mage","1079",0.00463895904771358,0.0163445645943406,2.33357946137443,1.78662664417471,-2.12011063863357,-2.05827943739551,0.399978175946727,0.412256638966518,"CLR_more_sig"
0.4,"cent vs mage","1087",9.78485118229688e-08,2.84653392211425e-05,7.00944577513615,4.54568363633891,3.79674642115337,3.7973584845578,0.486441154233779,0.498058660308185,"CLR_more_sig"
0.4,"cent vs mage","1091",0.0251574126587128,0.0264934773555358,1.59933402641533,1.57686103539067,2.57120114066014,2.66099999028653,0.471689603388468,0.477346089074209,"CLR_more_sig"
0.4,"cent vs mage","1098",2.19110927572307e-09,7.70830707233153e-11,8.65933596262181,10.1130409928797,4.43691126331529,4.50555785610242,0.440667872295517,0.444714744887275,"TSS_more_sig"
0.4,"cent vs mage","1104",0.00312918149312156,0.00696308619908505,2.50456924696077,2.15719822847008,-2.45568120843909,-2.35262297039151,0.433908466161855,0.441660228999763,"CLR_more_sig"
0.4,"eld vs kin","3",6.00682698026489e-12,3.2268674537983e-10,11.221354877225,9.49121887322833,-4.6929206653109,-4.21744054184609,0.431788163059575,0.44644444202992,"CLR_more_sig"
0.4,"eld vs kin","4",1.28917298368559e-09,1.66478167312922e-16,8.88968880427606,15.7786427137327,2.52953598979357,3.00150895716951,0.22765013277605,0.220469592291977,"TSS_more_sig"
0.4,"eld vs kin","5",0.000295434300676426,0.00268031354995374,3.52953908339882,2.57181439811693,-2.73090592613808,-2.26789761430796,0.385199258635877,0.38485481727846,"CLR_more_sig"
0.4,"eld vs kin","7",6.19797035654532e-28,3.89409290505293e-31,27.2077505052215,30.4095936913187,7.58729968865139,8.02492236068465,0.466367242794628,0.45749049654172,"TSS_more_sig"
0.4,"eld vs kin","8",0.00625869592102446,9.9742067489723e-05,2.2035161481478,4.00112163381094,2.05562374079084,2.51996750146956,0.382496831455396,0.3943940196189,"TSS_more_sig"
0.4,"eld vs kin","10",0.0030640453485256,0.0171319777263212,2.51370481134078,1.76619249891136,-2.69029157473658,-2.18977325890397,0.483606605978818,0.470596832041602,"CLR_more_sig"
0.4,"eld vs kin","11",2.58336866980494e-09,2.59145949716363e-13,8.58781361169864,12.5864555745134,3.24158662604066,3.71388013228892,0.351359748805931,0.351065940990543,"TSS_more_sig"
0.4,"eld vs kin","14",1.48802110928296e-09,5.65036062931148e-15,8.82739090778202,14.2479238328316,2.86534116904031,3.32493260283899,0.280089781631361,0.275415106860301,"TSS_more_sig"
0.4,"eld vs kin","15",1.6810332032191e-05,5.76602508676137e-08,4.77442370843297,7.23912347241983,2.97259045669277,3.42970862184681,0.443811436616511,0.428365438759806,"TSS_more_sig"
0.4,"eld vs kin","16",8.43900753011875e-12,5.40838338547222e-17,11.0737086255944,16.2669325300299,3.03264099193339,3.49540531218825,0.263465905047681,0.266841118712882,"TSS_more_sig"
0.4,"eld vs kin","21",1.23441036024588e-18,6.50752264154394e-25,17.9085404419524,24.1865843121806,4.10560380859558,4.56187076077447,0.296188553861794,0.291463224987575,"TSS_more_sig"
0.4,"eld vs kin","23",5.94231596574723e-06,5.57615076373445e-09,5.22604425954477,8.25366549262655,2.41755859103822,2.88287788827148,0.300277344791543,0.308768198055633,"TSS_more_sig"
0.4,"eld vs kin","25",5.58160778740344e-06,1.19537006336472e-08,5.25324068410517,7.92249762475992,3.03903750630858,3.54133404432323,0.41094511692533,0.421972069094114,"TSS_more_sig"
0.4,"eld vs kin","26",0.000126135936826075,2.0294364139203e-07,3.89916116289745,6.69262455140072,2.45303976103462,2.91901199369753,0.364582280198937,0.362550979826007,"TSS_more_sig"
0.4,"eld vs kin","29",2.20510121021323e-06,3.58157293705165e-10,5.65657147239643,9.44592620021204,2.454873784808,2.9285121486882,0.290010735394981,0.292379660911806,"TSS_more_sig"
0.4,"eld vs kin","31",5.81178230715788e-06,2.75645506524128e-08,5.23569066150594,7.55964908284255,3.58615206189898,4.05065533574164,0.519495586577993,0.534862133568169,"TSS_more_sig"
0.4,"eld vs kin","32",0.0064542300112661,1.98549787875325e-05,2.19015556157797,4.70213057258713,1.77787347458695,2.23588840923184,0.277947282316368,0.290763546747194,"TSS_more_sig"
0.4,"eld vs kin","33",4.20162031217492e-05,0.00117695067559675,4.37658319604659,2.92924173746669,-3.17437760133356,-2.68881081881039,0.45226188616596,0.4566111805794,"CLR_more_sig"
0.4,"eld vs kin","36",4.37289718800361e-05,3.23498035745298e-09,4.35923073331318,8.49012835198931,2.12416932352151,2.60040731056747,0.25555843757812,0.261865598963597,"TSS_more_sig"
0.4,"eld vs kin","47",0.000856475636004868,2.09376404442504e-05,3.06728498681305,4.6790722624748,2.83418674614553,3.31879883894451,0.530545972956558,0.537667632804787,"TSS_more_sig"
0.4,"eld vs kin","49",0.00568456388300414,3.34644997424113e-05,2.24530284856113,4.4754156628384,2.00720976722093,2.48538744499363,0.355798053678187,0.361954213538668,"TSS_more_sig"
0.4,"eld vs kin","55",0.000772514633990856,1.59096529094366e-06,3.11209328484645,5.79833929497068,2.51862293939566,3.0236017315149,0.421163773151355,0.420406367718038,"TSS_more_sig"
0.4,"eld vs kin","58",0.0122891794848239,0.000314509752488882,1.91047711280998,3.50236588317122,1.8696814086921,2.32879986218608,0.354851532375469,0.37468116293095,"TSS_more_sig"
0.4,"eld vs kin","61",0.000788616088580199,4.91132979888471e-06,3.10313436711782,5.3088009017416,2.2382964704326,2.70231204077679,0.360372381676005,0.363317898438334,"TSS_more_sig"
0.4,"eld vs kin","65",0.000642683910685758,0.00187807822233484,3.19200257232837,2.72628632324088,-2.60992613624786,-2.16665767719396,0.372229010239844,0.360382567275431,"CLR_more_sig"
0.4,"eld vs kin","67",7.59392109380326e-11,1.20950755314042e-09,10.1195339197988,8.9173914152087,-5.35704180755421,-4.84775567129144,0.561941406753577,0.56027144048479,"CLR_more_sig"
0.4,"eld vs kin","70",0.00222120707262771,4.2119963767671e-05,2.65341095234412,4.37551201107409,2.60723748382645,3.03691746668788,0.513903937732938,0.505087175913348,"TSS_more_sig"
0.4,"eld vs kin","71",0.00175300608153664,2.95481110773606e-05,2.75621657724721,4.52947027704668,2.79827299824055,3.18239608784597,0.544282013888933,0.537750307397885,"TSS_more_sig"
0.4,"eld vs kin","74",1.5403413135984e-07,4.72347245300794e-09,6.81238303618401,8.32573861307829,3.78587847751174,4.27875338743683,0.488919465471535,0.499546100057556,"TSS_more_sig"
0.4,"eld vs kin","77",0.000259072705042532,3.70166792383938e-07,3.58657834029028,6.43160254433861,2.35588077845985,2.88451961033388,0.354388553194302,0.375213144300006,"TSS_more_sig"
0.4,"eld vs kin","79",2.91423890837923e-06,3.63731872923648e-05,5.53547484778302,4.4392186411274,-3.67178514000128,-3.20084063351521,0.467252364443416,0.481096467143396,"CLR_more_sig"
0.4,"eld vs kin","80",8.68154330079393e-05,1.69111654933141e-08,4.06140306428884,7.7718264604169,2.49871504012004,3.00512776716292,0.36032569249475,0.355662018660008,"TSS_more_sig"
0.4,"eld vs kin","82",0.000259529475412679,0.00125353626054419,3.58581331110211,2.90186309886054,-3.74163333843581,-3.39433479879708,0.57532827258493,0.604601954601572,"CLR_more_sig"
0.4,"eld vs kin","83",0.000247563842191448,0.00242981755847857,3.60631278567548,2.61442633394101,-3.38694112181555,-2.88617454384071,0.498377345133409,0.526149253646244,"CLR_more_sig"
0.4,"eld vs kin","84",3.7752471578665e-06,1.3832904953974e-05,5.42305461071457,4.85908660709233,-3.70423547591919,-3.34498814259789,0.452184132537914,0.484543471527898,"CLR_more_sig"
0.4,"eld vs kin","87",0.00155492127324954,0.0142634937605452,2.80829159471357,1.84577408352474,-2.77639054774535,-2.2453042089908,0.517952026914591,0.532071366992154,"CLR_more_sig"
0.4,"eld vs kin","89",5.66296863640717e-14,1.55703256241488e-16,13.2469558436486,15.8077023048826,4.96936042716311,5.46082324471369,0.44492217009165,0.447847134555765,"TSS_more_sig"
0.4,"eld vs kin","91",5.63020258523345e-07,1.74709227704021e-05,6.24947597813869,4.757684156064,-4.16227494404728,-3.80587220279258,0.562729227171686,0.583179234983117,"CLR_more_sig"
0.4,"eld vs kin","100",4.64641003172269e-05,0.000915535224445276,4.33288246766168,3.03832494192709,-3.64564648200219,-3.11363713667355,0.541263459211526,0.556464088131752,"CLR_more_sig"
0.4,"eld vs kin","102",0.0178319612375652,0.0413135405991477,1.74880088857951,1.38390758408947,-2.77663082379222,-2.26376304179946,0.527589716796141,0.538051347933685,"CLR_more_sig"
0.4,"eld vs kin","103",0.00308144871886485,7.68090836754928e-05,2.5112450553548,4.11458741594688,2.32667059264001,2.80391525404128,0.444087647565461,0.450678433594651,"TSS_more_sig"
0.4,"eld vs kin","111",4.25742108006862e-05,0.0037767745335518,4.37085339381947,2.42287894097524,-3.14603003444609,-2.69185252136172,0.446062676286592,0.460975464539214,"CLR_more_sig"
0.4,"eld vs kin","119",8.28144144737868e-06,3.60821080800741e-09,5.08189406440374,8.44270809693945,2.4799412794567,2.96170949944432,0.31229624702746,0.316362082147388,"TSS_more_sig"
0.4,"eld vs kin","121",3.71186739244336e-11,3.33130660658769e-13,10.4304075474744,12.4773853939011,4.70835825155999,5.12358664762346,0.482090434647331,0.497262937587599,"TSS_more_sig"
0.4,"eld vs kin","124",0.00578483966031545,2.8274888920022e-06,2.23770867398194,5.54859909255693,2.56839828632516,3.0749021396835,0.427586211927823,0.435490344503987,"TSS_more_sig"
0.4,"eld vs kin","125",0.00104228856252571,9.57991709538467e-06,2.98201202790489,5.01863824929022,2.96849789969809,3.41317157207823,0.534221090022436,0.535568891754835,"TSS_more_sig"
0.4,"eld vs kin","130",0.000415934167306882,0.0151177564208399,3.38097540263734,1.82051265634455,-3.20948720553381,-2.71809238109753,0.569916682820387,0.587343987087668,"CLR_more_sig"
0.4,"eld vs kin","138",8.67545963496312e-09,7.95011447773379e-13,8.06170750654976,12.0996266176718,3.9398346409451,4.42735880118594,0.429852332439774,0.444838213700051,"TSS_more_sig"
0.4,"eld vs kin","139",3.52853559838511e-06,0.0011063315169606,5.4524054967351,2.95611471533423,-3.81003330583913,-3.42573396820544,0.538819221434817,0.54105433641585,"CLR_more_sig"
0.4,"eld vs kin","147",0.00840214080712669,0.0483146235436346,2.07561004462072,1.31592140003354,-2.64257078533387,-2.20899350677541,0.561733978574712,0.569688582256226,"CLR_more_sig"
0.4,"eld vs kin","151",8.56775433026104e-14,4.07908029582296e-17,13.0671329948538,16.3894377456048,5.48276156820693,5.98038037883419,0.48664374645262,0.480272086264313,"TSS_more_sig"
0.4,"eld vs kin","164",1.92878177663151e-05,1.18066563437939e-08,4.71471690587913,7.92787307758063,3.28674433795873,3.77168911482849,0.476131873664484,0.466779352000211,"TSS_more_sig"
0.4,"eld vs kin","169",4.94515710190211e-05,0.00129800325903572,4.30581990681596,2.88672421710464,-3.39878684155449,-2.85027799804046,0.510298346218038,0.535239733368018,"CLR_more_sig"
0.4,"eld vs kin","172",0.00103826825684033,0.0149885025783689,2.98369042354551,1.82424175303801,-2.75756485926684,-2.26372730746363,0.446202030156889,0.470424014951367,"CLR_more_sig"
0.4,"eld vs kin","206",0.00585494710845182,2.85641254253662e-05,2.23247702383863,4.54417906860158,2.92852819753891,3.3361827890819,0.540477181996918,0.540951462915053,"TSS_more_sig"
0.4,"eld vs kin","207",9.37279847265415e-08,1.42611142820045e-09,7.02813072076902,8.84584653986846,3.72696221763972,4.12788198769202,0.467814069500586,0.477954302595494,"TSS_more_sig"
0.4,"eld vs kin","222",2.92093633309702e-05,2.30816231233637e-06,4.53447790912915,5.63673365440995,3.33860119521415,3.75806310465046,0.503075834475206,0.50461772881482,"TSS_more_sig"
0.4,"eld vs kin","223",0.0103244941366278,0.00103375527869962,1.98613121803022,2.9855822597811,2.60023401903057,2.97453004106581,0.518225014185718,0.530237972823949,"TSS_more_sig"
0.4,"eld vs kin","246",0.000903744288677166,4.31797966404272e-06,3.04395443426596,5.36471940735029,2.9817151368499,3.52345076308111,0.480585886242777,0.476536262570372,"TSS_more_sig"
0.4,"eld vs kin","247",0.0243283789203038,0.0325167575810453,1.61388682857111,1.48789276673312,2.23968946797759,2.73592075071115,0.50810790806486,0.493721166761939,"CLR_more_sig"
0.4,"eld vs kin","265",0.00147353012731875,9.90500362858749e-05,2.83164098027925,4.00414536102647,2.71460102680554,3.26449872391187,0.475627091120753,0.479942504332619,"TSS_more_sig"
0.4,"eld vs kin","282",0.0236550933089445,0.0245375368006227,1.62607533451122,1.6101690360503,-2.88241805320922,-2.4128236848073,0.470047476393576,0.481521919459019,"CLR_more_sig"
0.4,"eld vs kin","294",0.00154126639676413,2.98769284857561e-05,2.81212229012935,4.52466405244744,2.68452476211551,3.17920404946406,0.451716972761674,0.448772416778817,"TSS_more_sig"
0.4,"eld vs kin","329",0.00110527906974588,1.02955296838949e-05,2.95652805397088,4.98735130491044,2.68030329029818,3.14247703049378,0.438895563425912,0.433889592998868,"TSS_more_sig"
0.4,"eld vs kin","344",4.3594133633222e-06,2.61854156943123e-08,5.36057194885376,7.58194052726897,3.09675269534889,3.57141725506001,0.411255731484472,0.413500708114783,"TSS_more_sig"
0.4,"eld vs kin","435",0.0122471874173816,0.00324658739817642,1.91196363614505,2.48857290142057,2.76608545317939,3.11342633763366,0.575391538923955,0.550508773435742,"TSS_more_sig"
0.4,"eld vs kin","614",0.000472777127726446,0.0101684436233639,3.3253435421574,1.99274551487574,-2.88761106037084,-2.36755845124324,0.495411509626648,0.498851151412232,"CLR_more_sig"
0.4,"eld vs kin","616",0.000467517044604459,0.0117652014794334,3.33020255111719,1.92940063111806,-2.54744563839715,-2.16010064582216,0.413759587645611,0.437786835959023,"CLR_more_sig"
0.4,"eld vs kin","652",0.00928430941565855,2.80394174872262e-05,2.03225039436068,4.55223101298466,1.96375064096301,2.4463402886855,0.366491520525238,0.361395093725063,"TSS_more_sig"
0.4,"eld vs kin","666",7.99376958796755e-08,1.53171088940905e-06,7.09724837397889,5.81482320009716,-3.7811271305054,-3.35622016079,0.409219793150221,0.416030869970909,"CLR_more_sig"
0.4,"eld vs kin","667",0.00476514872534425,0.00155288789952321,2.32192354002285,2.80885989415919,2.70388383658439,2.98469307966374,0.565164317563592,0.564159306040682,"TSS_more_sig"
0.4,"eld vs kin","670",0.0225422629052478,8.31285910328511e-05,1.64700248944639,4.08024958040083,2.14827195466195,2.63203085102297,0.430691435319484,0.42835951243093,"TSS_more_sig"
0.4,"eld vs kin","728",1.43222714931453e-11,4.68180750134872e-18,10.8439880980403,17.3295864468591,4.21574125367593,4.62192044206534,0.401198326331029,0.377887081958449,"TSS_more_sig"
0.4,"eld vs kin","744",0.000125145013355753,0.00141468440451042,3.90258645101162,2.84934043410909,-3.60961276800577,-3.09979491345585,0.519272219590616,0.51956855596139,"CLR_more_sig"
0.4,"eld vs kin","770",0.00101974978118425,0.0254353096540039,2.99150637920085,1.59456297082183,-2.54109876060051,-2.13083973795971,0.417838734220658,0.439723068287297,"CLR_more_sig"
0.4,"eld vs kin","786",1.29006507094371e-05,5.06051226683845e-05,4.88938838331388,4.2958055180613,-3.76019630414132,-3.20070449703665,0.495232809506362,0.504293282916801,"CLR_more_sig"
0.4,"eld vs kin","825",0.0103479510491925,0.00038966863665166,1.98514563437334,3.40930454795958,2.26663938637824,2.69705522272559,0.460406702688529,0.469655504873825,"TSS_more_sig"
0.4,"eld vs kin","849",0.00104665748665639,0.00602239489214834,2.9801954157343,2.22023077093249,-2.71265727923865,-2.26835045568043,0.402239134666961,0.434505495515537,"CLR_more_sig"
0.4,"eld vs kin","854",5.14414067555276e-05,6.78010548683887e-08,4.28868716337681,7.16876354920143,3.32434353099704,3.738892343304,0.479290356280657,0.458310957579554,"TSS_more_sig"
0.4,"eld vs kin","857",0.0341329323321053,0.00290810651364411,1.46682640023738,2.53638969085264,1.86626425780468,2.25038070276838,0.407519100137041,0.407114710194672,"TSS_more_sig"
0.4,"eld vs kin","879",0.00946384571378295,0.0358199132756613,2.02393234849412,1.44587546996514,-2.5976743088782,-2.0549298373741,0.419549033926066,0.405648156309949,"CLR_more_sig"
0.4,"eld vs kin","886",6.08622558683271e-10,6.10737144222134e-14,9.21565195449166,13.2141456659872,4.57607752025345,5.08162453432116,0.508539822210582,0.530083907948449,"TSS_more_sig"
0.4,"eld vs kin","888",5.25195428044923e-05,5.76750949600936e-07,4.27967906320614,6.2390116817551,2.81451419222928,3.3000496476757,0.434238902792848,0.445927940729988,"TSS_more_sig"
0.4,"eld vs kin","891",0.000342515673660857,0.0115788096919763,3.46531955021922,1.93633608402625,-3.39956786304932,-2.84498381020982,0.547057915276246,0.567294720129744,"CLR_more_sig"
0.4,"eld vs kin","895",0.000289025199516356,0.00360971494019886,3.53906429034451,2.44252709304913,-3.08208431954852,-2.63193130469801,0.499281044106303,0.505853518083387,"CLR_more_sig"
0.4,"eld vs kin","914",0.018118860351026,0.0374142403213366,1.7418691222677,1.4269630684979,-2.84639456725216,-2.43603323476015,0.547152821536564,0.571142482287268,"CLR_more_sig"
0.4,"eld vs kin","922",0.0218047648846265,0.00369921722193902,1.66144859185503,2.43189016570553,2.30193717034927,2.74282575003161,0.459405727243493,0.492238185748286,"TSS_more_sig"
0.4,"eld vs kin","926",0.0316194326483278,0.000176921881865595,1.50004592693737,3.75221844981624,2.16447939822962,2.70219891700492,0.42274786093061,0.436496626724394,"TSS_more_sig"
0.4,"eld vs kin","929",0.0263001404506354,0.0120224355272085,1.5800419322413,1.92000754324169,2.20479473877468,2.64871073027569,0.466068904975216,0.473278793569917,"TSS_more_sig"
0.4,"eld vs kin","944",0.00103188167695274,5.70927712095899e-07,2.98637009921327,6.24341887638684,2.00750219623888,2.4839719092924,0.291450171317423,0.296232287968407,"TSS_more_sig"
0.4,"eld vs kin","947",1.50008691767089e-09,1.09744485862396e-15,8.82388357643016,14.9596172917664,4.23855740682376,4.72995668731417,0.426793647315425,0.4340394445702,"TSS_more_sig"
0.4,"eld vs kin","977",0.0400440841182925,0.00441297572756275,1.39746163499931,2.35526846127126,2.40466942947387,2.76854301519874,0.511071803827222,0.516911349963122,"TSS_more_sig"
0.4,"eld vs kin","978",4.28771838345399e-23,3.0187605249501e-27,22.3677737467594,26.5201713377281,6.19629107785506,6.5608022232652,0.42303189794624,0.406586470041591,"TSS_more_sig"
0.4,"eld vs kin","984",4.42904136539677e-14,8.71873998398146e-16,13.3536902635672,15.05954627396,4.86945789867041,5.43226982434888,0.426514139655237,0.425905583658189,"TSS_more_sig"
0.4,"eld vs kin","988",0.000219580063272842,2.48989378995644e-06,3.65840709411106,5.60381917797239,3.20610442837934,3.76194652797318,0.53398309930056,0.534282268110357,"TSS_more_sig"
0.4,"eld vs kin","991",0.000104873061028895,0.00926836229378044,3.97933605564821,2.03299699828361,-3.81043407747224,-3.29181124790502,0.556635924447109,0.562084753588084,"CLR_more_sig"
0.4,"eld vs kin","1014",3.04869999934322e-06,3.25964321842925e-05,5.51588530933091,4.48682993267653,-4.3250852089028,-3.80517005344668,0.507675817042971,0.524062590080675,"CLR_more_sig"
0.4,"eld vs kin","1019",0.028304745484921,0.0009833038680942,1.54814074591952,3.00731225241861,2.05254662757508,2.5259432452085,0.437856181244718,0.427243909288812,"TSS_more_sig"
0.4,"eld vs kin","1020",0.00351232469232013,1.64005770102893e-05,2.45440534311761,4.78514087219764,2.41495436846117,2.94848967144492,0.415295024877752,0.42512949091467,"TSS_more_sig"
0.4,"eld vs kin","1021",2.50536899743288e-06,0.000494014615261069,5.60112830103543,3.30626020242587,-3.83039177829063,-3.21269562653008,0.552072553530924,0.551630670216896,"CLR_more_sig"
0.4,"eld vs kin","1027",0.010171535531158,0.000119478193540207,1.99261347948931,3.9227113523673,2.46325602304836,2.99247700151469,0.511116932484057,0.519985455427205,"TSS_more_sig"
0.4,"eld vs kin","1030",1.30333351909609e-09,4.31059714295284e-11,8.88494443542425,10.3654625632672,4.24787532848683,4.7509043385743,0.42706638689084,0.440814806757761,"TSS_more_sig"
0.4,"eld vs kin","1043",0.00183764052518471,2.21972667426893e-06,2.73573944028254,5.653700499047,2.39575185962324,2.91113995533086,0.414428036578695,0.425987788329481,"TSS_more_sig"
0.4,"eld vs kin","1059",0.0101671764933427,8.58188816685108e-05,1.99279963740297,4.06641714918763,2.73746350853877,3.17820476388933,0.590465235588354,0.578139484677278,"TSS_more_sig"
0.4,"eld vs kin","1074",4.98679683842189e-18,8.94134214562523e-21,17.3021783245327,20.0485972862724,5.05807275434059,5.48687555897809,0.397822373158025,0.389074952281482,"TSS_more_sig"
0.4,"eld vs kin","1076",3.80131091305806e-13,2.48808190661359e-12,12.4200666075599,11.6041353269536,4.59230464430802,5.01689164463159,0.436809515770006,0.424164445594464,"CLR_more_sig"
0.4,"eld vs kin","1082",0.000308670839016944,3.5968659434948e-06,3.51050439757405,5.44407574819355,2.95659497824948,3.45777765752072,0.49721951142793,0.501132152443419,"TSS_more_sig"
0.4,"eld vs kin","1089",1.34605568267592e-10,4.59329334863413e-15,9.87093697415462,14.3378758176727,3.0173229339297,3.48661302995561,0.281617283172992,0.289145186017379,"TSS_more_sig"
0.4,"eld vs kin","1098",4.25358230855096e-23,3.05515723747154e-31,22.3712451590026,30.5149664333399,6.97305073732739,7.46259294033583,0.443331191121089,0.442344029996013,"TSS_more_sig"
0.4,"eld vs kin","1104",0.00266577050680141,0.0215108048204165,2.57417724123866,1.66734334030863,-2.78198043485604,-2.2881939171232,0.459854928690298,0.466900797457336,"CLR_more_sig"
0.4,"eld vs kin","1105",2.42285973821233e-08,4.63078490934553e-07,7.61567172687924,6.33434539064371,-4.5097363522814,-4.05383196189842,0.497171685674455,0.511863936106773,"CLR_more_sig"
0.4,"eld vs kin","1108",0.00286416912869796,2.31080059817712e-06,2.54300134059199,5.63623752870852,2.54935538477755,2.98864507052855,0.439887201491137,0.432921267627677,"TSS_more_sig"
0.4,"eld vs kin","1112",3.88375161975655e-05,0.00258264168263283,4.41074855261018,2.58793584394279,-3.65697312669696,-2.98038829847701,0.519122481170892,0.543738605959082,"CLR_more_sig"
0.5,"cent vs mage","4",1.41429889452398e-08,1.87439695151604e-09,7.84945879808877,8.7271384307389,2.16537509282856,2.35516636777928,0.199332347479846,0.182831862798095,"TSS_more_sig"
0.5,"cent vs mage","7",1.39695678130839e-11,8.73269487390585e-12,10.8548170297696,11.0588517141109,4.11613534231535,4.32005709921438,0.418158867731599,0.41559887415127,"TSS_more_sig"
0.5,"cent vs mage","8",5.90716052657669e-05,0.000115116019005305,4.22862122706685,3.9388642377817,2.23326169540885,2.42138589251078,0.309355086138225,0.313934442848287,"CLR_more_sig"
0.5,"cent vs mage","9",0.000152437341890522,0.00053365101543665,3.81690863279638,3.2727426598569,1.97761126636052,2.16517447338605,0.263269761295585,0.272184218102884,"CLR_more_sig"
0.5,"cent vs mage","10",0.0224221601679359,0.021117067871407,1.64932254946531,1.67536638422871,1.92837148283867,2.12745970242967,0.403948875704909,0.410556158353997,"TSS_more_sig"
0.5,"cent vs mage","11",0.000188815573683219,0.000101894776306857,3.72396218754989,3.99184807977431,2.1740376463005,2.37296728793409,0.30972391208502,0.297398344711493,"TSS_more_sig"
0.5,"cent vs mage","14",2.24753546728891e-09,2.52385138780225e-09,8.64829344614587,8.59793622128115,2.66419532360561,2.85385076510297,0.262870024756375,0.259665841743879,"CLR_more_sig"
0.5,"cent vs mage","16",0.0113179443154786,0.0106365316719481,1.94623244713332,1.97319996238764,1.52550517370667,1.72567011617831,0.230612313458451,0.230058158089773,"TSS_more_sig"
0.5,"cent vs mage","19",1.0930459048235e-05,4.02404546838042e-05,4.96136159853255,4.39533712075651,2.46940595404774,2.65148953908639,0.334341019024801,0.344820606499378,"CLR_more_sig"
0.5,"cent vs mage","20",4.57365797912638e-09,1.62753205469422e-08,8.33973631531559,7.78847044912553,2.63753953868875,2.83013363805787,0.265495915494258,0.268778466094734,"CLR_more_sig"
0.5,"cent vs mage","21",1.13117097499893e-10,8.52684974262931e-11,9.94647174707575,10.0692113899453,2.82384266484618,3.00419831356989,0.265035139927594,0.260611434627641,"TSS_more_sig"
0.5,"cent vs mage","23",1.75498584073602e-05,6.51060036602207e-05,4.75572638308136,4.1863789617193,2.104614602285,2.28947795323497,0.261742372608491,0.266898257104602,"CLR_more_sig"
0.5,"cent vs mage","24",6.28484992027517e-11,4.35054474996884e-09,10.2017050886343,8.36145635980556,4.42493739958084,4.643105780675,0.482578429997784,0.493532255986824,"CLR_more_sig"
0.5,"cent vs mage","26",1.55753486159835e-07,1.0502708331481e-06,6.80756222394304,5.97869869504917,3.04246109103464,3.22641749117551,0.371783802052413,0.37154278667298,"CLR_more_sig"
0.5,"cent vs mage","28",0.00955856153647716,0.00212142564832006,2.01960745958318,2.67337218477418,2.18229393508293,2.43081286865597,0.454525404582626,0.453018468130557,"TSS_more_sig"
0.5,"cent vs mage","30",0.00327103735030263,0.00426101593224849,2.48531449686012,2.37048684193786,1.64760326503578,1.84009547669736,0.238024472677844,0.237969952912944,"CLR_more_sig"
0.5,"cent vs mage","32",1.57840716818858e-06,2.55480167997635e-06,5.8017809554436,5.59264280693232,2.10097291711948,2.29243002662416,0.224912871918222,0.229359090384291,"CLR_more_sig"
0.5,"cent vs mage","36",0.000341161525686374,0.000610845458950752,3.46703995207735,3.21406865033725,1.68821595900546,1.89092833768418,0.203927267767374,0.20269592768837,"CLR_more_sig"
0.5,"cent vs mage","37",0.0109129939221216,0.00744062352321585,1.96205608667263,2.12839066911199,1.84619573005646,2.04313206407536,0.339252813654988,0.335456514030292,"TSS_more_sig"
0.5,"cent vs mage","39",1.6914644255474e-08,1.48721818252695e-08,7.77173713175181,7.82762531357851,3.57057059999172,3.75020996315705,0.423106193531172,0.417493723448043,"TSS_more_sig"
0.5,"cent vs mage","42",4.6536623424436e-08,3.40008255278485e-08,7.33220513117679,7.46851053831548,3.41728514838902,3.57606859007915,0.41458586188953,0.410876581513174,"TSS_more_sig"
0.5,"cent vs mage","44",0.00644852143634652,0.00612656300357076,2.19053985213164,2.21278309598699,1.76040343948623,1.94946036134066,0.292430324343425,0.301091618550154,"TSS_more_sig"
0.5,"cent vs mage","47",0.0016448124855538,0.00345532586998888,2.7838836060004,2.46151098827118,2.50173504595891,2.65172771871755,0.487594506378266,0.495359505005492,"CLR_more_sig"
0.5,"cent vs mage","52",0.0115395811248639,0.013595006296697,1.93780995534509,1.86662058692752,1.71706744412177,1.91426482175112,0.298950732888128,0.30374707626112,"CLR_more_sig"
0.5,"cent vs mage","55",8.12462800119457e-05,5.15848398711618e-05,4.09019651474626,4.28747791325023,2.45476723908642,2.63130696474456,0.366571635663414,0.354884654187698,"TSS_more_sig"
0.5,"cent vs mage","56",2.39505758213998e-07,6.62467263475916e-07,6.62068404078594,6.17883557798443,2.95913067052554,3.16259952036829,0.364440697517529,0.371912866886346,"CLR_more_sig"
0.5,"cent vs mage","61",0.00233721888377969,0.00434845441396225,2.6313006134245,2.36166507839337,1.84427524607068,2.02147168261043,0.283619896879121,0.283739731195003,"CLR_more_sig"
0.5,"cent vs mage","69",0.000534737115753018,0.000128840879498908,3.27185967075789,3.88994631924338,2.62526271791547,2.7811174876603,0.401972801868809,0.382404196830919,"TSS_more_sig"
0.5,"cent vs mage","90",9.26138173604927e-06,7.69963257312259e-07,5.03332421465981,6.1135299988889,2.30509159396945,2.49578037331806,0.293824041836975,0.278593555064465,"TSS_more_sig"
0.5,"cent vs mage","92",0.000189207352704687,0.00013513192514703,3.72306199067722,3.8692420360464,1.89385875026931,2.07813457362849,0.245158344646658,0.23994748325447,"TSS_more_sig"
0.5,"cent vs mage","95",0.00659777884731041,0.00484847720283691,2.18060224577801,2.31439464206794,2.04494235683549,2.24334860870418,0.367881963907286,0.375046407207446,"TSS_more_sig"
0.5,"cent vs mage","100",0.0142855346517068,0.049421213224703,1.84510350103267,1.30608659745425,-2.69058901458999,-2.49022151377995,0.55555497471006,0.56891795174978,"CLR_more_sig"
0.5,"cent vs mage","106",1.67350465993517e-06,8.47213106937407e-07,5.77637307399559,6.0720073340307,2.66040120331232,2.93469884065625,0.323225138517518,0.337816174668925,"TSS_more_sig"
0.5,"cent vs mage","114",8.31843887229025e-08,1.54454518010171e-05,7.07995817043587,4.81119938345713,-3.72355418443919,-3.48704818710831,0.464257262561063,0.495007551699396,"CLR_more_sig"
0.5,"cent vs mage","119",0.00137889319432057,0.000502384193462381,2.86046937190508,3.29896403328371,1.82259618081567,2.02332020687958,0.249763176234849,0.243983141016258,"TSS_more_sig"
0.5,"cent vs mage","120",0.00924230509001172,0.0114574786951921,2.03421969944838,1.94091094163885,2.24077416264142,2.48151450955171,0.481267870676022,0.49168527496302,"CLR_more_sig"
0.5,"cent vs mage","132",1.26446472366778e-09,1.7501931590345e-08,8.89809328219947,7.75691401801455,-4.43891769730129,-4.06864296500744,0.4817380788981,0.487089909106108,"CLR_more_sig"
0.5,"cent vs mage","141",0.0359158336293765,0.023882187211379,1.44471404886213,1.62192590156553,2.35659003033999,2.51433565028547,0.553813279487898,0.556032715830855,"TSS_more_sig"
0.5,"cent vs mage","142",1.95702200356424e-05,2.63476948885399e-06,4.70840429137173,5.57925737441645,3.58979156332403,3.86932269342902,0.542572811031129,0.53112282671165,"TSS_more_sig"
0.5,"cent vs mage","143",2.72655889920157e-08,1.81917551263023e-06,7.56438511623429,5.74012539852328,-3.90599847066615,-3.64692661868672,0.446444711045226,0.436239483311525,"CLR_more_sig"
0.5,"cent vs mage","148",0.00365151947721482,0.0336235848165836,2.43752637848841,1.47335598562991,-2.72137107477019,-2.5065508871875,0.478067221420168,0.503298172544304,"CLR_more_sig"
0.5,"cent vs mage","155",0.0055746434902905,0.00427437534801101,2.25378290140094,2.36912734356351,2.63468555560524,2.7394261739659,0.474707891556718,0.472416804715757,"TSS_more_sig"
0.5,"cent vs mage","168",2.17817601433046e-06,5.42879430368976e-07,5.66190702863727,6.26529661339403,3.47619387820853,3.62581578016132,0.440332230351573,0.447736705326899,"TSS_more_sig"
0.5,"cent vs mage","184",0.0288396167799386,0.029746482642004,1.5400105148078,1.52656437983386,2.35242971396993,2.59700481569078,0.540334127989879,0.561473912410549,"CLR_more_sig"
0.5,"cent vs mage","210",1.12624246768889e-08,5.60622600507173e-09,7.94836810056524,8.25132939841,-4.39236270096567,-4.19714191522686,0.457614135203928,0.47572990173238,"TSS_more_sig"
0.5,"cent vs mage","212",0.00388740742831567,0.000497548042392989,2.41033993979157,3.30316497815681,2.39643086316687,2.51320397684333,0.381685605341706,0.378250589388015,"TSS_more_sig"
0.5,"cent vs mage","219",1.08923038147426e-06,1.94425026307204e-06,5.9628802535581,5.71124783360944,-3.85312128548557,-3.62621528279255,0.46075086696497,0.461893921861722,"CLR_more_sig"
0.5,"cent vs mage","294",9.00313186303896e-07,1.32517096301002e-05,6.04560638897902,4.87772808889533,2.86922844098413,3.00264329202105,0.384344098005792,0.377033848180784,"CLR_more_sig"
0.5,"cent vs mage","353",3.19838375598361e-05,0.000203666624225902,4.49506942892399,3.6910801349769,-3.35584874604187,-3.12356850541073,0.443204382597278,0.455093296157479,"CLR_more_sig"
0.5,"cent vs mage","652",0.000487289907482256,8.22245932332831e-06,3.31221258342715,5.08499826630353,2.30971150933043,2.54595547526624,0.304903620771825,0.309826175284067,"TSS_more_sig"
0.5,"cent vs mage","671",8.69102353229387e-05,4.93197456712777e-05,4.06092907415533,4.30697917161089,2.50191853082132,2.68326746676105,0.351521864405797,0.359431274910369,"TSS_more_sig"
0.5,"cent vs mage","675",0.00135393788960505,0.00683979872130501,2.86840125797029,2.16495667832561,-2.93809236574276,-2.69195377949773,0.468107993231008,0.473829012655422,"CLR_more_sig"
0.5,"cent vs mage","728",6.30750990320446e-06,1.18891853697495e-05,5.20014205893902,4.92484790160863,2.46060272466455,2.64829923181757,0.308101668562964,0.305706720884529,"CLR_more_sig"
0.5,"cent vs mage","762",0.0014747817464836,8.88930282498279e-05,2.83127224633749,4.0511322987751,2.50542770340619,2.69858602404763,0.384241707505828,0.38668553095492,"TSS_more_sig"
0.5,"cent vs mage","788",0.00265898951743479,0.00275378776248138,2.57528337478923,2.56006953435326,2.62912326982783,2.799766149028,0.514093907317268,0.528495016651417,"CLR_more_sig"
0.5,"cent vs mage","798",0.00890679598120297,0.00142032276803742,2.05027849550651,2.8476129510755,2.15173419063102,2.4178715525864,0.412895580381907,0.435452183193678,"TSS_more_sig"
0.5,"cent vs mage","814",0.0240983553723771,0.00772490267045254,1.61801259547797,2.11210698374153,2.23783574651494,2.44137447727254,0.465740443085723,0.473536069201873,"TSS_more_sig"
0.5,"cent vs mage","829",0.000184323666621652,0.00127530847994211,3.73441889905488,2.89438475253793,2.55675896820495,2.72488523517982,0.388918361523062,0.397536668876963,"CLR_more_sig"
0.5,"cent vs mage","834",0.00255065637470098,0.0102664551459736,2.59334804575055,1.98857948593507,2.19898754198802,2.41211229733927,0.399810857744558,0.399440946045655,"CLR_more_sig"
0.5,"cent vs mage","848",0.000319410824657128,4.17581600712446e-05,3.49565036994707,4.37925864526704,2.34284660685529,2.59908397707905,0.323462744282999,0.337021509814107,"TSS_more_sig"
0.5,"cent vs mage","854",6.01208407598923e-05,0.000432764373333384,4.22097495465152,3.3637484990604,3.37138604815452,3.53138976730483,0.454057897884599,0.465354616589554,"CLR_more_sig"
0.5,"cent vs mage","857",8.71041261505343e-05,0.00192171549904796,4.05996127183545,2.71631090716651,2.46575905921499,2.66059053593731,0.324427291295848,0.347773264274387,"CLR_more_sig"
0.5,"cent vs mage","886",0.00129981757501682,0.000289383403518105,2.88611759517228,3.53852637980713,3.24050998130982,3.50987205570356,0.515910468247265,0.526347359092126,"TSS_more_sig"
0.5,"cent vs mage","921",2.11724141857847e-07,4.53838162713943e-06,6.674229618703,5.34309898760661,-3.73607367778947,-3.6161951868387,0.463886230015694,0.475409327144804,"CLR_more_sig"
0.5,"cent vs mage","944",0.0172451640230815,0.00865629843910774,1.76333267059317,2.06266777901392,1.66100419116394,1.85014340470267,0.296285201607805,0.282728955416881,"TSS_more_sig"
0.5,"cent vs mage","947",0.00201892658431056,0.000225146723626579,2.69487947333398,3.64753436858224,2.53803492812569,2.74816602942951,0.402443259650861,0.422719569341825,"TSS_more_sig"
0.5,"cent vs mage","978",2.41363984422487e-06,8.82108140447529e-06,5.61732753346608,5.05447817006009,3.37911895611239,3.46505633880911,0.452956492739813,0.44877124889501,"CLR_more_sig"
0.5,"cent vs mage","984",0.00343605073178077,3.98081838067166e-05,2.46394043262607,4.4000276360485,2.70534226344244,2.8782935161548,0.41272224980257,0.417020118845658,"TSS_more_sig"
0.5,"cent vs mage","989",0.00141221423665784,0.00621488270922039,2.85009941465771,2.20656706319595,2.36693409380755,2.55018466693891,0.372998431866033,0.375122392361988,"CLR_more_sig"
0.5,"cent vs mage","1017",0.00152555841448654,0.0327922340793527,2.81657115832412,1.48422899457542,2.32022334805329,2.51591598784963,0.373640929353353,0.396235757492322,"CLR_more_sig"
0.5,"cent vs mage","1019",0.000800563207254167,0.00984873080038525,3.09660437332867,2.0066197331475,-2.70495088843005,-2.48420081080055,0.397744795715111,0.392626208302099,"CLR_more_sig"
0.5,"cent vs mage","1030",0.0120808581099383,0.000454383601207299,1.91790221644542,3.34257735078668,2.45527485526621,2.72389767645612,0.408670269817081,0.418062693746907,"TSS_more_sig"
0.5,"cent vs mage","1043",2.51789922741119e-05,5.95827597644363e-06,4.59896165542555,5.22487938492916,2.7490428836667,2.98460001586788,0.324024746541729,0.334423679580095,"TSS_more_sig"
0.5,"cent vs mage","1058",0.00396296563484203,0.0384562895030462,2.40197969366712,1.41503262145195,-2.76528119237518,-2.51918473802759,0.472922755604011,0.452207392161139,"CLR_more_sig"
0.5,"cent vs mage","1074",6.92530896197413e-08,1.63584465098861e-06,7.15956084645307,5.78625794175384,3.24202812063883,3.44325157668683,0.377780773176279,0.376858378362507,"CLR_more_sig"
0.5,"cent vs mage","1076",0.00273537508894158,0.00031581705487301,2.56298311251583,3.50056442075825,2.54697189182135,2.78798638655293,0.42692306415039,0.414088533844086,"TSS_more_sig"
0.5,"cent vs mage","1087",3.20775752819059e-07,2.50770851591049e-06,6.49379846711751,5.60072294522906,3.83609547501678,4.04106503741905,0.496682829582155,0.501785731397458,"CLR_more_sig"
0.5,"cent vs mage","1089",0.0122976621369695,0.00969583278632911,1.91017744283027,2.01341488292622,1.6239439719834,1.8031301789008,0.267625982294405,0.26082885729412,"TSS_more_sig"
0.5,"cent vs mage","1090",0.0459790240178595,0.00998052694943425,1.33744025159994,2.00084652833287,1.61244076978394,1.85023100339022,0.307871977888621,0.32487526808511,"TSS_more_sig"
0.5,"cent vs mage","1091",0.00865142206647987,0.00101284341754818,2.06291250006535,2.99445769003067,2.71559959424654,2.85981437021311,0.478332176244262,0.482427232987852,"TSS_more_sig"
0.5,"cent vs mage","1098",1.94712200186866e-12,1.55318156607396e-12,11.7106068358049,11.8087777725168,4.51386526728849,4.69458403542572,0.442742490080798,0.441600406540775,"TSS_more_sig"
0.5,"eld vs kin","3",8.67308308505343e-12,1.32730220529786e-08,11.061826493203,7.8770301840302,-4.84586325364018,-4.24434195219811,0.432205664380236,0.446521370743843,"CLR_more_sig"
0.5,"eld vs kin","4",1.09334102377394e-06,3.09832818546184e-13,5.96124435621758,12.5088725821913,2.38409464318565,2.98727029708577,0.227212782192232,0.221121559165647,"TSS_more_sig"
0.5,"eld vs kin","5",0.000185811811828391,0.0118454465857327,3.73092668189867,1.9264485612761,-2.88398364770445,-2.2896430087703,0.384661788702615,0.383934677906947,"CLR_more_sig"
0.5,"eld vs kin","7",1.6970785173891e-27,2.70979967625944e-30,26.7702980640583,29.5670628134469,7.50521300034774,8.00391298376866,0.479776581470685,0.454364432357084,"TSS_more_sig"
0.5,"eld vs kin","8",0.0360668425695636,0.00097013290296732,1.44289187583069,3.01316876565998,1.88933553770871,2.50809993503269,0.381725628512961,0.395345445774281,"TSS_more_sig"
0.5,"eld vs kin","10",0.00376384979022581,0.0391162138211452,2.42436771696045,1.40764318855112,-2.82498579090098,-2.21656233263013,0.48063651017341,0.46941312182121,"CLR_more_sig"
0.5,"eld vs kin","11",4.30916871466978e-07,1.87116735083304e-11,6.36560650186993,10.7278873689441,3.08611805287906,3.67451981692936,0.351360949111416,0.345932707187246,"TSS_more_sig"
0.5,"eld vs kin","14",3.05401544683361e-07,1.68347722803837e-12,6.5151287706661,11.7737927538254,2.70366924297771,3.30685163822144,0.279952226515742,0.274942795184907,"TSS_more_sig"
0.5,"eld vs kin","15",0.000352356979668816,7.77290016336492e-07,3.45301712135238,6.10941691042113,2.83243811688703,3.45870327435681,0.445420906580195,0.438782521084565,"TSS_more_sig"
0.5,"eld vs kin","16",1.96601122510739e-09,1.77109204112057e-14,8.70641400685573,13.7517588685603,2.87557386998778,3.47268443228886,0.262243553963638,0.266311661529009,"TSS_more_sig"
0.5,"eld vs kin","21",2.1720625096285e-16,4.65987408183734e-22,15.6631276803741,21.331625818568,3.9492323440338,4.55141091208908,0.295925336469447,0.293207438863073,"TSS_more_sig"
0.5,"eld vs kin","23",0.000940046924537527,2.49238354774118e-07,3.02685046708214,6.60338512419179,2.26851629266,2.86257715424857,0.298484199965159,0.311639538452327,"TSS_more_sig"
0.5,"eld vs kin","25",0.000138164488131646,1.41390133158588e-07,3.85960356760078,6.84958089651007,2.90216305628803,3.52969386910802,0.413619981353929,0.424201823580978,"TSS_more_sig"
0.5,"eld vs kin","26",0.00458919628419299,1.00101855086985e-05,2.33826336672921,4.99955787410334,2.30270734665462,2.90481959158691,0.367511058949319,0.363699117137661,"TSS_more_sig"
0.5,"eld vs kin","29",0.000310028087983499,2.44974658602017e-08,3.50859895808945,7.61087883889476,2.30300723838531,2.90492237458744,0.290338137007084,0.292120028905171,"TSS_more_sig"
0.5,"eld vs kin","31",5.39948103971743e-05,6.31210559118468e-07,4.26764797951365,6.19982574470274,3.44934476992105,4.05883035015444,0.5160840554472,0.530929285449862,"TSS_more_sig"
0.5,"eld vs kin","32",0.0330980223711552,0.00040954272953846,1.48019795483314,3.38770077953323,1.62657364588168,2.2192948057055,0.27720398546472,0.291649611689443,"TSS_more_sig"
0.5,"eld vs kin","33",0.000176465636489865,0.00355492876326952,3.75333985308531,2.44916909761465,-3.31443743950071,-2.7184417402921,0.456321994414704,0.457882343229952,"CLR_more_sig"
0.5,"eld vs kin","36",0.00254197752192673,3.79275021226199e-07,2.59482829412282,6.42104575867038,1.97664148565429,2.57716866739358,0.256555688811083,0.261893176868306,"TSS_more_sig"
0.5,"eld vs kin","47",0.0027440084004662,9.38645123776561e-05,2.56161456342063,4.02749857164908,2.75282165971652,3.31474402493863,0.539907527674438,0.532583561868509,"TSS_more_sig"
0.5,"eld vs kin","49",0.0347560004536445,0.000414238066426905,1.45897020578062,3.38274999409655,1.84835159878062,2.4405558226665,0.354874792278384,0.360617357340941,"TSS_more_sig"
0.5,"eld vs kin","55",0.00493573828867299,5.34348794317144e-05,2.30664787628406,4.27217516619681,2.36027796028854,3.00377740159438,0.423032145728934,0.413771769733151,"TSS_more_sig"
0.5,"eld vs kin","58",0.0387717507636797,0.00163861904618668,1.41148458769957,2.78552200150536,1.71738150333752,2.33036329985092,0.357130529781143,0.369651564705928,"TSS_more_sig"
0.5,"eld vs kin","61",0.00698386339566131,4.28325274957933e-05,2.15590426401765,4.36822629765365,2.10389023447502,2.70945800887741,0.360265452304994,0.368441417374664,"TSS_more_sig"
0.5,"eld vs kin","65",0.0025906922030234,0.0217289527461288,2.58658418194626,1.66296120453716,-2.73335239582327,-2.17253765249291,0.377815121037306,0.364625222403078,"CLR_more_sig"
0.5,"eld vs kin","67",6.17683956066761e-10,1.48338702079855e-08,9.20923367902845,7.82874552525697,-5.54512272990109,-4.87938178016415,0.56283163990404,0.564187540475918,"CLR_more_sig"
0.5,"eld vs kin","70",0.0252592259542035,0.00128988178251946,1.59757996213258,2.88945009090393,2.40826632702739,3.07033329246507,0.514144857340553,0.515020123129137,"TSS_more_sig"
0.5,"eld vs kin","71",0.0366321715008739,0.000881410182977747,1.43613733623869,3.05482193637035,2.46903478281894,3.27350913893146,0.533902208142577,0.526212009900755,"TSS_more_sig"
0.5,"eld vs kin","74",3.41605484922988e-05,1.40156707284823e-07,4.46647516476095,6.85338611397872,3.59446650834459,4.27326184413237,0.487034712110909,0.495421462073305,"TSS_more_sig"
0.5,"eld vs kin","77",0.00477322217116198,2.11742277679761e-05,2.32118835078688,4.67419241959099,2.22909831025623,2.84525252408906,0.361018775287542,0.36758567367079,"TSS_more_sig"
0.5,"eld vs kin","79",7.49217364771802e-06,0.000194306197481863,5.12539216544365,3.71151334716527,-3.86770067729841,-3.27126506307073,0.469087915242161,0.489809488781888,"CLR_more_sig"
0.5,"eld vs kin","80",0.00194982548152436,1.8849027574835e-06,2.71000425827992,5.72471105022088,2.37393348782074,2.95885395124965,0.366678147710318,0.355881485707249,"TSS_more_sig"
0.5,"eld vs kin","82",0.000338718226675612,0.00304018363480789,3.47016143302274,2.51710018310996,-3.78440268314371,-3.30406187594094,0.589595114357928,0.601376535291564,"CLR_more_sig"
0.5,"eld vs kin","83",9.17335300358765e-05,0.00500251858844726,4.03747189390542,2.30081128892962,-3.48424922380827,-2.86205751122022,0.496409694066147,0.52591420309292,"CLR_more_sig"
0.5,"eld vs kin","84",1.80715406688737e-06,0.000142546543785327,5.74300482057312,3.84604330822585,-3.90954883972577,-3.30401576310247,0.461545529946307,0.479556235091273,"CLR_more_sig"
0.5,"eld vs kin","89",9.48582651963251e-12,8.95583773283473e-18,11.0229248221525,17.047893783826,4.70001156479872,5.41488708954137,0.435642732859729,0.440963916020783,"TSS_more_sig"
0.5,"eld vs kin","91",6.86344807761002e-07,0.00021071060353535,6.16345764743291,3.6763136089528,-4.40553059280899,-3.79606016561573,0.561958335316895,0.579481322999297,"CLR_more_sig"
0.5,"eld vs kin","100",9.68127985934412e-05,0.00146457715609902,4.01406722542833,2.83428774410161,-3.74228432940941,-3.18893232960853,0.545147808692007,0.562860640596784,"CLR_more_sig"
0.5,"eld vs kin","103",0.0408683632305123,0.000602298425806116,1.38861275534422,3.22018827191926,2.14046412166812,2.78321667971966,0.443695024804985,0.449912895285133,"TSS_more_sig"
0.5,"eld vs kin","111",7.81482912598047e-05,0.00604843848717524,4.10708051354436,2.21835673178303,-3.2819998420335,-2.65932614380551,0.442861757109485,0.453046409199003,"CLR_more_sig"
0.5,"eld vs kin","119",8.01976348716615e-05,3.33869332533584e-07,4.09583843941325,6.4764234711017,2.30872055375989,2.89618975152132,0.303849036000002,0.310983505766168,"TSS_more_sig"
0.5,"eld vs kin","121",9.59351647245144e-10,2.14717404214065e-12,9.01802217440859,11.6681327518014,4.53639028996216,5.09512895066581,0.478018996533479,0.499382023081425,"TSS_more_sig"
0.5,"eld vs kin","124",0.00224749964185615,0.000175415819602791,2.64830036880048,3.7559312430316,2.39909786153459,3.10103658750811,0.425547224813743,0.432814360208238,"TSS_more_sig"
0.5,"eld vs kin","125",0.00320651391256914,5.13301246915261e-05,2.4939668714059,4.28962768074652,2.83368576508678,3.4248379803992,0.538067438771024,0.54818436685173,"TSS_more_sig"
0.5,"eld vs kin","130",0.000379817003594981,0.0368211279050068,3.42042559672861,1.43390291231712,-3.32870486222898,-2.70950493860705,0.565882732276743,0.579929151692247,"CLR_more_sig"
0.5,"eld vs kin","138",2.54297788483792e-08,2.55178204909882e-11,7.59465741667628,10.5931564220026,3.86459021735593,4.45268479491602,0.448536266300345,0.447432826582785,"TSS_more_sig"
0.5,"eld vs kin","139",3.57800175906548e-05,0.000916712896160591,4.44635945025488,3.03776665902628,-3.98912157882311,-3.4812423790978,0.534229096164099,0.532487962241175,"CLR_more_sig"
0.5,"eld vs kin","151",4.62203300474055e-14,2.2671694614459e-15,13.3351669576614,14.644516016962,5.38281847323783,5.81162251999352,0.487961941814294,0.480036836182504,"TSS_more_sig"
0.5,"eld vs kin","164",0.000336519790344352,6.30168251417385e-08,3.47298939032673,7.20054348085349,3.13590668219985,3.6916244593619,0.471274431046049,0.455579044873061,"TSS_more_sig"
0.5,"eld vs kin","169",2.34164734172983e-05,0.0319001461300044,4.63047851023424,1.49620732749739,-3.5645429702565,-2.94482632711656,0.501876445869726,0.527201250098885,"CLR_more_sig"
0.5,"eld vs kin","172",0.0282898113866,0.0219648992085667,1.54836994805492,1.65827078526293,-2.82500548775593,-2.19740227478936,0.453720465431026,0.45823204009208,"TSS_more_sig"
0.5,"eld vs kin","206",0.012982614749564,3.23512970405808e-05,1.88663783011305,4.49010830274567,2.69327314277516,3.38064332034708,0.534940089261605,0.547209357435233,"TSS_more_sig"
0.5,"eld vs kin","207",0.000104688985788187,6.53874854068113e-08,3.98009900755738,7.1845053638904,3.49184099480356,4.07080893402707,0.452950133609247,0.461261089637096,"TSS_more_sig"
0.5,"eld vs kin","222",0.000285987514399268,1.42044053247936e-06,3.54365292682153,5.84757694353673,3.21724425659897,3.83991864911373,0.494230297154615,0.515972095470214,"TSS_more_sig"
0.5,"eld vs kin","223",0.0482539238675817,0.008554784006819,1.31646736533056,2.06779095115278,2.26189774327122,2.84824503970477,0.511232394658948,0.539670570530794,"TSS_more_sig"
0.5,"eld vs kin","246",0.000354552096295585,1.2388352672579e-05,3.45031994250799,4.90698643961047,2.85728640941448,3.44870103463308,0.483861433642481,0.476280480813472,"TSS_more_sig"
0.5,"eld vs kin","265",0.00588708081519236,0.000377104723338239,2.23010000234798,3.42353802790494,2.56609953012077,3.18252324277475,0.494308938899794,0.492576641913036,"TSS_more_sig"
0.5,"eld vs kin","267",0.00860962232611298,0.0140885801948895,2.06501589910181,1.85113277158859,-3.3479741645901,-2.71083860805076,0.596233794500616,0.612311306155185,"CLR_more_sig"
0.5,"eld vs kin","282",0.00110267274270168,0.0408580761536074,2.95755336074858,1.38872208644421,-3.00554169314429,-2.32606790908176,0.481537834349157,0.479174364864845,"CLR_more_sig"
0.5,"eld vs kin","294",0.00200345489729501,2.06521828524584e-05,2.69822043015985,4.68503403840585,2.55097400399563,3.16611169540902,0.453296031252856,0.444115289951337,"TSS_more_sig"
0.5,"eld vs kin","329",0.000838577864787482,1.0457541669384e-05,3.07645660547589,4.98057039624315,2.54807037777622,3.11184067909945,0.424320865507174,0.43206582406374,"TSS_more_sig"
0.5,"eld vs kin","344",4.01761886734866e-05,9.44514626873578e-09,4.39603126511349,8.02479131215052,2.88614757169728,3.56973349109691,0.412297753329653,0.416689830316149,"TSS_more_sig"
0.5,"eld vs kin","435",0.00846882144072878,0.000307797257029499,2.07217702383713,3.5117352547523,2.71399290529886,3.30865023322273,0.565214475356647,0.558831552376413,"TSS_more_sig"
0.5,"eld vs kin","614",0.00206717724198782,0.00800931857300743,2.68462228490285,2.09640443180234,-2.93140635533426,-2.41671464117518,0.505712488164217,0.494386321953197,"CLR_more_sig"
0.5,"eld vs kin","616",0.0019258745229633,0.0417604398693271,2.71537201199852,1.37923493548914,-2.77924988711298,-2.11814682991134,0.412349369875775,0.429720590739841,"CLR_more_sig"
0.5,"eld vs kin","652",0.0337778242272294,0.00241538510694415,1.47136832861169,2.61701361584953,1.87205012085431,2.47759119302573,0.359381337682519,0.37404112776101,"TSS_more_sig"
0.5,"eld vs kin","666",6.90540504735826e-08,3.95476913279542e-05,7.16081084211455,4.40287886419652,-3.95834518051524,-3.32088201749802,0.412874984597194,0.421403997166902,"CLR_more_sig"
0.5,"eld vs kin","667",0.046342250717056,0.00518322510457029,1.33402287753222,2.2853999295842,2.55788746113038,3.15556850940041,0.551447275467836,0.587185111736519,"TSS_more_sig"
0.5,"eld vs kin","670",0.039798674952664,0.000419995970098714,1.40013138697972,3.37675487667897,2.11446661978344,2.59075311014636,0.447329335826491,0.434575288098319,"TSS_more_sig"
0.5,"eld vs kin","728",9.19024529093274e-12,5.16415334646343e-16,11.0366728969842,15.2870008700977,4.03303976273012,4.65717222835988,0.395331462298502,0.388593243989866,"TSS_more_sig"
0.5,"eld vs kin","744",0.000138755440633252,0.000736708078720943,3.8577499790833,3.13270456765742,-3.69803179552466,-3.13777530323951,0.520729751503975,0.51697942183131,"CLR_more_sig"
0.5,"eld vs kin","770",0.00633133976837894,0.0438443848200507,2.19850437964348,1.35808601912393,-2.70432437286871,-2.11062616070912,0.408622158440726,0.427870077735407,"CLR_more_sig"
0.5,"eld vs kin","786",5.99403492862021e-05,0.000413071741402424,4.22228073064916,3.38397451447094,-3.837675391006,-3.25108106420797,0.4950089088302,0.505471627861255,"CLR_more_sig"
0.5,"eld vs kin","825",0.0452822334642976,0.00293464281935039,1.34407216050136,2.53244474996146,2.07385987372585,2.70320836899433,0.45792663465362,0.450500457421925,"TSS_more_sig"
0.5,"eld vs kin","849",0.000319034226456057,0.0117907725710482,3.49616272269944,1.92845773753845,-2.8507602414032,-2.2946322695879,0.402609450574549,0.435557225315985,"CLR_more_sig"
0.5,"eld vs kin","854",0.000263253304482708,3.385703120694e-06,3.57962616863403,5.47035112617305,3.20424827373348,3.77147459116623,0.468181492916183,0.469950105176785,"TSS_more_sig"
0.5,"eld vs kin","879",0.00372643700224891,0.037560199547283,2.42870621639185,1.4252721091095,-2.71235901389925,-2.1291975694584,0.418973176152146,0.416096279336126,"CLR_more_sig"
0.5,"eld vs kin","886",3.46953144884586e-09,4.76701652786651e-12,8.4597291715839,11.3217533423149,4.46602847292585,5.17377637622963,0.509754198382764,0.521012929254072,"TSS_more_sig"
0.5,"eld vs kin","888",0.00176398655980646,1.4793027621605e-05,2.75350472817479,4.82994293183191,2.66411577091562,3.24122639421845,0.431392303302865,0.436665603628649,"TSS_more_sig"
0.5,"eld vs kin","891",0.00202410556983338,0.0223320533107496,2.69376684005337,1.65107134407896,-3.4178683579737,-2.85564723288016,0.552188096957651,0.574257101663746,"CLR_more_sig"
0.5,"eld vs kin","895",0.0113753957593786,0.00899433204795662,1.94403348494563,2.04603108341991,-3.19735455972756,-2.6778619600512,0.492387265971522,0.507011469728982,"TSS_more_sig"
0.5,"eld vs kin","926",0.0469720449866556,0.00152530271448775,1.32816053185237,2.81664395685153,2.01054089016478,2.66536693871187,0.430847358073321,0.434357255075769,"TSS_more_sig"
0.5,"eld vs kin","944",0.0316365089277449,1.51530678939658e-05,1.49981144669985,4.81949943088871,1.87829511406699,2.48110742903577,0.295739570782971,0.295558629910897,"TSS_more_sig"
0.5,"eld vs kin","947",3.80084944011192e-10,1.96712927409697e-14,9.42011933340233,13.7061670985544,4.10889467409942,4.67506746820819,0.428857694635376,0.421088012928345,"TSS_more_sig"
0.5,"eld vs kin","978",1.54163522598295e-20,1.82292507115082e-23,19.8120183747179,22.7392311820606,5.99320437131733,6.54380070239276,0.417011168218226,0.411645342996229,"TSS_more_sig"
0.5,"eld vs kin","984",2.46531605205183e-15,1.12422199759111e-16,14.6081273965233,15.9491479211433,4.75071637554905,5.40266312028229,0.41965424598985,0.428452026191073,"TSS_more_sig"
0.5,"eld vs kin","988",0.00201329688818857,3.99900180836002e-06,2.69609217772197,5.39804839947723,3.00535083977735,3.68790547486655,0.534374515648595,0.534083272791194,"TSS_more_sig"
0.5,"eld vs kin","991",5.00701820127608e-05,0.00632298287298187,4.30042082987143,2.19907799455552,-3.80472779588276,-3.20893834017047,0.565883992544935,0.575028517200078,"CLR_more_sig"
0.5,"eld vs kin","1014",5.29964906730815e-05,1.37194312231864e-05,4.27575288760253,4.86266389313013,-4.36906241345019,-3.82041155381042,0.524267726068536,0.514000000296026,"TSS_more_sig"
0.5,"eld vs kin","1020",0.029487447786914,1.06965522797155e-05,1.53036281510593,4.97075618186417,2.21502378183488,2.92916235854397,0.421482680094457,0.424794482700071,"TSS_more_sig"
0.5,"eld vs kin","1021",0.000187145091887537,0.00106129679981482,3.72782155831237,2.97416314531978,-3.91493628008051,-3.35638456080716,0.559773356131961,0.556633696926523,"CLR_more_sig"
0.5,"eld vs kin","1030",1.86840504674808e-08,1.3774064517534e-11,7.72852896831003,10.8609378871164,4.01370607608292,4.58503522039924,0.443719507495016,0.442159956630449,"TSS_more_sig"
0.5,"eld vs kin","1043",0.0101680887112886,0.00105014270985881,1.99276067344391,2.97875167817509,2.34814213948544,2.91298768363982,0.429484323808074,0.442251322831571,"TSS_more_sig"
0.5,"eld vs kin","1059",0.0403492334516324,0.00155186795498424,1.39416471152155,2.80914523466377,2.61840973470643,3.18818892280392,0.581381759675684,0.60116702319742,"TSS_more_sig"
0.5,"eld vs kin","1074",1.52609216952997e-16,2.34191932873813e-18,15.8164192360342,17.6304280689935,4.88853289425408,5.5219823417896,0.394623326075889,0.392505572534241,"TSS_more_sig"
0.5,"eld vs kin","1076",4.02883860810197e-11,1.15176901902044e-15,10.3948201297361,14.9386346075646,4.37366287120171,5.0620228150646,0.429888560892428,0.432375607038265,"TSS_more_sig"
0.5,"eld vs kin","1082",0.00184960603652803,3.90574504951962e-05,2.73292076585767,4.40829610902576,2.87532741506038,3.40497636304271,0.493661275363623,0.487778361236764,"TSS_more_sig"
0.5,"eld vs kin","1089",6.74108053738809e-08,5.07070917044704e-13,7.17127048420459,12.2949312976146,2.86158982840497,3.45372880487598,0.281851133561692,0.287654174047642,"TSS_more_sig"
0.5,"eld vs kin","1098",1.34220869281201e-22,9.89772913777749e-29,21.8721799528032,28.0044644353075,6.89578976477337,7.42848646608526,0.454191117612006,0.44115254232271,"TSS_more_sig"
0.5,"eld vs kin","1105",1.77010055872155e-09,8.24097857938834e-06,8.75200206083743,5.08402121471131,-4.77285480993351,-4.19411577787006,0.497601526393183,0.509804627548088,"CLR_more_sig"
0.5,"eld vs kin","1108",0.00252208547819404,0.00012158157688067,2.59824019846123,3.91513222823129,2.39055830768455,2.98715802181345,0.435434132240882,0.442858124211352,"TSS_more_sig"
0.5,"eld vs kin","1112",2.4833962400313e-05,0.00139090601576777,4.60495398075562,2.85670221451724,-3.68752409786708,-3.12394035730347,0.512351799827998,0.542931689482316,"CLR_more_sig"
0.6,"cent vs mage","4",0.000277763728791412,7.02726262818156e-13,3.55632446635288,12.1532138153772,2.30127099885371,2.33256705324471,0.199631052221266,0.182845826293125,"TSS_more_sig"
0.6,"cent vs mage","7",1.76464185181053e-09,2.40251038441963e-13,8.7533434248742,12.6193347264955,4.26887143928613,4.30397366270702,0.419434498383949,0.416894323455798,"TSS_more_sig"
0.6,"cent vs mage","8",0.0060135454184866,4.99890931649467e-06,2.22086940458677,5.30112474156371,2.37063551503209,2.40553961465968,0.308869283827734,0.314250921679014,"TSS_more_sig"
0.6,"cent vs mage","9",0.0219125961617565,7.23922690936921e-06,1.65930616502577,5.14030781044953,2.11157068720101,2.1469871675742,0.262191197015998,0.271312504249648,"TSS_more_sig"
0.6,"cent vs mage","11",0.0148915674831781,2.80408170235416e-06,1.82705958609835,5.55220933650972,2.32583657002785,2.34401717967013,0.312086216553692,0.298710209280629,"TSS_more_sig"
0.6,"cent vs mage","14",1.08007904859054e-05,8.61228163155758e-12,4.96654445829975,11.0648817766851,2.8031963119853,2.83105822191524,0.262840178063962,0.259591259470702,"TSS_more_sig"
0.6,"cent vs mage","16",0.0319504451180818,0.00034490967251266,1.49552308708367,3.46229462627636,1.65840227158177,1.69686297571673,0.230157833572409,0.230033756607182,"TSS_more_sig"
0.6,"cent vs mage","19",0.00146726434240685,1.61082020489526e-06,2.8334916365953,5.792952931573,2.62440227513307,2.64340637136376,0.334410721894737,0.344612392574728,"TSS_more_sig"
0.6,"cent vs mage","20",1.19978133785355e-05,5.47696502339625e-11,4.92089789763299,10.2614600325228,2.7806354159283,2.80692425327287,0.265089520149057,0.268214352985615,"TSS_more_sig"
0.6,"cent vs mage","21",1.52113021148546e-06,4.77336843490485e-13,5.81783360796597,12.3211750430964,2.95335004782484,2.99309730462457,0.263725098830236,0.26118109855279,"TSS_more_sig"
0.6,"cent vs mage","23",0.00866344805239839,1.51209153792168e-06,2.06230922436905,5.82042191702864,2.23976684970976,2.26805680634573,0.261731322581882,0.266551675354498,"TSS_more_sig"
0.6,"cent vs mage","24",1.76639928701867e-09,1.65395533188829e-11,8.7529111192475,10.7814762235479,4.62262531441353,4.6140027266267,0.483179558991842,0.491465228435972,"TSS_more_sig"
0.6,"cent vs mage","26",0.000240299007551677,1.62435909266286e-08,3.61924802285286,7.78931795617689,3.19542934359801,3.18824351999793,0.373218949775131,0.373565617277561,"TSS_more_sig"
0.6,"cent vs mage","28",0.0328968536804248,0.00175956543685837,1.48284563683944,2.75459457745735,2.35199982980699,2.33929948052476,0.453824399251831,0.457853614036525,"TSS_more_sig"
0.6,"cent vs mage","30",0.0314001335479398,0.00016384946812673,1.50306850482456,3.78555496404664,1.78260015224743,1.8135667346686,0.238012272171055,0.238480226521258,"TSS_more_sig"
0.6,"cent vs mage","32",0.00385835482891616,1.6985167373388e-08,2.41359783549092,7.76993016919544,2.23564999634408,2.27005670151828,0.224935515787578,0.229274757746857,"TSS_more_sig"
0.6,"cent vs mage","36",0.0312566172124535,5.55706077919757e-06,1.50505802585173,5.25515485318299,1.8337185713088,1.86105071126736,0.20447802848407,0.203201417241713,"TSS_more_sig"
0.6,"cent vs mage","37",0.0326336332745993,0.00101069183328834,1.48633457122384,2.99538124352266,1.99359625771241,2.02598549831965,0.339313808979728,0.335705992802475,"TSS_more_sig"
0.6,"cent vs mage","39",8.02317412935301e-06,4.69301020680461e-10,5.0956537820719,9.32854850124157,3.67294370898763,3.70355473444539,0.422098946288029,0.417078571711837,"TSS_more_sig"
0.6,"cent vs mage","42",2.07364534364827e-05,1.20139449171823e-08,4.68326551914624,7.92031436358382,3.53014659986336,3.61445949386475,0.411413973243628,0.414330861239466,"TSS_more_sig"
0.6,"cent vs mage","44",0.0318953840534062,0.000532581191869512,1.49627216412738,3.27361417475685,1.90606420097686,1.93416045070446,0.291195999013594,0.300387646812268,"TSS_more_sig"
0.6,"cent vs mage","47",0.00923867852122765,0.000655275006909103,2.03439014479529,3.18357639631742,2.63201881532188,2.67966624226207,0.494879022791638,0.497433184511272,"TSS_more_sig"
0.6,"cent vs mage","52",0.0321168073345538,0.00121503320242244,1.49326763356462,2.91541185422054,1.85816853021276,1.892262698881,0.300481031047797,0.304558396953816,"TSS_more_sig"
0.6,"cent vs mage","55",0.00386395798254902,2.92397865265574e-06,2.41296760483582,5.53402580239395,2.57369783181381,2.60998921196348,0.366556809537984,0.354862395999259,"TSS_more_sig"
0.6,"cent vs mage","56",3.44265847254306e-05,2.24464025886231e-08,4.46310605915618,7.64885325203699,3.10420114484673,3.13181664900659,0.367002364591428,0.37164395217296,"TSS_more_sig"
0.6,"cent vs mage","61",0.0313353064723133,0.000141727185296444,1.50396605336281,3.84854683788351,1.97687687579382,2.00615572079947,0.282894511848581,0.280448453353345,"TSS_more_sig"
0.6,"cent vs mage","69",0.0056270078531825,1.34282882071114e-06,2.24972247873415,5.87197934619861,2.76378164352167,2.83368751997699,0.399329353836463,0.385590749055838,"TSS_more_sig"
0.6,"cent vs mage","90",0.00117655356554007,1.48454971485183e-08,2.92938829569671,7.82840525409738,2.47852051279081,2.51044257986767,0.294051442091383,0.283197716408182,"TSS_more_sig"
0.6,"cent vs mage","92",0.029154293757759,2.60162334817334e-06,1.53529747459358,5.58475557850863,2.03075010390885,2.06583268307583,0.244912985170895,0.240263243671555,"TSS_more_sig"
0.6,"cent vs mage","95",0.0319389886403765,0.000275451758302966,1.49567884007161,3.55995445103131,2.1819063365739,2.2459942099882,0.370158268787607,0.375958609237794,"TSS_more_sig"
0.6,"cent vs mage","100",0.0312938995465071,0.036848566866387,1.50454031585641,1.43357939828317,-2.52091658337012,-2.56128270857952,0.556364029049076,0.569415548821488,"CLR_more_sig"
0.6,"cent vs mage","106",0.000441828856916289,1.6002335016148e-08,3.35474592271031,7.79581664167917,2.85837897512815,2.862703963487,0.327364535536362,0.335903372202113,"TSS_more_sig"
0.6,"cent vs mage","114",1.30274805269979e-07,3.33886941181077e-05,6.88513956732825,4.47640056652186,-3.60443446145316,-3.4519652558762,0.466492528043507,0.47678889635322,"CLR_more_sig"
0.6,"cent vs mage","119",0.0312692877108767,4.72295698076852e-06,1.50488201152199,5.32578601019292,1.97130651222779,2.00590958802878,0.248009795563436,0.237909345726757,"TSS_more_sig"
0.6,"cent vs mage","120",0.0440241676915457,0.0035100453201918,1.35630884593163,2.45468727607487,2.37437395908285,2.41984753260671,0.482688717165528,0.501916527126722,"TSS_more_sig"
0.6,"cent vs mage","132",3.04529983098656e-08,4.65151500534759e-09,7.51636994160829,8.3324055737118,-4.24366901549259,-4.18160624891313,0.484187375316965,0.478891933762945,"TSS_more_sig"
0.6,"cent vs mage","141",0.0355562622577333,0.0129238659903329,1.44908389916862,1.88860755390112,2.48153016080028,2.54318187626684,0.555531908257844,0.558063824471497,"TSS_more_sig"
0.6,"cent vs mage","142",0.0021506520726915,3.80313008865672e-06,2.66742984304446,5.41985881899559,3.72977315559905,3.78727122387075,0.527540563126525,0.534023438991256,"TSS_more_sig"
0.6,"cent vs mage","143",8.9152065253321e-09,6.54055420765925e-09,8.04986859171766,8.18438545058542,-3.74404213082792,-3.72312222685225,0.447558636303038,0.456558306258984,"TSS_more_sig"
0.6,"cent vs mage","148",0.00428237012850962,0.0098989549724181,2.36831579901671,2.00441065122748,-2.5173875489555,-2.50050972666226,0.46359582764833,0.504800610994436,"CLR_more_sig"
0.6,"cent vs mage","155",0.0172175054256409,0.000315680352124497,1.76402977148621,3.50075244765942,2.8255010402929,2.81790988895997,0.463504673572005,0.47667047302655,"TSS_more_sig"
0.6,"cent vs mage","168",1.14092108745742e-05,6.8717039332838e-08,4.94274439280086,7.16293556031055,3.57907295955727,3.61730820465452,0.446924122070986,0.44293109739533,"TSS_more_sig"
0.6,"cent vs mage","169",0.0348083706134528,0.0137216187122046,1.45831630564844,1.86259465274654,-2.2478076835647,-2.26434353985056,0.410250086139284,0.44082693571171,"TSS_more_sig"
0.6,"cent vs mage","184",0.0338318862133932,0.00612052638277691,1.47067378851907,2.21321122568046,2.64160214047207,2.52596468899929,0.537857867604837,0.542902917103802,"TSS_more_sig"
0.6,"cent vs mage","210",5.42336036508014e-09,2.13170250039826e-09,8.26573153711608,8.67127340539158,-4.02850480674192,-4.22345684669641,0.441483432526745,0.462574900544808,"TSS_more_sig"
0.6,"cent vs mage","212",0.00715018936494284,0.000154290810773967,2.14568245623239,3.81165993880399,2.45143938871574,2.43428791137207,0.381280695436781,0.372515290182974,"TSS_more_sig"
0.6,"cent vs mage","219",1.88745082489628e-07,2.04679691857272e-07,6.72412435453554,6.68892524552436,-3.65473758586769,-3.62314272635431,0.449348508208071,0.455423732811247,"CLR_more_sig"
0.6,"cent vs mage","289",0.0203685241494518,0.0438026690152417,1.6910404377141,1.35849942595078,-2.29541822838516,-2.266554064603,0.471430545206563,0.489662427480332,"CLR_more_sig"
0.6,"cent vs mage","294",0.00112794639900941,8.34979622274764e-05,2.94771153791255,4.07832412336863,2.94693942570708,3.05602201364013,0.395804398466672,0.382859682642794,"TSS_more_sig"
0.6,"cent vs mage","329",0.0492117143083446,0.0281246181919366,1.30793150589284,1.55091336464096,1.73622282389118,1.69811580415149,0.371830729404071,0.368779147028881,"TSS_more_sig"
0.6,"cent vs mage","353",6.03037710438773e-06,0.00108282820938234,5.21965552878293,2.96544043869807,-3.16498266146418,-3.04727855787395,0.436217844299613,0.440905099476615,"CLR_more_sig"
0.6,"cent vs mage","652",0.00103242015227554,4.18346733358431e-05,2.98614352685517,4.37846361783387,2.46686042353035,2.48557264635574,0.298003839846067,0.319812883893061,"TSS_more_sig"
0.6,"cent vs mage","671",0.00601243770876522,1.90372523555302e-06,2.22094941005756,5.7203957331018,2.63423934419637,2.66077420088563,0.354206969062252,0.362875343394581,"TSS_more_sig"
0.6,"cent vs mage","675",0.0014534780239097,0.00260867920753731,2.83759153022785,2.5835793233383,-2.84086779719071,-2.79718477474718,0.470411893436594,0.471651942522084,"CLR_more_sig"
0.6,"cent vs mage","728",0.00146656747940948,4.27073606986042e-07,2.83369794955287,6.36949726700563,2.61792232565481,2.66692881554562,0.309357400530635,0.304441952751603,"TSS_more_sig"
0.6,"cent vs mage","762",0.00232411540382458,5.61058282389016e-06,2.6337423108773,5.25099202215701,2.64912940685518,2.68065497924673,0.385536922890457,0.381673874820163,"TSS_more_sig"
0.6,"cent vs mage","770",0.00803708407507637,0.0335564302772337,2.09490148854027,1.47422424549999,-2.00240506161734,-1.92494651865197,0.335588920065989,0.353951317610678,"CLR_more_sig"
0.6,"cent vs mage","788",0.0294499357695035,0.00172000947740737,1.53091564807486,2.76446916008409,2.71374160569494,2.76990766338988,0.510975030155057,0.535796940982185,"TSS_more_sig"
0.6,"cent vs mage","798",0.0292202786011849,0.000371557139426823,1.53431564759473,3.42997438936081,2.27389924023299,2.40291454738459,0.413665579254318,0.442230381369814,"TSS_more_sig"
0.6,"cent vs mage","814",0.0336758329436819,0.0152600459614556,1.47268165355981,1.8164441583355,2.39281748319934,2.3856612242998,0.452653253056169,0.46348183871439,"TSS_more_sig"
0.6,"cent vs mage","825",0.034299264177535,0.00896559550299892,1.46471519678125,2.0474208589097,1.97423691895106,1.9902785731039,0.35553366560479,0.374619769040941,"TSS_more_sig"
0.6,"cent vs mage","829",0.00664238253901033,4.61770456042685e-06,2.17767611672358,5.33557385658143,2.69522297700719,2.72350266487921,0.377268056860766,0.394965457439081,"TSS_more_sig"
0.6,"cent vs mage","834",0.0318167316442913,0.000276664897842675,1.49734443505247,3.55804593894463,2.3491984758233,2.32404944300408,0.404251565964564,0.395695084221254,"TSS_more_sig"
0.6,"cent vs mage","836",0.0430542951486386,0.0317920234811772,1.36598351630546,1.49768182946986,1.56541933846163,1.57158875448758,0.286141168586449,0.30266590194853,"TSS_more_sig"
0.6,"cent vs mage","848",0.00393815751889353,4.40598184445439e-06,2.40470691688807,5.35595729676072,2.49369492819694,2.50944482990091,0.324404132224235,0.337382770324441,"TSS_more_sig"
0.6,"cent vs mage","854",0.000942992414463844,1.54631443566355e-06,3.02549180076187,5.81070218972657,3.56498469830348,3.49735662464472,0.451430177050679,0.468904646259744,"TSS_more_sig"
0.6,"cent vs mage","857",0.0315519729561778,2.98000289899749e-05,1.50097347898114,4.52578331343448,2.588444160991,2.63463227096177,0.322206228536302,0.339151856395531,"TSS_more_sig"
0.6,"cent vs mage","867",0.0480781580119755,0.0411034883028385,1.31805217953607,1.38612131957434,1.40044093170654,1.41056136199744,0.260451232758914,0.262442441322467,"TSS_more_sig"
0.6,"cent vs mage","886",2.00283293800378e-05,0.000868169378457872,4.69835527493457,3.06139553639792,3.4059782457662,3.30275471275714,0.516699618480504,0.538618563091788,"CLR_more_sig"
0.6,"cent vs mage","921",6.03430407709959e-06,3.05740040364122e-07,5.21937280889768,6.51464768142284,-3.68320930826931,-3.70031766069372,0.469138207469224,0.478927640390698,"TSS_more_sig"
0.6,"cent vs mage","944",0.0341181740718791,0.00105821190304726,1.46701421934878,2.97542735771733,1.78109426343473,1.82515450415717,0.29567988685744,0.285063789668246,"TSS_more_sig"
0.6,"cent vs mage","947",0.0315519642427786,0.000330676157459014,1.50097359891601,3.48059711762719,2.66531786536143,2.72879909824639,0.410309982273324,0.415879166256037,"TSS_more_sig"
0.6,"cent vs mage","978",1.05620265179118e-05,2.49370969408233e-07,4.97625274646992,6.60315410642947,3.4177003893336,3.49709454043434,0.454322136500851,0.440793076117652,"TSS_more_sig"
0.6,"cent vs mage","984",0.0010270345260247,1.30348572712568e-05,2.98841495639301,4.88489371989611,2.84272793735943,2.91697079555959,0.41680317654689,0.409348181552266,"TSS_more_sig"
0.6,"cent vs mage","989",0.00629591372392355,3.88040512548528e-05,2.20094123196422,4.41112293044242,2.60829523386838,2.61154896335535,0.376950872213115,0.38439843938989,"TSS_more_sig"
0.6,"cent vs mage","1004",0.00791350341125558,0.0223811284310103,2.10163120609401,1.6501180206224,-2.3289815824942,-2.3165951969421,0.451532478359204,0.47089923642597,"CLR_more_sig"
0.6,"cent vs mage","1017",0.0334366096099871,0.000178749798098925,1.47577776539336,3.74775444006994,2.37280775267836,2.41831857155221,0.391295996696101,0.396660415040008,"TSS_more_sig"
0.6,"cent vs mage","1019",0.00225384125820677,0.00381567955910123,2.64707667529639,2.41842810450188,-2.53570150056702,-2.47113373825839,0.399978683750605,0.393341050550169,"CLR_more_sig"
0.6,"cent vs mage","1030",0.000147835461112605,0.000292269551421226,3.83022137975499,3.53421642699131,2.58352387608578,2.61733598597663,0.404692066028265,0.415450868219458,"CLR_more_sig"
0.6,"cent vs mage","1043",4.02910178274584e-05,5.97442969019215e-09,4.39479176137148,8.22370354548005,2.87027067744062,2.90210860745628,0.318088538231785,0.323187857166558,"TSS_more_sig"
0.6,"cent vs mage","1047",0.0419385861583226,0.011208736590327,1.37738621464294,1.95044333680481,1.5788826111133,1.60424532324048,0.282256626264515,0.29693875755384,"TSS_more_sig"
0.6,"cent vs mage","1058",0.00529388899983197,0.0330686443374663,2.27622516905391,1.48058360880041,-2.51953364238561,-2.54223476258159,0.452625338715332,0.459968781753977,"CLR_more_sig"
0.6,"cent vs mage","1074",8.06070274216928e-06,5.17656592631891e-10,5.09362709420704,9.28595825064652,3.36325012333689,3.41651016307104,0.392271309337178,0.372325815327536,"TSS_more_sig"
0.6,"cent vs mage","1076",0.0210683498020865,0.000120833692919912,1.6763694795753,3.91781195140243,2.67259803541078,2.8451489698234,0.419084949755145,0.409902002226826,"TSS_more_sig"
0.6,"cent vs mage","1087",2.84190109021741e-06,8.40710492926514e-08,5.54639104136995,7.07535353210984,3.94388087368726,4.05082115859427,0.487385599010231,0.500165599889025,"TSS_more_sig"
0.6,"cent vs mage","1089",0.0327370912415373,0.000531401898194292,1.48495991117543,3.27457689860125,1.74772949353296,1.77744893292559,0.266696357331537,0.260774997064458,"TSS_more_sig"
0.6,"cent vs mage","1090",0.0429773501682611,0.00516231570805047,1.36676036508419,2.28715543914288,1.73784015290523,1.75751925033078,0.306882586445568,0.326441098773408,"TSS_more_sig"
0.6,"cent vs mage","1091",0.0314712860236,0.000552545992271614,1.5020855099771,3.25763156676782,2.8811086327679,2.82630358439517,0.472769954596051,0.473544654897992,"TSS_more_sig"
0.6,"cent vs mage","1098",3.42073025759555e-07,4.66255189023507e-13,6.46588117084754,12.3313763218283,4.6321824653449,4.6511532685997,0.447272485691762,0.441202118417158,"TSS_more_sig"
0.6,"cent vs mage","1104",0.0150411180382758,0.039184269135323,1.82271988051253,1.40688824927775,-2.3580278629265,-2.16842168375276,0.43849406514204,0.448555028753052,"CLR_more_sig"
0.6,"eld vs kin","3",4.05208921971933e-11,2.66093909406795e-09,10.3923210008228,8.57496506585181,-4.65174373549181,-4.2234663855727,0.431372125676878,0.446875190274602,"CLR_more_sig"
0.6,"eld vs kin","4",1.71584904163514e-10,8.91815792477663e-17,9.76552092352038,16.0497248413325,2.57399498626574,3.00569383722116,0.227629608790771,0.22040545062137,"TSS_more_sig"
0.6,"eld vs kin","5",0.000824063256936773,0.00942259981089107,3.08403944960853,2.02582925349739,-2.69386286042373,-2.26946759559,0.38562812806743,0.385080133289713,"CLR_more_sig"
0.6,"eld vs kin","7",5.64704559842584e-29,2.04726317220982e-31,28.2481787054339,30.6888263259296,7.60781533639485,8.08888744308878,0.460281218180817,0.466794813320387,"TSS_more_sig"
0.6,"eld vs kin","8",0.00322533703435243,0.000147066338880704,2.49142489668404,3.83248671891928,2.09203112514188,2.51646796727438,0.381666322704542,0.395649321291263,"TSS_more_sig"
0.6,"eld vs kin","10",0.0131097250249724,0.0360877313383419,1.88240641749295,1.44264041908231,-2.6376064907161,-2.20379982859942,0.480411162208019,0.470740010133048,"CLR_more_sig"
0.6,"eld vs kin","11",2.00241297483356e-09,6.35284860301061e-13,8.69844634933653,12.1970314943673,3.26850439009719,3.7001638852043,0.348655057861281,0.350140694312489,"TSS_more_sig"
0.6,"eld vs kin","14",2.59787470398766e-10,2.00956588966609e-14,9.58538179886691,13.6968977495868,2.90926979834595,3.33976714910165,0.280982357099531,0.276929606780172,"TSS_more_sig"
0.6,"eld vs kin","15",1.25749378749031e-05,1.35248841725289e-07,4.90049415185083,6.86886644551507,2.99835598412139,3.44322507868659,0.441209144736242,0.430529102296275,"TSS_more_sig"
0.6,"eld vs kin","16",7.96934112417652e-13,6.53129961714329e-17,12.0985775829907,16.1850003929369,3.0731704610761,3.50317134050476,0.262800610786995,0.267629140395302,"TSS_more_sig"
0.6,"eld vs kin","21",9.86795122991133e-20,3.97212633462901e-24,19.005773005578,23.4009769470952,4.13644773671857,4.5625261259212,0.295529703361746,0.291626817908463,"TSS_more_sig"
0.6,"eld vs kin","23",2.13268488620652e-06,7.11213179124357e-09,5.67107330877535,8.14800020427638,2.48480148786117,2.88217779277447,0.30488989223302,0.309367492876379,"TSS_more_sig"
0.6,"eld vs kin","25",1.57536914310759e-06,1.18922988198253e-08,5.80261766534718,7.92473418673831,3.09486048889477,3.51995491659007,0.415031605482711,0.420749541289359,"TSS_more_sig"
0.6,"eld vs kin","26",7.23580506544814e-05,3.20535080752447e-07,4.14051314166581,6.4941244324682,2.50423280047963,2.92331792468522,0.367008740651721,0.364235717510416,"TSS_more_sig"
0.6,"eld vs kin","29",9.94580078529336e-07,3.51295591920349e-10,6.00236024394899,9.45432729972884,2.50021183011874,2.92127771405781,0.290132621575367,0.291241228860522,"TSS_more_sig"
0.6,"eld vs kin","31",1.11514280565479e-06,1.18290711567233e-07,5.95266951312115,6.92704935573951,3.63833599826587,4.07952654738477,0.520045375570006,0.532547532641913,"TSS_more_sig"
0.6,"eld vs kin","32",0.00228185577926747,2.843681606057e-05,2.64171180787907,4.54611903117481,1.81437954227264,2.24046365565233,0.277176441392652,0.290627139524788,"TSS_more_sig"
0.6,"eld vs kin","33",0.000699262416633299,0.00197303349842847,3.15535981322608,2.70486554117501,-3.13514390351298,-2.65465031697329,0.454988814923477,0.457472895474424,"CLR_more_sig"
0.6,"eld vs kin","36",1.32657256764505e-05,4.41022474934194e-09,4.87726898777303,8.35553927789908,2.17143311567704,2.59798985649369,0.255795816016428,0.263054442502068,"TSS_more_sig"
0.6,"eld vs kin","47",0.000775505183675626,1.68853246331568e-05,3.11041529490493,4.77249058530791,2.887869876054,3.3260242644815,0.537290129557782,0.526105466714698,"TSS_more_sig"
0.6,"eld vs kin","49",0.00329487612848416,4.59113524392278e-05,2.4821609081495,4.33807991376322,2.0502747152613,2.46088309387557,0.355881232896673,0.3620024544873,"TSS_more_sig"
0.6,"eld vs kin","55",0.000323723917285028,2.89122679689522e-06,3.48982521298176,5.53891783957223,2.58839596455545,2.9959265926553,0.424860919989197,0.415140485532848,"TSS_more_sig"
0.6,"eld vs kin","58",0.0217413479523876,0.000481798274055908,1.66271353338055,3.31713476010633,1.91477836118437,2.3378388505044,0.356198367922255,0.373924766691624,"TSS_more_sig"
0.6,"eld vs kin","61",0.000649431533442312,3.93820389660336e-06,3.18746662783273,5.40470180244946,2.2781831279891,2.72524998278293,0.362743273609291,0.36353741434741,"TSS_more_sig"
0.6,"eld vs kin","65",0.000849162379396936,0.0131841763996043,3.07100925471121,1.87994699490195,-2.60122473906562,-2.14224234891993,0.372335606439832,0.368314865391941,"CLR_more_sig"
0.6,"eld vs kin","67",2.37901351396452e-10,1.65203288658942e-08,9.62360309094989,7.78198131154218,-5.3547859665304,-4.90702833938872,0.564404401705518,0.570227481138322,"CLR_more_sig"
0.6,"eld vs kin","70",0.0020582590421572,7.10418418139672e-05,2.68649996800907,4.14848578766761,2.6290407539769,3.05826652037682,0.522059011075682,0.507047912635248,"TSS_more_sig"
0.6,"eld vs kin","71",0.00203250297563963,4.27830636400325e-05,2.6919688099145,4.36872811938298,2.78270981157923,3.26546314616981,0.529088354820728,0.537081450579149,"TSS_more_sig"
0.6,"eld vs kin","74",3.62495065140322e-07,4.84346428602872e-09,6.44069790136034,8.31484389824735,3.79023089874862,4.25358903388493,0.487185647743919,0.492758597241184,"TSS_more_sig"
0.6,"eld vs kin","77",0.000106982191498656,9.04960935222746e-07,3.97068850995544,6.04337016773775,2.42191604656108,2.8515437188239,0.365145664192527,0.365733869466983,"TSS_more_sig"
0.6,"eld vs kin","79",2.13821484887779e-06,6.79478215088838e-05,5.66994865881194,4.167824462726,-3.6554005387432,-3.20864431281644,0.464289896458653,0.486324726729123,"CLR_more_sig"
0.6,"eld vs kin","80",5.65579317211602e-05,3.07630284959754e-08,4.24750648072656,7.51197091222732,2.55602624549723,2.97224879254882,0.362546334863098,0.346272344224619,"TSS_more_sig"
0.6,"eld vs kin","82",0.00134161227045396,0.00110683886883454,2.87237297830442,2.95591559815418,-3.64579097090391,-3.30231725531567,0.590194800643919,0.604413583402513,"TSS_more_sig"
0.6,"eld vs kin","83",0.000622230762187001,0.00126878588781872,3.20604852180685,2.89661166047772,-3.28892448476768,-2.96901431528636,0.497584351857018,0.525973622539424,"CLR_more_sig"
0.6,"eld vs kin","84",1.28375788503248e-07,0.000281295640464819,6.89151687588496,3.55083699850222,-3.62656553661902,-3.18982554426494,0.448523155447879,0.47465298502825,"CLR_more_sig"
0.6,"eld vs kin","87",0.0233259949669762,0.03066894054626,1.63215982241741,1.51330122639314,-2.77831411499523,-2.31630392206971,0.520709638343848,0.52732520219522,"CLR_more_sig"
0.6,"eld vs kin","89",6.67678795025889e-12,4.50545477319792e-17,11.1754324164121,16.3462613655013,4.97194943129479,5.43360993830492,0.44870870620687,0.444325909650434,"TSS_more_sig"
0.6,"eld vs kin","91",3.41487202912022e-06,0.000108523836514535,5.46662556667887,3.9644748615411,-4.13002726505206,-3.66906144267853,0.561306410419836,0.576387200100276,"CLR_more_sig"
0.6,"eld vs kin","100",3.37248698812254e-05,0.00377565761977948,4.47204971726688,2.42300739482475,-3.59214797345534,-3.1883899399658,0.555449483073353,0.564046512638726,"CLR_more_sig"
0.6,"eld vs kin","102",0.0278017234061822,0.0480868862296942,1.55592828168638,1.31797334388779,-2.75554651413842,-2.29573385556829,0.521547350522387,0.54249556091886,"CLR_more_sig"
0.6,"eld vs kin","103",0.00287441549820572,0.000215570011212303,2.54145045417834,3.6664116556879,2.32027120867134,2.78044568301438,0.437788128465719,0.458408937746272,"TSS_more_sig"
0.6,"eld vs kin","111",0.000452206665748743,0.00143650775095859,3.34466304022914,2.84269202634488,-3.10620406099794,-2.67340509816988,0.444861344222448,0.453590847610396,"CLR_more_sig"
0.6,"eld vs kin","119",3.20768535401204e-05,2.51132404287951e-08,4.49380823880375,7.60009724548911,2.5328439539986,2.92441485443265,0.317062212673038,0.312167928363412,"TSS_more_sig"
0.6,"eld vs kin","121",4.76610462419299e-11,2.81613131339752e-13,10.3218364283742,12.5503470983388,4.66475858771151,5.15650128576333,0.479311595410923,0.500027636871807,"TSS_more_sig"
0.6,"eld vs kin","124",0.000146661697779757,1.10856088629642e-06,3.83368329184749,5.95524044882249,2.59922115289526,3.10066518327201,0.417124147894987,0.43287749987309,"TSS_more_sig"
0.6,"eld vs kin","125",0.00151797498226769,7.27742188718943e-05,2.81873538598509,4.13802244739993,3.05544310680789,3.40249002308891,0.539966969925894,0.526822749790475,"TSS_more_sig"
0.6,"eld vs kin","130",0.00350099299626056,0.0174381843873346,2.45580875804058,1.75849873451865,-3.12371528518783,-2.78024972810068,0.574303783756724,0.592458206295169,"CLR_more_sig"
0.6,"eld vs kin","138",1.37386785724111e-10,7.41449493245998e-11,9.86205503702235,10.1299184273081,3.97192936146073,4.42712970889361,0.436102183533339,0.430828518310996,"TSS_more_sig"
0.6,"eld vs kin","139",1.0925697865283e-05,0.000480837845335015,4.96155081345485,3.31800135761653,-3.85235916842252,-3.35642904216262,0.533124916661282,0.532728857979902,"CLR_more_sig"
0.6,"eld vs kin","151",1.49938407308288e-14,1.323133925122e-18,13.8240871066745,17.8783961951188,5.49029432844779,5.81551699614315,0.482696572853962,0.479735245554505,"TSS_more_sig"
0.6,"eld vs kin","163",0.0191568054555131,0.0478338397711804,1.71767691116113,1.3202647555591,-2.83894737783028,-2.42207239898347,0.554918557131878,0.576822213767526,"CLR_more_sig"
0.6,"eld vs kin","164",2.6330986743496e-06,5.02980286786897e-09,5.57953286557203,8.29844903583362,3.27142719017879,3.6604314707523,0.461114062959083,0.449926397518177,"TSS_more_sig"
0.6,"eld vs kin","169",0.0021755506504872,0.0256315201078056,2.66243080114579,1.59122563670084,-3.3468131040653,-2.8042531983281,0.505205341206773,0.531928060340584,"CLR_more_sig"
0.6,"eld vs kin","172",0.0052097966507616,0.0251307687407202,2.28317922778985,1.59979422630012,-2.69186801505586,-2.28587781350025,0.449464728362102,0.470118951054096,"CLR_more_sig"
0.6,"eld vs kin","206",0.00101098261963181,0.000339897175501076,2.99525631054439,3.46865244432954,2.96384998963292,3.30848724921972,0.545315919111208,0.554213349620389,"TSS_more_sig"
0.6,"eld vs kin","207",1.44926854091249e-08,1.79685113224701e-10,7.83885113486647,9.74548790236893,3.69821504938639,4.05711966306586,0.458667896380795,0.450108690743,"TSS_more_sig"
0.6,"eld vs kin","222",1.01044040469318e-05,5.14142503655095e-06,4.99548929588063,5.28891649195119,3.40620902581035,3.80326425395773,0.503098502006123,0.506476832635745,"TSS_more_sig"
0.6,"eld vs kin","223",0.00553934360244519,0.000143996134513536,2.25654169496928,3.8416491661129,2.70573725823709,3.12882772556242,0.524668778254614,0.5327672636406,"TSS_more_sig"
0.6,"eld vs kin","246",0.000151676937743478,8.19422730051866e-06,3.81908044803432,5.08649199327623,3.04867364215798,3.40719712499368,0.485966891951212,0.476765208131456,"TSS_more_sig"
0.6,"eld vs kin","247",0.0176891326413923,0.0040571419344456,1.75229346151041,2.39177979873682,2.30241038802593,2.77196024650285,0.50513148837117,0.495717944486898,"TSS_more_sig"
0.6,"eld vs kin","251",0.0233020634459444,0.03954195720993,1.63260561959593,1.40294183819797,-2.76116951949895,-2.31055793960248,0.581614840020379,0.589264216510484,"CLR_more_sig"
0.6,"eld vs kin","265",0.000307640180482945,0.000127783055232638,3.5119569425299,3.89352673230332,2.86466268006735,3.25332369586233,0.481982583854839,0.47466514138367,"TSS_more_sig"
0.6,"eld vs kin","267",0.012344939154987,0.0305305699258526,1.90851104625198,1.51526508848409,-3.13418013125358,-2.71299512056745,0.601060328541149,0.615180378357686,"CLR_more_sig"
0.6,"eld vs kin","282",0.041862400734633,0.0428269769895342,1.37817586926282,1.36828257989012,-2.85035681364514,-2.38991349209479,0.47949113022924,0.48841225635691,"CLR_more_sig"
0.6,"eld vs kin","294",0.00158617963300919,0.000375826890102815,2.79964763088537,3.4250121497132,2.5934776461273,3.07214947242554,0.44630485837075,0.451360608088619,"TSS_more_sig"
0.6,"eld vs kin","329",0.000510369447093724,1.59262752111022e-05,3.29211533224097,4.79788578379811,2.79109134215805,3.13787540613971,0.429293069715202,0.433461122227491,"TSS_more_sig"
0.6,"eld vs kin","344",2.96830184222499e-05,1.83570466413692e-08,4.52749193838378,7.73619718863195,3.16369035341338,3.59342106501308,0.414234672978961,0.435248097103917,"TSS_more_sig"
0.6,"eld vs kin","435",0.00157975625132554,0.000153206658689333,2.80140991739406,3.81472235892541,2.85700756975981,3.24219917300391,0.571318074028333,0.557269203475106,"TSS_more_sig"
0.6,"eld vs kin","616",0.00186906616637142,0.044230977536259,2.7283753239923,1.35427346230546,-2.549359990387,-2.1061651339697,0.417752743589046,0.440718459653333,"CLR_more_sig"
0.6,"eld vs kin","652",0.00539548868549963,0.000389878708815436,2.26796921385331,3.40907048088394,1.97564998526372,2.40962418081834,0.35056203081605,0.358629394783397,"TSS_more_sig"
0.6,"eld vs kin","666",8.52328310281999e-08,2.689958634555e-06,7.06939308612615,5.57025439840749,-3.74275153529165,-3.30983351273719,0.413954361277114,0.417063237705697,"CLR_more_sig"
0.6,"eld vs kin","667",0.0221324161410411,0.00122338372178349,1.65497117263199,2.91243730247696,2.76848995856899,3.05523432237422,0.569593265575973,0.561015817901442,"TSS_more_sig"
0.6,"eld vs kin","670",0.00338180086474899,0.00529610729973211,2.47085196914717,2.27604322462396,2.21766346502837,2.63417727753403,0.429498272935558,0.426765465454217,"CLR_more_sig"
0.6,"eld vs kin","728",4.06057462070466e-14,1.19343224916248e-16,13.3914125041216,15.9232022307419,4.18974401823033,4.65044777236667,0.386477459021376,0.382198084255478,"TSS_more_sig"
0.6,"eld vs kin","744",7.38790035524278e-05,0.00308334488577037,4.13147897076564,2.51097789479676,-3.59524104432594,-3.12970912532127,0.525095120052188,0.525468003344679,"CLR_more_sig"
0.6,"eld vs kin","770",0.00622540105436334,0.0198229708595809,2.20583266510188,1.70283125745747,-2.51377885946579,-2.12279933127969,0.41817489369197,0.438087836632098,"CLR_more_sig"
0.6,"eld vs kin","786",4.41596573782809e-06,0.000113566483640519,5.35497430482821,3.9447498210694,-3.68843538756035,-3.19457997608571,0.499629221124292,0.505216946226577,"CLR_more_sig"
0.6,"eld vs kin","809",0.0393534876584626,0.0032369807787524,1.40501677274062,2.48985987943788,1.72521372173756,2.21564457193659,0.376730377145714,0.382238299869377,"TSS_more_sig"
0.6,"eld vs kin","825",0.025370355077867,0.00205512358323204,1.59567345444642,2.6871620570473,2.12176626288753,2.68908788941095,0.450626803661063,0.465037666497982,"TSS_more_sig"
0.6,"eld vs kin","849",0.00244478068909064,0.0165696927782285,2.61176009350955,1.78068554384119,-2.66493294911411,-2.26620973228545,0.399208366176811,0.439873764858818,"CLR_more_sig"
0.6,"eld vs kin","854",7.11396786585484e-06,1.49242294542018e-08,5.14788810087549,7.82610808247176,3.36244111472843,3.83237084218071,0.462915988736761,0.458757667149705,"TSS_more_sig"
0.6,"eld vs kin","879",0.000488828262829896,0.0173855424190281,3.31084369221677,1.7598117550287,-2.53865457238413,-2.05720415523106,0.408495376715605,0.415630577693085,"CLR_more_sig"
0.6,"eld vs kin","886",4.6304488325873e-10,2.56962447066161e-13,9.33437691047913,12.5901303405738,4.66303333689296,5.14570867782763,0.506899770058879,0.523946578873099,"TSS_more_sig"
0.6,"eld vs kin","888",6.03429942486264e-05,9.36833159701022e-07,4.21937314372363,6.02833774558268,2.87015565775463,3.35728287952287,0.437187420838662,0.454045856317,"TSS_more_sig"
0.6,"eld vs kin","891",0.000277694526416393,0.0114719008757722,3.55643268046071,1.94036461422955,-3.3815049256677,-2.86582638519482,0.572373764961346,0.571229014480998,"CLR_more_sig"
0.6,"eld vs kin","895",0.0088000135222286,0.0362460726582967,2.05551666050611,1.44073904330626,-2.9314209114217,-2.67852302038066,0.493138596593636,0.500281895908742,"CLR_more_sig"
0.6,"eld vs kin","922",0.0373302516939524,0.00155472307470717,1.42793908189459,2.80834695572837,2.30788462175591,2.67190452493869,0.460122763656924,0.471612656291487,"TSS_more_sig"
0.6,"eld vs kin","926",0.0117441127190195,0.00067432054384668,1.9301797890856,3.17113360890806,2.14640508899002,2.61235600877886,0.418543588837704,0.436532576104558,"TSS_more_sig"
0.6,"eld vs kin","929",0.035580020348228,0.00893876639889455,1.44879380787883,2.04872241220177,2.14840672828275,2.51428293391187,0.468329779264251,0.46327769534829,"TSS_more_sig"
0.6,"eld vs kin","944",0.000709294303400673,1.0020736714898e-06,3.14917352811367,5.9991003483836,2.06427189295968,2.4953642897841,0.298159437615241,0.292254676484067,"TSS_more_sig"
0.6,"eld vs kin","947",1.81708767470109e-10,1.67399626771952e-13,9.74062411742489,12.7762455146287,4.28363111985724,4.71160895446832,0.431611246485145,0.427503597204601,"TSS_more_sig"
0.6,"eld vs kin","978",1.1686333825868e-24,2.31744765216322e-23,23.9323217120133,22.6349900671655,6.17016988456728,6.63505106535782,0.413265687905038,0.416046869010961,"CLR_more_sig"
0.6,"eld vs kin","984",1.93797562781155e-14,1.00098828470883e-15,13.7126516889847,14.9995710053539,4.876402589727,5.41368190543081,0.423866242965496,0.425298707632114,"TSS_more_sig"
0.6,"eld vs kin","988",0.000547280280533521,2.15016625474898e-05,3.26179019996596,4.66752795835019,3.17421773703049,3.67822333961942,0.526725074487195,0.527373779702022,"TSS_more_sig"
0.6,"eld vs kin","991",9.37014786194105e-05,0.00613001927539622,4.02825355584451,2.21253815987228,-3.7096002160221,-3.15519063954469,0.553417433588784,0.57169303422981,"CLR_more_sig"
0.6,"eld vs kin","1014",2.18494965772913e-06,1.27749506314643e-05,5.66055856492803,4.89364076951216,-4.18990456061846,-3.77900381315859,0.51006209368338,0.529536004299402,"CLR_more_sig"
0.6,"eld vs kin","1019",0.00866686240496658,0.000364290716656949,2.06213809823689,3.43855189588965,2.10529308777454,2.62671455782478,0.428523933753328,0.443237870477243,"TSS_more_sig"
0.6,"eld vs kin","1020",0.000670043341995314,0.000834540401899094,3.1738971038953,3.07855263334411,2.45879456819788,2.79483920244066,0.421139839423158,0.409078677959291,"CLR_more_sig"
0.6,"eld vs kin","1021",0.000142328725728227,0.000765379330929537,3.846707438874,3.11612327007657,-3.6421143847223,-3.38656608326498,0.553717761213032,0.559933701458382,"CLR_more_sig"
0.6,"eld vs kin","1027",0.0131929343386486,0.0034270997791432,1.87965859904409,2.46507325101207,2.63925911627107,2.8368831476365,0.516217883340837,0.506438811465619,"TSS_more_sig"
0.6,"eld vs kin","1030",2.24910355143948e-10,1.2007124653513e-11,9.64799054866243,10.9205609806587,4.2684093255724,4.65926743271879,0.42259057707502,0.430546647506874,"TSS_more_sig"
0.6,"eld vs kin","1043",0.000952662405419006,1.32753375781406e-05,3.02106097285444,4.87695442644539,2.43284591316233,2.83146701020366,0.409946181094752,0.42341117167543,"TSS_more_sig"
0.6,"eld vs kin","1059",0.00993373086323098,0.000540680005934908,2.00288761061793,3.26705969011125,2.83023625468276,3.13242688632205,0.587909176568828,0.586780164798033,"TSS_more_sig"
0.6,"eld vs kin","1074",6.43779793020485e-19,6.92524287737821e-21,18.1912626590847,20.1595649907176,5.1281429702959,5.53977152016235,0.38856046977773,0.392868185272031,"TSS_more_sig"
0.6,"eld vs kin","1076",1.5047645982709e-11,2.42003868040412e-14,10.8225314347334,13.6161776924692,4.6062333877718,5.07182350841606,0.439765953977262,0.431931761564877,"TSS_more_sig"
0.6,"eld vs kin","1082",0.000170978379395048,7.34098741608734e-07,3.76705880366092,6.13424552039504,3.02119773969109,3.42983321650053,0.492780983714525,0.495465606054582,"TSS_more_sig"
0.6,"eld vs kin","1089",1.84579295520988e-11,3.08801391511376e-15,10.7338170159064,14.5103207513274,3.06443356489013,3.48578754985353,0.282129562505858,0.289703567019904,"TSS_more_sig"
0.6,"eld vs kin","1098",6.67955303453591e-27,4.66059851509609e-30,26.1752525975737,29.3315583075348,7.06660193982586,7.48689167424074,0.44630056768076,0.446811405463618,"TSS_more_sig"
0.6,"eld vs kin","1105",8.63921792390882e-08,3.68345645056603e-07,7.06352557079704,6.43374446043396,-4.46719024487761,-4.0603197534109,0.493155155206266,0.507054098076997,"CLR_more_sig"
0.6,"eld vs kin","1108",0.00335695144100668,4.05836238691872e-06,2.47405494086559,5.39164917573238,2.47010390584447,3.0552657479621,0.422281390699323,0.452267294222465,"TSS_more_sig"
0.6,"eld vs kin","1112",0.000106198387390454,0.0018150649441746,3.97388207791316,2.74110783101792,-3.532736351672,-3.14820274387484,0.532994782196483,0.528169477276758,"CLR_more_sig"
0.7,"cent vs mage","4",1.22381249387995e-07,9.25882625834835e-21,6.91228511741211,20.0334440653517,2.10097358418124,2.52821829455919,0.199335109091342,0.182970700170161,"TSS_more_sig"
0.7,"cent vs mage","7",9.45083131019981e-11,2.78679756059252e-17,10.024529988575,16.5548945782945,4.06646363924026,4.50441087215507,0.418716707101598,0.417451107968931,"TSS_more_sig"
0.7,"cent vs mage","8",0.000187922479785773,8.36416783392997e-10,3.72602126533341,9.07757726128976,2.1673399572426,2.60610366522244,0.309553164070682,0.314383473494458,"TSS_more_sig"
0.7,"cent vs mage","9",0.000407262765196271,3.73453798123016e-10,3.39012529433089,9.42776311931408,1.9090584228474,2.34222103634743,0.264017587978559,0.271569153897725,"TSS_more_sig"
0.7,"cent vs mage","10",0.0261266790145587,3.34791899701528e-05,1.58291579032292,4.47522505831762,1.85311208989144,2.30406774294358,0.405817664625288,0.409294162861184,"TSS_more_sig"
0.7,"cent vs mage","11",0.000167572280185733,3.19025009174041e-10,3.77579782077752,9.49617527016994,2.12376717748232,2.55608293989293,0.31029201303549,0.298068379209292,"TSS_more_sig"
0.7,"cent vs mage","14",9.22011545131707e-09,7.04375394779325e-18,8.03526364081665,17.1521958232019,2.60523324873591,3.02726236634536,0.262667112837579,0.259198259802316,"TSS_more_sig"
0.7,"cent vs mage","16",0.012271515251211,3.32819379909938e-08,1.91110180853543,7.47779139288944,1.46264114453731,1.88130245298475,0.229973343550113,0.229061881360272,"TSS_more_sig"
0.7,"cent vs mage","19",2.12922559296468e-05,7.1078846622928e-10,4.67177832231492,9.14825962798775,2.40938333710971,2.82801015574129,0.33515735346202,0.346045414088572,"TSS_more_sig"
0.7,"cent vs mage","20",2.36062924241878e-08,2.75761023099497e-16,7.62697221733281,15.5594671183235,2.57951662828855,3.00095144195313,0.265633492397807,0.268713879223477,"TSS_more_sig"
0.7,"cent vs mage","21",3.54065342404364e-10,9.9837635926821e-19,9.45091658196592,18.0007057112764,2.75870720778781,3.18783446979002,0.263972406411891,0.261186869271234,"TSS_more_sig"
0.7,"cent vs mage","23",7.20199831000187e-05,1.67264245873536e-11,4.14254698487489,10.7765968831817,2.03935060193681,2.46655223320771,0.261946492510157,0.26734046686949,"TSS_more_sig"
0.7,"cent vs mage","24",8.629110962825e-11,5.61730071218405e-14,10.0640339463275,13.2504723263203,4.40296190474841,4.79754783433761,0.480512097715738,0.49368176100342,"TSS_more_sig"
0.7,"cent vs mage","26",8.44521989936126e-07,3.11143765196039e-12,6.07338903764587,11.507038897132,2.98125150952058,3.42075734623304,0.372911795253747,0.37306351102682,"TSS_more_sig"
0.7,"cent vs mage","28",0.0294953823404352,4.63102672993861e-05,1.5302459698198,4.33432271228373,2.1398110495056,2.5651046498757,0.454928509473207,0.456234783266157,"TSS_more_sig"
0.7,"cent vs mage","30",0.00444996305707329,6.32168031672198e-09,2.35164359445184,8.19916746993174,1.58045291917863,2.01182903993456,0.237365210816952,0.239022255456951,"TSS_more_sig"
0.7,"cent vs mage","32",6.17744970631054e-06,4.65837900122553e-14,5.2091907817188,13.3317651805834,2.04259970018566,2.46758838978771,0.225726998315349,0.228888936362108,"TSS_more_sig"
0.7,"cent vs mage","36",0.000943905769400544,1.2100461702929e-11,3.02507135937992,10.9171980585093,1.63364473384177,2.05510900458618,0.204238660478847,0.202752325947206,"TSS_more_sig"
0.7,"cent vs mage","37",0.0135879477393496,1.95812763753962e-06,1.86684613214023,5.70815900279209,1.79355513947117,2.2192704368157,0.338799216782623,0.335208727465544,"TSS_more_sig"
0.7,"cent vs mage","39",2.45513598344737e-08,1.01103900297032e-13,7.60992444845943,12.9952320902566,3.5049138744758,3.92374148223413,0.42426477047982,0.416627499391641,"TSS_more_sig"
0.7,"cent vs mage","42",2.26203567743847e-07,9.75547489902521e-13,6.64550054954652,12.0107515841879,3.35841680515097,3.79410044781278,0.414174476189657,0.410318975506159,"TSS_more_sig"
0.7,"cent vs mage","44",0.00615007271071648,4.14976292208184e-07,2.21111974964308,6.38197671402832,1.70550670804043,2.1333409575802,0.292618788797223,0.299241100739891,"TSS_more_sig"
0.7,"cent vs mage","47",0.00469298285682245,1.87195056654044e-05,2.32855103223562,4.72770562406061,2.42346621769259,2.85653087388913,0.49492937519267,0.495278977665435,"TSS_more_sig"
0.7,"cent vs mage","52",0.00885568105304961,1.73763759380585e-06,2.05277803343409,5.76004079602436,1.67480361073865,2.08737116025469,0.30053770939136,0.307234048508556,"TSS_more_sig"
0.7,"cent vs mage","55",0.000110422150930216,7.92139455596376e-09,3.95694379742387,8.10119835444022,2.37215267663743,2.80174426694051,0.365383150511667,0.357459965692581,"TSS_more_sig"
0.7,"cent vs mage","56",2.84550827056375e-07,2.29694452750263e-11,6.54584014776257,10.6388494931334,2.89340514944642,3.30549857296054,0.365159511751143,0.374019777673592,"TSS_more_sig"
0.7,"cent vs mage","61",0.00361645686611119,5.07300488278775e-08,2.44171671041523,7.2947347196722,1.7630564201509,2.19941632166287,0.281775423528044,0.283161133547815,"TSS_more_sig"
0.7,"cent vs mage","69",4.10574638681832e-05,3.09202725656779e-08,4.3866078806369,7.50975668638217,2.60980001389791,2.99600147716959,0.393593869729254,0.386045212324497,"TSS_more_sig"
0.7,"cent vs mage","90",7.48891296441695e-05,3.23346561374404e-11,4.12558121672196,10.4903317531924,2.24770765250129,2.73215112114817,0.291329204667028,0.287203324805023,"TSS_more_sig"
0.7,"cent vs mage","92",0.000298861028752996,7.66253582539313e-11,3.52453071293323,10.1156274819699,1.83503062810667,2.25790719641646,0.245380167588771,0.240169312644116,"TSS_more_sig"
0.7,"cent vs mage","95",0.00294246351973871,6.64493948181045e-06,2.53128891277489,5.17750897000123,1.98682614676998,2.37921794885628,0.369111935704659,0.368735711498846,"TSS_more_sig"
0.7,"cent vs mage","106",5.47766441951558e-06,2.36691006419784e-11,5.2614045776346,10.6258182437036,2.66076799528214,3.0613439759262,0.327855776620115,0.334474012211137,"TSS_more_sig"
0.7,"cent vs mage","114",3.27643753580237e-08,1.41590194471482e-05,7.48459810730953,4.84896682174781,-3.78457327322913,-3.38699148718841,0.458311736227389,0.496915673637207,"CLR_more_sig"
0.7,"cent vs mage","119",0.000416919883403894,1.33379155174999e-10,3.37994739236069,9.87491203773457,1.7500058087442,2.18132348229028,0.247106584081348,0.237283090208589,"TSS_more_sig"
0.7,"cent vs mage","120",0.0137734443999604,0.00051796946510064,1.86095743978383,3.28569584166243,2.19710855157107,2.57824472501813,0.483065023645114,0.504478471219647,"TSS_more_sig"
0.7,"cent vs mage","132",1.49507339957296e-10,4.32941431405827e-08,9.8253374854352,7.36357085130873,-4.37227472349425,-3.90600974359215,0.474290356693459,0.484108661207672,"CLR_more_sig"
0.7,"cent vs mage","141",0.0137046093014401,0.00550905791836839,1.8631333410546,2.25892266173531,2.40981108225398,2.60931916949308,0.547868593562201,0.559595104267792,"TSS_more_sig"
0.7,"cent vs mage","142",4.80800040240733e-05,1.89384755505347e-07,4.31803550465688,6.72265498238851,3.48331325961835,3.96539888888783,0.545788023394782,0.531090421135378,"TSS_more_sig"
0.7,"cent vs mage","143",5.40065417155751e-10,9.01741455691431e-06,9.26755363167879,5.04491796407879,-3.9841584542244,-3.53551961136932,0.455338233448628,0.460941617155153,"CLR_more_sig"
0.7,"cent vs mage","148",0.000803235581871097,0.0197217823908725,3.09515706131958,1.70505383749116,-2.79469765234993,-2.34034646985725,0.488169416202304,0.506486081372066,"CLR_more_sig"
0.7,"cent vs mage","155",0.00461724246776632,9.03784371940958e-06,2.33561731850755,5.04393517267342,2.57324913366029,2.96345871187018,0.476707705762459,0.46073455520807,"TSS_more_sig"
0.7,"cent vs mage","168",0.00044488060994994,1.58565490975859e-10,3.35175652249483,9.79979132338336,3.41454897243177,3.8383357616178,0.447516978496521,0.458912877254297,"TSS_more_sig"
0.7,"cent vs mage","169",0.000492333236009813,0.038456454108986,3.30774084525823,1.4150307625285,-2.47259710261312,-2.07508527050175,0.415326538869198,0.44827245022239,"CLR_more_sig"
0.7,"cent vs mage","210",5.81177949515732e-11,9.34120811119099e-09,10.2356908716371,8.02959695223952,-4.41099542955211,-4.02880318003285,0.466344875843818,0.462237281992291,"CLR_more_sig"
0.7,"cent vs mage","212",0.00271043987340674,3.04663498682835e-06,2.56696022237612,5.51617957488862,2.26309144588828,2.61270916184198,0.384744038993498,0.374874630351741,"TSS_more_sig"
0.7,"cent vs mage","219",1.2785820053451e-08,2.78288084121068e-07,7.89327141208291,6.55550538910706,-4.03998309034972,-3.49907266988111,0.455345067391089,0.465692881785777,"CLR_more_sig"
0.7,"cent vs mage","289",0.00100713088898191,0.0495803692283389,2.99691408389661,1.30469024333599,-2.62293848283908,-2.11064071367236,0.475226274742709,0.484711936675077,"CLR_more_sig"
0.7,"cent vs mage","294",2.17436116415087e-05,1.69948773044166e-07,4.66266831739304,6.76968196648587,2.79132898617552,3.18774981156327,0.382096555830985,0.384963409943062,"TSS_more_sig"
0.7,"cent vs mage","353",5.45057155917637e-05,0.000307590818371261,4.26355795424057,3.51202663242786,-3.30680484533942,-2.78474356676357,0.45032891728558,0.44426120760883,"CLR_more_sig"
0.7,"cent vs mage","652",0.000140704217348712,1.49248408080257e-09,3.85169288519621,8.82609029246424,2.27668087929561,2.66566177410636,0.294173250974575,0.311569531700717,"TSS_more_sig"
0.7,"cent vs mage","671",6.61475964911419e-05,2.93281251437671e-09,4.17948593151576,8.53271569923362,2.45098399916562,2.86071168040752,0.354739255588993,0.361461257667727,"TSS_more_sig"
0.7,"cent vs mage","675",1.82040799560878e-05,0.00157530200933378,4.73983126565018,2.80263617304037,-3.11085337430298,-2.71121835460736,0.463639754590252,0.483971115511068,"CLR_more_sig"
0.7,"cent vs mage","728",8.04364709987485e-06,4.66974198105568e-11,5.09454699152371,10.3307071150012,2.43804467834339,2.84254844300338,0.304402074099982,0.305074570723695,"TSS_more_sig"
0.7,"cent vs mage","762",0.000176389526760151,3.4728450611036e-06,3.75352720494856,5.45931459204448,2.46978168770834,2.82739812093314,0.382944188691475,0.383777137301114,"TSS_more_sig"
0.7,"cent vs mage","770",0.000215020944520096,0.0491146374522349,3.66751923475194,1.30878905742144,-2.15650277553041,-1.72484312207701,0.324068081340424,0.348253403561156,"CLR_more_sig"
0.7,"cent vs mage","788",0.00566145561914753,0.00080953882699567,2.24707189282442,3.09176231683576,2.50676137635675,2.86846565685627,0.518438828391405,0.543117679040862,"TSS_more_sig"
0.7,"cent vs mage","798",0.00793394647096485,0.000449445221679682,2.1005107339656,3.34732323245565,2.11620809646465,2.55172002293417,0.410765323768165,0.44168018643159,"TSS_more_sig"
0.7,"cent vs mage","814",0.0118305566570924,0.00065547584702222,1.92699482025661,3.18344330656463,2.12227115650294,2.60011507220316,0.470308590284368,0.4766391109869,"TSS_more_sig"
0.7,"cent vs mage","825",0.0491503959993146,0.000193146408618433,1.30847297875505,3.71411336275446,1.76093419865303,2.22250991367837,0.356375626094477,0.367199659427758,"TSS_more_sig"
0.7,"cent vs mage","829",0.000101330955906944,2.78963345748369e-08,3.99425786040638,7.55445285688767,2.48355609337547,2.88416508537271,0.382229131937636,0.394503153710575,"TSS_more_sig"
0.7,"cent vs mage","834",0.0100729276598855,1.23775132954954e-06,1.99684428498345,5.90736659849216,2.16704124917637,2.57471475326075,0.401344432064195,0.399987362913474,"TSS_more_sig"
0.7,"cent vs mage","848",0.000750650660858949,2.04826045796281e-07,3.12456212871985,6.68861481905177,2.27591399674237,2.70851414903966,0.320991507797203,0.332529048060356,"TSS_more_sig"
0.7,"cent vs mage","854",3.4836261332087e-06,4.48720793238805e-09,5.45796846015028,8.34802380526157,3.31607322091345,3.71656051275743,0.451862587861843,0.457216602837874,"TSS_more_sig"
0.7,"cent vs mage","857",1.65261757852652e-05,3.6288652616045e-09,4.78182763206096,8.44022915669004,2.4411491465457,2.85481244664698,0.334832547260945,0.341153736610209,"TSS_more_sig"
0.7,"cent vs mage","886",0.000204457030177603,4.31584961743006e-05,3.68939795180151,4.3649336963937,3.26000075719829,3.63696601772967,0.521177998718458,0.527730329080433,"TSS_more_sig"
0.7,"cent vs mage","921",1.66698283320793e-09,2.03338225891666e-06,8.77806887256639,5.69178096994403,-3.86763725959291,-3.41939937440377,0.466791164854213,0.474163103971661,"CLR_more_sig"
0.7,"cent vs mage","944",0.0366527971492554,7.9887503136615e-07,1.4358928766809,6.09752115239173,1.56000183588012,2.01908614885444,0.295597392597342,0.283635418911647,"TSS_more_sig"
0.7,"cent vs mage","947",0.00135924213388691,7.08998605420947e-06,2.86670317163829,5.14935461906035,2.4639352906627,2.90849064361619,0.411429681094153,0.415376417064232,"TSS_more_sig"
0.7,"cent vs mage","978",4.20442556383059e-06,2.72540511015612e-09,5.37629333197076,8.56456893411069,3.23426641844519,3.70279799093799,0.446487361429068,0.445607498069448,"TSS_more_sig"
0.7,"cent vs mage","984",0.000158722965387098,6.79022932434519e-07,3.7993602312835,6.16811555817666,2.66982935342399,3.15257553907176,0.423752883597293,0.411691467265413,"TSS_more_sig"
0.7,"cent vs mage","989",0.0110319860717905,1.74679953788714e-05,1.95734629514152,4.75775693164255,2.32266426598846,2.76190875988091,0.366067841618334,0.384106775721716,"TSS_more_sig"
0.7,"cent vs mage","1017",0.0237599047674575,9.6660260705062e-05,1.62415530439163,4.0147520378479,2.19818159798482,2.70737223350495,0.3934474849524,0.389233172129124,"TSS_more_sig"
0.7,"cent vs mage","1019",1.19776372042618e-05,0.0235826089386869,4.92162884558253,1.62740815068289,-2.75898995639305,-2.26224871414113,0.394129801094955,0.389718718793813,"CLR_more_sig"
0.7,"cent vs mage","1022",0.0493586959758079,0.00384839112062733,1.30663632259702,2.41472079606816,1.48830226493734,1.89903562525157,0.355432812513382,0.370467770826164,"TSS_more_sig"
0.7,"cent vs mage","1030",0.00222307938592765,0.00022645035018291,2.65304502841449,3.64502700338735,2.47610836691057,2.66210839801427,0.40178547436503,0.420993441158204,"TSS_more_sig"
0.7,"cent vs mage","1043",3.36316551998018e-07,2.03710786062611e-10,6.47325175812542,9.69098597540112,2.68627525881173,3.12122099733606,0.325490571703877,0.319048379464452,"TSS_more_sig"
0.7,"cent vs mage","1058",0.000611639266697215,0.0379404084773587,3.21350464104502,1.42089799768278,-2.69043507549417,-2.35587824479361,0.467580806628824,0.465280702793856,"CLR_more_sig"
0.7,"cent vs mage","1074",3.32315016198936e-08,1.10006533703562e-11,7.47845003396958,10.958581519686,3.21615157520837,3.5692053394858,0.370908002702632,0.383344936652725,"TSS_more_sig"
0.7,"cent vs mage","1076",0.00108044044922698,1.58434793841e-06,2.96639916518503,5.80014943692713,2.5251110280975,2.98880216173653,0.426977473935829,0.411090126540298,"TSS_more_sig"
0.7,"cent vs mage","1087",3.52689085456884e-08,3.37087983898195e-10,7.45260798008072,9.47225672840373,3.81570604556888,4.16760862694154,0.483008120226615,0.493786349711943,"TSS_more_sig"
0.7,"cent vs mage","1089",0.0199521304021746,1.85153028929505e-07,1.70001072541526,6.73246917890695,1.56272964969862,1.98113743599533,0.268232738714957,0.262387755967827,"TSS_more_sig"
0.7,"cent vs mage","1091",0.00428499175568896,5.12924924179046e-06,2.36805000932124,5.28994619707301,2.64436654280684,3.13888384205488,0.470249306103396,0.472882152295678,"TSS_more_sig"
0.7,"cent vs mage","1098",1.0736013630254e-12,5.64399388814072e-17,11.9691569458021,16.2484134652133,4.44754859741193,4.84024512270643,0.439284837497088,0.44076610520151,"TSS_more_sig"
0.7,"eld vs kin","3",2.17020845738602e-13,2.71032296259022e-09,12.6634985483891,8.5669789554305,-4.60484409575406,-4.1268346887799,0.431429061134393,0.446705383728577,"CLR_more_sig"
0.7,"eld vs kin","4",2.79490071966227e-13,1.09592288339983e-18,12.5536336144926,17.9602200046949,2.61328765718642,3.10850144792866,0.227071727284285,0.22073320506364,"TSS_more_sig"
0.7,"eld vs kin","5",2.37607658855739e-05,0.0127137137960759,4.62413956476333,1.89572756938692,-2.65784925168471,-2.16351892226857,0.385723059309069,0.386190909944934,"CLR_more_sig"
0.7,"eld vs kin","7",1.08037390070084e-30,5.22650567195391e-30,29.9664259158938,29.281788573959,7.6441463578996,8.19564075471932,0.458044824635718,0.468990839850934,"CLR_more_sig"
0.7,"eld vs kin","8",0.000584243206686595,2.34969428538206e-05,3.23340632868444,4.62898863934889,2.1288527504915,2.61291528932155,0.381899186498117,0.394144735468468,"TSS_more_sig"
0.7,"eld vs kin","10",0.000696819469234295,0.0438688320576197,3.15687972358177,1.35784392788553,-2.5833309811658,-2.11788581035688,0.479039830119524,0.474224692210623,"CLR_more_sig"
0.7,"eld vs kin","11",4.50179124564174e-11,3.75440035848946e-14,10.3466146477113,13.4254594173269,3.3299110172552,3.79968593236117,0.351454167266722,0.348665616468742,"TSS_more_sig"
0.7,"eld vs kin","14",5.6008345367909e-12,3.746823445159e-16,11.2517472573295,15.426336770904,2.94656217716817,3.4366357712494,0.280875565431465,0.27632861667852,"TSS_more_sig"
0.7,"eld vs kin","15",1.07636423647905e-06,5.72578355473333e-09,5.968040740635,8.24216507314321,3.0333710016071,3.51005522560847,0.441364378320253,0.421266072520849,"TSS_more_sig"
0.7,"eld vs kin","16",1.05862241541326e-14,1.39764793063779e-18,13.9752589144377,17.8546022141681,3.10644277480709,3.59942600709594,0.261779310824862,0.267242938583076,"TSS_more_sig"
0.7,"eld vs kin","17",0.0321346707707614,0.0149409468846721,1.49302614520664,1.82562187817276,1.95131132713614,2.44676147623407,0.512236419947736,0.513659149929489,"TSS_more_sig"
0.7,"eld vs kin","21",2.65282402882632e-22,2.27143741775224e-26,21.5762915573469,25.6436992242904,4.1849156309792,4.67880948077871,0.296844455775809,0.29448239478467,"TSS_more_sig"
0.7,"eld vs kin","23",5.28771549017237e-08,4.9525340419414e-10,7.2767319204612,9.30517253059477,2.50845716144588,2.99398054962484,0.303172740044394,0.311781082061737,"TSS_more_sig"
0.7,"eld vs kin","25",1.19861629871088e-07,2.4969330937373e-09,6.92131982108967,8.60259309457696,3.15019948666326,3.61294803253835,0.415454113738849,0.419590433537589,"TSS_more_sig"
0.7,"eld vs kin","26",6.91125311860684e-06,4.19614643909684e-08,5.16044320108382,7.37714936400042,2.54840710568728,3.01531545635584,0.36542778031525,0.362247795779682,"TSS_more_sig"
0.7,"eld vs kin","29",3.09253018209322e-08,2.28813000453486e-11,7.50968605310464,10.6405193038964,2.53213457327154,3.02469226654491,0.290121243035762,0.291532133554746,"TSS_more_sig"
0.7,"eld vs kin","31",3.33372294154456e-07,1.04975689977159e-08,6.47707049627712,7.97891126217906,3.69932054993519,4.21321779555543,0.523797344974179,0.539021682447989,"TSS_more_sig"
0.7,"eld vs kin","32",0.000154553970448681,1.91335232519016e-06,3.81091983355245,5.71820505151105,1.85540677413587,2.34018700522806,0.276859842901757,0.292139409443851,"TSS_more_sig"
0.7,"eld vs kin","33",4.67972421803958e-06,0.00386890466783564,5.32977973968499,2.41241197142712,-3.09246625359027,-2.56337296673198,0.454379487628105,0.458387542335242,"CLR_more_sig"
0.7,"eld vs kin","36",2.07852953069123e-07,2.39160454921757e-10,6.68224380087865,9.62131062915295,2.21148664882799,2.70257809936477,0.255810947051153,0.26300138780727,"TSS_more_sig"
0.7,"eld vs kin","47",0.000203231922103495,4.48487895031008e-06,3.69200807540117,5.34824927434159,2.93453054857258,3.44767498965244,0.539719461552282,0.530002351979189,"TSS_more_sig"
0.7,"eld vs kin","49",0.000348482141751843,7.020988431786e-06,3.45781947276641,5.15360174253514,2.04621145023238,2.55317400984864,0.345714714605702,0.358514047405868,"TSS_more_sig"
0.7,"eld vs kin","55",9.15888329315313e-05,1.0540253476419e-06,4.03815747493326,5.97714894490275,2.59106345508076,3.11600492485055,0.419711537164246,0.419383155362629,"TSS_more_sig"
0.7,"eld vs kin","58",0.00127821229823209,5.42196435675101e-05,2.89339700823275,4.26584334173842,1.94991434596968,2.40542985819797,0.362950941349192,0.368474613645702,"TSS_more_sig"
0.7,"eld vs kin","61",3.37588415196269e-05,3.85813253294173e-07,4.47161246519407,6.413622857735,2.33473464509917,2.82747760148462,0.359738790648225,0.367974659066642,"TSS_more_sig"
0.7,"eld vs kin","65",8.58471541172751e-05,0.0352011395120708,4.06627409737726,1.45344327755044,-2.54036112171175,-2.06688294648617,0.380730056621705,0.368557385454945,"CLR_more_sig"
0.7,"eld vs kin","67",1.58567314371509e-12,8.12828583838613e-09,11.79978632932,8.09000103244068,-5.27822385531847,-4.81630389261612,0.557724898514659,0.565629179417587,"CLR_more_sig"
0.7,"eld vs kin","70",0.000231602855073824,2.27470387523938e-05,3.63525609116583,4.64307513251024,2.73994446855624,3.19540009848087,0.520980871052813,0.515569126651364,"TSS_more_sig"
0.7,"eld vs kin","71",0.00289273065290962,0.000224389958913481,2.53869200237027,3.64899658095436,2.86634246837583,3.21294099776219,0.542786535853861,0.532578004481827,"TSS_more_sig"
0.7,"eld vs kin","74",5.15327527954292e-08,9.19844521624198e-10,7.28791665761786,9.03628557385768,3.86711158316659,4.4366853459314,0.502528055561379,0.504087344870675,"TSS_more_sig"
0.7,"eld vs kin","77",7.78015659459679e-06,1.16113530055268e-06,5.10901166168835,5.9351171714244,2.46272999124874,2.96870818873279,0.36272452662718,0.376494258355804,"TSS_more_sig"
0.7,"eld vs kin","79",4.88849624159849e-07,9.45797989944725e-05,6.3108247143758,4.02420161330309,-3.63059524962993,-3.15621778570891,0.47533862098916,0.483088849644794,"CLR_more_sig"
0.7,"eld vs kin","80",8.52253267061281e-07,1.37967932395874e-08,6.06943132525429,7.86022184404718,2.5887761515304,3.07406295353748,0.361741357054332,0.345342024264579,"TSS_more_sig"
0.7,"eld vs kin","82",6.41725433007565e-05,0.00697329522600117,4.19265074831055,2.15656194782977,-3.69202471254648,-3.24632480476229,0.583200246290991,0.611711287142935,"CLR_more_sig"
0.7,"eld vs kin","83",8.74504420375852e-06,0.00798585327747644,5.05823799094232,2.09767867327613,-3.28306823131209,-2.83227380342926,0.494385736772485,0.532016924028961,"CLR_more_sig"
0.7,"eld vs kin","84",7.75702508235626e-08,0.000915087439566281,7.11030480426146,3.03853740570756,-3.67268004895894,-3.18452359608252,0.451160801903876,0.487692451228999,"CLR_more_sig"
0.7,"eld vs kin","89",6.96607750659635e-15,4.92975242641632e-18,14.1570116977647,17.3071748905688,4.98791816289317,5.51570229001044,0.435573634906614,0.449881281529533,"TSS_more_sig"
0.7,"eld vs kin","91",1.26373455549968e-06,0.00052909009198044,5.89834413901895,3.27647037121886,-4.10650728570922,-3.65529656555442,0.563348060148804,0.584259311815445,"CLR_more_sig"
0.7,"eld vs kin","100",4.74884858365814e-05,0.00425317547275002,4.3234116776132,2.37128669928104,-3.67871912503294,-2.99982063099952,0.536041644075527,0.561341336703905,"CLR_more_sig"
0.7,"eld vs kin","103",0.00089742750601851,4.06777750257122e-05,3.04700062353819,4.3906428099401,2.41154109080499,2.89284204367434,0.449569924604752,0.457057718254109,"TSS_more_sig"
0.7,"eld vs kin","111",0.000159425699486456,0.00508858685268535,3.7974416688526,2.29340280848664,-3.06455487777544,-2.57579785111685,0.443533145003874,0.461179846422176,"CLR_more_sig"
0.7,"eld vs kin","113",0.0237504651982262,0.00871246442960082,1.62432787946884,2.05985898198543,1.85452766661529,2.29012520765129,0.478003661814963,0.493096029362615,"TSS_more_sig"
0.7,"eld vs kin","119",6.32286969873888e-07,2.05508930494191e-10,6.19908576800519,9.68716930089217,2.54153441554317,3.02821729044543,0.30885002575444,0.314347323071547,"TSS_more_sig"
0.7,"eld vs kin","121",9.25195228655252e-13,1.74900692062257e-15,12.0337666156053,14.7572084720638,4.74642734315976,5.17587055562858,0.481748570554146,0.496713634915017,"TSS_more_sig"
0.7,"eld vs kin","124",0.000136793655073408,2.77755883992559e-07,3.8639340461138,6.55633673217671,2.72033848308342,3.23426701332682,0.438365234662013,0.434920091066697,"TSS_more_sig"
0.7,"eld vs kin","125",8.45522940441972e-05,1.46592561874738e-06,4.07287460477564,5.83388806529318,3.07659241144418,3.67666780291665,0.519430713185503,0.530115114056303,"TSS_more_sig"
0.7,"eld vs kin","130",0.000477314299216046,0.0202626101024645,3.32119555499557,1.69330461227851,-3.08233245733108,-2.5510352638884,0.581313161031022,0.587011107505361,"CLR_more_sig"
0.7,"eld vs kin","138",2.31531456000454e-11,3.03583442985447e-13,10.6353899971325,12.5177219179417,4.07492550531735,4.50904282094056,0.437091819658386,0.438751756930325,"TSS_more_sig"
0.7,"eld vs kin","139",2.21263879580778e-07,0.000188258386720535,6.65508947707633,3.72524566731681,-3.82220367283577,-3.30297726081276,0.53522655017086,0.535151002906042,"CLR_more_sig"
0.7,"eld vs kin","142",0.0327877501360556,0.00765126143102859,1.48428838317874,2.11626695865382,2.31928946885143,2.68567184623077,0.555135083825898,0.541005259411787,"TSS_more_sig"
0.7,"eld vs kin","151",6.75350504174942e-17,2.79441599090712e-18,16.1704707715824,17.5537089421346,5.47915531865859,5.98436869613038,0.483866605002099,0.487043190837495,"TSS_more_sig"
0.7,"eld vs kin","164",3.18902618167916e-07,2.30813845049464e-09,6.49634191521546,8.63673814418076,3.36470772939865,3.88794399201301,0.476286644887602,0.46750934974163,"TSS_more_sig"
0.7,"eld vs kin","169",6.64980276669058e-06,0.0100280302509843,5.17719123569061,1.99878436460056,-3.27479721230436,-2.74744109799922,0.494837292263576,0.532698590425986,"CLR_more_sig"
0.7,"eld vs kin","206",0.000192203081715515,1.65012754509765e-05,3.71623965328915,4.78248248609439,3.03287925586583,3.45136290285107,0.549049969652616,0.544659388697531,"TSS_more_sig"
0.7,"eld vs kin","207",1.61151317983882e-08,2.27365873107552e-10,7.7927661382386,9.64327472097335,3.7642592999399,4.27447614508373,0.460470252470563,0.470666152931304,"TSS_more_sig"
0.7,"eld vs kin","212",0.0283450998742329,0.00890867763994036,1.54752200842952,2.05018675570471,1.58547215838141,2.04059362688092,0.411276714697153,0.402365562026129,"TSS_more_sig"
0.7,"eld vs kin","217",0.0320137126708124,0.00867447129771403,1.49466395725394,2.06175698564171,2.02198029780388,2.51092637920609,0.513952852954121,0.515282252273676,"TSS_more_sig"
0.7,"eld vs kin","222",1.07848479352884e-05,2.10480210969916e-07,4.96718597400425,6.67678872961722,3.36272789532155,3.89722705476716,0.503962508254418,0.507279000477557,"TSS_more_sig"
0.7,"eld vs kin","223",0.000763602399962479,5.47538423478754e-05,3.11713271531134,4.26158539882707,2.7015608772393,3.22059218377101,0.524262757917724,0.529093402520238,"TSS_more_sig"
0.7,"eld vs kin","246",2.83149747044151e-05,1.83751494274793e-06,4.54798382202042,5.73576912052862,3.09177048993535,3.47976347440424,0.475448014317291,0.467101499396411,"TSS_more_sig"
0.7,"eld vs kin","247",0.0136979281105374,0.0020097960196821,1.86334511738432,2.69684801821227,2.27522601585204,2.91749284399395,0.513517051288326,0.507487185900412,"TSS_more_sig"
0.7,"eld vs kin","250",0.0434426800055233,0.0279109362184652,1.36208339070033,1.55422559569718,1.63741513862409,2.12068817645538,0.437708270144606,0.426979676526708,"TSS_more_sig"
0.7,"eld vs kin","265",5.52986912071377e-05,9.2496536991081e-05,4.2572851473254,4.03387452665359,2.9570599382481,3.24937282017491,0.486529827727054,0.477004627797847,"CLR_more_sig"
0.7,"eld vs kin","282",0.000260492112990371,0.0473549466542667,3.58420542144935,1.3246346482881,-2.83543944425736,-2.2806015140999,0.478467174808749,0.476160246758495,"CLR_more_sig"
0.7,"eld vs kin","294",0.00307462752315344,1.15567612682935e-06,2.51220748946164,5.93716385799003,2.74310106932914,3.40873634858134,0.44610698795367,0.447588833796702,"TSS_more_sig"
0.7,"eld vs kin","329",6.74727201984532e-05,4.24414920063925e-08,4.17087178067969,7.37220935712806,2.81571067970404,3.28034859159381,0.436523006016105,0.420811295839012,"TSS_more_sig"
0.7,"eld vs kin","344",1.09390632403063e-07,2.95314940760005e-09,6.96101986694085,8.52971458037836,3.20874106152652,3.66727178457098,0.422598726974936,0.408637612868247,"TSS_more_sig"
0.7,"eld vs kin","435",0.000717576196136393,5.29063301662037e-05,3.14413197639941,4.27649236214669,2.87874475489075,3.41103480986717,0.572374375255705,0.562961347506625,"TSS_more_sig"
0.7,"eld vs kin","499",0.0351032510023621,0.00156150619157259,1.45465266054258,2.80645628939697,1.78573095328337,2.36664699361403,0.45943322391552,0.469100200049685,"TSS_more_sig"
0.7,"eld vs kin","652",0.00274714390706227,3.57463485099535e-06,2.56111858979456,5.44676831478517,2.020944858256,2.62292304830118,0.354502558962468,0.367703162795342,"TSS_more_sig"
0.7,"eld vs kin","666",1.37814605572402e-09,6.84429784192827e-06,8.86070475352153,5.16467109961437,-3.77644169757573,-3.3331954630078,0.41674180538564,0.429262801631019,"CLR_more_sig"
0.7,"eld vs kin","667",0.0019619888924973,0.00108005808053833,2.70730345564149,2.96655288953243,2.5950810829823,3.14303258981889,0.566429121267664,0.567681824113206,"TSS_more_sig"
0.7,"eld vs kin","670",0.002188418528904,8.94099266345872e-06,2.65986961679409,5.04861426148037,2.25622555489667,2.77004077286351,0.438947239805523,0.436139145398592,"TSS_more_sig"
0.7,"eld vs kin","728",1.00041521899408e-13,3.82191985013768e-19,12.9998197101094,18.4177184248184,4.26014337183711,4.7254745629336,0.392615693148711,0.378517975318665,"TSS_more_sig"
0.7,"eld vs kin","744",5.05546083206704e-06,0.00208696883515487,5.29623925002318,2.68048403623465,-3.50446682935442,-3.03907969553078,0.518982276497468,0.525232656144145,"CLR_more_sig"
0.7,"eld vs kin","786",7.32527303918402e-07,5.85635689192189e-05,6.13517618296007,4.23237246482716,-3.61686204789647,-3.15136165698982,0.491131626299578,0.502709282183657,"CLR_more_sig"
0.7,"eld vs kin","809",0.0132876057869137,0.000735417156674927,1.87655326489649,3.13346624261737,1.81181058224219,2.33732776792373,0.38260099935006,0.374855487992407,"TSS_more_sig"
0.7,"eld vs kin","825",0.00229125148104098,0.000423724266706537,2.63992724130623,3.37291666322357,2.34483466023441,2.70919049433307,0.466997137614579,0.44512646369532,"TSS_more_sig"
0.7,"eld vs kin","849",5.36832936343221e-05,0.0170753903672712,4.27016084672635,1.76762935895455,-2.65712089286314,-2.1306937298976,0.401422421540392,0.432505071517397,"CLR_more_sig"
0.7,"eld vs kin","853",0.0178751432659772,0.00180064954596125,1.74775046872274,2.74457080415178,1.64871886527807,2.14082068764897,0.378040255061924,0.387215353690325,"TSS_more_sig"
0.7,"eld vs kin","854",1.00021629734614e-07,3.08755811587128e-10,6.99990607341379,9.51038485910404,3.41322891880636,3.84735508923655,0.466705275411349,0.447767631689586,"TSS_more_sig"
0.7,"eld vs kin","857",0.00340149485767793,0.00212676837185028,2.46833018126193,2.67227980690264,1.93867609149162,2.46352936640261,0.408576493442649,0.421384581317205,"TSS_more_sig"
0.7,"eld vs kin","884",0.0422646986331477,0.00952101845847396,1.37402222339784,2.02131659287208,1.49707237791207,1.98654695539861,0.395011516349176,0.407060841258428,"TSS_more_sig"
0.7,"eld vs kin","886",4.73892257385327e-12,2.63308018260205e-12,11.3243203868952,11.5795359155497,4.76520362768415,5.18753462172613,0.516368949772284,0.524384007700324,"TSS_more_sig"
0.7,"eld vs kin","888",1.22216739649564e-05,1.40431907206341e-07,4.91286930604485,6.8525342059576,2.93935089953133,3.36687650948948,0.435640699132719,0.441965855421277,"TSS_more_sig"
0.7,"eld vs kin","890",0.0143914826109755,0.00134036711319114,1.84189446272792,2.87277623641333,1.737737336175,2.19398030845203,0.410018714269688,0.407081169820496,"TSS_more_sig"
0.7,"eld vs kin","891",9.60741030950237e-05,0.0147070227924724,4.01739366122427,1.8324752345236,-3.13419582132125,-2.60035890124532,0.540883125096497,0.571314726654941,"CLR_more_sig"
0.7,"eld vs kin","895",0.000512245279136798,0.00986842360734651,3.29052203537535,2.00575221645991,-3.08566927702006,-2.47830613740786,0.504443983121912,0.504093765971301,"CLR_more_sig"
0.7,"eld vs kin","922",0.00219092126710784,0.000814210185118674,2.65937322895458,3.08926346924577,2.53314697533764,2.83455017234606,0.468969341384655,0.479831021052833,"TSS_more_sig"
0.7,"eld vs kin","926",0.00598571576851522,1.38305460556028e-05,2.22288390946311,4.85916067280078,2.27351226390772,2.72422664662279,0.436289013700632,0.416688810508004,"TSS_more_sig"
0.7,"eld vs kin","929",0.00527136477226041,0.00163434841375757,2.27807693007635,2.78665535414237,2.2737464945551,2.65178631587531,0.455814727285621,0.456429297432781,"TSS_more_sig"
0.7,"eld vs kin","944",2.52856957203963e-05,7.22171619482596e-08,4.59712509252096,7.1413595828495,2.10111608455086,2.59863908657473,0.293007870885922,0.292329032276245,"TSS_more_sig"
0.7,"eld vs kin","947",8.68710236909119e-15,3.15937226133411e-13,14.0611250607168,12.500399199192,4.24181282294082,4.88617584898862,0.419753243468377,0.445853231897998,"CLR_more_sig"
0.7,"eld vs kin","977",0.015480869802714,0.00246549339664516,1.81020464185037,2.6080961563064,2.31863414303519,2.87531820270421,0.518299897512766,0.529650946404658,"TSS_more_sig"
0.7,"eld vs kin","978",2.08529033187224e-25,2.17868284152488e-23,24.6808334703056,22.661805986918,6.16317186530845,6.65246825779435,0.400341167917621,0.413217564155132,"CLR_more_sig"
0.7,"eld vs kin","984",2.05813825951757e-17,3.98079941829743e-19,16.6865254540009,18.4000297047875,5.05649428116186,5.65796130114203,0.418932729497966,0.42653909962196,"TSS_more_sig"
0.7,"eld vs kin","988",1.14102430802531e-05,3.78517185917469e-07,4.9427051034093,6.42191439732723,3.35976593292575,3.76375109236067,0.546847955025447,0.527061809001829,"TSS_more_sig"
0.7,"eld vs kin","991",0.000115835660193122,0.00136759002719125,3.9361577217744,2.86404407484795,-3.58369486346346,-3.25217100252274,0.571674212506441,0.558644203698714,"CLR_more_sig"
0.7,"eld vs kin","1014",6.86981388382774e-09,1.46778115017996e-05,8.16305502863499,4.8333386939803,-4.14451041914338,-3.67316256343261,0.510264261847945,0.516370236740505,"CLR_more_sig"
0.7,"eld vs kin","1019",0.00289557520359382,0.000873355869914808,2.53826515113065,3.05880875646859,2.19147003717127,2.54749599446512,0.431259757041663,0.415626287223636,"TSS_more_sig"
0.7,"eld vs kin","1020",0.000451183260786463,9.40586190096117e-06,3.34564702135389,5.02660140195511,2.5214725301051,2.96030153829531,0.422309568115274,0.417557456593685,"TSS_more_sig"
0.7,"eld vs kin","1021",5.78210115566547e-06,0.00333031974984436,5.23791431478175,2.47751406711638,-3.72933849526326,-3.16805712302106,0.56034433055826,0.552591297032133,"CLR_more_sig"
0.7,"eld vs kin","1023",0.0246913125521639,0.00167366557910595,1.60745582302835,2.77633131555311,2.182093428699,2.6616401296963,0.476932737860694,0.468509370059339,"TSS_more_sig"
0.7,"eld vs kin","1027",0.0323970288274386,0.00015075531269468,1.48949481766428,3.82172737415744,2.58764250863644,3.09061632146068,0.522873570627384,0.515967540292437,"TSS_more_sig"
0.7,"eld vs kin","1030",1.43336925042705e-06,2.25283417488707e-12,5.8436419165353,11.6472707743578,4.24849354749879,4.64244266906495,0.451095876097906,0.423101671494895,"TSS_more_sig"
0.7,"eld vs kin","1033",0.0410302195564861,0.000475275136746059,1.38689615907707,3.32305490452793,1.87058433520129,2.5698399987253,0.451788412744469,0.456812882138471,"TSS_more_sig"
0.7,"eld vs kin","1043",4.96018153486827e-05,3.10947582206698e-06,4.30450242872173,5.50731281572253,2.56280552613227,2.97827026479129,0.416089564472585,0.421685647257288,"TSS_more_sig"
0.7,"eld vs kin","1059",0.00327541191777209,0.000394265395645517,2.48473407510241,3.40421133892906,2.75454723313575,3.29539849655773,0.578722457482841,0.593464052316693,"TSS_more_sig"
0.7,"eld vs kin","1074",5.22521814614037e-17,1.96642638951733e-23,16.2818955736021,22.70632230617,5.18719194218432,5.71609463361471,0.398584433915734,0.390861887653533,"TSS_more_sig"
0.7,"eld vs kin","1076",3.88821142893613e-14,3.73328614106016e-18,13.4102501275102,17.4279087219084,4.64915259938365,5.12622165872408,0.430195002149565,0.415208847474733,"TSS_more_sig"
0.7,"eld vs kin","1080",0.0421231212200372,0.00207509257898378,1.37547945613762,2.68296252273749,1.88352093384897,2.40786587994116,0.493401091871898,0.502076090024782,"TSS_more_sig"
0.7,"eld vs kin","1082",0.000294858935019525,1.75369406377065e-06,3.5303857073948,5.75604616809939,3.0931775998765,3.44718575168284,0.49592747239703,0.494563265466279,"TSS_more_sig"
0.7,"eld vs kin","1089",1.7080567394575e-13,1.11628751857646e-16,12.7674977067009,15.952223931161,3.10494603942822,3.58732122680457,0.281553730964215,0.288624471524649,"TSS_more_sig"
0.7,"eld vs kin","1098",4.85899506268862e-26,2.33450329310103e-27,25.3134535422311,26.6318055091075,7.0845297216252,7.59476855515577,0.44831136821437,0.45272073768433,"TSS_more_sig"
0.7,"eld vs kin","1104",0.000567815052137862,0.0476302493257093,3.24579309899972,1.32211714512086,-2.71863237809973,-2.17661806862343,0.460555043543988,0.475547179493394,"CLR_more_sig"
0.7,"eld vs kin","1105",3.10848607028291e-09,2.55346548948868e-06,8.50745107444761,5.59287000733102,-4.48297117853778,-4.03407783266932,0.493102672356221,0.509379019935231,"CLR_more_sig"
0.7,"eld vs kin","1108",9.70046301469665e-05,2.30527867232095e-06,4.0132075358442,5.63727656765573,2.7185783289806,3.09265130704921,0.436189353661671,0.432569306401369,"TSS_more_sig"
0.7,"eld vs kin","1112",2.35979885082883e-05,0.0109201831242761,4.62712501469861,1.9617700787379,-3.52967881247733,-3.03567341684717,0.528057652946156,0.536859737067496,"CLR_more_sig"
0.8,"cent vs mage","4",2.57235373813073e-09,1.87899432868393e-10,8.58966930948237,9.72607453071639,2.10638846052614,2.53628561196527,0.199377821341616,0.182758468162775,"TSS_more_sig"
0.8,"cent vs mage","7",1.61383765317429e-12,1.93299057481749e-12,11.7921401560308,11.7137702635683,4.08167280907937,4.49764224345534,0.42017216392035,0.415856580168253,"CLR_more_sig"
0.8,"cent vs mage","8",2.36609922895152e-05,4.4732642501776e-05,4.62596704597925,4.34937544589079,2.17342485114707,2.6074295626565,0.30928383483079,0.313492346751334,"CLR_more_sig"
0.8,"cent vs mage","9",4.89160628293065e-05,0.000108460635870652,4.3105485058532,3.96472785376092,1.92243825420342,2.35400293369141,0.262842533672789,0.272408908410886,"CLR_more_sig"
0.8,"cent vs mage","10",0.0106821147511459,0.00872647736142076,1.97134276099319,2.05916103364115,1.87283460722177,2.32440846549177,0.406647962449837,0.41019618777342,"TSS_more_sig"
0.8,"cent vs mage","11",4.15958638111487e-05,3.07744072159535e-05,4.38094985238533,4.51181030380103,2.11893604947147,2.5509938553162,0.310790279677213,0.296852478916665,"TSS_more_sig"
0.8,"cent vs mage","14",8.50233327459397e-10,6.52649668468698e-10,9.07046187555328,9.18531987826334,2.6027293687699,3.04126071321877,0.263392055935301,0.259169700718332,"TSS_more_sig"
0.8,"cent vs mage","16",0.00513384102752409,0.00502721399354516,2.28955758364627,2.29867262775426,1.46171371177077,1.8995111128867,0.229931545806785,0.229661657062007,"TSS_more_sig"
0.8,"cent vs mage","19",6.01464434707213e-06,8.94773510229184e-06,5.22079004790362,5.04828688167374,2.41984039469166,2.86038286644884,0.331683261600091,0.342811622357132,"CLR_more_sig"
0.8,"cent vs mage","20",1.1924779800038e-09,3.42730970481714e-09,8.92354963178566,8.46504664928597,2.58015167688323,3.01986774793695,0.265453064559456,0.269096736117433,"CLR_more_sig"
0.8,"cent vs mage","21",2.39858505756054e-11,2.91367974447294e-11,10.6200448761665,10.535558185185,2.76060503232447,3.18603454391315,0.264425907722113,0.261476160059193,"CLR_more_sig"
0.8,"cent vs mage","23",5.67166742897602e-06,2.48900774810605e-05,5.2462892429158,4.60397375146113,2.04709240975969,2.47718539751674,0.261760812191632,0.266824378488776,"CLR_more_sig"
0.8,"cent vs mage","24",2.42920506459988e-11,5.62353234724868e-11,10.6145358220969,10.2499908024004,4.40429442036397,4.83010168199087,0.48079541414687,0.492858810518473,"CLR_more_sig"
0.8,"cent vs mage","26",2.68326615926155e-08,4.33799059392399e-08,7.57133624653584,7.36271139400263,2.99383536485507,3.40660365198893,0.372219611515421,0.368988965412511,"CLR_more_sig"
0.8,"cent vs mage","28",0.00519755589614799,0.00492362963507819,2.28420083143216,2.30771462298104,2.11697989538556,2.54768704400704,0.454922913819498,0.461467341557146,"TSS_more_sig"
0.8,"cent vs mage","30",0.00120662182780345,0.00246446345028645,2.91842882255612,2.60827761835187,1.58941099514492,2.02098052532889,0.237070039716027,0.238182268198497,"CLR_more_sig"
0.8,"cent vs mage","32",6.16117327871579e-07,1.02337463291617e-06,6.21033657680441,5.98996535238351,2.04308582464275,2.47643564942134,0.225707218107403,0.229240959693561,"CLR_more_sig"
0.8,"cent vs mage","36",0.000146065890481301,0.000103124601426777,3.83545118930363,3.98663771697279,1.63197165349534,2.06979048348007,0.20476772625246,0.203171747864207,"TSS_more_sig"
0.8,"cent vs mage","37",0.0036514790801917,0.00562330471398382,2.43753118314613,2.25000838243117,1.79955194534558,2.22966545431093,0.339678169670738,0.336565312776905,"CLR_more_sig"
0.8,"cent vs mage","39",3.19205593052481e-09,5.38949076280926e-09,8.49592950763914,8.26845226808783,3.49812708078011,3.97583382219568,0.42360746669917,0.421297903900056,"CLR_more_sig"
0.8,"cent vs mage","42",4.29558439907224e-09,9.71113155762865e-09,8.36697774358428,8.012730162409,3.38726328848019,3.77603582087613,0.414410301610929,0.412041077091741,"CLR_more_sig"
0.8,"cent vs mage","44",0.00154494507687443,0.00397737670694448,2.81108695522578,2.40040327398775,1.69782177748479,2.14099542289748,0.292495700184142,0.29969233809652,"CLR_more_sig"
0.8,"cent vs mage","47",0.00483929296834174,0.00247026704271289,2.31521808512784,2.60725609576552,2.44184250712374,2.88906094035792,0.49195806492807,0.495141054356014,"TSS_more_sig"
0.8,"cent vs mage","52",0.00342729441232458,0.00694640219015296,2.46504858709158,2.15824007505528,1.66327731477595,2.08828196490466,0.300436533443456,0.302845454017335,"CLR_more_sig"
0.8,"cent vs mage","54",0.0350132584996933,0.0226111482701309,1.4557674698524,1.64567738216066,1.67307200145255,2.1767476787181,0.415739352447978,0.428369388614039,"TSS_more_sig"
0.8,"cent vs mage","55",2.53640337921587e-05,3.3374930977508e-05,4.59578167688003,4.47657962378822,2.36529338888889,2.8162233254231,0.363494395632684,0.355603533187126,"CLR_more_sig"
0.8,"cent vs mage","56",2.86746673738355e-07,1.0554396309735e-06,6.54250161121381,5.97656660241779,2.89044125786136,3.34231134537321,0.371406235239181,0.372502729128908,"CLR_more_sig"
0.8,"cent vs mage","61",0.000444393869708239,0.00154843583072323,3.35223194066332,2.81010678768547,1.77438400201708,2.20921805600992,0.28286295661503,0.282810288841381,"CLR_more_sig"
0.8,"cent vs mage","69",4.59188591885367e-05,1.12583745282617e-05,4.33800891011962,4.9485243079185,2.56187474943018,3.03993453654922,0.395227414640486,0.3856309587445,"TSS_more_sig"
0.8,"cent vs mage","76",0.0265743662747427,0.0257382917864074,1.57553708340538,1.58942027997845,1.98572007822498,2.45798654193564,0.523202967660516,0.516264797965792,"TSS_more_sig"
0.8,"cent vs mage","90",1.08611667743521e-05,1.66374452687292e-06,4.96412351761604,5.77891336018912,2.26594409717996,2.68186704894763,0.292527907629583,0.281053332945899,"TSS_more_sig"
0.8,"cent vs mage","92",0.000160403370984715,6.81129381255054e-05,3.79478650896534,4.16677038554954,1.83158737344864,2.27081786356053,0.246262850018033,0.239587556659472,"TSS_more_sig"
0.8,"cent vs mage","95",0.00136839733135293,0.00261492479378146,2.8637877814468,2.5825407970894,1.99565957992014,2.41031674222765,0.36920288219913,0.370317859405041,"CLR_more_sig"
0.8,"cent vs mage","106",5.65435822283751e-08,1.84957595968342e-06,7.2476166809414,5.73292782807179,2.63896682896659,3.07754900310133,0.325528157049863,0.333835819219521,"CLR_more_sig"
0.8,"cent vs mage","114",4.66621261663699e-08,3.76093898577017e-05,7.331035476402,4.42470371213949,-3.77933052468582,-3.32238292591942,0.459350581704912,0.491183332889222,"CLR_more_sig"
0.8,"cent vs mage","119",0.000625486250599202,7.50145136982756e-05,3.20378223250058,4.1248547018181,1.75878549605386,2.19602604266573,0.247287551577506,0.237778760870987,"TSS_more_sig"
0.8,"cent vs mage","120",0.00282340709145522,0.00303519808347778,2.54922649881862,2.51781296068291,2.24041500150283,2.6548494837539,0.485784663231573,0.502672088275939,"CLR_more_sig"
0.8,"cent vs mage","132",5.09878850946111e-10,8.10371533245535e-08,9.29253300158006,7.09131582328884,-4.42232057174484,-4.09584318007725,0.469748116203348,0.482826599706037,"CLR_more_sig"
0.8,"cent vs mage","141",0.018391657452792,0.035566405189439,1.73537913045929,1.44896002813122,2.33266951065735,2.69515770378603,0.551158800369608,0.557382347821848,"CLR_more_sig"
0.8,"cent vs mage","142",4.30091808440626e-05,1.52651772588109e-07,4.36643882897093,6.81629814832067,3.52072015574578,3.94040264356329,0.543912462819947,0.535546317408429,"TSS_more_sig"
0.8,"cent vs mage","143",4.8001350529935e-08,1.56087921840988e-06,7.31874654346926,5.80663070155484,-3.8916889811483,-3.46462955412057,0.443021794010562,0.443493655881878,"CLR_more_sig"
0.8,"cent vs mage","155",0.00296546687820173,0.000229422343447283,2.52790692231166,3.63936428842548,2.52325766166428,2.99956480901482,0.474563874807399,0.458684470696278,"TSS_more_sig"
0.8,"cent vs mage","168",4.49910214259178e-07,4.8320956705371e-08,6.34687414698548,7.3158644757166,3.41417963805803,3.91571963906991,0.442906347623729,0.454074631167144,"TSS_more_sig"
0.8,"cent vs mage","184",0.00768959997419464,0.0149307147208539,2.11409625233363,1.82591940246295,2.38776039222715,2.85920348960825,0.545117418697877,0.5538694610036,"CLR_more_sig"
0.8,"cent vs mage","208",0.0181360517225022,0.0186434626903646,1.74145725430824,1.72947342204348,1.76155951848432,2.14211512169792,0.404848710067091,0.405160237365124,"CLR_more_sig"
0.8,"cent vs mage","210",1.33351558961881e-11,9.54716560883316e-08,10.8750019027744,7.02012554392943,-4.5225394620496,-3.91361843692632,0.461813014910169,0.454395063379655,"CLR_more_sig"
0.8,"cent vs mage","212",0.000448849295316458,6.40186959356411e-05,3.34789945231281,4.19369317670428,2.20681801661904,2.76580424166746,0.385882693612381,0.376229025651257,"TSS_more_sig"
0.8,"cent vs mage","219",4.03035490681172e-08,8.37114821633802e-06,7.39465670887544,5.07721496855169,-3.94105822644792,-3.50678725673108,0.461830250105249,0.475621531127263,"CLR_more_sig"
0.8,"cent vs mage","266",0.047998483224924,0.0245486457020009,1.31877248632137,1.60997246200828,1.65195446394294,2.0969116040258,0.468642014119766,0.474313789485161,"TSS_more_sig"
0.8,"cent vs mage","294",2.74048846814657e-07,1.89019020654724e-05,6.56217202107978,4.72349449133072,2.80413378792005,3.22933339766527,0.386134609397412,0.399925555265941,"CLR_more_sig"
0.8,"cent vs mage","353",8.97589149909009e-07,0.00150359370747399,6.04692240582402,2.82286950047289,-3.33951227381997,-2.88060633226529,0.434418249189465,0.451964364657498,"CLR_more_sig"
0.8,"cent vs mage","435",0.0365662783675966,0.00608007122500098,1.43691923891447,2.21609133315429,1.92744794261668,2.27382749334777,0.444338073433852,0.441943068208812,"TSS_more_sig"
0.8,"cent vs mage","652",2.89266514137319e-05,6.47221541006442e-05,4.53870183792856,4.18894703684611,2.20189906257464,2.69415241767923,0.299492032167479,0.315141942924064,"CLR_more_sig"
0.8,"cent vs mage","671",1.78864311246095e-05,2.35654391650554e-05,4.74747630546439,4.62772446232561,2.46852679224664,2.89031644156689,0.354255924881475,0.364792379097254,"CLR_more_sig"
0.8,"cent vs mage","675",7.6054874701882e-05,0.00962836576781462,4.1188729448157,2.01644741985876,-3.06425566165386,-2.58687425668529,0.461605414057879,0.472281497515886,"CLR_more_sig"
0.8,"cent vs mage","728",4.99761860088952e-07,4.09210964696716e-07,6.30123689063642,6.38805273800122,2.41607700931236,2.84392820181848,0.305374207913769,0.303550359739645,"TSS_more_sig"
0.8,"cent vs mage","762",3.4534479778099e-05,0.000125724675976461,4.46174708175144,3.90057947498972,2.40558852815652,2.90539665972301,0.382820208914082,0.389887864839981,"CLR_more_sig"
0.8,"cent vs mage","788",0.00180626687891034,0.00365059084270434,2.74321808155564,2.43763683993807,2.42743808390039,2.90794394006838,0.517054598201644,0.531548311743903,"CLR_more_sig"
0.8,"cent vs mage","798",0.0231387989818846,0.00483039222971894,1.63565918683097,2.3160176029366,2.09667356932061,2.50374754794202,0.41631605691368,0.447305416733606,"TSS_more_sig"
0.8,"cent vs mage","814",0.0179949353459871,0.00507300625509884,1.74484970938514,2.29473460219014,2.188980613052,2.67707610517935,0.467755724889113,0.459408331616109,"TSS_more_sig"
0.8,"cent vs mage","825",0.014434259255498,0.00604735472063841,1.84060549855182,2.21843455616706,1.79589428567491,2.24594307903191,0.356174821987391,0.366877726143382,"TSS_more_sig"
0.8,"cent vs mage","829",4.17113767791389e-05,5.82095844668509e-05,4.37974547503754,4.23500550094528,2.52773772208072,2.94470347866981,0.383680142073226,0.400234087690874,"CLR_more_sig"
0.8,"cent vs mage","834",0.000829659709365688,0.000662744883468369,3.08109999997137,3.17865361642781,2.13314786675564,2.58953244786425,0.405841201252316,0.393066247929623,"TSS_more_sig"
0.8,"cent vs mage","848",4.52841090383278e-05,6.05437363966308e-05,4.34405417255066,4.21793078049926,2.29312211608972,2.67781609167167,0.322817085165939,0.333805134220919,"CLR_more_sig"
0.8,"cent vs mage","854",1.01309163875068e-05,2.70088708808372e-07,4.99435126894996,6.56849357132798,3.28233999133315,3.72665022259793,0.462359186291997,0.462173051259133,"TSS_more_sig"
0.8,"cent vs mage","857",3.82750961958531e-05,3.32431920215185e-05,4.41708370912674,4.47829728179605,2.41197024058003,2.856245747415,0.328230529104927,0.348801467950455,"TSS_more_sig"
0.8,"cent vs mage","886",0.00134984659825485,8.39770383473192e-06,2.86971558359155,5.07583944586975,3.18852306117216,3.61355308018142,0.525709421220525,0.526248952200899,"TSS_more_sig"
0.8,"cent vs mage","921",1.31158855278855e-07,3.02362594133284e-06,6.88220238239796,5.51947193726582,-3.86207434248001,-3.40936254401584,0.464891423427449,0.473278448076679,"CLR_more_sig"
0.8,"cent vs mage","944",0.00388598748475779,0.00802860258771541,2.41049860242625,2.09536003893761,1.57553885114572,2.03585323654301,0.293331846485998,0.282735193845457,"CLR_more_sig"
0.8,"cent vs mage","947",0.00216504118955981,0.000561573212107664,2.66453383684947,3.25059361688839,2.46968383156665,2.99774696610083,0.417678584347014,0.420335745410403,"TSS_more_sig"
0.8,"cent vs mage","978",1.98855290869766e-06,4.06152371647475e-06,5.70146284941034,5.3913110064444,3.23245413549412,3.67768429544596,0.458729318507105,0.442283094175653,"CLR_more_sig"
0.8,"cent vs mage","984",1.88539177284693e-06,0.000246360934132776,5.72459839235111,3.60842815785366,2.7202237010459,3.09827722851922,0.410437237241441,0.419263865071932,"CLR_more_sig"
0.8,"cent vs mage","989",0.00660306409415855,5.5965916973253e-05,2.18025448712737,4.25207637614969,2.30192925374452,2.81239540239202,0.381110495901564,0.386162790302498,"TSS_more_sig"
0.8,"cent vs mage","1017",0.000681886122313199,0.000116201123120994,3.16628814818879,3.93478967433043,2.28964249678222,2.64907670017818,0.374981394183274,0.39656388813005,"TSS_more_sig"
0.8,"cent vs mage","1019",0.00108744307644363,0.00580188276460346,2.96359346746156,2.23643105099013,-2.76799650888507,-2.25927952679835,0.405759190124517,0.390081827710918,"CLR_more_sig"
0.8,"cent vs mage","1030",0.000692269089935069,0.000862509077296497,3.15972505936116,3.06423632558914,2.32360198672984,2.92587603596874,0.411643173067915,0.406309418386304,"CLR_more_sig"
0.8,"cent vs mage","1043",1.23465091417124e-09,3.72575189047605e-07,8.90845581769153,6.42878606951086,2.69779042727714,3.16850152514404,0.31463642084598,0.330440999725812,"CLR_more_sig"
0.8,"cent vs mage","1047",0.0351382271185469,0.0424058759047071,1.45422015439609,1.37257396189349,1.3802408741625,1.8154972815913,0.281922933861399,0.296556043946452,"CLR_more_sig"
0.8,"cent vs mage","1074",6.82218084095874e-09,2.74432072123052e-07,8.16607677258773,6.56156513519515,3.18599409465099,3.64219163609564,0.377051419619248,0.368872952929663,"CLR_more_sig"
0.8,"cent vs mage","1076",0.00190797108417821,0.00224491365493865,2.71942821143329,2.64880035840446,2.4518597828066,2.92160116767755,0.419527747728142,0.425411677561753,"CLR_more_sig"
0.8,"cent vs mage","1083",0.0439073039186011,0.0432710365483002,1.35746322946865,1.3638027012465,1.54917751797523,2.00208060054128,0.378034125882328,0.386870233031831,"TSS_more_sig"
0.8,"cent vs mage","1087",2.10542755057412e-08,1.39987651417233e-07,7.67665969840293,6.85391027259237,3.80630316028101,4.25456895956906,0.487482697460921,0.493535290350181,"CLR_more_sig"
0.8,"cent vs mage","1089",0.0043888278285242,0.00695450673067519,2.35765145597173,2.15773366822304,1.5666203188513,1.99439925354376,0.267416635117542,0.264553238605864,"CLR_more_sig"
0.8,"cent vs mage","1090",0.0174912224720715,0.0242754397661676,1.75717983635771,1.6148328938076,1.52846720587383,1.96090547056998,0.315569353938302,0.329799070713623,"CLR_more_sig"
0.8,"cent vs mage","1091",0.00171784573947042,0.00104813818297632,2.76501583788818,2.97958145766905,2.63253986567988,2.90822898425154,0.48281331528821,0.481180768030303,"TSS_more_sig"
0.8,"cent vs mage","1098",1.43836786447791e-12,5.71912693328148e-13,11.842130028361,12.2426702643885,4.42883465257589,4.87792951711558,0.442076997801288,0.443845168465166,"TSS_more_sig"
0.8,"eld vs kin","3",0,7.20713176444177e-07,35.3023891338108,6.14223753787578,-4.72429550032158,-3.99738601398565,0.431952307176981,0.446252056268719,"CLR_more_sig"
0.8,"eld vs kin","4",1.87730413191706e-08,6.00156037966325e-16,7.72646536397228,15.2217358202539,2.5031859305381,3.220560940573,0.227934890418638,0.219680313230631,"TSS_more_sig"
0.8,"eld vs kin","5",6.73667174251715e-07,0.0490617345333042,6.17155461397828,1.30925710176913,-2.76792684816184,-2.04862495611683,0.38617060603182,0.385319664496393,"CLR_more_sig"
0.8,"eld vs kin","7",3.76468432456219e-30,4.98437680321158e-35,29.4242714342969,34.3023891338108,7.55734107888158,8.27357206760789,0.468861328455704,0.459920274698339,"TSS_more_sig"
0.8,"eld vs kin","8",0.0122019697498195,0.000180728449351408,1.91357005601162,3.74297347763377,2.02484970884582,2.73455201336029,0.382418446717438,0.391943406205865,"TSS_more_sig"
0.8,"eld vs kin","11",3.37863420270375e-08,4.39708248382305e-12,7.47125882578854,11.3568353874771,3.21810745559565,3.94198025328626,0.35378503504072,0.354773966824839,"TSS_more_sig"
0.8,"eld vs kin","14",1.65647624754257e-08,1.14173733145639e-14,7.78081478715006,13.9424337985597,2.831469581066,3.55314160158281,0.279070004625641,0.275604302107996,"TSS_more_sig"
0.8,"eld vs kin","15",0.00010493580230307,5.79853603493222e-08,3.97907631266556,7.23668163957561,2.92906611291195,3.66053671243841,0.440818804074669,0.430525892174487,"TSS_more_sig"
0.8,"eld vs kin","16",7.00331802656567e-11,2.431748285224e-16,10.1546961515263,15.6140813817003,2.99560253997977,3.71371889890126,0.261435074385249,0.266610755539665,"TSS_more_sig"
0.8,"eld vs kin","21",3.44108749618638e-18,2.0155003139733e-24,17.4633042844765,23.6956171298568,4.08004580283395,4.80768302250871,0.296753417412467,0.295096293460122,"TSS_more_sig"
0.8,"eld vs kin","23",2.34514012927499e-05,2.13457214850509e-08,4.62983120175374,7.67068916146529,2.39984364646506,3.12360716014229,0.299592608394924,0.316125990529901,"TSS_more_sig"
0.8,"eld vs kin","25",1.84099650066348e-05,1.36386231534342e-08,4.73494703699516,7.86522947037217,3.04173381716106,3.747452423891,0.416721646575065,0.41947001826745,"TSS_more_sig"
0.8,"eld vs kin","26",0.000559318193538792,8.57123308521149e-07,3.25234105368267,6.06695669457852,2.42376868260529,3.14234296850187,0.366513306656456,0.361663163854498,"TSS_more_sig"
0.8,"eld vs kin","29",2.34203973488293e-05,1.4949268892941e-09,4.63040574099124,8.82538004637136,2.41976993113828,3.14899669445652,0.28998114776723,0.293374975174207,"TSS_more_sig"
0.8,"eld vs kin","31",9.54634648060769e-06,3.33204067132185e-08,5.02016280714919,7.47728970617796,3.59551974660221,4.30965150273366,0.52574435689368,0.540386141846202,"TSS_more_sig"
0.8,"eld vs kin","32",0.0151819546800184,3.4992634753782e-05,1.81867230933019,4.45602335628962,1.73018990517594,2.45172753846544,0.275760073632588,0.289904654151429,"TSS_more_sig"
0.8,"eld vs kin","33",8.36258732466246e-07,0.0265267319962498,6.0776593341663,1.57631625033493,-3.19987558904861,-2.49469526778247,0.455705519373443,0.458630320935707,"CLR_more_sig"
0.8,"eld vs kin","36",0.000251763513227597,2.11649417348406e-08,3.59900720970115,7.67438292276153,2.09840379652082,2.82934122439898,0.255499005632929,0.263183120025339,"TSS_more_sig"
0.8,"eld vs kin","47",0.00177991858037782,2.96540427359487e-05,2.74959986336603,4.52791609089233,2.83237832214374,3.54866665046129,0.532404885766149,0.533340894539672,"TSS_more_sig"
0.8,"eld vs kin","49",0.0113818083757385,4.13658196019087e-05,1.94378873045322,4.3833583663551,1.98565144099396,2.69167044010166,0.359202455094193,0.364114714525561,"TSS_more_sig"
0.8,"eld vs kin","55",0.00133202118606984,8.47108044664802e-06,2.87548886756808,5.07206119390875,2.51199534054815,3.24928762706633,0.419411603735977,0.421612576677876,"TSS_more_sig"
0.8,"eld vs kin","58",0.035076818872828,0.000264620533508393,1.4549797998163,3.57737645930424,1.84809002244351,2.54563690772446,0.35979532405998,0.374924267012896,"TSS_more_sig"
0.8,"eld vs kin","61",0.00277484517904434,1.11227846978002e-05,2.55676124308633,4.95378646927502,2.22600167547984,2.9380896375475,0.363057158823492,0.362981161147667,"TSS_more_sig"
0.8,"eld vs kin","65",1.26078421237555e-06,0.0480417187421934,5.8993592380851,1.31838146365677,-2.67440527556911,-1.93279663293337,0.38107721347458,0.368191337024115,"CLR_more_sig"
0.8,"eld vs kin","67",6.91108050417573e-13,7.45791648083804e-07,12.1604540480937,6.12738248449231,-5.37517682830862,-4.68201545347492,0.555719661641912,0.569027196677127,"CLR_more_sig"
0.8,"eld vs kin","70",0.00366081424576227,2.60225939292975e-05,2.43642230719798,4.58464941519056,2.61959987168236,3.31688364641593,0.519986136992257,0.511689593066722,"TSS_more_sig"
0.8,"eld vs kin","71",0.0255550225797263,0.000178351178744709,1.59252373097772,3.7487240160109,2.633977290218,3.44360838864142,0.52367395682228,0.532996455070239,"TSS_more_sig"
0.8,"eld vs kin","74",2.97759928089744e-07,4.62204301572426e-09,6.52613374909721,8.33516601701252,3.828849981109,4.50608564633917,0.494390942445298,0.498790859317197,"TSS_more_sig"
0.8,"eld vs kin","77",0.000514273300097455,1.33646897993912e-06,3.28880602267745,5.87404111696551,2.31821976532276,3.03442003911276,0.351332519795192,0.356926726890838,"TSS_more_sig"
0.8,"eld vs kin","79",1.50273439536353e-08,0.0144303987941472,7.82311777311992,1.84072166670939,-3.75957378340235,-3.02903543653934,0.468591870617296,0.49011726573788,"CLR_more_sig"
0.8,"eld vs kin","80",0.000366422680015286,6.95185520920356e-08,3.43601765317927,7.15789928179799,2.4698168374209,3.16953452028753,0.36571180893527,0.343445327856597,"TSS_more_sig"
0.8,"eld vs kin","82",4.01801095664284e-06,0.0175942716130859,5.39598888331623,1.75462870785496,-3.78330521416551,-3.16459588912157,0.583650233709115,0.59711045778243,"CLR_more_sig"
0.8,"eld vs kin","83",3.18892594670716e-06,0.0359857349082554,5.49635556583383,1.44386962363257,-3.39126922269161,-2.66150056668327,0.497811811076013,0.525825746048173,"CLR_more_sig"
0.8,"eld vs kin","84",7.17080192062538e-09,0.00184940735645152,8.14443227386804,2.73296741919564,-3.76167481172539,-3.00895245907905,0.457736828004827,0.480943348545846,"CLR_more_sig"
0.8,"eld vs kin","89",5.90638851965235e-15,2.84329369717072e-18,14.2286779887303,17.5461782776741,4.95013505798974,5.66207817696569,0.446417103832557,0.448359520894783,"TSS_more_sig"
0.8,"eld vs kin","91",3.15574050744531e-08,0.00178633417238791,7.50089871548096,2.74803729368462,-4.18899511429649,-3.63482630496189,0.5670628184972,0.581811688721966,"CLR_more_sig"
0.8,"eld vs kin","100",4.46110268168187e-06,0.0148877482864169,5.35055778044038,1.82717098261938,-3.7019166938107,-2.96682016327207,0.536096389911217,0.566646771809038,"CLR_more_sig"
0.8,"eld vs kin","103",0.00475609519683376,0.000398180877118684,2.32274946123463,3.39991960106716,2.36724275826495,2.97983130534086,0.451767254213486,0.455301058650162,"TSS_more_sig"
0.8,"eld vs kin","111",5.70256280930012e-07,0.0356860855032532,6.24392992260857,1.44750108828906,-3.15505174657272,-2.48850119635732,0.434556311442189,0.457109104482242,"CLR_more_sig"
0.8,"eld vs kin","119",0.000101281145199094,1.12020131098536e-09,3.99447139667471,8.95070392340681,2.45419490754347,3.15173996695116,0.317416845457856,0.319370994832593,"TSS_more_sig"
0.8,"eld vs kin","121",3.09265481078051e-11,4.30858103433903e-14,10.5096685514289,13.3656657345774,4.58965285219726,5.35076826652672,0.481061012850723,0.493982506625267,"TSS_more_sig"
0.8,"eld vs kin","124",0.000306625700596256,4.5297123055329e-06,3.5133914464831,5.34392938034638,2.56878399402545,3.35312645947101,0.425617703488364,0.4363075706332,"TSS_more_sig"
0.8,"eld vs kin","125",0.000536519086918917,2.05321787421572e-05,3.2704148231927,4.68756496365954,3.00310705917525,3.59291381981864,0.52516269803929,0.537078327497851,"TSS_more_sig"
0.8,"eld vs kin","138",9.62571980588345e-09,1.98647599343526e-12,8.01656678430937,11.7019166790262,3.90535419600951,4.65189610805347,0.442119062684326,0.434103103643848,"TSS_more_sig"
0.8,"eld vs kin","139",1.67362972680757e-07,0.0142721134306249,6.77634061885857,1.84551171130745,-3.98329245680718,-3.15322288360723,0.534203268352601,0.538874180261837,"CLR_more_sig"
0.8,"eld vs kin","142",0.0465220853546065,0.00206301794938334,1.33234082623723,2.68549699341113,2.14668203612731,2.8159099302723,0.531549735063923,0.541697529547301,"TSS_more_sig"
0.8,"eld vs kin","151",2.49142579357662e-15,2.63520071694926e-16,14.6035520436405,15.5791863000174,5.45157708607458,6.17536912871046,0.479650588112646,0.497370338139073,"TSS_more_sig"
0.8,"eld vs kin","164",5.98355035053647e-06,8.28022014446844e-09,5.2230410501065,8.08195811656574,3.27687645557251,3.94067959922102,0.479825581650214,0.455068484180143,"TSS_more_sig"
0.8,"eld vs kin","169",5.93562156688948e-06,0.0144785583699076,5.22653379584405,1.8392746786888,-3.36740136992496,-2.70264423281155,0.516989259741042,0.531171553920217,"CLR_more_sig"
0.8,"eld vs kin","206",0.00143893381830093,0.000131048317539893,2.84195918035643,3.88256855035898,2.93575361878293,3.64031667804044,0.537815678885128,0.549231155701556,"TSS_more_sig"
0.8,"eld vs kin","207",3.44259449960379e-08,2.86370769048916e-08,7.46311412947535,7.54307131418764,3.64208588838841,4.31533218335085,0.459995641383862,0.466832757785303,"TSS_more_sig"
0.8,"eld vs kin","222",0.000213075287681029,4.89083121089279e-07,3.67146691652751,6.31061732500181,3.34765304522714,3.97662125580615,0.502125092137883,0.495036322686875,"TSS_more_sig"
0.8,"eld vs kin","223",0.0236679231442036,0.000169736722546111,1.62583984965793,3.77022418788978,2.60162983028382,3.31929646165073,0.522292074520901,0.530892801262458,"TSS_more_sig"
0.8,"eld vs kin","246",0.00153758927486413,3.86928124132875e-07,2.81315965899627,6.41236970214278,2.95736395576249,3.64881898350739,0.484983748102925,0.483257133267799,"TSS_more_sig"
0.8,"eld vs kin","265",0.00116711685581355,0.000744506765651167,2.93288565869817,3.12813135127431,2.67333556828733,3.49810132710243,0.492933988055862,0.469520831233398,"TSS_more_sig"
0.8,"eld vs kin","294",0.00107816825403562,3.96216434984491e-06,2.96731345983824,5.402067513969,2.542500147919,3.34317645400658,0.438720089226194,0.447445021751415,"TSS_more_sig"
0.8,"eld vs kin","329",0.00148745020966182,1.05173502220818e-05,2.82755756276313,4.97809366406842,2.64647238748628,3.33881953882148,0.423889319627259,0.418475782236778,"TSS_more_sig"
0.8,"eld vs kin","344",3.95968317224918e-06,5.0804281646116e-09,5.40233956206654,8.29409968502075,3.06691810433165,3.74520592793809,0.422349359005489,0.409050044509365,"TSS_more_sig"
0.8,"eld vs kin","435",0.0198873299046645,0.00093474503688791,1.70142352182841,3.02930683209288,2.77143507796089,3.46116573858623,0.563038685655844,0.557187396584806,"TSS_more_sig"
0.8,"eld vs kin","652",0.0118839432947936,0.000390943433554434,1.92503942913503,3.40788607706033,1.92796259673874,2.60019379729955,0.347000720074624,0.352977023226551,"TSS_more_sig"
0.8,"eld vs kin","666",3.30505447290939e-10,0.00106515693002614,9.4808213782089,2.97258640271953,-3.8863860324633,-3.14180637075281,0.420968071034427,0.42772484330931,"CLR_more_sig"
0.8,"eld vs kin","667",0.0446292644820857,0.00115257648634916,1.35038027054248,2.93833024468263,2.50684623479425,3.28595517668574,0.56522168600473,0.566407523331743,"TSS_more_sig"
0.8,"eld vs kin","670",0.0162266599351573,0.000371300215945752,1.78977086532544,3.43027479819097,2.16998613890096,2.93515713654648,0.435715721272899,0.436486123155026,"TSS_more_sig"
0.8,"eld vs kin","728",6.82312180518402e-12,4.04387557236346e-17,11.1660168757013,16.3932022158573,4.12121973052763,4.86045991960718,0.385479108309284,0.378715721715467,"TSS_more_sig"
0.8,"eld vs kin","744",6.37109188852258e-07,0.0209979168623284,6.19578613116179,1.67782378812657,-3.61967486963921,-2.85367256422618,0.51960919817265,0.518355410816429,"CLR_more_sig"
0.8,"eld vs kin","786",3.25047905305999e-08,0.0179731431507439,7.48805262832309,1.74537596664971,-3.71236639884122,-2.96270969428958,0.489611564295538,0.501744918667336,"CLR_more_sig"
0.8,"eld vs kin","809",0.0450399670294802,0.00774964375419061,1.34640193607234,2.11071826125437,1.72397441994768,2.51488586692406,0.389620463438117,0.383579067194512,"TSS_more_sig"
0.8,"eld vs kin","825",0.0331894331665287,0.000538571692740497,1.47900016472761,3.26875647678725,2.11410111037563,2.89599820015879,0.452438774827121,0.470499899152036,"TSS_more_sig"
0.8,"eld vs kin","854",0.0014182625245863,3.99518092455114e-09,2.84824337251933,8.39846354857652,3.22493131998592,4.02299813516563,0.453958874858267,0.46757422883235,"TSS_more_sig"
0.8,"eld vs kin","857",0.0361521017126021,0.0014676244813679,1.44186644980366,2.83338505241192,1.80161605515433,2.58247985704362,0.419166242755917,0.40721032788418,"TSS_more_sig"
0.8,"eld vs kin","886",6.30014797532904e-11,2.05186763546853e-13,10.2006492498934,12.6878506586868,4.61168809622843,5.34527917139582,0.519497474989041,0.531025256478494,"TSS_more_sig"
0.8,"eld vs kin","888",0.000898070833856367,8.5515375533248e-07,3.04668940772051,6.06795579276999,2.78830645696172,3.52951354312534,0.435173435284508,0.441173233429111,"TSS_more_sig"
0.8,"eld vs kin","922",0.0471560530608898,0.000590424844164267,1.32646255229642,3.22883537636042,2.26684976885344,2.99165977328216,0.462733356636613,0.471858115325425,"TSS_more_sig"
0.8,"eld vs kin","926",0.00772763256679484,0.000404879023190521,2.11195353592061,3.3926747234751,2.1786034340028,2.90865409768446,0.428882738105463,0.41916390933069,"TSS_more_sig"
0.8,"eld vs kin","944",0.00221744941968487,1.2542694886308e-06,2.65414627769794,5.90160914225232,1.99551785847799,2.74760059594928,0.293443782795066,0.29511989308197,"TSS_more_sig"
0.8,"eld vs kin","947",5.77874317510585e-11,2.99794349863878e-15,10.2381666064703,14.5231765564312,4.27814103464326,4.97211222118273,0.431039663825195,0.440182335716983,"TSS_more_sig"
0.8,"eld vs kin","977",0.0118211959079291,0.000942360890648202,1.92733858521941,3.02578274603758,2.28811041778465,2.9921321183965,0.507540341878854,0.507120884890332,"TSS_more_sig"
0.8,"eld vs kin","978",3.42291489853031e-18,2.51003577843602e-29,17.465603898279,28.6003200879745,6.10486446942927,6.79850105337758,0.414021210403684,0.405357740947799,"TSS_more_sig"
0.8,"eld vs kin","984",6.66025916202489e-14,1.62306053399676e-19,13.1765088713631,18.7896652823361,4.96174083905662,5.60736879391976,0.429434189280104,0.415509166916863,"TSS_more_sig"
0.8,"eld vs kin","988",6.30904556545344e-05,3.48314462745913e-06,4.20003633600287,5.45802849235101,3.17891496705316,3.88150820234013,0.527505923501545,0.525932935151525,"TSS_more_sig"
0.8,"eld vs kin","991",3.90209401392244e-06,0.0378403293855168,5.40870227127265,1.42204509188732,-3.7037637560376,-3.00221708582158,0.552405509926045,0.566039186062475,"CLR_more_sig"
0.8,"eld vs kin","1014",2.99573619009721e-09,0.00013180498557746,8.52349643403985,3.880068162065,-4.24117575837796,-3.51526529709513,0.514263447470371,0.5235309923177,"CLR_more_sig"
0.8,"eld vs kin","1019",0.021980431393951,0.000773981307233322,1.65796378824675,3.11126952802958,2.00829148017408,2.68065324432842,0.429908633415604,0.427370972661617,"TSS_more_sig"
0.8,"eld vs kin","1020",0.00901349721635947,3.68776517762158e-05,2.04510667105433,4.43323674090203,2.36804775600738,3.12345346529237,0.420773042456177,0.423490171544154,"TSS_more_sig"
0.8,"eld vs kin","1021",2.72003540194838e-07,0.0222267082478251,6.56542544347654,1.6531248510959,-3.87148631009477,-3.05221131970286,0.554170279688661,0.547180392709297,"CLR_more_sig"
0.8,"eld vs kin","1023",0.0402200510933034,0.000484425522918835,1.39555738203551,3.3147729832606,1.9997986885891,2.74987458886833,0.47554658513916,0.46678541007066,"TSS_more_sig"
0.8,"eld vs kin","1027",0.00855419768692775,0.000801166147749482,2.06782071744724,3.09627740954846,2.46293105032642,3.21284540498397,0.515732295340568,0.508055318783623,"TSS_more_sig"
0.8,"eld vs kin","1030",6.7038287812641e-11,1.33154646731315e-13,10.1736770863082,12.8756436732764,4.1186928807403,4.80978913496996,0.433333525712696,0.429763243401015,"TSS_more_sig"
0.8,"eld vs kin","1043",0.00954131860609308,4.58887993717472e-05,2.02039160183917,4.33829330497795,2.35289817707558,3.07054808934201,0.405891886827473,0.421200382037359,"TSS_more_sig"
0.8,"eld vs kin","1059",0.0109267532671429,0.000150397166137625,1.96150886345102,3.82276034687195,2.71559673699734,3.43108003485099,0.586756234499684,0.593535143962976,"TSS_more_sig"
0.8,"eld vs kin","1074",2.0380755240244e-17,4.63803515179672e-22,16.6907797265812,21.3336659641557,5.06064951749644,5.83277803867098,0.408833819776505,0.411222431695756,"TSS_more_sig"
0.8,"eld vs kin","1076",1.20771637568422e-11,8.44586586883661e-18,10.918035044968,17.0733558200088,4.51185965412813,5.24673942211212,0.427421554076484,0.420936359046712,"TSS_more_sig"
0.8,"eld vs kin","1082",0.00054061062775324,3.53227514815259e-05,3.2671154208474,4.4519454742139,2.92336904238656,3.68687456878069,0.481745148927485,0.504652903048345,"TSS_more_sig"
0.8,"eld vs kin","1089",6.76552391453599e-10,5.76950132103097e-15,9.1696985664896,14.2388617228727,2.9934383665781,3.71578031632889,0.282063666218031,0.289840189782874,"TSS_more_sig"
0.8,"eld vs kin","1098",7.92217865865475e-25,5.73321221556856e-30,24.1011553677392,29.2416019824631,6.96437278954151,7.6441872914446,0.444285418087786,0.436369397547656,"TSS_more_sig"
0.8,"eld vs kin","1105",6.64981594833061e-10,2.28359370121213e-05,9.17719037480675,4.64138116356892,-4.59854091909114,-3.91379233146888,0.504334758026167,0.510972345566222,"CLR_more_sig"
0.8,"eld vs kin","1108",0.000595840639145324,1.38326318312377e-05,3.22486987917625,4.85909518207125,2.48131859945657,3.20942246761508,0.424296653706105,0.439293115074829,"TSS_more_sig"
0.8,"eld vs kin","1112",7.74722411376197e-07,0.00968979408316043,6.11085388046514,2.01368545199953,-3.65671689189061,-2.79859808240049,0.533205723655812,0.543531861662777,"CLR_more_sig"
0.9,"cent vs mage","4",1.39726856805698e-11,2.70997285984479e-18,10.8547201104105,17.5670350585273,2.11477882263376,2.60991425505493,0.199387178863811,0.182778877924702,"TSS_more_sig"
0.9,"cent vs mage","7",6.06751494397399e-13,5.42642570346199e-16,12.21698914535,15.2654861388066,4.06583162946408,4.57833330865546,0.420175398255716,0.41537453044361,"TSS_more_sig"
0.9,"cent vs mage","8",2.85639833623825e-06,1.61025345379106e-08,5.54418122856,7.79310576066403,2.1851549062398,2.68245170205506,0.309326042932487,0.313735413548385,"TSS_more_sig"
0.9,"cent vs mage","9",3.72301259370525e-06,1.86745957914039e-08,5.42910549470628,7.72874878964443,1.93122528606606,2.42606850693862,0.263699687449055,0.271661520833034,"TSS_more_sig"
0.9,"cent vs mage","10",0.00591012784393772,9.98080686919094e-05,2.228403124649,4.000834348024,1.88620717828291,2.38758516805343,0.404316776632382,0.409664582109014,"TSS_more_sig"
0.9,"cent vs mage","11",5.47825158155676e-06,7.05356120980436e-09,5.2613580272166,8.15159156055851,2.12567895489819,2.63383245332406,0.308958131726381,0.297831774966071,"TSS_more_sig"
0.9,"cent vs mage","14",9.73751556302769e-12,1.08730891873542e-15,11.0115518352057,14.9636470496195,2.61693563297487,3.11438112951244,0.263224661855395,0.259418909880379,"TSS_more_sig"
0.9,"cent vs mage","16",0.000453462469751217,8.72293472184902e-07,3.34345865095101,6.0593373775582,1.47539892421896,1.97498391288165,0.229947634930727,0.229540755727202,"TSS_more_sig"
0.9,"cent vs mage","19",1.19698626337915e-06,7.4260040248757e-09,5.92191083353082,8.12924481972327,2.42243261852912,2.9191241340686,0.332775555981225,0.344662376922512,"TSS_more_sig"
0.9,"cent vs mage","20",1.77936834007371e-11,6.45054023541076e-15,10.7497341410093,14.1904039114992,2.58876685334315,3.08866199195156,0.264775671991222,0.268409095251889,"TSS_more_sig"
0.9,"cent vs mage","21",5.9617018150318e-13,1.34736644970374e-17,12.2246297497601,16.8705142710623,2.7670397771015,3.26721608702929,0.264262720868063,0.260343596080408,"TSS_more_sig"
0.9,"cent vs mage","23",3.90049582092579e-07,9.32449420399172e-10,6.40888018307472,9.03037471666383,2.05208463919979,2.55040814984021,0.261685938717077,0.266451353858447,"TSS_more_sig"
0.9,"cent vs mage","24",9.98207829760758e-12,2.98237020771612e-14,11.0007790279296,13.5254384476741,4.37779021370381,4.90614344060367,0.479850726026197,0.492200692391958,"TSS_more_sig"
0.9,"cent vs mage","26",9.42712499078625e-09,3.56303518757264e-11,8.02562073472945,10.4481798886529,3.01054070123703,3.48366629939908,0.371086573561567,0.372922454568146,"TSS_more_sig"
0.9,"cent vs mage","27",0.0371241272485328,0.00205021528682832,1.4303437473879,2.68820053261623,1.41253997918609,1.90177896158114,0.335892089643044,0.353585677401954,"TSS_more_sig"
0.9,"cent vs mage","28",0.00377377174031693,0.000330406697299936,2.4232243720351,3.48095115817088,2.17424275275666,2.62911170490998,0.455234873073709,0.456181294527099,"TSS_more_sig"
0.9,"cent vs mage","30",0.000116377653580231,1.40129346281829e-07,3.93413040335012,6.85347090401736,1.60718317782476,2.09646636177155,0.237397723751362,0.238518859936507,"TSS_more_sig"
0.9,"cent vs mage","32",4.53892877074685e-09,9.87077644079455e-13,8.34304663257205,12.0056486841399,2.06326702848181,2.55038311782872,0.226735556303156,0.228285450866808,"TSS_more_sig"
0.9,"cent vs mage","36",2.92620943753813e-06,7.84507438777324e-10,5.53369459334674,9.10540293403418,1.65109624365293,2.14125952641125,0.204627139327281,0.202821628629373,"TSS_more_sig"
0.9,"cent vs mage","37",0.00132671685241135,1.83069322252718e-05,2.87722175426927,4.7373844262751,1.79993046205849,2.30051963717992,0.338901555916165,0.335764455988296,"TSS_more_sig"
0.9,"cent vs mage","39",1.74866371325464e-09,3.42152965582972e-12,8.75729370196797,11.4657796914393,3.49237571390911,3.97859244192062,0.424622019508775,0.41696458903684,"TSS_more_sig"
0.9,"cent vs mage","42",2.88843571918507e-09,1.26057731458695e-11,8.53933729303995,10.8994305127255,3.36541895167825,3.85779373259307,0.413425777663748,0.411067901584087,"TSS_more_sig"
0.9,"cent vs mage","44",0.000453345400222978,6.83317246103033e-06,3.34357078639244,5.16537761807014,1.72852071661826,2.21919613768833,0.291907422656469,0.299542910648666,"TSS_more_sig"
0.9,"cent vs mage","47",0.00034071350109383,0.000241052050251321,3.46761065676269,3.61788917030398,2.49503348664661,2.91658964542088,0.491747092536427,0.494049739731375,"TSS_more_sig"
0.9,"cent vs mage","50",0.0367446221196055,0.000395375286433062,1.43480621453046,3.4029904804477,1.19099983016601,1.67922986971978,0.243574953148347,0.248375750374616,"TSS_more_sig"
0.9,"cent vs mage","52",0.00116356154094549,1.36576637721311e-05,2.9342106418691,4.86462358305893,1.68132500259618,2.18085954419324,0.299146117879575,0.306163671221658,"TSS_more_sig"
0.9,"cent vs mage","55",4.36443454314722e-06,3.27808281909678e-08,5.36007201557779,7.4843800783975,2.40551485100556,2.88162331927028,0.364632497075986,0.355020645234279,"TSS_more_sig"
0.9,"cent vs mage","56",9.53512057265576e-09,8.13888164502569e-11,8.02067381088143,10.0894352669489,2.90101621076315,3.38656908996906,0.366037608345538,0.371794316145898,"TSS_more_sig"
0.9,"cent vs mage","61",0.000144581066931842,3.84371234589683e-07,3.83988857471354,6.41524912133237,1.79254290489113,2.29793509696539,0.282053636777062,0.282475418399742,"TSS_more_sig"
0.9,"cent vs mage","69",1.35499621820629e-05,1.67860604949532e-08,4.86806191690355,7.77505121607475,2.64004655905814,3.05536629717769,0.389890953308994,0.382420056461083,"TSS_more_sig"
0.9,"cent vs mage","90",6.08017275393261e-07,5.4408121099452e-11,6.21608408108684,10.2643362715253,2.25203384184265,2.77761695997197,0.287939324273773,0.281818901069546,"TSS_more_sig"
0.9,"cent vs mage","92",5.29802098724491e-06,1.27082467232606e-09,5.27588632564872,8.89591436218684,1.84435608667124,2.34252282026833,0.246639486965154,0.239019156615559,"TSS_more_sig"
0.9,"cent vs mage","95",0.000361814596996006,6.42811487428025e-06,3.44151391600871,5.19191637073566,2.02614322653173,2.52745343362724,0.370176912161918,0.372618192011087,"TSS_more_sig"
0.9,"cent vs mage","106",5.49279081603596e-09,2.15187980078418e-10,8.2602069400595,9.66718199105122,2.69698214664354,3.16533638205688,0.325737176671499,0.336187452071187,"TSS_more_sig"
0.9,"cent vs mage","114",4.94092967920191e-07,0.000577478189454313,6.30619132707636,3.23846441382285,-3.71041088094765,-3.25853924607887,0.455858061273022,0.492756751457415,"CLR_more_sig"
0.9,"cent vs mage","119",1.29631338266836e-05,4.24391315534308e-09,4.88728999544753,8.37223351179736,1.77647223370983,2.2560890433459,0.247242454788918,0.236261338313628,"TSS_more_sig"
0.9,"cent vs mage","120",0.00512030329516593,0.000149748207324116,2.2907043133375,3.82463836796305,2.20236905602669,2.7398155470323,0.486715628851858,0.492836279896604,"TSS_more_sig"
0.9,"cent vs mage","132",4.86115565677172e-08,7.53593948976672e-07,7.31326047236411,6.12286259739219,-4.31018513283606,-3.76873393796357,0.471790695852439,0.486501165142356,"CLR_more_sig"
0.9,"cent vs mage","141",0.0325339152980516,0.000286627721639689,1.48766366834994,3.54268180845045,2.26813172579078,2.80389264123071,0.559341145167444,0.550149179723131,"TSS_more_sig"
0.9,"cent vs mage","142",1.76533052389988e-05,4.42476866136438e-08,4.75317396944498,7.35410943043943,3.54921740643904,4.07987966950673,0.535637894253284,0.545621498015033,"TSS_more_sig"
0.9,"cent vs mage","143",2.71554040078813e-07,6.56175319248779e-05,6.56614373155343,4.18298010878027,-3.85854436603468,-3.42811380533582,0.437362233819765,0.436207818738784,"CLR_more_sig"
0.9,"cent vs mage","155",0.00446887116045582,1.27534571326457e-05,2.34980216606233,4.89437207326017,2.54591433684631,3.08817070252263,0.479021804195754,0.47032672893236,"TSS_more_sig"
0.9,"cent vs mage","168",7.53335099850032e-07,2.01825739285732e-07,6.1230117971817,6.69502344802514,3.43472023072094,3.92853637138128,0.44886178265185,0.468844372880725,"TSS_more_sig"
0.9,"cent vs mage","184",0.00569384754515159,0.00497993765984386,2.24459416542682,2.30277609381765,2.36012820350709,2.83128917656512,0.5309212252964,0.548818233657996,"TSS_more_sig"
0.9,"cent vs mage","208",0.0453019046110128,0.00249517369269557,1.34388353872305,2.60289921711328,1.73339236045672,2.24095309326459,0.405442867293387,0.410029766044887,"TSS_more_sig"
0.9,"cent vs mage","210",1.62854509507445e-10,2.96092724165475e-08,9.78820021114219,7.52857226432164,-4.3771242523426,-3.93526864769715,0.45006968845855,0.46692953249941,"CLR_more_sig"
0.9,"cent vs mage","212",0.000523677227113038,7.19484362851275e-06,3.28093631163257,5.14297864050598,2.3147757800545,2.773554119404,0.371481749441788,0.372094504591045,"TSS_more_sig"
0.9,"cent vs mage","219",0.000435742689732021,0.000295080600983612,3.36076989012887,3.53005934069556,-3.9043932712672,-3.52337296461451,0.459408480913122,0.466960807215932,"TSS_more_sig"
0.9,"cent vs mage","294",3.99622918014105e-06,7.82184795213389e-06,5.39834961333481,5.10669063049474,2.86706338394167,3.31827059613988,0.395391528634343,0.394687005441703,"CLR_more_sig"
0.9,"cent vs mage","344",0.0498706365655873,0.00624667647037174,1.30215508826534,2.20435098657372,1.4333641756675,1.92607686632381,0.349452928259588,0.348696616480339,"TSS_more_sig"
0.9,"cent vs mage","353",2.30605408783903e-05,0.00700817712039419,4.63713051066901,2.15439493060742,-3.23834119034046,-2.82921520778702,0.440966224905071,0.449404792712274,"CLR_more_sig"
0.9,"cent vs mage","435",0.0196307042559204,0.00516597456693693,1.70706411970852,2.28684773627074,1.98895239732374,2.36936903401033,0.43472319934284,0.449645872378353,"TSS_more_sig"
0.9,"cent vs mage","652",4.35457485341813e-06,1.58328931457128e-07,5.36105423969824,6.80043971922398,2.24197874187308,2.71835127134017,0.306702614087144,0.314246161219173,"TSS_more_sig"
0.9,"cent vs mage","671",2.65255861430559e-06,1.32085681146165e-08,5.57633501059789,7.87914425987421,2.44923699927481,2.9518408370421,0.354778043815646,0.362149810922019,"TSS_more_sig"
0.9,"cent vs mage","675",0.000600508478397657,0.0336171636435675,3.2214808565453,1.47343893176244,-3.04348508383052,-2.51308881033487,0.46001604627471,0.469888043456215,"CLR_more_sig"
0.9,"cent vs mage","728",4.4941587969723e-08,1.03288260672391e-10,7.34735158624924,9.9859490358368,2.44861224720854,2.92503496648174,0.304679641731914,0.304530506438886,"TSS_more_sig"
0.9,"cent vs mage","762",1.53581966651616e-05,1.65682669698044e-07,4.81365977547295,6.78072291613182,2.46715524214453,2.97831387481702,0.382742473115377,0.381023101044765,"TSS_more_sig"
0.9,"cent vs mage","788",0.00105114313284581,0.000223235311100008,2.97833814260861,3.65123710810834,2.49049363087365,3.09503105793399,0.514954399590358,0.533155918889368,"TSS_more_sig"
0.9,"cent vs mage","798",0.000996002534056544,0.000237348215381307,3.00173955663115,3.62461402938891,2.13739738806352,2.64391971919023,0.406804246511428,0.43647516149931,"TSS_more_sig"
0.9,"cent vs mage","825",0.00515999619656648,0.00350768310968145,2.28735061849116,2.45497964846823,1.83235156717828,2.24614320540795,0.364512580434075,0.376416607407131,"TSS_more_sig"
0.9,"cent vs mage","829",6.20495342979688e-06,8.26790344554063e-08,5.20726147367502,7.082604603805,2.52900873854115,2.99746057166374,0.382993400406254,0.401356228345243,"TSS_more_sig"
0.9,"cent vs mage","834",0.00237395494563073,4.70802445812903e-06,2.62452752760958,5.32716128966826,2.14725100487416,2.68803210902931,0.404797506309712,0.396440410087933,"TSS_more_sig"
0.9,"cent vs mage","836",0.0304532090657661,0.000444850171819437,1.51636693599922,3.35178623735329,1.37688981681063,1.86936001297869,0.29646407034367,0.306388122171859,"TSS_more_sig"
0.9,"cent vs mage","840",0.036748187178785,0.0203393436162086,1.43476408018983,1.69166306657838,1.87099873029377,2.17818193354838,0.47417881251622,0.491080803606333,"TSS_more_sig"
0.9,"cent vs mage","848",1.00101332593169e-05,5.85739249499012e-08,4.99956014096216,7.23229567358222,2.35572296310627,2.77924153973366,0.326930309383318,0.339337141260865,"TSS_more_sig"
0.9,"cent vs mage","854",4.34437915210639e-07,1.13105630216939e-07,6.36207227907253,6.94651577605342,3.35409707365012,3.79897017727061,0.450347554273999,0.45676700886773,"TSS_more_sig"
0.9,"cent vs mage","857",0.000182348090515376,6.76192429270257e-07,3.7390987801044,6.16992969595498,2.36359637270881,2.9000983554401,0.340381391324374,0.32827807355222,"TSS_more_sig"
0.9,"cent vs mage","886",0.000329515627809992,3.02733628583935e-06,3.48212398346543,5.518939333595,3.12596691913899,3.6826274897857,0.534352642401826,0.525706492295219,"TSS_more_sig"
0.9,"cent vs mage","921",4.85343588997682e-07,6.11522743206876e-05,6.31395070268624,4.21358738643543,-3.88028565401572,-3.38337151712753,0.468524819509053,0.467369190103802,"CLR_more_sig"
0.9,"cent vs mage","944",0.00233634269593931,1.22375320975225e-05,2.63146345435091,4.91230615608698,1.59526181503736,2.09157394284727,0.294495634185591,0.2811145965835,"TSS_more_sig"
0.9,"cent vs mage","947",0.000800163464188347,7.91486545791617e-06,3.09682128257917,5.10155646316185,2.55319752279423,2.94912341547368,0.406551577900728,0.406320189129397,"TSS_more_sig"
0.9,"cent vs mage","978",8.63260994980473e-07,6.33011223010707e-07,6.06385788152303,6.19858859006414,3.29277524962461,3.70807086111803,0.448344263214013,0.448978304497381,"TSS_more_sig"
0.9,"cent vs mage","979",0.0457033962282509,0.0122059971764378,1.3400515262237,1.91342673484294,1.44104568866101,1.91930584403482,0.36226428321654,0.377373006648183,"TSS_more_sig"
0.9,"cent vs mage","984",0.000265454669911928,2.22954932765334e-06,3.57600963009249,5.65178291466191,2.68459191653898,3.06629946637947,0.404143366402809,0.419655292118956,"TSS_more_sig"
0.9,"cent vs mage","989",0.000292349355234553,1.07526093949713e-06,3.5340978596457,5.96848613032321,2.36444505023561,2.87614019046595,0.370409863287375,0.38629716511946,"TSS_more_sig"
0.9,"cent vs mage","1017",0.000420432074888792,7.36672164325152e-06,3.37630415892392,5.13272573995695,2.23249815331373,2.73751443240771,0.379539444583258,0.394086865917962,"TSS_more_sig"
0.9,"cent vs mage","1019",0.00932575773782256,0.0365067603609962,2.03031587072727,1.43762670497873,-2.7216036919596,-2.22076614602124,0.389876588984774,0.398964874895482,"CLR_more_sig"
0.9,"cent vs mage","1021",0.0351634406460977,0.00422731120067486,1.4539086369968,2.37393577967016,1.95428619632791,2.42211657800874,0.5203265506473,0.521148380829232,"TSS_more_sig"
0.9,"cent vs mage","1030",0.00262912517036538,6.50398131749975e-05,2.58018873701843,4.18682071491067,2.39518937329261,2.8512217767651,0.407616288212415,0.414136659938812,"TSS_more_sig"
0.9,"cent vs mage","1043",2.80610517365726e-08,6.05587626175597e-11,7.55189605551614,10.2178230072507,2.74693394417796,3.21914381945332,0.319856660294055,0.323613782235593,"TSS_more_sig"
0.9,"cent vs mage","1047",0.0114323901141121,0.000338042855527367,1.94186296428046,3.47102823836365,1.39015804749664,1.8922633687745,0.28257651441732,0.298152802849847,"TSS_more_sig"
0.9,"cent vs mage","1074",6.39202986315763e-08,1.11990564524936e-09,7.19436120469308,8.95081856614565,3.21752272038847,3.71687054340876,0.382863071496697,0.394336368815655,"TSS_more_sig"
0.9,"cent vs mage","1076",0.000265250209726379,3.50315431265724e-05,3.57634426404124,4.45554073174897,2.50508689658692,3.00871661279356,0.43123782934384,0.42703583571536,"TSS_more_sig"
0.9,"cent vs mage","1083",0.0443052694004205,0.00267117836242526,1.35354461834958,2.5732971118922,1.55644672315256,2.083309882898,0.375276806853304,0.377528303688915,"TSS_more_sig"
0.9,"cent vs mage","1087",3.59915106403968e-08,2.05579899364715e-10,7.44379992469968,9.68701935087201,3.83786784986994,4.30771719614407,0.486896357740592,0.49466227688107,"TSS_more_sig"
0.9,"cent vs mage","1089",0.000906353476689519,2.71289011884922e-06,3.04270239499767,5.56656779626563,1.56912531342819,2.07102850464758,0.264962425119899,0.26238453929293,"TSS_more_sig"
0.9,"cent vs mage","1090",0.0116391933209044,0.00107509549364913,1.93407711834764,2.96855295851771,1.55492765943289,2.06030328959091,0.315512186009729,0.319713977461546,"TSS_more_sig"
0.9,"cent vs mage","1091",0.00278627404721854,0.000177100489268315,2.5549761702733,3.75178023900057,2.63243316145926,3.01753618701316,0.496791447069006,0.483464272338614,"TSS_more_sig"
0.9,"cent vs mage","1092",0.0267543669382135,0.00131349372556233,1.57260532084347,2.8815719974574,1.4522998218088,1.95577838791309,0.356450116138206,0.353272730292524,"TSS_more_sig"
0.9,"cent vs mage","1098",2.60313046156616e-14,2.88255644897647e-17,13.5845040657292,16.5402221791802,4.43627656645794,4.97912141332496,0.436064627660148,0.441974612912359,"TSS_more_sig"
0.9,"eld vs kin","3",1.46489070873557e-12,5.30001101270439e-08,11.8341947755581,7.27572322799322,-4.68420536029326,-3.74224304940378,0.431955744258808,0.446456470019348,"CLR_more_sig"
0.9,"eld vs kin","4",7.57739588052335e-08,1.65925227728249e-22,7.12048002247269,21.7800875776271,2.53842015577578,3.48721687921301,0.227445919684899,0.220164728878755,"TSS_more_sig"
0.9,"eld vs kin","7",2.18896316038413e-27,1.40078219101991e-36,26.6597615474209,35.8536293883345,7.59797405544272,8.55204732673703,0.464150558573981,0.461680045237548,"TSS_more_sig"
0.9,"eld vs kin","8",0.0204576865502355,4.45022661217705e-07,1.68914347987478,6.35161787353317,2.04531223866846,3.00760628651257,0.38087992563458,0.396593734038667,"TSS_more_sig"
0.9,"eld vs kin","11",5.12394153919626e-07,2.58576963636953e-16,6.29039583391356,15.5874101685932,3.23472610205611,4.16523731617199,0.349226919643948,0.343747468254462,"TSS_more_sig"
0.9,"eld vs kin","14",4.03143817625426e-08,4.58901053022194e-20,7.39453999589625,19.3382809457457,2.87065062803154,3.81544512695499,0.279441920869761,0.275303780711027,"TSS_more_sig"
0.9,"eld vs kin","15",8.15019599434233e-05,2.51744774820536e-10,4.08883194730445,9.59903953483654,2.97115108753764,3.94022031641315,0.441182717310242,0.432842636460551,"TSS_more_sig"
0.9,"eld vs kin","16",4.41049080584241e-10,4.67390534785889e-22,9.35551307892025,21.3303200868344,3.03806912436686,3.97838116632511,0.262650715505045,0.266770610594664,"TSS_more_sig"
0.9,"eld vs kin","21",2.02786834050666e-17,2.3075437977001e-29,16.6929602450229,28.6368500472169,4.11663014915919,5.05351444739983,0.296939858531545,0.292193254202056,"TSS_more_sig"
0.9,"eld vs kin","23",0.00011710002499261,1.8005430109918e-12,3.93144301223633,11.7445964998338,2.43900876906156,3.3633913786093,0.302390414441807,0.307597293248537,"TSS_more_sig"
0.9,"eld vs kin","25",2.51491096029294e-05,2.12016838041001e-11,4.59947738640844,10.6736296467226,3.08370584239612,4.02690464726655,0.418433013718047,0.424323203325349,"TSS_more_sig"
0.9,"eld vs kin","26",0.000768762396979987,2.05467241478088e-10,3.11420786777381,9.68725740969723,2.46474746598801,3.40866046746976,0.36406750083877,0.364634378293756,"TSS_more_sig"
0.9,"eld vs kin","29",4.15003257331386e-05,6.48946692308949e-14,4.38194849452768,13.1877909768312,2.45693470246299,3.40962595891441,0.289716557308452,0.291351080855925,"TSS_more_sig"
0.9,"eld vs kin","31",8.52274836946956e-05,1.41762072389979e-09,4.06942033372848,8.84843994655075,3.59259264456963,4.55025395975726,0.523308250547262,0.536378787132815,"TSS_more_sig"
0.9,"eld vs kin","32",0.0269948093601697,1.09272003045601e-08,1.56871973520954,7.96149109587566,1.79108867510321,2.72300433008396,0.278308388410588,0.291169920858143,"TSS_more_sig"
0.9,"eld vs kin","33",3.06249881455792e-05,0.0158678058223874,4.51392407073551,1.79948312271652,-3.13844079884054,-2.20188359811946,0.45197483969094,0.458128841276743,"CLR_more_sig"
0.9,"eld vs kin","36",0.000417437104382199,1.03364436085227e-13,3.37940895078504,12.9856288603591,2.1372299755452,3.08287338261852,0.257066279192617,0.261785965935907,"TSS_more_sig"
0.9,"eld vs kin","47",0.0098668108297733,8.18923412874484e-08,2.00582319817583,7.08675671230708,2.86119154410065,3.80634215394143,0.532968041164033,0.532680122939073,"TSS_more_sig"
0.9,"eld vs kin","49",0.0167936910279566,6.85489109648076e-08,1.77485384127094,7.1639994404475,2.01387814218158,2.95196491646064,0.354158583654875,0.361891501169317,"TSS_more_sig"
0.9,"eld vs kin","55",0.00203439861464886,1.06637449280696e-08,2.69156394857092,7.97209025159652,2.52188017436439,3.47769130013014,0.422050546785398,0.415318013555434,"TSS_more_sig"
0.9,"eld vs kin","58",0.035778347053166,1.18136561287299e-06,1.44637972755487,5.92761567471479,1.87770760308699,2.80421740776584,0.353562605298986,0.372014249304329,"TSS_more_sig"
0.9,"eld vs kin","61",0.00533139511740102,8.22674530583041e-09,2.27315913009028,8.08477194793322,2.22766649509421,3.18735322599044,0.357431398196496,0.361028999791708,"TSS_more_sig"
0.9,"eld vs kin","67",2.17049265135068e-11,1.19645542859722e-07,10.6634416802161,6.92210347546661,-5.37175374637311,-4.41516488925481,0.562395336200778,0.564028037077324,"CLR_more_sig"
0.9,"eld vs kin","70",0.00317339679168829,3.3026173352625e-06,2.49847562166991,5.48114174384158,2.58370249927327,3.57976334831348,0.505711835598747,0.514679282889852,"TSS_more_sig"
0.9,"eld vs kin","71",0.0183395465990952,7.69270557497464e-07,1.73661140541328,6.11392088911571,2.689079689332,3.77925716569204,0.539108731904442,0.542390318570111,"TSS_more_sig"
0.9,"eld vs kin","74",1.35757198722456e-06,6.03266962307397e-12,5.86723713203342,11.2194904580094,3.81984831293666,4.71752017698753,0.496553609864055,0.491546835019662,"TSS_more_sig"
0.9,"eld vs kin","77",0.00159383919986869,1.89927968304289e-09,2.79755549607187,8.72141107746494,2.38735710474708,3.317575256347,0.36780603167739,0.363629346142417,"TSS_more_sig"
0.9,"eld vs kin","79",4.06725124069133e-07,0.00115002330941028,6.39069899969382,2.93929335699798,-3.66626062013198,-2.77332676351349,0.473085081958055,0.487283817020444,"CLR_more_sig"
0.9,"eld vs kin","80",0.000364376681376406,7.85068488981036e-11,3.43844942388783,10.1050924539693,2.52871485423901,3.44420955637429,0.364358737079294,0.346022443865516,"TSS_more_sig"
0.9,"eld vs kin","82",2.72909068923228e-05,0.0157327957217926,4.56398203223823,1.80319409627931,-3.80125827398824,-2.77893344950432,0.583425634524318,0.605688272329899,"CLR_more_sig"
0.9,"eld vs kin","83",0.000106204186626094,0.0193168695348549,3.9738583627953,1.71406325338094,-3.32274919030312,-2.41705803605258,0.497926333454442,0.530460962698756,"CLR_more_sig"
0.9,"eld vs kin","84",3.93038122929569e-06,0.00421945573776524,5.40556532297072,2.37474356451917,-3.68006411027876,-2.76260368082,0.452000114852912,0.48210152527082,"CLR_more_sig"
0.9,"eld vs kin","89",5.84409751656837e-15,1.62530713575075e-21,14.2332825458941,20.7890645579111,4.95656979044036,5.86930011904742,0.439318016967756,0.447559128432692,"TSS_more_sig"
0.9,"eld vs kin","91",9.80688246067069e-06,0.0021380504405252,5.00846902985833,2.66998205320425,-4.13795557886464,-3.22788297954107,0.554263656875475,0.576926034533165,"CLR_more_sig"
0.9,"eld vs kin","100",0.000294168021608113,0.0196125282479064,3.53140454028959,1.70746641789061,-3.58077167324136,-2.63900199197078,0.544755766836998,0.563432771076783,"CLR_more_sig"
0.9,"eld vs kin","103",0.0132811970732312,5.53562047447026e-07,1.87676277896885,6.25683369302627,2.31396784980687,3.27899684249441,0.45238890695576,0.451284914416695,"TSS_more_sig"
0.9,"eld vs kin","119",4.9373390765839e-05,9.1867379544068e-13,4.30650704615851,12.0368386714095,2.47961003711308,3.38552468846178,0.307280811244558,0.306383980644919,"TSS_more_sig"
0.9,"eld vs kin","121",8.3967274661584e-10,3.56588372634185e-17,9.0758899425465,16.4478328220781,4.65359054931666,5.67671682012595,0.486685481810823,0.504168131164868,"TSS_more_sig"
0.9,"eld vs kin","124",0.00277482807301889,1.59372873752461e-08,2.55676392037997,7.79758559625324,2.62301424939467,3.56352532115006,0.433136365829408,0.430130808920728,"TSS_more_sig"
0.9,"eld vs kin","125",0.000533018139298494,3.24716589947464e-06,3.27325801111753,5.48849552246552,3.0126722091193,3.85571617871497,0.519359028736716,0.534233838935798,"TSS_more_sig"
0.9,"eld vs kin","138",4.26416557895263e-10,2.14289649800431e-15,9.37016593985642,14.6689988048943,3.91276478848509,4.93876319420253,0.428222202971298,0.444174016161518,"TSS_more_sig"
0.9,"eld vs kin","139",1.7117818405947e-05,0.00155091285807036,4.76655158513964,2.80941260342584,-3.82001912619574,-2.89489992500581,0.541348271701479,0.531815612506451,"CLR_more_sig"
0.9,"eld vs kin","151",1.89460284301858e-15,6.39863139374865e-22,14.7224818153332,21.1939129075324,5.47283959450974,6.45793690173804,0.489329181330266,0.483924725062285,"TSS_more_sig"
0.9,"eld vs kin","164",1.37621021551461e-05,1.38869855050239e-10,4.86131522273933,9.85739201780576,3.30764923622995,4.25253710851431,0.469732707219445,0.466244516381095,"TSS_more_sig"
0.9,"eld vs kin","169",0.000408366023066666,0.0446155731499372,3.38895039931898,1.35051352351725,-3.28717402451334,-2.40949721933835,0.500457240139062,0.527345612499657,"CLR_more_sig"
0.9,"eld vs kin","206",0.00256010483329299,5.28233039627691e-06,2.5917422504739,5.27717443826875,2.92247894442341,3.65078311393379,0.539705480664243,0.549929512150937,"TSS_more_sig"
0.9,"eld vs kin","207",4.50088124574168e-07,7.2507170258739e-13,6.34670244562617,12.1396190437762,3.69371576645379,4.5591225247897,0.47515027114812,0.467672372220977,"TSS_more_sig"
0.9,"eld vs kin","222",9.32580522701393e-06,2.18514731300264e-09,5.0303136591921,8.66051927948643,3.39201225930275,4.32398532975981,0.510433842346088,0.505302236767763,"TSS_more_sig"
0.9,"eld vs kin","246",0.000141290640033051,2.61714329163466e-08,3.8498866075544,7.5821724985819,3.01803906837676,3.93181270766489,0.47643704691282,0.472554958756185,"TSS_more_sig"
0.9,"eld vs kin","265",0.00872747930066474,2.852563242913e-07,2.05911117254733,6.5447647182529,2.84884358226134,3.71281406176703,0.492630213762308,0.472077883969751,"TSS_more_sig"
0.9,"eld vs kin","294",0.0114745949656675,1.84227318660835e-08,1.94026263540117,7.73464596879747,2.69154300114623,3.67406046027825,0.454531355391923,0.452764424516594,"TSS_more_sig"
0.9,"eld vs kin","329",0.000909153223551765,2.39264177737442e-09,3.04136291706931,8.62112231841755,2.69259906660896,3.6631978567921,0.430504801898897,0.425018031760819,"TSS_more_sig"
0.9,"eld vs kin","344",2.61605623759913e-06,1.08026574738853e-12,5.5823529241794,11.9664693941173,3.15494347969035,4.08191805478629,0.419492127828094,0.42609007474842,"TSS_more_sig"
0.9,"eld vs kin","435",0.00624713580703673,8.00586767283152e-08,2.20431905278528,7.09659159252644,2.86095271779389,3.62340274746364,0.568197042633164,0.535992930990654,"TSS_more_sig"
0.9,"eld vs kin","652",0.0115609321931965,7.54764713593173e-08,1.93700714601593,7.12218841196496,1.97149063639892,2.96787795965423,0.350003284013475,0.365674117954742,"TSS_more_sig"
0.9,"eld vs kin","666",6.09132236722524e-09,3.97725529579363e-05,8.21528841599646,4.40041653121771,-3.84101969418757,-2.87256613467406,0.42371079350536,0.418635085005472,"CLR_more_sig"
0.9,"eld vs kin","667",0.0340988651028434,4.04743629247343e-05,1.46726007519444,4.39281997841029,2.50425988245385,3.45350868896824,0.553925637272754,0.558926363648788,"TSS_more_sig"
0.9,"eld vs kin","670",0.0371581217992209,4.78263533893351e-06,1.42994624604678,5.32033273146891,2.18928624717259,3.17864288846873,0.437889813200656,0.423829317125746,"TSS_more_sig"
0.9,"eld vs kin","728",7.49819567853062e-13,3.61705104231792e-21,12.1250432300925,20.4416453626123,4.18520136265475,5.07524541571293,0.395247812601527,0.372923840660051,"TSS_more_sig"
0.9,"eld vs kin","744",3.21870112383913e-05,0.00572200245876456,4.49231934835124,2.24245195991285,-3.5674401069224,-2.63074429740574,0.521896672956773,0.521084612635105,"CLR_more_sig"
0.9,"eld vs kin","786",0.00026140649266931,0.00333587915537098,3.58268362985633,2.47678969038027,-3.72407040537934,-2.77084925093618,0.501668253208725,0.497948735101841,"CLR_more_sig"
0.9,"eld vs kin","825",0.0289862179355456,1.78149833261082e-05,1.53780844683455,4.74921457978968,2.08628357818991,3.07804991900671,0.448091385043995,0.457788161926088,"TSS_more_sig"
0.9,"eld vs kin","854",2.83379516383922e-06,8.54893841121936e-11,5.5476315452069,10.0680878116781,3.31126231703654,4.30657386649938,0.463580024771919,0.468193016830003,"TSS_more_sig"
0.9,"eld vs kin","886",1.78199088052798e-10,8.20042292295834e-15,9.74909452282805,14.0861637490345,4.61277900255206,5.60796612024702,0.504409929375278,0.530022673493369,"TSS_more_sig"
0.9,"eld vs kin","888",0.000335065396672397,7.27502569696186e-09,3.47487042089706,8.13816546831745,2.91528358266125,3.78957108206277,0.451188329538271,0.453058375047408,"TSS_more_sig"
0.9,"eld vs kin","891",0.000281280426417416,0.0325621217622155,3.55086048822112,1.48728730404083,-3.38086462627237,-2.34933012160747,0.54923354394415,0.572189687173577,"CLR_more_sig"
0.9,"eld vs kin","922",0.0373057200546655,1.99560804817014e-06,1.42822457307822,5.69992475324517,2.29538462838475,3.27164027538509,0.459023390404243,0.487392664656655,"TSS_more_sig"
0.9,"eld vs kin","926",0.0344866365861858,2.67413302357861e-06,1.46234915945365,5.57281699274747,2.12977021904833,3.18311886338291,0.417179427962507,0.425636699153058,"TSS_more_sig"
0.9,"eld vs kin","944",0.00560769960218444,1.39593602031318e-10,2.2512152590585,9.85513448619831,2.04686959513277,2.97454872338024,0.299410802093861,0.295638312351259,"TSS_more_sig"
0.9,"eld vs kin","947",1.63914701691196e-10,3.80614540263029e-16,9.78538209232932,15.4195146247842,4.24604278629079,5.17800030846296,0.432602315290653,0.425821883389369,"TSS_more_sig"
0.9,"eld vs kin","977",0.0251386022384051,0.000142832321483526,1.59965887370749,3.84517350506963,2.33398730671105,3.24829008414681,0.535355790558582,0.519872342628833,"TSS_more_sig"
0.9,"eld vs kin","978",1.26392946478793e-21,9.50747825673353e-30,20.8982771617404,29.0219346591314,6.19261690026326,7.09765747513043,0.420852765172712,0.416931244754962,"TSS_more_sig"
0.9,"eld vs kin","984",3.2467697685454e-15,3.3870311240238e-22,14.4885485065065,21.4701808125288,4.95080345052228,5.90678605324239,0.407653599513293,0.409625181627711,"TSS_more_sig"
0.9,"eld vs kin","988",0.000406639429904638,3.68692882553363e-08,3.39079051217178,7.43333524616832,3.16034030338525,4.16948437894228,0.524351665745479,0.537344718719831,"TSS_more_sig"
0.9,"eld vs kin","991",3.60317574659904e-05,0.00676366069902792,4.44331455444231,2.16981818703466,-3.65986135109759,-2.82035423110952,0.55602778362035,0.568842543885877,"CLR_more_sig"
0.9,"eld vs kin","1014",7.78217843155056e-09,0.00121032698108119,8.10889881581583,2.9170972851419,-4.33819698090736,-3.32670603986838,0.511897147840658,0.513797559788686,"CLR_more_sig"
0.9,"eld vs kin","1019",0.0381920514116121,3.43413548760822e-06,1.41802701371844,5.46418257453333,2.0329981795547,3.00125769345077,0.430952825827752,0.442490584731947,"TSS_more_sig"
0.9,"eld vs kin","1020",0.00235420861682822,5.92898384421952e-08,2.62815505503425,7.22701973305458,2.45320588227499,3.39002123334967,0.434124187564127,0.42833753023481,"TSS_more_sig"
0.9,"eld vs kin","1021",2.6342198820285e-05,0.00855214385824961,4.5793479766916,2.0679250023364,-3.67221159062217,-2.73816265640415,0.545863869837189,0.549033531505306,"CLR_more_sig"
0.9,"eld vs kin","1027",0.0377696506525731,3.42962540759992e-05,1.42285703212671,4.4647533121136,2.4492832879396,3.47707155017267,0.512724923630212,0.504016947353879,"TSS_more_sig"
0.9,"eld vs kin","1030",1.34728547213221e-08,2.02575129387761e-17,7.87054037321831,16.6934138750304,4.08516016456432,5.18015850483863,0.427428138117731,0.431690059606534,"TSS_more_sig"
0.9,"eld vs kin","1043",0.00323518648950533,1.73858864820627e-07,2.49010067974684,6.75980316034726,2.4208164662478,3.35807745181429,0.416401614604006,0.425883984782433,"TSS_more_sig"
0.9,"eld vs kin","1059",0.0222095999260011,8.96922144898561e-06,1.65345926457152,5.04724525317484,2.75272675572707,3.7186703774108,0.580736537296401,0.58644340894875,"TSS_more_sig"
0.9,"eld vs kin","1074",1.77324029353136e-16,8.3065944956036e-24,15.75123240874,23.0805769900428,5.04586856707646,6.04755885065274,0.39601981040299,0.399419896930859,"TSS_more_sig"
0.9,"eld vs kin","1076",9.59413443930462e-11,4.52473369109533e-19,10.0179942002083,18.3444069766557,4.53281447439746,5.55914607736454,0.433610782112793,0.426327401841705,"TSS_more_sig"
0.9,"eld vs kin","1082",0.00256060828421611,1.04672218511775e-08,2.59165685379047,7.98016857092909,3.033906162679,3.91231707623677,0.495774850372211,0.484379087495229,"TSS_more_sig"
0.9,"eld vs kin","1089",4.08937278536205e-09,8.76975371896995e-20,8.38834329755372,19.0570126027564,3.02364596598275,3.97948270778006,0.280902251175158,0.288527622272739,"TSS_more_sig"
0.9,"eld vs kin","1098",1.0590967988296e-23,1.56273839656435e-33,22.9750643446363,32.8061137170784,7.01839321821052,7.90106237542098,0.449819921654611,0.433146346868315,"TSS_more_sig"
0.9,"eld vs kin","1105",6.07009542716721e-08,5.18755912665931e-06,7.21680448138498,5.28503694025854,-4.62886233749881,-3.60570190467146,0.499525184383402,0.508733878710007,"CLR_more_sig"
0.9,"eld vs kin","1108",0.00547077709129326,2.00828277517312e-08,2.26195098034107,7.69717513662116,2.52102887659183,3.52040856197983,0.433586093626422,0.435807442362873,"TSS_more_sig"
0.9,"eld vs kin","1112",0.00011534791470192,0.0158436457935103,3.93799025239244,1.80014487540959,-3.48959901586445,-2.61552777605642,0.529817447447353,0.532200066123242,"CLR_more_sig"
1,"cent vs mage","4",2.39296559671932e-09,1.38669836161766e-21,8.62106354512345,20.8580179975653,2.09448873627419,2.93133012086025,0.199530027556026,0.182956678726393,"TSS_more_sig"
1,"cent vs mage","7",7.56017714473236e-12,1.16493324125381e-16,11.1214680282979,15.9336989620078,4.08312215085367,4.90629321783271,0.423110933698355,0.418162453131435,"TSS_more_sig"
1,"cent vs mage","8",2.42257374149676e-05,7.02356772122868e-10,4.61572299444739,9.15344222575546,2.17500858150162,3.01064652356511,0.30965677434524,0.315039527285083,"TSS_more_sig"
1,"cent vs mage","9",6.13609673170256e-05,1.99772855653653e-10,4.21210780262597,9.69946352231972,1.91014101936536,2.74387523490389,0.263585343111601,0.271722867327497,"TSS_more_sig"
1,"cent vs mage","10",0.0202483637519662,9.26729830187682e-06,1.69361006589145,5.03304685739823,1.86689674688131,2.72481158176758,0.401645555272008,0.413251709373759,"TSS_more_sig"
1,"cent vs mage","11",6.95434043838053e-05,1.73435084168262e-10,4.15774405295516,9.76086304457928,2.11420333813891,2.94542381394699,0.310671973475598,0.296120300369926,"TSS_more_sig"
1,"cent vs mage","14",4.29543499000882e-10,9.26090841621002e-18,9.36699284948239,17.0333464106402,2.59811061210976,3.43387146891145,0.263824403403465,0.259331368842364,"TSS_more_sig"
1,"cent vs mage","16",0.00540824752777844,1.09025555305465e-08,2.2669434395723,7.96247169263449,1.46058259040558,2.29167218092196,0.229230084483798,0.229659080834725,"TSS_more_sig"
1,"cent vs mage","19",4.42393977463226e-06,2.01246958667242e-10,5.35419079393729,9.69627067416017,2.39824374952506,3.23635508848716,0.333670169769862,0.344985423243399,"TSS_more_sig"
1,"cent vs mage","20",1.14580078795055e-09,8.68606323429414e-17,8.9408908834283,16.0611770133108,2.57043254032285,3.40744180016017,0.26510068805455,0.26872516655701,"TSS_more_sig"
1,"cent vs mage","21",1.92116760611516e-11,3.36166274572887e-19,10.7164347448542,18.473445858718,2.74715865076604,3.58785929825542,0.264573770141642,0.261315336877224,"TSS_more_sig"
1,"cent vs mage","23",8.32766492930806e-06,9.50771641753656e-12,5.0794767573544,11.0219237802606,2.03112890821032,2.86500187009901,0.261860922667873,0.266320013699477,"TSS_more_sig"
1,"cent vs mage","24",4.16175587660213e-11,5.99660615857847e-15,10.3807233985487,14.2220944735522,4.37474927668044,5.21196584704083,0.479212707134582,0.493364957838153,"TSS_more_sig"
1,"cent vs mage","26",9.12555596225351e-08,5.98474830133739e-12,7.03974066725684,11.2229541098589,2.96411163589603,3.80984092121953,0.373032254180611,0.37287986317921,"TSS_more_sig"
1,"cent vs mage","28",0.014973893928415,2.53669008666725e-05,1.82466524763827,4.59573258830517,2.10809238117209,2.95620025762649,0.450717448814513,0.462886286431018,"TSS_more_sig"
1,"cent vs mage","30",0.0016054625356953,3.29715682349329e-09,2.79439982446723,8.4818603959087,1.58053645262471,2.41295486294416,0.237501044540894,0.238474234380825,"TSS_more_sig"
1,"cent vs mage","32",6.5137742301615e-07,5.6961600247424e-15,6.18616729831862,14.2444178183729,2.03230125227324,2.87560508621447,0.225207529925378,0.230462829892452,"TSS_more_sig"
1,"cent vs mage","36",0.000126503013079219,2.33442961008098e-12,3.89789913023445,11.6318192167918,1.62538133754916,2.46530436783925,0.204470261614733,0.203270518166957,"TSS_more_sig"
1,"cent vs mage","37",0.00595212389630804,6.20352016353753e-07,2.22532803732056,6.20736180182991,1.782952669005,2.62471965732361,0.338793003235187,0.336531759459324,"TSS_more_sig"
1,"cent vs mage","39",4.75322830369993e-09,3.08890740102119e-14,8.32301132547889,13.510195110743,3.50051514867356,4.35229891076889,0.424554368693361,0.417243753159239,"TSS_more_sig"
1,"cent vs mage","42",1.68010021478696e-08,6.11396469459082e-13,7.77466481266049,12.2136770734589,3.32686776165344,4.16346869875877,0.413765033941707,0.409190256480706,"TSS_more_sig"
1,"cent vs mage","44",0.00431450740578931,1.4318297418297e-07,2.365068781214,6.84410862070128,1.69750632853865,2.53155361653215,0.292096985025037,0.300121355661974,"TSS_more_sig"
1,"cent vs mage","47",0.00225233646565967,1.00896263770241e-05,2.64736673182054,4.99612491556696,2.41841722388479,3.26683979182791,0.493077623145943,0.492695900518563,"TSS_more_sig"
1,"cent vs mage","52",0.00566586417660038,3.95621705060956e-07,2.24673384069804,6.40271988964913,1.64890104405138,2.50192594050755,0.300550146314083,0.305274329677293,"TSS_more_sig"
1,"cent vs mage","55",3.69821955159535e-05,6.15191424107668e-09,4.43200730972201,8.21098972731696,2.38015172948999,3.19631717871401,0.366232136285847,0.358998960837015,"TSS_more_sig"
1,"cent vs mage","56",3.14666159277062e-08,2.02973133782583e-12,7.50214996070766,11.692561442984,2.88278681507837,3.70063960477512,0.363309034687851,0.376448300806502,"TSS_more_sig"
1,"cent vs mage","61",0.00120240015014358,5.34070111367114e-09,2.91995097819084,8.27240172615284,1.76540222961047,2.60935618147323,0.283446067879589,0.282608590531862,"TSS_more_sig"
1,"cent vs mage","69",5.0339387740922e-05,5.86370212802483e-06,4.2980920709163,5.23182809966312,2.57558917065132,3.4358923952451,0.392360805908447,0.391948329764973,"TSS_more_sig"
1,"cent vs mage","90",3.13671153462494e-06,4.54045259585523e-14,5.50352541903927,13.3429008541725,2.22868142691722,3.09109491286914,0.288547046147391,0.283671133091966,"TSS_more_sig"
1,"cent vs mage","92",9.29263811409841e-05,2.86139913136561e-11,4.0318609753767,10.5434215590212,1.82530946323341,2.65935891712193,0.245340970955399,0.238939220614577,"TSS_more_sig"
1,"cent vs mage","95",0.00116762615512048,1.06324382769235e-06,2.93269618526909,5.97336712975848,2.0230246027,2.83277135673146,0.372827947022408,0.373401713778016,"TSS_more_sig"
1,"cent vs mage","106",2.09852855950648e-07,6.20201026884126e-13,6.67808511596802,12.2074675190246,2.65940468787795,3.46909369473626,0.329499234383051,0.337332040973821,"TSS_more_sig"
1,"cent vs mage","114",4.18088360278514e-07,0.00542300245011709,6.37873192318668,2.26576019934989,-3.69949207943906,-2.95935770668839,0.449650302996705,0.487421743990425,"CLR_more_sig"
1,"cent vs mage","119",0.000162227533673628,2.67965297155216e-11,3.7898754342943,10.5719214456348,1.77272648096791,2.60281395442712,0.250579522794288,0.237973325176094,"TSS_more_sig"
1,"cent vs mage","120",0.0168503967424854,4.61232991693605e-05,1.77338986921141,4.33607963546661,2.14297200576576,3.04880945324324,0.481203370017228,0.498294104710281,"TSS_more_sig"
1,"cent vs mage","132",3.35406828029054e-09,3.28824350461324e-05,8.47442810051003,4.48303602908999,-4.38539855215,-3.55267355238268,0.480875998629513,0.481608372272356,"CLR_more_sig"
1,"cent vs mage","141",0.0413592242209992,0.000120935828112261,1.38342761594165,3.91744501720085,2.32658625901121,3.13738511146741,0.555579440209998,0.558719560812233,"TSS_more_sig"
1,"cent vs mage","142",4.35662913278339e-06,1.26479296173596e-07,5.36084940872181,6.89798055981189,3.49095317611127,4.31842150991331,0.54594169907414,0.54091417190444,"TSS_more_sig"
1,"cent vs mage","143",1.13804469524184e-07,0.000596035821017944,6.94384068124875,3.22472763891254,-3.91130002118235,-3.1039073360296,0.45668741834478,0.450294720195824,"CLR_more_sig"
1,"cent vs mage","155",0.0238437360167861,2.68575926082465e-06,1.62262569505795,5.57093291809361,2.45780188543925,3.34506660742992,0.481021913800365,0.484465736341069,"TSS_more_sig"
1,"cent vs mage","168",1.44772000848156e-06,3.24927061874296e-11,5.8393154233111,10.4882141164998,3.43046405190934,4.32112732834768,0.446760957677825,0.439493005717205,"TSS_more_sig"
1,"cent vs mage","210",2.66041892997906e-07,0.000408554684057734,6.57504997064235,3.38874980597348,-4.42197885927423,-3.5437679533606,0.465480532766407,0.461186762050736,"CLR_more_sig"
1,"cent vs mage","212",0.000548252672069757,7.89464175559941e-07,3.2610192429841,6.10266757269766,2.28729961583473,3.05695633986259,0.387431617179788,0.369421620558111,"TSS_more_sig"
1,"cent vs mage","219",8.0554154055501e-09,0.00368694137169678,8.0939120587598,2.43333376832039,-3.9793141308472,-3.17729156640383,0.459363985772129,0.468877562785682,"CLR_more_sig"
1,"cent vs mage","294",0.000641526554577122,8.32292025763341e-09,3.19278536225456,8.07972426634695,2.80471983962426,3.66589921219004,0.38745559448883,0.384556802899493,"TSS_more_sig"
1,"cent vs mage","353",8.3502402885154e-05,0.0368309496636837,4.0783010269745,1.43378708298108,-3.1761712330171,-2.46825466293111,0.426600780607572,0.454242213344705,"CLR_more_sig"
1,"cent vs mage","435",0.0341580768083312,0.0016085895713019,1.46650658924304,2.79355475121269,1.94905293915376,2.69246583540014,0.444758619230423,0.438806227396392,"TSS_more_sig"
1,"cent vs mage","652",4.35688692296728e-05,2.04265243855662e-11,4.36082371143643,10.6898055231659,2.23051676664572,3.07929226194854,0.29965046396084,0.306781399934158,"TSS_more_sig"
1,"cent vs mage","671",1.45831114412777e-05,7.20469530055311e-09,4.83614980539986,8.14238438155181,2.45239460595811,3.29171578310739,0.355929449835794,0.362685295031524,"TSS_more_sig"
1,"cent vs mage","728",9.95782806901205e-07,1.23928841679888e-12,6.00183537648634,11.9068276094854,2.41919808837156,3.22747047887635,0.308262373455844,0.302488370569035,"TSS_more_sig"
1,"cent vs mage","762",0.000114746665846074,9.44446970343786e-09,3.94025992475095,8.02482242221396,2.45428281465732,3.25794402330131,0.383370390367857,0.385001054022561,"TSS_more_sig"
1,"cent vs mage","788",0.0144609290258473,1.27111128882365e-05,1.83980380539291,4.89581642426413,2.47872226261063,3.28384771974252,0.520612383563785,0.53619803936232,"TSS_more_sig"
1,"cent vs mage","798",0.00281317160372659,2.05340624360111e-05,2.55080377502341,4.68752512179316,2.13415710058857,2.93295316427254,0.404269272169678,0.438597494968881,"TSS_more_sig"
1,"cent vs mage","814",0.0038312754771826,0.000140821720030048,2.41665662016021,3.85133035540907,2.26881554364761,2.85518598598887,0.457163497646652,0.471464574938498,"TSS_more_sig"
1,"cent vs mage","825",0.0158491677848452,4.38784119881181e-05,1.79999353697546,4.3577490984464,1.76594618531235,2.65097206924364,0.360313404451459,0.376195353680858,"TSS_more_sig"
1,"cent vs mage","829",5.76039954056874e-05,1.48220557210404e-08,4.23954739292287,7.82909155840869,2.44559000386889,3.34302169018873,0.381877954143103,0.396344696170075,"TSS_more_sig"
1,"cent vs mage","834",0.00305995963134515,1.30506654963149e-07,2.51428430293008,6.88436734165841,2.12747633976022,2.96264408631448,0.404936498971539,0.393501343899657,"TSS_more_sig"
1,"cent vs mage","848",0.00111639790973051,8.30972040403609e-09,2.95218098532686,8.08041358861385,2.20921959525718,3.11529757647239,0.320992284099691,0.334642778908011,"TSS_more_sig"
1,"cent vs mage","854",2.51738147395946e-06,7.47073933177966e-11,5.59905096820916,10.1266364166821,3.24683111704956,4.08364795022667,0.45975561582565,0.463573509842299,"TSS_more_sig"
1,"cent vs mage","857",0.00010642994472338,5.64357807323859e-09,3.97293616340883,8.24844546254948,2.4051199603445,3.15413122792074,0.337739361103782,0.347634380441219,"TSS_more_sig"
1,"cent vs mage","886",5.40219315798241e-05,5.98338723175496e-05,4.26742989146546,4.22305288965797,3.12952674412485,3.8895718711758,0.517681093108811,0.537350439908609,"CLR_more_sig"
1,"cent vs mage","921",2.64573638394091e-06,0.00779088795775152,5.57745343025557,2.10841304127806,-3.92441107345731,-3.0474915954667,0.469484784123253,0.47591070562763,"CLR_more_sig"
1,"cent vs mage","944",0.0109962346760096,4.81165324071921e-07,1.95875600023922,6.31770567831235,1.58547352139025,2.39091582682484,0.294927154684597,0.279262788464628,"TSS_more_sig"
1,"cent vs mage","947",0.000912366171049172,8.93745001499627e-07,3.03983082598092,6.04878637408843,2.50486760259121,3.29769877676421,0.418890360827411,0.409000545494669,"TSS_more_sig"
1,"cent vs mage","978",3.57668173042803e-06,3.78986261913169e-10,5.44651970364989,9.4213765327323,3.24002674661781,4.08694504047788,0.456967019876247,0.452981098529849,"TSS_more_sig"
1,"cent vs mage","984",0.00167442106807991,4.44389042513118e-05,2.7761353202085,4.35223665818022,2.64725874547559,3.54296769690513,0.412921268840521,0.415777962542004,"TSS_more_sig"
1,"cent vs mage","989",0.000280580626527827,1.59634636060866e-06,3.55194231934661,5.79687287352335,2.34433603903114,3.21975358706415,0.374410485596241,0.382272411149385,"TSS_more_sig"
1,"cent vs mage","1017",0.00447842319386935,6.29479858673034e-05,2.34887486964975,4.20101816135771,2.1783902497808,3.01812466490135,0.385981090583864,0.388046925679106,"TSS_more_sig"
1,"cent vs mage","1030",0.00151047529050188,2.55307259718385e-06,2.82088637485046,5.59293683576054,2.39725489550023,3.20090725173058,0.410959958209416,0.422933844144909,"TSS_more_sig"
1,"cent vs mage","1043",6.69774657802242e-07,4.42843903938364e-14,6.17407128884282,13.3537493293178,2.75785108552575,3.56917688051333,0.311252114718708,0.325214214647793,"TSS_more_sig"
1,"cent vs mage","1074",2.10946235784121e-07,1.77952558570426e-10,6.67582821995155,9.74969576340597,3.25726134692639,3.96354969811851,0.380049360577922,0.384510263751071,"TSS_more_sig"
1,"cent vs mage","1076",0.00202072561383624,4.3587880452223e-07,2.69449265357371,6.36063424890579,2.51251432084107,3.30052859568675,0.41557241116276,0.424492246407948,"TSS_more_sig"
1,"cent vs mage","1087",5.09555766040143e-08,3.74496822686233e-11,7.29280827964931,10.4265518625992,3.76529149882498,4.60379223429587,0.483722199965713,0.494203097800091,"TSS_more_sig"
1,"cent vs mage","1089",0.010823336780421,1.06865536535707e-07,1.96563882777667,6.97116232945483,1.54902606320423,2.38008230189804,0.266091086370246,0.260547341611666,"TSS_more_sig"
1,"cent vs mage","1091",0.0028714995914481,4.79528434375124e-06,2.54189124117346,5.31918563557135,2.65122723010825,3.38753950778907,0.48512031304078,0.480991777120692,"TSS_more_sig"
1,"cent vs mage","1098",2.57182364426243e-11,4.98475201661649e-16,10.5897588152772,15.3023564422658,4.42180685382678,5.27618985633132,0.442519572726338,0.441179409646871,"TSS_more_sig"
1,"eld vs kin","3",0,3.134242446063e-05,35.1205443222848,4.5038674121703,-4.83153885690844,-3.71893190335255,0.431038528182334,0.446961279302769,"CLR_more_sig"
1,"eld vs kin","4",1.61988820140729e-11,2.87832949907632e-26,10.7905149577952,25.5408594913447,2.38391200864274,3.50886401131254,0.227656868520303,0.220452497418895,"TSS_more_sig"
1,"eld vs kin","5",4.99878436107272e-07,0.0410149373798811,6.3011355975575,1.38705794717757,-2.88293021706646,-1.77137481966767,0.385383040269367,0.383847812376864,"CLR_more_sig"
1,"eld vs kin","7",1.37209721725306e-29,7.57627408624564e-35,28.8626151164567,34.1205443222848,7.44745679026514,8.54058786346071,0.462466302868849,0.456054917926661,"TSS_more_sig"
1,"eld vs kin","8",0.00204456347499228,3.77882446683168e-08,2.68939940190546,7.42264328137141,1.88226244682718,3.0140745398357,0.380245961895888,0.394559695742106,"TSS_more_sig"
1,"eld vs kin","11",6.94807329584845e-10,3.78661288078168e-16,9.15813560878933,15.4217490921155,3.0894384286393,4.22091004868919,0.351398592387133,0.356942776432007,"TSS_more_sig"
1,"eld vs kin","14",4.27149967692016e-11,5.76636474857275e-22,10.3694196221494,21.2390978899946,2.71550568999313,3.84053688695393,0.280212512482236,0.276119617040262,"TSS_more_sig"
1,"eld vs kin","15",3.25309357164026e-06,4.97632095115441e-12,5.48770344453783,11.3030916173003,2.83963366042515,3.98470386606441,0.447960004258505,0.43699476173401,"TSS_more_sig"
1,"eld vs kin","16",8.39548443640717e-14,3.47349773263874e-25,13.0759542391342,24.4592329802797,2.87859441309038,4.00008435978356,0.262000082548967,0.267114953131368,"TSS_more_sig"
1,"eld vs kin","21",2.68205033239132e-21,1.15737794708776e-32,20.5715330762701,31.9365247970281,3.96020766921517,5.06672472143473,0.297051099632044,0.291152954540633,"TSS_more_sig"
1,"eld vs kin","23",6.17989152217102e-07,2.05856760062835e-15,6.20901914816944,14.6864348667778,2.25913214058895,3.39176408815641,0.296215168830085,0.308861174794074,"TSS_more_sig"
1,"eld vs kin","25",4.39381727282559e-07,1.50828529680085e-12,6.3571580081924,11.8215165025596,2.90264198484303,4.04436551897616,0.411370482981934,0.4282959887679,"TSS_more_sig"
1,"eld vs kin","26",2.82939660657193e-05,1.81969841845407e-11,4.54830617167589,10.7400005823743,2.30189918530326,3.42487580744089,0.365586772814949,0.362682042411638,"TSS_more_sig"
1,"eld vs kin","29",2.48442989224064e-07,9.87799960252551e-17,6.60477325403723,16.0053309956498,2.30525883741405,3.42057384476942,0.290048301169305,0.291219361761102,"TSS_more_sig"
1,"eld vs kin","31",1.98201965192864e-06,1.64040993636392e-11,5.70289204375495,10.7850476087488,3.39429063285168,4.57335320855685,0.509455114547826,0.53558314208434,"TSS_more_sig"
1,"eld vs kin","32",0.00120261011133402,6.45220036327266e-11,2.91987514900365,10.1902921547188,1.62057468309912,2.73196336005069,0.27702379874628,0.289753622459007,"TSS_more_sig"
1,"eld vs kin","33",3.1078837049783e-07,0.0341824112108228,6.50753524058899,1.46619730561117,-3.3087307836052,-2.21418457230431,0.456728734185999,0.461117360043985,"CLR_more_sig"
1,"eld vs kin","36",2.21993986379621e-06,3.35714357491748e-16,5.6536587900427,15.4740300848881,1.98689653656198,3.09618858764795,0.256564992465058,0.260767682293582,"TSS_more_sig"
1,"eld vs kin","47",0.000388641523596796,2.58486118169923e-08,3.41045079996488,7.58756277544851,2.71654934776939,3.85748537373337,0.538077232491267,0.532679002168418,"TSS_more_sig"
1,"eld vs kin","49",0.00130033112973301,3.461965635475e-09,2.88594604038244,8.46067724737849,1.87184134775315,2.97247212916306,0.362779675395729,0.361592930332127,"TSS_more_sig"
1,"eld vs kin","55",0.000197013353558692,4.66461091279041e-10,3.70550433637491,9.33118457602796,2.31766294397221,3.50333670675878,0.413240765580101,0.416201249259492,"TSS_more_sig"
1,"eld vs kin","58",0.00286008553734998,1.21653913237957e-07,2.54362097811446,6.91487391657026,1.67402913641218,2.82827675603984,0.353533188762793,0.369906701372124,"TSS_more_sig"
1,"eld vs kin","61",0.00034472666789219,5.55253559959774e-10,3.4625251184765,9.25550864832937,2.11639607560397,3.24964151827596,0.372507657357076,0.370589723860047,"TSS_more_sig"
1,"eld vs kin","67",9.39316415654326e-14,4.40258985435141e-05,13.0271880877925,4.35629177156721,-5.54253772535607,-4.38715151151185,0.562506410491903,0.570249793243365,"CLR_more_sig"
1,"eld vs kin","70",0.000665682452222716,2.64257469044926e-07,3.17673289115301,6.57797272882979,2.47023119843028,3.58836931861484,0.516740077738894,0.514844056256247,"TSS_more_sig"
1,"eld vs kin","71",0.0029327278260322,0.000193371054732684,2.53272824016883,3.71360853392763,2.60157127180931,3.60552002028103,0.532708120665972,0.53061064454667,"TSS_more_sig"
1,"eld vs kin","74",9.04150051046172e-08,1.0259267162921e-12,7.04375948884586,11.9888836605172,3.72590198176955,4.75532175363005,0.5121185816597,0.503027390906449,"TSS_more_sig"
1,"eld vs kin","77",1.3738118725655e-05,1.1566968116523e-10,4.86207273474412,9.93678046151641,2.19278663956614,3.3364086818526,0.353013887349415,0.365258213896414,"TSS_more_sig"
1,"eld vs kin","79",1.06991037253551e-08,0.0112029501378054,7.97065260207516,1.95066759698533,-3.84719166618616,-2.76717257062891,0.474770003250123,0.487583084879942,"CLR_more_sig"
1,"eld vs kin","80",2.34967010337774e-05,1.73880553530104e-13,4.62899310893677,12.7597489859491,2.35647805270047,3.48475020882057,0.364091789151833,0.347012945172525,"TSS_more_sig"
1,"eld vs kin","82",4.98860343774001e-05,0.0406398890295519,4.30202101833912,1.39104748659813,-3.88782599873624,-2.89214099022891,0.578362036075386,0.596073056442383,"CLR_more_sig"
1,"eld vs kin","83",1.42562708381419e-07,0.0408934595836005,6.84599406257816,1.38834614661097,-3.49402134001026,-2.40131907322094,0.487573423095155,0.519787847209505,"CLR_more_sig"
1,"eld vs kin","84",6.29878894404682e-10,0.0314499135795914,9.20074294347922,1.50238054360371,-3.91030076619813,-2.73132267990265,0.450870617583112,0.472889020363554,"CLR_more_sig"
1,"eld vs kin","89",2.12381775322016e-15,2.88987930517192e-21,14.6728827532057,20.5391202950263,4.87312401947956,5.92802132380663,0.45352325953592,0.444277353214318,"TSS_more_sig"
1,"eld vs kin","91",2.5781990595497e-08,0.00681477669799141,7.58868355435013,2.16654837026496,-4.39812115370866,-3.26385766509416,0.561703643153051,0.57376145765245,"CLR_more_sig"
1,"eld vs kin","100",5.52658010524477e-06,0.040040275140036,5.25754353069641,1.3975029468923,-3.74200519990709,-2.57675992013121,0.537537980432868,0.557955147984088,"CLR_more_sig"
1,"eld vs kin","103",0.00171040332941341,3.52831678635046e-07,2.76690146675149,6.45243242909929,2.15018197966327,3.29596249244736,0.437507057217189,0.453755005141795,"TSS_more_sig"
1,"eld vs kin","111",2.75895102603169e-06,0.0350565797184958,5.55925600858677,1.45523045794682,-3.26789042524208,-2.18226593423244,0.443775515186256,0.456059071466722,"CLR_more_sig"
1,"eld vs kin","119",2.30381254813394e-07,1.1212115331003e-11,6.63755286058864,10.9503124436124,2.30619092459456,3.40890076878702,0.306910292928509,0.306001766636379,"TSS_more_sig"
1,"eld vs kin","121",1.58354303732391e-12,9.69304905513522e-18,11.8003701289335,17.0135395893549,4.53595671650345,5.62283455491505,0.488337986568857,0.501055274063175,"TSS_more_sig"
1,"eld vs kin","124",9.82008484177186e-05,2.98059929197244e-09,4.00788476005886,8.52569640604807,2.465181719666,3.55705271916693,0.43174783893889,0.424972603837978,"TSS_more_sig"
1,"eld vs kin","125",0.000979744057879137,5.23897272373767e-07,3.008887361826,6.28075386266315,2.8643589351052,3.97084488865936,0.536534489118738,0.537591247503443,"TSS_more_sig"
1,"eld vs kin","138",1.79006908051236e-10,1.36699646892142e-16,9.74713020884892,15.8642326072536,3.76725777946148,4.86211146815534,0.42902204134499,0.429740366841122,"TSS_more_sig"
1,"eld vs kin","139",2.15032389703621e-07,0.0313913370194269,6.66749611864212,1.50319018644098,-4.063968980341,-2.89273493604108,0.534019987490189,0.533746150059927,"CLR_more_sig"
1,"eld vs kin","151",1.37727460226847e-16,8.10361137464634e-19,15.8609794610792,18.0913213946337,5.26738406095124,6.38654498939895,0.481961190986843,0.480719897067645,"TSS_more_sig"
1,"eld vs kin","164",9.76924278090012e-07,4.81355674415891e-12,6.01013909736835,11.3175339041792,3.13213033124202,4.23505527441608,0.468715675887837,0.460695237876136,"TSS_more_sig"
1,"eld vs kin","169",1.28594267119262e-06,0.0336016474988503,5.89077839232912,1.47363942849948,-3.50818061967611,-2.41319964296359,0.507405457788117,0.525076326286662,"CLR_more_sig"
1,"eld vs kin","206",0.00148727730796222,8.21895796921003e-07,2.82760804823025,6.08518324047804,2.69728653978884,3.98294799209897,0.542482063674956,0.558117844666901,"TSS_more_sig"
1,"eld vs kin","207",5.62308923522563e-08,1.08540666406582e-11,7.25002502442967,10.9644075163127,3.55199333417381,4.61465251180042,0.464861288649662,0.469661096611017,"TSS_more_sig"
1,"eld vs kin","222",3.90381650184029e-06,8.93471511047064e-10,5.40851060445594,9.04891929071548,3.09278060274495,4.37878839083178,0.490851098014076,0.521844304946345,"TSS_more_sig"
1,"eld vs kin","223",0.0137661781876133,7.44663455757511e-07,1.86118661329483,6.12803995856738,2.41546247283201,3.56401739296051,0.520168444362272,0.536794646535924,"TSS_more_sig"
1,"eld vs kin","246",2.99606507909618e-05,1.26756751914667e-10,4.52344875733259,9.8970288979419,2.76367680101106,4.02238847667127,0.485804159798929,0.47160163404151,"TSS_more_sig"
1,"eld vs kin","247",0.0199509365138448,1.74838723147322e-05,1.70003671334821,4.75736237383702,2.14317823969399,3.2513393061202,0.5120566994514,0.500801543353314,"TSS_more_sig"
1,"eld vs kin","265",0.00568692332403004,8.3386682114469e-08,2.24512262723845,7.07890330602954,2.6511602611983,3.70236394888773,0.497796355930979,0.471885263029699,"TSS_more_sig"
1,"eld vs kin","294",8.56233529028444e-05,7.02764793561497e-09,4.06740776974286,8.15319000350138,2.65877702307524,3.72144119470091,0.460377870735597,0.452111282173283,"TSS_more_sig"
1,"eld vs kin","329",5.63442364345031e-05,2.28830018580506e-08,4.24915050220367,7.64048700414159,2.56971552109836,3.63455542589101,0.420676372407341,0.426508201657375,"TSS_more_sig"
1,"eld vs kin","344",2.05660208456244e-07,4.07925430229953e-13,6.68684972833239,12.3894192197521,2.98108558242103,4.07935269457816,0.420246284658024,0.420055333238837,"TSS_more_sig"
1,"eld vs kin","435",0.00260371473341315,4.11453146325045e-06,2.58440659940149,5.38567961233753,2.64667489993155,3.7246564068413,0.567342520337975,0.547245348564579,"TSS_more_sig"
1,"eld vs kin","652",0.003848599752286,3.21727214890951e-09,2.41469725243153,8.49251220059304,1.82553924822854,2.95580180549654,0.361531830305117,0.363479666252449,"TSS_more_sig"
1,"eld vs kin","666",1.03122234478466e-10,0.00389013919081518,9.98664768515083,2.4100348591572,-3.97795924003312,-2.83884997480499,0.416618379453169,0.422097439299387,"CLR_more_sig"
1,"eld vs kin","667",0.00986265797261005,0.000162955501074863,2.00600602752565,3.7879309739768,2.4940911098235,3.40579723656418,0.568448195468082,0.569740369623753,"TSS_more_sig"
1,"eld vs kin","670",0.00431668335946913,3.65926713650175e-06,2.36484980686348,5.43660588467197,2.06237857869912,3.04571642655743,0.4313530764237,0.433105358752992,"TSS_more_sig"
1,"eld vs kin","728",1.94826925954199e-13,4.51148233155048e-22,12.7103510218659,21.3456807391331,4.03464262776612,5.14927542193363,0.39242521555266,0.376301033281371,"TSS_more_sig"
1,"eld vs kin","744",1.05500430421831e-07,0.0332429783564938,6.97674576852321,1.47830007315974,-3.74467350568942,-2.58639677971354,0.516892630288235,0.521652938792948,"CLR_more_sig"
1,"eld vs kin","786",1.22008572252668e-08,0.00735341105725765,7.91360965497079,2.13351115619486,-3.91448433918614,-2.72527656057033,0.504899372582297,0.505757319018727,"CLR_more_sig"
1,"eld vs kin","809",0.0200290843702138,2.16148728804296e-06,1.69833890402908,5.66524731425896,1.58400530708357,2.74968846287157,0.390600089198521,0.381706555101571,"TSS_more_sig"
1,"eld vs kin","825",0.0038068209650816,7.58161305807691e-07,2.41943754758949,6.12023838438205,2.08928734000378,3.12083708179579,0.445835318826078,0.456757110045917,"TSS_more_sig"
1,"eld vs kin","853",0.0492636219315125,6.5745496140509e-06,1.30747366137543,5.18213399292672,1.44056986407388,2.53250641027889,0.379343812599135,0.386521131022377,"TSS_more_sig"
1,"eld vs kin","854",3.37931170698627e-06,5.8937195565156e-11,5.4711717471477,10.2296105332223,3.11828762999461,4.20979596223632,0.449905613513348,0.462829978260606,"TSS_more_sig"
1,"eld vs kin","857",0.0283417426444809,8.90515175281524e-07,1.54757344986787,6.05035867531935,1.64974055074133,2.82188167878089,0.409344817783724,0.405373711565124,"TSS_more_sig"
1,"eld vs kin","886",4.2443661128575e-11,2.96505602907835e-17,10.3721871615436,16.5279670955916,4.59717749077033,5.69989027780427,0.526379970024577,0.521329390400078,"TSS_more_sig"
1,"eld vs kin","888",3.31268538757808e-05,1.54381674531447e-09,4.47981980798366,8.81140425271924,2.67629173558443,3.82891073668106,0.441248612522866,0.448871571614508,"TSS_more_sig"
1,"eld vs kin","895",0.000115559833648594,0.0461441411178885,3.93719309200567,1.33588343313643,-3.24462505485245,-2.18966153713144,0.493218493613607,0.50496506837417,"CLR_more_sig"
1,"eld vs kin","922",0.00445914987878753,1.79456078541681e-06,2.35074793010914,5.74604182664587,2.17878449157821,3.33391102762581,0.46651611949979,0.489000461670554,"TSS_more_sig"
1,"eld vs kin","926",0.00409058635657019,4.07948174765988e-06,2.3882144344937,5.38939500564235,2.04775115381329,3.1604547002864,0.432674092869015,0.429612821644301,"TSS_more_sig"
1,"eld vs kin","929",0.00971999300784356,3.39780672219205e-06,2.0123340474869,5.46880132878445,2.06665789050498,3.22239641621417,0.469696279344055,0.464377752424946,"TSS_more_sig"
1,"eld vs kin","944",0.000263088067641996,1.287021316867e-12,3.5798988488917,11.8904142598392,1.84322223967262,3.00713787494518,0.292200328418435,0.294326326730201,"TSS_more_sig"
1,"eld vs kin","947",8.6538331348014e-12,7.62895790936833e-20,11.0627914832225,19.1175347811958,4.12317651464972,5.20028687909553,0.435002240913898,0.428828468130896,"TSS_more_sig"
1,"eld vs kin","977",0.0414967676071102,1.31237575217518e-05,1.38198573136186,4.88194180235929,1.99808887483174,3.28566922850566,0.514248631596931,0.530127299614137,"TSS_more_sig"
1,"eld vs kin","978",1.54126666609243e-22,5.92301989704591e-30,21.8121222142386,29.2274568084425,5.97049546552293,7.05815285335213,0.417857183506477,0.41484608584496,"TSS_more_sig"
1,"eld vs kin","984",3.63682044333706e-15,1.00356228118531e-23,14.4392781403511,22.9984556699769,4.83286745344026,5.9740134487997,0.422278408039653,0.426353234370639,"TSS_more_sig"
1,"eld vs kin","988",7.14070669378303e-05,5.66308261889072e-09,4.14625880530748,8.24694710239138,3.06545763500921,4.1600878819209,0.548403958441306,0.522219467147228,"TSS_more_sig"
1,"eld vs kin","1014",2.51046368055764e-09,0.00286615853403218,8.60024605728007,2.54269979141558,-4.3452857043315,-3.40101614418811,0.50860458147701,0.524008764348324,"CLR_more_sig"
1,"eld vs kin","1019",0.00869328511859231,1.49603657752338e-06,2.06081607633931,5.82505778800741,1.93499922546504,3.02474066586025,0.433282680235612,0.431960787075128,"TSS_more_sig"
1,"eld vs kin","1020",0.00134536959154647,5.7023017647094e-09,2.87115839259852,8.24394980363821,2.31516490982385,3.4884482459547,0.430682489357139,0.431195659566456,"TSS_more_sig"
1,"eld vs kin","1021",3.21969150759834e-07,0.0341812903289048,6.49218573792093,1.46621154687725,-3.96716695749021,-2.79943528662323,0.56019640754012,0.55104373371299,"CLR_more_sig"
1,"eld vs kin","1023",0.0350488501250656,0.000420472970452092,1.45532622570105,3.37626191701423,1.89633514566365,3.03133120863603,0.471131546841594,0.486155185663002,"TSS_more_sig"
1,"eld vs kin","1027",0.00683580686370288,9.99836677700018e-06,2.16521021616971,5.00007093576651,2.48478128546609,3.44584774622662,0.520285180853849,0.513105073923412,"TSS_more_sig"
1,"eld vs kin","1030",7.79143866062103e-12,3.51909184999693e-15,11.1083823440371,14.4535693977211,4.04349229528841,5.09570591296088,0.44054828820774,0.430460030667497,"TSS_more_sig"
1,"eld vs kin","1033",0.0353118067202189,4.61575674110377e-06,1.45208006129423,5.33575708736968,1.87954140584953,2.9204958319207,0.463163767717183,0.462200019709891,"TSS_more_sig"
1,"eld vs kin","1043",0.000466937522480941,6.70907448646278e-09,3.33074122533746,8.17333738640999,2.33223668907999,3.47995801935416,0.417882734022829,0.42764993404512,"TSS_more_sig"
1,"eld vs kin","1059",0.00299522668686581,2.07139223073454e-06,2.52357030344849,5.68373765701441,2.58486488913385,3.63479385554195,0.579700055238318,0.586932140098457,"TSS_more_sig"
1,"eld vs kin","1074",3.60610284712842e-17,1.18641530656284e-25,16.4429618912289,24.9257632588838,4.98667036331279,6.0710089158748,0.402533842929179,0.388995357968117,"TSS_more_sig"
1,"eld vs kin","1076",1.24116353591979e-12,1.09968593218309e-21,11.9061709920159,20.9587313306558,4.39571761229237,5.58247486940934,0.428181707340018,0.425643588708,"TSS_more_sig"
1,"eld vs kin","1082",0.000642573192862773,5.04963677522538e-08,3.19207739648543,7.29673985993849,2.86392790403265,3.89602991132922,0.489561273183423,0.500379575712873,"TSS_more_sig"
1,"eld vs kin","1089",1.00291175571897e-12,4.28034510231969e-22,11.9987372780367,21.3685212146338,2.8657648306591,3.99104689259196,0.280878619202689,0.288764910777032,"TSS_more_sig"
1,"eld vs kin","1098",5.56710861459595e-27,1.59853146130827e-30,26.2543703055011,29.7962788117926,6.82920229340126,7.98905971139626,0.440038838267927,0.44357884828333,"TSS_more_sig"
1,"eld vs kin","1105",4.62064323641666e-12,0.000100349154755685,11.3352975624133,3.99848628123816,-4.71887441183799,-3.56661161414056,0.497676705244646,0.509000006975608,"CLR_more_sig"
1,"eld vs kin","1108",0.000490720584381788,9.32713151123604e-09,3.30916572417534,8.03025189970316,2.42157701969834,3.48976260436693,0.439872672210738,0.434487449420367,"TSS_more_sig"
1,"eld vs kin","1112",0.00422875939622442,0.0338720202433045,2.37378702420866,1.47015889977244,-3.67215317152194,-2.62569997644759,0.543434151519806,0.531311795443098,"CLR_more_sig"
