"taxon","estimate_gamma","std_error_gamma","pval_gamma","pval_adj_gamma","estimate_no_gamma","pval_adj_no_gamma","comparison"
"1",1.14185075870759,0.248738203052026,0.0239185329675763,0.0239185329675763,1.17175020335412,4.70642762008338e-05,"pup vs you"
"2",1.87483880937179,0.233243780443369,4.0218502057339e-07,4.0218502057339e-07,1.90675011404489,3.23700961378297e-13,"pup vs you"
"3",5.69445705633195,0.393416607470741,4.33781612749619e-28,4.33781612749619e-28,5.72215094438749,2.1278966379048e-33,"pup vs you"
"4",-3.69679613912243,0.186916405218229,0,0,-3.66475715282819,0,"pup vs you"
"5",2.75733523056574,0.331994721220891,1.70932420229103e-09,1.70932420229103e-09,2.78573550557991,1.1199085153273e-13,"pup vs you"
"6",-3.26816678498091,0.229885801847874,0,0,-3.2410110222311,0,"pup vs you"
"7",-5.98851850894366,0.302194173414401,0,0,-5.96644283264909,0,"pup vs you"
"8",-3.88609451878219,0.32296803455771,0,0,-3.85476875949192,0,"pup vs you"
"9",-0.87924894240828,0.202031738701695,0.0590096617804955,0.0590096617804955,-0.848450221356552,0.000272281557163916,"pup vs you"
"10",4.23766099119084,0.434509228745065,2.0415431455629e-14,2.0415431455629e-14,4.2698355205098,7.65159524170748e-18,"pup vs you"
"11",-4.81586180785402,0.258797824867999,0,0,-4.78497908798991,0,"pup vs you"
"12",3.02684528407004,0.343495311864468,6.14263277302035e-11,6.14263277302035e-11,3.0576725377373,3.21006740245922e-15,"pup vs you"
"13",1.08002635042273,0.229265054833219,0.0282374417329432,0.0282374417329432,1.10909759948574,2.71330388147364e-05,"pup vs you"
"14",-4.16169781691169,0.246754801001798,0,0,-4.13850090538574,0,"pup vs you"
"15",-2.7089355851605,0.356488072280243,1.85324676983547e-08,1.85324676983547e-08,-2.65703078436833,1.54188220439236e-11,"pup vs you"
"16",-4.34330848352244,0.240808361884235,0,0,-4.31873529552945,0,"pup vs you"
"17",-1.94341812803355,0.458262226732224,0.00583574095847168,0.00583574095847168,-1.92409418135164,0.00102331280446683,"pup vs you"
"18",1.25838067345869,0.23670850848634,0.00563760972054823,0.00563760972054823,1.29199624092315,1.52490707767485e-06,"pup vs you"
"19",-3.25265254049245,0.321222198758029,1.25106528492011e-14,1.25106528492011e-14,-3.23708753443651,0,"pup vs you"
"20",-0.655080657969457,0.222535804276429,0.225272183821809,0.225272183821809,-0.622846501640127,0.0316322502768387,"pup vs you"
"21",-4.37907339632106,0.251801545914861,0,0,-4.34864564007435,0,"pup vs you"
"22",-4.44600918269857,0.304535004644912,0,0,-4.41557992432443,0,"pup vs you"
"23",-3.87062837175743,0.249289703497302,0,0,-3.84177823273911,0,"pup vs you"
"24",3.08607168503884,0.464427290240893,5.1015197209041e-07,5.1015197209041e-07,3.12740253973968,4.73751423050538e-09,"pup vs you"
"25",-3.0174095436795,0.35135192567641,6.34821061083514e-11,6.34821061083514e-11,-2.98958971667096,3.17070265915569e-14,"pup vs you"
"26",-4.62377006197748,0.329803365781407,0,0,-4.59294734805735,0,"pup vs you"
"27",-2.91363063043629,0.303798372844429,5.06457457511564e-12,5.06457457511564e-12,-2.88543115429391,2.61849476035959e-17,"pup vs you"
"28",2.92886047190769,0.445407115495596,5.76217179185312e-07,5.76217179185312e-07,2.96142155113682,1.01471403173059e-08,"pup vs you"
"29",-4.93184574473063,0.236555212944539,0,0,-4.90877447886798,0,"pup vs you"
"30",-2.88769657031909,0.22883680614813,0,0,-2.85380586089877,0,"pup vs you"
"31",-4.68286169846801,0.456137258213147,6.71845975897534e-16,6.71845975897534e-16,-4.68719148583009,0,"pup vs you"
"32",-4.00246792421159,0.238924831705371,0,0,-3.96973011509855,0,"pup vs you"
"33",3.18041135332542,0.454941234979815,8.84010550339232e-08,8.84010550339232e-08,3.22323992727383,7.50320851224676e-10,"pup vs you"
"34",1.27198766634921,0.332462223675143,0.0346094887614101,0.0346094887614101,1.30165681682396,0.00113707147283218,"pup vs you"
"35",1.19788438441382,0.275009298437612,0.0266006065298879,0.0266006065298879,1.22830504565303,0.00013898953578807,"pup vs you"
"36",-4.04604143641807,0.206671444032646,0,0,-4.01400824765053,0,"pup vs you"
"37",-2.37816433251732,0.287692863034275,5.38624424377503e-09,5.38624424377503e-09,-2.34696917170932,2.19987473323199e-13,"pup vs you"
"38",1.28707661017222,0.265863265567699,0.0095082089702527,0.0095082089702527,1.31104202874977,1.87001689363932e-05,"pup vs you"
"39",-0.0161287669695568,0.378282814841675,0.892659031164863,0.892659031164863,0.0105887818836733,1,"pup vs you"
"40",1.06877328242726,0.358269229030624,0.128309355853073,0.128309355853073,1.09435837414934,0.019806700783666,"pup vs you"
"41",-2.2535927989678,0.48759938521843,0.00203810002659768,0.00203810002659768,-2.22721046015772,0.000373455834604655,"pup vs you"
"42",1.47781902061767,0.361173712271616,0.0224160158360603,0.0224160158360603,1.51440935334272,0.000434975372907609,"pup vs you"
"43",-1.71793031090297,0.375702913114231,0.00283729934804603,0.00283729934804603,-1.68162065408247,0.000125633207187483,"pup vs you"
"44",-0.349356327445517,0.284541323633589,0.624145689221166,0.624145689221166,-0.312065235858481,0.947448852103506,"pup vs you"
"45",-2.36768974751789,0.462071444218185,0.000703953193757294,0.000703953193757294,-2.34816257424799,4.18086509742723e-05,"pup vs you"
"46",0.886614408319437,0.326494331081998,0.204002137748,0.204002137748,0.917880596253092,0.0346995845839152,"pup vs you"
"47",-2.32762170981491,0.446418574517226,0.000187760650934815,0.000187760650934815,-2.26791978928925,1.12045799113439e-05,"pup vs you"
"48",-0.516186772374222,0.42496163752823,0.646445548186793,0.646445548186793,-0.538580866539919,0.707528022278516,"pup vs you"
"49",-4.799325609126,0.28312359211544,0,0,-4.78032291460475,0,"pup vs you"
"50",-3.57069565604432,0.277941989976465,0,0,-3.53219956852932,0,"pup vs you"
"51",0.777526469143791,0.336847193931901,0.293170385295895,0.293170385295895,0.808961564449223,0.0927260466266066,"pup vs you"
"52",-2.01580229491305,0.2935719579556,2.96661906823038e-06,2.96661906823038e-06,-1.98979343130681,1.95501994272441e-09,"pup vs you"
"53",-2.60244406600272,0.400666732032514,2.59144370629021e-06,2.59144370629021e-06,-2.61265900869721,3.42924909272074e-08,"pup vs you"
"54",-0.878578325997863,0.401951530005754,0.324382483288705,0.324382483288705,-0.84345100981277,0.212992535070776,"pup vs you"
"55",-3.47703961019742,0.370150015395541,3.14140602492257e-12,3.14140602492257e-12,-3.4305107743975,7.20366312653465e-16,"pup vs you"
"56",2.96122691171954,0.306552392989904,1.66585638378094e-12,1.66585638378094e-12,2.99301294684952,2.76828491820521e-16,"pup vs you"
"57",1.0198041940489,0.444291047396944,0.265894021490379,0.265894021490379,1.05586420870257,0.112432506773498,"pup vs you"
"58",-2.90626664675223,0.295843178390242,4.30676461522418e-13,4.30676461522418e-13,-2.87693639697037,0,"pup vs you"
"59",1.73143878676671,0.287358378124448,0.000356255789362801,0.000356255789362801,1.7691964511316,6.83466993556102e-08,"pup vs you"
"60",-1.41900584126106,0.403020534862264,0.0457342825538868,0.0457342825538868,-1.39590356232739,0.00601723370857885,"pup vs you"
"61",-2.73871769511452,0.264974776531067,5.81806931383915e-13,5.81806931383915e-13,-2.68380914419587,0,"pup vs you"
"62",0.620729182787424,0.242967379812183,0.288244345195875,0.288244345195875,0.649381579120981,0.0482161482171271,"pup vs you"
"63",-2.23304878136381,0.294974476822665,4.3817372483971e-07,4.3817372483971e-07,-2.18223358039019,2.99445224821178e-10,"pup vs you"
"64",-4.09790499772832,0.424061975769161,3.24633943006657e-12,3.24633943006657e-12,-4.08631861609581,2.28674615627327e-14,"pup vs you"
"65",2.38544719075599,0.326285304943139,3.4866361565049e-07,3.4866361565049e-07,2.43753987769615,4.67592017927894e-10,"pup vs you"
"66",-1.8582082240742,0.29317914021179,3.25205596963882e-05,3.25205596963882e-05,-1.83098502045164,2.55952453817577e-08,"pup vs you"
"67",6.52068257497022,0.491005832194441,4.91757545707021e-25,4.91757545707021e-25,6.53580886757414,1.98484409919818e-25,"pup vs you"
"68",-1.16989516402147,0.322350460735058,0.0588685051376418,0.0588685051376418,-1.16134812753974,0.00439034243838227,"pup vs you"
"69",0.201772851025661,0.349264833791134,0.752205395942384,0.752205395942384,0.25310968126391,0.905296138934167,"pup vs you"
"70",-1.85019506382984,0.427500332492521,0.00559333516640095,0.00559333516640095,-1.8659478039032,0.000489042856661891,"pup vs you"
"71",-2.49720873819868,0.454641813878542,0.000148745900969792,0.000148745900969792,-2.45121442442212,2.49918078143232e-05,"pup vs you"
"72",1.61399551994217,0.293275465944572,0.00101711580404664,0.00101711580404664,1.64061225144715,3.47959619365985e-06,"pup vs you"
"73",-0.790670827710766,0.440538463792028,0.458886317454424,0.458886317454424,-0.759520127571493,0.447110444629425,"pup vs you"
"74",-4.13529622393972,0.414188814961714,1.26909569665014e-12,1.26909569665014e-12,-4.14009841676611,7.507456496474e-16,"pup vs you"
"75",1.14014496061423,0.349056832883428,0.0878002670753691,0.0878002670753691,1.15281163161705,0.0117773282191581,"pup vs you"
"76",2.9571511937063,0.535602029238447,0.000132091540587617,0.000132091540587617,2.95676094470163,1.74853609109233e-05,"pup vs you"
"77",-3.76513447160947,0.269239513107312,0,0,-3.74190525187386,0,"pup vs you"
"78",0.903475991845697,0.486066072285254,0.379811913805973,0.379811913805973,0.95673123957428,0.256438114187402,"pup vs you"
"79",1.9040364172119,0.415625135322577,0.00358978626462722,0.00358978626462722,1.95353312190331,0.000261067753473961,"pup vs you"
"80",-0.426108052021952,0.247299675375028,0.476451089791449,0.476451089791449,-0.394212105645596,0.508918838549159,"pup vs you"
"81",2.52102588942576,0.266289086297154,2.93727056497561e-11,2.93727056497561e-11,2.54816503140267,1.53046860252649e-16,"pup vs you"
"82",1.20115616643805,0.464251859539082,0.243831272054698,0.243831272054698,1.18190481487931,0.11469736332189,"pup vs you"
"83",0.385092789513068,0.445278597140672,0.69492059962009,0.69492059962009,0.425484207626226,0.753815626785802,"pup vs you"
"84",1.36419372793004,0.3947782475145,0.0674331499639154,0.0674331499639154,1.3964087128003,0.00851747068857672,"pup vs you"
"85",0.979371146744632,0.429893249330784,0.285027468339297,0.285027468339297,1.00591024230749,0.121092228475328,"pup vs you"
"86",1.13395056930272,0.475310661312839,0.256043429637293,0.256043429637293,1.17979954679076,0.114834957356529,"pup vs you"
"87",-1.32039910371665,0.520990565414107,0.202180517861877,0.202180517861877,-1.2393069261491,0.140572140052353,"pup vs you"
"88",1.79885431758294,0.489037000771992,0.0428653001078124,0.0428653001078124,1.85649335686408,0.00888069959291262,"pup vs you"
"89",-5.88442367510071,0.354571158455099,0,0,-5.83370474769567,0,"pup vs you"
"90",-3.07957155755,0.248803601084413,0,0,-3.03977233566821,0,"pup vs you"
"91",5.64887892819722,0.426578126326205,4.33304717843108e-24,4.33304717843108e-24,5.67052249438325,6.84043162157571e-26,"pup vs you"
"92",-0.869890734055309,0.211424931052026,0.0731446248614137,0.0731446248614137,-0.846916239933218,0.000684054710650577,"pup vs you"
"93",2.37423675150206,0.382295606670012,3.45519407830075e-05,3.45519407830075e-05,2.37601029839189,1.25798864432311e-06,"pup vs you"
"94",-2.47625195535145,0.338082760467092,3.41583762629684e-08,3.41583762629684e-08,-2.41375707212535,8.84625600430642e-10,"pup vs you"
"95",-3.12269704795778,0.35624789818365,5.43336477225195e-11,5.43336477225195e-11,-3.09685234164857,3.35171598527732e-14,"pup vs you"
"96",2.01740125711769,0.270555577109989,8.31763540037705e-07,8.31763540037705e-07,2.04722015766412,1.69309220073644e-11,"pup vs you"
"97",-0.429762248708517,0.32117589647131,0.612646666785395,0.612646666785395,-0.406969737421654,0.76685897722953,"pup vs you"
"98",-1.05460882798839,0.304578192327705,0.0792438590604412,0.0792438590604412,-1.00728290488787,0.012416552123605,"pup vs you"
"99",0.455072049155631,0.312874889014041,0.527040623783824,0.527040623783824,0.491207332463724,0.39561214629884,"pup vs you"
"100",4.09855327013859,0.478090718114575,2.47573498559338e-09,2.47573498559338e-09,4.10296204589508,5.72288528932503e-12,"pup vs you"
"101",-3.58916314496372,0.476541853766762,5.52704511932536e-08,5.52704511932536e-08,-3.51817832784051,2.26149281220142e-09,"pup vs you"
"102",1.40979563941556,0.444966270453278,0.0946703946776996,0.0946703946776996,1.45446540014916,0.0217661042915256,"pup vs you"
"103",-3.82846272782033,0.404975420216841,1.4639463206299e-12,1.4639463206299e-12,-3.78853672360287,6.66013523818027e-15,"pup vs you"
"104",0.111540899466542,0.208849996744232,0.69286847320819,0.69286847320819,0.13974756475464,0.978470326371674,"pup vs you"
"105",2.12949926573923,0.309338411984729,4.26428183447225e-05,4.26428183447225e-05,2.16077690763493,1.01272203780002e-07,"pup vs you"
"106",-1.4183568785722,0.299868913534094,0.00556874901349357,0.00556874901349357,-1.38625690827048,7.13948627026441e-05,"pup vs you"
"107",-0.215131552067869,0.422161558570742,0.821971362971551,0.821971362971551,-0.180119661645257,0.94436020057161,"pup vs you"
"108",4.8807521097875,0.467810332697877,7.1012362954105e-15,7.1012362954105e-15,4.8850360256328,4.33951356394734e-17,"pup vs you"
"109",0.714776858442722,0.335430718843505,0.347001713418066,0.347001713418066,0.751525787643937,0.130449868076972,"pup vs you"
"110",0.161113500944569,0.433598451408767,0.812896095687757,0.812896095687757,0.210561344474019,0.95459325666254,"pup vs you"
"111",2.15727806119908,0.325478043117384,7.40158578953182e-06,7.40158578953182e-06,2.2066794981504,4.57580232215929e-08,"pup vs you"
"112",-0.0293843701742242,0.47411989104428,0.911087597247021,0.911087597247021,-0.0113790198020903,0.993959892595616,"pup vs you"
"113",-2.42268129825535,0.40087407805717,2.11574942028505e-05,2.11574942028505e-05,-2.40534697541637,3.94677588231822e-07,"pup vs you"
"114",-1.64189334108698,0.454385167357982,0.0326218824826469,0.0326218824826469,-1.60995734110615,0.0101679477446397,"pup vs you"
"115",1.46670917704863,0.414761955910082,0.0471682137874207,0.0471682137874207,1.49249875438596,0.00437804226209359,"pup vs you"
"116",-0.820710773246044,0.417711540905417,0.417155885031508,0.417155885031508,-0.768719203438837,0.42481218043985,"pup vs you"
"117",-3.27906297870342,0.340343146253492,8.80066699972609e-12,8.80066699972609e-12,-3.2621651164877,6.43734709193175e-15,"pup vs you"
"118",3.50076770451251,0.30185287756833,2.16852633326431e-17,2.16852633326431e-17,3.54443924224129,8.4070765917127e-22,"pup vs you"
"119",-5.39165715250201,0.319085768961556,0,0,-5.34738001917451,0,"pup vs you"
"120",0.22282547924323,0.42967696434702,0.763523562617056,0.763523562617056,0.226561402797854,0.865816618996399,"pup vs you"
"121",-4.26706621130045,0.364536894669929,0,0,-4.21908331495345,0,"pup vs you"
"122",-2.5107472229748,0.359237566043178,4.68372938025921e-07,4.68372938025921e-07,-2.49868244054269,5.39264465246251e-09,"pup vs you"
"123",0.640883523551464,0.374310249890758,0.459134198745351,0.459134198745351,0.686970797937354,0.33533937765423,"pup vs you"
"124",-2.76513463281532,0.358792338821524,1.01218728234675e-08,1.01218728234675e-08,-2.73988381275173,1.33214534836461e-10,"pup vs you"
"125",-2.97917604660849,0.423460449923906,8.65564008782165e-07,8.65564008782165e-07,-2.92898873066143,3.57919493345356e-08,"pup vs you"
"126",1.04593702481225,0.412239423567046,0.228866461551977,0.228866461551977,1.07474631412552,0.075082261078891,"pup vs you"
"127",1.50905517394737,0.428078300926414,0.0554280135954805,0.0554280135954805,1.58633979325033,0.00996958379248834,"pup vs you"
"128",0.722886978303521,0.456069530442297,0.518230897918195,0.518230897918195,0.704141702181106,0.451413384793154,"pup vs you"
"129",-0.768404755640887,0.436119901989589,0.461062793957129,0.461062793957129,-0.723272830633212,0.51313511040434,"pup vs you"
"130",3.08006625544618,0.483773862755674,2.00445869005504e-05,2.00445869005504e-05,3.07667260169844,1.51377937374547e-06,"pup vs you"
"131",0.419922636885546,0.377125139449072,0.596532310543433,0.596532310543433,0.429747230594765,0.618273012165169,"pup vs you"
"132",0.0234406666354546,0.393869420638498,0.82561321265059,0.82561321265059,0.0212523355250411,0.928797245248849,"pup vs you"
"133",0.0062702109381099,0.400555305960269,0.872476620241997,0.872476620241997,0.0214253527596263,0.990332946814454,"pup vs you"
"134",-0.688542257034612,0.422730081285949,0.509761557023463,0.509761557023463,-0.616518444553394,0.592057069208691,"pup vs you"
"135",-4.13351334423531,0.376422926176896,0,0,-4.12215749725548,0,"pup vs you"
"136",-0.0406210800557092,0.462674359369045,0.89047185016732,0.89047185016732,-0.0133817170267188,0.986169648557219,"pup vs you"
"137",-0.494815320576616,0.456518122322485,0.691640768565731,0.691640768565731,-0.445888039872405,0.799480175819297,"pup vs you"
"138",-5.20920683758073,0.387026215519712,0,0,-5.1881778895294,0,"pup vs you"
"139",2.89812638599109,0.477267160293605,2.32329188524362e-05,2.32329188524362e-05,2.99220181913035,3.07093671580299e-07,"pup vs you"
"140",1.29087535088958,0.431386603430517,0.141634833263258,0.141634833263258,1.33655418218092,0.0408313720223461,"pup vs you"
"141",0.848385216290175,0.407474606898914,0.330333052708918,0.330333052708918,0.823938952682841,0.277085322533183,"pup vs you"
"142",-0.43472112061246,0.468789737591758,0.745112225810196,0.745112225810196,-0.376954831609689,0.92548405717659,"pup vs you"
"143",-0.387159945571163,0.427339635342974,0.732739122692358,0.732739122692358,-0.308115647648961,0.863094810066976,"pup vs you"
"144",0.119489837110833,0.292454630273004,0.75342332522674,0.75342332522674,0.170185352552348,0.929901648195588,"pup vs you"
"145",-0.982652880661961,0.462557429387249,0.317452285318083,0.317452285318083,-0.965867875263464,0.289771177738073,"pup vs you"
"146",-2.05079448349815,0.409735878529302,0.00390353833709842,0.00390353833709842,-1.95967992885598,0.000135369098994567,"pup vs you"
"147",3.06624773705958,0.437922099807154,8.28477671949448e-07,8.28477671949448e-07,3.14658048376303,1.32423219916531e-07,"pup vs you"
"148",-0.0812852769993061,0.433306160757599,0.898788389824188,0.898788389824188,-0.055758244106633,0.992420315933506,"pup vs you"
"149",-1.09567738319948,0.481674319959014,0.260343565812948,0.260343565812948,-1.03673204836628,0.248533331981903,"pup vs you"
"150",3.84674330531407,0.344591538192766,3.05674701992616e-13,3.05674701992616e-13,3.846022618922,9.4864204415994e-20,"pup vs you"
"151",-5.46034147448611,0.409205794448846,0,0,-5.4693148406989,0,"pup vs you"
"152",0.833236172579092,0.442731593489446,0.368840604544511,0.368840604544511,0.810701029328085,0.335321666993337,"pup vs you"
"153",-0.502056570937461,0.453246219391729,0.672570335164922,0.672570335164922,-0.488914134862999,0.744782567319548,"pup vs you"
"154",0.711733100115563,0.455694617968316,0.50814685192598,0.50814685192598,0.736414629215706,0.42372687085401,"pup vs you"
"155",-0.671094774080135,0.409030234606714,0.493759089246173,0.493759089246173,-0.6227834543113,0.594446804828124,"pup vs you"
"156",-1.48144556344659,0.371603443273757,0.0312016096899334,0.0312016096899334,-1.44047652288102,0.00407855420743285,"pup vs you"
"157",0.675228456363039,0.393766691746076,0.446531830831578,0.446531830831578,0.704587886028769,0.404687262976585,"pup vs you"
"158",-1.32710798491559,0.395612275826015,0.0665698874759515,0.0665698874759515,-1.33870513856761,0.0255333026864752,"pup vs you"
"159",-0.355090845097826,0.417824004166329,0.761567781570164,0.761567781570164,-0.274912504183316,0.901797774646143,"pup vs you"
"160",-2.41134182801961,0.36971283298344,2.87325320832926e-06,2.87325320832926e-06,-2.36815114313952,1.87950788900812e-08,"pup vs you"
"161",0.437794148606628,0.391161982729048,0.600521162790087,0.600521162790087,0.465671770713657,0.592840601243277,"pup vs you"
"162",3.77652503572941,0.45962004592049,7.1385114482184e-08,7.1385114482184e-08,3.8277851475828,2.02961155713094e-10,"pup vs you"
"163",2.31965583322104,0.460914132837693,0.000728962609257934,0.000728962609257934,2.34111972860661,0.000150808447223776,"pup vs you"
"164",-2.49403408472395,0.32821777899959,5.89466624106563e-07,5.89466624106563e-07,-2.46850920303029,4.07651468796954e-09,"pup vs you"
"165",3.44315864450573,0.486762772074454,2.17027015904681e-07,2.17027015904681e-07,3.44319140583185,5.94845502536648e-08,"pup vs you"
"166",-1.7604528602868,0.46197421859999,0.0240262282687538,0.0240262282687538,-1.71503016263023,0.00985810670010281,"pup vs you"
"167",-0.545465369275209,0.432967036554627,0.634691770565916,0.634691770565916,-0.49492344729318,0.803190618078799,"pup vs you"
"168",0.0175864207027735,0.411090681596681,0.858360101203793,0.858360101203793,0.0510782184593442,0.920861986397259,"pup vs you"
"169",2.13635974106505,0.402257521831246,0.00044626834935742,0.00044626834935742,2.15430525749189,2.90531607409998e-05,"pup vs you"
"170",0.191238120620286,0.453340439153185,0.805664841972041,0.805664841972041,0.215158682435106,0.897295116676482,"pup vs you"
"171",0.677815560395964,0.40353296352917,0.437119323428786,0.437119323428786,0.760152058445033,0.328796154330365,"pup vs you"
"172",3.36304778360413,0.35482722423932,1.65393579604282e-11,1.65393579604282e-11,3.44152706943303,1.23260402916051e-13,"pup vs you"
"173",0.498316193096587,0.379415783189706,0.537770012753221,0.537770012753221,0.525950665315094,0.534159981199038,"pup vs you"
"174",-0.373560999244627,0.398347162865268,0.685328427844321,0.685328427844321,-0.313920466451243,0.839642139284112,"pup vs you"
"175",0.327314401647703,0.437592300720519,0.713261888527316,0.713261888527316,0.377474332513844,0.760596505240154,"pup vs you"
"176",-0.267885144266937,0.391905423234391,0.763795583538979,0.763795583538979,-0.265953586448218,0.869247272894672,"pup vs you"
"177",-0.572318637081043,0.432787147303922,0.603165302872298,0.603165302872298,-0.472361638676621,0.803139912014087,"pup vs you"
"178",-0.905797444876931,0.422769717493666,0.356946988194136,0.356946988194136,-0.862670336591869,0.360261207080299,"pup vs you"
"179",-0.299289651240705,0.423307585961657,0.8015977304772,0.8015977304772,-0.289069923695758,0.935486758116073,"pup vs you"
"180",-2.87668149481374,0.333095215792562,1.43528990415748e-10,1.43528990415748e-10,-2.83775280491676,2.41831265174867e-12,"pup vs you"
"181",0.521647485043341,0.410820023563503,0.557320144610556,0.557320144610556,0.530154042596744,0.551490950270165,"pup vs you"
"182",0.81898333091488,0.402455635377234,0.385970282295551,0.385970282295551,0.908642315015571,0.223028872473793,"pup vs you"
"183",-1.10233101758496,0.406753621521169,0.186495973583258,0.186495973583258,-1.05582718512834,0.0984778641960372,"pup vs you"
"184",-0.264520035333823,0.468944555525913,0.819870255504368,0.819870255504368,-0.215289301194211,0.943823301511678,"pup vs you"
"185",0.72233025526811,0.431191838966541,0.451591088123064,0.451591088123064,0.756387488342017,0.371905628379387,"pup vs you"
"186",0.127231319206597,0.437531761452502,0.800815464423061,0.800815464423061,0.16654587850602,0.886661599356502,"pup vs you"
"187",-1.03075813055503,0.45266389878342,0.286598505019383,0.286598505019383,-1.01700749335272,0.232545373655959,"pup vs you"
"188",2.50429059705539,0.45434484861608,0.000212349982903446,0.000212349982903446,2.52546180537676,2.68606966746914e-05,"pup vs you"
"189",2.85368024528949,0.423558490193345,1.01201648609999e-05,1.01201648609999e-05,2.87804109881318,2.45658841836742e-07,"pup vs you"
"190",0.0944661134976396,0.408774849593164,0.820208577043633,0.820208577043633,0.12167427167541,0.877519281167889,"pup vs you"
"191",0.419338054174208,0.377923895868802,0.599005876921599,0.599005876921599,0.426616117363318,0.616568255556966,"pup vs you"
"192",0.060367456541362,0.406868327689436,0.81967633294553,0.81967633294553,0.0562581715374693,0.931190033206259,"pup vs you"
"193",0.324150771341804,0.377804134308556,0.647107468460422,0.647107468460422,0.312874867898246,0.705150519241074,"pup vs you"
"194",1.43144534695446,0.412946252316258,0.0737232317072637,0.0737232317072637,1.47479253633045,0.0104191275786612,"pup vs you"
"195",-0.00976102385819437,0.447386181868898,0.861124000766324,0.861124000766324,-0.0366598632330835,0.966173323342737,"pup vs you"
"196",1.6980383298565,0.425366537084909,0.0271822687061547,0.0271822687061547,1.7347731558305,0.0103583992740157,"pup vs you"
"197",1.14368106271644,0.420384387873686,0.217213624351838,0.217213624351838,1.09037188226768,0.148124953483816,"pup vs you"
"198",1.36311266478242,0.453344363671001,0.13441031891531,0.13441031891531,1.41866071931336,0.0539472679483214,"pup vs you"
"199",0.0357424923582055,0.393365800098753,0.833004333427587,0.833004333427587,0.0554490274760936,0.909257031384312,"pup vs you"
"200",-0.0906514243293113,0.420260185213921,0.883563369936479,0.883563369936479,-0.0100632383497452,0.961881434896833,"pup vs you"
"201",-3.0677957130121,0.474523412155355,4.82964708945627e-05,4.82964708945627e-05,-3.01473632341161,3.7704372966035e-07,"pup vs you"
"202",-1.19300487270585,0.443086439202029,0.198299718114378,0.198299718114378,-1.24359299902212,0.0862767860962922,"pup vs you"
"203",4.03995718104565,0.381539781006533,5.87928795143814e-15,5.87928795143814e-15,4.08327032310171,6.98524535480564e-16,"pup vs you"
"204",0.390241872559143,0.37742473975627,0.639616811665717,0.639616811665717,0.393332396130478,0.62041177191637,"pup vs you"
"205",0.627412322927404,0.398053605498104,0.505022032032568,0.505022032032568,0.658976257183471,0.430982796122692,"pup vs you"
"206",-2.70793219931827,0.401686131056574,1.16821385123833e-05,1.16821385123833e-05,-2.6818157979503,4.59502691656356e-07,"pup vs you"
"207",-4.98860348570377,0.350846479437241,0,0,-4.91693842225359,0,"pup vs you"
"208",-1.60526254734984,0.399681130993685,0.0145312049901565,0.0145312049901565,-1.58127650681837,0.00500096166382339,"pup vs you"
"209",0.657919831699044,0.402964257381818,0.46490606778047,0.46490606778047,0.697220079654384,0.398719068133815,"pup vs you"
"210",0.339365782313928,0.381566358246836,0.654828139820134,0.654828139820134,0.337273738317536,0.680550463517188,"pup vs you"
"211",-0.234207845317485,0.386786353148987,0.759335084727201,0.759335084727201,-0.244815697151336,0.848770817981856,"pup vs you"
"212",-3.71907194517788,0.321248268800243,0,0,-3.67825319195078,0,"pup vs you"
"213",1.58604005515592,0.450937902196193,0.0684667279808295,0.0684667279808295,1.60874527954639,0.0209710896996743,"pup vs you"
"214",0.852251898733743,0.435964358317566,0.380643314614043,0.380643314614043,0.906840357217156,0.239318606487735,"pup vs you"
"215",0.957259690574984,0.410739113166993,0.28545128001563,0.28545128001563,1.01095209295844,0.173061087472932,"pup vs you"
"216",1.34262772567771,0.452373282289829,0.136887750727461,0.136887750727461,1.36220272298601,0.0328339384054228,"pup vs you"
"217",-0.134827720058065,0.429240563288651,0.874387359608063,0.874387359608063,-0.104965266221519,0.975239770264471,"pup vs you"
"218",0.1461105488951,0.380159728972062,0.763179386038029,0.763179386038029,0.184926412319637,0.796939238500995,"pup vs you"
"219",-0.168681963496299,0.405155929352481,0.815161889310818,0.815161889310818,-0.105155912155986,0.930941480749794,"pup vs you"
"220",-0.993703289468372,0.410597529384026,0.283938224971728,0.283938224971728,-1.03282727853343,0.15486325109315,"pup vs you"
"221",0.29935665938132,0.415501848393632,0.728283848411428,0.728283848411428,0.439141342756152,0.657878090512088,"pup vs you"
"222",-4.3583974294505,0.347555948347188,0,0,-4.3157862475748,0,"pup vs you"
"223",-2.45291840419059,0.41701470711766,0.000252293843863412,0.000252293843863412,-2.33701988612236,7.80265010424924e-05,"pup vs you"
"224",-1.41717639586234,0.418671090969958,0.0566182763901217,0.0566182763901217,-1.41415515526326,0.0253358681854502,"pup vs you"
"225",0.377380822326491,0.389177089015664,0.636157441300736,0.636157441300736,0.392331998417104,0.659747900648554,"pup vs you"
"226",-0.990797699279982,0.445657093835125,0.299667815451848,0.299667815451848,-0.928312672108063,0.296125760040186,"pup vs you"
"227",0.567331901473145,0.412076298486972,0.514486865522527,0.514486865522527,0.628623756978584,0.468811151001364,"pup vs you"
"228",-1.66015254796554,0.439792299651199,0.0400158394789862,0.0400158394789862,-1.61239078304871,0.0135421747313209,"pup vs you"
"229",-1.4250970504006,0.436881324657753,0.0997213705008312,0.0997213705008312,-1.36223539394338,0.0542525946654579,"pup vs you"
"230",0.197958123424805,0.431903171915695,0.767291905264099,0.767291905264099,0.202229688744737,0.850273702781378,"pup vs you"
"231",0.809437628946656,0.41464072604671,0.354059965870875,0.354059965870875,0.853088909078061,0.273812791075526,"pup vs you"
"232",-2.10110545685108,0.449733095814957,0.00405880057055987,0.00405880057055987,-2.05249988652566,0.00071696883064593,"pup vs you"
"233",0.267352622182982,0.380161240366914,0.683875269213643,0.683875269213643,0.302587781976524,0.729571876580078,"pup vs you"
"234",-0.503725712916138,0.415540207851464,0.639753708451615,0.639753708451615,-0.488389696926005,0.694990391599143,"pup vs you"
"235",-2.33871092211218,0.418762450910143,0.000389145288672463,0.000389145288672463,-2.29497479143445,2.44106053100485e-05,"pup vs you"
"236",1.50878649279609,0.447231125020656,0.0726211542203097,0.0726211542203097,1.51522523072004,0.0181929411099194,"pup vs you"
"237",0.619682006198036,0.424452942111977,0.506083998885661,0.506083998885661,0.618810106482643,0.499809996003497,"pup vs you"
"238",0.565817788122851,0.410674223236951,0.552664536942108,0.552664536942108,0.597557080050339,0.477528660866906,"pup vs you"
"239",0.488491820893306,0.462095070333329,0.637192070438384,0.637192070438384,0.485055453252648,0.695119967966037,"pup vs you"
"240",-0.646977969540725,0.421337153562093,0.523594427816112,0.523594427816112,-0.571854019989917,0.634273055996865,"pup vs you"
"241",0.0306632697997975,0.385633806449425,0.830622726742065,0.830622726742065,0.0741253346944847,0.893473153212276,"pup vs you"
"242",-1.17919875911465,0.401995676683675,0.144707532645997,0.144707532645997,-1.10663669901747,0.072539424994611,"pup vs you"
"243",-0.552178658942032,0.417503110024007,0.564021503815403,0.564021503815403,-0.549114992360864,0.64748260423127,"pup vs you"
"244",-1.88555541946711,0.442951463528182,0.00669458613753282,0.00669458613753282,-1.87534443182553,0.00175537260849373,"pup vs you"
"245",0.746758950973577,0.383817108270066,0.371349083563691,0.371349083563691,0.758233582747405,0.319091136336618,"pup vs you"
"246",-2.88744701997101,0.356927111630817,1.79954390768329e-06,1.79954390768329e-06,-2.8641836336888,3.16078986779874e-10,"pup vs you"
"247",-1.13765760458985,0.39500838451236,0.197394002829174,0.197394002829174,-1.14281480753088,0.0893813140090525,"pup vs you"
"248",0.27557061585989,0.380643388663414,0.713632684260712,0.713632684260712,0.242639158123439,0.799693021753439,"pup vs you"
"249",-3.68301383003844,0.39576887862547,4.9765830363644e-11,4.9765830363644e-11,-3.64253294985422,1.65153743398692e-13,"pup vs you"
"250",-3.48147925824372,0.353438023934921,9.60548013378378e-13,9.60548013378378e-13,-3.43247872863159,2.63659605783245e-14,"pup vs you"
"251",1.72597876656305,0.45065937396205,0.037271044053102,0.037271044053102,1.74708458276297,0.0106891024387001,"pup vs you"
"252",2.60355077130614,0.346436025144753,9.91439748100694e-08,9.91439748100694e-08,2.66728134003526,2.02657503229257e-09,"pup vs you"
"253",-0.415953854581573,0.405052533806339,0.698592595933929,0.698592595933929,-0.369297768027358,0.794445738069223,"pup vs you"
"254",-0.765911876171968,0.391836510795744,0.413107268189039,0.413107268189039,-0.78435179092304,0.375290427794947,"pup vs you"
"255",0.452995284767947,0.42142194505081,0.603608557737535,0.603608557737535,0.491133137884297,0.615445228177492,"pup vs you"
"256",-0.827700060575297,0.344254161366068,0.296038867920066,0.296038867920066,-0.833284333843001,0.13989002633487,"pup vs you"
"257",-1.89332341474461,0.431135888574311,0.00445806433470294,0.00445806433470294,-1.80784319474758,0.0041882409744185,"pup vs you"
"258",0.487836021571322,0.3893619878071,0.573502109560805,0.573502109560805,0.548661125202738,0.519141863238361,"pup vs you"
"259",-0.0974385193817068,0.426841053270422,0.880680858972973,0.880680858972973,-0.0433471342489747,0.960799679416146,"pup vs you"
"260",1.52852536654645,0.440996308573848,0.0762685110840606,0.0762685110840606,1.5680829309782,0.0186799080775998,"pup vs you"
"261",0.286085772185367,0.415300751155477,0.660891588528495,0.660891588528495,0.291336553904165,0.778166854085976,"pup vs you"
"262",0.270859900545835,0.377053043995082,0.6759600919648,0.6759600919648,0.372938044767213,0.671667910389371,"pup vs you"
"263",0.3122939519247,0.382707983223227,0.68029143951001,0.68029143951001,0.326157750423312,0.699776668979305,"pup vs you"
"264",2.09186691915988,0.416188668721868,0.0208850553708345,0.0208850553708345,2.09098605348585,0.00069549462130171,"pup vs you"
"265",-3.31767674624116,0.380425668065748,6.31605501266646e-09,6.31605501266646e-09,-3.20870271586922,6.39586725662334e-11,"pup vs you"
"266",-0.164196369017959,0.397920506422899,0.84144014687568,0.84144014687568,-0.121776455955821,0.958193599293809,"pup vs you"
"267",1.75630061856929,0.410241532477465,0.0187770116606691,0.0187770116606691,1.81163905825925,0.00286833290296127,"pup vs you"
"268",-1.40169260595087,0.398199804658347,0.0533063964318886,0.0533063964318886,-1.37585641425606,0.0255616546127674,"pup vs you"
"269",0.686153100296966,0.328566431521731,0.361639579650635,0.361639579650635,0.714928229963364,0.167363209113033,"pup vs you"
"270",0.320057467103612,0.379260496368116,0.641891397787211,0.641891397787211,0.364906919365616,0.661751759464088,"pup vs you"
"271",1.31287731229431,0.406265104403738,0.0925806370131022,0.0925806370131022,1.34716326292965,0.0273989283746215,"pup vs you"
"272",1.70955077497209,0.41730888360486,0.0341685061387185,0.0341685061387185,1.80046885354684,0.00542574510718302,"pup vs you"
"273",-2.08091224773926,0.361548460293197,0.00182866966675721,0.00182866966675721,-2.02571850750119,3.78314613523972e-05,"pup vs you"
"274",0.785940230548187,0.393135810775269,0.376525332035859,0.376525332035859,0.842228096084596,0.245043158319964,"pup vs you"
"275",-4.30818187297005,0.348446675339912,0,0,-4.31322440613642,0,"pup vs you"
"276",-0.0995518560640985,0.391913781283722,0.844961295217699,0.844961295217699,-0.0768349590980149,0.922506384471031,"pup vs you"
"277",0.914719983024512,0.414641481606434,0.341069741350775,0.341069741350775,0.955430083596205,0.197567055867661,"pup vs you"
"278",-1.75524199121087,0.449780140503257,0.015221786854965,0.015221786854965,-1.61068793440901,0.00957670742990821,"pup vs you"
"279",-1.84282400472901,0.397440800664083,0.006702805587636,0.006702805587636,-1.88608467321099,0.00126105863167424,"pup vs you"
"280",0.229191448871635,0.43768612086386,0.760579056264368,0.760579056264368,0.215909703788102,0.846302621859103,"pup vs you"
"281",0.130165111176532,0.400344337354136,0.802223638302643,0.802223638302643,0.17922183464284,0.832864109731684,"pup vs you"
"282",3.78391608032979,0.408951784071365,6.8257703667288e-10,6.8257703667288e-10,3.81082077957742,4.37604994808915e-11,"pup vs you"
"283",0.280084553145312,0.379560292385753,0.6822487458601,0.6822487458601,0.283561686225023,0.721847903924644,"pup vs you"
"284",-2.72227060011754,0.407183417984895,1.74288901383146e-06,1.74288901383146e-06,-2.70692794732154,8.7441543796536e-08,"pup vs you"
"285",0.815912861229307,0.400819971763638,0.382025592875522,0.382025592875522,0.821207036426364,0.2928698112063,"pup vs you"
"286",0.096456417686197,0.356988546928543,0.804729644781571,0.804729644781571,0.126239123800067,0.948172241822606,"pup vs you"
"287",-0.863192793631734,0.390503185797019,0.343925377101262,0.343925377101262,-0.884452796286998,0.230252257947468,"pup vs you"
"288",0.551964794932989,0.401320887217217,0.557317991243222,0.557317991243222,0.605861367295709,0.495986805112203,"pup vs you"
"289",-0.0907906038126751,0.397453221479655,0.842704240347627,0.842704240347627,0.0106883254816519,0.921451253702779,"pup vs you"
"290",-1.43924727576998,0.427175208912095,0.0632906977840655,0.0632906977840655,-1.49540214434768,0.0161275460551531,"pup vs you"
"291",-1.85911000777665,0.392942603075715,0.00486525264178675,0.00486525264178675,-1.85019777470405,0.000409251002745445,"pup vs you"
"292",-0.107587989563247,0.39604211677168,0.822760529919294,0.822760529919294,-0.0703474762058288,0.946993261301015,"pup vs you"
"293",0.568607400367969,0.384533701808899,0.521309557519035,0.521309557519035,0.60983239307489,0.448652443937349,"pup vs you"
"294",-3.81544008257177,0.359358468748651,3.20749297507838e-14,3.20749297507838e-14,-3.84491271064738,5.45827076807349e-17,"pup vs you"
"295",-0.428821900758631,0.412216591022478,0.678665238524804,0.678665238524804,-0.407339756955506,0.780028643395117,"pup vs you"
"296",0.535758692105673,0.376947066657801,0.511421873509831,0.511421873509831,0.500005796407325,0.553028732763257,"pup vs you"
"297",0.747349078796023,0.392577527940375,0.387124652980401,0.387124652980401,0.71605702359293,0.37788319344105,"pup vs you"
"298",0.667078609370274,0.423070717904125,0.474170154231212,0.474170154231212,0.729706065701317,0.380639526313318,"pup vs you"
"299",-0.0269813723562386,0.404509877548361,0.84785793180067,0.84785793180067,-0.0217768599217196,0.935079461328386,"pup vs you"
"300",0.617384157055775,0.385475318852172,0.468990545096994,0.468990545096994,0.661673392379032,0.389980058907614,"pup vs you"
"301",0.433555136866648,0.383544545915283,0.609318499978282,0.609318499978282,0.477398120432393,0.574512316242204,"pup vs you"
"302",-3.50178603197794,0.338291988092855,1.03609724853191e-13,1.03609724853191e-13,-3.49843663898107,1.03764358330287e-14,"pup vs you"
"303",0.618712726084084,0.389763063133346,0.453720316597593,0.453720316597593,0.573434435765915,0.484108899551563,"pup vs you"
"304",0.295201802689435,0.377856621081248,0.654101501097571,0.654101501097571,0.330762512659129,0.704284831220217,"pup vs you"
"305",0.299384629636792,0.392023041599566,0.682574638199421,0.682574638199421,0.242597841749048,0.773171505812689,"pup vs you"
"306",-0.774152865087943,0.389198432365769,0.397084489389098,0.397084489389098,-0.810699953092205,0.362364871376191,"pup vs you"
"307",-0.591040469816665,0.423817529262359,0.582616882921459,0.582616882921459,-0.554236091348741,0.653242547589645,"pup vs you"
"308",0.178151082548113,0.408957265602696,0.786960091108887,0.786960091108887,0.215770708128799,0.832839390220028,"pup vs you"
"309",-0.522521392996412,0.394707453361101,0.593901457571784,0.593901457571784,-0.449320579638552,0.709938118320966,"pup vs you"
"310",-2.46683055955014,0.40100781622407,0.000102183776719606,0.000102183776719606,-2.43991738180647,2.78255338874836e-06,"pup vs you"
"311",0.658259099511595,0.398324372889232,0.46377047584866,0.46377047584866,0.704969035568451,0.368556058951628,"pup vs you"
"312",-0.515707469902741,0.433701033100945,0.625042351540727,0.625042351540727,-0.461129553696732,0.771669503624652,"pup vs you"
"313",-0.142556690798074,0.405609295003907,0.875444148303416,0.875444148303416,-0.151933223935092,0.925649955380761,"pup vs you"
"314",0.228314187537326,0.429489332897731,0.780057065999311,0.780057065999311,0.209130544315985,0.84551951290091,"pup vs you"
"315",-1.23371632662194,0.401294168580638,0.122059110494636,0.122059110494636,-1.15552239156905,0.0893028012825342,"pup vs you"
"316",1.57237285874415,0.417917964221925,0.0500937050224706,0.0500937050224706,1.59238477224906,0.0184558785818362,"pup vs you"
"317",0.0187941279380734,0.409853656667257,0.851167761079144,0.851167761079144,0.0201044579988317,0.910114486003452,"pup vs you"
"318",-0.0555689634296163,0.39267461906005,0.856388576651369,0.856388576651369,-0.0163490721877674,0.931694406134064,"pup vs you"
"319",-0.38359174364218,0.413518597460904,0.709288303870741,0.709288303870741,-0.297474810954202,0.868735232963323,"pup vs you"
"320",0.0390777490981713,0.394777432344514,0.810750074066146,0.810750074066146,0.088427127217126,0.879539160403741,"pup vs you"
"321",1.43159767237279,0.422316134294679,0.0943561510263034,0.0943561510263034,1.43280506603082,0.0269137506749037,"pup vs you"
"322",-1.38201670034069,0.370535134675186,0.0555412822302997,0.0555412822302997,-1.42638518847753,0.0122903878798152,"pup vs you"
"323",0.961958899375798,0.394349921038994,0.274898613639249,0.274898613639249,0.94476211142266,0.142469593664181,"pup vs you"
"324",1.44202399136946,0.41397061880939,0.0951265708190435,0.0951265708190435,1.45701894007632,0.0395684212467737,"pup vs you"
"325",0.42671937700424,0.393313897766015,0.612275311653661,0.612275311653661,0.408726663068296,0.658518868758619,"pup vs you"
"326",0.908096810322765,0.387980294569552,0.306933351253061,0.306933351253061,0.927908340814783,0.208282315242826,"pup vs you"
"327",-0.995686228481334,0.414455441918698,0.26415200662128,0.26415200662128,-0.980428386538273,0.238118554341874,"pup vs you"
"328",-0.637210370293179,0.397457786290452,0.504964627449173,0.504964627449173,-0.629530876317503,0.526309616262202,"pup vs you"
"329",-4.24136030336855,0.321310384158674,0,0,-4.20265936482731,0,"pup vs you"
"330",1.04128929019914,0.404342652768686,0.248540839944081,0.248540839944081,1.05573254340441,0.14909102754497,"pup vs you"
"331",1.72179850293005,0.442111529710346,0.0296784356082295,0.0296784356082295,1.79496292651272,0.00602565775182058,"pup vs you"
"332",0.421123181431191,0.403444049562554,0.603391519289225,0.603391519289225,0.428469150635416,0.6257670434462,"pup vs you"
"333",-0.040500778582594,0.410090454714734,0.853413393548606,0.853413393548606,-0.0220509780591224,0.951983852241215,"pup vs you"
"334",0.537032690367644,0.41619647300692,0.573124430412799,0.573124430412799,0.521932783463284,0.566623998251635,"pup vs you"
"335",1.93545482188487,0.424687813588736,0.00580046768254321,0.00580046768254321,1.97731101994051,0.000423437570769153,"pup vs you"
"336",0.349312501493862,0.374332757330343,0.640647623730071,0.640647623730071,0.332961452641795,0.673251897473475,"pup vs you"
"337",0.629307656383711,0.388552217049444,0.503916258518031,0.503916258518031,0.666757597477256,0.388834924744205,"pup vs you"
"338",-0.210914154143176,0.406781294345393,0.821319924971567,0.821319924971567,-0.175943107481099,0.937381144755392,"pup vs you"
"339",0.528649109797964,0.377864100872727,0.534039438650692,0.534039438650692,0.569744630527274,0.476710015003147,"pup vs you"
"340",0.370638635782234,0.392222440674792,0.646300868344712,0.646300868344712,0.420530986300738,0.631715333700498,"pup vs you"
"341",0.65038725587205,0.399616043468661,0.466400302782968,0.466400302782968,0.758831617530383,0.342492204019571,"pup vs you"
"342",0.159342551327504,0.385858138594271,0.759482701795466,0.759482701795466,0.248825458020868,0.760071247807338,"pup vs you"
"343",0.0208949673066118,0.398823777188809,0.807411435473114,0.807411435473114,0.0164239009560567,0.895673535655657,"pup vs you"
"344",-5.32406007849044,0.314119852729902,0,0,-5.30917437820798,0,"pup vs you"
"345",-0.275369807117776,0.403822056498625,0.756466758069129,0.756466758069129,-0.321335461677382,0.840938292541417,"pup vs you"
"346",0.359578215133059,0.394745568314413,0.664888368386993,0.664888368386993,0.411621266860324,0.638574461307538,"pup vs you"
"347",0.288903074124448,0.376854197988338,0.672941125102693,0.672941125102693,0.333169343021906,0.703051342560455,"pup vs you"
"348",-1.29925070558194,0.407892979281639,0.0939385593908686,0.0939385593908686,-1.29680244825081,0.0541179498129189,"pup vs you"
"349",2.02192620427274,0.374678658243003,0.00265508662004378,0.00265508662004378,2.05532567477828,6.42917465865347e-05,"pup vs you"
"350",0.166946064620291,0.413035437478524,0.776552052799563,0.776552052799563,0.243643540016644,0.804151761573893,"pup vs you"
"351",0.14176372259062,0.402121103878543,0.7813508488468,0.7813508488468,0.146111263512036,0.851454093448919,"pup vs you"
"352",0.551655689470183,0.391584098656286,0.53870005215048,0.53870005215048,0.560891789253534,0.509774637916667,"pup vs you"
"353",-0.0437919501367346,0.400462284034285,0.877404089286992,0.877404089286992,-0.0319799416127284,0.952641617595504,"pup vs you"
"354",-0.786129474358884,0.371610969509717,0.355518473231874,0.355518473231874,-0.72962674029974,0.345955149480433,"pup vs you"
"355",0.07856648667903,0.38721981243192,0.817877246403056,0.817877246403056,0.128731503831303,0.844976204884534,"pup vs you"
"356",0.402797937012463,0.400342702661333,0.637185611095852,0.637185611095852,0.444696014306467,0.623412880600717,"pup vs you"
"357",-0.14257539359927,0.393710087372829,0.807786809738374,0.807786809738374,-0.0846520959597054,0.945854350961713,"pup vs you"
"358",-0.115477090367734,0.394770346134219,0.842211065976447,0.842211065976447,-0.0763955938667365,0.954558532200698,"pup vs you"
"359",-2.5355372375046,0.411487959136989,0.000118805859288648,0.000118805859288648,-2.45668140678406,2.63398975549209e-05,"pup vs you"
"360",-0.858613555135218,0.397237704670032,0.333272352581129,0.333272352581129,-0.855129420632593,0.321460465624537,"pup vs you"
"361",-1.21328307710143,0.422998616796929,0.151803972515954,0.151803972515954,-1.19321788317404,0.0968183256076432,"pup vs you"
"362",0.490037164605148,0.385163465368109,0.554756504300351,0.554756504300351,0.57040389023639,0.471046214964464,"pup vs you"
"363",1.14514507908526,0.395496305975122,0.178649912525607,0.178649912525607,1.15600251839162,0.0795365776988677,"pup vs you"
"364",0.412506416278448,0.396545759268947,0.622727757626319,0.622727757626319,0.361130767517254,0.69188694000623,"pup vs you"
"365",0.865191943529619,0.402960172603757,0.34505890545692,0.34505890545692,0.904474544960742,0.215562728917607,"pup vs you"
"366",-0.441269100433846,0.375303548995892,0.645601855412459,0.645601855412459,-0.377076953049994,0.784468431837401,"pup vs you"
"367",0.952971355091712,0.410288876386766,0.300133750259912,0.300133750259912,1.03077130339001,0.180178192240181,"pup vs you"
"368",0.0358399589998333,0.398522518036544,0.810778074614448,0.810778074614448,0.0918270509107878,0.867092554475368,"pup vs you"
"369",0.577174134886908,0.405396269224881,0.522266626759751,0.522266626759751,0.599064777314985,0.493080446417119,"pup vs you"
"370",2.41779292413535,0.412108986612128,0.000496572910536091,0.000496572910536091,2.42271898054639,5.06792865480279e-05,"pup vs you"
"371",0.793211721590897,0.38789958272389,0.369485534198196,0.369485534198196,0.843347377359664,0.262484138974132,"pup vs you"
"372",0.0194190414024253,0.390554296356775,0.83651954924932,0.83651954924932,0.0588155762852751,0.916610733439276,"pup vs you"
"373",0.226092148888889,0.383717506149328,0.710144229198827,0.710144229198827,0.266355380592122,0.742014352668623,"pup vs you"
"374",0.474271092735474,0.391685207149388,0.587470694596802,0.587470694596802,0.4662131913977,0.593253195100692,"pup vs you"
"375",0.445517572414732,0.433493432087101,0.644506992283248,0.644506992283248,0.525106622716437,0.597665597458891,"pup vs you"
"376",-0.530982198228838,0.386434128832578,0.570533381501547,0.570533381501547,-0.532849686738761,0.622406175205398,"pup vs you"
"377",-0.0438611039659991,0.408663450477256,0.884065549212201,0.884065549212201,-0.042457090901597,0.951018878733462,"pup vs you"
"378",2.28676123636445,0.421684244912106,0.00174327933329687,0.00174327933329687,2.27037636030703,0.000137573995058096,"pup vs you"
"379",0.631354394484751,0.423949553100243,0.516621456184614,0.516621456184614,0.618887718441632,0.494241843190425,"pup vs you"
"380",0.515715793782442,0.385323730698747,0.520564600439711,0.520564600439711,0.589255619903867,0.47228695141913,"pup vs you"
"381",0.556185229726934,0.397540360852483,0.525656065176207,0.525656065176207,0.563401336572339,0.51222455212153,"pup vs you"
"382",0.450850158330621,0.384757881241572,0.598648349646215,0.598648349646215,0.54076981537583,0.513468351267998,"pup vs you"
"383",0.400036159178044,0.380537140895812,0.64357825537748,0.64357825537748,0.392991645809019,0.630341614722965,"pup vs you"
"384",0.634460308439539,0.385162200805944,0.469895716953259,0.469895716953259,0.649717207627592,0.424483982044797,"pup vs you"
"385",-2.13703311048137,0.372706174255459,0.000290213066270484,0.000290213066270484,-2.08853844700872,3.80243909156984e-05,"pup vs you"
"386",1.41240819970461,0.416883083462135,0.11093819233635,0.11093819233635,1.46015659507914,0.0294300130700745,"pup vs you"
"387",0.807219778749566,0.389412440893278,0.368328286617101,0.368328286617101,0.889397050797692,0.243667084374965,"pup vs you"
"388",-1.51794560999397,0.405293389668119,0.0656955317166796,0.0656955317166796,-1.50185841071135,0.0287963497718896,"pup vs you"
"389",0.189045262009035,0.38829731924702,0.760010289788454,0.760010289788454,0.271034722690781,0.771838445689085,"pup vs you"
"390",-1.73924833606232,0.429127585316269,0.0225562387703889,0.0225562387703889,-1.72083294484034,0.0112750088072279,"pup vs you"
"391",-0.108923182554428,0.399519933730391,0.857942893358846,0.857942893358846,-0.017087215874197,0.907673097315768,"pup vs you"
"392",-2.50669501536604,0.359503148502026,6.99793656987805e-06,6.99793656987805e-06,-2.46999922349784,7.44180107220329e-08,"pup vs you"
"393",1.04961001328389,0.335645633879212,0.135444482036243,0.135444482036243,1.09451535934812,0.0369102526854721,"pup vs you"
"394",0.398571628593301,0.383387073213161,0.634314300804695,0.634314300804695,0.46425677349812,0.570179383907157,"pup vs you"
"395",1.41724984309098,0.415271851753442,0.108021254437325,0.108021254437325,1.41044760289356,0.0433445333909015,"pup vs you"
"396",0.916861150088295,0.428346561913815,0.319371405641875,0.319371405641875,0.98542370979689,0.195801368564661,"pup vs you"
"397",0.176951205076391,0.38214515252602,0.74769280184993,0.74769280184993,0.244385498657564,0.792855685899099,"pup vs you"
"398",0.548952552674663,0.426934310204566,0.570947968031671,0.570947968031671,0.587951219883103,0.525066034086062,"pup vs you"
"399",0.550268599867483,0.398896512752116,0.524393363006118,0.524393363006118,0.592233712997792,0.505815873514501,"pup vs you"
"400",-0.549887947900214,0.382825540456468,0.579535147936733,0.579535147936733,-0.45347532764433,0.696616724875574,"pup vs you"
"401",-0.308279845655735,0.390784057510804,0.724838462867218,0.724838462867218,-0.197606152380036,0.880338399106131,"pup vs you"
"402",0.163988766008484,0.393325307218036,0.74594334704194,0.74594334704194,0.163222833117744,0.84521173193297,"pup vs you"
"403",-0.291534474156521,0.398409040381636,0.737787694734148,0.737787694734148,-0.224260675675935,0.865198873057915,"pup vs you"
"404",0.245354634743918,0.380738892754105,0.700123900284038,0.700123900284038,0.305356290880429,0.733243090374898,"pup vs you"
"405",-1.44038767234371,0.389189667827054,0.057668143260979,0.057668143260979,-1.41537765269185,0.0234336708094617,"pup vs you"
"406",0.30311713140164,0.379772123024113,0.683895432673291,0.683895432673291,0.31291661822944,0.719171055850624,"pup vs you"
"407",0.0597141741277717,0.39225497554009,0.825520779563719,0.825520779563719,0.071432302012235,0.898748422653517,"pup vs you"
"408",-0.0191337729366633,0.427087854773022,0.863467862754523,0.863467862754523,0.0248227790825976,0.94357608875184,"pup vs you"
"409",0.338781826753841,0.406773997481721,0.662055834480821,0.662055834480821,0.362574319207247,0.689671285148961,"pup vs you"
"410",0.127067762900278,0.389796507866397,0.783242833172061,0.783242833172061,0.113271660345999,0.851513808561286,"pup vs you"
"411",0.699154989247521,0.38526973072929,0.439359462263925,0.439359462263925,0.688317597765101,0.380410830809605,"pup vs you"
"412",0.845769605233784,0.403728003369893,0.368599848348475,0.368599848348475,0.855830629263224,0.267084659377118,"pup vs you"
"413",1.1384686348287,0.403371619675353,0.22043110118821,0.22043110118821,1.20776808357887,0.087231966614806,"pup vs you"
"414",-2.24258806154785,0.380609348675209,0.00403369977405034,0.00403369977405034,-2.21791274758972,5.31927411766596e-06,"pup vs you"
"415",0.465255623366557,0.384456051249756,0.578129064796998,0.578129064796998,0.43710600628434,0.605933490212246,"pup vs you"
"416",0.587264714020192,0.386783546565551,0.50648019558819,0.50648019558819,0.630629238202566,0.425587956873829,"pup vs you"
"417",0.418705857701675,0.383061908290476,0.599713177993565,0.599713177993565,0.453099479925125,0.601439465847378,"pup vs you"
"418",1.38016367061494,0.407408062333918,0.102185665945741,0.102185665945741,1.38310643722449,0.0382960235783432,"pup vs you"
"419",0.340991511462665,0.389143562039643,0.660719864512679,0.660719864512679,0.323758983358142,0.726447103950885,"pup vs you"
"420",0.74872712183156,0.404772937250833,0.412913547467273,0.412913547467273,0.729254383146487,0.377839135551359,"pup vs you"
"421",0.613894336591057,0.403874263810634,0.488141225002595,0.488141225002595,0.598714035475412,0.505984095015947,"pup vs you"
"422",-0.237148172806072,0.398789716723801,0.823851329319218,0.823851329319218,-0.191938297473335,0.912397372966876,"pup vs you"
"423",1.08686492368051,0.397020856852503,0.201543203687834,0.201543203687834,1.15304466105994,0.0566196621620513,"pup vs you"
"424",0.362895285562839,0.409894517006773,0.662487849262275,0.662487849262275,0.367115206072674,0.718464051431744,"pup vs you"
"425",-1.27210301591263,0.398554371534479,0.136612673535996,0.136612673535996,-1.25795037450209,0.0730403764398543,"pup vs you"
"426",-2.3759614790164,0.406913166640281,0.000366981488801303,0.000366981488801303,-2.30532895249833,3.28952995270825e-05,"pup vs you"
"427",0.573169519853372,0.386464021958762,0.529207528784822,0.529207528784822,0.538867794000512,0.563354650193224,"pup vs you"
"428",0.296763434595756,0.381755508192053,0.684898703165939,0.684898703165939,0.333079711245507,0.71292842243509,"pup vs you"
"429",-0.274254162467443,0.39096313557775,0.771496618141915,0.771496618141915,-0.225689255270103,0.886093052567953,"pup vs you"
"430",0.701658132741029,0.40100668452139,0.422709790104696,0.422709790104696,0.737190023763961,0.348166251956767,"pup vs you"
"431",-0.314672607387437,0.376000962841095,0.7237939802547,0.7237939802547,-0.268039476741789,0.843432655559402,"pup vs you"
"432",1.07888683273012,0.390813102939478,0.179791077398601,0.179791077398601,1.08071933060186,0.0947806998470164,"pup vs you"
"433",0.377379697536461,0.375598258674299,0.619826004670502,0.619826004670502,0.439869652412054,0.597855070680993,"pup vs you"
"434",0.0435200851737327,0.416641178636921,0.814730293117345,0.814730293117345,0.0842763572251474,0.88445003146098,"pup vs you"
"435",-1.73696113284853,0.449558468330077,0.0304245026361999,0.0304245026361999,-1.80882706306029,0.00654778315648346,"pup vs you"
"436",0.21314591854274,0.399629548639451,0.748153697728875,0.748153697728875,0.273558803013441,0.759476114445695,"pup vs you"
"437",-0.0845395624648165,0.390477664838248,0.858468376567997,0.858468376567997,-0.0443000306462512,0.927361305048748,"pup vs you"
"438",0.211904144682609,0.387586351834541,0.715060083193828,0.715060083193828,0.277663903895279,0.724380135555622,"pup vs you"
"439",0.341410249459999,0.375651016151512,0.651733069493496,0.651733069493496,0.328187401369819,0.683427309298029,"pup vs you"
"440",0.336209330466308,0.375091931435237,0.631510505036114,0.631510505036114,0.36592968990912,0.674668325483094,"pup vs you"
"441",0.900456613697906,0.397526750666763,0.308697855099676,0.308697855099676,0.898338245781273,0.204807820538919,"pup vs you"
"442",0.229471859926975,0.417582299437726,0.746150740342276,0.746150740342276,0.275368720016896,0.783945912644927,"pup vs you"
"443",-0.729636826911407,0.390694756920912,0.443046360007737,0.443046360007737,-0.671892342571875,0.478959173459873,"pup vs you"
"444",-1.12632019214521,0.40311118633377,0.179895291347916,0.179895291347916,-1.0691694383587,0.161924556081968,"pup vs you"
"445",0.303667181273218,0.376545232395337,0.681346627001269,0.681346627001269,0.374234685432631,0.665369273467413,"pup vs you"
"446",0.0611710936633897,0.38108043008715,0.793985988120234,0.793985988120234,0.0589279364970412,0.892831851448108,"pup vs you"
"447",0.98980631908345,0.396234872737054,0.289333463108629,0.289333463108629,1.09148475418142,0.137590055083612,"pup vs you"
"448",0.589553979201188,0.379293971874473,0.45741546930158,0.45741546930158,0.65699702707248,0.409386401302412,"pup vs you"
"449",0.328373533416298,0.383948934112528,0.675031490116908,0.675031490116908,0.30000289184278,0.716299651774214,"pup vs you"
"450",3.61198283791465,0.472693818977403,2.67073713117512e-07,2.67073713117512e-07,3.65607335693782,4.42370354445182e-09,"pup vs you"
"451",0.511194856942897,0.386740219539568,0.56164829944347,0.56164829944347,0.477921094444324,0.580442009050171,"pup vs you"
"452",0.289787430382587,0.378802197673913,0.680945643257096,0.680945643257096,0.225245904746493,0.729629326962975,"pup vs you"
"453",0.447445642177184,0.374238883484895,0.589025525096473,0.589025525096473,0.444824724851953,0.597509268310633,"pup vs you"
"454",-0.0186739643008936,0.398103934831323,0.828431888042194,0.828431888042194,-0.0189974178566335,0.920586732745205,"pup vs you"
"455",0.419019843943045,0.393363397271885,0.610559435065134,0.610559435065134,0.388264874348647,0.64007440989099,"pup vs you"
"456",0.674445293530096,0.39485531093387,0.449092360717675,0.449092360717675,0.682475348083409,0.385470681841549,"pup vs you"
"457",0.387032935263984,0.407166483021391,0.645682964090157,0.645682964090157,0.449615608134488,0.631184609358328,"pup vs you"
"458",0.218991837245622,0.391398960125195,0.718708015623398,0.718708015623398,0.237285187500586,0.75648236239604,"pup vs you"
"459",0.407606139002659,0.376204677154944,0.597418115776277,0.597418115776277,0.411751169566515,0.634520219891262,"pup vs you"
"460",-0.694560666210817,0.421698755200412,0.471477000356921,0.471477000356921,-0.701406687508749,0.516903343160133,"pup vs you"
"461",0.285952341702937,0.377642908678263,0.672212148145852,0.672212148145852,0.407117696614702,0.614749668496198,"pup vs you"
"462",1.54833720477972,0.406724464936548,0.0472370982378571,0.0472370982378571,1.62019832362053,0.00903614957701244,"pup vs you"
"463",0.148202226917061,0.384674246797059,0.749848404475712,0.749848404475712,0.110634313952666,0.875245837873738,"pup vs you"
"464",0.212069602843764,0.391068643474757,0.75268696775091,0.75268696775091,0.267955384523464,0.7724112282945,"pup vs you"
"465",0.551294710450733,0.398057638877254,0.523784322719198,0.523784322719198,0.591425036685949,0.483564668828031,"pup vs you"
"466",-0.231650031219926,0.38846105676202,0.779051316254385,0.779051316254385,-0.213786452343593,0.864457869791532,"pup vs you"
"467",0.344729379281798,0.382606493762552,0.643510945068574,0.643510945068574,0.401104680851753,0.624741655346993,"pup vs you"
"468",0.386559149724521,0.374044403286446,0.631404294356642,0.631404294356642,0.352553001866026,0.643501832394426,"pup vs you"
"469",1.0613516033522,0.39806757746296,0.234232430501086,0.234232430501086,1.07207303447087,0.12642945799497,"pup vs you"
"470",0.556206602360215,0.38120465785509,0.521869813372052,0.521869813372052,0.612380550347728,0.45138354462089,"pup vs you"
"471",0.744563678942988,0.389628666540023,0.40764535409487,0.40764535409487,0.732626196985767,0.346963301205575,"pup vs you"
"472",0.571839621668018,0.384504786951652,0.523419300064219,0.523419300064219,0.514471880444976,0.542879281432408,"pup vs you"
"473",2.7148982975965,0.446159350134662,1.61329599630466e-05,1.61329599630466e-05,2.71061181766254,1.59515190823622e-06,"pup vs you"
"474",-1.42977672709963,0.398991508103433,0.0495943375426153,0.0495943375426153,-1.38479528565068,0.0269955016843391,"pup vs you"
"475",0.506400656397338,0.378803116766611,0.559634016221407,0.559634016221407,0.553231471882599,0.4953629328736,"pup vs you"
"476",-0.692045325267083,0.414161442710878,0.493404323112997,0.493404323112997,-0.641785623038765,0.546911003801858,"pup vs you"
"477",0.438236307310078,0.379091440131017,0.582797495896743,0.582797495896743,0.439569578935417,0.593070459621398,"pup vs you"
"478",-0.405888035966494,0.376706688808065,0.670694160209411,0.670694160209411,-0.370088715582726,0.792761172788291,"pup vs you"
"479",-0.453924946538154,0.391484250000165,0.634999329497151,0.634999329497151,-0.369699572770238,0.755712619590552,"pup vs you"
"480",0.691197099508862,0.406162490299434,0.453085585228592,0.453085585228592,0.734639602061795,0.369226300848665,"pup vs you"
"481",0.652475291081042,0.386837685735323,0.461687575268476,0.461687575268476,0.671682276233609,0.393124546985342,"pup vs you"
"482",-0.766927302169596,0.384104110526429,0.406633380950107,0.406633380950107,-0.665792897555091,0.443857197442795,"pup vs you"
"483",0.488241951914011,0.382062121157753,0.568617656999488,0.568617656999488,0.548310262145071,0.491321037973974,"pup vs you"
"484",-3.52168140318366,0.346891994590044,4.83715131777338e-13,4.83715131777338e-13,-3.4877281282841,0,"pup vs you"
"485",-0.268853883338372,0.392789116575193,0.744600520269281,0.744600520269281,-0.259936651557108,0.861229465851814,"pup vs you"
"486",-0.416005296008193,0.391354180841789,0.664623560597402,0.664623560597402,-0.3347462011271,0.815674782953506,"pup vs you"
"487",0.152343998983669,0.379736638216163,0.757024960432533,0.757024960432533,0.152465694313438,0.844979431022128,"pup vs you"
"488",0.350240842592285,0.37865224271854,0.67034828673132,0.67034828673132,0.320936880738456,0.70717990622004,"pup vs you"
"489",0.417681584341509,0.379167762179261,0.580618903297665,0.580618903297665,0.44633734237533,0.589685186956803,"pup vs you"
"490",0.117022034017424,0.391418456278689,0.796580448296524,0.796580448296524,0.141295350270651,0.857532066111618,"pup vs you"
"491",0.948639090650838,0.396236484509512,0.301242182345293,0.301242182345293,0.951880624209647,0.193347772373645,"pup vs you"
"492",-0.391937735039442,0.411539740237259,0.726040300672865,0.726040300672865,-0.283365426671328,0.848403561478304,"pup vs you"
"493",-0.931931354223883,0.415754471491204,0.338168140660664,0.338168140660664,-0.888693812030706,0.30119374691295,"pup vs you"
"494",0.599581972886172,0.392700731771822,0.491157552977489,0.491157552977489,0.643729477109424,0.43991279707271,"pup vs you"
"495",0.716374033448386,0.395924608962647,0.418910349686906,0.418910349686906,0.66534638106413,0.410248968672964,"pup vs you"
"496",-0.433166836744377,0.39002268448625,0.677683339416035,0.677683339416035,-0.459142191047812,0.693053962448797,"pup vs you"
"497",-0.687384114945608,0.395486255411271,0.462627275239623,0.462627275239623,-0.677874614499006,0.510321814081885,"pup vs you"
"498",-0.31321482130298,0.396843133215761,0.746605382100141,0.746605382100141,-0.369366211146972,0.792399964841399,"pup vs you"
"499",-1.90193657597443,0.379828945081728,0.0126043407774218,0.0126043407774218,-1.84976820536453,0.0006829255483111,"pup vs you"
"500",-1.16845476021166,0.383331178873752,0.150697499294706,0.150697499294706,-1.11672917479169,0.123850515687828,"pup vs you"
"501",0.530804610686126,0.385658006627071,0.548848099592741,0.548848099592741,0.522840846608078,0.531371770006179,"pup vs you"
"502",0.66014432582883,0.380436472065011,0.462599184170811,0.462599184170811,0.649340236351329,0.417326918275112,"pup vs you"
"503",0.234805980335245,0.372936025018569,0.687637746639495,0.687637746639495,0.314150721227666,0.705073952263143,"pup vs you"
"504",0.355275167845474,0.386148561466146,0.649444052877548,0.649444052877548,0.432849958237802,0.612211982561454,"pup vs you"
"505",1.29747253655984,0.402062614183748,0.136951721423633,0.136951721423633,1.28256916807463,0.0597635331068448,"pup vs you"
"506",-0.495228828747652,0.38881164925135,0.600297038599882,0.600297038599882,-0.448805864280544,0.682690794918469,"pup vs you"
"507",0.159702658220635,0.382556483925006,0.763956198450438,0.763956198450438,0.241040988305551,0.744668467054166,"pup vs you"
"508",-0.302816589680633,0.402871762270543,0.714367759030934,0.714367759030934,-0.222348927975463,0.846098669915534,"pup vs you"
"509",-0.328348736308706,0.375718275871193,0.692536310502595,0.692536310502595,-0.320480491084391,0.808141792140979,"pup vs you"
"510",-0.957485681834331,0.396572995648102,0.263887015667789,0.263887015667789,-0.900209251812054,0.293812744908094,"pup vs you"
"511",-1.5856207673572,0.405157752831196,0.0313195782539588,0.0313195782539588,-1.49391865354606,0.0207859097149392,"pup vs you"
"512",0.241787075347195,0.380669869034771,0.72329201557411,0.72329201557411,0.354863276321623,0.68486811410146,"pup vs you"
"513",0.706513873256099,0.40242017835195,0.44485112256518,0.44485112256518,0.731340461682142,0.372198957640018,"pup vs you"
"514",0.103539505050422,0.383748433620811,0.774222498673103,0.774222498673103,0.152798021726134,0.85567569254856,"pup vs you"
"515",0.498649164459096,0.385224600092233,0.547993958034678,0.547993958034678,0.493327708135622,0.549980681683735,"pup vs you"
"516",-0.717970699763991,0.398234802001466,0.452719142175563,0.452719142175563,-0.630327866766416,0.549336063444392,"pup vs you"
"517",0.361881953366159,0.374785606216232,0.603852929733727,0.603852929733727,0.432224419811696,0.616955321740989,"pup vs you"
"518",0.0857418104830861,0.384804840519166,0.788108404228436,0.788108404228436,0.0920219546462561,0.858932395306501,"pup vs you"
"519",-0.0475043031308909,0.409040489639203,0.849366508674268,0.849366508674268,-0.0459113772565956,0.906674800320303,"pup vs you"
"520",0.0277107324827822,0.387202795232546,0.839572673484303,0.839572673484303,0.0620560012520799,0.862003443993438,"pup vs you"
"521",-1.59055179653209,0.382022223933318,0.0342896489174673,0.0342896489174673,-1.52676188670424,0.00626057527887952,"pup vs you"
"522",0.399428373841341,0.381270152288725,0.624684112546606,0.624684112546606,0.482483547776408,0.542001763128069,"pup vs you"
"523",-0.489137143506853,0.392100322729657,0.597470685043015,0.597470685043015,-0.472754252870786,0.699700296119685,"pup vs you"
"524",-0.944372752922372,0.390999990987245,0.308177659741248,0.308177659741248,-0.996584913442644,0.210032421063684,"pup vs you"
"525",0.450138250618173,0.395917989833423,0.585931150885022,0.585931150885022,0.521337060239294,0.557408107485866,"pup vs you"
"526",0.649269189559125,0.389849292381579,0.470934755400185,0.470934755400185,0.612271212897611,0.468981352216823,"pup vs you"
"527",0.482488369067415,0.398963101445604,0.574993490128085,0.574993490128085,0.598072659953956,0.489138310989229,"pup vs you"
"528",0.333303247378573,0.374189806402497,0.653624669818145,0.653624669818145,0.362820087978069,0.681763196803852,"pup vs you"
"529",0.00242023767645852,0.382562202072588,0.83976995865423,0.83976995865423,0.0494969105436968,0.87967635918698,"pup vs you"
"530",0.287920372307132,0.381438340879431,0.673281999500652,0.673281999500652,0.269686768726282,0.758951404433933,"pup vs you"
"531",-1.2137467434736,0.39439708027118,0.118939223904122,0.118939223904122,-1.20772805782628,0.0617141817668172,"pup vs you"
"532",0.36081421986916,0.428857957056423,0.703981425192888,0.703981425192888,0.429551069308032,0.683220855626059,"pup vs you"
"533",0.298628666480239,0.382914927914275,0.704508834875332,0.704508834875332,0.28932821616577,0.738098602956273,"pup vs you"
"534",0.576535248384064,0.395902082970099,0.512765139848278,0.512765139848278,0.653251508996237,0.442661218968097,"pup vs you"
"535",0.481826963368465,0.387503606618687,0.601713120678224,0.601713120678224,0.490719700718674,0.549993362513624,"pup vs you"
"536",0.315577244188695,0.373284198761582,0.666234967306243,0.666234967306243,0.369325430318244,0.662676494884225,"pup vs you"
"537",0.229144601248757,0.380787437715132,0.711048841819523,0.711048841819523,0.301859020382282,0.722867777380431,"pup vs you"
"538",0.379599618532999,0.377256782893903,0.637784372409419,0.637784372409419,0.336429405523887,0.709766895629775,"pup vs you"
"539",0.228813442706095,0.380098655575737,0.755135764327723,0.755135764327723,0.279401935852351,0.75399991918202,"pup vs you"
"540",0.730027276007994,0.381166784118084,0.407957544455677,0.407957544455677,0.755240677192033,0.302031413461096,"pup vs you"
"541",0.448958478494044,0.381301364554473,0.571345682739103,0.571345682739103,0.472906887320155,0.565121672763022,"pup vs you"
"542",-0.253815756480174,0.412729700488535,0.804055585269836,0.804055585269836,-0.153465196078643,0.883298530534422,"pup vs you"
"543",0.375897133550292,0.37710115178957,0.627785664842298,0.627785664842298,0.344853867627625,0.691480539417464,"pup vs you"
"544",0.264714642519425,0.378080502112183,0.695611171413358,0.695611171413358,0.349315942914355,0.696788629421688,"pup vs you"
"545",0.564329063694199,0.399054198633099,0.532139400260759,0.532139400260759,0.570313846185172,0.492213462190334,"pup vs you"
"546",0.416900099605002,0.392993094144034,0.622867256515505,0.622867256515505,0.488832563264908,0.565060258637838,"pup vs you"
"547",0.251492714170471,0.383036317688149,0.709635780428152,0.709635780428152,0.294137986670796,0.735746293521621,"pup vs you"
"548",0.239710463737744,0.377373092796501,0.730997381924154,0.730997381924154,0.2199509739475,0.77287188828687,"pup vs you"
"549",0.461059947133283,0.386241480833416,0.582045641483239,0.582045641483239,0.457066376458549,0.589973043512822,"pup vs you"
"550",-0.868777058426281,0.396300175246364,0.353925127022255,0.353925127022255,-0.810114710136161,0.361585194959523,"pup vs you"
"551",-0.203539670906267,0.398184565722244,0.801834021108092,0.801834021108092,-0.0725417431311694,0.922745858360853,"pup vs you"
"552",0.552123508535347,0.383851299409927,0.507232509661998,0.507232509661998,0.593484165143957,0.476375526858972,"pup vs you"
"553",-0.471517898882287,0.395111036538044,0.62918779173614,0.62918779173614,-0.432843324327218,0.715106107632406,"pup vs you"
"554",-0.0721004435012688,0.39753113691031,0.837719896342507,0.837719896342507,-0.0507996749174314,0.917304147307791,"pup vs you"
"555",0.677309642470036,0.378655296623763,0.426865855907438,0.426865855907438,0.645086697899992,0.403333651750308,"pup vs you"
"556",0.207894571338013,0.390302771957273,0.721955746345782,0.721955746345782,0.241207515590681,0.793513444724858,"pup vs you"
"557",0.387319402833053,0.376155108064645,0.610612408732124,0.610612408732124,0.390239402961508,0.668390021826322,"pup vs you"
"558",0.186705696990489,0.395806186945591,0.756309255447166,0.756309255447166,0.294965689466948,0.779255545317952,"pup vs you"
"559",0.362726848380946,0.38718249675063,0.655306077576997,0.655306077576997,0.340054704854738,0.700141312726769,"pup vs you"
"560",0.52487944623026,0.394080080984043,0.560827405855036,0.560827405855036,0.559342700784386,0.513890079926973,"pup vs you"
"561",-1.88024358715726,0.401721174870154,0.00335397645291849,0.00335397645291849,-1.83736025620708,0.000893908914170133,"pup vs you"
"562",0.43037247671537,0.381961158950137,0.621340096452266,0.621340096452266,0.525000411965159,0.53556311787507,"pup vs you"
"563",0.366220146664335,0.391123610939808,0.648886446872001,0.648886446872001,0.403926430922877,0.639316480639961,"pup vs you"
"564",0.646604964898607,0.387359024799831,0.484197506497309,0.484197506497309,0.694659693062158,0.379660994114288,"pup vs you"
"565",0.320159998899659,0.37545263435866,0.654783262115235,0.654783262115235,0.355132939448439,0.661598802489841,"pup vs you"
"566",0.297601986677187,0.374312981403403,0.717495630140774,0.717495630140774,0.395220325783773,0.641709625648213,"pup vs you"
"567",0.15699121865568,0.395314225803171,0.797171736250085,0.797171736250085,0.0840699331142173,0.859634572518504,"pup vs you"
"568",0.319962295168604,0.376291004479831,0.679635321516937,0.679635321516937,0.305406478011322,0.726516620845973,"pup vs you"
"569",0.103597325337181,0.382156159191068,0.809486344012531,0.809486344012531,0.211326971307079,0.798313074648881,"pup vs you"
"570",0.488680424216195,0.376339984029038,0.541695535176788,0.541695535176788,0.5324424235536,0.530318854476527,"pup vs you"
"571",0.285735844444767,0.389973074875667,0.651017813207158,0.651017813207158,0.271028711052081,0.770286508636082,"pup vs you"
"572",0.42511831786501,0.383857916460527,0.56483107465588,0.56483107465588,0.424208708083941,0.633825324043876,"pup vs you"
"573",0.44906695089591,0.39327104149633,0.588684505387196,0.588684505387196,0.436483094237533,0.638362637513332,"pup vs you"
"574",0.477276533580821,0.377248458326118,0.572593401993386,0.572593401993386,0.562139880967902,0.478345656197088,"pup vs you"
"575",0.764251541294547,0.397140227617066,0.392004951602857,0.392004951602857,0.860726415143078,0.252556609159921,"pup vs you"
"576",-0.537383087808261,0.378019693892001,0.554185744740626,0.554185744740626,-0.474788633298568,0.672070283622049,"pup vs you"
"577",0.285583698073532,0.379565412003049,0.695568487495479,0.695568487495479,0.374746087683523,0.689517574640577,"pup vs you"
"578",0.521448253408274,0.382416222197702,0.543459114971698,0.543459114971698,0.550041198935544,0.529999889434847,"pup vs you"
"579",-0.0550620403504669,0.374980683107518,0.842685962887696,0.842685962887696,0.00463615673798633,0.90646393410713,"pup vs you"
"580",0.160531685980532,0.389922487183005,0.743434918189284,0.743434918189284,0.114045334695699,0.84304372135872,"pup vs you"
"581",0.205924510183157,0.384744924300138,0.757172663243359,0.757172663243359,0.226300507783094,0.809290326740344,"pup vs you"
"582",0.264206535815412,0.381100455440813,0.697300421447548,0.697300421447548,0.289546076108164,0.739153996364126,"pup vs you"
"583",0.371881206544235,0.376620409686909,0.637571282764917,0.637571282764917,0.410300434130243,0.652363112424574,"pup vs you"
"584",0.716404220397477,0.395926785108351,0.432423464837751,0.432423464837751,0.707629479202825,0.375838754771806,"pup vs you"
"585",0.281706359177523,0.382807609162797,0.681781827878583,0.681781827878583,0.3029310216328,0.699780045767984,"pup vs you"
"586",-0.241325006176458,0.379299130405558,0.753965034096194,0.753965034096194,-0.124936351464659,0.924066130120759,"pup vs you"
"587",0.350968555574211,0.377397833639746,0.681307104824391,0.681307104824391,0.382588914214402,0.655584424795925,"pup vs you"
"588",0.312818709238286,0.377353938199517,0.67955259300156,0.67955259300156,0.352778552821836,0.66624117580044,"pup vs you"
"589",0.318907958132395,0.37875633012224,0.671270732698303,0.671270732698303,0.345049766739665,0.705244115729977,"pup vs you"
"590",0.445400137024427,0.382995961797709,0.589829631640396,0.589829631640396,0.387935002336523,0.645977653468701,"pup vs you"
"591",-0.0306723387402016,0.389875352128643,0.857042148020302,0.857042148020302,-0.0668623946219493,0.940702682252775,"pup vs you"
"592",-0.948138454570318,0.382000322701079,0.284492738553699,0.284492738553699,-0.903148299829928,0.257541349740583,"pup vs you"
"593",0.299054943808411,0.377192259674265,0.7024848744012,0.7024848744012,0.366079584157691,0.652760199239208,"pup vs you"
"594",1.76321209121978,0.321827263319454,0.00550954189266829,0.00550954189266829,1.81521706146525,2.04759001072251e-05,"pup vs you"
"595",0.627054232733278,0.39155795476322,0.469091079757217,0.469091079757217,0.672425179059577,0.414013644390147,"pup vs you"
"596",0.465824896827983,0.383240335808226,0.581628074508718,0.581628074508718,0.531755202900802,0.526406549429266,"pup vs you"
"597",0.340766578309934,0.379745357080421,0.668654880184415,0.668654880184415,0.387686036457279,0.63212447879647,"pup vs you"
"598",0.207542579898121,0.383512457129379,0.760675184462526,0.760675184462526,0.240231676357922,0.777296430481591,"pup vs you"
"599",0.705968954982811,0.384724901932738,0.422155503109337,0.422155503109337,0.709967039048505,0.382977456253986,"pup vs you"
"600",0.335808899608669,0.378299365425827,0.616431774627044,0.616431774627044,0.347319889005458,0.69558685874538,"pup vs you"
"601",0.263229827536039,0.378539551046059,0.691285881277461,0.691285881277461,0.337602072414736,0.672354823924755,"pup vs you"
"602",0.318660064272506,0.375640737860156,0.677433775962513,0.677433775962513,0.356649991712671,0.673482206621467,"pup vs you"
"603",0.28505315725078,0.37651517955268,0.685331598770422,0.685331598770422,0.434456230867105,0.612740727239058,"pup vs you"
"604",0.337672166366599,0.374376923296343,0.679155712281681,0.679155712281681,0.424354110178677,0.602597100879152,"pup vs you"
"605",0.522255798678756,0.387411895212879,0.539936260620159,0.539936260620159,0.587579018351087,0.467563013870492,"pup vs you"
"606",0.638459943642886,0.384426900696756,0.455302588322703,0.455302588322703,0.610041385244758,0.455027908566438,"pup vs you"
"607",0.306060369290571,0.375242943230026,0.663721847840134,0.663721847840134,0.307087921488513,0.73853739238863,"pup vs you"
"608",-0.0875310291412586,0.389576557151189,0.857089949826938,0.857089949826938,-0.124974205099304,0.912046892006563,"pup vs you"
"609",0.84963460518641,0.398783949294241,0.357943200108575,0.357943200108575,0.872568917815023,0.262607316527995,"pup vs you"
"610",0.322332360271156,0.379576135627778,0.662635287221565,0.662635287221565,0.397006094829925,0.648181640625061,"pup vs you"
"611",0.145211844074872,0.38689290319214,0.75832487110605,0.75832487110605,0.141700859690458,0.809568526597496,"pup vs you"
"612",0.320951724954703,0.376662823408061,0.68950159421482,0.68950159421482,0.301655642898818,0.698675321892198,"pup vs you"
"613",0.309352717966686,0.37577958576583,0.69426712354767,0.69426712354767,0.402239599233529,0.620534016532985,"pup vs you"
"614",4.68766337162397,0.402134588665847,8.15372453011524e-18,8.15372453011524e-18,4.73463863841234,1.39839415381143e-19,"pup vs you"
"615",0.490983530788288,0.381837782515061,0.556957747677307,0.556957747677307,0.491175110612851,0.566008321332164,"pup vs you"
"616",1.1064651828124,0.332840795325655,0.0961976555874451,0.0961976555874451,1.11600044016222,0.0172538326299058,"pup vs you"
"617",-0.0529446216811759,0.39689521407957,0.852144008354989,0.852144008354989,-0.0264133932573491,0.909320945568176,"pup vs you"
"618",0.297087767266461,0.381280963105042,0.67123124205186,0.67123124205186,0.278272785680984,0.714836574203334,"pup vs you"
"619",0.425608094413909,0.380095531358851,0.620196342237815,0.620196342237815,0.481328670556674,0.57972535449652,"pup vs you"
"620",0.156517892703633,0.383564820130424,0.7227404813337,0.7227404813337,0.135235883707337,0.864063782909673,"pup vs you"
"621",-2.991423890642,0.254703771744443,1.43532305382674e-16,1.43532305382674e-16,-2.95935088619193,0,"pup vs you"
"622",-0.4660463636193,0.379638738028195,0.63224450768712,0.63224450768712,-0.421657391890804,0.722098900998748,"pup vs you"
"623",0.684059985847357,0.277655682431675,0.279146274787466,0.279146274787466,0.695198472751839,0.125721264978484,"pup vs you"
"624",0.361545224887101,0.376695679027763,0.656100042336701,0.656100042336701,0.412072293866551,0.612918703756682,"pup vs you"
"625",0.320823574070185,0.371016122478136,0.701998618708528,0.701998618708528,0.328850185829625,0.690237927284904,"pup vs you"
"626",0.144626477700975,0.38644744084484,0.802622912795657,0.802622912795657,0.199597223224705,0.79437064079328,"pup vs you"
"627",0.199441352569461,0.385289907825607,0.751018729552647,0.751018729552647,0.273745565445227,0.748293029420463,"pup vs you"
"628",0.365298256007268,0.375037064251297,0.625010084337546,0.625010084337546,0.336052888218573,0.676670469263056,"pup vs you"
"629",0.260990410855297,0.384673392841471,0.717420643067629,0.717420643067629,0.339742602906021,0.709597393092333,"pup vs you"
"630",0.25383417187991,0.376422077531254,0.700605201535283,0.700605201535283,0.316470534515732,0.709157377719599,"pup vs you"
"631",0.376625305786277,0.380455332204952,0.621116076733264,0.621116076733264,0.37842237151613,0.622271198871655,"pup vs you"
"632",0.33546287829967,0.383175230860078,0.650189145837777,0.650189145837777,0.363765414831906,0.674390425589822,"pup vs you"
"633",0.603446289348137,0.383258758204452,0.504177616586414,0.504177616586414,0.656904254575687,0.397386602359395,"pup vs you"
"634",0.566128756091674,0.382239316491615,0.511639240032672,0.511639240032672,0.61049734601548,0.441727610715031,"pup vs you"
"635",0.326928974673903,0.377194129735967,0.642116531805815,0.642116531805815,0.346473166475242,0.705499091282999,"pup vs you"
"636",0.266704775031907,0.380632036309723,0.67121009386804,0.67121009386804,0.311684001664932,0.701432205290061,"pup vs you"
"637",3.31040854324528,0.392405697619491,7.31883632346998e-09,7.31883632346998e-09,3.25358203165401,1.19282398709231e-08,"pup vs you"
"638",0.317691747633475,0.377359494473294,0.666828790728303,0.666828790728303,0.342406164716217,0.672217424898072,"pup vs you"
"639",0.402540568272395,0.374793212020948,0.617220623529064,0.617220623529064,0.47291496774503,0.584285079125042,"pup vs you"
"640",0.421361884023074,0.376307464957301,0.602015564084204,0.602015564084204,0.477419770890848,0.575870215813375,"pup vs you"
"641",0.413164062281132,0.377505110120976,0.583825599090787,0.583825599090787,0.402473508441178,0.633128152490985,"pup vs you"
"642",0.289109371852886,0.37394130312506,0.66383015514991,0.66383015514991,0.325267332059904,0.703770256251072,"pup vs you"
"643",0.345123025181314,0.375756795298914,0.647875338789618,0.647875338789618,0.409898082149266,0.60841684705203,"pup vs you"
"644",0.316341051678187,0.37815306995577,0.691149601795684,0.691149601795684,0.349586987143657,0.693786443236309,"pup vs you"
"645",-0.0409127273916436,0.386532914736028,0.862096849243294,0.862096849243294,0.0240750286910138,0.900178243599392,"pup vs you"
"646",0.188953489738568,0.382951314426953,0.748918086991802,0.748918086991802,0.198653782350284,0.807024316532047,"pup vs you"
"647",0.273627602228586,0.379988009380906,0.669165447839321,0.669165447839321,0.361506361526689,0.636856224973155,"pup vs you"
"648",-0.277393644140758,0.381234663410169,0.754356337828192,0.754356337828192,-0.232927471069439,0.838876596745349,"pup vs you"
"649",0.111815324729559,0.377862545142099,0.772096411411899,0.772096411411899,0.147007402779352,0.849397141997017,"pup vs you"
"650",-2.52666731041221,0.412964644459965,7.83402681181346e-05,7.83402681181346e-05,-2.51368869947977,3.8018152681144e-06,"pup vs you"
"651",0.461166154125367,0.38772188108941,0.590849843238132,0.590849843238132,0.521316152350364,0.552700224336993,"pup vs you"
"652",-1.17128077056727,0.252670920177083,0.0174336145479323,0.0174336145479323,-1.14751587014003,0.000405606400495967,"pup vs you"
"653",0.366477776105065,0.379963392820367,0.639780785264008,0.639780785264008,0.362352453183368,0.654345367672729,"pup vs you"
"654",0.376774887257256,0.378566570469687,0.630784496123821,0.630784496123821,0.356289454671586,0.672850633034942,"pup vs you"
"655",0.375884877576616,0.377453551404797,0.64076569286032,0.64076569286032,0.399200415287329,0.631969274476022,"pup vs you"
"656",0.427848032182506,0.38419828616272,0.589940891847926,0.589940891847926,0.449504299641331,0.598824989667242,"pup vs you"
"657",1.12084041999349,0.389206164146021,0.175952044073935,0.175952044073935,1.15763596337055,0.0782851463849876,"pup vs you"
"658",0.205279158246299,0.379505549359662,0.718947806534667,0.718947806534667,0.239716562093004,0.788560867083293,"pup vs you"
"659",0.523665576604974,0.383585838810938,0.532290668996468,0.532290668996468,0.54810425582998,0.508210097833509,"pup vs you"
"660",0.291139988055252,0.380346196203309,0.689471898394226,0.689471898394226,0.351459717277472,0.669780338991557,"pup vs you"
"661",0.352718854451113,0.378631841998265,0.644596793307486,0.644596793307486,0.320255562241782,0.706900427171185,"pup vs you"
"662",0.258060008591289,0.375764433978399,0.723125293356626,0.723125293356626,0.331538489683313,0.67636333569576,"pup vs you"
"663",0.29398207844971,0.384611098144202,0.677841755288937,0.677841755288937,0.272192105808216,0.757835783140737,"pup vs you"
"664",-0.400500106919825,0.384430695795589,0.669687864344197,0.669687864344197,-0.344724133540875,0.777739288912671,"pup vs you"
"665",0.135198310430578,0.384004179590292,0.767936378039518,0.767936378039518,0.207474153257123,0.774456180411763,"pup vs you"
"666",5.38777572004011,0.378900384662525,4.53196384660188e-21,4.53196384660188e-21,5.43473172887856,7.25841140626769e-27,"pup vs you"
"667",-1.62541064145293,0.413239809091529,0.0583080658040559,0.0583080658040559,-1.54871631765326,0.014090046919402,"pup vs you"
"668",0.258627725442626,0.379340827368166,0.664543316118035,0.664543316118035,0.316468965884561,0.702929160795504,"pup vs you"
"669",0.228267135066142,0.387119071665228,0.735926531688235,0.735926531688235,0.216328515494459,0.798497225298395,"pup vs you"
"670",-2.00565471681828,0.332210306773871,0.000215765129029532,0.000215765129029532,-1.99913077035587,1.86291851392628e-06,"pup vs you"
"671",-2.73449100124035,0.395789199776592,6.60545151599209e-07,6.60545151599209e-07,-2.68148440904002,3.74921829244921e-09,"pup vs you"
"672",0.0350573108986606,0.379526926385771,0.825946305361344,0.825946305361344,0.104088146649542,0.846218100573656,"pup vs you"
"673",0.0206340447554808,0.391933289164242,0.805863798691734,0.805863798691734,0.0725641169692972,0.902905205327686,"pup vs you"
"674",0.267072772202711,0.374235562440518,0.679161982779157,0.679161982779157,0.307927123571161,0.720967147438283,"pup vs you"
"675",-2.00882890069974,0.404314246439213,0.00207291131216369,0.00207291131216369,-1.93977615185681,0.000307597391760211,"pup vs you"
"676",0.414038095815317,0.383508202710772,0.595387754017467,0.595387754017467,0.503587843499885,0.552902798340494,"pup vs you"
"677",0.633345478454423,0.375635677733061,0.452624779342203,0.452624779342203,0.633950499316636,0.410626995596609,"pup vs you"
"678",0.272856190505399,0.379130182587215,0.693752080980469,0.693752080980469,0.277381674403617,0.760181404043896,"pup vs you"
"679",0.373417320925549,0.37661734883773,0.636269739343816,0.636269739343816,0.383963844926892,0.647266383971266,"pup vs you"
"680",0.35804764289566,0.373666478288847,0.658558496744154,0.658558496744154,0.377060955281002,0.646125553685517,"pup vs you"
"681",0.120065641822232,0.390604488526957,0.770599179554166,0.770599179554166,0.175974217809546,0.820098867651398,"pup vs you"
"682",0.29338627872496,0.377836086308077,0.673822385434325,0.673822385434325,0.368237308147472,0.645261259722319,"pup vs you"
"683",-0.786155636027585,0.370073696689858,0.374520162213898,0.374520162213898,-0.803282020322601,0.229018701276827,"pup vs you"
"684",0.295705061614382,0.381984479819031,0.677509415939786,0.677509415939786,0.363328108907316,0.674713696157653,"pup vs you"
"685",0.389241013410557,0.380695862041241,0.616861615934422,0.616861615934422,0.352140565833441,0.667330471245386,"pup vs you"
"686",-1.09062127610653,0.425162547225628,0.238724386575647,0.238724386575647,-1.07611373772618,0.181745832399969,"pup vs you"
"687",0.262350963416283,0.37484378982703,0.699396441031065,0.699396441031065,0.388706096067069,0.64778957364415,"pup vs you"
"688",0.122394052857578,0.378507790880633,0.745131640936981,0.745131640936981,0.1197923419334,0.854799438289571,"pup vs you"
"689",0.456764495383918,0.406167201280685,0.622456621749323,0.622456621749323,0.459460958818245,0.647054491361287,"pup vs you"
"690",0.30001383836532,0.38051446445318,0.661736048277609,0.661736048277609,0.285858412425456,0.70833179519836,"pup vs you"
"691",0.529483728438157,0.381885445802132,0.503121442777622,0.503121442777622,0.677860518941674,0.381384211747091,"pup vs you"
"692",0.33107685393754,0.374505676411037,0.634954104031506,0.634954104031506,0.336054780255185,0.685740511892153,"pup vs you"
"693",0.349231944118028,0.377060707959438,0.639460031347366,0.639460031347366,0.447494446045821,0.598747005176769,"pup vs you"
"694",0.359261651451579,0.375178909483868,0.640331610684799,0.640331610684799,0.371140291157363,0.666156071090806,"pup vs you"
"695",0.299068709566099,0.378077936508646,0.687073670006061,0.687073670006061,0.321890911463935,0.703380437459269,"pup vs you"
"696",0.303526675917914,0.379295636721318,0.657225077529789,0.657225077529789,0.310582850357628,0.745005666369278,"pup vs you"
"697",0.197929435127194,0.386827218421774,0.739843627313812,0.739843627313812,0.184656925271654,0.809752069751977,"pup vs you"
"698",1.09373062333632,0.384476267636168,0.206263909185266,0.206263909185266,1.09949465645562,0.0956697819104448,"pup vs you"
"699",0.35509668397593,0.376594650271878,0.639070251725777,0.639070251725777,0.369576110068523,0.658556863928367,"pup vs you"
"700",0.386027439219268,0.374080171084215,0.579164568992353,0.579164568992353,0.382998694338164,0.65234315244951,"pup vs you"
"701",0.241841911137915,0.378904876515535,0.708966469397535,0.708966469397535,0.235828537318832,0.767657825069556,"pup vs you"
"702",0.368560279920165,0.380627908275165,0.613539450190547,0.613539450190547,0.344485168427366,0.654118633894457,"pup vs you"
"703",-0.293526402039161,0.382476267113429,0.729396804990543,0.729396804990543,-0.191420321965198,0.876324832715874,"pup vs you"
"704",-2.1754535813274,0.474826722727533,0.00567716548149216,0.00567716548149216,-2.18191917313748,0.000612446124792817,"pup vs you"
"705",0.325737280530527,0.379369490281208,0.66031534694207,0.66031534694207,0.433355167309935,0.627849578219579,"pup vs you"
"706",0.33738997347652,0.376142425720479,0.659485689134189,0.659485689134189,0.362138085240005,0.654167573266486,"pup vs you"
"707",0.966116019721826,0.426414690236522,0.309407286477592,0.309407286477592,0.991975106718515,0.196805719137484,"pup vs you"
"708",0.30071103661753,0.380157717810603,0.652676607050504,0.652676607050504,0.336471378826358,0.703233787290505,"pup vs you"
"709",0.313521409060042,0.375449926277976,0.677232592754424,0.677232592754424,0.349816146919854,0.655608508063497,"pup vs you"
"710",0.274460760582935,0.377438962691736,0.67735943718085,0.67735943718085,0.317011159779441,0.70071242965557,"pup vs you"
"711",0.296272434097155,0.379034659954173,0.675890951564571,0.675890951564571,0.353314408785174,0.668819296442282,"pup vs you"
"712",0.294299506950144,0.377024199348426,0.703224244602076,0.703224244602076,0.424241348349414,0.607137316709118,"pup vs you"
"713",1.54168155847879,0.451097787451426,0.0713187098191255,0.0713187098191255,1.54753579815719,0.0168297357212119,"pup vs you"
"714",0.324614639522498,0.377084501352668,0.645532604875795,0.645532604875795,0.319688231878429,0.694375309731298,"pup vs you"
"715",0.717352516803576,0.389639908340338,0.409633361137491,0.409633361137491,0.810218720052681,0.307849604254922,"pup vs you"
"716",0.0307918024326562,0.385035589444607,0.810913989347837,0.810913989347837,0.048404151102419,0.879354379837059,"pup vs you"
"717",0.204988656573725,0.378415010849638,0.73466365268836,0.73466365268836,0.209419823939923,0.784123968593502,"pup vs you"
"718",0.305600970017928,0.378121707997426,0.655065551310863,0.655065551310863,0.383951684418565,0.651012157173804,"pup vs you"
"719",0.317650891474052,0.377310373991316,0.664173228633707,0.664173228633707,0.291937863305867,0.721884548959964,"pup vs you"
"720",0.154050264696845,0.380688112703475,0.72879757192543,0.72879757192543,0.181288195352732,0.813283288480529,"pup vs you"
"721",0.343546028161183,0.381208015611561,0.636711709043689,0.636711709043689,0.407573436153548,0.633538465583967,"pup vs you"
"722",0.389723161852479,0.3821666988995,0.633432487786714,0.633432487786714,0.44916799019943,0.597050245302822,"pup vs you"
"723",-0.39709616168416,0.418764384253032,0.720459482187022,0.720459482187022,-0.347422364698501,0.813863324082721,"pup vs you"
"724",0.307836814793369,0.38059630609217,0.65549236777595,0.65549236777595,0.365056494729031,0.663932273487003,"pup vs you"
"725",0.283830895858578,0.379479262482343,0.688757008776351,0.688757008776351,0.3493572232261,0.679689567256201,"pup vs you"
"726",0.327095335045863,0.375622064532437,0.667485898950671,0.667485898950671,0.392524249166523,0.644919437203988,"pup vs you"
"727",0.365348637300043,0.379465024608997,0.617641001064105,0.617641001064105,0.260550086147027,0.77019946750944,"pup vs you"
"728",-4.58115582700734,0.303954346218584,0,0,-4.5572580837745,0,"pup vs you"
"729",0.347243130798487,0.379295812423247,0.643395723702835,0.643395723702835,0.300939912712533,0.734222618561501,"pup vs you"
"730",0.725654103056915,0.387998971448938,0.416889061074294,0.416889061074294,0.635565851116749,0.430834406583982,"pup vs you"
"731",0.850909221217675,0.382573989146807,0.314436362923377,0.314436362923377,0.865659986023016,0.236552259380048,"pup vs you"
"732",0.339796888901725,0.382115462081289,0.65983376985312,0.65983376985312,0.378657410125998,0.650065871153064,"pup vs you"
"733",0.425411119868945,0.38183782755143,0.593304387181841,0.593304387181841,0.380029641148683,0.646149612164329,"pup vs you"
"734",0.221775128215908,0.380134535817721,0.7061879266161,0.7061879266161,0.322480747966044,0.685763204508532,"pup vs you"
"735",0.331215194782668,0.379158935263753,0.644343440828608,0.644343440828608,0.30818740253109,0.721942846593657,"pup vs you"
"736",0.345194011411544,0.377450756401738,0.616560898422679,0.616560898422679,0.363551813139488,0.67425276465583,"pup vs you"
"737",-0.295255072004091,0.393657654912082,0.772687172597608,0.772687172597608,-0.283074889005057,0.811366809644569,"pup vs you"
"738",0.543150618292444,0.387179973945398,0.505055457393967,0.505055457393967,0.533377059690992,0.521201918594081,"pup vs you"
"739",0.315930015602341,0.376893176797685,0.666952115238267,0.666952115238267,0.339886731934603,0.666279552374015,"pup vs you"
"740",0.211895328102537,0.384912328711476,0.729618091869197,0.729618091869197,0.178282234036274,0.801565744465295,"pup vs you"
"741",0.27906852125671,0.382318099803761,0.702193246118612,0.702193246118612,0.306832552116926,0.694156815525487,"pup vs you"
"742",0.375004062223836,0.373908410564061,0.604931783538473,0.604931783538473,0.403705008869965,0.643315525027212,"pup vs you"
"743",0.418487158101885,0.386541359669982,0.581842805658023,0.581842805658023,0.404602346757093,0.625986556048353,"pup vs you"
"744",5.58978338780975,0.444312427898398,1.90175858289102e-22,1.90175858289102e-22,5.59954488640247,6.34916575666951e-24,"pup vs you"
"745",0.0969955943673777,0.408555229673525,0.802993726067713,0.802993726067713,0.0861833049654178,0.905816671169003,"pup vs you"
"746",0.464007662078563,0.376898407110208,0.569557937216475,0.569557937216475,0.440945098131208,0.613818203520092,"pup vs you"
"747",0.313397752605654,0.373878539948163,0.684279964250614,0.684279964250614,0.388443482851001,0.65212776712496,"pup vs you"
"748",-3.59944755259474,0.355035554520857,4.33703642270346e-14,4.33703642270346e-14,-3.56586757393848,1.14548675366314e-15,"pup vs you"
"749",0.366583255080404,0.375167174784842,0.6251318743653,0.6251318743653,0.333891863618385,0.697148502910489,"pup vs you"
"750",0.320960051525531,0.378012157476239,0.659463823197424,0.659463823197424,0.355830131911793,0.658549823241348,"pup vs you"
"751",0.315799417455832,0.377963142847945,0.645132708979883,0.645132708979883,0.299728867013173,0.703455193784364,"pup vs you"
"752",-1.20887814655915,0.363518011554928,0.109356926336391,0.109356926336391,-1.18936237873484,0.030705363680843,"pup vs you"
"753",1.23513338078679,0.432477444587289,0.15913121398961,0.15913121398961,1.29841839775686,0.0436885641790498,"pup vs you"
"754",2.32187366799482,0.382846912327621,0.000126501792140696,0.000126501792140696,2.32455794237014,1.45973882580089e-05,"pup vs you"
"755",0.549966505018496,0.316689607074707,0.468399080055512,0.468399080055512,0.590028470086716,0.323975924484884,"pup vs you"
"756",0.27722505303473,0.377782892334347,0.677756443320527,0.677756443320527,0.369873967029004,0.669138532852407,"pup vs you"
"757",-0.773963194410434,0.373128458582231,0.365711781610474,0.365711781610474,-0.719349872626224,0.322155927477994,"pup vs you"
"758",-1.12784053927551,0.458346757326112,0.226325581334876,0.226325581334876,-1.08518511294027,0.197812066707443,"pup vs you"
"759",0.454492810698367,0.384664512062072,0.601802361927257,0.601802361927257,0.564459693139053,0.489068511008075,"pup vs you"
"760",0.31764948267723,0.377166401442764,0.649643522818373,0.649643522818373,0.349807066285405,0.670104151787161,"pup vs you"
"761",0.273784059761743,0.379528037411875,0.6886773265128,0.6886773265128,0.396460107301501,0.622230294279956,"pup vs you"
"762",1.88155589494875,0.326979187238578,0.000206409039197159,0.000206409039197159,1.91875752666876,9.3788774938812e-07,"pup vs you"
"763",0.293672175356187,0.378496374906954,0.688189172782917,0.688189172782917,0.335096592266582,0.687532891059495,"pup vs you"
"764",0.273147439007222,0.374716469152935,0.682410075130493,0.682410075130493,0.263957155849283,0.73279788538161,"pup vs you"
"765",-0.196051137810707,0.402303581312794,0.809192753007528,0.809192753007528,-0.080470627659636,0.949568770518087,"pup vs you"
"766",0.2479947329989,0.374728747051646,0.715002558393612,0.715002558393612,0.377698206774235,0.644353866236332,"pup vs you"
"767",0.374322793826552,0.377560306417658,0.631049383724433,0.631049383724433,0.362583996711266,0.659755271740291,"pup vs you"
"768",0.277853080531096,0.375285470527903,0.668689739263984,0.668689739263984,0.261897820299115,0.716006768974821,"pup vs you"
"769",2.14330457360795,0.372364635037919,0.000502379691847787,0.000502379691847787,2.17539921740292,5.43088138403012e-06,"pup vs you"
"770",1.22869082052609,0.313659201092375,0.0390658219161615,0.0390658219161615,1.23258657378592,0.00236805579309643,"pup vs you"
"771",0.276490613505217,0.379230882594861,0.68129724088016,0.68129724088016,0.417988851053261,0.610064175665836,"pup vs you"
"772",0.247349353324368,0.381572790130293,0.702590573968762,0.702590573968762,0.349930231340566,0.684109156193728,"pup vs you"
"773",0.28687856539882,0.377976587800405,0.679834701363987,0.679834701363987,0.350886485823123,0.665144611340448,"pup vs you"
"774",0.31263135904486,0.371425680733812,0.657264011603401,0.657264011603401,0.307657878540136,0.717339803306642,"pup vs you"
"775",0.33063239524583,0.380947876124,0.643114065702583,0.643114065702583,0.318924919718008,0.687992619463035,"pup vs you"
"776",0.327936621486991,0.374246283182497,0.630843296147667,0.630843296147667,0.287634486033578,0.74242548082214,"pup vs you"
"777",0.348094007470858,0.376104997970196,0.633017563419078,0.633017563419078,0.31312409567308,0.693101221842113,"pup vs you"
"778",0.288135851975665,0.374575912219973,0.698766837216899,0.698766837216899,0.349796652814422,0.693424224780321,"pup vs you"
"779",0.27226634979334,0.381709635078393,0.688030070283183,0.688030070283183,0.354696095329607,0.67715934656242,"pup vs you"
"780",-0.185752550952602,0.385973396522981,0.774413212140214,0.774413212140214,-0.0887355860927238,0.931002763280121,"pup vs you"
"781",0.823040608984981,0.415523548532763,0.372476472284615,0.372476472284615,0.824678688736848,0.296196284611463,"pup vs you"
"782",0.302930980503755,0.380625020563176,0.64969597837271,0.64969597837271,0.311131670474871,0.709297989903892,"pup vs you"
"783",0.321269767114282,0.380519669584782,0.657796258438272,0.657796258438272,0.330101077069925,0.703772013433432,"pup vs you"
"784",0.289261899824069,0.380202159183255,0.682392607683356,0.682392607683356,0.373554940241116,0.662610253336606,"pup vs you"
"785",0.228735586449934,0.376722524284905,0.731706037579297,0.731706037579297,0.284816628427705,0.724366594999946,"pup vs you"
"786",5.25527248940654,0.406016803079574,9.03031907724832e-23,9.03031907724832e-23,5.2992385361913,1.42960399644818e-24,"pup vs you"
"787",0.28816346706727,0.378732063158595,0.693217827469451,0.693217827469451,0.396507222580243,0.63066770481251,"pup vs you"
"788",-1.65612500901717,0.49058619226351,0.0586608143994657,0.0586608143994657,-1.59028145984281,0.0281195855221739,"pup vs you"
"789",0.252092331215351,0.378875944010182,0.702505385123358,0.702505385123358,0.296545226958042,0.728109545734968,"pup vs you"
"790",0.507622141449162,0.385647493300832,0.531461700769378,0.531461700769378,0.531339218110332,0.511370568228148,"pup vs you"
"791",0.325607308067148,0.374302342941773,0.648562486959451,0.648562486959451,0.33477421782645,0.704873771612819,"pup vs you"
"792",0.304235498939297,0.374841938018923,0.655966963186633,0.655966963186633,0.33500321317391,0.685146148148116,"pup vs you"
"793",0.214380707701519,0.377592055715461,0.726070788842688,0.726070788842688,0.332166991299036,0.715889754923612,"pup vs you"
"794",0.314543708934623,0.379185652719605,0.669447729600314,0.669447729600314,0.412897649501045,0.618277951916932,"pup vs you"
"795",0.348901767946546,0.392050516486257,0.663741223152664,0.663741223152664,0.47951365560151,0.579289894578206,"pup vs you"
"796",0.309823240745734,0.376345934227209,0.69606718906417,0.69606718906417,0.332606787093971,0.678642452343864,"pup vs you"
"797",-0.472712201712033,0.425090481652445,0.642969485512815,0.642969485512815,-0.435917569939239,0.75274454489542,"pup vs you"
"798",-2.92728710918154,0.396584287824059,1.84088829358229e-07,1.84088829358229e-07,-2.90569271415329,2.93099775926237e-09,"pup vs you"
"799",0.282010996285739,0.380596203339591,0.663727774420243,0.663727774420243,0.293553628348222,0.677321795945254,"pup vs you"
"800",-1.58407009668058,0.297364284369032,0.000828643631394344,0.000828643631394344,-1.54379577065669,8.4982102012809e-06,"pup vs you"
"801",0.350120695606067,0.377651137431657,0.647855244071465,0.647855244071465,0.378030150036001,0.663680792738651,"pup vs you"
"802",-0.600198390929542,0.467901982147526,0.64715066855345,0.64715066855345,-0.529855742566683,0.782305105302375,"pup vs you"
"803",1.18567423565565,0.371307253447592,0.1211103890523,0.1211103890523,1.18558132789585,0.0577772586054583,"pup vs you"
"804",0.259186258930301,0.375417332371238,0.694212239873041,0.694212239873041,0.334140709595299,0.676426838593163,"pup vs you"
"805",0.26303558651122,0.375048023256976,0.715543743560157,0.715543743560157,0.305068855733,0.734840270724665,"pup vs you"
"806",0.396318251841004,0.383387907461442,0.596144382055495,0.596144382055495,0.433688139220799,0.603940817330306,"pup vs you"
"807",0.327092192928408,0.373132864535441,0.643865822405885,0.643865822405885,0.32333324913365,0.694920470924786,"pup vs you"
"808",0.247145984343194,0.380429819825707,0.714598588440841,0.714598588440841,0.373687001742367,0.682501780341707,"pup vs you"
"809",-2.89544656682427,0.297499592410704,9.09881657633383e-13,9.09881657633383e-13,-2.87068942800167,3.84810494058998e-16,"pup vs you"
"810",-0.713547362634268,0.400092478225936,0.453148278542808,0.453148278542808,-0.617221803048191,0.580769618538883,"pup vs you"
"811",0.353968514027474,0.391383212520141,0.667912388309276,0.667912388309276,0.341503690296475,0.706762864280316,"pup vs you"
"812",0.316833628954128,0.377918283301195,0.649451587845548,0.649451587845548,0.284972248461657,0.72745664635044,"pup vs you"
"813",0.355080191381802,0.375209270469125,0.653758897347464,0.653758897347464,0.324422520096936,0.698215821758206,"pup vs you"
"814",0.368066018513402,0.426366798136032,0.663615282286803,0.663615282286803,0.387974804592658,0.709965827938371,"pup vs you"
"815",-3.56087912988819,0.395312417253949,2.05988626739333e-10,2.05988626739333e-10,-3.52239118721624,1.8070088802007e-11,"pup vs you"
"816",1.01359978877301,0.385304644430262,0.1977342239816,0.1977342239816,1.06970736205685,0.0493927835581542,"pup vs you"
"817",1.74761676403841,0.349486147772489,0.00561415265359858,0.00561415265359858,1.78398614489368,0.000138981861981282,"pup vs you"
"818",0.287299360257078,0.380193330072752,0.705822692329392,0.705822692329392,0.341911220119918,0.6899072372266,"pup vs you"
"819",0.15550954601993,0.387133869623128,0.761215589123696,0.761215589123696,0.128794938059882,0.827404105883515,"pup vs you"
"820",1.05708869129928,0.384699932574376,0.224773328784537,0.224773328784537,1.1116717831472,0.0866310816591354,"pup vs you"
"821",1.41697281105279,0.420349744361129,0.0814015704344028,0.0814015704344028,1.50165642403608,0.0246439448113078,"pup vs you"
"822",1.16279904833025,0.386986817850268,0.179508973360299,0.179508973360299,1.23990405292844,0.0556796993744849,"pup vs you"
"823",0.260685257463627,0.380557341771608,0.695696291248582,0.695696291248582,0.372949173335874,0.658315028663154,"pup vs you"
"824",-0.655630789959571,0.399121070171249,0.518885369277888,0.518885369277888,-0.602933482491105,0.567564428416659,"pup vs you"
"825",-3.20678399249841,0.343549746450265,6.35925987231832e-10,6.35925987231832e-10,-3.20098800284316,6.33051628364791e-14,"pup vs you"
"826",0.0256962484205415,0.391482656619693,0.839688772919203,0.839688772919203,-0.00395922530240737,0.938375559760855,"pup vs you"
"827",0.272925750030824,0.377710161040264,0.700723971467381,0.700723971467381,0.317989151171925,0.704713775739127,"pup vs you"
"828",-0.759508646104137,0.380127837023112,0.396758793052521,0.396758793052521,-0.791899243595674,0.339535695477859,"pup vs you"
"829",-2.64956516809905,0.367027918903718,1.44172282628623e-07,1.44172282628623e-07,-2.61444883778943,2.42999043216479e-10,"pup vs you"
"830",-0.231255800497501,0.300520253486257,0.759195636720251,0.759195636720251,-0.186282367939778,1,"pup vs you"
"831",-0.143964682170147,0.382620490340675,0.80722592713493,0.80722592713493,-0.0382592158075343,0.925289903423242,"pup vs you"
"832",1.68972086217039,0.307830138427675,0.00182223151793522,0.00182223151793522,1.71772424833299,2.96227547282601e-05,"pup vs you"
"833",0.205459818456663,0.390527051664356,0.708668459453244,0.708668459453244,0.280401066974731,0.7462174704531,"pup vs you"
"834",0.607732700918269,0.361567218337031,0.462845027078332,0.462845027078332,0.632529158421992,0.307906509185621,"pup vs you"
"835",-0.800004092812029,0.391517830504113,0.368698619183295,0.368698619183295,-0.787840309635903,0.363457039043764,"pup vs you"
"836",-4.33725274105781,0.330802498286797,0,0,-4.28127050795073,0,"pup vs you"
"837",-0.133662621486719,0.383271105111617,0.836209879018581,0.836209879018581,-0.0954309350362096,0.941626761867511,"pup vs you"
"838",0.0938548436170676,0.387318403614245,0.820509981450173,0.820509981450173,0.154414572908892,0.837324119461526,"pup vs you"
"839",-0.35492463966355,0.391110931974377,0.749782284989329,0.749782284989329,-0.358265726260058,0.810780757600604,"pup vs you"
"840",2.47805481210373,0.433252276880787,0.000480936307287446,0.000480936307287446,2.46259296559412,3.66140922948064e-05,"pup vs you"
"841",0.648200576671678,0.399151467276144,0.449643773057377,0.449643773057377,0.702380040012787,0.388174563364471,"pup vs you"
"842",1.43162982660108,0.470695855527073,0.127274603786512,0.127274603786512,1.46255277662097,0.0428731489522547,"pup vs you"
"843",-0.225886579906636,0.396515746273993,0.787182059324946,0.787182059324946,-0.174930276620774,0.889248400343258,"pup vs you"
"844",0.379265094384961,0.374247168060022,0.594921200806677,0.594921200806677,0.322017316431636,0.709590296349593,"pup vs you"
"845",0.289161062668477,0.377609792019763,0.679664032373084,0.679664032373084,0.297740106416896,0.720245027352673,"pup vs you"
"846",0.367147991326018,0.37708879379421,0.635803995298971,0.635803995298971,0.29935670296428,0.703984039546841,"pup vs you"
"847",3.04072747446339,0.352792398731127,3.27351469926764e-09,3.27351469926764e-09,3.08066652915389,7.95959259200255e-12,"pup vs you"
"848",-0.782878220034638,0.30301936548622,0.284549436748241,0.284549436748241,-0.745069275712871,0.141698754609654,"pup vs you"
"849",0.536880585078756,0.361388900962832,0.513900241248038,0.513900241248038,0.552716680879848,0.428113707666567,"pup vs you"
"850",0.314196863204317,0.380412689732626,0.668796338547098,0.668796338547098,0.407465466325575,0.633112809174872,"pup vs you"
"851",0.358255933556699,0.377666656650039,0.648466660171024,0.648466660171024,0.355972246741483,0.700232297758298,"pup vs you"
"852",-1.97284186488397,0.370697108901881,0.00275898106358636,0.00275898106358636,-1.96014624982438,0.000299038662589473,"pup vs you"
"853",0.577823014209878,0.334318623892105,0.448646246760567,0.448646246760567,0.599946326344471,0.270081766216715,"pup vs you"
"854",-3.47545720364923,0.373259873632484,1.48662833857356e-12,1.48662833857356e-12,-3.43627804280788,1.61236010217645e-15,"pup vs you"
"855",0.379241521923513,0.390625893924598,0.640599329112462,0.640599329112462,0.40720608917836,0.667954717165222,"pup vs you"
"856",0.301873575193855,0.378203104004815,0.698119729504066,0.698119729504066,0.344770366069834,0.685399655449505,"pup vs you"
"857",-1.5000898427478,0.286788720548586,0.00253237340035958,0.00253237340035958,-1.48779553773741,4.48065087907146e-05,"pup vs you"
"858",0.113565351869198,0.434073202743403,0.835522066803845,0.835522066803845,0.128193986782488,0.91702874217333,"pup vs you"
"859",0.64976044527468,0.381299001669149,0.45756917498986,0.45756917498986,0.663870223544073,0.400490892613541,"pup vs you"
"860",2.65477828050974,0.428568352702351,6.41237767248033e-05,6.41237767248033e-05,2.67827266269046,1.73161065100314e-05,"pup vs you"
"861",0.236463603471647,0.388792769881723,0.744639904704106,0.744639904704106,0.329819336697243,0.701593418387647,"pup vs you"
"862",0.529971524163439,0.435867575874807,0.602560528655284,0.602560528655284,0.579011743656796,0.526373180577215,"pup vs you"
"863",-0.227222734185599,0.40888324693335,0.796328858201437,0.796328858201437,-0.188424406228026,0.933669595044156,"pup vs you"
"864",0.328441040501398,0.383534046537073,0.690188156229148,0.690188156229148,0.378959734316056,0.665909701234827,"pup vs you"
"865",1.94964110286016,0.395292191404187,0.0113337651015713,0.0113337651015713,1.94961134648287,0.00124811113192422,"pup vs you"
"866",0.236457262221001,0.378765913962499,0.687857381917899,0.687857381917899,0.292954451481757,0.7167535295142,"pup vs you"
"867",0.438033730247175,0.218245883215643,0.41004558453289,0.41004558453289,0.46734134581192,0.185600098128128,"pup vs you"
"868",-1.57167529072099,0.380850686139807,0.0406096663012247,0.0406096663012247,-1.60712898720762,0.00506815724954343,"pup vs you"
"869",0.175793546923242,0.383800969981325,0.786494113051293,0.786494113051293,0.290066825499243,0.745802441573503,"pup vs you"
"870",1.17282536740203,0.359675172207252,0.11906460782691,0.11906460782691,1.20137520199762,0.041900781036129,"pup vs you"
"871",-1.90847540852178,0.414139614748289,0.00556930346911845,0.00556930346911845,-1.92783843578568,0.000239886741410379,"pup vs you"
"872",0.354996848645008,0.37713096012218,0.636464934205391,0.636464934205391,0.454196880303547,0.575471703879809,"pup vs you"
"873",0.37131937570734,0.382686211959857,0.635022544183025,0.635022544183025,0.413184662541374,0.629803407697516,"pup vs you"
"874",-0.0376376512142662,0.376906428235168,0.80315999144229,0.80315999144229,0.00187837003831278,0.90227804957653,"pup vs you"
"875",0.957328275638974,0.415320420266306,0.312561458124003,0.312561458124003,1.0316402861707,0.167925495651715,"pup vs you"
"876",0.885077946336167,0.409244333955153,0.341677078865832,0.341677078865832,0.856923385164023,0.268555935215981,"pup vs you"
"877",2.55607941306862,0.467700544406142,0.00022428276572766,0.00022428276572766,2.608348061082,1.88659048311716e-05,"pup vs you"
"878",1.15069333091327,0.390315132464645,0.175596935208201,0.175596935208201,1.13882883141144,0.102241450458505,"pup vs you"
"879",5.23344773752158,0.385145272190451,6.72393173584659e-24,6.72393173584659e-24,5.26957850012308,2.44275237352048e-23,"pup vs you"
"880",-0.283411470282516,0.385311244210136,0.747097466941084,0.747097466941084,-0.226587078814727,0.876828488018671,"pup vs you"
"881",0.301887790439103,0.38394467967257,0.72160639903676,0.72160639903676,0.296750510691638,0.748763774371301,"pup vs you"
"882",0.33575816726243,0.382268881114166,0.654851598523223,0.654851598523223,0.349178336821319,0.708268619131493,"pup vs you"
"883",1.7347874080762,0.31934831318108,0.00178633945083154,0.00178633945083154,1.76407279857419,5.11072698160055e-05,"pup vs you"
"884",-4.28309444798811,0.353819595224406,0,0,-4.26954421096816,0,"pup vs you"
"885",0.121311647910371,0.390484576199272,0.794902559328378,0.794902559328378,0.128157019574986,0.857916919516175,"pup vs you"
"886",-3.08486582187866,0.491613959302745,4.56099857779241e-06,4.56099857779241e-06,-3.02392054946364,1.38796617989367e-07,"pup vs you"
"887",0.221633429390247,0.378650862383712,0.735251133501152,0.735251133501152,0.196779699427272,0.797816180254721,"pup vs you"
"888",-5.49119554912099,0.345140372159185,0,0,-5.40339459720922,0,"pup vs you"
"889",2.65709068909726,0.353674049583636,8.03564022710219e-08,8.03564022710219e-08,2.6866691456723,3.05719349090748e-09,"pup vs you"
"890",-0.729044628523073,0.334734109182413,0.36019197374272,0.36019197374272,-0.670771257317964,0.335941825988822,"pup vs you"
"891",2.53064479857292,0.431364147130884,8.88314465805919e-05,8.88314465805919e-05,2.56182438084881,7.65022108948105e-06,"pup vs you"
"892",1.03302867243456,0.407068070753384,0.266746439100987,0.266746439100987,1.13125879732215,0.138690183933253,"pup vs you"
"893",0.475336412344263,0.438175679873506,0.632035428384519,0.632035428384519,0.481304573334492,0.664200746238827,"pup vs you"
"894",0.297353740879619,0.379268040134955,0.676319480727254,0.676319480727254,0.399152705180907,0.642279458896111,"pup vs you"
"895",3.62062849448319,0.41760683998136,1.16980888188625e-09,1.16980888188625e-09,3.69213779261937,4.00564791889934e-11,"pup vs you"
"896",0.40732868393702,0.387595731041118,0.642348099381793,0.642348099381793,0.407915823131308,0.649707799800701,"pup vs you"
"897",0.159335256207977,0.373977810553017,0.751219653510751,0.751219653510751,0.191199561497833,0.852452538870708,"pup vs you"
"898",-0.72223835747172,0.407930520904325,0.456076134417153,0.456076134417153,-0.62314234951323,0.549219193015243,"pup vs you"
"899",0.328820833504335,0.377003371459757,0.625283330042612,0.625283330042612,0.38615657600344,0.633709518754597,"pup vs you"
"900",0.504785498388052,0.376131605707,0.560390272083854,0.560390272083854,0.569338894131045,0.485781072031102,"pup vs you"
"901",0.472259626601258,0.386996654555742,0.579724787655148,0.579724787655148,0.411103336991397,0.658061048028804,"pup vs you"
"902",0.298636887644224,0.377171924340935,0.680887746795447,0.680887746795447,0.36347545988253,0.647676383347141,"pup vs you"
"903",2.83782509217029,0.423176945498735,1.21464945480313e-05,1.21464945480313e-05,2.8837582156625,6.57360562733429e-08,"pup vs you"
"904",3.25142720033418,0.400063148431792,7.47444277883551e-09,7.47444277883551e-09,3.29284842703919,2.52825349724409e-10,"pup vs you"
"905",0.540838905247403,0.398943329828816,0.517673875115362,0.517673875115362,0.532066834001559,0.529156358007924,"pup vs you"
"906",2.1181521245668,0.28869519830667,1.26976702289502e-06,1.26976702289502e-06,2.14767375543794,6.37972364116526e-11,"pup vs you"
"907",0.486223413165907,0.413874928060991,0.587465507497626,0.587465507497626,0.539886151995168,0.559577341667354,"pup vs you"
"908",0.0376960379651266,0.386080385552826,0.816766454089615,0.816766454089615,0.0798766175877014,0.853464789031412,"pup vs you"
"909",0.27918503280219,0.379588564758569,0.669965036829789,0.669965036829789,0.292954662002274,0.727294253246588,"pup vs you"
"910",0.363030870043768,0.378671942393305,0.675637005536311,0.675637005536311,0.401949107176244,0.618715776093742,"pup vs you"
"911",1.32832459513203,0.381617672653801,0.135598322468452,0.135598322468452,1.29216449984672,0.0555097252366083,"pup vs you"
"912",0.429350453648643,0.391650390342794,0.586055869197648,0.586055869197648,0.433827637532242,0.619543925118827,"pup vs you"
"913",-0.115131079225572,0.381049212874144,0.799151926560709,0.799151926560709,-0.114530592788422,0.898018348689824,"pup vs you"
"914",1.78362523814668,0.468958440031545,0.0180326529058732,0.0180326529058732,1.80742395745987,0.00431514580199153,"pup vs you"
"915",-0.0596464573839365,0.415276201608055,0.86653708955488,0.86653708955488,-0.0506798903932828,0.948371721762954,"pup vs you"
"916",0.296810980652576,0.431063260003095,0.719591393089532,0.719591393089532,0.364973906451257,0.722223118628577,"pup vs you"
"917",0.11482301413999,0.466207524434794,0.862552668912542,0.862552668912542,0.153174894077141,0.951565462398716,"pup vs you"
"918",0.448873987318438,0.374910754493922,0.584473171380157,0.584473171380157,0.462546946427272,0.577981491076755,"pup vs you"
"919",0.314721471309488,0.398111429419164,0.682121683082638,0.682121683082638,0.345887136083743,0.719031573359737,"pup vs you"
"920",0.187539997235762,0.393337354233436,0.72965585729138,0.72965585729138,0.163365895487353,0.824976016252962,"pup vs you"
"921",-1.41638324078683,0.421377497321024,0.0670031498047263,0.0670031498047263,-1.38138068983916,0.02311603484654,"pup vs you"
"922",-3.52887058824079,0.345219593883316,5.21705932797689e-12,5.21705932797689e-12,-3.54821696786827,1.32701534741018e-14,"pup vs you"
"923",2.52528481388256,0.398198865621744,0.00102511882906894,0.00102511882906894,2.61118722382677,3.57015480273912e-06,"pup vs you"
"924",0.48768444651466,0.38325196561495,0.552671179836953,0.552671179836953,0.491537477237631,0.56274022395327,"pup vs you"
"925",0.640751241192855,0.392138779774548,0.472749891345887,0.472749891345887,0.716070578245825,0.330319441351544,"pup vs you"
"926",-2.2452058762134,0.3275010963275,2.25040127486473e-05,2.25040127486473e-05,-2.22362034292961,3.63771709160327e-07,"pup vs you"
"927",-1.77664963180273,0.352676949387093,0.00612958678014321,0.00612958678014321,-1.6747574734349,0.000471854494705794,"pup vs you"
"928",0.900110809512503,0.399718696277729,0.327097051906285,0.327097051906285,0.896235677745257,0.234195665668659,"pup vs you"
"929",-5.0862023398317,0.3669139053607,0,0,-5.03558138849341,0,"pup vs you"
"930",0.569126469987832,0.391057595102285,0.516896972365855,0.516896972365855,0.561092776006157,0.499296800530987,"pup vs you"
"931",0.585846584373845,0.381763105157192,0.513110047214328,0.513110047214328,0.708028786911171,0.372668492446759,"pup vs you"
"932",2.43329504208857,0.406136700036175,0.000327515201493096,0.000327515201493096,2.41917294938734,4.89528017338426e-05,"pup vs you"
"933",0.361744133463514,0.377088484906901,0.637873225565056,0.637873225565056,0.401684812744063,0.641407468417796,"pup vs you"
"934",0.235730400047634,0.377080873347937,0.706042268742385,0.706042268742385,0.284694733159082,0.729391823045087,"pup vs you"
"935",0.882030010423536,0.410033830281408,0.328898619792951,0.328898619792951,0.88489921026175,0.230059590749386,"pup vs you"
"936",0.224777752697629,0.400674966700104,0.755689836258629,0.755689836258629,0.259441176719038,0.798143190443638,"pup vs you"
"937",-0.376264348962684,0.42515559698899,0.745750850102668,0.745750850102668,-0.325126349027477,0.945626102048517,"pup vs you"
"938",-0.744135718271721,0.390831946394806,0.398217353467566,0.398217353467566,-0.73761422420209,0.393714738695852,"pup vs you"
"939",-1.48931589277082,0.450976776730222,0.0706726994476398,0.0706726994476398,-1.45745422119454,0.0311244438845511,"pup vs you"
"940",0.348253335933062,0.376464090280199,0.646670935298355,0.646670935298355,0.381026445589854,0.635838610250746,"pup vs you"
"941",0.322179338618173,0.381825056244788,0.662962561314407,0.662962561314407,0.365289630421306,0.673695944768565,"pup vs you"
"942",0.155058384598926,0.404298008557577,0.777157936218663,0.777157936218663,0.188305925365115,0.846678153603112,"pup vs you"
"943",-0.0700921036061618,0.387420622185835,0.842771097507152,0.842771097507152,-0.140623177738477,0.902220364284587,"pup vs you"
"944",-3.28253401397155,0.262108767313413,0,0,-3.24585429004481,0,"pup vs you"
"945",1.85497228608187,0.394493086647359,0.017540916300625,0.017540916300625,1.9232655724223,0.00260887921667286,"pup vs you"
"946",1.13549511959801,0.369778933360205,0.191182071905808,0.191182071905808,1.12906818550166,0.0585267144182533,"pup vs you"
"947",-3.84931587440923,0.33910059903814,1.172791156745e-15,1.172791156745e-15,-3.82049848453764,0,"pup vs you"
"948",0.499681810006521,0.394073404441857,0.547156699311639,0.547156699311639,0.499142535137967,0.57703526826291,"pup vs you"
"949",0.0417917097729538,0.389035734174345,0.810659261788601,0.810659261788601,0.0510993933549563,0.89440951432783,"pup vs you"
"950",-0.243595673325063,0.366208676331262,0.765323208065354,0.765323208065354,-0.220266010899195,0.912409049259214,"pup vs you"
"951",-1.48202228070307,0.396354040586555,0.0433854212941904,0.0433854212941904,-1.42883108635268,0.0129773442188997,"pup vs you"
"952",-0.649384780340682,0.360120574983748,0.456684637271183,0.456684637271183,-0.62428524927959,0.466012337290466,"pup vs you"
"953",3.35666028318365,0.466132094657014,1.38931226231465e-07,1.38931226231465e-07,3.39402330975664,3.77853542883845e-08,"pup vs you"
"954",0.329595621974252,0.382063797409248,0.669474276562439,0.669474276562439,0.350467788534711,0.663364331845168,"pup vs you"
"955",-0.286692438814027,0.394322616633253,0.74804432235039,0.74804432235039,-0.249745728068715,0.846828799570353,"pup vs you"
"956",0.327115584860886,0.372589234417751,0.662696782410347,0.662696782410347,0.383034223855506,0.660664842294656,"pup vs you"
"957",0.23448200192065,0.375264781043949,0.710622278395299,0.710622278395299,0.289054320357763,0.737095759108312,"pup vs you"
"958",0.44382113502958,0.389229444949583,0.59059271440779,0.59059271440779,0.498589647625267,0.571444740019327,"pup vs you"
"959",0.340808851986848,0.376371170883552,0.64925389967634,0.64925389967634,0.334212288529929,0.712105030071826,"pup vs you"
"960",0.294370048236471,0.377099572629506,0.658291238457589,0.658291238457589,0.324915320266828,0.699279069932891,"pup vs you"
"961",-0.129125645513319,0.41775148055035,0.842575039044876,0.842575039044876,-0.0590443776319532,0.933045010280103,"pup vs you"
"962",0.891306975975865,0.406204478264294,0.32225237718353,0.32225237718353,1.01480027155395,0.156311600487334,"pup vs you"
"963",0.214383610587938,0.385251274867937,0.695909211040094,0.695909211040094,0.260217712377521,0.781358722601975,"pup vs you"
"964",0.17319407220652,0.36878870177652,0.773876450282161,0.773876450282161,0.194238310866271,0.823197821648012,"pup vs you"
"965",3.35264668614653,0.447389631640086,7.10140557082272e-08,7.10140557082272e-08,3.29046530319253,3.1877918042194e-07,"pup vs you"
"966",-1.83712688797377,0.447857697631461,0.0150617628529583,0.0150617628529583,-1.83072754815546,0.00847427142923226,"pup vs you"
"967",-0.595999246490708,0.409093915319277,0.572772900737698,0.572772900737698,-0.548833790254274,0.629772018125192,"pup vs you"
"968",0.280655177838411,0.376305115246317,0.710000654765918,0.710000654765918,0.301205849918086,0.69428795556073,"pup vs you"
"969",0.123034186638036,0.380219479975257,0.793002240184724,0.793002240184724,0.192908539994772,0.826786028503206,"pup vs you"
"970",0.61965581351425,0.386954788359406,0.514795831857637,0.514795831857637,0.650370287204529,0.403117457368476,"pup vs you"
"971",-0.69102058589488,0.41564863986279,0.520938667113698,0.520938667113698,-0.619200212919413,0.598241755232474,"pup vs you"
"972",0.221770645015957,0.38466337296982,0.731337746666049,0.731337746666049,0.240754066263143,0.773407916631159,"pup vs you"
"973",0.252290503266968,0.380086446868629,0.692438170689743,0.692438170689743,0.26103842269465,0.752401504888214,"pup vs you"
"974",0.344015453071788,0.377340013826956,0.660594726011336,0.660594726011336,0.377668581476655,0.66748086257109,"pup vs you"
"975",-0.104685641326699,0.390130055485018,0.840546208859897,0.840546208859897,-0.116357371067472,0.929015291750307,"pup vs you"
"976",0.263746373968991,0.379354021556094,0.711281865789739,0.711281865789739,0.324217402593862,0.693591397826769,"pup vs you"
"977",-3.1462713489815,0.405069001674641,1.6976401344206e-07,1.6976401344206e-07,-3.05121694129941,3.44252790593425e-09,"pup vs you"
"978",-5.02211292047793,0.339453922513213,0,0,-5.02823596950262,0,"pup vs you"
"979",-3.30047929494036,0.376156565807821,4.11786154468948e-10,4.11786154468948e-10,-3.28397208782708,2.4269908115372e-12,"pup vs you"
"980",0.119396702246826,0.385693911135026,0.787845967261588,0.787845967261588,0.105841751460659,0.853804120767594,"pup vs you"
"981",0.078782495507328,0.385775366090038,0.796425504466472,0.796425504466472,0.135864705926458,0.848015610593435,"pup vs you"
"982",0.205778416222534,0.285538424209639,0.690614257684705,0.690614257684705,0.247221492182723,0.78010091703367,"pup vs you"
"983",0.326761911232356,0.375479244519382,0.650742970068556,0.650742970068556,0.422020648060361,0.618052350261799,"pup vs you"
"984",-4.72024539012505,0.348005092868934,0,0,-4.70788607097128,0,"pup vs you"
"985",-1.63069903482106,0.389367518304051,0.0148948826774688,0.0148948826774688,-1.58527149525511,0.00597453641338124,"pup vs you"
"986",0.386348870331759,0.378091507915934,0.625878017519067,0.625878017519067,0.375010667378262,0.641298977637064,"pup vs you"
"987",-0.0437391310165735,0.384409940635937,0.853445798573783,0.853445798573783,-0.00735558447859519,0.922880333930445,"pup vs you"
"988",-2.82575881933604,0.424808523603221,1.23769996042153e-05,1.23769996042153e-05,-2.81775362052557,6.19693349272383e-06,"pup vs you"
"989",-0.669959977493545,0.325991998570303,0.407574351401959,0.407574351401959,-0.672724253463491,0.302900000614751,"pup vs you"
"990",0.410305551592974,0.38202521049397,0.620553825233837,0.620553825233837,0.408276408696357,0.658988254081645,"pup vs you"
"991",4.14545893369393,0.449058578239028,8.16921653108347e-10,8.16921653108347e-10,4.11266578363536,1.02116232222038e-11,"pup vs you"
"992",-1.10804361224101,0.414673118041831,0.210959616955338,0.210959616955338,-1.12463381799224,0.123768827023558,"pup vs you"
"993",0.309634610062027,0.377608912659503,0.667495663439989,0.667495663439989,0.341135736667669,0.708580671924605,"pup vs you"
"994",0.327819390587102,0.373893854868222,0.650289453609051,0.650289453609051,0.278841555047833,0.728211305383292,"pup vs you"
"995",0.306726804519175,0.377898854785376,0.680819540606739,0.680819540606739,0.326905780572913,0.684664061784192,"pup vs you"
"996",-0.289459930816011,0.377525139584732,0.757448364577208,0.757448364577208,-0.266787298661641,0.878523692731302,"pup vs you"
"997",0.831798699877586,0.337764317141974,0.25440352909202,0.25440352909202,0.862526401280532,0.112606250530202,"pup vs you"
"998",-0.470484125341373,0.42112155715008,0.66267305671417,0.66267305671417,-0.396723125056851,0.82260997557607,"pup vs you"
"999",0.287499147086399,0.376093512481561,0.687909312768577,0.687909312768577,0.299753048871452,0.70072661152379,"pup vs you"
"1000",3.63904650168479,0.43996943330039,1.53145714668329e-10,1.53145714668329e-10,3.69204898138153,4.21516065302588e-13,"pup vs you"
"1001",0.290288574319732,0.335554017701974,0.681305389082355,0.681305389082355,0.310303397825302,0.727074067516345,"pup vs you"
"1002",0.280455089104168,0.380505897207851,0.682491947102348,0.682491947102348,0.340729843474712,0.687329641122571,"pup vs you"
"1003",-0.42282838288205,0.412597329227003,0.729485480020198,0.729485480020198,-0.384670626933343,0.948274721059618,"pup vs you"
"1004",-0.00159638651855968,0.421841037451735,0.828626961982419,0.828626961982419,-0.00660882331910623,0.921789094957176,"pup vs you"
"1005",1.60063035535304,0.386614584376605,0.0481780116131635,0.0481780116131635,1.65588002373281,0.00293064072166906,"pup vs you"
"1006",0.210116466674983,0.401427281725518,0.718515427451209,0.718515427451209,0.190478127064777,0.820616988641469,"pup vs you"
"1007",-0.880286705475079,0.414294773052505,0.347582617425532,0.347582617425532,-0.870563265100108,0.328569766926899,"pup vs you"
"1008",0.487581063104015,0.395054734584283,0.576397277181698,0.576397277181698,0.448813995227545,0.612645078471531,"pup vs you"
"1009",1.61197907557764,0.393413921086491,0.0536662920557905,0.0536662920557905,1.63151939037315,0.00696251063550484,"pup vs you"
"1010",0.42367630831657,0.385847414135295,0.584769081719806,0.584769081719806,0.497774301415831,0.562162782574353,"pup vs you"
"1011",0.506004676972526,0.377016292713597,0.521214733828035,0.521214733828035,0.508711453829467,0.540644656242756,"pup vs you"
"1012",-0.221325285756893,0.3514380449919,0.80459719141503,0.80459719141503,-0.204027489594421,0.909044821543974,"pup vs you"
"1013",0.450824671258075,0.384933758620579,0.599776959449615,0.599776959449615,0.426628621252121,0.636280332338712,"pup vs you"
"1014",4.63566805606279,0.429102803201252,2.67528917620597e-15,2.67528917620597e-15,4.64283866703583,1.74991150259439e-16,"pup vs you"
"1015",-0.284264324632353,0.385362851307786,0.734212217560611,0.734212217560611,-0.262966538045817,0.848920945669421,"pup vs you"
"1016",-0.544112414259671,0.380164435427705,0.571662736806797,0.571662736806797,-0.513748769273692,0.627492360508237,"pup vs you"
"1017",-0.763336103127604,0.338889607851092,0.311281996682719,0.311281996682719,-0.744813712698249,0.28138804054253,"pup vs you"
"1018",0.186897819912843,0.378492239144275,0.746294582153692,0.746294582153692,0.116879189594943,0.845247212403031,"pup vs you"
"1019",-1.41866807627036,0.381483820230271,0.0345823760335804,0.0345823760335804,-1.41862479246891,0.00508177285466379,"pup vs you"
"1020",-2.83275997145544,0.34229257670935,2.35322367879729e-08,2.35322367879729e-08,-2.79004585936555,3.07052495614684e-11,"pup vs you"
"1021",5.91543335008656,0.455830282118482,1.23378922256685e-23,1.23378922256685e-23,5.94687830718581,2.32523846162207e-23,"pup vs you"
"1022",-2.88436440443184,0.339525085383209,3.55432596302646e-06,3.55432596302646e-06,-2.86445818145554,7.88533578747905e-10,"pup vs you"
"1023",-3.28177736435046,0.369828093478733,2.8171971586061e-09,2.8171971586061e-09,-3.17726567030843,2.51159709092293e-09,"pup vs you"
"1024",0.366906187591121,0.373736622788818,0.629633569986497,0.629633569986497,0.330688744647316,0.692811736267255,"pup vs you"
"1025",0.642609035715868,0.382514832599024,0.459572739817166,0.459572739817166,0.581849165218342,0.481575890270842,"pup vs you"
"1026",-0.523268927586231,0.385727870735952,0.56840432879881,0.56840432879881,-0.527254886278413,0.643007484941324,"pup vs you"
"1027",-8.15897777194621,0.399265870116943,0,0,-8.12479844838127,0,"pup vs you"
"1028",1.75964482975,0.396634639542422,0.0228848623349548,0.0228848623349548,1.76608541136152,0.00560929288511683,"pup vs you"
"1029",1.2061984050478,0.401096273960025,0.140140535104038,0.140140535104038,1.20855510181873,0.0933347685257116,"pup vs you"
"1030",-4.38191845810161,0.330490735784749,0,0,-4.35448860422083,0,"pup vs you"
"1031",-0.361352198469845,0.42508632970706,0.738504343333376,0.738504343333376,-0.413222537059275,0.811195687167281,"pup vs you"
"1032",-0.155645641064237,0.412943042576709,0.847985300745789,0.847985300745789,-0.0789084102329801,0.980612512622292,"pup vs you"
"1033",-2.84368036653018,0.344876578828937,1.42963480640031e-08,1.42963480640031e-08,-2.80661303553944,6.33620670603254e-10,"pup vs you"
"1034",-0.6170978427857,0.423809825028565,0.555964969019917,0.555964969019917,-0.561744175826089,0.668357130823884,"pup vs you"
"1035",0.31719058160937,0.377699459785256,0.636837861685376,0.636837861685376,0.359703026397209,0.666354712833466,"pup vs you"
"1036",0.429594575901242,0.391670766889182,0.608704667497653,0.608704667497653,0.417857522188265,0.657758281036121,"pup vs you"
"1037",0.319956332488724,0.374453919062678,0.623499657135412,0.623499657135412,0.340854667249124,0.69318488272655,"pup vs you"
"1038",0.55815971852041,0.379525781472227,0.520267697843572,0.520267697843572,0.591399373427387,0.481705855729337,"pup vs you"
"1039",-1.3758628726937,0.451971405879923,0.124674202804074,0.124674202804074,-1.35871660109988,0.0479225696584331,"pup vs you"
"1040",-0.0253174973571173,0.388917841568899,0.83212318122328,0.83212318122328,0.0176849786503701,0.941165369050404,"pup vs you"
"1041",3.42484523654616,0.429657125728478,4.08138682528221e-08,4.08138682528221e-08,3.48372535369155,8.85664166215966e-10,"pup vs you"
"1042",0.360767591362342,0.388341986072572,0.642066668915519,0.642066668915519,0.387710518963362,0.653971139037285,"pup vs you"
"1043",-3.39707475776056,0.323878269983782,4.31665959233017e-15,4.31665959233017e-15,-3.37674642273065,0,"pup vs you"
"1044",0.275762055259803,0.378734604360672,0.664819828510195,0.664819828510195,0.327291104042753,0.682447682059698,"pup vs you"
"1045",-2.88464048691586,0.362438748956497,3.09215292041628e-07,3.09215292041628e-07,-2.8696043217632,3.49127731466823e-10,"pup vs you"
"1046",0.315354384992901,0.383013480016337,0.665689822619906,0.665689822619906,0.344253544488046,0.719671428150456,"pup vs you"
"1047",-0.013181338652563,0.224627936394107,0.795346554828751,0.795346554828751,0.0197779848116254,1,"pup vs you"
"1048",1.03057412146502,0.397168340550964,0.244546886999887,0.244546886999887,1.00733027946265,0.148300847237504,"pup vs you"
"1049",0.457105237956998,0.388008314942114,0.586910176780186,0.586910176780186,0.512697824340174,0.538168622220353,"pup vs you"
"1050",-0.895899894451567,0.381842257306254,0.310106909705811,0.310106909705811,-0.876066276652943,0.270026123978678,"pup vs you"
"1051",1.61433253279756,0.235479689014287,3.87862829995773e-05,3.87862829995773e-05,1.63960596998217,6.04048010706288e-10,"pup vs you"
"1052",0.158957233477922,0.383265392769119,0.736051303199814,0.736051303199814,0.190165525735225,0.81103169893013,"pup vs you"
"1053",-2.51529024879349,0.394787793089819,1.80154626906023e-06,1.80154626906023e-06,-2.47942546883533,5.0778927506631e-07,"pup vs you"
"1054",-0.66170054745234,0.42467653575506,0.501663338260664,0.501663338260664,-0.650515717800725,0.533847158161502,"pup vs you"
"1055",0.473931602852589,0.40805499338667,0.597860084475883,0.597860084475883,0.518181002950016,0.589747396337957,"pup vs you"
"1056",-1.41497698235699,0.395115897008942,0.0623643047142817,0.0623643047142817,-1.36043757755638,0.0246534705193821,"pup vs you"
"1057",2.25697314349364,0.351506367293696,1.43988698122391e-05,1.43988698122391e-05,2.3075819221831,4.44059246207067e-06,"pup vs you"
"1058",-0.706980058067755,0.402169000975533,0.465229224946062,0.465229224946062,-0.66935146058497,0.502769689439308,"pup vs you"
"1059",-3.60791755383278,0.478736880405904,2.96712383282608e-08,2.96712383282608e-08,-3.57265182801468,7.70803164194637e-09,"pup vs you"
"1060",-0.709181517335681,0.396183865572735,0.464661733852813,0.464661733852813,-0.779874566921619,0.384180883523284,"pup vs you"
"1061",-0.19200366597363,0.399335643639428,0.819154587771203,0.819154587771203,-0.243103227828898,0.833576637258247,"pup vs you"
"1062",-2.98559891420528,0.352717830700149,8.0604173206982e-09,8.0604173206982e-09,-2.98814847257284,6.27842561998824e-11,"pup vs you"
"1063",-0.552772154686845,0.385183676144436,0.557949297714394,0.557949297714394,-0.609947038034944,0.549998050179904,"pup vs you"
"1064",-0.258955151523049,0.449031654636576,0.813882044404868,0.813882044404868,-0.176512225678754,0.936283080418642,"pup vs you"
"1065",0.874952274814282,0.376712528557559,0.278520172928726,0.278520172928726,0.904521836097451,0.164023857930135,"pup vs you"
"1066",1.11546282882448,0.397100689887275,0.174331661113718,0.174331661113718,1.10728778497402,0.0729640634042826,"pup vs you"
"1067",2.25691736433814,0.323011164920714,1.04673116590123e-05,1.04673116590123e-05,2.3001199108039,2.41906272883932e-08,"pup vs you"
"1068",0.393232292612762,0.394091424199964,0.649651617068743,0.649651617068743,0.353724727102092,0.720789209607195,"pup vs you"
"1069",1.37016070759118,0.352013268771488,0.0555688921572172,0.0555688921572172,1.42629214492643,0.00502568836680289,"pup vs you"
"1070",1.26968460573954,0.400078975843496,0.141091403717428,0.141091403717428,1.28914927463156,0.0434849651916373,"pup vs you"
"1071",-2.48261557876132,0.366477496084691,0.000143606217584693,0.000143606217584693,-2.46692495506425,2.24605325309816e-06,"pup vs you"
"1072",1.60307199536629,0.385003889688852,0.0221004154322285,0.0221004154322285,1.64625617897546,0.00349192257896846,"pup vs you"
"1073",0.300209889654816,0.377855874177274,0.679906615867279,0.679906615867279,0.295378605099486,0.725187663385094,"pup vs you"
"1074",-4.97967781528857,0.326110518891912,0,0,-4.93883942057524,0,"pup vs you"
"1075",0.041348158924525,0.433499488522895,0.885790893571192,0.885790893571192,0.0868857331037286,0.983883458699829,"pup vs you"
"1076",-4.41550529864633,0.338201659606317,0,0,-4.42256595033093,0,"pup vs you"
"1077",-0.0865909438906282,0.393209079688717,0.845377744796794,0.845377744796794,-0.0503080922551817,0.939485658186759,"pup vs you"
"1078",0.302464383458476,0.376480499235291,0.672422776191035,0.672422776191035,0.2734429050349,0.731430697675846,"pup vs you"
"1079",1.09459818542628,0.324669926228655,0.0852841529974868,0.0852841529974868,1.13121222576584,0.0093218916709617,"pup vs you"
"1080",-2.55166569904227,0.389268096329212,1.74870276528707e-06,1.74870276528707e-06,-2.53675904157448,4.61007017972477e-08,"pup vs you"
"1081",-0.090541902097596,0.399166282552281,0.824499000478579,0.824499000478579,-0.0535735628610723,0.92834944754072,"pup vs you"
"1082",-2.70591939724983,0.393548518943892,1.20049919972067e-06,1.20049919972067e-06,-2.7284641286122,2.18252006050467e-08,"pup vs you"
"1083",-1.01331686022202,0.370111127291922,0.179556639765565,0.179556639765565,-0.999388212619106,0.0816924235860171,"pup vs you"
"1084",1.94964219530073,0.38866856921318,0.0173215192258294,0.0173215192258294,1.95221996787223,0.000848092883598797,"pup vs you"
"1085",1.69486624950749,0.34549446704101,0.0139952060326901,0.0139952060326901,1.72437406790519,0.000297630731679955,"pup vs you"
"1086",-0.345843730455422,0.397435087116084,0.733936649856136,0.733936649856136,-0.271004734649441,0.833582814723039,"pup vs you"
"1087",2.93712447592014,0.503043137980262,1.79839928664592e-05,1.79839928664592e-05,2.92194374117325,1.19104655119407e-06,"pup vs you"
"1088",0.0859600984165885,0.370644038377254,0.791487343185563,0.791487343185563,0.0397772232993225,0.876431586023099,"pup vs you"
"1089",-4.97206571207908,0.264491887869806,0,0,-4.93908256379104,0,"pup vs you"
"1090",-0.0207989316960434,0.287179614524399,0.829710205466165,0.829710205466165,-0.0249920843373563,0.987073074986631,"pup vs you"
"1091",0.126021806837085,0.385047417683086,0.793388420374918,0.793388420374918,0.183707885281495,0.792827060848639,"pup vs you"
"1092",0.19936748890889,0.321925140525653,0.697119278921773,0.697119278921773,0.223406190415974,0.848515378782633,"pup vs you"
"1093",-0.507603885114179,0.403000130845242,0.624038292934139,0.624038292934139,-0.520024183575695,0.632105762577797,"pup vs you"
"1094",0.868741719441665,0.357764760494788,0.256041916926392,0.256041916926392,0.942664115525456,0.109749467535424,"pup vs you"
"1095",-1.49366935143103,0.386695304990328,0.0470808544769267,0.0470808544769267,-1.47699212880567,0.0126423597275953,"pup vs you"
"1096",4.01389585668042,0.4182037971684,7.01720227936865e-12,7.01720227936865e-12,4.02639049346876,2.15008329029708e-12,"pup vs you"
"1097",0.717477368944355,0.395176170105875,0.402427589594321,0.402427589594321,0.658279714441301,0.416067628621176,"pup vs you"
"1098",-4.87945296614655,0.302183811320412,0,0,-4.83968744416315,0,"pup vs you"
"1099",-0.164495410379466,0.389026419239148,0.821397725912135,0.821397725912135,-0.0766841853066148,0.919258363228154,"pup vs you"
"1100",0.313149554800014,0.345780811975794,0.66318480258339,0.66318480258339,0.323406763307991,0.727892678845911,"pup vs you"
"1101",3.8047404775745,0.440054617828477,5.1627701577202e-10,5.1627701577202e-10,3.7939255299899,1.0667567065757e-10,"pup vs you"
"1102",0.3178308253901,0.379832716001649,0.671595484757531,0.671595484757531,0.337442671657226,0.682168821213983,"pup vs you"
"1103",-0.0755548179473682,0.415139777411807,0.870520032704168,0.870520032704168,-0.00239478331183879,0.936913992500284,"pup vs you"
"1104",1.68619001225572,0.402068054736899,0.0251713475723654,0.0251713475723654,1.69875056916142,0.00261517335854395,"pup vs you"
"1105",5.39440528283905,0.414648685545759,2.06933150458854e-22,2.06933150458854e-22,5.48040179929556,2.1861441925175e-22,"pup vs you"
"1106",-0.542471447792426,0.408211568818814,0.621534435631075,0.621534435631075,-0.537528022704492,0.628204388892468,"pup vs you"
"1107",1.55995162397641,0.331781201900615,0.013849937962847,0.013849937962847,1.55625542529827,0.000763363508768768,"pup vs you"
"1108",-4.55326892843342,0.33639061150033,0,0,-4.52967766577258,0,"pup vs you"
"1109",0.276985206535109,0.404207774220911,0.699574195286102,0.699574195286102,0.302535563315683,0.742868362115585,"pup vs you"
"1110",-0.0782381753543736,0.387539552465019,0.872523817393517,0.872523817393517,0.00781909831422853,0.911639184589618,"pup vs you"
"1111",0.361794952452672,0.373861283221778,0.624349562519327,0.624349562519327,0.379606909319587,0.639144081082986,"pup vs you"
"1112",5.01099891172827,0.425949317655201,2.66985228613705e-18,2.66985228613705e-18,5.08015302484807,4.20867431844705e-21,"pup vs you"
"1113",3.7339318780672,0.417264099137237,1.58980742734611e-08,1.58980742734611e-08,3.76338501077901,7.83341276931744e-12,"pup vs you"
"1114",0.713812150245283,0.380936075231789,0.427305967946996,0.427305967946996,0.645948575890392,0.423331539094343,"pup vs you"
"1115",0.251598648799971,0.375867828511953,0.715943500812805,0.715943500812805,0.329093978112383,0.681531732642197,"pup vs you"
"1116",0.0999210610636661,0.315619178585196,0.779566493762652,0.779566493762652,0.120151451544516,0.929227409784084,"pup vs you"
"1117",-2.85514464986891,0.401246685077641,1.78952686447671e-07,1.78952686447671e-07,-2.83631297780894,2.05793191550181e-09,"pup vs you"
