"taxon","estimate_gamma","std_error_gamma","pval_gamma","pval_adj_gamma","estimate_no_gamma","pval_adj_no_gamma","comparison"
"1",1.3909716148474,0.248637524049741,0.00226197975620158,0.00226197975620158,1.37673888432102,9.44553121589909e-07,"pup vs you"
"2",2.1250485387032,0.22973507632975,1.37968949514999e-08,1.37968949514999e-08,2.10979022683372,3.08079955808178e-16,"pup vs you"
"3",5.94139834526817,0.403758931583987,2.96083904741874e-28,2.96083904741874e-28,5.9205366965421,7.34862478136925e-34,"pup vs you"
"4",-3.44675660874912,0.189891147869364,0,0,-3.46203757963625,0,"pup vs you"
"5",2.9976820421072,0.325827653650469,1.31069318394789e-10,1.31069318394789e-10,2.99765364419745,6.84778093618637e-16,"pup vs you"
"6",-3.01978413839577,0.227202578411383,0,0,-3.03339065445335,0,"pup vs you"
"7",-5.74294928093292,0.307193869721501,0,0,-5.75205029950201,0,"pup vs you"
"8",-3.63165639662404,0.328631479982849,6.45895374222031e-16,6.45895374222031e-16,-3.65530508312425,0,"pup vs you"
"9",-0.627972803338732,0.203979407968515,0.22396581749651,0.22396581749651,-0.643977747632722,0.0120663320147249,"pup vs you"
"10",4.48030899274437,0.435940279936054,1.9584954937155e-15,1.9584954937155e-15,4.47173411043125,2.13482244754256e-18,"pup vs you"
"11",-4.55624829288995,0.258640359963523,0,0,-4.58072182204451,0,"pup vs you"
"12",3.28607490188141,0.344115420932581,3.34985958688865e-12,3.34985958688865e-12,3.26291758678061,4.03713226184647e-17,"pup vs you"
"13",1.32822403850221,0.229214406131878,0.00305892809675043,0.00305892809675043,1.31190448338516,3.68193794787379e-07,"pup vs you"
"14",-3.91093538731694,0.251745132434765,0,0,-3.92929122397809,0,"pup vs you"
"15",-2.45199583429169,0.353997356803273,8.61880592896394e-07,8.61880592896394e-07,-2.46778832350229,3.97080816194025e-10,"pup vs you"
"16",-4.09690287116797,0.249100225849796,0,0,-4.1105016170736,0,"pup vs you"
"17",-1.65756859859064,0.466027490493086,0.035290822236538,0.035290822236538,-1.71939686607895,0.00671184379769838,"pup vs you"
"18",1.51079731395977,0.243151138887388,0.00062646650027961,0.00062646650027961,1.49361791349408,4.10891645343473e-08,"pup vs you"
"19",-3.01354627628268,0.335096796408012,8.2283144914525e-11,8.2283144914525e-11,-3.03170461007559,1.35377864662179e-15,"pup vs you"
"20",-0.404758267819537,0.229297744356108,0.480266955833734,0.480266955833734,-0.420774199136395,0.356061365839327,"pup vs you"
"21",-4.13375125457661,0.254460507887967,0,0,-4.1459575958925,0,"pup vs you"
"22",-4.20235560388406,0.302760655269793,0,0,-4.21199859659025,0,"pup vs you"
"23",-3.62886852145414,0.2552907278201,0,0,-3.64179291727062,0,"pup vs you"
"24",3.33974600534719,0.471698199318764,3.60899599793641e-08,3.60899599793641e-08,3.31421851912109,6.79240283687692e-10,"pup vs you"
"25",-2.76922074212121,0.360504776030118,4.7600385599578e-08,4.7600385599578e-08,-2.7872386818388,3.74149881275731e-12,"pup vs you"
"26",-4.36608730199121,0.333074173068759,0,0,-4.3837892598574,0,"pup vs you"
"27",-2.6640720752742,0.316324377787793,6.09371333365509e-08,6.09371333365509e-08,-2.6882417073452,6.72015647420777e-13,"pup vs you"
"28",3.17432207550242,0.457384619714002,1.79815694973462e-07,1.79815694973462e-07,3.1655767163374,9.25505947126301e-10,"pup vs you"
"29",-4.68779659445547,0.237085295817239,0,0,-4.6996828254618,0,"pup vs you"
"30",-2.63127513113295,0.232098115015182,7.5288934708229e-14,7.5288934708229e-14,-2.64916256954909,0,"pup vs you"
"31",-4.46378761146941,0.464271555871691,2.07512726902583e-13,2.07512726902583e-13,-4.43062453260753,5.91970340646591e-17,"pup vs you"
"32",-3.7574271878273,0.251259484092467,0,0,-3.76428833300611,0,"pup vs you"
"33",3.44586236672726,0.46199311687492,5.72846392023577e-09,5.72846392023577e-09,3.42769431706061,1.52846231801115e-10,"pup vs you"
"34",1.52498633404787,0.34034045472668,0.00583487782795145,0.00583487782795145,1.50687138635581,0.000141262844989011,"pup vs you"
"35",1.44100520813032,0.284014872309282,0.00304097161219939,0.00304097161219939,1.42880322894023,1.0802209904021e-05,"pup vs you"
"36",-3.79829143676236,0.217050040112834,0,0,-3.8157663479051,0,"pup vs you"
"37",-2.13072086469101,0.296959764566192,2.64919212742297e-06,2.64919212742297e-06,-2.14829776859162,6.31085186700266e-11,"pup vs you"
"38",1.53203883765474,0.271254244726595,0.000910947289814528,0.000910947289814528,1.51533435111166,7.28545337807225e-07,"pup vs you"
"39",0.227238836069793,0.382787447275512,0.719034332207397,0.719034332207397,0.209417899036611,0.91903252636055,"pup vs you"
"40",1.31739206877132,0.360397945455758,0.0332698596956419,0.0332698596956419,1.299140158462,0.0035276988127955,"pup vs you"
"41",-1.99581979799458,0.498290900781226,0.0056413879634995,0.0056413879634995,-2.02285095802766,0.00260456393318864,"pup vs you"
"42",1.73155084801334,0.362475615979344,0.00209505555872627,0.00209505555872627,1.71410043648061,6.30124667967755e-05,"pup vs you"
"43",-1.45461625587883,0.383547737425118,0.0233249266561808,0.0233249266561808,-1.48126836011336,0.00147467673383565,"pup vs you"
"44",-0.0991638403553292,0.283950789717896,0.875165647160968,0.875165647160968,-0.114713042363194,1,"pup vs you"
"45",-2.1301251007919,0.469456177278582,0.00188998519854975,0.00188998519854975,-2.19940127735544,0.00023046985480258,"pup vs you"
"46",1.13910711462235,0.343345959324328,0.0550247892608,0.0550247892608,1.11897456668665,0.00826654902770084,"pup vs you"
"47",-2.05909133910267,0.451007500506313,0.00117381998596772,0.00117381998596772,-2.09706515684418,7.75890070644641e-05,"pup vs you"
"48",-0.258686894664101,0.432349365084771,0.838787408835851,0.838787408835851,-0.290317923957343,0.905026394789504,"pup vs you"
"49",-4.54710385316043,0.285032318835804,0,0,-4.57166113117703,0,"pup vs you"
"50",-3.30925324901878,0.2829005180525,5.23698952071917e-17,5.23698952071917e-17,-3.32665380327109,0,"pup vs you"
"51",1.01874643559701,0.3546792078189,0.122377076630779,0.122377076630779,1.01763952640963,0.026907769444341,"pup vs you"
"52",-1.75860438980382,0.29912338459171,0.000396257937623643,0.000396257937623643,-1.78445716702839,1.1051792316863e-07,"pup vs you"
"53",-2.35301751341385,0.397879660096477,7.01162638575757e-05,7.01162638575757e-05,-2.38004586988364,3.4509560719562e-07,"pup vs you"
"54",-0.599375265613071,0.415465100711434,0.626528525195788,0.626528525195788,-0.624220229168802,0.665565426909436,"pup vs you"
"55",-3.20983045637689,0.373491509509939,9.42210571304948e-10,9.42210571304948e-10,-3.20721991698887,4.50935800601045e-14,"pup vs you"
"56",3.19929431653677,0.311580266881674,7.00816772759514e-14,7.00816772759514e-14,3.1887785723058,4.78967248400508e-17,"pup vs you"
"57",1.2901342118547,0.470449508906059,0.104910017753398,0.104910017753398,1.2864291949004,0.0431559002328953,"pup vs you"
"58",-2.66462050623175,0.301366146362537,5.35387677469218e-10,5.35387677469218e-10,-2.67264597657097,9.09286398068917e-15,"pup vs you"
"59",1.97978817504874,0.293247342676863,1.20444777071069e-05,1.20444777071069e-05,1.96945891384257,5.07786167325613e-09,"pup vs you"
"60",-1.17667315461122,0.419861533592408,0.135761909135677,0.135761909135677,-1.17573562523862,0.0534276370920774,"pup vs you"
"61",-2.48393390351117,0.26894988317755,1.13935155593521e-09,1.13935155593521e-09,-2.49583691533566,2.6360894044044e-15,"pup vs you"
"62",0.865980894277778,0.252295454418513,0.0842163695834499,0.0842163695834499,0.848996375419393,0.0060129398603817,"pup vs you"
"63",-1.96603911268111,0.301006149590034,2.00211472073487e-05,2.00211472073487e-05,-1.98318067179565,1.08810778360464e-08,"pup vs you"
"64",-3.83787736637566,0.418418958424575,9.29882300406255e-10,9.29882300406255e-10,-3.89622437377294,1.64041385677602e-12,"pup vs you"
"65",2.64617977472643,0.329542927193176,1.46119592761484e-08,1.46119592761484e-08,2.64821246717206,9.5571537686981e-12,"pup vs you"
"66",-1.6219941565155,0.295690382077967,0.000700418239654752,0.000700418239654752,-1.6124224968503,1.05698672470698e-06,"pup vs you"
"67",6.76523641695686,0.502643081436386,4.74687711202779e-26,4.74687711202779e-26,6.72119810877037,5.46538335391978e-25,"pup vs you"
"68",-0.933526462753408,0.340160789660011,0.198280386325599,0.198280386325599,-0.926093237521597,0.0563761190461886,"pup vs you"
"69",0.48239415804618,0.349957135643301,0.475610803041466,0.475610803041466,0.441480324823151,0.462957431904457,"pup vs you"
"70",-1.61941718870894,0.436547145947669,0.0207852283101411,0.0207852283101411,-1.67053152582059,0.00463339417688833,"pup vs you"
"71",-2.29925575764542,0.4556441129273,0.00109925631300598,0.00109925631300598,-2.24807883285754,0.000285937482005678,"pup vs you"
"72",1.86288069594439,0.303776729163019,0.000147208640858702,0.000147208640858702,1.84106718010729,1.82549792964511e-07,"pup vs you"
"73",-0.511793895314922,0.450401464240412,0.750497384586366,0.750497384586366,-0.56069447471107,0.845514347398222,"pup vs you"
"74",-3.89935462065826,0.417633016902268,1.02557523689868e-10,1.02557523689868e-10,-3.89660693622324,3.46363448379231e-14,"pup vs you"
"75",1.37598268111415,0.363185632624502,0.0224982338295691,0.0224982338295691,1.36827388143324,0.00222631760086336,"pup vs you"
"76",3.21289480613894,0.554016101143759,2.58389414324689e-05,2.58389414324689e-05,3.18098352310674,6.68082996104726e-06,"pup vs you"
"77",-3.52880973752807,0.273386219506991,0,0,-3.54489054202968,0,"pup vs you"
"78",1.14003002851031,0.49277565985198,0.213592943271239,0.213592943271239,1.13928887395942,0.119952451919955,"pup vs you"
"79",2.15233717529664,0.433015906922262,0.000809485628938371,0.000809485628938371,2.14616154463801,6.22059877351145e-05,"pup vs you"
"80",-0.178244467202889,0.243622099817916,0.758755930763533,0.758755930763533,-0.187185074722887,0.992290477339417,"pup vs you"
"81",2.75223839361761,0.268780459679979,1.3350151391861e-11,1.3350151391861e-11,2.74439061871266,5.30589589213015e-18,"pup vs you"
"82",1.42807762990443,0.483832839501299,0.0950971032712078,0.0950971032712078,1.35490292102043,0.0641797833913534,"pup vs you"
"83",0.668659464227181,0.466516710289852,0.442587813734166,0.442587813734166,0.628685279366025,0.428915690859395,"pup vs you"
"84",1.6273114989446,0.415823501466433,0.0210306713430875,0.0210306713430875,1.60724119283815,0.00284131389939225,"pup vs you"
"85",1.23668685741153,0.446206925164034,0.0985869920447333,0.0985869920447333,1.19527646698205,0.0428116193020297,"pup vs you"
"86",1.37574691267598,0.484162195863408,0.108783202422116,0.108783202422116,1.42778263897332,0.0408080457877478,"pup vs you"
"87",-1.06817612543862,0.534762202564597,0.391639549998552,0.391639549998552,-1.06114648048175,0.326121428059221,"pup vs you"
"88",2.0518683172107,0.488681240833709,0.0108258821864264,0.0108258821864264,2.06644340279104,0.00245368669578312,"pup vs you"
"89",-5.62577962240296,0.354451042668281,0,0,-5.66222260382902,0,"pup vs you"
"90",-2.81927340326868,0.247016484867148,7.76611120370381e-15,7.76611120370381e-15,-2.8126632438784,0,"pup vs you"
"91",5.92884598490514,0.444492056338706,1.17447900053357e-24,1.17447900053357e-24,5.87432409088338,9.29911072767773e-26,"pup vs you"
"92",-0.629671019857878,0.206734078016017,0.224637032728583,0.224637032728583,-0.640277927740485,0.0154152788555554,"pup vs you"
"93",2.62267721656442,0.381704296940187,1.36038632697885e-06,1.36038632697885e-06,2.62384511885551,2.79818809326459e-08,"pup vs you"
"94",-2.22189267007197,0.350999153372433,3.52601856470834e-05,3.52601856470834e-05,-2.23102309140492,3.0123650292214e-08,"pup vs you"
"95",-2.87106727405441,0.36584675402896,2.04259994527443e-08,2.04259994527443e-08,-2.87835887231838,2.83397657655509e-12,"pup vs you"
"96",2.26770744446165,0.27221805789821,9.50785575382582e-08,9.50785575382582e-08,2.24952935801503,1.94915316706793e-13,"pup vs you"
"97",-0.175211218786667,0.327634576281343,0.856005337220213,0.856005337220213,-0.219174107057216,0.989106582220354,"pup vs you"
"98",-0.821153779914448,0.313488484906627,0.241418422405146,0.241418422405146,-0.841241559987608,0.0670557686082735,"pup vs you"
"99",0.705169933166001,0.320797344554014,0.251888190378509,0.251888190378509,0.704236203142839,0.115146311371589,"pup vs you"
"100",4.33836184379615,0.492135328251714,1.42247935117673e-10,1.42247935117673e-10,4.3187668837524,1.5187409705789e-11,"pup vs you"
"101",-3.29879784351405,0.474714019484115,1.93715330567369e-07,1.93715330567369e-07,-3.33197296684831,3.2036861371056e-08,"pup vs you"
"102",1.64713587665683,0.466716160308834,0.0456186680041653,0.0456186680041653,1.65869689581054,0.00547080769080633,"pup vs you"
"103",-3.5653998617107,0.410812295386616,1.80520893760355e-11,1.80520893760355e-11,-3.58749577804087,7.76267132748342e-13,"pup vs you"
"104",0.358836668974859,0.20422772557831,0.403060251736225,0.403060251736225,0.343102877955964,0.243706453832775,"pup vs you"
"105",2.37920667639641,0.311872454045917,4.34278681517897e-07,4.34278681517897e-07,2.33676396648566,6.08211067193456e-10,"pup vs you"
"106",-1.15985175849861,0.310223314393542,0.0398537722371567,0.0398537722371567,-1.18061449496185,0.00201051957890104,"pup vs you"
"107",-0.0114891866416296,0.433973953158039,0.887179907874269,0.887179907874269,0.0306358836641841,0.914740518115341,"pup vs you"
"108",5.14451940275266,0.483036031135976,2.44407814435474e-14,2.44407814435474e-14,5.10657879218855,2.3367232586092e-17,"pup vs you"
"109",0.971460466936651,0.355864345507736,0.127972246761781,0.127972246761781,0.956019217673287,0.038845645403692,"pup vs you"
"110",0.422042159567214,0.45906046380799,0.631965286316898,0.631965286316898,0.419205388107479,0.677111197628829,"pup vs you"
"111",2.41354758876362,0.339442622244507,9.14821378895217e-07,9.14821378895217e-07,2.41469776427817,8.29450427374829e-10,"pup vs you"
"112",0.206373890969261,0.492066877301609,0.776189612851574,0.776189612851574,0.185193845805706,0.8914881100143,"pup vs you"
"113",-2.15062666804048,0.413780871621592,0.000590015960588389,0.000590015960588389,-2.16042047198042,1.75021815486424e-05,"pup vs you"
"114",-1.40225215604785,0.474424171567831,0.111742938854086,0.111742938854086,-1.38704253622156,0.0554801339502881,"pup vs you"
"115",1.72751128549108,0.425643244200943,0.00767532144273275,0.00767532144273275,1.69847022325221,0.00134338206641207,"pup vs you"
"116",-0.58136972785336,0.424310651680659,0.627595093575133,0.627595093575133,-0.614337987194568,0.621390504448373,"pup vs you"
"117",-3.02299907080527,0.340589628423286,3.46168746903762e-10,3.46168746903762e-10,-3.04758223538567,2.08321002117844e-12,"pup vs you"
"118",3.75766444303522,0.307108122150338,1.49160164253505e-19,1.49160164253505e-19,3.73934137785998,1.26297731990695e-22,"pup vs you"
"119",-5.14152096000805,0.32284552311724,0,0,-5.1446593701086,0,"pup vs you"
"120",0.416535629702195,0.438684007941937,0.618132642449086,0.618132642449086,0.421921499318328,0.634409389655823,"pup vs you"
"121",-4.02828989034986,0.375625763908189,1.8904254855279e-16,1.8904254855279e-16,-4.0435945574258,0,"pup vs you"
"122",-2.2864922875931,0.368214109638683,1.75748822051351e-05,1.75748822051351e-05,-2.30671491040329,1.58440154428316e-07,"pup vs you"
"123",0.878904174109183,0.365525332478176,0.219361932360333,0.219361932360333,0.86120294650875,0.153804558437902,"pup vs you"
"124",-2.50190689154997,0.359157369451237,1.77674571384953e-06,1.77674571384953e-06,-2.54381068574612,6.81510374383534e-09,"pup vs you"
"125",-2.77182838366277,0.426879977709032,4.35170089046765e-05,4.35170089046765e-05,-2.76855086979673,5.44953813647152e-06,"pup vs you"
"126",1.29179289005289,0.425662810085138,0.0698514075144593,0.0698514075144593,1.28802483127428,0.0248781206780636,"pup vs you"
"127",1.82307173433773,0.430384136691931,0.0157256287250725,0.0157256287250725,1.78137029695603,0.00493588365433041,"pup vs you"
"128",0.934942046520825,0.469665560479117,0.276918267487141,0.276918267487141,0.933949480290483,0.214207211827555,"pup vs you"
"129",-0.478821350036646,0.446780898027278,0.738114889939349,0.738114889939349,-0.494787913062276,0.835802201412025,"pup vs you"
"130",3.30690782164299,0.4993026969803,5.20006310771316e-06,5.20006310771316e-06,3.31086928805631,7.67328235368727e-08,"pup vs you"
"131",0.590862218167936,0.38212001418518,0.43896508787441,0.43896508787441,0.642741074651683,0.343536220882561,"pup vs you"
"132",0.230841744139121,0.409599633363132,0.718441150424663,0.718441150424663,0.285131253613593,0.701245672704525,"pup vs you"
"133",0.248814055241283,0.425861624858872,0.729675602799044,0.729675602799044,0.218995614870709,0.878287960142969,"pup vs you"
"134",-0.422842761114213,0.433223405610261,0.749553670510774,0.749553670510774,-0.42827879154542,0.808356921642958,"pup vs you"
"135",-3.87528839614792,0.386745311201962,7.16680617966244e-15,7.16680617966244e-15,-3.9121944027418,1.19270452626227e-16,"pup vs you"
"136",0.160909044426356,0.472096173360762,0.825017475695858,0.825017475695858,0.163667941079408,0.90248803927067,"pup vs you"
"137",-0.28664049065919,0.470185270013354,0.877217361786078,0.877217361786078,-0.287112736258664,0.939882625465498,"pup vs you"
"138",-4.99788809576776,0.387472598830523,0,0,-4.96228959411456,0,"pup vs you"
"139",3.17381369461601,0.485524401078369,1.34519581212704e-06,1.34519581212704e-06,3.14805344719083,1.01613378879549e-07,"pup vs you"
"140",1.58550450765834,0.4420736519699,0.0395074007670329,0.0395074007670329,1.53320960905112,0.019807276815129,"pup vs you"
"141",1.08618202476137,0.41366127526513,0.192554077119273,0.192554077119273,1.05523639282824,0.108834806180376,"pup vs you"
"142",-0.130128795658729,0.478250066619719,0.940762346867191,0.940762346867191,-0.180527998410336,0.991493551764127,"pup vs you"
"143",-0.161849814588882,0.429791317510482,0.888202550722022,0.888202550722022,-0.0987948900899017,0.975655358872226,"pup vs you"
"144",0.379463745822212,0.293773542581376,0.504132633059382,0.504132633059382,0.389203724223672,0.436745062274847,"pup vs you"
"145",-0.741853639116718,0.476998901295833,0.570484408311948,0.570484408311948,-0.750421928911066,0.579386641924485,"pup vs you"
"146",-1.77890630148869,0.429397250453346,0.0103546317921506,0.0103546317921506,-1.75436672844307,0.00239172350271948,"pup vs you"
"147",3.38955992091142,0.453684600768384,1.10706994113881e-07,1.10706994113881e-07,3.2624742234294,2.27048319427419e-08,"pup vs you"
"148",0.134921194246326,0.448710492217672,0.818099296428087,0.818099296428087,0.121666402333017,0.924221198293076,"pup vs you"
"149",-0.858971089922989,0.49580176482834,0.507567486977579,0.507567486977579,-0.835286755727013,0.530539452922309,"pup vs you"
"150",4.05905134492158,0.332434613954486,1.44450923414554e-20,1.44450923414554e-20,4.0354879406736,6.68290805221739e-21,"pup vs you"
"151",-5.238382049782,0.410249353678143,0,0,-5.23635580297891,0,"pup vs you"
"152",1.05699848153052,0.451618310766977,0.210984471947339,0.210984471947339,1.07381476585618,0.11779647325844,"pup vs you"
"153",-0.218013677975252,0.456588129798435,0.87679350550557,0.87679350550557,-0.308015547913414,0.917752633888942,"pup vs you"
"154",0.948335065856577,0.466213465923627,0.285833870474831,0.285833870474831,0.942037902319646,0.213691214548658,"pup vs you"
"155",-0.356154538715603,0.412381670778837,0.772047987939937,0.772047987939937,-0.424347823274121,0.806093314099911,"pup vs you"
"156",-1.22167756086605,0.386742990480052,0.106295488001718,0.106295488001718,-1.23538885982835,0.0266216673538738,"pup vs you"
"157",0.880918075993214,0.396631854323209,0.25928828091025,0.25928828091025,0.891820589507749,0.187659529435043,"pup vs you"
"158",-1.09876403832165,0.399342824498407,0.181053497292766,0.181053497292766,-1.10852166086465,0.0857985303743706,"pup vs you"
"159",-0.067291437161104,0.424252656743061,0.867937861573281,0.867937861573281,-0.142662531973915,0.966277977255482,"pup vs you"
"160",-2.16294391804631,0.380892464625016,0.000122248728594265,0.000122248728594265,-2.22761237720954,6.28903904577681e-07,"pup vs you"
"161",0.660788142536311,0.396365909403315,0.385304965457763,0.385304965457763,0.614168464560598,0.381207477758252,"pup vs you"
"162",4.06950053279449,0.46888889186697,2.21487551670075e-09,2.21487551670075e-09,4.01459362716899,1.4932384600921e-11,"pup vs you"
"163",2.55935647048504,0.478105996831233,0.000342421797060092,0.000342421797060092,2.54263751556535,1.86960398336423e-05,"pup vs you"
"164",-2.2740721790024,0.332291896729614,4.55567399723175e-06,4.55567399723175e-06,-2.29952280934013,4.75284410198987e-09,"pup vs you"
"165",3.69521259245688,0.497314363171829,2.11602259775972e-08,2.11602259775972e-08,3.72341553263221,4.28949044937624e-10,"pup vs you"
"166",-1.50326814831008,0.477032767517929,0.100592632941863,0.100592632941863,-1.54744894794495,0.031753768291167,"pup vs you"
"167",-0.305055835632882,0.447488240434178,0.843224586415927,0.843224586415927,-0.293027442000039,0.971480073859243,"pup vs you"
"168",0.259825170683811,0.422971897692603,0.709567813844597,0.709567813844597,0.274674658773041,0.755164176816084,"pup vs you"
"169",2.37738356394068,0.421150115448832,0.000253054715101586,0.000253054715101586,2.36362415275082,4.02380683344626e-06,"pup vs you"
"170",0.448910549215039,0.470637945194733,0.615264017831675,0.615264017831675,0.428763241441033,0.6403275411331,"pup vs you"
"171",0.889599661346141,0.411545863733037,0.270975148177704,0.270975148177704,0.952530785413777,0.142871315650548,"pup vs you"
"172",3.61715718312928,0.365749459052457,1.82620108389813e-13,1.82620108389813e-13,3.60530608316191,4.31293368431282e-16,"pup vs you"
"173",0.698336484944899,0.382811302350215,0.37943299221508,0.37943299221508,0.727627547967405,0.288848663433328,"pup vs you"
"174",-0.096272860636268,0.395904003889274,0.869147137152001,0.869147137152001,-0.151570397553071,0.905428564791931,"pup vs you"
"175",0.547817774025834,0.449983881218788,0.520148988484946,0.520148988484946,0.533698151885664,0.512399192919112,"pup vs you"
"176",-0.0747822050236831,0.393421702720148,0.860242689679852,0.860242689679852,0.0199148865047286,0.862978888035897,"pup vs you"
"177",-0.281878325887765,0.445219952503297,0.882832742897633,0.882832742897633,-0.296421678785788,0.962336471576557,"pup vs you"
"178",-0.631355170894885,0.429920580568624,0.603960461309966,0.603960461309966,-0.673955674113276,0.604215245838395,"pup vs you"
"179",-0.0425896538181048,0.435953806790469,0.885986921120952,0.885986921120952,-0.0779667660408813,0.987956984160889,"pup vs you"
"180",-2.6463176864512,0.342581273217346,8.00965293175601e-08,8.00965293175601e-08,-2.66806120163726,6.24825493242245e-11,"pup vs you"
"181",0.794096189826083,0.427221062315907,0.331493317691454,0.331493317691454,0.753834487169533,0.251798801925229,"pup vs you"
"182",1.11066230234337,0.402317631828935,0.145974425080602,0.145974425080602,1.10602295151724,0.0879821777391745,"pup vs you"
"183",-0.833832295456934,0.417054214269704,0.415454519841951,0.415454519841951,-0.922257470439007,0.26168289314868,"pup vs you"
"184",0.0350819020823132,0.482279853082245,0.872216490906177,0.872216490906177,0.00961116572481169,0.944253380449439,"pup vs you"
"185",0.980440254310361,0.441961058997399,0.242104320190883,0.242104320190883,0.934088197988984,0.191085845553078,"pup vs you"
"186",0.333740076601862,0.447668475623033,0.689580801943452,0.689580801943452,0.350024796562312,0.688732148911,"pup vs you"
"187",-0.815371427671198,0.462553339450453,0.500074975326798,0.500074975326798,-0.800970213925283,0.512286517227447,"pup vs you"
"188",2.72725711000456,0.468556113855522,3.12830434408379e-05,3.12830434408379e-05,2.73732402732641,4.4607746529442e-06,"pup vs you"
"189",3.09440759876562,0.430456918235815,3.32016817097644e-06,3.32016817097644e-06,3.07838814308716,7.03356348578349e-07,"pup vs you"
"190",0.334670375958006,0.407098428024627,0.622035497625004,0.622035497625004,0.306877937948988,0.67342544697873,"pup vs you"
"191",0.643527682117903,0.381931287145867,0.431505356536003,0.431505356536003,0.618916487458199,0.368737109782745,"pup vs you"
"192",0.251704505854905,0.408284614802558,0.688819137070555,0.688819137070555,0.256577595606291,0.771417527295293,"pup vs you"
"193",0.615739528235645,0.381340573525171,0.448324033771356,0.448324033771356,0.53655281601344,0.474099519474903,"pup vs you"
"194",1.70041348863828,0.418308548899935,0.0111390565468123,0.0111390565468123,1.67228102480805,0.00315297514795872,"pup vs you"
"195",0.188311470073076,0.455799154705007,0.773263432419656,0.773263432419656,0.233431850188849,0.792481255058958,"pup vs you"
"196",1.96949563314228,0.436767144078104,0.00989810918120902,0.00989810918120902,1.97499386981878,0.00217502229487484,"pup vs you"
"197",1.38598493821339,0.421624000188944,0.0845422367852243,0.0845422367852243,1.37948342475482,0.0331946047899192,"pup vs you"
"198",1.60212512022341,0.459238603902343,0.0564181738276422,0.0564181738276422,1.5535351486536,0.0255245342026717,"pup vs you"
"199",0.228013876557996,0.398024495723639,0.674117088790669,0.674117088790669,0.244103327716045,0.734521765663674,"pup vs you"
"200",0.221538507247564,0.431414885305549,0.753300461838329,0.753300461838329,0.199098146234879,0.818284808954101,"pup vs you"
"201",-2.77060963924713,0.475452917697848,4.78515974625676e-05,4.78515974625676e-05,-2.8238943657674,1.97641060231582e-06,"pup vs you"
"202",-1.05042109657668,0.443704401340438,0.292211146362821,0.292211146362821,-0.976191165148719,0.317047159979004,"pup vs you"
"203",4.32499758212048,0.385764493639633,1.24786457939456e-16,1.24786457939456e-16,4.29102620033556,1.40693590561639e-16,"pup vs you"
"204",0.594101851559861,0.380322755923618,0.440654612511147,0.440654612511147,0.609473173096839,0.406394105467121,"pup vs you"
"205",0.882465024976972,0.406836064376543,0.284950032361036,0.284950032361036,0.888524951395294,0.200667649134825,"pup vs you"
"206",-2.45005185254991,0.404679299901326,0.000161248976009534,0.000161248976009534,-2.49259316281083,1.13207371623646e-06,"pup vs you"
"207",-4.71252716465594,0.344899859145473,0,0,-4.74323534016881,0,"pup vs you"
"208",-1.30951866292572,0.40525745229447,0.0836869490352659,0.0836869490352659,-1.35919727967494,0.0206949039223323,"pup vs you"
"209",0.89954752137536,0.409474752074375,0.266826731942255,0.266826731942255,0.887998401377189,0.206369613783224,"pup vs you"
"210",0.549324200735108,0.3858948896836,0.467608948754555,0.467608948754555,0.572328702727091,0.416379540458614,"pup vs you"
"211",0.0289183535454406,0.394723012284123,0.801677852002702,0.801677852002702,-0.0419556656644566,0.899705674095019,"pup vs you"
"212",-3.45483503142072,0.318023397164783,1.03687737408444e-14,1.03687737408444e-14,-3.47582591966003,0,"pup vs you"
"213",1.8297151755465,0.457436087593472,0.0119942184431875,0.0119942184431875,1.797391728898,0.00614403609208202,"pup vs you"
"214",1.10516107884678,0.442500206306256,0.17752234879672,0.17752234879672,1.0831378705058,0.0987258509513968,"pup vs you"
"215",1.21766510274867,0.418060183291636,0.135113582032357,0.135113582032357,1.24758691059834,0.0517850965797756,"pup vs you"
"216",1.61366867612334,0.455872506219647,0.0300498917968153,0.0300498917968153,1.6137086636147,0.00747897733704274,"pup vs you"
"217",0.144599689117332,0.429738368792626,0.798879619721215,0.798879619721215,0.0718410880992597,0.895028007372111,"pup vs you"
"218",0.440537400512893,0.391612666277037,0.544222208882331,0.544222208882331,0.39312381760161,0.587590445531422,"pup vs you"
"219",0.0804264870047846,0.41119003658798,0.804564164715095,0.804564164715095,0.0549814257455273,0.881681759921907,"pup vs you"
"220",-0.743976570297893,0.417248685454165,0.494240784308998,0.494240784308998,-0.70462057734823,0.536019864351475,"pup vs you"
"221",0.602386163266121,0.42219541099531,0.448808013771023,0.448808013771023,0.576153587236571,0.453254370050622,"pup vs you"
"222",-4.10294208591628,0.347474376636705,1.18633844244863e-16,1.18633844244863e-16,-4.1268904438672,0,"pup vs you"
"223",-2.15015396007473,0.418914948387767,0.00249492802734595,0.00249492802734595,-2.17018498442661,0.000517555330523777,"pup vs you"
"224",-1.16034729135498,0.427272007129901,0.163733813361271,0.163733813361271,-1.23232434762821,0.088934208580358,"pup vs you"
"225",0.622529737930772,0.389683198152137,0.412003256253556,0.412003256253556,0.606228831456732,0.394107699411864,"pup vs you"
"226",-0.723647316490577,0.450932684805873,0.551071332075381,0.551071332075381,-0.72159668404655,0.559130830686419,"pup vs you"
"227",0.828418789722939,0.421641737799705,0.320483426233276,0.320483426233276,0.78716943557849,0.279214173568336,"pup vs you"
"228",-1.3585958201267,0.448763326697613,0.117103965085755,0.117103965085755,-1.37254606482075,0.0579282693806718,"pup vs you"
"229",-1.19128592583774,0.439443748426202,0.185287064902139,0.185287064902139,-1.13694568133489,0.154464346355473,"pup vs you"
"230",0.449036541421264,0.440333111176973,0.591907138737195,0.591907138737195,0.435288931014707,0.613970026215206,"pup vs you"
"231",1.05244873423329,0.425294265107867,0.183673911533463,0.183673911533463,1.07305881047293,0.109838199970294,"pup vs you"
"232",-1.85390426301352,0.455059879273549,0.0125786534360957,0.0125786534360957,-1.87076961378926,0.00301828338258524,"pup vs you"
"233",0.518170919146601,0.38294170754227,0.514921094004247,0.514921094004247,0.46085758647623,0.512309943997944,"pup vs you"
"234",-0.303830785207374,0.412937520019636,0.800894411970585,0.800894411970585,-0.296008381048185,0.89799297131922,"pup vs you"
"235",-2.04292296731783,0.436446109449327,0.00766150126137948,0.00766150126137948,-2.12144991702674,0.000604976629286582,"pup vs you"
"236",1.7581675439917,0.448822726909718,0.0260350643458666,0.0260350643458666,1.71661682264017,0.00883320806088871,"pup vs you"
"237",0.888249463605451,0.421597883670655,0.277510880352764,0.277510880352764,0.831845331883203,0.24527653481084,"pup vs you"
"238",0.751659986854057,0.420383997925693,0.372958305071795,0.372958305071795,0.700310125131422,0.361175836984601,"pup vs you"
"239",0.712258845873161,0.464122322625572,0.438362837396172,0.438362837396172,0.682438926563337,0.38821659011039,"pup vs you"
"240",-0.433875600294999,0.42496596564331,0.707917928876669,0.707917928876669,-0.435723349556155,0.790400447379256,"pup vs you"
"241",0.303373086666432,0.386451285953466,0.645305880095963,0.645305880095963,0.266876806734372,0.697939515613369,"pup vs you"
"242",-0.871934444527295,0.407123838147257,0.339503838444829,0.339503838444829,-0.920638222326918,0.224381405784646,"pup vs you"
"243",-0.309650899227932,0.420899940938172,0.818068498549187,0.818068498549187,-0.304391520908629,0.869283688725932,"pup vs you"
"244",-1.63096300955188,0.451986147219412,0.0571410921316394,0.0571410921316394,-1.64557936174802,0.0107930391517046,"pup vs you"
"245",1.00987268248291,0.388554124781742,0.202990072630106,0.202990072630106,0.924870758482268,0.17561580185754,"pup vs you"
"246",-2.6259991248785,0.36159792073623,6.51835215742881e-07,6.51835215742881e-07,-2.63213144100257,2.70867592372912e-09,"pup vs you"
"247",-0.914672712053405,0.396646653163652,0.322905898208719,0.322905898208719,-0.851059514532902,0.31953120913496,"pup vs you"
"248",0.473114788362769,0.379758854233263,0.523145176150523,0.523145176150523,0.544526305477707,0.44579586189021,"pup vs you"
"249",-3.39181653143157,0.394889756764168,1.47522730160974e-08,1.47522730160974e-08,-3.36978071223855,3.08924350902372e-12,"pup vs you"
"250",-3.26717948508489,0.352509238309437,8.92143208232545e-11,8.92143208232545e-11,-3.2581117748519,2.10895231749048e-11,"pup vs you"
"251",1.96020398844819,0.465258521520232,0.0195872956651363,0.0195872956651363,1.98187692011829,0.00206053333658167,"pup vs you"
"252",2.8911585245948,0.35389990203176,3.7518389625878e-09,3.7518389625878e-09,2.83213104313449,6.5032887886569e-09,"pup vs you"
"253",-0.146475885870757,0.405649169494507,0.873886817954176,0.873886817954176,-0.190240683457266,0.911625181763926,"pup vs you"
"254",-0.647176418718478,0.403781441791756,0.547393525618841,0.547393525618841,-0.626979868776488,0.568246108056669,"pup vs you"
"255",0.716232800344107,0.430532440055591,0.387578957556288,0.387578957556288,0.729422449037218,0.315852963353984,"pup vs you"
"256",-0.598110211750606,0.351651119335161,0.516775655806603,0.516775655806603,-0.588655926357728,0.512821628154657,"pup vs you"
"257",-1.62105933107702,0.439217860201918,0.0515451609430691,0.0515451609430691,-1.67237756387313,0.0129811819749583,"pup vs you"
"258",0.752448662447494,0.391383155265577,0.313296509064446,0.313296509064446,0.6858197909971,0.335908296357497,"pup vs you"
"259",0.160967088952882,0.429691644608641,0.751501512288308,0.751501512288308,0.16920280650984,0.811768468665359,"pup vs you"
"260",1.77436203914445,0.459898857451451,0.0162116483443741,0.0162116483443741,1.7385580818824,0.0106209725769633,"pup vs you"
"261",0.597285760168915,0.42444820052142,0.490744345873024,0.490744345873024,0.617386911589033,0.424300095472437,"pup vs you"
"262",0.621438720665593,0.379702088248728,0.408944551321274,0.408944551321274,0.613322152925136,0.374044381940681,"pup vs you"
"263",0.545749587835042,0.385644747250916,0.486122369040548,0.486122369040548,0.574213203236737,0.406086566647423,"pup vs you"
"264",2.28804379046752,0.429487202380667,0.00132586776022287,0.00132586776022287,2.30114772295027,0.000540802237845771,"pup vs you"
"265",-2.99936567782586,0.375843758787231,9.61514802148702e-07,9.61514802148702e-07,-3.02336736597468,1.3355282878254e-09,"pup vs you"
"266",0.103942177129788,0.40303756565283,0.769149565342874,0.769149565342874,0.0378158869772619,0.900381544375807,"pup vs you"
"267",2.00342556312064,0.42705467768479,0.00411913660867839,0.00411913660867839,1.97011206295724,0.00215620593648985,"pup vs you"
"268",-1.16385861252479,0.406807289275011,0.149244396242799,0.149244396242799,-1.18275266540459,0.0844216938878756,"pup vs you"
"269",0.911028636815871,0.330814212863851,0.144851773721116,0.144851773721116,0.917943880467057,0.0388618481924025,"pup vs you"
"270",0.609442527507866,0.381028593314451,0.430512653073532,0.430512653073532,0.530175959335185,0.467365657799698,"pup vs you"
"271",1.57625723477647,0.411673011201556,0.0288904084636256,0.0288904084636256,1.56472261811681,0.00517118048179611,"pup vs you"
"272",1.99962822891471,0.42335197206731,0.00360842765910317,0.00360842765910317,1.99241695964056,0.00362877299702222,"pup vs you"
"273",-1.8231504688214,0.361202636892527,0.00161037341298817,0.00161037341298817,-1.84990025497512,0.000441378062176397,"pup vs you"
"274",1.04847142528616,0.394302623419131,0.172304611297384,0.172304611297384,1.04539739884952,0.111934999667582,"pup vs you"
"275",-4.08784256011776,0.365515983591149,2.29411009441667e-16,2.29411009441667e-16,-4.1034137641573,0,"pup vs you"
"276",0.215403848037899,0.395021885677799,0.705173731943577,0.705173731943577,0.0875596510712102,0.83430228944669,"pup vs you"
"277",1.20415164029292,0.41659784704495,0.155254390926865,0.155254390926865,1.21140894120432,0.0797146769702884,"pup vs you"
"278",-1.46995749509275,0.460540018850261,0.101353954888007,0.101353954888007,-1.43270015825252,0.0389216776289677,"pup vs you"
"279",-1.6154277391486,0.399035404847236,0.0209690948656083,0.0209690948656083,-1.65627491039526,0.00423871244808116,"pup vs you"
"280",0.507796921577979,0.446004048464305,0.559747605377297,0.559747605377297,0.463405402034759,0.584628670643009,"pup vs you"
"281",0.378042947325146,0.407305921021215,0.585004497328576,0.585004497328576,0.293969946054613,0.697547082248479,"pup vs you"
"282",4.00048619079742,0.405500385537291,1.33524878669967e-13,1.33524878669967e-13,3.99823862831911,2.54279198854998e-13,"pup vs you"
"283",0.495757609738954,0.38390199145261,0.505023512995817,0.505023512995817,0.535924453905257,0.454888494699774,"pup vs you"
"284",-2.48778438441242,0.416576191099776,2.03951428801788e-05,2.03951428801788e-05,-2.51015853058119,1.74730126464069e-06,"pup vs you"
"285",1.02678215892654,0.4051550615246,0.23277338030195,0.23277338030195,0.985310799070496,0.155823455752787,"pup vs you"
"286",0.37559542747079,0.345697895489444,0.557043852670345,0.557043852670345,0.354384698108973,0.604191478225752,"pup vs you"
"287",-0.654938760263677,0.399293111786496,0.54481239104415,0.54481239104415,-0.660003409078464,0.507897590069159,"pup vs you"
"288",0.802508351927811,0.411693564285267,0.336150726398327,0.336150726398327,0.76942962983746,0.278884870063161,"pup vs you"
"289",0.126807925442397,0.410046998325091,0.772265518921378,0.772265518921378,0.0894319034098724,0.8304077848483,"pup vs you"
"290",-1.22614933200051,0.435570970060653,0.162626320490523,0.162626320490523,-1.27418521919689,0.0626031172942879,"pup vs you"
"291",-1.52415500998877,0.403946108922727,0.0309295616589555,0.0309295616589555,-1.59605135392503,0.00433607144945712,"pup vs you"
"292",0.207042236079747,0.40400487708908,0.696330644668417,0.696330644668417,0.155535635984769,0.789834460713168,"pup vs you"
"293",0.81555924542099,0.381299653182943,0.317838983796793,0.317838983796793,0.78649451430801,0.249956512584492,"pup vs you"
"294",-3.59659801884109,0.359318871383731,3.03858281910114e-12,3.03858281910114e-12,-3.56756271207503,3.15150442689986e-16,"pup vs you"
"295",-0.150840167230115,0.420820996163132,0.886077140390773,0.886077140390773,-0.2265706395804,0.9180852516785,"pup vs you"
"296",0.723984990864488,0.386691220729492,0.348206035636157,0.348206035636157,0.728766972399862,0.272583114382891,"pup vs you"
"297",0.932694418443089,0.39264971196934,0.245423646222386,0.245423646222386,0.967855307814884,0.139978926472176,"pup vs you"
"298",0.921738786234464,0.440985882934977,0.254787134630561,0.254787134630561,0.959729809450215,0.144984562620464,"pup vs you"
"299",0.158485411064689,0.404227450496966,0.746052365019246,0.746052365019246,0.153078306174588,0.78255084096322,"pup vs you"
"300",0.857943873232877,0.384590270369377,0.271945372755553,0.271945372755553,0.841463031272922,0.195068894647194,"pup vs you"
"301",0.696691245797714,0.390003693067887,0.355681975279916,0.355681975279916,0.701730292061808,0.337104419739974,"pup vs you"
"302",-3.26823799248488,0.341539661992449,1.09705267016369e-10,1.09705267016369e-10,-3.29056752269367,6.18687498852367e-15,"pup vs you"
"303",0.857189668100501,0.389529433162081,0.294349632988212,0.294349632988212,0.797221761691497,0.242504619532767,"pup vs you"
"304",0.587186269513192,0.379774698761572,0.446453023071417,0.446453023071417,0.574241426729665,0.40878614270994,"pup vs you"
"305",0.538295126430072,0.393921298973233,0.487262322676906,0.487262322676906,0.481842532137027,0.524724488078084,"pup vs you"
"306",-0.515062654388387,0.395010106496401,0.639539743044162,0.639539743044162,-0.604528891951592,0.615943759567321,"pup vs you"
"307",-0.334080121010441,0.432957012626178,0.803155516781197,0.803155516781197,-0.305673060728017,0.895663296450039,"pup vs you"
"308",0.456550318492553,0.410547081358783,0.539719711098863,0.539719711098863,0.394427555913875,0.617008943046221,"pup vs you"
"309",-0.256581204612808,0.403135986057828,0.824236318351322,0.824236318351322,-0.253950937883449,0.877685537533162,"pup vs you"
"310",-2.16472181968132,0.406291316149728,0.000671241706840492,0.000671241706840492,-2.24624820375059,1.72401529522909e-05,"pup vs you"
"311",1.00484446231196,0.39928326611277,0.216406249186114,0.216406249186114,0.93295445863579,0.171413234160887,"pup vs you"
"312",-0.332596638839267,0.444845055963863,0.804405038654037,0.804405038654037,-0.292326346750906,0.893083258986414,"pup vs you"
"313",0.175010473028135,0.408735603981504,0.744615398403965,0.744615398403965,0.071626777174469,0.883879450114759,"pup vs you"
"314",0.422548491716647,0.437575932660141,0.587654275650058,0.587654275650058,0.379860115913757,0.658900144663217,"pup vs you"
"315",-0.944179697729031,0.403851649312455,0.304731772483658,0.304731772483658,-0.986245597282408,0.181563588990508,"pup vs you"
"316",1.79475421172476,0.426169804881834,0.0202219840446228,0.0202219840446228,1.82483289100432,0.00478319925937736,"pup vs you"
"317",0.226115066377642,0.424843073104797,0.703159675947203,0.703159675947203,0.25163061233249,0.730662477725345,"pup vs you"
"318",0.162529800798554,0.405002574075549,0.743023991109957,0.743023991109957,0.147859122514448,0.789881688287959,"pup vs you"
"319",-0.077193117386869,0.418791580647865,0.868520096106087,0.868520096106087,-0.126903333069804,0.952798752181685,"pup vs you"
"320",0.338632903820056,0.396350679117463,0.622077032514136,0.622077032514136,0.289172645150913,0.675721758929202,"pup vs you"
"321",1.60889902947531,0.427534745568801,0.035553897756185,0.035553897756185,1.69326089925789,0.00479514447222184,"pup vs you"
"322",-1.17575334802455,0.378900910925259,0.111274079908783,0.111274079908783,-1.22488088244902,0.048335785982931,"pup vs you"
"323",1.22304015972659,0.404249810099576,0.109388268707201,0.109388268707201,1.22521982719406,0.0487220127694965,"pup vs you"
"324",1.65126224840783,0.42322922474165,0.0239405060259578,0.0239405060259578,1.62274813156141,0.0125323118679111,"pup vs you"
"325",0.667433850224688,0.398189774191479,0.385716984849473,0.385716984849473,0.648033979262162,0.360632138211253,"pup vs you"
"326",1.14129477794758,0.39771878813382,0.131217713275537,0.131217713275537,1.20311945796079,0.059483168161964,"pup vs you"
"327",-0.811743695795938,0.426799681746951,0.424319944710002,0.424319944710002,-0.74338658159937,0.484256982757863,"pup vs you"
"328",-0.437152182396393,0.414974588740586,0.711678400007931,0.711678400007931,-0.386677079211858,0.859472284018694,"pup vs you"
"329",-3.99448743009054,0.322600617227489,0,0,-4.0364196730498,0,"pup vs you"
"330",1.22175577320827,0.413375874604899,0.111324504269714,0.111324504269714,1.22849819710394,0.0651943041396372,"pup vs you"
"331",2.02877976854556,0.448640883144522,0.00855097275942162,0.00855097275942162,2.03829688195815,0.0015950805237079,"pup vs you"
"332",0.545783591126482,0.410379351502959,0.484766650518097,0.484766650518097,0.626340911865552,0.396361751046201,"pup vs you"
"333",0.284713540723905,0.413217010531322,0.655087224869022,0.655087224869022,0.188291463029659,0.793972521174835,"pup vs you"
"334",0.76287575045521,0.416945404741014,0.363853330969135,0.363853330969135,0.811341704632662,0.27148481646821,"pup vs you"
"335",2.18526948337562,0.435061349482177,0.00381929462619755,0.00381929462619755,2.18155443959613,0.000102628607981378,"pup vs you"
"336",0.558286899341923,0.381116708873901,0.462155084381417,0.462155084381417,0.566744572212668,0.388567027497881,"pup vs you"
"337",0.873583911836625,0.390630948287016,0.260199713183764,0.260199713183764,0.880687562813261,0.197403541295658,"pup vs you"
"338",0.0844172435968027,0.419590661362464,0.803450639461115,0.803450639461115,0.0698261811926943,0.872395702008055,"pup vs you"
"339",0.833102455215359,0.378481392330839,0.274905350457445,0.274905350457445,0.77765781817499,0.259513479660859,"pup vs you"
"340",0.691379561516239,0.39107049503562,0.368825858512094,0.368825858512094,0.654101281368685,0.368586909806316,"pup vs you"
"341",0.990426064543936,0.400708274135929,0.207501900563748,0.207501900563748,0.917949341647964,0.18680239108244,"pup vs you"
"342",0.523243258381067,0.387592384422073,0.487381638470951,0.487381638470951,0.428158908405284,0.54690515730938,"pup vs you"
"343",0.329412054313232,0.39632009339713,0.61443465765361,0.61443465765361,0.331573549473273,0.658602590745221,"pup vs you"
"344",-5.01917665825529,0.311310499861617,0,0,-5.07323814864153,0,"pup vs you"
"345",-0.0631221304999166,0.416780376137689,0.87549155066859,0.87549155066859,-0.0186975842575184,0.911273320919059,"pup vs you"
"346",0.607565175793393,0.394719702449195,0.440478518313989,0.440478518313989,0.60439589196502,0.387759655848509,"pup vs you"
"347",0.607805527527193,0.38169297008788,0.414720196463225,0.414720196463225,0.549571032360124,0.424922969712819,"pup vs you"
"348",-1.05873894832905,0.404111693496997,0.22889081778731,0.22889081778731,-1.08246503786763,0.161115200878341,"pup vs you"
"349",2.28015071030541,0.383177344648702,0.000735345716090484,0.000735345716090484,2.2778523994468,2.36394827444087e-05,"pup vs you"
"350",0.498204025553187,0.417576137894085,0.534743666641655,0.534743666641655,0.464071071640951,0.534503493492292,"pup vs you"
"351",0.31090033719401,0.410030516588509,0.636353190278044,0.636353190278044,0.265676285990444,0.708548451969559,"pup vs you"
"352",0.839522779178304,0.386862992916735,0.290300113683374,0.290300113683374,0.724297574037804,0.296077295790295,"pup vs you"
"353",0.252618375146896,0.408008923917642,0.6950617862224,0.6950617862224,0.229586117720944,0.73622519675149,"pup vs you"
"354",-0.555439669319916,0.37450875502092,0.591664232447311,0.591664232447311,-0.570378132277711,0.606918026278208,"pup vs you"
"355",0.356254507786141,0.386241327847922,0.602646226045643,0.602646226045643,0.348539533875516,0.612143191424431,"pup vs you"
"356",0.636566898877212,0.401101834358331,0.407396911630147,0.407396911630147,0.626362080746506,0.389179526045178,"pup vs you"
"357",0.0958796024394552,0.39641677971893,0.770251609879898,0.770251609879898,0.093631997657119,0.841765480592012,"pup vs you"
"358",0.111400889358125,0.400419199529021,0.794596665383145,0.794596665383145,0.0905915675085,0.854139921090492,"pup vs you"
"359",-2.30311447891303,0.419854127953696,0.00023739931369645,0.00023739931369645,-2.28267901266079,4.79769872402478e-05,"pup vs you"
"360",-0.590616284584834,0.40203488646914,0.580808484364087,0.580808484364087,-0.691160998050103,0.521929704547711,"pup vs you"
"361",-0.966018808764584,0.425341247252187,0.342666913802597,0.342666913802597,-1.02099900687031,0.257815202718024,"pup vs you"
"362",0.740428115393033,0.387761428936315,0.296753678959705,0.296753678959705,0.736150955992902,0.235204469742491,"pup vs you"
"363",1.43232657354797,0.405437576103819,0.0436041957755662,0.0436041957755662,1.37632426426093,0.0179522517442546,"pup vs you"
"364",0.624158280614264,0.402937686234303,0.43071334661685,0.43071334661685,0.623725264358931,0.390543671897165,"pup vs you"
"365",1.14051887607172,0.410479696867993,0.135953324083173,0.135953324083173,1.13963409375107,0.0774884006660801,"pup vs you"
"366",-0.195804889545546,0.38505332294871,0.879643684247858,0.879643684247858,-0.197238344320138,0.934491302474168,"pup vs you"
"367",1.2844309621582,0.415565753098976,0.106932229572584,0.106932229572584,1.18228489759972,0.0848291936974248,"pup vs you"
"368",0.326533933425411,0.394796942797981,0.616025343386799,0.616025343386799,0.370947493109049,0.608589022992047,"pup vs you"
"369",0.847209566648271,0.407403345921504,0.289052564427664,0.289052564427664,0.779801843575881,0.273990051607939,"pup vs you"
"370",2.6340444995765,0.419259111328583,4.2367783989074e-05,4.2367783989074e-05,2.64457152505522,5.92614748261076e-06,"pup vs you"
"371",1.03799461181276,0.394190138876725,0.186631761819761,0.186631761819761,0.975747603346542,0.155782010054203,"pup vs you"
"372",0.230435855329655,0.397852304969555,0.6834758823869,0.6834758823869,0.276639283133031,0.710102774522777,"pup vs you"
"373",0.534474824772845,0.385703046251447,0.46687574412987,0.46687574412987,0.498411905406519,0.506141211079411,"pup vs you"
"374",0.76605510546383,0.395139254529614,0.334284438633772,0.334284438633772,0.710233465337433,0.312730745093402,"pup vs you"
"375",0.710157132409526,0.441402251997442,0.385029422543711,0.385029422543711,0.711516497437287,0.317973333324958,"pup vs you"
"376",-0.322106990868176,0.396299515613334,0.76887083890606,0.76887083890606,-0.264534214994844,0.865557378612433,"pup vs you"
"377",0.225028981643075,0.41007740286063,0.72500551643645,0.72500551643645,0.206201909437819,0.792854669935866,"pup vs you"
"378",2.50295568165227,0.428736384072512,8.5501162774789e-05,8.5501162774789e-05,2.49601724024464,5.03544991569315e-05,"pup vs you"
"379",0.861140926242457,0.429607583822431,0.284800078944813,0.284800078944813,0.879698109795651,0.224635410464561,"pup vs you"
"380",0.766009757420873,0.389094411322301,0.336990465964615,0.336990465964615,0.742812873882487,0.291805189101151,"pup vs you"
"381",0.797724483234959,0.403961883430358,0.286134056725069,0.286134056725069,0.838184361134313,0.236031291335503,"pup vs you"
"382",0.633903245343478,0.389135702465945,0.424338191745935,0.424338191745935,0.663828775357881,0.360207166168061,"pup vs you"
"383",0.650624975673697,0.382770915853275,0.391492328866183,0.391492328866183,0.570363901524674,0.431892304099095,"pup vs you"
"384",0.862547655366432,0.384653623163508,0.274399497108363,0.274399497108363,0.892050110926556,0.177980710229691,"pup vs you"
"385",-1.86045895405809,0.378095311049014,0.00481042558866281,0.00481042558866281,-1.92170431430747,0.000238217037164691,"pup vs you"
"386",1.71434513816341,0.430683528759051,0.030333639016396,0.030333639016396,1.63246538844174,0.0144949887069989,"pup vs you"
"387",1.09277036335671,0.386141074278037,0.160120605325443,0.160120605325443,1.05570689892017,0.114401990721978,"pup vs you"
"388",-1.29396347878656,0.415902194425729,0.142941945923699,0.142941945923699,-1.27898135566894,0.0784277562540084,"pup vs you"
"389",0.443091214013645,0.401502669595107,0.539307438854825,0.539307438854825,0.43578290379212,0.556280760585081,"pup vs you"
"390",-1.48412358695119,0.431166608620912,0.091793649435628,0.091793649435628,-1.51421076705834,0.0405156693147845,"pup vs you"
"391",0.190712978862839,0.397413302946499,0.723957588394342,0.723957588394342,0.240085594295981,0.727008748173139,"pup vs you"
"392",-2.23193927513105,0.352561956179166,0.000217345297333488,0.000217345297333488,-2.31398410964987,4.5541788583915e-07,"pup vs you"
"393",1.31535193567453,0.327449104903131,0.0360401753173234,0.0360401753173234,1.27678889875092,0.00846026514411952,"pup vs you"
"394",0.653128965325919,0.38750584653346,0.418801088352091,0.418801088352091,0.682765648994549,0.353661644656705,"pup vs you"
"395",1.58437952285646,0.422263253385176,0.0330039795585624,0.0330039795585624,1.56909419660835,0.0135494299765858,"pup vs you"
"396",1.27931496021513,0.435850291195943,0.116163029730688,0.116163029730688,1.10743859905449,0.102162643802271,"pup vs you"
"397",0.477579302093226,0.391104396903185,0.541350386015496,0.541350386015496,0.492386581947855,0.523765837496443,"pup vs you"
"398",0.814863348286204,0.435061006133853,0.346207139000697,0.346207139000697,0.7884228948061,0.296815841682375,"pup vs you"
"399",0.764696599363679,0.409232438803359,0.377180645610353,0.377180645610353,0.745197730589032,0.319716600737254,"pup vs you"
"400",-0.265102225861112,0.38635167607056,0.827451353131279,0.827451353131279,-0.228713343834849,0.90511607314548,"pup vs you"
"401",0.0133650609887328,0.395786536787311,0.81591710354935,0.81591710354935,0.029799594868997,0.861049224486257,"pup vs you"
"402",0.363904801601774,0.399572424959015,0.605195990432933,0.605195990432933,0.380848423244728,0.610286041858895,"pup vs you"
"403",0.0272724153519869,0.402916887919809,0.826191562772815,0.826191562772815,-0.0153909773093433,0.872574836249902,"pup vs you"
"404",0.485683597272745,0.384895965781618,0.509532123440819,0.509532123440819,0.443425539500496,0.537017202595983,"pup vs you"
"405",-1.1118574001524,0.393614974689504,0.189974841315452,0.189974841315452,-1.1758046902617,0.0839729227171179,"pup vs you"
"406",0.51458336739193,0.385433538555535,0.487513930707849,0.487513930707849,0.46801484095022,0.521653311315122,"pup vs you"
"407",0.315539364143009,0.391471074608715,0.61529307556018,0.61529307556018,0.270921121032065,0.688222395375836,"pup vs you"
"408",0.23817078349284,0.430549749523803,0.720453790851951,0.720453790851951,0.247654469278187,0.755630909627575,"pup vs you"
"409",0.588909204376823,0.411617446525582,0.471220616187835,0.471220616187835,0.603418664228899,0.419309113852897,"pup vs you"
"410",0.333934186508399,0.393029709729685,0.645814939916945,0.645814939916945,0.311143971696781,0.665269115582575,"pup vs you"
"411",0.853106105339728,0.391482436206217,0.267364162995359,0.267364162995359,0.921216695658723,0.1760354492392,"pup vs you"
"412",1.05538203720646,0.414137757310702,0.199219846729019,0.199219846729019,1.08614361689523,0.107503776125006,"pup vs you"
"413",1.4063157573767,0.411875893914946,0.0621740322971314,0.0621740322971314,1.38796206766505,0.0423571180179402,"pup vs you"
"414",-1.93185195820914,0.382175549209098,0.00384356724087958,0.00384356724087958,-2.0023632092085,0.000176188665702049,"pup vs you"
"415",0.731820407884743,0.386538025361271,0.362470216721901,0.362470216721901,0.715238707429206,0.296554855365262,"pup vs you"
"416",0.805878322890018,0.393522969794176,0.270043777995008,0.270043777995008,0.778404905662296,0.249202331384423,"pup vs you"
"417",0.727580448221857,0.382628578281623,0.340980650556724,0.340980650556724,0.628410977561806,0.372751738389345,"pup vs you"
"418",1.63634199066094,0.419294449882349,0.0362309743830229,0.0362309743830229,1.58430693028745,0.0198434166030728,"pup vs you"
"419",0.474011760031384,0.394500066472048,0.560170189996049,0.560170189996049,0.508859598958929,0.500850526926031,"pup vs you"
"420",0.905884314672496,0.408730817346937,0.278284155221137,0.278284155221137,0.94546484540088,0.160439478016076,"pup vs you"
"421",0.796375168215857,0.408292577123923,0.337417058371626,0.337417058371626,0.899586252779933,0.19794619322368,"pup vs you"
"422",0.0696968396661693,0.411214213410242,0.782962044153576,0.782962044153576,0.0440268916671678,0.885310196544505,"pup vs you"
"423",1.38443228646403,0.400594339751866,0.0711263008987838,0.0711263008987838,1.31819998388999,0.0250852341361496,"pup vs you"
"424",0.631935769118227,0.411970055168348,0.44415079587589,0.44415079587589,0.617943785078101,0.413128850670714,"pup vs you"
"425",-1.05253540419977,0.402542709719719,0.23524409622913,0.23524409622913,-1.01571103425458,0.203207142937345,"pup vs you"
"426",-2.12769477806728,0.411023490141198,0.00138742532204233,0.00138742532204233,-2.10607044580341,0.000533631710276295,"pup vs you"
"427",0.779953053152534,0.392607228295092,0.303012104078774,0.303012104078774,0.750678552484759,0.274465117555045,"pup vs you"
"428",0.577492943116317,0.380355840859102,0.447456126582524,0.447456126582524,0.575464174783634,0.41037291119603,"pup vs you"
"429",-0.0101178745270933,0.396318929328538,0.818952417231481,0.818952417231481,-0.0278877437962243,0.916254814235822,"pup vs you"
"430",0.989442305199575,0.398931196682721,0.201466331672704,0.201466331672704,0.939737476974195,0.164883450459542,"pup vs you"
"431",-0.0571261843030548,0.374794748992522,0.857391172518969,0.857391172518969,-0.0558758244647069,0.936303837803388,"pup vs you"
"432",1.33271425467491,0.397815412832542,0.0732091903026112,0.0732091903026112,1.28529596856394,0.0289893630470336,"pup vs you"
"433",0.713399361420359,0.378078661760282,0.345171037973826,0.345171037973826,0.603456633227191,0.413340023916128,"pup vs you"
"434",0.382864614543225,0.423215534701036,0.621488016707662,0.621488016707662,0.313199122995855,0.714433808108104,"pup vs you"
"435",-1.57852568201568,0.455788009768957,0.0473559067317456,0.0473559067317456,-1.58027135787927,0.0175267902158682,"pup vs you"
"436",0.447234950380694,0.412636432751099,0.556473034906738,0.556473034906738,0.428037647026055,0.541858991849133,"pup vs you"
"437",0.252221703233322,0.390883768524003,0.666019782227412,0.666019782227412,0.186620630586247,0.765658210430999,"pup vs you"
"438",0.438990504226911,0.391484493873927,0.542855366739707,0.542855366739707,0.427937452035655,0.565055873117172,"pup vs you"
"439",0.547210869631466,0.380293717437684,0.472167449305136,0.472167449305136,0.490441100375398,0.510871027550234,"pup vs you"
"440",0.62844370052837,0.37987701672908,0.416941587637342,0.416941587637342,0.603150277700788,0.380251570826253,"pup vs you"
"441",1.0369579840691,0.396416758918817,0.172024106670884,0.172024106670884,1.04458587793842,0.103441376885016,"pup vs you"
"442",0.461476920985837,0.422830106665692,0.574494179825697,0.574494179825697,0.451078526049954,0.581164819436853,"pup vs you"
"443",-0.473402705675276,0.396514588553135,0.648638652136018,0.648638652136018,-0.454261222882893,0.74556537460259,"pup vs you"
"444",-0.883971191212303,0.405428377417512,0.348738300433293,0.348738300433293,-0.857906845537905,0.34046101432808,"pup vs you"
"445",0.548736444706453,0.382032354190871,0.469018067295525,0.469018067295525,0.568174727644777,0.423254603208215,"pup vs you"
"446",0.314632320016191,0.389486809813435,0.636061267537753,0.636061267537753,0.300620399313447,0.682237599839165,"pup vs you"
"447",1.3138582598883,0.402456978086733,0.0962016037506597,0.0962016037506597,1.27188198579599,0.0511059209403368,"pup vs you"
"448",0.858114430526183,0.388872886117816,0.259059887484604,0.259059887484604,0.759602458712647,0.27391878477218,"pup vs you"
"449",0.532651042493142,0.395975181995901,0.496393605201618,0.496393605201618,0.521864738134155,0.455551482077048,"pup vs you"
"450",3.90512057516025,0.47298562820344,2.57361871591014e-09,2.57361871591014e-09,3.84845351481517,8.2922501967569e-10,"pup vs you"
"451",0.66513449968189,0.39029541873761,0.400164036839717,0.400164036839717,0.666433561880812,0.343637221407591,"pup vs you"
"452",0.553335907023873,0.382574520126251,0.469635135658688,0.469635135658688,0.48880612307432,0.516721625122717,"pup vs you"
"453",0.68383547592552,0.381761828956362,0.366954671237508,0.366954671237508,0.619754169689069,0.357369125792546,"pup vs you"
"454",0.236893649378941,0.399480851356469,0.693662515132473,0.693662515132473,0.201694678112461,0.760155348884339,"pup vs you"
"455",0.624221381726616,0.395888784337523,0.403353971536478,0.403353971536478,0.639559834873985,0.361769646932645,"pup vs you"
"456",0.909234846643124,0.396610370927781,0.271745261592536,0.271745261592536,0.891674664215164,0.20163505147607,"pup vs you"
"457",0.632725754660904,0.412805185008486,0.443095521850882,0.443095521850882,0.616179081609071,0.414577380256766,"pup vs you"
"458",0.480575537921671,0.396921990149509,0.521400594539373,0.521400594539373,0.456186677627967,0.534051349609474,"pup vs you"
"459",0.554976540245131,0.380129838620457,0.490944692750235,0.490944692750235,0.566822919475045,0.433413948236212,"pup vs you"
"460",-0.525654342100976,0.426271038089659,0.66582122214749,0.66582122214749,-0.473989569237363,0.765650920283742,"pup vs you"
"461",0.555480188067145,0.382621338343316,0.447300289561916,0.447300289561916,0.53599841650424,0.462083325433764,"pup vs you"
"462",1.76550603092283,0.416515902580339,0.00885836203541018,0.00885836203541018,1.77388850677656,0.0045654975318226,"pup vs you"
"463",0.276922877897113,0.386937146229245,0.648989639113073,0.648989639113073,0.351779264408525,0.61956580427286,"pup vs you"
"464",0.440925525614153,0.392079825411381,0.548845400859202,0.548845400859202,0.479350120943984,0.498810303731206,"pup vs you"
"465",0.902170383404417,0.39555867522981,0.24655549892901,0.24655549892901,0.85029835244383,0.230571086407329,"pup vs you"
"466",0.023313758930266,0.386989039463567,0.799900780524413,0.799900780524413,0.039831140658309,0.884614939735849,"pup vs you"
"467",0.562573164523673,0.380295570279871,0.462621733289608,0.462621733289608,0.548358929729854,0.438955258942709,"pup vs you"
"468",0.619121941471003,0.378598611209837,0.407773575328932,0.407773575328932,0.559949581657954,0.434085181551691,"pup vs you"
"469",1.322348720873,0.40783812077446,0.0821961073764645,0.0821961073764645,1.30978751993358,0.0405477954216036,"pup vs you"
"470",0.755491317282242,0.390472356812177,0.314049761893215,0.314049761893215,0.81689638866727,0.25052800457019,"pup vs you"
"471",0.991167591591124,0.393168474137986,0.212067540010228,0.212067540010228,1.04394317957108,0.110550587699347,"pup vs you"
"472",0.754582499143892,0.390060682514544,0.307413496457308,0.307413496457308,0.759822929171628,0.268102372568688,"pup vs you"
"473",2.98252902340612,0.463200885863809,7.63001462357183e-06,7.63001462357183e-06,2.9358349184765,5.21747427524846e-07,"pup vs you"
"474",-1.17850517769849,0.393743683922764,0.161041041779057,0.161041041779057,-1.18878899715134,0.101596250464222,"pup vs you"
"475",0.77688434984555,0.382631842748503,0.291544060154795,0.291544060154795,0.803916229103789,0.2591201445135,"pup vs you"
"476",-0.454153629367423,0.420199666377546,0.752487166596999,0.752487166596999,-0.445800309335635,0.761542828933333,"pup vs you"
"477",0.688049785321405,0.386005101463304,0.408026875871292,0.408026875871292,0.683184377777763,0.323881171643613,"pup vs you"
"478",-0.185200096141507,0.380562940082805,0.843580483082598,0.843580483082598,-0.220625206340446,0.919961755391612,"pup vs you"
"479",-0.217715952165477,0.403445099333131,0.829495787658066,0.829495787658066,-0.241403495885175,0.901341392606982,"pup vs you"
"480",0.90356511008798,0.41914670386696,0.256979005743447,0.256979005743447,0.895050851493676,0.214774170089582,"pup vs you"
"481",0.877110289413533,0.391967787368291,0.2450535703725,0.2450535703725,0.805903748743852,0.242102595720975,"pup vs you"
"482",-0.544378521231736,0.388855392766814,0.575289830576035,0.575289830576035,-0.471008601142264,0.721386038587676,"pup vs you"
"483",0.760511812166726,0.38495268541646,0.334757469482498,0.334757469482498,0.7124184989162,0.299829627003739,"pup vs you"
"484",-3.26794321567682,0.342217071831827,8.58717474490522e-12,8.58717474490522e-12,-3.2935443459492,4.43468970407995e-15,"pup vs you"
"485",-0.0933023414198425,0.403584508517311,0.849345260034046,0.849345260034046,-0.105710310595662,0.906025937547134,"pup vs you"
"486",-0.103586499727943,0.39713904286482,0.883051205974499,0.883051205974499,-0.141364886830423,0.919790303757997,"pup vs you"
"487",0.402164932152488,0.38521724387848,0.57115419251441,0.57115419251441,0.355651466784505,0.630063227780761,"pup vs you"
"488",0.567215018747253,0.378846711738043,0.482048611080725,0.482048611080725,0.483680323201339,0.500058312738044,"pup vs you"
"489",0.635766304345741,0.378543887094781,0.405453404884357,0.405453404884357,0.661873218028976,0.347689973726722,"pup vs you"
"490",0.394817617596874,0.400469795294927,0.582504114134342,0.582504114134342,0.285123630558545,0.705797950090678,"pup vs you"
"491",1.28361961938722,0.40656745702708,0.109456194985828,0.109456194985828,1.19439240738957,0.0754529423067452,"pup vs you"
"492",-0.105166502502393,0.414493555314582,0.86971812390849,0.86971812390849,-0.0930549606776319,0.933103387638763,"pup vs you"
"493",-0.634410792578616,0.422492766996258,0.601361633439498,0.601361633439498,-0.63675095651272,0.580715919973683,"pup vs you"
"494",0.826301426250739,0.395449048312687,0.290980009072333,0.290980009072333,0.854731736972103,0.225348957167708,"pup vs you"
"495",0.883488056545046,0.395575238603276,0.282657239380032,0.282657239380032,0.939612342359587,0.164088659706499,"pup vs you"
"496",-0.172535001701518,0.396730378993579,0.857863902109528,0.857863902109528,-0.247789813834085,0.902993296479968,"pup vs you"
"497",-0.440303811927435,0.39921701815701,0.693607809002552,0.693607809002552,-0.470178094693831,0.706704042661855,"pup vs you"
"498",-0.114874514066143,0.395574681546216,0.87416241926344,0.87416241926344,-0.112874668118851,0.955075017913513,"pup vs you"
"499",-1.66920207136454,0.386225206134136,0.0242317540394107,0.0242317540394107,-1.69431198264872,0.00211489800354549,"pup vs you"
"500",-0.857608485542686,0.39505384352389,0.407242355680259,0.407242355680259,-0.932419366295803,0.261254723647593,"pup vs you"
"501",0.770122521553252,0.38942602778514,0.32091733865503,0.32091733865503,0.722063603513403,0.308988821186771,"pup vs you"
"502",0.978226874595488,0.385626337672603,0.190731982059596,0.190731982059596,0.850409518712698,0.204660650521831,"pup vs you"
"503",0.53094154043834,0.384792470545352,0.471826650078777,0.471826650078777,0.511981556962863,0.477247863364219,"pup vs you"
"504",0.685542104642971,0.388608611397405,0.3750711479397,0.3750711479397,0.609729244085868,0.385551989024707,"pup vs you"
"505",1.53884276588631,0.403563502477452,0.0443861912491774,0.0443861912491774,1.48968932020389,0.0181099326504752,"pup vs you"
"506",-0.247329584766406,0.395666950720448,0.829232919239724,0.829232919239724,-0.203547766262239,0.893640226758625,"pup vs you"
"507",0.436689520960553,0.382570448462483,0.570600509411533,0.570600509411533,0.465545358790547,0.523258443240979,"pup vs you"
"508",-0.0116239076503283,0.409959073324806,0.84089806144644,0.84089806144644,-0.0314843860102074,0.917494883793717,"pup vs you"
"509",-0.0755179851915819,0.385185619856893,0.843410007815354,0.843410007815354,-0.0833493892753923,0.918039831837831,"pup vs you"
"510",-0.627316493662992,0.39426723148283,0.537667780523357,0.537667780523357,-0.647421490655416,0.550464275874505,"pup vs you"
"511",-1.35821836088896,0.418214298349785,0.104769687549036,0.104769687549036,-1.35054767508151,0.0704862997333179,"pup vs you"
"512",0.524070410403486,0.389585863884936,0.493369510186095,0.493369510186095,0.558320376057616,0.435030512099796,"pup vs you"
"513",0.94219993550142,0.406297167091997,0.242555381204076,0.242555381204076,0.98264171420332,0.145677640352618,"pup vs you"
"514",0.350375165294767,0.382778722097579,0.583674215879464,0.583674215879464,0.370228187717261,0.622260177148466,"pup vs you"
"515",0.672209044282224,0.388412839110834,0.390907678971683,0.390907678971683,0.673209842779022,0.351620989691826,"pup vs you"
"516",-0.476459461136069,0.400504248662587,0.680718475317277,0.680718475317277,-0.422406059842147,0.769544434411808,"pup vs you"
"517",0.631726214589576,0.380616364581121,0.410509273357679,0.410509273357679,0.610565446478309,0.381555706228422,"pup vs you"
"518",0.295759169795935,0.391578077507951,0.648645759310332,0.648645759310332,0.264224033284556,0.7210842693479,"pup vs you"
"519",0.206131944018715,0.414649947668393,0.721188309404929,0.721188309404929,0.209516337141731,0.778098607544355,"pup vs you"
"520",0.292309641114785,0.392826036655994,0.666142541915953,0.666142541915953,0.314183763976814,0.659855727330237,"pup vs you"
"521",-1.37140802122111,0.384620357692347,0.0713749227119864,0.0713749227119864,-1.38627511940737,0.0171037811915194,"pup vs you"
"522",0.678519788295512,0.388283537548632,0.419191556647953,0.419191556647953,0.673133123076531,0.343168163993897,"pup vs you"
"523",-0.290795661493939,0.393555572186652,0.796649769918924,0.796649769918924,-0.32183762833358,0.839038287241667,"pup vs you"
"524",-0.793844361652226,0.394531856608628,0.424339299291954,0.424339299291954,-0.739124493774491,0.451368268545865,"pup vs you"
"525",0.645167549045663,0.40303487644749,0.426747174839226,0.426747174839226,0.757593374844881,0.27972473302631,"pup vs you"
"526",0.928226692093459,0.393926190271779,0.220102342884466,0.220102342884466,0.838496017164633,0.213967816787723,"pup vs you"
"527",0.70208833392301,0.404013475303213,0.373657014726626,0.373657014726626,0.735989980735829,0.306412278852991,"pup vs you"
"528",0.535911811424458,0.388124274542992,0.46543952199277,0.46543952199277,0.576385039707917,0.408810165476131,"pup vs you"
"529",0.252942364734888,0.390015014384119,0.696028158109011,0.696028158109011,0.204642870705781,0.740662680226117,"pup vs you"
"530",0.432951360548472,0.382445175847956,0.560231320050497,0.560231320050497,0.484548831282396,0.473768473755716,"pup vs you"
"531",-1.00611879135922,0.408966914007214,0.276344983360479,0.276344983360479,-1.06885129874447,0.159356965398685,"pup vs you"
"532",0.607058501956246,0.436339888194669,0.471037723570052,0.471037723570052,0.632907975852381,0.411803107686112,"pup vs you"
"533",0.474048856732815,0.387645487102124,0.526570279549974,0.526570279549974,0.449866926706596,0.54245108998295,"pup vs you"
"534",0.923799465291984,0.402001997726963,0.242029217690717,0.242029217690717,0.872104909287613,0.197914071696831,"pup vs you"
"535",0.753319332827058,0.391350086433228,0.333618306053052,0.333618306053052,0.728500336731204,0.296214153136657,"pup vs you"
"536",0.574609173163339,0.377988277873163,0.434658218020623,0.434658218020623,0.609709466199748,0.375843151389787,"pup vs you"
"537",0.513359848649367,0.394887252739477,0.492114714847114,0.492114714847114,0.552695641086766,0.428193752494241,"pup vs you"
"538",0.609659951763385,0.381729269192836,0.390463910555241,0.390463910555241,0.565543145939515,0.406504209288656,"pup vs you"
"539",0.580427961491146,0.378045895799013,0.458437098369761,0.458437098369761,0.467384628766382,0.491345209701978,"pup vs you"
"540",0.969605191573799,0.387576459988595,0.238533729050732,0.238533729050732,0.893820600921942,0.177443891326498,"pup vs you"
"541",0.725195011707776,0.381537337348806,0.35116438483511,0.35116438483511,0.685207538927706,0.343465846403241,"pup vs you"
"542",0.0462462401484637,0.410021998616648,0.814966866789969,0.814966866789969,0.0172203301549297,0.8660170761661,"pup vs you"
"543",0.529371196610804,0.383962623655989,0.484474616199131,0.484474616199131,0.623860462719278,0.393231276069598,"pup vs you"
"544",0.559942670384634,0.381171439221888,0.430068230349337,0.430068230349337,0.535409542065293,0.464212789092529,"pup vs you"
"545",0.794727908649547,0.40001545092514,0.31323691662654,0.31323691662654,0.792078466152664,0.248868276319557,"pup vs you"
"546",0.678191333559113,0.397075718217704,0.393501625209869,0.393501625209869,0.743772671408582,0.287382357473741,"pup vs you"
"547",0.496471694706811,0.386547922953974,0.506289491771786,0.506289491771786,0.432646590869545,0.547958095791727,"pup vs you"
"548",0.469506768823785,0.382397694742452,0.51488382880526,0.51488382880526,0.433870200330486,0.548908699559037,"pup vs you"
"549",0.702498812488191,0.399180201838195,0.382027022128497,0.382027022128497,0.716692911015684,0.302646058643979,"pup vs you"
"550",-0.607116484791977,0.400527976929018,0.559981358729012,0.559981358729012,-0.558889166828984,0.65682131462893,"pup vs you"
"551",0.0809714383137468,0.397552613020403,0.775463431972777,0.775463431972777,0.0640492583090083,0.875821061075105,"pup vs you"
"552",0.843831805327731,0.391126144044971,0.279716565506405,0.279716565506405,0.749884919216861,0.258323475250726,"pup vs you"
"553",-0.175732940434573,0.396860300122591,0.848488517984226,0.848488517984226,-0.276003872451137,0.849686445846687,"pup vs you"
"554",0.124302186330109,0.397228419791765,0.767508700091045,0.767508700091045,0.111356663275829,0.84612519877081,"pup vs you"
"555",0.895746455198345,0.37902440274604,0.226713377863593,0.226713377863593,0.852753193370067,0.178528959777756,"pup vs you"
"556",0.506095188815704,0.397118642656258,0.476277432926253,0.476277432926253,0.448477739676079,0.544896534809215,"pup vs you"
"557",0.634758777527223,0.381240523934805,0.385268824085336,0.385268824085336,0.604489482902644,0.394517548398791,"pup vs you"
"558",0.573514415610334,0.393772989494385,0.433677857635467,0.433677857635467,0.460898732082629,0.540805824755635,"pup vs you"
"559",0.573349155288998,0.389654151765237,0.466810692350448,0.466810692350448,0.598207141661032,0.391836209198382,"pup vs you"
"560",0.745593739936005,0.397740238189654,0.314944327193787,0.314944327193787,0.71614402490267,0.296610632785221,"pup vs you"
"561",-1.60369417682002,0.400513476133499,0.0227356241638596,0.0227356241638596,-1.65256504375493,0.0070720654891147,"pup vs you"
"562",0.665274861334085,0.383617289133139,0.391789230228636,0.391789230228636,0.658184276909323,0.342578452599562,"pup vs you"
"563",0.635731694110864,0.399927176921907,0.414317347406637,0.414317347406637,0.619782563724808,0.390204143867393,"pup vs you"
"564",0.955769438875555,0.392521299863449,0.210178625741547,0.210178625741547,0.943671683466788,0.166374045954326,"pup vs you"
"565",0.568767999393566,0.381040952942998,0.469672688033714,0.469672688033714,0.543854473132883,0.428895930603733,"pup vs you"
"566",0.630514731758216,0.371898522452297,0.39089278664422,0.39089278664422,0.597267254605127,0.405785344537994,"pup vs you"
"567",0.330718704802742,0.394241292269328,0.626680980041705,0.626680980041705,0.380296034770026,0.582169509584113,"pup vs you"
"568",0.570448109552818,0.380723118458915,0.462037653992837,0.462037653992837,0.50902940329656,0.486678161811831,"pup vs you"
"569",0.414704837656659,0.381784553831774,0.552631045562771,0.552631045562771,0.382097401799072,0.597987835491408,"pup vs you"
"570",0.643150951841893,0.383636820298273,0.4239493559784,0.4239493559784,0.615292884274014,0.385546026853401,"pup vs you"
"571",0.508257793533332,0.393049542081362,0.501599528824241,0.501599528824241,0.495959875483015,0.511561150792182,"pup vs you"
"572",0.655462969897181,0.388072158620939,0.39617394986445,0.39617394986445,0.654633558423809,0.358171784021086,"pup vs you"
"573",0.693478571412885,0.399572069964152,0.378100862274203,0.378100862274203,0.656072969023582,0.370390045141498,"pup vs you"
"574",0.730676845956747,0.378873092811224,0.312253422134813,0.312253422134813,0.810746027104076,0.233087902755887,"pup vs you"
"575",1.0658187145472,0.399371504859973,0.140530706744616,0.140530706744616,1.09819643043147,0.10012290703359,"pup vs you"
"576",-0.290742351095293,0.372826603204909,0.770269488369014,0.770269488369014,-0.317723086510431,0.822135261045188,"pup vs you"
"577",0.591151288175673,0.384415326062302,0.430224101208923,0.430224101208923,0.535037676562111,0.471721849062752,"pup vs you"
"578",0.817795060524319,0.388228099987734,0.29143564329035,0.29143564329035,0.788775679789941,0.24915226891381,"pup vs you"
"579",0.206265142262566,0.374617757295799,0.696927364710577,0.696927364710577,0.154415321360832,0.7522134184011,"pup vs you"
"580",0.390228795643596,0.395398168214035,0.561152392359048,0.561152392359048,0.396346668158008,0.584538463644279,"pup vs you"
"581",0.375766331373795,0.390747324969744,0.575336873563581,0.575336873563581,0.387632600509314,0.610033608544996,"pup vs you"
"582",0.547719104734916,0.391429135129248,0.465327952536641,0.465327952536641,0.536770065327768,0.452814488496839,"pup vs you"
"583",0.542825701483838,0.381957817385647,0.468619170910911,0.468619170910911,0.524893643706495,0.462676571879314,"pup vs you"
"584",0.958224894136586,0.396009477149,0.226006622272128,0.226006622272128,0.96720398142199,0.143272117843361,"pup vs you"
"585",0.458716687949039,0.388854984702629,0.531662723654834,0.531662723654834,0.582410564685169,0.4113043046951,"pup vs you"
"586",0.107701448291228,0.382555188191867,0.767988687144953,0.767988687144953,0.055091389890992,0.84921078012188,"pup vs you"
"587",0.558418091730987,0.381457494876755,0.470155766288258,0.470155766288258,0.534523465227035,0.467024702253636,"pup vs you"
"588",0.50694980934922,0.380809807467701,0.507888616538601,0.507888616538601,0.568099802979423,0.427577619092994,"pup vs you"
"589",0.564490998477686,0.384804008785318,0.466646949195764,0.466646949195764,0.574694648993158,0.431798245048186,"pup vs you"
"590",0.68576521556653,0.380267445644977,0.400229144924334,0.400229144924334,0.65427717301017,0.368069060304658,"pup vs you"
"591",0.254664342783615,0.38523223322123,0.684653298586152,0.684653298586152,0.19518692519313,0.757784494470428,"pup vs you"
"592",-0.676233427831359,0.388715698048816,0.492547919058707,0.492547919058707,-0.715913330474385,0.439114193043314,"pup vs you"
"593",0.581127810171457,0.378834107676379,0.414550848220367,0.414550848220367,0.609756690701469,0.42063868209936,"pup vs you"
"594",2.0523950950685,0.32387866867459,4.49902245899222e-05,4.49902245899222e-05,2.00264144005357,2.22569664509002e-06,"pup vs you"
"595",0.826478266193154,0.391474808870858,0.308921228524829,0.308921228524829,0.887326633077854,0.209457220765316,"pup vs you"
"596",0.694697320436412,0.396846493049477,0.382768081135044,0.382768081135044,0.706487770738064,0.326056746627738,"pup vs you"
"597",0.551456114500277,0.379420134403405,0.439534435724658,0.439534435724658,0.60960698803144,0.372506858221261,"pup vs you"
"598",0.48460161457746,0.386841385782125,0.512985093345715,0.512985093345715,0.467623816714542,0.508288556100218,"pup vs you"
"599",0.969469317868263,0.393199632894024,0.211003406157281,0.211003406157281,0.941973471626869,0.16086225726387,"pup vs you"
"600",0.588857899964981,0.380837925565664,0.466732856813538,0.466732856813538,0.604752007489995,0.387972525452934,"pup vs you"
"601",0.575672136281234,0.381272545795604,0.439429679338832,0.439429679338832,0.571675621380434,0.412908177732313,"pup vs you"
"602",0.589000469087979,0.381173053548591,0.417724535939408,0.417724535939408,0.543538514375441,0.464914891027735,"pup vs you"
"603",0.621246006637914,0.380314576822212,0.435192040732701,0.435192040732701,0.55022502273303,0.425463168885758,"pup vs you"
"604",0.599370504729235,0.380465699424181,0.434520256330135,0.434520256330135,0.609174744230564,0.384732791680113,"pup vs you"
"605",0.791522975436205,0.387198867679498,0.3010974483277,0.3010974483277,0.83166682224572,0.225553823990866,"pup vs you"
"606",0.866970123799705,0.387613114076948,0.283767396757965,0.283767396757965,0.832465567208546,0.218351737744335,"pup vs you"
"607",0.515912905678518,0.380903381774682,0.497839420885351,0.497839420885351,0.573244850365614,0.41934203382606,"pup vs you"
"608",0.106376725351844,0.395621028895576,0.750885246495588,0.750885246495588,0.153081027790415,0.781597281204584,"pup vs you"
"609",1.11425493789748,0.402032932365503,0.157131740492495,0.157131740492495,1.13746087979495,0.0836010954399987,"pup vs you"
"610",0.611645541784044,0.384677329712967,0.417096309058484,0.417096309058484,0.544919333750781,0.438518217105123,"pup vs you"
"611",0.332238844654318,0.391766475534607,0.60946989922545,0.60946989922545,0.337364070572782,0.617392470573569,"pup vs you"
"612",0.559985788920262,0.385861428338288,0.479107990328067,0.479107990328067,0.570607154166394,0.419722886677811,"pup vs you"
"613",0.594321961270848,0.381508951830479,0.440158829962623,0.440158829962623,0.611135343528035,0.397996403001919,"pup vs you"
"614",4.98328453011029,0.415591618985453,4.93278241661724e-18,4.93278241661724e-18,4.93518964384865,2.10644610396543e-20,"pup vs you"
"615",0.712041990347185,0.385751782493211,0.360722475841303,0.360722475841303,0.66959339841987,0.359809853059153,"pup vs you"
"616",1.36815370204671,0.344944218128472,0.0255063150634441,0.0255063150634441,1.3431663912899,0.00359472400691695,"pup vs you"
"617",0.206607792632787,0.394602278304085,0.700331614663209,0.700331614663209,0.204209528613591,0.762265034488366,"pup vs you"
"618",0.548654984049082,0.380973283566599,0.462033410782175,0.462033410782175,0.518080573072999,0.477503280682411,"pup vs you"
"619",0.725397860600101,0.381528343335915,0.345574425733754,0.345574425733754,0.683420867682037,0.312151476214942,"pup vs you"
"620",0.326457381522658,0.388506191568877,0.627861800192329,0.627861800192329,0.327405770995172,0.640629277760685,"pup vs you"
"621",-2.74036119475201,0.264383844737575,1.42064973828472e-12,1.42064973828472e-12,-2.75943353786448,0,"pup vs you"
"622",-0.223672241659977,0.381423115266048,0.790888608743923,0.790888608743923,-0.254130538648805,0.836405654025188,"pup vs you"
"623",0.91733897600337,0.282728255968565,0.111874810535059,0.111874810535059,0.932674204651123,0.0172836937964517,"pup vs you"
"624",0.517111807493502,0.379521854499943,0.475277418978758,0.475277418978758,0.53956259557682,0.449683650843,"pup vs you"
"625",0.548631099255877,0.382767828159323,0.46488771756936,0.46488771756936,0.557201828628208,0.42581652515477,"pup vs you"
"626",0.381770783992676,0.3927953487567,0.572549457917635,0.572549457917635,0.368868843467545,0.620862914867015,"pup vs you"
"627",0.470862488234366,0.388211472688493,0.522229533097758,0.522229533097758,0.403985381806796,0.588786476182766,"pup vs you"
"628",0.582668775658043,0.38127515723624,0.422746117549228,0.422746117549228,0.609929676478739,0.382508916332541,"pup vs you"
"629",0.605071054138522,0.383964204709784,0.422261248183912,0.422261248183912,0.49891046101891,0.484983518478041,"pup vs you"
"630",0.543181816531239,0.379391497312397,0.466574037937577,0.466574037937577,0.512896696707071,0.472162678773263,"pup vs you"
"631",0.613536711914679,0.378118052199708,0.412492332207798,0.412492332207798,0.547277473411858,0.435335214030875,"pup vs you"
"632",0.546529242991701,0.383387746537044,0.476486239293716,0.476486239293716,0.477881724849468,0.512611803535882,"pup vs you"
"633",0.877381031946416,0.38213473839765,0.257985737816093,0.257985737816093,0.841375215904473,0.206811506316902,"pup vs you"
"634",0.874504529742147,0.386722142109563,0.271902350193755,0.271902350193755,0.769249005276085,0.288888266940206,"pup vs you"
"635",0.544890310269031,0.382383116715082,0.478412795953356,0.478412795953356,0.595989731016878,0.409095298652649,"pup vs you"
"636",0.582992158720794,0.377841500721721,0.456271890679793,0.456271890679793,0.494208732398574,0.471849899835711,"pup vs you"
"637",3.5231497514302,0.403612175067485,5.39586770039949e-10,5.39586770039949e-10,3.49332253456422,1.82039327236445e-11,"pup vs you"
"638",0.502867054485581,0.384639842976646,0.499252198684502,0.499252198684502,0.528208859837394,0.472734456509114,"pup vs you"
"639",0.658908931922178,0.380249765468208,0.392823546484497,0.392823546484497,0.590160670963234,0.403763271658378,"pup vs you"
"640",0.618931296744297,0.383107415488683,0.409187598069912,0.409187598069912,0.675728116452076,0.355280620707943,"pup vs you"
"641",0.653261399497763,0.379147512901812,0.372573448074686,0.372573448074686,0.663828130715458,0.334362251026286,"pup vs you"
"642",0.532823182984985,0.382293532131869,0.478021710048485,0.478021710048485,0.488902957859431,0.500515451888753,"pup vs you"
"643",0.633212528659275,0.374654986643305,0.39509653346306,0.39509653346306,0.633822203035079,0.366797124843408,"pup vs you"
"644",0.530291871883454,0.382944098053776,0.490177650944836,0.490177650944836,0.557064296349815,0.413081960181534,"pup vs you"
"645",0.269855734846655,0.389576327366872,0.661311571148065,0.661311571148065,0.222446159788683,0.732239350628702,"pup vs you"
"646",0.392330560821877,0.386644589004411,0.597996384035106,0.597996384035106,0.347539407778028,0.624768044148112,"pup vs you"
"647",0.587487206700352,0.378749097577327,0.443938373913325,0.443938373913325,0.524184114279599,0.474354841010213,"pup vs you"
"648",-0.0102044550193884,0.379404854241483,0.846397162728226,0.846397162728226,-0.0349590949199377,0.893738026352316,"pup vs you"
"649",0.376271143622257,0.385931447970259,0.611760245115022,0.611760245115022,0.373576860366933,0.628225461324662,"pup vs you"
"650",-2.29803848117849,0.412147784181488,0.000284684235302454,0.000284684235302454,-2.28440741767023,3.65147008615191e-05,"pup vs you"
"651",0.728231393615118,0.387101287178262,0.333556519120765,0.333556519120765,0.645454764146479,0.326728526165188,"pup vs you"
"652",-0.923114415891281,0.26139099522209,0.116953326045719,0.116953326045719,-0.927740743022259,0.00838506830592482,"pup vs you"
"653",0.592013040620769,0.378289834309789,0.408002535431429,0.408002535431429,0.465004775211238,0.533741717493578,"pup vs you"
"654",0.598887446910502,0.380901926522619,0.440297757402087,0.440297757402087,0.558123854051343,0.422662611686394,"pup vs you"
"655",0.61545573413528,0.38666101463801,0.422477263521871,0.422477263521871,0.643344587786324,0.364073620525148,"pup vs you"
"656",0.632261420251008,0.382760629208104,0.411426559801226,0.411426559801226,0.547919156198574,0.46304577087216,"pup vs you"
"657",1.3755175117077,0.395744759657521,0.0501458900217404,0.0501458900217404,1.36761321871637,0.0156614914903348,"pup vs you"
"658",0.525215641603225,0.382235655174347,0.495699148348562,0.495699148348562,0.466718973397103,0.506634522962279,"pup vs you"
"659",0.834799604366585,0.388095825218687,0.298210584390152,0.298210584390152,0.776100738955573,0.259574171515112,"pup vs you"
"660",0.555929468665229,0.381511664036338,0.45992578647259,0.45992578647259,0.577175470548418,0.412941673183854,"pup vs you"
"661",0.548463710698564,0.379692418079182,0.437123880519204,0.437123880519204,0.586085130743095,0.405392364094433,"pup vs you"
"662",0.516243597156474,0.383113763073556,0.491305615556013,0.491305615556013,0.497199825795087,0.461007865581038,"pup vs you"
"663",0.553488783642283,0.385570278321427,0.473596750269919,0.473596750269919,0.441301123753687,0.538055672859882,"pup vs you"
"664",-0.148385309241027,0.390896662656993,0.84428309744985,0.84428309744985,-0.136663429623471,0.933011021559328,"pup vs you"
"665",0.421922236082156,0.382213481265081,0.552547281463757,0.552547281463757,0.405923800942791,0.556259785803667,"pup vs you"
"666",5.65067809337396,0.391484389679859,3.83483886503591e-27,3.83483886503591e-27,5.62877758581254,8.81098206219297e-27,"pup vs you"
"667",-1.41510314341662,0.41450588863586,0.0823483091192753,0.0823483091192753,-1.39844161050593,0.0417659682915638,"pup vs you"
"668",0.495018551021512,0.380789179414399,0.473273392983492,0.473273392983492,0.489448622623266,0.494733649061331,"pup vs you"
"669",0.409512684577318,0.389557316241671,0.585628011052755,0.585628011052755,0.45969332415074,0.514561626606009,"pup vs you"
"670",-1.82151858225733,0.335665164761826,0.00103682780983647,0.00103682780983647,-1.76499595052137,6.92852486785419e-05,"pup vs you"
"671",-2.48811972358464,0.411406103432412,1.34185886516637e-05,1.34185886516637e-05,-2.50015049524805,1.32720889265711e-07,"pup vs you"
"672",0.358616387717859,0.385262789315715,0.619163822743527,0.619163822743527,0.242477939415696,0.741973520081019,"pup vs you"
"673",0.28220330568454,0.394463590212804,0.623338473477946,0.623338473477946,0.376396169441863,0.596715964482343,"pup vs you"
"674",0.492974153103315,0.377076005759797,0.474160126158281,0.474160126158281,0.504657016250096,0.469332113361118,"pup vs you"
"675",-1.71627585509501,0.411920395419345,0.0230563670317894,0.0230563670317894,-1.71660711641335,0.00256799843957229,"pup vs you"
"676",0.764988025297694,0.383844778640436,0.344903723895235,0.344903723895235,0.70568093302016,0.308674033092028,"pup vs you"
"677",0.847546166890521,0.380930644183422,0.273352572363997,0.273352572363997,0.834525223951964,0.187642923991847,"pup vs you"
"678",0.552543120848351,0.380254611635643,0.477801506614264,0.477801506614264,0.532299425039861,0.452230699945756,"pup vs you"
"679",0.646057195693165,0.379829660628397,0.392039056040788,0.392039056040788,0.552987919099875,0.437283436395608,"pup vs you"
"680",0.524110239175594,0.381770268721411,0.4893837942039,0.4893837942039,0.543380968964109,0.42631289671337,"pup vs you"
"681",0.403615471332554,0.393594039595279,0.57126166470283,0.57126166470283,0.342692956994807,0.669276682140504,"pup vs you"
"682",0.529545662336234,0.383036728070272,0.4713068507553,0.4713068507553,0.638637047443458,0.366426627264571,"pup vs you"
"683",-0.600353336943002,0.377856150973596,0.557992447801715,0.557992447801715,-0.606704771111279,0.561660529819138,"pup vs you"
"684",0.552584007035856,0.382522880632745,0.456580149995278,0.456580149995278,0.514522597757087,0.458982140077714,"pup vs you"
"685",0.591751605726874,0.384713536787903,0.429341745305884,0.429341745305884,0.625063514649138,0.36727292885923,"pup vs you"
"686",-0.852109881953371,0.428950215175053,0.430789001685715,0.430789001685715,-0.911833544982923,0.346970302930648,"pup vs you"
"687",0.511833136315046,0.379084288335449,0.483841435801568,0.483841435801568,0.484518314247403,0.489361639088797,"pup vs you"
"688",0.356178395340167,0.381597547354496,0.584967495331706,0.584967495331706,0.338689406868602,0.647242983592686,"pup vs you"
"689",0.700655845431642,0.426643727091509,0.395419146279724,0.395419146279724,0.662271699528942,0.359735467118612,"pup vs you"
"690",0.56998670089403,0.380480240219544,0.42898322830397,0.42898322830397,0.453463503399671,0.506422495518808,"pup vs you"
"691",0.820422035903173,0.393088267774215,0.303850145626251,0.303850145626251,0.802047075434402,0.243702406530008,"pup vs you"
"692",0.585815998952922,0.378028884153812,0.404403128159508,0.404403128159508,0.585359824343115,0.406777934492794,"pup vs you"
"693",0.637233121712491,0.380322153772262,0.395844596687637,0.395844596687637,0.629816399096672,0.387881815586131,"pup vs you"
"694",0.588936679586233,0.380286658274897,0.423398565856154,0.423398565856154,0.643704388857764,0.36873235994019,"pup vs you"
"695",0.614483296991917,0.380804850053489,0.412333588462315,0.412333588462315,0.532148113020452,0.454660668396147,"pup vs you"
"696",0.586494771767263,0.376724812666948,0.435121164722564,0.435121164722564,0.535513975817414,0.453412059955056,"pup vs you"
"697",0.406189191386945,0.38932516996528,0.564990687826891,0.564990687826891,0.49805611033816,0.51145012345239,"pup vs you"
"698",1.32628859651434,0.395709095438791,0.0710979628673345,0.0710979628673345,1.31812361351881,0.0284477785576263,"pup vs you"
"699",0.553591685986272,0.378906109947011,0.461508297587266,0.461508297587266,0.517171401498114,0.468988796578467,"pup vs you"
"700",0.558327233266704,0.379820316510008,0.45610870988116,0.45610870988116,0.57210346722512,0.412089506779906,"pup vs you"
"701",0.45646591907142,0.378429410669297,0.528754411789481,0.528754411789481,0.497416713889767,0.477594486136798,"pup vs you"
"702",0.578573907814936,0.379142815607174,0.452718089208698,0.452718089208698,0.509971805104974,0.470193957065032,"pup vs you"
"703",-0.00393488099328927,0.388322441198235,0.876908661306225,0.876908661306225,0.0190807871719583,0.905336626715898,"pup vs you"
"704",-1.9418225411756,0.47940501548799,0.0103300600270317,0.0103300600270317,-1.9547852370995,0.00346701409405651,"pup vs you"
"705",0.574463890298903,0.384272262631003,0.432215741667314,0.432215741667314,0.566632231952712,0.416110954653219,"pup vs you"
"706",0.615134861114924,0.383831261128965,0.423096167310754,0.423096167310754,0.516398040569446,0.466278909553364,"pup vs you"
"707",1.17411548952282,0.435879974184977,0.147176399026065,0.147176399026065,1.1215880866361,0.101857520099322,"pup vs you"
"708",0.544427625347875,0.380524272387859,0.481980278340691,0.481980278340691,0.559024774483893,0.438330490039344,"pup vs you"
"709",0.543174389722134,0.37980370772192,0.478265343216686,0.478265343216686,0.554645684593889,0.430104455698245,"pup vs you"
"710",0.576390498802998,0.378596060001884,0.440254910988503,0.440254910988503,0.534914314163519,0.443399450161799,"pup vs you"
"711",0.527346517074176,0.380618545866097,0.486444580748519,0.486444580748519,0.522241063609021,0.464652553757767,"pup vs you"
"712",0.57019453150447,0.378614311550488,0.436370403749381,0.436370403749381,0.573316367166937,0.418075416863274,"pup vs you"
"713",1.74051392140963,0.452134727401776,0.0215882567515938,0.0215882567515938,1.79979845481972,0.00292961413827361,"pup vs you"
"714",0.579716508310714,0.382112232590256,0.4248575983837,0.4248575983837,0.591530809212857,0.400867205066708,"pup vs you"
"715",1.03573222971129,0.389853704167211,0.162535524022754,0.162535524022754,1.04711527434233,0.118883468620021,"pup vs you"
"716",0.261952333026968,0.387232784614331,0.657480955524495,0.657480955524495,0.240451941070253,0.709749359043193,"pup vs you"
"717",0.436696197888137,0.380025420548499,0.536223041542043,0.536223041542043,0.401772825694219,0.589264991602685,"pup vs you"
"718",0.579018068880844,0.376265928161272,0.468854629752486,0.468854629752486,0.582029498904117,0.404955960684095,"pup vs you"
"719",0.580282719105762,0.383755639201735,0.460205614673579,0.460205614673579,0.554503511442367,0.437117030773877,"pup vs you"
"720",0.439024951664871,0.378162282709495,0.562993602667264,0.562993602667264,0.400044041492539,0.579615149605124,"pup vs you"
"721",0.561044438659709,0.379451026070965,0.470333807478556,0.470333807478556,0.536133833600871,0.44327910610696,"pup vs you"
"722",0.66886524935839,0.383144578015669,0.373210133886892,0.373210133886892,0.61881465873138,0.415776255869217,"pup vs you"
"723",-0.137003540541227,0.42691943924227,0.890817952979928,0.890817952979928,-0.129108877924136,0.937555160299828,"pup vs you"
"724",0.56622052022038,0.37951144672496,0.476889424776068,0.476889424776068,0.540055773013378,0.42697445677521,"pup vs you"
"725",0.595135406083536,0.375721975966349,0.435916397706894,0.435916397706894,0.578270407235308,0.41308555661983,"pup vs you"
"726",0.573645526335679,0.379697616717287,0.439397479870226,0.439397479870226,0.578585429307661,0.410762292470798,"pup vs you"
"727",0.596146030224867,0.379971149223308,0.403983514313956,0.403983514313956,0.525805987592987,0.477204146366395,"pup vs you"
"728",-4.34387256417953,0.308135429171981,0,0,-4.34900790250819,0,"pup vs you"
"729",0.587923887983111,0.378735637481427,0.438739241363292,0.438739241363292,0.577427503060189,0.424705202251622,"pup vs you"
"730",0.958026098900041,0.397087846031246,0.271315225881295,0.271315225881295,0.917648100877737,0.16227488714822,"pup vs you"
"731",1.09184747106876,0.392403797132208,0.164417308751215,0.164417308751215,1.02529282619209,0.114428166107657,"pup vs you"
"732",0.590278703034756,0.379459724058792,0.437566040953027,0.437566040953027,0.560892425816878,0.439082889713331,"pup vs you"
"733",0.656867965148453,0.383764314039201,0.385758922620566,0.385758922620566,0.660785385179793,0.332741484308084,"pup vs you"
"734",0.487631186526277,0.377755851455027,0.51065903095218,0.51065903095218,0.491701240645843,0.47440294921098,"pup vs you"
"735",0.525846441939176,0.382781014123766,0.491518496553777,0.491518496553777,0.60043056585046,0.419268814985632,"pup vs you"
"736",0.545199659259936,0.380736995453435,0.463516925218387,0.463516925218387,0.514932100905755,0.455258388263279,"pup vs you"
"737",-0.074106995811503,0.397372138586637,0.831503759551891,0.831503759551891,-0.0496274988633442,0.912721618520431,"pup vs you"
"738",0.75831283518658,0.392517344899467,0.33803936390778,0.33803936390778,0.743963122170118,0.289200556051712,"pup vs you"
"739",0.548230207360494,0.381755419765752,0.481511629599639,0.481511629599639,0.54952811136975,0.451819717656774,"pup vs you"
"740",0.367413604996119,0.386297229315221,0.581451518021481,0.581451518021481,0.417499534692911,0.548539262981543,"pup vs you"
"741",0.526153810406405,0.382379974560578,0.477104334218731,0.477104334218731,0.530294455386906,0.459664123410793,"pup vs you"
"742",0.598045061705958,0.379048153164011,0.436763858193421,0.436763858193421,0.52393686208969,0.456260588060378,"pup vs you"
"743",0.670581286670464,0.388778035387202,0.40040539020766,0.40040539020766,0.669734620739613,0.344611932967281,"pup vs you"
"744",5.82428036863801,0.453033571224565,4.27083396443867e-23,4.27083396443867e-23,5.80937284129075,6.44372680514952e-26,"pup vs you"
"745",0.305044952442297,0.410074049369618,0.669308504560607,0.669308504560607,0.327288701208862,0.660368395556598,"pup vs you"
"746",0.74774316818883,0.382173062339086,0.334099829377386,0.334099829377386,0.725125788184711,0.28882446808989,"pup vs you"
"747",0.578144547181561,0.379445948521796,0.45459980844765,0.45459980844765,0.591725677710103,0.395209262869681,"pup vs you"
"748",-3.34188427584476,0.362241375365269,1.42894730539303e-10,1.42894730539303e-10,-3.35582747435331,5.39168014057314e-14,"pup vs you"
"749",0.543830556082749,0.378130579498784,0.462143032937943,0.462143032937943,0.546408123694408,0.447356616626659,"pup vs you"
"750",0.582869999911378,0.376889354722193,0.446099811983099,0.446099811983099,0.526213934927453,0.457387930055261,"pup vs you"
"751",0.601225709187626,0.379954185564199,0.429389635346863,0.429389635346863,0.549041354110743,0.448405618681857,"pup vs you"
"752",-0.983051710004567,0.378589621973563,0.223988103474484,0.223988103474484,-0.994415741325219,0.135069857568673,"pup vs you"
"753",1.46124319573081,0.449650621721345,0.0680774583166991,0.0680774583166991,1.45523247910528,0.0280278985206445,"pup vs you"
"754",2.51902688652642,0.383091994828759,3.25553213675892e-05,3.25553213675892e-05,2.53961537943071,7.09072979885917e-07,"pup vs you"
"755",0.804349836600524,0.329734292057305,0.221433730722508,0.221433730722508,0.775042242096901,0.12713213284295,"pup vs you"
"756",0.547031147770112,0.382151207898842,0.457262411980985,0.457262411980985,0.543159648146434,0.423915652985172,"pup vs you"
"757",-0.508079722768215,0.389404973383469,0.665599983485023,0.665599983485023,-0.536534208122503,0.736025000706765,"pup vs you"
"758",-0.884786214676179,0.458701683164766,0.432611165348124,0.432611165348124,-0.912020706435203,0.35558137581518,"pup vs you"
"759",0.721821256394556,0.382278555822961,0.342809148797667,0.342809148797667,0.752787183624241,0.270652266720379,"pup vs you"
"760",0.578167841443407,0.383134042194597,0.482779510890945,0.482779510890945,0.541536245280058,0.437042095998111,"pup vs you"
"761",0.544447643739546,0.378286250960486,0.44357968722039,0.44357968722039,0.509203765428002,0.467898825636984,"pup vs you"
"762",2.15572594045851,0.327040148397777,7.67984447373417e-05,7.67984447373417e-05,2.10537310738788,5.29536653945159e-08,"pup vs you"
"763",0.505262483721587,0.380498106030735,0.487777771993438,0.487777771993438,0.564316753006075,0.415619186415418,"pup vs you"
"764",0.517403035025578,0.382762066397522,0.489039975532983,0.489039975532983,0.557586427834411,0.423937019240719,"pup vs you"
"765",0.111044495370507,0.413104859744775,0.768276894905664,0.768276894905664,0.0597712791589368,0.85450154546834,"pup vs you"
"766",0.582425440107018,0.378966432775314,0.463224863562769,0.463224863562769,0.542325603600209,0.439618960182466,"pup vs you"
"767",0.556054923330996,0.375323336943539,0.481301981003634,0.481301981003634,0.598106953838707,0.363188059302944,"pup vs you"
"768",0.487342663886544,0.37865145496402,0.512213636620652,0.512213636620652,0.511963904511926,0.482890971495983,"pup vs you"
"769",2.41805989834132,0.386116358389118,1.38388533379396e-05,1.38388533379396e-05,2.40472353844236,3.66239363211716e-07,"pup vs you"
"770",1.46866213246558,0.327445389437425,0.00604656268165286,0.00604656268165286,1.44200872463531,0.000345549867196517,"pup vs you"
"771",0.613828122165892,0.379648435578612,0.420678579095601,0.420678579095601,0.555325578542445,0.432495219375987,"pup vs you"
"772",0.550354955980405,0.379734264520297,0.479855751300148,0.479855751300148,0.557560990802402,0.442572313165771,"pup vs you"
"773",0.543917308299335,0.380777389849327,0.430981380281618,0.430981380281618,0.566459145284628,0.433796030815816,"pup vs you"
"774",0.520319205310267,0.376674671892265,0.500336131616552,0.500336131616552,0.524653615526932,0.453050692008856,"pup vs you"
"775",0.571043410036707,0.378845819088897,0.426661849153918,0.426661849153918,0.543698826374744,0.424193686864946,"pup vs you"
"776",0.589118450417684,0.380833415326869,0.448968941561751,0.448968941561751,0.496436746992664,0.484928912333394,"pup vs you"
"777",0.591620307751751,0.375295920207769,0.445424406842107,0.445424406842107,0.547389574227264,0.438210809457455,"pup vs you"
"778",0.48162868566211,0.380411186727788,0.53146702743371,0.53146702743371,0.569142505590036,0.40975001727628,"pup vs you"
"779",0.539798062341761,0.379867898617103,0.478244725661229,0.478244725661229,0.612434660424666,0.382873406906813,"pup vs you"
"780",0.0690023921938396,0.387679407089052,0.777471552390904,0.777471552390904,0.104307141891576,0.806679978220809,"pup vs you"
"781",1.06339673616485,0.424639935899908,0.201377618636183,0.201377618636183,1.09132032457602,0.0934962205599262,"pup vs you"
"782",0.568499699156561,0.385916312962683,0.440817099457686,0.440817099457686,0.534909604727167,0.459478898157824,"pup vs you"
"783",0.583570401273559,0.379188235328141,0.455057373718103,0.455057373718103,0.496012041560764,0.473139631548858,"pup vs you"
"784",0.583230515760282,0.382197175558917,0.438406610201843,0.438406610201843,0.555057690298734,0.443981347997267,"pup vs you"
"785",0.471809301409295,0.379461674619496,0.533574913378609,0.533574913378609,0.475505163948471,0.512666682889523,"pup vs you"
"786",5.46635629320894,0.416871564461279,8.43300690598627e-24,8.43300690598627e-24,5.4661521641703,4.03377003405596e-23,"pup vs you"
"787",0.528737609961173,0.377644678778069,0.47620047082641,0.47620047082641,0.5952353101387,0.385240747238519,"pup vs you"
"788",-1.41809315562066,0.503390154595692,0.132248722647713,0.132248722647713,-1.40081297384468,0.0798147767492757,"pup vs you"
"789",0.48035530302384,0.380827860958584,0.513558854814765,0.513558854814765,0.497490428191636,0.482657621322743,"pup vs you"
"790",0.76711849641244,0.386164698012518,0.34474087428331,0.34474087428331,0.670394030188568,0.363867818011658,"pup vs you"
"791",0.584933847464027,0.381420229687229,0.445830151004552,0.445830151004552,0.557357168567076,0.438481088527621,"pup vs you"
"792",0.50798943191281,0.381250157476075,0.497518848408981,0.497518848408981,0.537799129070542,0.449578827585342,"pup vs you"
"793",0.546021779219127,0.379097934621088,0.47180651127072,0.47180651127072,0.592018036831461,0.419910857719361,"pup vs you"
"794",0.648851864056706,0.386975017302209,0.417091517570666,0.417091517570666,0.548161527793973,0.450989998062199,"pup vs you"
"795",0.665133265661163,0.39611001333404,0.415186834391717,0.415186834391717,0.63908894484641,0.378630708242981,"pup vs you"
"796",0.589526114782698,0.380768516197362,0.445933416365604,0.445933416365604,0.476556284273496,0.492154526041369,"pup vs you"
"797",-0.24656864245412,0.418052065314431,0.820975754190155,0.820975754190155,-0.242371083415595,0.918359357936168,"pup vs you"
"798",-2.66267569793384,0.413279260368604,6.59251983046364e-06,6.59251983046364e-06,-2.66334404638536,7.4710773841534e-08,"pup vs you"
"799",0.494305359528309,0.386262585816414,0.500514304097576,0.500514304097576,0.484679463155828,0.484496757686089,"pup vs you"
"800",-1.34219133814879,0.315871169016301,0.012170763409042,0.012170763409042,-1.34735726597287,0.000317485763596975,"pup vs you"
"801",0.612490578877597,0.385450138546451,0.44948251101003,0.44948251101003,0.592270077837967,0.403253059449615,"pup vs you"
"802",-0.32070237695753,0.483165153091373,0.84755736132582,0.84755736132582,-0.34707168566208,0.918990709195019,"pup vs you"
"803",1.41356985536587,0.382221200293389,0.0419885103411528,0.0419885103411528,1.39938793454293,0.0150452867991023,"pup vs you"
"804",0.55830050703947,0.379546507926312,0.460835354790563,0.460835354790563,0.478196236826926,0.524465075286105,"pup vs you"
"805",0.56466413610632,0.378209293014292,0.450080841075803,0.450080841075803,0.532336597638788,0.465234949296056,"pup vs you"
"806",0.625739671434646,0.374274410480248,0.383713798405417,0.383713798405417,0.592825652443428,0.386735797244684,"pup vs you"
"807",0.598872260984131,0.381210242022786,0.41758056749458,0.41758056749458,0.58149763683907,0.405513106507982,"pup vs you"
"808",0.511620908229815,0.384336852695745,0.505948423687524,0.505948423687524,0.505113685254692,0.495406802590076,"pup vs you"
"809",-2.63418203070514,0.301542438413228,4.05893488374441e-08,4.05893488374441e-08,-2.65518625126484,2.0895859705574e-12,"pup vs you"
"810",-0.463985603321107,0.402840214511982,0.682079420746928,0.682079420746928,-0.513648199429639,0.725343971637076,"pup vs you"
"811",0.533813876515392,0.390494648070908,0.473978062257784,0.473978062257784,0.519537301762814,0.492493966891979,"pup vs you"
"812",0.51957647123932,0.384838617084557,0.482323140568598,0.482323140568598,0.532928394526278,0.46694179437753,"pup vs you"
"813",0.508533980151869,0.382903039098654,0.507841411598171,0.507841411598171,0.569574957152479,0.412747608983188,"pup vs you"
"814",0.62847831292275,0.432839127848538,0.445049539547736,0.445049539547736,0.594769297051118,0.45610268746804,"pup vs you"
"815",-3.32420894417186,0.400027089729677,2.41257198927988e-09,2.41257198927988e-09,-3.3020186694619,4.38572236159839e-11,"pup vs you"
"816",1.26026527875983,0.3943530161126,0.0662057376508634,0.0662057376508634,1.25452636715315,0.0162345728554432,"pup vs you"
"817",1.98081432609439,0.360030867423971,0.0003374912774943,0.0003374912774943,1.96223396547298,2.58773599488052e-05,"pup vs you"
"818",0.607557300964152,0.381022548319181,0.421799804984128,0.421799804984128,0.593893846220198,0.41792586083167,"pup vs you"
"819",0.384832117546522,0.393862773147001,0.599926651490612,0.599926651490612,0.320312697859698,0.663580444452693,"pup vs you"
"820",1.2683112556692,0.385154735648181,0.0887087719027047,0.0887087719027047,1.28791903498948,0.034285393549113,"pup vs you"
"821",1.69272669622754,0.421310024062935,0.0215513418915854,0.0215513418915854,1.66379638501938,0.00607231930318564,"pup vs you"
"822",1.3948399626126,0.389645794133289,0.0751353427337583,0.0751353427337583,1.39967789626769,0.0254368085521978,"pup vs you"
"823",0.546201777920079,0.380610083637892,0.47854145272932,0.47854145272932,0.509999784406144,0.459384864264321,"pup vs you"
"824",-0.454418922825439,0.39884932903674,0.715519667538805,0.715519667538805,-0.424508388700694,0.786480879097076,"pup vs you"
"825",-2.99265377235046,0.349591550742556,1.10397098083991e-07,1.10397098083991e-07,-2.99229549158223,2.00699393122814e-11,"pup vs you"
"826",0.296102060602322,0.393204147034845,0.668142490509931,0.668142490509931,0.239401806113779,0.730349254309842,"pup vs you"
"827",0.495569747136698,0.383933297370888,0.512680606021943,0.512680606021943,0.549465490090412,0.43550205665254,"pup vs you"
"828",-0.493774371066131,0.3828777906329,0.668670894663363,0.668670894663363,-0.523094882995659,0.66541873790714,"pup vs you"
"829",-2.39376322041254,0.372413685793099,4.68650333807732e-05,4.68650333807732e-05,-2.40803446412962,1.03319642392777e-08,"pup vs you"
"830",0.0427687203770134,0.30275966824618,0.808329597073439,0.808329597073439,0.00609187341944744,0.998204517316046,"pup vs you"
"831",0.124072777201648,0.384683827327714,0.733051872624211,0.733051872624211,0.137862054443581,0.775767976335932,"pup vs you"
"832",1.95462961295339,0.306422036628229,1.93041904251814e-05,1.93041904251814e-05,1.94188751374439,1.72365283289274e-06,"pup vs you"
"833",0.509446979532194,0.394531756382953,0.500925373250145,0.500925373250145,0.446423348666346,0.541161505274457,"pup vs you"
"834",0.874343033075321,0.35976765314778,0.190399936525835,0.190399936525835,0.844452251076443,0.082879705877336,"pup vs you"
"835",-0.530114278702226,0.39712049068862,0.625986549806753,0.625986549806753,-0.577607322219587,0.62586403551661,"pup vs you"
"836",-4.06945845107601,0.338091578628811,0,0,-4.08158642265896,0,"pup vs you"
"837",0.143680836205813,0.393752244385241,0.742312148627389,0.742312148627389,0.119774509234576,0.830882807026406,"pup vs you"
"838",0.352619537133402,0.388833761654826,0.606530966057749,0.606530966057749,0.353948417467347,0.626430069348937,"pup vs you"
"839",-0.102313228738697,0.398327561053009,0.884713429036642,0.884713429036642,-0.0965538484972133,0.972921369718395,"pup vs you"
"840",2.7483564482544,0.450533714823893,0.000108662571620005,0.000108662571620005,2.72599183329684,4.24454990812934e-06,"pup vs you"
"841",0.904250800110695,0.399886356543263,0.237413726208741,0.237413726208741,0.91178959986779,0.14506414280161,"pup vs you"
"842",1.662557624085,0.471255882065917,0.0329326499114313,0.0329326499114313,1.63868085050038,0.0135378421073086,"pup vs you"
"843",0.0154181875859006,0.401027660793283,0.802819054544146,0.802819054544146,0.046532261505499,0.844179333024548,"pup vs you"
"844",0.57172018747687,0.382733441326569,0.463315280006919,0.463315280006919,0.534561529276825,0.452405761798464,"pup vs you"
"845",0.478409234566253,0.381579073862615,0.497824428638643,0.497824428638643,0.44545193005023,0.545475404780253,"pup vs you"
"846",0.561893821246642,0.379366666451095,0.449813731493775,0.449813731493775,0.502867266805972,0.494378878979795,"pup vs you"
"847",3.28796114150212,0.365782140065639,2.15791227968594e-08,2.15791227968594e-08,3.29932618347868,2.0730282621497e-11,"pup vs you"
"848",-0.550802666233934,0.322244643240194,0.517818369233822,0.517818369233822,-0.567761765507575,0.474684052516362,"pup vs you"
"849",0.784351819205171,0.383814341073096,0.275929706487199,0.275929706487199,0.755128718892635,0.161165189957851,"pup vs you"
"850",0.58071443453781,0.375841312338997,0.437251998786553,0.437251998786553,0.569946585074436,0.397082163000975,"pup vs you"
"851",0.645221118847183,0.3787323368312,0.421740018619935,0.421740018619935,0.563952077769127,0.435984103791935,"pup vs you"
"852",-1.73944430785569,0.370771188553381,0.0146669327120084,0.0146669327120084,-1.82029904409745,0.000776719125069813,"pup vs you"
"853",0.817124094827398,0.344638279967257,0.205476085722536,0.205476085722536,0.808971107524633,0.0742647316280186,"pup vs you"
"854",-3.24036801171124,0.384376496219011,2.09197557749438e-10,2.09197557749438e-10,-3.21495486072612,2.93246868655636e-13,"pup vs you"
"855",0.61876671441885,0.400088351734152,0.446925160782573,0.446925160782573,0.646275248885585,0.336975839296467,"pup vs you"
"856",0.533074500350013,0.378641679458212,0.486004107110493,0.486004107110493,0.476522363766677,0.487328536820341,"pup vs you"
"857",-1.24845063177886,0.295834032780567,0.0289773671172715,0.0289773671172715,-1.27487332235557,0.000819592032552442,"pup vs you"
"858",0.408195141696261,0.448599030190177,0.640186630756131,0.640186630756131,0.319971741782371,0.737164676873155,"pup vs you"
"859",0.911339260256096,0.387096790636371,0.251305653724727,0.251305653724727,0.910367133314761,0.156079400222202,"pup vs you"
"860",2.8248297426302,0.438918926913244,8.66072636116319e-05,8.66072636116319e-05,2.83102055109023,3.9322755129489e-06,"pup vs you"
"861",0.515390326089799,0.394296761623419,0.499166618649154,0.499166618649154,0.486678034460569,0.507428580989656,"pup vs you"
"862",0.757524167411506,0.448870591648757,0.378060716022268,0.378060716022268,0.733961306750908,0.317786714164513,"pup vs you"
"863",0.0162583690322895,0.417428455453998,0.819181331321773,0.819181331321773,-0.0443781599429546,0.946579743547851,"pup vs you"
"864",0.606798780366179,0.388882827258577,0.433181912293049,0.433181912293049,0.556847107030458,0.457610297103333,"pup vs you"
"865",2.17957956699947,0.395466222884038,0.000650381638996435,0.000650381638996435,2.20030702890036,0.000118664641505885,"pup vs you"
"866",0.430602037706038,0.380960350418528,0.554470848373384,0.554470848373384,0.509980077813767,0.459752517464588,"pup vs you"
"867",0.703723762332109,0.217148244713305,0.136606873086369,0.136606873086369,0.684196893934474,0.01948440122295,"pup vs you"
"868",-1.31951677013652,0.392084900339915,0.106653572041444,0.106653572041444,-1.37015510200707,0.044444187038043,"pup vs you"
"869",0.445295241819508,0.391962489748445,0.542643643180197,0.542643643180197,0.407904080671023,0.583651608028572,"pup vs you"
"870",1.43463052916555,0.363747150383907,0.0398803124184137,0.0398803124184137,1.4015171126472,0.0121263244740034,"pup vs you"
"871",-1.71113219311438,0.427490300486548,0.0152985641023283,0.0152985641023283,-1.7025800900744,0.00351837928872796,"pup vs you"
"872",0.651178497007406,0.380658212524405,0.386291512201724,0.386291512201724,0.608523737283187,0.404605227592346,"pup vs you"
"873",0.652763686537214,0.386011669989702,0.386332023016967,0.386332023016967,0.624869879314388,0.373072959636507,"pup vs you"
"874",0.213141791341291,0.382075650389635,0.712059216454668,0.712059216454668,0.170064592170245,0.770610221096545,"pup vs you"
"875",1.25645004070234,0.418842769859006,0.11328272562255,0.11328272562255,1.22107758160334,0.0592427640000292,"pup vs you"
"876",1.12218904623243,0.415598269379338,0.164541310640732,0.164541310640732,1.10443455838225,0.0938122645589669,"pup vs you"
"877",2.78983109690905,0.481540972175986,3.05080002264428e-05,3.05080002264428e-05,2.78186412986228,2.42356971637128e-05,"pup vs you"
"878",1.36061721519314,0.392660323126828,0.0701554417477501,0.0701554417477501,1.29618855526759,0.037256100094755,"pup vs you"
"879",5.48006204925807,0.394505214264204,9.90862979377428e-24,9.90862979377428e-24,5.4919145699422,2.31972140593913e-24,"pup vs you"
"880",0.00237710576873829,0.390296755915074,0.81847635197864,0.81847635197864,-0.0115972149076757,0.895762265797074,"pup vs you"
"881",0.541103792032179,0.388359764118772,0.464891359121118,0.464891359121118,0.512780437075705,0.491042879968234,"pup vs you"
"882",0.591391021092711,0.382640608538669,0.443535136198678,0.443535136198678,0.597280456107493,0.409654658283978,"pup vs you"
"883",1.9943539069762,0.329591225282521,0.000126615569030179,0.000126615569030179,1.97592353013639,3.21982545708481e-06,"pup vs you"
"884",-4.05015898067612,0.364374177919407,1.8904254855279e-16,1.8904254855279e-16,-4.06101704862159,0,"pup vs you"
"885",0.319839373148629,0.391314106148005,0.6212855715565,0.6212855715565,0.295021841760425,0.678116217559158,"pup vs you"
"886",-2.79088463346077,0.484949101209314,3.69792505283418e-05,3.69792505283418e-05,-2.82753539291511,8.06840365919653e-07,"pup vs you"
"887",0.418466131648389,0.384713287838128,0.545959581204233,0.545959581204233,0.376996401831483,0.618106002160129,"pup vs you"
"888",-5.17151843496239,0.337770817304175,0,0,-5.19531818317048,0,"pup vs you"
"889",2.90023529298824,0.36472786544923,1.3719143290514e-07,1.3719143290514e-07,2.93536487869342,1.02873033413728e-09,"pup vs you"
"890",-0.439561187881525,0.343773956675457,0.647085724069497,0.647085724069497,-0.450503596984447,0.719286098688291,"pup vs you"
"891",2.76504134555368,0.441039701113367,6.07695213712933e-06,6.07695213712933e-06,2.76727081111955,5.03618005606769e-06,"pup vs you"
"892",1.41105732224221,0.406272788687047,0.0737579373052395,0.0737579373052395,1.31504708601993,0.0451615896111988,"pup vs you"
"893",0.702220430876794,0.43740635840238,0.409261921188344,0.409261921188344,0.712189847777737,0.322077592531961,"pup vs you"
"894",0.570452953414524,0.382844903397135,0.446752925654823,0.446752925654823,0.574523823579718,0.417688269334138,"pup vs you"
"895",3.86717968856215,0.421136852429415,7.63052906427277e-10,7.63052906427277e-10,3.80651990995985,1.36879342592689e-12,"pup vs you"
"896",0.64218744279064,0.39275002380333,0.419349113920529,0.419349113920529,0.610244472902488,0.399317517764082,"pup vs you"
"897",0.4017795303489,0.389147313467881,0.565668879702799,0.565668879702799,0.394059782660159,0.60498352455497,"pup vs you"
"898",-0.519428874967574,0.423425244419601,0.701619375701109,0.701619375701109,-0.491876909689048,0.7360759193206,"pup vs you"
"899",0.576482333768635,0.383598286687261,0.434386497100431,0.434386497100431,0.605278340618082,0.385159651510584,"pup vs you"
"900",0.651717121345869,0.38194651392752,0.371370312277411,0.371370312277411,0.702725772208109,0.306760889824351,"pup vs you"
"901",0.662302812228762,0.399163947338487,0.401231990755103,0.401231990755103,0.64793744033228,0.376017112989983,"pup vs you"
"902",0.51017582341899,0.383284265323911,0.475775404799429,0.475775404799429,0.548402577449429,0.453957946747189,"pup vs you"
"903",3.07314211306635,0.418062635134437,2.74527355694619e-07,2.74527355694619e-07,3.09859029603364,1.64679012746846e-08,"pup vs you"
"904",3.5269267687895,0.399708435471888,1.83202800953393e-10,1.83202800953393e-10,3.50003824368775,1.60108710794791e-11,"pup vs you"
"905",0.767215440662924,0.396686737390985,0.324037850853641,0.324037850853641,0.73293831910261,0.291181494821438,"pup vs you"
"906",2.37154911247946,0.294819056962839,9.64037315761015e-08,9.64037315761015e-08,2.34955078535336,2.44632819761928e-12,"pup vs you"
"907",0.789604104229783,0.41390193300566,0.316277567880893,0.316277567880893,0.732927880416391,0.278043890641317,"pup vs you"
"908",0.303575609147764,0.393898191823862,0.656160206300259,0.656160206300259,0.266005592392632,0.693011817143655,"pup vs you"
"909",0.515746854918613,0.380850814949321,0.474057334486942,0.474057334486942,0.44989394273234,0.530000674203829,"pup vs you"
"910",0.668232808521907,0.384395316032366,0.377758443982233,0.377758443982233,0.636695836729805,0.352906138474433,"pup vs you"
"911",1.51189720150104,0.384029897877806,0.036542691749035,0.036542691749035,1.5235814109279,0.0113081922541374,"pup vs you"
"912",0.657785787058114,0.397586350712625,0.400475619736512,0.400475619736512,0.683234821333459,0.344890090115709,"pup vs you"
"913",0.129900411825576,0.382207487778516,0.702417911182773,0.702417911182773,0.122134324696327,0.807590653878642,"pup vs you"
"914",2.04610639842795,0.480990599255477,0.00863223962546375,0.00863223962546375,2.01748510770076,0.00120001136706495,"pup vs you"
"915",0.194169660627738,0.417927017823821,0.732967302419415,0.732967302419415,0.166492788162092,0.820921994514567,"pup vs you"
"916",0.57568717047364,0.440229738177799,0.529440889942518,0.529440889942518,0.587631392325648,0.467169952440272,"pup vs you"
"917",0.383910437935973,0.478606692577735,0.689817303822186,0.689817303822186,0.364267340069133,0.736153614300014,"pup vs you"
"918",0.635179321792536,0.378960616301799,0.409415654403863,0.409415654403863,0.660244504701585,0.334129329780138,"pup vs you"
"919",0.551820335300783,0.394018640557857,0.474445450122327,0.474445450122327,0.541610756014828,0.4679050061821,"pup vs you"
"920",0.397337960473888,0.38876470423678,0.576807526122399,0.576807526122399,0.413617334331344,0.574791257508533,"pup vs you"
"921",-1.19615635552625,0.423312963839317,0.154994078034655,0.154994078034655,-1.18906834703196,0.0857372198234812,"pup vs you"
"922",-3.30887936465263,0.343278957654885,7.75386505530423e-12,7.75386505530423e-12,-3.37385229718013,6.5604873100646e-14,"pup vs you"
"923",2.82005438448452,0.395295659049688,8.42311367456129e-05,8.42311367456129e-05,2.79870985166282,1.15326498814507e-06,"pup vs you"
"924",0.72106597311885,0.385644463645722,0.351972043348941,0.351972043348941,0.720832121027926,0.30278258438445,"pup vs you"
"925",0.929906936825622,0.397241124414081,0.22481414688572,0.22481414688572,0.865714457014347,0.180235029280412,"pup vs you"
"926",-2.0436164466079,0.335160711154765,0.000456448863147463,0.000456448863147463,-2.01289256652235,1.06648537629787e-06,"pup vs you"
"927",-1.44073124207731,0.347191820535566,0.0214461674358303,0.0214461674358303,-1.45044078817765,0.00314675793976004,"pup vs you"
"928",1.1992835777707,0.405872115427354,0.137330535984811,0.137330535984811,1.09134630110669,0.097845849430924,"pup vs you"
"929",-4.79689011967327,0.366977249423243,0,0,-4.87170213010415,0,"pup vs you"
"930",0.756322080114484,0.398608105544409,0.352780142469611,0.352780142469611,0.742917994343408,0.281969271771394,"pup vs you"
"931",0.971587404545176,0.384328304628528,0.199500030109134,0.199500030109134,0.875251916781611,0.191625239060271,"pup vs you"
"932",2.60257151014297,0.418965024280008,0.000119119131476751,0.000119119131476751,2.64068039250836,1.36468477169145e-06,"pup vs you"
"933",0.609788913027678,0.390770940220336,0.429537524635031,0.429537524635031,0.579414612775919,0.404834758474945,"pup vs you"
"934",0.504553710970011,0.379037004953745,0.475558275245867,0.475558275245867,0.471348035335648,0.519099628832077,"pup vs you"
"935",1.13928989941089,0.411750234488679,0.126551188709655,0.126551188709655,1.12332010866765,0.0777731491883185,"pup vs you"
"936",0.454691532490377,0.411583098302592,0.555360840860697,0.555360840860697,0.418136820119392,0.597439333062837,"pup vs you"
"937",-0.148686571307649,0.437911983876794,0.925906006019926,0.925906006019926,-0.117875335692323,0.997236264189922,"pup vs you"
"938",-0.552517624300298,0.401932756622328,0.620844152477844,0.620844152477844,-0.563843230702423,0.642945298141875,"pup vs you"
"939",-1.22396472421204,0.452516595050322,0.182609940257593,0.182609940257593,-1.25006096194358,0.0906798614021306,"pup vs you"
"940",0.610844103076344,0.378547430074872,0.414909751753827,0.414909751753827,0.596160093157259,0.382926342180033,"pup vs you"
"941",0.580626012478734,0.380481278814064,0.443658675670155,0.443658675670155,0.52488205817738,0.462205418405155,"pup vs you"
"942",0.444593939215051,0.408728740872943,0.561075862646655,0.561075862646655,0.430935768131419,0.590722719123655,"pup vs you"
"943",0.0945015719124921,0.39054840326947,0.769785593074411,0.769785593074411,0.0745654151544871,0.802075718788822,"pup vs you"
"944",-3.04010064253599,0.261283088807527,1.39977325682793e-16,1.39977325682793e-16,-3.04586925321164,0,"pup vs you"
"945",2.09534035758173,0.411650098374723,0.00522320970411282,0.00522320970411282,2.07746316011441,0.000192510975112336,"pup vs you"
"946",1.38199720524781,0.37304087636432,0.0399148630693737,0.0399148630693737,1.31125912929934,0.0197481060062709,"pup vs you"
"947",-3.60017824065956,0.340887274569866,7.25049898404931e-14,7.25049898404931e-14,-3.58249680791789,0,"pup vs you"
"948",0.712741110797092,0.398383796372029,0.358471147013734,0.358471147013734,0.759159210054782,0.274690039599869,"pup vs you"
"949",0.351426109200632,0.383295805907514,0.61523738014989,0.61523738014989,0.279159681629993,0.66404403934276,"pup vs you"
"950",0.0276880115895791,0.380230915527104,0.835413042941123,0.835413042941123,-0.0115878390738404,0.919291819617034,"pup vs you"
"951",-1.18442814220059,0.40352731593671,0.138458882611545,0.138458882611545,-1.22301083528254,0.0710442463205196,"pup vs you"
"952",-0.418387239488336,0.367692615139425,0.675732818066557,0.675732818066557,-0.42723319094801,0.781099627398589,"pup vs you"
"953",3.56655105783683,0.467961265977436,9.49990249695278e-08,9.49990249695278e-08,3.58615525054276,2.81207406119892e-08,"pup vs you"
"954",0.570305259884745,0.379829997648213,0.447502064390043,0.447502064390043,0.505904411594198,0.481552920895057,"pup vs you"
"955",-0.0663211663127792,0.399663047689934,0.844557585369547,0.844557585369547,-0.128607177269169,0.921852754028581,"pup vs you"
"956",0.60122078710199,0.379472084117436,0.41694336178434,0.41694336178434,0.575534917660438,0.403948968387663,"pup vs you"
"957",0.536904106976195,0.381661217044394,0.485897963057645,0.485897963057645,0.496306132554954,0.489382187164833,"pup vs you"
"958",0.703768359274166,0.391407339888571,0.368890733910643,0.368890733910643,0.731620854607198,0.248174094243435,"pup vs you"
"959",0.582783173293246,0.382537680427373,0.450624628590671,0.450624628590671,0.55035109520721,0.423857768253111,"pup vs you"
"960",0.536623174272825,0.381023977315978,0.477194241850296,0.477194241850296,0.504237432209272,0.480053091954206,"pup vs you"
"961",0.0608044945804301,0.430477946653511,0.796375809589675,0.796375809589675,0.0789100437077726,0.866347257035886,"pup vs you"
"962",1.1750459277182,0.419506064377996,0.144317549608307,0.144317549608307,1.19850259588373,0.0682596639753792,"pup vs you"
"963",0.50096312894149,0.388529633680385,0.493984568045419,0.493984568045419,0.437389995312503,0.546449863443218,"pup vs you"
"964",0.447033473903021,0.373010215990824,0.515798630380066,0.515798630380066,0.354483185075552,0.611582610400222,"pup vs you"
"965",3.55592103721679,0.458240128743517,1.16894575926403e-06,1.16894575926403e-06,3.51341975874002,5.11408324971011e-09,"pup vs you"
"966",-1.5771951421567,0.453940240007313,0.0630553077186464,0.0630553077186464,-1.5959950886998,0.0170243960207752,"pup vs you"
"967",-0.407720144002307,0.406766208372568,0.706682494241795,0.706682494241795,-0.318955289126118,0.865268862333487,"pup vs you"
"968",0.584781837268583,0.378865681683793,0.435816886742385,0.435816886742385,0.533510578040127,0.451668887871897,"pup vs you"
"969",0.400143349797008,0.37789848616196,0.568501590512003,0.568501590512003,0.454061117026115,0.54309646019031,"pup vs you"
"970",0.895156708646321,0.388905617639987,0.230907435853165,0.230907435853165,0.842195977064341,0.225524211997314,"pup vs you"
"971",-0.438122143432251,0.422806500842572,0.746797229952843,0.746797229952843,-0.437738526565958,0.799278191008233,"pup vs you"
"972",0.435796017578961,0.386109186690989,0.570411973459634,0.570411973459634,0.454071749431288,0.517563176046968,"pup vs you"
"973",0.544667009882386,0.38169535142771,0.474327697812158,0.474327697812158,0.518521470551524,0.445013294836687,"pup vs you"
"974",0.608052809589183,0.384058751633799,0.440930000472978,0.440930000472978,0.58417112642164,0.411132706052234,"pup vs you"
"975",0.11008998166219,0.387017924091063,0.754179190166627,0.754179190166627,0.15947481105674,0.789520786789008,"pup vs you"
"976",0.562152161408184,0.378559574986454,0.475326401163991,0.475326401163991,0.530438283323769,0.447629025492885,"pup vs you"
"977",-2.81643211456767,0.408830397883118,1.55877229266808e-05,1.55877229266808e-05,-2.83084865908485,4.85795527416489e-07,"pup vs you"
"978",-4.81424912145135,0.341399431764681,0,0,-4.79079676451884,0,"pup vs you"
"979",-3.04130972581615,0.382424486771039,4.7167242912661e-07,4.7167242912661e-07,-3.08431925303811,3.40549410966538e-10,"pup vs you"
"980",0.338481376097838,0.386559059813477,0.602081617075333,0.602081617075333,0.370178688814129,0.609626759250914,"pup vs you"
"981",0.344911671145122,0.390908339421644,0.636658586527025,0.636658586527025,0.378346080832754,0.616433735473997,"pup vs you"
"982",0.483475792856077,0.273566436640492,0.376896078384857,0.376896078384857,0.442067615831601,0.31520343560475,"pup vs you"
"983",0.577792554248467,0.375948228189735,0.436859494912858,0.436859494912858,0.550410209413489,0.444927670979984,"pup vs you"
"984",-4.45297506751247,0.347171195279461,0,0,-4.51785825097512,0,"pup vs you"
"985",-1.42864016520576,0.396026826505655,0.0765596615999162,0.0765596615999162,-1.38235487475629,0.0200133359760712,"pup vs you"
"986",0.51903830651402,0.379589485547227,0.477976085142252,0.477976085142252,0.555101501885301,0.418258682705336,"pup vs you"
"987",0.173261489841563,0.386129419404443,0.722512070630543,0.722512070630543,0.164413578877368,0.766674353219465,"pup vs you"
"988",-2.63809312908218,0.427464039926709,2.43934858046892e-05,2.43934858046892e-05,-2.63537138868177,1.17514468426236e-06,"pup vs you"
"989",-0.448576661537317,0.342087982282835,0.639711662204155,0.639711662204155,-0.480195802676881,0.695500464397391,"pup vs you"
"990",0.701549520158373,0.389054058518172,0.365228734450156,0.365228734450156,0.600143807396976,0.401673614998151,"pup vs you"
"991",4.34794680176721,0.442862248700114,3.62206392174598e-12,3.62206392174598e-12,4.37784293230093,7.93796661299231e-14,"pup vs you"
"992",-0.836882117941089,0.428097446566652,0.444122434340278,0.444122434340278,-0.903450291299898,0.332260084214162,"pup vs you"
"993",0.530554823343261,0.377170479630628,0.497044779900367,0.497044779900367,0.539975973562571,0.437848089631162,"pup vs you"
"994",0.527698537925889,0.380287022978122,0.477815976897868,0.477815976897868,0.520274028936608,0.481282957782166,"pup vs you"
"995",0.59321386232778,0.381063373882734,0.433187857205842,0.433187857205842,0.524391952499945,0.455893223446572,"pup vs you"
"996",-0.027554586239866,0.382231969980538,0.84912583533274,0.84912583533274,-1.8884376365969e-06,0.928810086582205,"pup vs you"
"997",1.11663220939358,0.344289519758788,0.0899070377237787,0.0899070377237787,1.07521227543692,0.0230083295355889,"pup vs you"
"998",-0.230192326918374,0.424138571421214,0.84340621281585,0.84340621281585,-0.261437098672858,0.923076819183695,"pup vs you"
"999",0.573258564128848,0.37673948026144,0.446164642937699,0.446164642937699,0.483281053679035,0.51020016902448,"pup vs you"
"1000",3.89123736449545,0.443542249384492,5.22618211732632e-11,5.22618211732632e-11,3.89585619816981,7.00775648757882e-14,"pup vs you"
"1001",0.529885702406683,0.338046129645963,0.426995338575282,0.426995338575282,0.514020845044852,0.392865873059186,"pup vs you"
"1002",0.53055352619027,0.387616322615866,0.496282463372426,0.496282463372426,0.48556139334149,0.492489181880666,"pup vs you"
"1003",-0.175701999841828,0.419849782146534,0.93483656840209,0.93483656840209,-0.177599647406613,1,"pup vs you"
"1004",0.207339788366711,0.432864037743593,0.695081460319019,0.695081460319019,0.206507862703859,0.79989895240338,"pup vs you"
"1005",1.91349496649769,0.382528897006994,0.010437086225539,0.010437086225539,1.89567474710609,0.000738951018962379,"pup vs you"
"1006",0.488601047652467,0.399070966651697,0.502894343988548,0.502894343988548,0.414331265905954,0.581533617155841,"pup vs you"
"1007",-0.644774915399934,0.416467556467255,0.579012823002939,0.579012823002939,-0.668233998883419,0.554459056899498,"pup vs you"
"1008",0.666929327121654,0.406250767458767,0.388774911344422,0.388774911344422,0.664421005380391,0.337060024737405,"pup vs you"
"1009",1.86815173832552,0.390650684748317,0.0142214855852979,0.0142214855852979,1.83187244370882,0.00252596687844721,"pup vs you"
"1010",0.655687237193494,0.389758820634997,0.397101631731427,0.397101631731427,0.618514435788946,0.370079546950576,"pup vs you"
"1011",0.660712525635819,0.384012554055375,0.411407568867549,0.411407568867549,0.643560126684666,0.346230929205982,"pup vs you"
"1012",0.00841792796868814,0.364305860252512,0.825142815023816,0.825142815023816,0.0275630048257687,0.928499393421768,"pup vs you"
"1013",0.717610763737529,0.386317905785587,0.355185707207219,0.355185707207219,0.69785603598087,0.325282984717686,"pup vs you"
"1014",4.88714653190125,0.431856716627679,1.14017488448774e-17,1.14017488448774e-17,4.87644334033579,2.72456535068795e-18,"pup vs you"
"1015",-0.0485837471542099,0.387875002662596,0.836558629599437,0.836558629599437,-0.0559822442413701,0.91298759119507,"pup vs you"
"1016",-0.300459362806501,0.383065409224327,0.767490140473691,0.767490140473691,-0.305634328342993,0.836378404635502,"pup vs you"
"1017",-0.514833660888692,0.360022404583696,0.581474250863682,0.581474250863682,-0.526447264438453,0.636072618124859,"pup vs you"
"1018",0.373256565020249,0.389497350464375,0.590110442741845,0.590110442741845,0.369327002449247,0.600859464116348,"pup vs you"
"1019",-1.19941426425266,0.386543211508253,0.104353750477761,0.104353750477761,-1.20788745116265,0.0331685942350499,"pup vs you"
"1020",-2.60725374227696,0.340812916323235,1.21749236127145e-07,1.21749236127145e-07,-2.59439352171851,5.38264562897735e-10,"pup vs you"
"1021",6.17734074031445,0.469419139013316,3.05575990943232e-25,3.05575990943232e-25,6.15675024007945,2.96109020224329e-26,"pup vs you"
"1022",-2.61355074278017,0.337950968811271,6.97352232663271e-07,6.97352232663271e-07,-2.68058459571487,2.65002060985981e-10,"pup vs you"
"1023",-3.03961937058928,0.368299157493357,3.93956101797979e-09,3.93956101797979e-09,-3.05352800155821,5.11121589822606e-11,"pup vs you"
"1024",0.573252340251919,0.37946544436998,0.427625485854527,0.427625485854527,0.590348197256122,0.403862566181849,"pup vs you"
"1025",0.835707583104758,0.382859624670214,0.275508795170922,0.275508795170922,0.864713006070345,0.207616488298685,"pup vs you"
"1026",-0.353087330086369,0.387859379403755,0.749010158977673,0.749010158977673,-0.353280273284437,0.80693011162968,"pup vs you"
"1027",-7.88672162696769,0.403567039258302,0,0,-7.92085235329999,0,"pup vs you"
"1028",2.03092144235089,0.400537466262793,0.00270214424879481,0.00270214424879481,1.95831005784921,0.000924776261661206,"pup vs you"
"1029",1.38366562027874,0.410302233261769,0.0520675439291337,0.0520675439291337,1.40593185626986,0.0322201373699605,"pup vs you"
"1030",-4.10870575261727,0.330963307796852,0,0,-4.16834225309602,0,"pup vs you"
"1031",-0.157628010993726,0.433535277857526,0.908090948515439,0.908090948515439,-0.162295042371164,0.954915396910527,"pup vs you"
"1032",0.111513619721808,0.425092169449067,0.787754038533841,0.787754038533841,0.0669271757039855,0.928555676049222,"pup vs you"
"1033",-2.5662737195772,0.342997477763174,1.29987695972805e-06,1.29987695972805e-06,-2.5812382413113,2.22691414020752e-09,"pup vs you"
"1034",-0.354466051736122,0.428625017054546,0.819632268048773,0.819632268048773,-0.385417025345866,0.868380137995789,"pup vs you"
"1035",0.60891295559263,0.381033943695359,0.431878692619356,0.431878692619356,0.51726725336019,0.444419853374229,"pup vs you"
"1036",0.663599199843012,0.384256826198829,0.385093242709005,0.385093242709005,0.641389691191925,0.356400875386007,"pup vs you"
"1037",0.536029271890716,0.381048366427845,0.47407706679719,0.47407706679719,0.561473921038085,0.443362589675834,"pup vs you"
"1038",0.894051014046033,0.38520330400169,0.269745488306324,0.269745488306324,0.868173266486554,0.193392852820996,"pup vs you"
"1039",-1.13122070210109,0.465578962028422,0.265374010545442,0.265374010545442,-1.17879212491862,0.149560028683311,"pup vs you"
"1040",0.204338692121391,0.39000127928053,0.697927186534628,0.697927186534628,0.209833312681585,0.754006647203529,"pup vs you"
"1041",3.69975551082239,0.434210588140703,3.27771935288591e-10,3.27771935288591e-10,3.65433878927457,2.65278324076006e-09,"pup vs you"
"1042",0.586466992591603,0.395199536100942,0.431561023929574,0.431561023929574,0.571783944224279,0.421349026966846,"pup vs you"
"1043",-3.18623246481784,0.33207127144306,1.15464670366721e-09,1.15464670366721e-09,-3.20050085913211,1.21989988132217e-15,"pup vs you"
"1044",0.570284683451716,0.378016997015917,0.451395206271819,0.451395206271819,0.550225756418654,0.449159537553725,"pup vs you"
"1045",-2.62490109328993,0.373390227951615,4.15719167277326e-06,4.15719167277326e-06,-2.66626801770708,2.45148195144185e-08,"pup vs you"
"1046",0.538854902701356,0.387900445592539,0.480235590272608,0.480235590272608,0.511285851382089,0.489294703140201,"pup vs you"
"1047",0.23786267974112,0.231643293275748,0.567256412718417,0.567256412718417,0.221770662171299,0.639000175637709,"pup vs you"
"1048",1.22464095318739,0.402491465256113,0.120121961299265,0.120121961299265,1.2022422784996,0.0744503079668075,"pup vs you"
"1049",0.662777269781636,0.387774764828962,0.393927127848262,0.393927127848262,0.658231297379486,0.339729351303898,"pup vs you"
"1050",-0.673574610410716,0.384856403343635,0.471895142013113,0.471895142013113,-0.69370273745028,0.474137542876663,"pup vs you"
"1051",1.86325467348509,0.234559911666852,2.89795245189721e-06,2.89795245189721e-06,1.84597566335227,2.45076701682366e-12,"pup vs you"
"1052",0.413092432952146,0.38073732753836,0.555340853202777,0.555340853202777,0.389467436688938,0.599629838745927,"pup vs you"
"1053",-2.29325661870688,0.404706079122123,0.000413392394784083,0.000413392394784083,-2.31156908076115,4.22579819641522e-06,"pup vs you"
"1054",-0.39813041949437,0.432292151085088,0.715128148204078,0.715128148204078,-0.459732700663624,0.772135203573094,"pup vs you"
"1055",0.74070377125162,0.416793571998726,0.35096345066648,0.35096345066648,0.753389269841205,0.305307792918926,"pup vs you"
"1056",-1.15431806801323,0.401078322221302,0.186971306328203,0.186971306328203,-1.154659631737,0.0767025980294378,"pup vs you"
"1057",2.53010139996753,0.353424332737503,2.36368187013114e-06,2.36368187013114e-06,2.50466375229868,9.33382489986881e-08,"pup vs you"
"1058",-0.444931692744944,0.407940799853153,0.708756343138122,0.708756343138122,-0.475428414859209,0.734451200647041,"pup vs you"
"1059",-3.36127980177301,0.485135285745583,5.45156160002469e-06,5.45156160002469e-06,-3.3595364647996,2.41266800114822e-08,"pup vs you"
"1060",-0.531310371305954,0.393728973887032,0.621264951055338,0.621264951055338,-0.537684780629165,0.648292260599604,"pup vs you"
"1061",0.0230252904903812,0.406750136013444,0.827472801885774,0.827472801885774,-0.0239891622823009,0.893739805445462,"pup vs you"
"1062",-2.70271232524622,0.345939880724367,2.96334257267812e-08,2.96334257267812e-08,-2.71655047691557,6.34387641348466e-11,"pup vs you"
"1063",-0.379399463947541,0.392735984787445,0.723927432030969,0.723927432030969,-0.373043564960805,0.825355611804801,"pup vs you"
"1064",0.0269835619686652,0.460479334419447,0.853043562288484,0.853043562288484,-0.0356802728397768,0.934713596742869,"pup vs you"
"1065",1.14018263164216,0.376090027394883,0.111979591812355,0.111979591812355,1.13198658266881,0.0415848555313696,"pup vs you"
"1066",1.39200956191565,0.40108480309631,0.0552495534647628,0.0552495534647628,1.34816939151794,0.0181852382761926,"pup vs you"
"1067",2.5043047783212,0.323618127251278,5.58853489247109e-07,5.58853489247109e-07,2.48034709603713,2.00657007307204e-09,"pup vs you"
"1068",0.573995049263045,0.408976270461425,0.469721308678645,0.469721308678645,0.640660235829597,0.381113148588086,"pup vs you"
"1069",1.62577780447406,0.350442048566313,0.0170768795803827,0.0170768795803827,1.63297725635841,0.000541688426170894,"pup vs you"
"1070",1.48630606852017,0.40529963646262,0.0440363355825968,0.0440363355825968,1.44752255266157,0.022840016496553,"pup vs you"
"1071",-2.23825495504475,0.372775208655552,0.000912734944735495,0.000912734944735495,-2.21417740279742,5.38393869718941e-06,"pup vs you"
"1072",1.93819882443574,0.38829963103855,0.00284673107018891,0.00284673107018891,1.85051470961906,0.000421516957012387,"pup vs you"
"1073",0.560365612013276,0.376499188145066,0.437018521546028,0.437018521546028,0.5450249607708,0.430807353180426,"pup vs you"
"1074",-4.7321547503124,0.333666972014253,0,0,-4.76336114971133,0,"pup vs you"
"1075",0.309278433117054,0.444202113602265,0.68794913434717,0.68794913434717,0.274031414642397,0.83035938158693,"pup vs you"
"1076",-4.14668737213732,0.341514128973266,0,0,-4.21714530708339,0,"pup vs you"
"1077",0.062589007850968,0.40408710557668,0.793098213826895,0.793098213826895,0.134530841052479,0.835767112832829,"pup vs you"
"1078",0.54642211965773,0.377040898234689,0.454094502995445,0.454094502995445,0.567872546201847,0.414559041803266,"pup vs you"
"1079",1.34508388183299,0.344883826115307,0.0221624972395627,0.0221624972395627,1.33542876130334,0.00136213344161778,"pup vs you"
"1080",-2.27866468209296,0.394136258951355,5.70133316729814e-05,5.70133316729814e-05,-2.33345491400774,1.27924884098571e-06,"pup vs you"
"1081",0.181836561545252,0.404868256745971,0.716758672351845,0.716758672351845,0.172421032115412,0.774248471187104,"pup vs you"
"1082",-2.46813822230782,0.386723626313975,9.52036759342189e-06,9.52036759342189e-06,-2.48884248071686,2.73152997502613e-07,"pup vs you"
"1083",-0.75241956423927,0.38515360779965,0.394319248917992,0.394319248917992,-0.789188398977403,0.303172466880053,"pup vs you"
"1084",2.15699002151776,0.39820293599403,0.0024309660397817,0.0024309660397817,2.15053030265248,0.000727587682495959,"pup vs you"
"1085",1.95200818933577,0.341026128976029,0.00222898809359594,0.00222898809359594,1.93133834118048,2.04063516232768e-05,"pup vs you"
"1086",-0.0497445390007057,0.394298099262071,0.837668586579038,0.837668586579038,-0.00123041508665162,0.880124982320125,"pup vs you"
"1087",3.13910187605966,0.52500486223214,1.52959845911202e-05,1.52959845911202e-05,3.13179564153222,7.67447269456378e-07,"pup vs you"
"1088",0.329543270697656,0.378914198108213,0.588287051363698,0.588287051363698,0.35244058489103,0.613298441948991,"pup vs you"
"1089",-4.71777751208534,0.270344209702565,0,0,-4.74700165487604,0,"pup vs you"
"1090",0.205536226222501,0.286736271925344,0.662025639988647,0.662025639988647,0.188552088304552,0.775084850732017,"pup vs you"
"1091",0.434200170648205,0.388940624861036,0.558275856328508,0.558275856328508,0.380695143018795,0.608546829917837,"pup vs you"
"1092",0.436315561003944,0.323602184780078,0.478459163402827,0.478459163402827,0.427677130336292,0.443675015833479,"pup vs you"
"1093",-0.323611057903871,0.408060891066605,0.751661801396347,0.751661801396347,-0.308127271183462,0.836120688682185,"pup vs you"
"1094",1.15835436141407,0.358141965683467,0.0963858877479249,0.0963858877479249,1.1426895538053,0.0363149239740426,"pup vs you"
"1095",-1.30821761769444,0.394248996084395,0.0791456813424613,0.0791456813424613,-1.33115770680708,0.0325529048639095,"pup vs you"
"1096",4.2486752057693,0.431581239367683,1.43578653299647e-10,1.43578653299647e-10,4.23282611916416,1.5197952900513e-14,"pup vs you"
"1097",0.919501317729769,0.39778076110418,0.257510762148367,0.257510762148367,0.875840074599807,0.203694711399432,"pup vs you"
"1098",-4.62412857530046,0.308165769974208,0,0,-4.64126896775918,0,"pup vs you"
"1099",0.17763838419598,0.397337917525563,0.698376397671513,0.698376397671513,0.130594438560466,0.821585791136003,"pup vs you"
"1100",0.561644168062116,0.35035146797717,0.434500902089435,0.434500902089435,0.536480224543525,0.379625984810884,"pup vs you"
"1101",4.05635364761183,0.447403553153417,5.00132598363605e-11,5.00132598363605e-11,4.00604926826288,1.34025095073046e-12,"pup vs you"
"1102",0.569019469436379,0.378551307225605,0.436776550254489,0.436776550254489,0.492457339499498,0.490729325490207,"pup vs you"
"1103",0.236410453899488,0.421094643799918,0.703988952719326,0.703988952719326,0.221422854911594,0.787638360824695,"pup vs you"
"1104",1.9425851602959,0.413131847286382,0.00721530828949404,0.00721530828949404,1.88220202110828,0.000816687982107687,"pup vs you"
"1105",5.67823704861705,0.420506459826764,6.43951291685539e-23,6.43951291685539e-23,5.66750281922765,1.95496702769945e-24,"pup vs you"
"1106",-0.283622209285196,0.40952454699272,0.778014570283151,0.778014570283151,-0.293212864638357,0.871122968444129,"pup vs you"
"1107",1.82353107291323,0.32323151712945,0.000597461208734307,0.000597461208734307,1.79027842669744,1.68239196934677e-05,"pup vs you"
"1108",-4.31880187714077,0.331482546570471,0,0,-4.31791285283767,0,"pup vs you"
"1109",0.490477536957464,0.409128430378755,0.555916258641222,0.555916258641222,0.57963088788845,0.429245900596125,"pup vs you"
"1110",0.130976625393668,0.387270268934574,0.74157396943786,0.74157396943786,0.149534509516338,0.796766764836481,"pup vs you"
"1111",0.550507114357737,0.384075510444431,0.480213343621582,0.480213343621582,0.527880191878198,0.46273801156587,"pup vs you"
"1112",5.23273801924303,0.428063762617996,3.80194187786677e-19,3.80194187786677e-19,5.23773228416975,3.14577575147181e-22,"pup vs you"
"1113",3.96115994011903,0.427084218219637,5.69931546859349e-10,5.69931546859349e-10,4.02045954411267,4.68574449369947e-12,"pup vs you"
"1114",0.937436980755316,0.378488304753116,0.238829977350394,0.238829977350394,0.9115471154969,0.151706249134362,"pup vs you"
"1115",0.515104822959443,0.38132705718635,0.469417567522593,0.469417567522593,0.530407550556914,0.469097227471679,"pup vs you"
"1116",0.356262481227171,0.314986719022623,0.544153568181942,0.544153568181942,0.344873204806527,0.556558031554788,"pup vs you"
"1117",-2.63245037797159,0.416536299953824,3.56843960422762e-06,3.56843960422762e-06,-2.63843559528963,5.04076690001277e-08,"pup vs you"
