"constant","comparison","feature","clr_padj","tss_padj","clr_log10","tss_log10","clr_est","tss_est","clr_se","tss_se","direction"
-1,"cent vs mage","7",5.2299389649108e-10,0.000744274912587388,9.28150337946105,3.12826661960612,4.17694560667676,2.74801328151407,0.421269675230632,0.41681302157857,"CLR_more_sig"
-1,"cent vs mage","24",3.69438471451908e-10,0.00269082711804711,9.43245788131239,2.57011420416492,4.49618556734013,3.05311473618129,0.478129073408586,0.492612917643704,"CLR_more_sig"
-1,"cent vs mage","57",0.0469359665734475,3.31532207984131e-07,1.32849423408464,6.47947427398527,-1.98681894926201,-3.44108382131111,0.430800228062601,0.46416319684331,"TSS_more_sig"
-1,"cent vs mage","100",0.0143854197250147,8.27029132590321e-08,1.84207746212968,7.08247919189802,-2.73610373888661,-4.15039113546694,0.562422036911609,0.570185091507174,"TSS_more_sig"
-1,"cent vs mage","114",3.3397477680028e-07,5.68387929315388e-15,6.47628633172167,14.2453551536288,-3.68697255664033,-5.10207795083878,0.460613108123993,0.484784889527115,"TSS_more_sig"
-1,"cent vs mage","132",8.56320364818475e-07,0,6.06736372756163,15.8096265840673,-4.27034919517787,-5.70859091814342,0.472927311055197,0.498601099020443,"TSS_more_sig"
-1,"cent vs mage","143",8.22749223269049e-07,0,6.08473251903678,15.8096265840673,-3.91114991521096,-5.30486571042469,0.452496843975206,0.453230793871214,"TSS_more_sig"
-1,"cent vs mage","146",0.0245286025309439,7.68476219965685e-08,1.61032719416574,7.11436956693778,-2.02215639413174,-3.38963983714877,0.3978766431959,0.426984957588226,"TSS_more_sig"
-1,"cent vs mage","148",0.0118589927489655,9.01227413214412e-10,1.92595219648128,9.04516560653245,-2.58715524549173,-4.1474446010895,0.476617286669327,0.509371352834317,"TSS_more_sig"
-1,"cent vs mage","169",0.00436986539441905,3.11387839215057e-09,2.35953194045781,8.50669835215622,-2.37194442864237,-3.81741888241721,0.408222435162975,0.441327888425471,"TSS_more_sig"
-1,"cent vs mage","210",1.96868933315109e-08,0,7.70582281181676,15.8096265840673,-4.3812867224774,-5.78649432425997,0.461211205213195,0.467538376038844,"TSS_more_sig"
-1,"cent vs mage","219",4.66341634314667e-07,1.55014889813288e-15,6.3312958096239,14.8096265840673,-3.81647614621475,-5.34146105830548,0.461424780832356,0.476602146136824,"TSS_more_sig"
-1,"cent vs mage","274",0.0498906439355107,1.06944646563423e-06,1.30198089061215,5.97084095046744,-1.9712320905968,-3.48367214816183,0.488288526056182,0.499754228060308,"TSS_more_sig"
-1,"cent vs mage","289",0.0455651532443912,1.09248711787351e-07,1.34136716477199,6.96158367533643,-2.44024677323357,-3.892646884012,0.473322115256597,0.493436798231095,"TSS_more_sig"
-1,"cent vs mage","353",6.54483305828699e-06,2.59017759338222e-10,5.18410142669755,9.58667045785629,-3.18967143819626,-4.47388825531836,0.437343647080426,0.434546755316987,"TSS_more_sig"
-1,"cent vs mage","464",0.0404772345766774,7.2029460741921e-07,1.3927891663539,6.14248983661419,-2.15870151468807,-3.58516688083495,0.478443292441014,0.477030501419091,"TSS_more_sig"
-1,"cent vs mage","528",0.0327150324543733,1.64161277592309e-06,1.48525264453119,5.78472927663936,-2.05486043877144,-3.46747680867854,0.418688187362489,0.43234448239814,"TSS_more_sig"
-1,"cent vs mage","531",0.0418888421584179,5.63380161991574e-08,1.37790164372471,7.24919844966348,-2.10729447395381,-3.54796272606992,0.447826277705168,0.466465309471025,"TSS_more_sig"
-1,"cent vs mage","675",0.0016521058855869,1.38521635417345e-11,2.78196212163281,10.8584823897147,-3.04785722497939,-4.34339424384294,0.472225603219916,0.477689964448514,"TSS_more_sig"
-1,"cent vs mage","770",0.00826514498940807,4.01802173383396e-12,2.08274952351449,11.3959877184443,-2.07969112189928,-3.51125358825972,0.330203141018566,0.350426820590544,"TSS_more_sig"
-1,"cent vs mage","819",0.0428905931512702,2.23997432626224e-06,1.36763794768626,5.64975695935625,-2.01824734313294,-3.30925719799715,0.423638163708541,0.429936934951213,"TSS_more_sig"
-1,"cent vs mage","917",0.0197693343526086,2.30100762203043e-08,1.70400795344079,7.63808194273932,-2.34360567993321,-3.80193741511404,0.480933540470034,0.497859020175744,"TSS_more_sig"
-1,"cent vs mage","921",3.56000639479706e-07,1.67932797297728e-14,6.44854922190842,13.7748644778081,-3.792966203223,-5.28680627773331,0.469542591053541,0.487364960521538,"TSS_more_sig"
-1,"cent vs mage","966",0.0360975867984722,3.16542840515946e-07,1.44252183064665,6.49956750479164,-2.30305607742367,-3.70690481905247,0.520871750728414,0.523328459816956,"TSS_more_sig"
-1,"cent vs mage","1004",0.00759292746572416,9.47232265538321e-08,2.11959074886253,7.023543517012,-2.29678796136,-3.79558929544182,0.456503192755094,0.453971203953448,"TSS_more_sig"
-1,"cent vs mage","1019",0.00022457863090913,9.84959688766016e-13,3.64863157006816,12.0065815434158,-2.64721840709523,-4.08622382417054,0.39122558829606,0.400111940258833,"TSS_more_sig"
-1,"cent vs mage","1058",0.00926554378954618,4.2124631185104e-10,2.03312908709858,9.37546388849391,-2.59421547023784,-3.99160367242373,0.462249922142567,0.447475450286858,"TSS_more_sig"
-1,"cent vs mage","1079",0.0205803426392754,8.64794109752466e-09,1.68654739900469,8.06308727709211,-2.0652034651124,-3.44637098579493,0.405097944137536,0.41104730866355,"TSS_more_sig"
-1,"cent vs mage","1098",1.47409622696336e-10,7.64551306286539e-05,9.83147416540835,4.11659336533409,4.51570950411632,3.08842022205412,0.434789340927492,0.441950576999262,"CLR_more_sig"
-1,"cent vs mage","1104",0.0129090455650389,3.43860035342257e-09,1.88910586626649,8.46361829652141,-2.3980441320607,-3.82598481577645,0.439522338530519,0.453276746645587,"TSS_more_sig"
-1,"eld vs kin","3",1.55014889813287e-14,0,13.8096265840673,29.6072703982694,-4.75604024105355,-5.94011993666583,0.432083030853319,0.446998035696171,"TSS_more_sig"
-1,"eld vs kin","5",5.78934904761096e-06,6.25046374837241e-12,5.23737026544762,11.2040877593139,-2.8027595267189,-3.9831791186761,0.386036042737222,0.385001464275446,"TSS_more_sig"
-1,"eld vs kin","7",2.47018569140919e-29,1.30455020422323e-21,28.6072703982694,20.8845392028822,7.48779459565948,6.36756394027102,0.454627963753335,0.465765817896339,"CLR_more_sig"
-1,"eld vs kin","10",0.00015833790234982,2.260281034448e-08,3.8004151128631,7.64583755902872,-2.73794966511024,-3.92567829557096,0.481561006485345,0.473540358909128,"TSS_more_sig"
-1,"eld vs kin","11",1.02774386259154e-08,0.0431234879936265,7.98811510802909,1.36528611899198,3.16342533012417,1.99114488888819,0.347391514698095,0.351013875426872,"CLR_more_sig"
-1,"eld vs kin","12",0.00345979666915888,2.43330850846447e-08,2.46094942376707,7.6138028252945,-1.99822705138757,-3.17330340900048,0.37949445584909,0.369158097503332,"TSS_more_sig"
-1,"eld vs kin","16",2.16333098348006e-11,0.0379776042695803,10.6648770296584,1.42047243521032,2.96692624057082,1.77531773851803,0.262563132670497,0.265686510018749,"CLR_more_sig"
-1,"eld vs kin","21",3.06911512680309e-18,1.691241956168e-07,17.5129868202689,6.77179425596721,4.03836863967511,2.8497385180939,0.298091789595649,0.292430176470354,"CLR_more_sig"
-1,"eld vs kin","33",3.15080438100817e-06,5.29971829871286e-11,5.50157855934137,10.2757472142796,-3.24416323503885,-4.41527049964458,0.45884603282222,0.459915836267689,"TSS_more_sig"
-1,"eld vs kin","38",0.00819761668098557,4.02396638842428e-07,2.08631239307305,6.39534565553236,-1.82227679592466,-2.99912656838878,0.370430500038795,0.379008234604644,"TSS_more_sig"
-1,"eld vs kin","46",0.0434277729464057,2.99951287089296e-05,1.36223244146177,4.52294927016733,-1.56833189397594,-2.75937860067387,0.374605907182945,0.391378022365183,"TSS_more_sig"
-1,"eld vs kin","57",0.0012812063382112,2.02687210533476e-06,2.89238092151982,5.69317365421757,-2.40602520999593,-3.60011882907537,0.449810790660402,0.479160139989115,"TSS_more_sig"
-1,"eld vs kin","62",0.00959528345316281,7.86510071853082e-08,2.01794219129576,7.10429571153757,-1.64572259867673,-2.83899295117352,0.309107258747129,0.318315430211594,"TSS_more_sig"
-1,"eld vs kin","65",2.694553655801e-06,3.36568153684743e-10,5.56951316401218,9.4729269796653,-2.69956359878403,-3.86302265669666,0.383537189926785,0.371311332839456,"TSS_more_sig"
-1,"eld vs kin","67",1.10254340379701e-12,0,11.9576043046642,29.6072703982694,-5.37194103045076,-6.62337896199024,0.552167503242824,0.565683254137069,"TSS_more_sig"
-1,"eld vs kin","68",0.0192595001375358,2.06349116248987e-05,1.71535498877571,4.68539738677692,-1.6754366813155,-2.843848773095,0.361599314219649,0.377784300711855,"TSS_more_sig"
-1,"eld vs kin","74",3.30027978003927e-06,0.0320121483220702,5.4814492414019,1.49468517955431,3.71490633409106,2.54640491112548,0.498470155031757,0.491635215810723,"CLR_more_sig"
-1,"eld vs kin","79",2.63936433555662e-07,4.64385453522079e-12,6.57850065600943,11.3331213926243,-3.76958820794601,-4.9651775798375,0.472593489114219,0.497073023317483,"TSS_more_sig"
-1,"eld vs kin","81",0.0388800065007159,2.04457679396697e-07,1.41027367113196,6.68939657277423,-1.44725714489816,-2.60801291372217,0.309430476824767,0.309478857176399,"TSS_more_sig"
-1,"eld vs kin","82",5.49884621524936e-05,6.76992968278054e-08,4.25972842594506,7.16941584217734,-3.94203826964293,-4.95758606228949,0.575571798282979,0.602412135543065,"TSS_more_sig"
-1,"eld vs kin","83",5.86180327015987e-05,1.32157930132028e-09,4.23196876114796,8.87890677192501,-3.40440699967124,-4.60335990057158,0.499267618806553,0.523029444267722,"TSS_more_sig"
-1,"eld vs kin","84",5.04622686839507e-07,2.42755162862963e-12,6.29703322835724,11.614831524843,-3.73955806261371,-4.97311444756771,0.455159092968122,0.486445557462437,"TSS_more_sig"
-1,"eld vs kin","85",0.00269181609379261,7.70245011280117e-07,2.56995461464842,6.11337110583872,-2.29262971085452,-3.50210103673643,0.474467483562641,0.484366606385484,"TSS_more_sig"
-1,"eld vs kin","87",0.000655159550044571,2.93184237301717e-06,3.18365292402958,5.53285938272431,-2.91328492270159,-4.062627748423,0.504998882903252,0.528953675493653,"TSS_more_sig"
-1,"eld vs kin","88",0.0328492843749868,0.000295501846183503,1.48347408715076,3.52943980146698,-2.39024440693984,-3.54802146935239,0.603864891808484,0.603831889306706,"TSS_more_sig"
-1,"eld vs kin","89",1.96489322742782e-14,1.19576533032798e-07,13.7066610442701,6.92235404254116,4.89945371626978,3.71522489429551,0.437002923718435,0.457082206889033,"CLR_more_sig"
-1,"eld vs kin","91",8.82253826491397e-08,2.51850697075247e-12,7.05440644935168,11.5988568427594,-4.22776947593199,-5.48503651789029,0.563146517111658,0.589976747146776,"TSS_more_sig"
-1,"eld vs kin","100",2.65517936587257e-05,7.38546579686013e-11,4.57590613560793,10.131622108798,-3.68855277764757,-4.82413883480612,0.544552294276847,0.55171725150531,"TSS_more_sig"
-1,"eld vs kin","102",0.000116242033190642,3.92286956937192e-06,3.93463680239419,5.40639613139219,-2.88243889385703,-4.0075921556271,0.52218740337442,0.553906045872534,"TSS_more_sig"
-1,"eld vs kin","108",0.0235321432567271,7.09372978065168e-05,1.62833851642021,4.14912535900011,-2.79600732972754,-3.90804005060903,0.63695407909191,0.648254174752522,"TSS_more_sig"
-1,"eld vs kin","110",0.00295330140662513,2.53196618583906e-06,2.5296922277541,5.59654209857631,-2.41664571313077,-3.58513642195931,0.497186502945068,0.521782167635858,"TSS_more_sig"
-1,"eld vs kin","111",8.24406169283404e-07,1.30002806160091e-11,6.08385876692228,10.8860472731802,-3.23422776689674,-4.40072072828421,0.443908896220041,0.456056745947476,"TSS_more_sig"
-1,"eld vs kin","115",0.00307306177409662,3.9379555406904e-06,2.51242870955174,5.40472919133193,-2.64975503855067,-3.86703010350053,0.559200859147724,0.56167965233274,"TSS_more_sig"
-1,"eld vs kin","118",0.00227764673300097,1.92350347055664e-07,2.64251363486873,6.71590702576359,-2.22839619343255,-3.31933256867593,0.402401231486141,0.390003901755032,"TSS_more_sig"
-1,"eld vs kin","120",0.0423316799156573,9.90606778680216e-05,1.37333449638251,4.00409870448466,-1.8875828175303,-3.11794255202443,0.511453483879091,0.51710025900891,"TSS_more_sig"
-1,"eld vs kin","121",1.30499899731244e-11,3.26087184589014e-05,10.8843898220129,4.4866662688777,4.58950001789768,3.45519049933314,0.47830444884277,0.501754120509224,"CLR_more_sig"
-1,"eld vs kin","126",0.0090174596190073,2.5117357039703e-05,2.04491579381487,4.60002606093247,-2.14104234283726,-3.32932059520538,0.500193592341573,0.51646989307991,"TSS_more_sig"
-1,"eld vs kin","128",0.00181421008996924,3.93348255119373e-05,2.74131242199964,4.40522277200739,-2.66116934491315,-3.8620199345142,0.56058682637642,0.584301727877454,"TSS_more_sig"
-1,"eld vs kin","130",0.000368073036715827,3.66264203531842e-08,3.43406599574113,7.43620552460126,-3.13477788105453,-4.47222185141456,0.571609377787984,0.593171228756089,"TSS_more_sig"
-1,"eld vs kin","133",0.000107877105160264,1.2061930436639e-07,3.96707071618458,6.91858318051363,-2.54784947404759,-3.62640186033008,0.452663282824825,0.486490327816661,"TSS_more_sig"
-1,"eld vs kin","138",1.73715926537257e-09,0.0016661240428659,8.76016036295667,2.7782926685194,3.84167857179276,2.65086330795307,0.429099331784201,0.419613134826275,"CLR_more_sig"
-1,"eld vs kin","139",7.41112757306259e-07,1.90577794481268e-12,6.130115710846,11.7199277033622,-3.87532307736007,-5.11085524008497,0.525518725583115,0.531300639096853,"TSS_more_sig"
-1,"eld vs kin","145",0.0155045364978661,6.8321422686516e-06,1.8095412122985,5.16544309872318,-2.31661962909012,-3.47444718716175,0.507956315113319,0.535763271361498,"TSS_more_sig"
-1,"eld vs kin","147",0.00355228960893428,1.18951149136033e-06,2.44949163455029,5.92463135807373,-2.67923857717788,-3.88687804027708,0.571386320345097,0.549727996756024,"TSS_more_sig"
-1,"eld vs kin","150",0.0282346923358485,2.07364831145001e-05,1.54921694026538,4.68326489758432,-1.81192265466056,-2.93239400610257,0.412131874988204,0.402474360911136,"TSS_more_sig"
-1,"eld vs kin","151",1.47865085315261e-15,3.40716806052883e-09,14.8301343618043,8.46760644407809,5.35886980719115,4.15640285538528,0.482611174196719,0.485616221543134,"CLR_more_sig"
-1,"eld vs kin","152",0.0295529778355273,0.000733236400966935,1.52939875192725,3.13475598295333,-2.29993374692837,-3.38865743818194,0.591819586708746,0.624021905018597,"TSS_more_sig"
-1,"eld vs kin","162",0.00446768435270623,1.49301620315931e-05,2.34991751790208,4.82593547901008,-2.85559090395473,-3.86719218445201,0.597102685222675,0.609458488186359,"TSS_more_sig"
-1,"eld vs kin","163",0.00062859497069107,4.78929966461005e-06,3.20162909803981,5.31972798847107,-2.88427192781873,-4.06383611570023,0.556908873942223,0.577953154554404,"TSS_more_sig"
-1,"eld vs kin","169",6.50816401516206e-06,2.09035385473134e-08,5.18654151074712,7.67978019037255,-3.42989398794579,-4.55776737375931,0.509153010530551,0.526335126419097,"TSS_more_sig"
-1,"eld vs kin","172",0.000125824564270234,1.29199974092915e-09,3.90023456488759,8.88873757342534,-2.71281507650887,-3.92274560836448,0.440343355352973,0.459744627327212,"TSS_more_sig"
-1,"eld vs kin","175",0.0481191436689953,0.000521197037394927,1.31768210999261,3.28299806158319,-2.03765381204872,-3.18287220507267,0.558045396546402,0.566597202379398,"TSS_more_sig"
-1,"eld vs kin","181",0.00157697606970344,1.44281814088892e-06,2.80217489695302,5.84078840583356,-2.56783928798599,-3.72868826833716,0.462315912108648,0.500421028545257,"TSS_more_sig"
-1,"eld vs kin","200",0.0286165567811464,4.111330159782e-05,1.54338262287911,4.3860176458628,-2.24664750979423,-3.35074692003087,0.509981584316678,0.528273398578269,"TSS_more_sig"
-1,"eld vs kin","203",0.0017428491412827,6.81432527288804e-06,2.75874020321928,5.16657713979532,-2.2296109621578,-3.29703933695061,0.433269224358991,0.43959510930797,"TSS_more_sig"
-1,"eld vs kin","207",8.94926250897207e-06,0.045524113472831,5.04821275255902,1.3417585028116,3.56798326190994,2.34777593381723,0.456923278143933,0.459423777210655,"CLR_more_sig"
-1,"eld vs kin","216",0.00365847816100968,5.1618321685183e-07,2.43669953310873,6.28719612018566,-2.37308698095294,-3.60623789007827,0.513605464398718,0.509846501373179,"TSS_more_sig"
-1,"eld vs kin","251",0.00181867929361885,1.60929456909927e-05,2.74024387778717,4.79336445433145,-2.82888809739559,-4.09592432231787,0.572387543631181,0.596706395244886,"TSS_more_sig"
-1,"eld vs kin","252",0.0122599733112285,4.31212287785579e-07,1.91151047523349,6.36530887202949,-2.45927204714786,-3.59911248168811,0.469003228770612,0.474379928278311,"TSS_more_sig"
-1,"eld vs kin","255",0.0463441627114057,0.000142399558630511,1.33400495972604,3.8464913567991,-2.17661388686444,-3.37137672561447,0.547226153258124,0.56692509846166,"TSS_more_sig"
-1,"eld vs kin","267",0.000136392043416365,2.06468541839391e-07,3.86521096399886,6.68514610936501,-3.19007700070751,-4.45768107870799,0.606708758485108,0.607492764139712,"TSS_more_sig"
-1,"eld vs kin","282",0.000622257372835953,6.05542959274462e-08,3.20602994893713,7.21785504110221,-2.860673349324,-4.13723896432502,0.475001836590148,0.484659711902974,"TSS_more_sig"
-1,"eld vs kin","293",0.0479668619688757,4.944489045855e-05,1.31905869250302,4.30587858091835,-2.14052522913168,-3.16978174983737,0.544737071266429,0.567474719151259,"TSS_more_sig"
-1,"eld vs kin","349",0.00535295427987959,5.43822671902574e-06,2.27140646595354,5.26454269068575,-2.2583637182818,-3.45779386609318,0.470336584785425,0.502973183893727,"TSS_more_sig"
-1,"eld vs kin","363",0.00429909259344711,5.35354854957339e-07,2.36662320098904,6.27135825449679,-2.34715703347054,-3.55577968853061,0.480942951763566,0.476693333463692,"TSS_more_sig"
-1,"eld vs kin","473",0.00103186469643444,6.51409189556578e-07,2.98637724596879,6.18614611905091,-2.71915396149232,-3.90911441641027,0.52571522953445,0.533790216853816,"TSS_more_sig"
-1,"eld vs kin","614",0.00124300093465973,1.54247298077916e-07,2.90552854479568,6.81178243468616,-2.83265923650686,-4.15683705038707,0.477071770957697,0.50522089302024,"TSS_more_sig"
-1,"eld vs kin","616",1.17492295209196e-05,1.05834701340566e-09,4.9299906121824,8.97537191141464,-2.67854702015791,-3.81846730934072,0.417694667818765,0.436897922442077,"TSS_more_sig"
-1,"eld vs kin","666",7.14235774638278e-09,0,8.14615840065838,29.6072703982694,-3.92313765210659,-5.11648054292294,0.42200798272273,0.427531988748527,"TSS_more_sig"
-1,"eld vs kin","689",0.0439824315922236,0.000700544295103327,1.35672076410909,3.15456439926363,-1.94504168098359,-3.1005247982613,0.496711045454794,0.525449274622839,"TSS_more_sig"
-1,"eld vs kin","728",5.83821289604186e-12,1.65389460082232e-05,11.2337200720937,4.78149217056327,4.09825522536051,2.94116618045277,0.390076762419685,0.389452631933162,"CLR_more_sig"
-1,"eld vs kin","744",2.47930044800493e-06,3.84910590445386e-11,5.60567084112077,10.4146401395453,-3.57386852187219,-4.84703048071998,0.518520643421925,0.521062100391415,"TSS_more_sig"
-1,"eld vs kin","754",0.0466338648521986,0.000322668540497983,1.33129859024081,3.49124337532789,-1.95900612708057,-3.17017780774183,0.479562509323525,0.481207674801705,"TSS_more_sig"
-1,"eld vs kin","757",0.0177223980211302,5.07624697417071e-06,1.75147751400191,5.29445725637437,-1.96603403249782,-3.17069876778918,0.434363176945706,0.438354437459741,"TSS_more_sig"
-1,"eld vs kin","769",0.0359724631304252,0.000115046448810602,1.44402982386268,3.93912678234747,-2.00972331929703,-3.18814690962792,0.521402855956393,0.536617284497429,"TSS_more_sig"
-1,"eld vs kin","770",9.3396612356114e-05,1.03842223978178e-08,4.0296688760368,7.98362601920407,-2.604905645291,-3.7396472706555,0.42228308429604,0.434017237866514,"TSS_more_sig"
-1,"eld vs kin","786",6.47830025348181e-06,1.45291680218268e-12,5.18853892736498,11.8377592538282,-3.73860162514843,-4.93986747017152,0.494834781106856,0.497618171274857,"TSS_more_sig"
-1,"eld vs kin","849",2.16353222321054e-05,1.91245658770411e-10,4.66483663212307,9.71840841444077,-2.78265062017265,-3.97339973693115,0.401634122421002,0.436145718097417,"TSS_more_sig"
-1,"eld vs kin","875",0.0125741837496688,6.69221047333469e-06,1.90052019748638,5.17443040871825,-2.37848727525766,-3.6661108002202,0.552075015258611,0.561761990757662,"TSS_more_sig"
-1,"eld vs kin","879",0.000257957278017273,5.99827436330627e-10,3.5884522144154,9.22197367333061,-2.56727424782288,-3.82860636507349,0.414752186752466,0.417785732435028,"TSS_more_sig"
-1,"eld vs kin","886",7.47073510411676e-11,6.88114366771184e-05,10.1266366624478,4.16233937465715,4.54525028744653,3.35732705697458,0.516400175771997,0.523197242598152,"CLR_more_sig"
-1,"eld vs kin","891",3.50177803849199e-05,1.26494454938462e-08,4.45571138529801,7.89792851197757,-3.39490697856088,-4.59652354039238,0.558528819980368,0.569863133092334,"TSS_more_sig"
-1,"eld vs kin","895",5.31828461807812e-05,1.90742433997894e-09,4.27422842429043,8.71955267978531,-3.21845658480322,-4.31235870866971,0.49599004239073,0.512146586035815,"TSS_more_sig"
-1,"eld vs kin","914",0.00100055826789155,2.78581060554375e-07,2.99975761498687,6.55504841259375,-2.79835308057195,-4.11982213195764,0.559574667016329,0.571182690819531,"TSS_more_sig"
-1,"eld vs kin","917",0.0262913501079756,2.67399350104193e-05,1.58018711152054,4.57283965259575,-2.10818591130855,-3.33243387604381,0.506722333930247,0.537098809623283,"TSS_more_sig"
-1,"eld vs kin","935",0.00202854426753017,7.72809625117777e-06,2.69281551054565,5.11192747754817,-2.62422930889959,-3.74887546940338,0.535321009237648,0.553635721175807,"TSS_more_sig"
-1,"eld vs kin","947",8.11504706141672e-10,0.00024131706723323,9.09070895723586,3.6174119613772,4.16742102326628,3.04259365890464,0.419603156016568,0.435804132716895,"CLR_more_sig"
-1,"eld vs kin","965",0.00199184945612204,0.000110788083797869,2.70074348862625,3.95550694916658,-2.85104156214353,-4.10035135287666,0.609092632431583,0.607743514236766,"TSS_more_sig"
-1,"eld vs kin","978",8.82669863000298e-23,1.60691821221334e-16,22.0542017012773,15.7940062270875,6.1461186480827,4.8705221539334,0.418896515022204,0.413192043356931,"CLR_more_sig"
-1,"eld vs kin","984",1.16690581081943e-14,8.84895748026479e-08,13.9329641975041,7.05310789170192,4.80002182280315,3.78706439212641,0.422969162053035,0.42479859527728,"CLR_more_sig"
-1,"eld vs kin","991",2.81261060380604e-05,7.07027277093e-10,4.55089039023946,9.15056383081066,-3.67159085852206,-5.04483193211882,0.557240275539964,0.564396802557603,"TSS_more_sig"
-1,"eld vs kin","1000",0.0318218516421064,1.21568988833906e-05,1.49727455333329,4.91517719558916,-2.24821240853347,-3.3849311000409,0.563257083412285,0.561772199067491,"TSS_more_sig"
-1,"eld vs kin","1014",3.86615409724489e-08,8.26062189784436e-12,7.41272083984461,11.0829872557504,-4.31396764869869,-5.52314665346959,0.508785103475854,0.522248045714396,"TSS_more_sig"
-1,"eld vs kin","1021",2.57748290065107e-06,1.33408345153758e-10,5.58880420719964,9.87481700294668,-3.81053341268432,-4.98512079728313,0.562935661992598,0.54975516959345,"TSS_more_sig"
-1,"eld vs kin","1030",2.7649823001629e-10,3.4460430458828e-05,9.55830764445555,4.46267930191045,4.05201170192875,2.98150437713461,0.427174807523237,0.432491285921337,"CLR_more_sig"
-1,"eld vs kin","1047",0.00318520305447614,6.23083973434329e-09,2.49686287647539,8.20545341924523,-1.72849144642928,-2.91245959987532,0.273849924122867,0.291873624345305,"TSS_more_sig"
-1,"eld vs kin","1074",5.52096622699958e-16,2.45993542591967e-09,15.2579849095294,8.60907629311404,5.02630725321303,3.88579637941562,0.414608990471888,0.397804379592277,"CLR_more_sig"
-1,"eld vs kin","1076",2.8515603621285e-11,7.93842674396485e-06,10.5449174307905,5.10026555854455,4.51156210624343,3.42456898558825,0.423575283590016,0.433602897140638,"CLR_more_sig"
-1,"eld vs kin","1079",0.00174635258586386,2.38258575937924e-07,2.75786806839902,6.62295145830564,-2.43237413542871,-3.60967590820932,0.472940808144708,0.496171900078538,"TSS_more_sig"
-1,"eld vs kin","1089",5.22082400458465e-10,0.0461974008120326,9.28226094672915,1.33538245831284,2.96317416435722,1.7764214209499,0.281797553470663,0.289584965498698,"CLR_more_sig"
-1,"eld vs kin","1098",1.67308565313669e-25,2.69084638645216e-18,24.7764818248879,17.5701110942914,6.88428983467174,5.7594369450447,0.436267146714408,0.450964419955221,"CLR_more_sig"
-1,"eld vs kin","1101",0.0215831646352427,7.86712825628293e-06,1.66588487648079,5.10418376955352,-2.60767269592858,-3.83802426518852,0.566572531272998,0.587743446982968,"TSS_more_sig"
-1,"eld vs kin","1104",3.71244183435862e-05,9.63598233313097e-08,4.4303403420424,7.01610400492014,-2.9262038687658,-3.94991947897233,0.458694168122819,0.483590533878278,"TSS_more_sig"
-1,"eld vs kin","1105",2.72452878545086e-11,0,10.5647085992862,29.6072703982694,-4.61079405834971,-5.7819545980761,0.495718345128091,0.507494821740624,"TSS_more_sig"
-1,"eld vs kin","1112",4.99193650150173e-06,1.49106157494961e-09,5.30173094760905,8.82650442153113,-3.53582749999129,-4.75319714381909,0.52513441971782,0.538614805834535,"TSS_more_sig"
-0.9,"cent vs mage","7",3.6068913724176e-12,3.29148842103844e-05,11.4428669369913,4.48260766835193,4.14645624558636,2.89129028736629,0.420209814767055,0.415667415801964,"CLR_more_sig"
-0.9,"cent vs mage","14",1.28906452409132e-10,0.0421799388474842,9.88972534350349,1.37489405423663,2.6769009096768,1.41968077198973,0.263044658844869,0.259556855742631,"CLR_more_sig"
-0.9,"cent vs mage","21",9.87232671852583e-12,0.0341938103053512,11.0055804803667,1.46605250194146,2.83078566595833,1.58441076357527,0.264378428584534,0.260889384257638,"CLR_more_sig"
-0.9,"cent vs mage","24",5.25320749954187e-10,6.1319768712982e-05,9.27957544440416,4.21239949189439,4.44957013397673,3.20426426960393,0.481058145742112,0.493959450188821,"CLR_more_sig"
-0.9,"cent vs mage","26",1.08840667701926e-08,0.0459958883870503,7.96320880262939,1.33728098854938,3.06782758689175,1.79970211053595,0.370543883247338,0.370469770513628,"CLR_more_sig"
-0.9,"cent vs mage","39",1.49004819036806e-09,0.0110485100251766,8.82679968563303,1.9566962859132,3.59934413416401,2.32270702902423,0.422114071376799,0.416759119132128,"CLR_more_sig"
-0.9,"cent vs mage","42",1.13430908569873e-08,0.0340447038156638,7.94526858924988,1.46795043977268,3.42769919201589,2.13833219010322,0.413566910723753,0.407188953101163,"CLR_more_sig"
-0.9,"cent vs mage","100",0.0204791951624737,7.63529855161593e-07,1.68868711524332,6.11717397671046,-2.65367751664026,-3.94694963113745,0.560375156854666,0.565123313791422,"TSS_more_sig"
-0.9,"cent vs mage","114",9.45726514977689e-07,4.50828512253235e-11,6.02423443464239,10.3459886251843,-3.66744766012941,-4.93437299202052,0.458013813152315,0.486150461929301,"TSS_more_sig"
-0.9,"cent vs mage","132",5.82327291914764e-08,1.55014889813287e-14,7.23483285534925,13.8096265840673,-4.28692460878405,-5.58548023742477,0.48397290855493,0.49492923671616,"TSS_more_sig"
-0.9,"cent vs mage","142",5.01927041280219e-06,0.0336513620671065,5.29935940610629,1.4729973526508,3.54290676453069,2.4166459633051,0.53484793987174,0.523380513960941,"CLR_more_sig"
-0.9,"cent vs mage","143",5.16231411510498e-08,0,7.28715557315396,15.1106565797313,-3.87273145581076,-5.08230014406553,0.458841879094756,0.448479191933092,"TSS_more_sig"
-0.9,"cent vs mage","146",0.0351569457219685,6.38738875174256e-06,1.45398886151954,5.19467665083767,-1.97274888794016,-3.23142058339014,0.404047310227412,0.427182429733422,"TSS_more_sig"
-0.9,"cent vs mage","148",0.00820153503181132,3.54524352336532e-08,2.08610485573161,7.45035392769634,-2.69501304903738,-3.9167682373297,0.479785326761434,0.495269636725028,"TSS_more_sig"
-0.9,"cent vs mage","168",2.12925342188899e-06,0.0374397775516562,5.67177264613419,1.42666674028583,3.49295659171407,2.26260584171055,0.445405194488855,0.455592334475597,"CLR_more_sig"
-0.9,"cent vs mage","169",0.00893322086423384,6.63673614280803e-07,2.04899192841663,6.17804544829142,-2.33506294740087,-3.62585149030942,0.404317100551411,0.43590032137359,"TSS_more_sig"
-0.9,"cent vs mage","210",6.54978461356315e-08,0,7.18377298133326,15.1106565797313,-4.33407119873992,-5.49588591805289,0.454600545682393,0.459659693582915,"TSS_more_sig"
-0.9,"cent vs mage","219",5.2082088328253e-09,7.75074449066437e-15,8.28331161024529,14.1106565797313,-3.94933765462195,-5.15699552251905,0.45852520649219,0.460089910322624,"TSS_more_sig"
-0.9,"cent vs mage","287",0.0459341884305937,9.45312330840771e-06,1.33786395237523,5.02442467704638,-1.94744204890706,-3.33267075001025,0.415875547299035,0.474651817946879,"TSS_more_sig"
-0.9,"cent vs mage","289",0.0118183463103778,5.22991978126061e-08,1.92744328813512,7.28150497247556,-2.45113471595979,-3.73585336539117,0.467912169542578,0.483946957845809,"TSS_more_sig"
-0.9,"cent vs mage","353",1.7518317420634e-05,1.90321629631387e-09,4.75650760878582,8.72051185230282,-3.26234570552945,-4.42999810764886,0.454441466442681,0.446948503903538,"TSS_more_sig"
-0.9,"cent vs mage","453",0.0385320442371482,4.32579293533606e-05,1.41417794978891,4.36393427296748,-2.1657232022074,-3.37446204585121,0.460714483297717,0.452246355886753,"TSS_more_sig"
-0.9,"cent vs mage","464",0.0450873805069575,2.41535700130629e-05,1.34594499566305,4.6170186693685,-2.22462714837438,-3.37729145305898,0.482383573079515,0.468034453746172,"TSS_more_sig"
-0.9,"cent vs mage","675",0.00061387805855724,7.19517847475106e-10,3.2119178890465,9.1429584290188,-2.94005821693457,-4.15420680040803,0.466123748728607,0.467258079672168,"TSS_more_sig"
-0.9,"cent vs mage","770",0.0126694457684294,2.6478900519061e-09,1.89724238314162,8.57710005202759,-2.10941578077533,-3.35929553870877,0.33004166699045,0.352305962823583,"TSS_more_sig"
-0.9,"cent vs mage","917",0.0395892376706907,1.95558432009739e-06,1.40242286093029,5.70872345357351,-2.3497094656205,-3.52510101708871,0.475185252161113,0.490962100853997,"TSS_more_sig"
-0.9,"cent vs mage","921",4.53332559485533e-08,6.51062537215808e-14,7.34358308769823,13.1863772936694,-3.84670217909662,-5.07943379559507,0.46809168140976,0.473969228246627,"TSS_more_sig"
-0.9,"cent vs mage","1004",0.0366930082433381,2.49937985643098e-06,1.43541668154125,5.60216773466379,-2.26753387614626,-3.5665024952589,0.444612640127355,0.461213985380152,"TSS_more_sig"
-0.9,"cent vs mage","1019",0.000645903341170581,1.15968576755443e-10,3.18983246890445,9.9356596727598,-2.61497203876546,-3.90134397893502,0.409481976510434,0.387063746635614,"TSS_more_sig"
-0.9,"cent vs mage","1058",0.00563339883079565,1.18393244363627e-09,2.24922950069396,8.92667307818154,-2.60781000235375,-3.82908100730392,0.460666596353202,0.455610229926422,"TSS_more_sig"
-0.9,"cent vs mage","1074",1.11229836216863e-09,0.0369342882972573,8.9537787022656,1.43257026517019,3.3323748470661,2.02588556810558,0.37264565766783,0.381554172191997,"CLR_more_sig"
-0.9,"cent vs mage","1079",0.0481674574834694,2.69202027289499e-06,1.31724627729033,5.56992167387849,-2.08417274203795,-3.30155431880871,0.408568939327547,0.419760632667741,"TSS_more_sig"
-0.9,"cent vs mage","1087",8.04275118036626e-09,0.0253705443926306,8.0945953669142,1.59567021373299,3.97563206830844,2.53386269297241,0.484998258557281,0.497398351568984,"CLR_more_sig"
-0.9,"cent vs mage","1098",4.06771421931284e-14,2.93200431070007e-05,13.390649566402,4.53283539552072,4.49806340290429,3.25364208701407,0.43428910354253,0.437102012448256,"CLR_more_sig"
-0.9,"cent vs mage","1104",0.00950892616015985,1.32336904684602e-07,2.02186852502359,6.87831902757453,-2.3958165286661,-3.68106941961081,0.442025749821514,0.452143727186035,"TSS_more_sig"
-0.9,"eld vs kin","3",5.14649434180114e-12,0,11.2884885003633,31.7389733097151,-4.5714639171736,-5.69270764574512,0.430571780930132,0.446075467518897,"TSS_more_sig"
-0.9,"eld vs kin","4",3.29094574191777e-13,0.00011110167019913,12.482679277894,3.95427941223093,2.64164476140845,1.52368831925137,0.227952676133017,0.219690984116704,"CLR_more_sig"
-0.9,"eld vs kin","5",0.000141672089736478,9.20033945745419e-10,3.84871569998077,9.03619614854798,-2.63596262615404,-3.73631309554607,0.385333789405084,0.383927124325595,"TSS_more_sig"
-0.9,"eld vs kin","7",1.8240077962877e-31,1.20686175828487e-23,30.7389733097151,22.9183424739395,7.67788254653213,6.54773808600747,0.462050953208186,0.460005054349239,"CLR_more_sig"
-0.9,"eld vs kin","10",0.00396832119589524,5.94067974185592e-07,2.40139318330227,6.22616385952261,-2.57032320739921,-3.69084026154058,0.476516184548443,0.472716570049799,"TSS_more_sig"
-0.9,"eld vs kin","11",7.0825873462398e-11,2.71565575180857e-05,10.1498080608236,4.566125283937,3.33257064219793,2.21358834514125,0.348097863493871,0.347477665172867,"CLR_more_sig"
-0.9,"eld vs kin","12",0.0362546757951968,2.52159572418505e-06,1.44063597416614,5.59832454061361,-1.83236870949477,-2.94379496315386,0.379698745878713,0.370323230329963,"TSS_more_sig"
-0.9,"eld vs kin","14",8.05834186700224e-13,3.21127336592115e-05,12.0937543120527,4.4933227226933,2.96469976004521,1.86358993076409,0.280017313725188,0.276637810913238,"CLR_more_sig"
-0.9,"eld vs kin","15",1.26728357890731e-06,0.00740628992977703,5.89712619255597,2.13039929087722,3.09091612448308,1.97506845163198,0.44672973455879,0.432533518397934,"CLR_more_sig"
-0.9,"eld vs kin","16",3.02261970208563e-15,1.6122866219879e-06,14.5196164911534,5.79255774957646,3.12925648885737,2.02331402317567,0.261551899108611,0.267143773861107,"CLR_more_sig"
-0.9,"eld vs kin","21",9.12675010651772e-23,4.41493365439324e-14,22.0396838404358,13.3550758184165,4.21219584125338,3.10268413310768,0.295072581128933,0.292329872045738,"CLR_more_sig"
-0.9,"eld vs kin","23",2.42743652712465e-08,0.0228136927997044,7.61485211725102,1.64180441078961,2.54184115017169,1.40565467816568,0.301253700275138,0.30755038433104,"CLR_more_sig"
-0.9,"eld vs kin","25",8.22461952052102e-08,0.00265720072013995,7.08488418382908,2.57557563853037,3.16723853565335,2.04866103318018,0.417676013913283,0.42330866240717,"CLR_more_sig"
-0.9,"eld vs kin","29",7.17863863481031e-09,0.0087482157664269,8.14395790804841,2.0580805140417,2.56722486452993,1.45456203236449,0.291009343929667,0.292573031668684,"CLR_more_sig"
-0.9,"eld vs kin","31",6.71898329404389e-08,0.00121939706127814,7.17269643873071,2.91385485595361,3.66584179984253,2.63439982441175,0.515093953637558,0.54749475239129,"CLR_more_sig"
-0.9,"eld vs kin","33",6.37042914071496e-05,1.35561419989007e-09,4.19583131065259,8.86786389063017,-3.04775263636926,-4.15543603480131,0.454323156581453,0.45845628035231,"TSS_more_sig"
-0.9,"eld vs kin","38",0.0456116285132258,1.49869502088322e-05,1.34092442147356,4.82428673554614,-1.67276851982199,-2.77278374140841,0.371291262657854,0.379305792808199,"TSS_more_sig"
-0.9,"eld vs kin","57",0.0200719399134448,1.29727400885673e-05,1.69741065177806,4.8869682830015,-2.19658131718096,-3.35787730552952,0.459524912208292,0.480775836871096,"TSS_more_sig"
-0.9,"eld vs kin","65",0.000407900831634965,7.85925054243221e-11,3.38944540923523,10.1046188662767,-2.50757637935671,-3.60791193836309,0.372828987985774,0.364917188415008,"TSS_more_sig"
-0.9,"eld vs kin","67",1.26908106708642e-10,0,9.89651063490783,31.7389733097151,-5.23340307606568,-6.36487803917594,0.556970832959197,0.564816257509672,"TSS_more_sig"
-0.9,"eld vs kin","74",6.35742386153639e-09,0.000152290921691184,8.19671883236541,3.81732598489072,3.88552418002594,2.8190669167284,0.494633384927012,0.500702709769995,"CLR_more_sig"
-0.9,"eld vs kin","79",1.38351740121182e-06,2.31507792463809e-11,5.85901537414302,10.6354343862137,-3.63931193375217,-4.71000865566052,0.475467035311892,0.483307565812216,"TSS_more_sig"
-0.9,"eld vs kin","80",2.47557821757581e-06,0.0406801080786138,5.60632334728648,1.39061790191736,2.60797363923767,1.49121218438335,0.362645458078246,0.345566304907485,"CLR_more_sig"
-0.9,"eld vs kin","82",0.000220922669251594,2.59514672365808e-07,3.65575971814511,6.58583808310504,-3.60035315920029,-4.69780168328881,0.581067850087009,0.609734228691423,"TSS_more_sig"
-0.9,"eld vs kin","83",0.000190327257368386,1.17688745776468e-07,3.72049901057277,6.92926506545619,-3.23623193663755,-4.4234773305778,0.497971611618782,0.524427877811486,"TSS_more_sig"
-0.9,"eld vs kin","84",2.91454668784947e-07,2.66591590956562e-11,6.53542898336632,10.5741535535672,-3.61133148327823,-4.7622083268126,0.445569687244583,0.482856335026119,"TSS_more_sig"
-0.9,"eld vs kin","85",0.0186406823109381,9.77913780270473e-06,1.72953819506937,5.00969943396844,-2.09773709231774,-3.24617591803697,0.470889458713763,0.484272714969299,"TSS_more_sig"
-0.9,"eld vs kin","87",0.00870074841774198,4.65895570969394e-06,2.06044338879336,5.33171141814739,-2.70216156754522,-3.74594927088753,0.513608960187331,0.525238352808231,"TSS_more_sig"
-0.9,"eld vs kin","89",5.25315635648836e-17,6.93109985652313e-12,16.279579672536,11.1591978442167,5.0974063184437,3.82248309215595,0.45371066532805,0.42517524600289,"CLR_more_sig"
-0.9,"eld vs kin","91",2.84768168423978e-06,4.74257682608895e-10,5.54550855804934,9.32398562514647,-4.15840162548118,-5.15747862887732,0.559830328886631,0.577060559371987,"TSS_more_sig"
-0.9,"eld vs kin","100",3.14049476867824e-05,1.67212804791333e-06,4.50300192569123,5.7767304683008,-3.45950218397903,-4.67920675491947,0.532794408313165,0.578414636393438,"TSS_more_sig"
-0.9,"eld vs kin","102",0.00178984605990018,1.92711741996749e-05,2.74718431997588,4.71509182281712,-2.6729684221309,-3.74475890258271,0.525227246739216,0.538152214392213,"TSS_more_sig"
-0.9,"eld vs kin","108",0.0367797916356548,0.000187596340491209,1.43439073544981,3.72677563781184,-2.53586456827027,-3.63495801131251,0.635178466714355,0.639473185971086,"TSS_more_sig"
-0.9,"eld vs kin","110",0.0273719326161958,1.39130350513986e-05,1.56269453781391,4.85657812074157,-2.33418236549814,-3.40706221203481,0.509586983596717,0.530032077964484,"TSS_more_sig"
-0.9,"eld vs kin","111",0.000132455843895586,7.42614021468512e-10,3.87792887605593,9.12923685501706,-3.03560175568984,-4.17679711348384,0.443117921948742,0.45950265510284,"TSS_more_sig"
-0.9,"eld vs kin","115",0.00614355324436474,0.000196263601245444,2.2115803734716,3.70716023653858,-2.49602189232176,-3.60266433172706,0.542660710039085,0.560014264637696,"TSS_more_sig"
-0.9,"eld vs kin","118",0.0109977553712179,8.09012617200909e-07,1.95869594478433,6.09204470516399,-2.02221088414456,-3.12519803340275,0.388650926181124,0.383220256523455,"TSS_more_sig"
-0.9,"eld vs kin","119",2.71846220702433e-08,0.0130394502763691,7.56567670032822,1.88474071742096,2.61084584965272,1.4774960584512,0.316107068834833,0.316255228659273,"CLR_more_sig"
-0.9,"eld vs kin","121",8.5687474566958e-14,7.76924013029517e-08,13.0670826567701,7.10962145524766,4.7495717435192,3.64353679303251,0.482817313130542,0.494865111372953,"CLR_more_sig"
-0.9,"eld vs kin","125",0.000598842998733317,0.0406211839844822,3.22268702355583,1.39124742237795,3.01049187667713,2.10967434297492,0.527443274904059,0.54670775045202,"CLR_more_sig"
-0.9,"eld vs kin","126",0.0498648358145118,5.87289058741142e-05,1.30220560658397,4.23114809003497,-1.98073984174596,-3.05737661386142,0.499725937395053,0.521992894951129,"TSS_more_sig"
-0.9,"eld vs kin","128",0.00966677485618414,0.000670262548849952,2.01471839621579,3.17375504628164,-2.5516576994766,-3.56007063194952,0.56529712279065,0.589081721201394,"TSS_more_sig"
-0.9,"eld vs kin","130",0.00381477979247222,1.42629663816693e-07,2.41853052656215,6.84579014143972,-2.97749456820477,-4.17460376897347,0.579287860418768,0.599386970797738,"TSS_more_sig"
-0.9,"eld vs kin","133",0.0323758234326371,1.45987617043103e-05,1.48977917711292,4.83568398036572,-2.41537910182565,-3.42491419053081,0.464894177155622,0.497909320587375,"TSS_more_sig"
-0.9,"eld vs kin","138",9.63101646644557e-12,2.65072672292615e-06,11.0163278746125,5.57663504361462,4.09688679190695,2.88462392716387,0.442385703841983,0.43178641250207,"CLR_more_sig"
-0.9,"eld vs kin","139",4.88108836427378e-06,9.45208785147954e-10,5.31148333006748,9.02447225051454,-3.78354119886769,-4.81347287403491,0.54028029111765,0.542817509726939,"TSS_more_sig"
-0.9,"eld vs kin","147",0.00342774522669042,6.77471360324009e-05,2.46499146526529,4.16910905959178,-2.6542974153947,-3.77236577104963,0.558661969817761,0.552830780617822,"TSS_more_sig"
-0.9,"eld vs kin","151",5.98606925051705e-18,4.25106766542471e-10,17.2228582632821,9.37150198219197,5.59592288211743,4.43204276912572,0.480425505087744,0.483256866395707,"CLR_more_sig"
-0.9,"eld vs kin","162",0.00854935594211122,0.00245309986406752,2.06806660121601,2.61028477159359,-2.57810585199343,-3.69025551039538,0.601276280631664,0.604144048942728,"TSS_more_sig"
-0.9,"eld vs kin","163",0.00113007237232431,3.70424835640699e-05,2.94689374245055,4.43129990314528,-2.76587297755193,-3.88047817087554,0.555384221973107,0.58324412613665,"TSS_more_sig"
-0.9,"eld vs kin","164",2.63447835491624e-07,0.00251006711820601,6.57930536527455,2.60031466550032,3.37829704733436,2.29751791412878,0.473547176856999,0.459295937544301,"CLR_more_sig"
-0.9,"eld vs kin","169",4.83427655455396e-05,1.57331763483015e-08,4.31566850852473,7.80318358943768,-3.27592175874577,-4.36727032471019,0.49841981210385,0.521401289871517,"TSS_more_sig"
-0.9,"eld vs kin","172",0.00478614604538613,2.37995142100498e-08,2.32001405337457,7.62343190756735,-2.63885197541762,-3.71460687052892,0.446885245420139,0.459600811076473,"TSS_more_sig"
-0.9,"eld vs kin","181",0.00974871658730069,2.85198372898566e-05,2.0110525551467,4.54485295653122,-2.37063730455544,-3.51985473180333,0.464020117717282,0.497686688565691,"TSS_more_sig"
-0.9,"eld vs kin","200",0.0290297998181702,0.000868134519555608,1.53715595893801,3.06141297462278,-2.01129294111447,-3.00193187553076,0.502903831316685,0.541008552245365,"TSS_more_sig"
-0.9,"eld vs kin","203",0.0381569326908429,3.2226106388325e-05,1.41842654405657,4.49179216349834,-2.04607800682041,-3.20534406585459,0.431982460496963,0.44948411604718,"TSS_more_sig"
-0.9,"eld vs kin","207",4.96306161743125e-09,0.000835669911629725,8.30425033291385,3.07796523436318,3.78363908371912,2.68726647876039,0.4469495712759,0.470121412668152,"CLR_more_sig"
-0.9,"eld vs kin","216",0.0411434158702107,2.67332131739646e-05,1.38569965449839,4.57294883848044,-2.05994995013686,-3.2592788046683,0.506762705197158,0.511119525515058,"TSS_more_sig"
-0.9,"eld vs kin","222",5.77812519997034e-07,0.00630941736968824,6.2382130521306,2.20001074294476,3.51470348379831,2.43209556698581,0.505079100896234,0.509888813576138,"CLR_more_sig"
-0.9,"eld vs kin","246",3.12935476241255e-06,0.04977496124087,5.50454519983732,1.30298906948002,3.14109079130755,1.92665902994124,0.485437162150496,0.473155020212804,"CLR_more_sig"
-0.9,"eld vs kin","251",0.00399360469906343,0.000697327776629761,2.39863492532204,3.1565630352156,-2.74990553773493,-3.74047777102726,0.567801974046438,0.585963491225213,"TSS_more_sig"
-0.9,"eld vs kin","252",0.0364842338883534,1.84291561036358e-06,1.43789476881803,5.7344945512663,-2.25739781780635,-3.37487410657138,0.463932328362173,0.474248187347666,"TSS_more_sig"
-0.9,"eld vs kin","267",0.00308449450136503,2.05957835005406e-06,2.51081599962294,5.68622168205235,-3.05443347173783,-4.09356898136633,0.595013033296332,0.608219689739736,"TSS_more_sig"
-0.9,"eld vs kin","282",0.0012286844689816,1.22874765477657e-06,2.91055963133162,5.91053729806607,-2.79073546297973,-3.91410389753478,0.466386694248519,0.480228163358526,"TSS_more_sig"
-0.9,"eld vs kin","344",1.99094098047009e-07,0.00933779569084957,6.70094161402386,2.02975563257991,3.25835231099836,2.12226768486984,0.412603021704972,0.419983324490176,"CLR_more_sig"
-0.9,"eld vs kin","349",0.0229738673808977,2.05696238357065e-05,1.6387658902727,4.68677365033594,-2.07610891201979,-3.29808927306432,0.489867340741657,0.503241152955631,"TSS_more_sig"
-0.9,"eld vs kin","473",0.0115369289356351,2.51508400968687e-06,1.93790978249825,5.59944750391458,-2.50972608892782,-3.66043774266501,0.52877690646322,0.528827065341544,"TSS_more_sig"
-0.9,"eld vs kin","614",0.000616341437725681,4.87940834088219e-07,3.2101786329011,6.31163283575714,-2.67263488222988,-3.81404871247246,0.496528828730083,0.498626887505873,"TSS_more_sig"
-0.9,"eld vs kin","616",0.00371245469302448,2.00791991368902e-07,2.43033883779312,6.69725361310897,-2.50801901862247,-3.57648531455865,0.41327929357851,0.425806423421507,"TSS_more_sig"
-0.9,"eld vs kin","666",1.60874309425544e-07,3.25531268607904e-14,6.79351330435061,13.4874072893334,-3.77868236467394,-4.85533993087111,0.424483402808927,0.427583804638122,"TSS_more_sig"
-0.9,"eld vs kin","728",1.11024224538328e-14,7.48490906159137e-09,13.9545822515243,8.12581347177904,4.23238197125077,3.15088455373694,0.37984869027374,0.382281444359741,"CLR_more_sig"
-0.9,"eld vs kin","744",5.1935803162752e-05,1.62350952501743e-08,4.28453314783146,7.789545159055,-3.45471607652051,-4.62521363357349,0.521234203711675,0.522586909246293,"TSS_more_sig"
-0.9,"eld vs kin","770",0.00421441141405226,4.94023187909323e-07,2.3752630705003,6.306252666168,-2.4520225304784,-3.54662713616575,0.411577928477516,0.435937106474955,"TSS_more_sig"
-0.9,"eld vs kin","786",1.64312395407777e-06,1.47102501442086e-08,5.78432967299743,7.83237994213815,-3.57693699519187,-4.73612768070047,0.49222623165208,0.50322717519057,"TSS_more_sig"
-0.9,"eld vs kin","849",0.000155771818708394,4.56543774852653e-08,3.80751110947778,7.34051757461271,-2.65299569876536,-3.73565657205216,0.395725603627301,0.434233835773526,"TSS_more_sig"
-0.9,"eld vs kin","854",6.98287616714298e-07,0.00479118503950804,6.15596565957768,2.31955705600776,3.44176217588436,2.338457161898,0.462729414991028,0.465033602202662,"CLR_more_sig"
-0.9,"eld vs kin","879",0.000368972013686232,2.63349753645628e-07,3.43300657357691,6.57946708357342,-2.40160488015837,-3.58344924066864,0.40933484720206,0.4083028341652,"TSS_more_sig"
-0.9,"eld vs kin","886",1.1126671777327e-12,4.08831413726123e-07,11.9536347228979,6.38845574133774,4.80882486989317,3.68321391800284,0.517373056621446,0.522820729712301,"CLR_more_sig"
-0.9,"eld vs kin","888",2.35362561531996e-06,0.0305389116473745,5.62826261801408,1.51514644448857,2.95515306750206,1.80675708458163,0.43802385665987,0.441290600261013,"CLR_more_sig"
-0.9,"eld vs kin","891",0.00052816115884839,3.20950765088163e-07,3.27723354011898,6.49356158469953,-3.24084436887414,-4.3443840152664,0.560475291059992,0.581843505737214,"TSS_more_sig"
-0.9,"eld vs kin","895",0.00361045251749444,1.44711856814115e-07,2.44243836221222,6.83949588396055,-2.9839401640763,-4.06982660712337,0.492293594639175,0.498853007340626,"TSS_more_sig"
-0.9,"eld vs kin","914",0.00279570124884107,4.63573338601327e-07,2.55350923954722,6.33388154947998,-2.74774346939163,-3.84789295883128,0.553119269776472,0.562640804279814,"TSS_more_sig"
-0.9,"eld vs kin","917",0.0443224541587639,0.00218452301242208,1.35337620048855,2.66064337594169,-1.93259054836017,-3.11828329953217,0.515034504112927,0.533994322986758,"TSS_more_sig"
-0.9,"eld vs kin","935",0.0134508575976563,1.11502611619674e-05,1.87125002509977,4.9527149604299,-2.36960253088479,-3.44135510522352,0.53209120488103,0.550874481444118,"TSS_more_sig"
-0.9,"eld vs kin","947",2.46458415063233e-11,8.51789565243503e-08,10.608256348728,7.06966768450754,4.35289441775839,3.26273538953338,0.430621419676236,0.420960812593834,"CLR_more_sig"
-0.9,"eld vs kin","965",0.0171827530942565,6.44120657347455e-05,1.7649072504086,4.19103277252838,-2.62337022150028,-3.79549211554658,0.588352262956118,0.604743147837443,"TSS_more_sig"
-0.9,"eld vs kin","978",1.22188530954009e-22,1.35707390670429e-18,21.9129695565905,17.8673964998717,6.246986376201,5.06873727173816,0.414773540313815,0.406532143120649,"CLR_more_sig"
-0.9,"eld vs kin","984",1.23919045998084e-15,1.1363344000241e-11,14.9068619386911,10.9444938458131,5.15278034007737,4.01976860211055,0.416613626936299,0.416072221978965,"CLR_more_sig"
-0.9,"eld vs kin","988",3.99861802509721e-05,0.0260306638913844,4.39809008061659,1.58451475541408,3.31556337983093,2.1707319339918,0.533887009715368,0.524541965777247,"CLR_more_sig"
-0.9,"eld vs kin","991",6.29756682653148e-05,1.34744862811004e-06,4.20082721529632,5.8704877834352,-3.55420353951647,-4.66434789845273,0.56044954697601,0.577906460003836,"TSS_more_sig"
-0.9,"eld vs kin","1014",3.86071300360938e-06,1.04515713764351e-11,5.41333248161382,10.9808184091883,-4.19658930014874,-5.22052040375375,0.510137013326814,0.522313800646427,"TSS_more_sig"
-0.9,"eld vs kin","1021",5.26867215358704e-05,4.5321291601459e-09,4.27829882483163,8.34369772176995,-3.63016083456002,-4.73430929730898,0.543823814080558,0.547838608246322,"TSS_more_sig"
-0.9,"eld vs kin","1030",5.61213022785978e-12,8.58312792458167e-07,11.2508722598488,6.06635441461874,4.19598268587517,3.17338942048964,0.423433802643082,0.429082666864755,"CLR_more_sig"
-0.9,"eld vs kin","1047",0.0373177988274209,8.26505902678345e-07,1.42808398082312,6.08275404046945,-1.55777867849857,-2.67183846929072,0.273256696102835,0.291169849781026,"TSS_more_sig"
-0.9,"eld vs kin","1074",9.30443478947997e-22,5.22793684866373e-14,21.0313100035397,13.2816696671593,5.11705405240438,4.06111508139305,0.380295076732081,0.389188170040795,"CLR_more_sig"
-0.9,"eld vs kin","1076",4.34707237001745e-15,2.2607532278564e-09,14.3618031296188,8.6457468404097,4.73588141987867,3.64437856232077,0.447119755747237,0.42990908631449,"CLR_more_sig"
-0.9,"eld vs kin","1079",0.0157177471786222,5.41405238855041e-06,1.8036097011723,5.26647754613694,-2.28183462920042,-3.35161088266745,0.473690831477323,0.495168553279532,"TSS_more_sig"
-0.9,"eld vs kin","1082",4.47673982110583e-06,0.0312869762132931,5.34903814518356,1.50463640800555,2.96661263215321,1.93729249632231,0.487149050060186,0.491697934736994,"CLR_more_sig"
-0.9,"eld vs kin","1089",9.54393494528668e-14,1.14810738599183e-05,13.0202725296268,4.94001748914836,3.13320749641055,2.01448051524752,0.28180509362396,0.289948660770567,"CLR_more_sig"
-0.9,"eld vs kin","1098",3.31821017097885e-27,1.60135704535886e-23,26.4790961098109,22.7955118251443,7.13737576858675,5.96669786819791,0.45215746912205,0.436803154066821,"CLR_more_sig"
-0.9,"eld vs kin","1101",0.0420072558186544,3.40518229679628e-05,1.37667568841541,4.46785963312757,-2.57674582233504,-3.59105557445516,0.585275228634565,0.58394357153052,"TSS_more_sig"
-0.9,"eld vs kin","1104",0.00166333899116816,8.71130155608499e-07,2.77901923184441,6.05991695217996,-2.64493930551547,-3.7979490045655,0.455039869626136,0.470261079354876,"TSS_more_sig"
-0.9,"eld vs kin","1105",3.75618857755715e-10,1.16261167359966e-14,9.42525261232269,13.9345653206756,-4.38633142567518,-5.62890871947367,0.493739737119243,0.505459788657531,"TSS_more_sig"
-0.9,"eld vs kin","1112",0.00021678894168286,5.94105047499078e-07,3.66396287475634,6.22613675785444,-3.49383918571858,-4.52167148923036,0.540275798186253,0.544018422597337,"TSS_more_sig"
-0.8,"cent vs mage","7",3.78530241884782e-10,9.19116523987901e-06,9.42189941772529,5.03662942602742,4.05990493800499,2.93630374384879,0.419713642868928,0.416077076109026,"CLR_more_sig"
-0.8,"cent vs mage","14",1.02152632661531e-06,0.037330044648645,5.99075043631844,1.42794149063495,2.59853612718955,1.46087479700598,0.263111817662487,0.259081626508822,"CLR_more_sig"
-0.8,"cent vs mage","20",1.10640932412037e-06,0.0418849902679754,5.95608417292318,1.37794158113038,2.56921618629923,1.43996813504377,0.265241053768889,0.268877654898141,"CLR_more_sig"
-0.8,"cent vs mage","21",5.36846988038452e-08,0.00695900325330248,7.27014947914172,2.15745296047424,2.75387865090938,1.6210193583363,0.263998096364633,0.261112561637019,"CLR_more_sig"
-0.8,"cent vs mage","22",0.0268972668713537,2.43360372032662e-05,1.57029184798994,4.61375013937092,-1.71546341369333,-2.84823055768054,0.327411817120447,0.322427996694857,"TSS_more_sig"
-0.8,"cent vs mage","24",5.66161030352311e-10,1.19364855314299e-05,9.24706002703273,4.92312352404264,4.38768454283494,3.24963707147302,0.481337770378256,0.492587811388721,"CLR_more_sig"
-0.8,"cent vs mage","26",5.06913781086478e-06,0.0219752706392382,5.29506590177629,1.65806576761237,2.96288664950801,1.84016950958178,0.373071500482954,0.371908368286389,"CLR_more_sig"
-0.8,"cent vs mage","39",1.02853523202583e-06,0.0036566756670303,5.98778082714637,2.43691355819232,3.49873247691556,2.30861995403264,0.425075460440894,0.413746954640367,"CLR_more_sig"
-0.8,"cent vs mage","42",3.43242048309169e-06,0.00398771293300428,5.46439951502478,2.39927611317369,3.34806309040468,2.18986569743207,0.415580244516873,0.41067219348379,"CLR_more_sig"
-0.8,"cent vs mage","51",0.0250930416365542,0.000118612688931172,1.60044669277434,3.92586884859388,-1.86892483558488,-3.01247745256133,0.363813616571741,0.386525836477297,"TSS_more_sig"
-0.8,"cent vs mage","56",3.21016488248268e-05,0.0388349104804027,4.49347266051931,1.41077769161443,2.89670534103698,1.78899660624171,0.36881155426019,0.375760355020087,"CLR_more_sig"
-0.8,"cent vs mage","57",0.0237332430194899,7.24927004588066e-05,1.62464291373218,4.13970572184366,-2.06943792897065,-3.25323543638686,0.427074044787379,0.458287954330201,"TSS_more_sig"
-0.8,"cent vs mage","100",0.00580284530581333,5.72328147050676e-06,2.23635900684838,5.24235489499988,-2.81672278234154,-3.8366026325985,0.571507942504673,0.557106079150174,"TSS_more_sig"
-0.8,"cent vs mage","114",1.00146579154024e-07,4.43536353478269e-12,6.99936388091763,11.3530707783847,-3.7509520138766,-4.87591448573786,0.463419747256409,0.491816227049969,"TSS_more_sig"
-0.8,"cent vs mage","132",5.63294269215198e-10,4.65044669439862e-14,9.24926466712232,13.3325053293477,-4.37024995755643,-5.54097217195051,0.473908905136938,0.486056586287708,"TSS_more_sig"
-0.8,"cent vs mage","142",0.000483532297844872,0.0375374931730529,3.31557451163821,1.42553473377813,3.49762712656125,2.40223219057434,0.538370702664262,0.535751088382407,"CLR_more_sig"
-0.8,"cent vs mage","143",1.44018296295567e-08,1.11507377405691e-11,7.84158233099192,10.9526963984401,-3.86859527935919,-5.11651315879234,0.440664559886225,0.45456213108176,"TSS_more_sig"
-0.8,"cent vs mage","146",0.0292543273877002,0.000169486401443882,1.53380988268976,3.77086514120603,-2.10322622027522,-3.18302357619687,0.411608605058673,0.430400560470944,"TSS_more_sig"
-0.8,"cent vs mage","148",0.00108839685890068,1.03627867677957e-06,2.96321272025875,5.98452343811134,-2.80441672572797,-3.89419674151023,0.487978154410036,0.502675413971341,"TSS_more_sig"
-0.8,"cent vs mage","168",0.000120341044507431,0.0406444308912366,3.91958622334258,1.39099895311784,3.4892126296305,2.30439618300113,0.444977906656793,0.452719068740909,"CLR_more_sig"
-0.8,"cent vs mage","169",0.0014307673394207,5.83928262006697e-06,2.84443098218763,5.23364050447723,-2.43951870051556,-3.59337798219406,0.414181184067143,0.441601501219827,"TSS_more_sig"
-0.8,"cent vs mage","210",9.38651327960412e-09,7.75074449066437e-15,8.02749570109254,14.1106565797313,-4.39665707271039,-5.59367144218886,0.44886484741012,0.467466736625546,"TSS_more_sig"
-0.8,"cent vs mage","219",1.01738908297551e-06,1.82142495530613e-14,5.99251292684712,13.7395887174596,-3.97761283029337,-5.15108366531128,0.464310298645201,0.465229439193017,"TSS_more_sig"
-0.8,"cent vs mage","287",0.0288335587337257,2.17557333440738e-05,1.54010175223413,4.66242627288992,-2.11135717611427,-3.17825409335777,0.432344481008213,0.452685411732551,"TSS_more_sig"
-0.8,"cent vs mage","289",0.00868639572785913,0.000145358931068129,2.06116038928294,3.83755827937724,-2.52388259929244,-3.73019649528117,0.464592278659872,0.491112937430201,"TSS_more_sig"
-0.8,"cent vs mage","353",4.23886598080088e-05,1.05318715499122e-11,4.37275031419817,10.9774944463286,-3.3041565190263,-4.34212472859863,0.437348708466705,0.43772969187836,"TSS_more_sig"
-0.8,"cent vs mage","363",0.042712984997672,0.000359828162492456,1.36944007683546,3.44390484894926,-2.0748154254588,-3.21468788030648,0.427251605564386,0.458501388290483,"TSS_more_sig"
-0.8,"cent vs mage","372",0.0474635774242625,0.000605938581858467,1.32363953124586,3.21757139383987,-2.10406871081787,-3.18714474068072,0.467416406527987,0.464332538880752,"TSS_more_sig"
-0.8,"cent vs mage","464",0.0265164908376411,8.17730432511136e-06,1.57648395050433,5.08738983932051,-2.22587133225011,-3.37386511852176,0.486378081104993,0.4729777307199,"TSS_more_sig"
-0.8,"cent vs mage","531",0.0139221290392042,0.000156013420537931,1.8562943452373,3.80683804129379,-2.25649416488256,-3.38930010839043,0.461393566738203,0.467681745538035,"TSS_more_sig"
-0.8,"cent vs mage","546",0.0123731731917013,3.57256505412769e-05,1.90751890805731,4.44701985423988,-2.17696477339336,-3.20647739322249,0.427340720478806,0.430192104633006,"TSS_more_sig"
-0.8,"cent vs mage","675",0.000178303097119378,4.01470306523664e-07,3.74884111307718,6.39634657040972,-3.03535137797854,-4.10585963104777,0.459880437628118,0.469631108722224,"TSS_more_sig"
-0.8,"cent vs mage","769",0.0117150517657848,9.72871157348035e-05,1.93125578802775,4.01194467191857,-2.21200092058564,-3.26581522746302,0.448393963416831,0.452660319424203,"TSS_more_sig"
-0.8,"cent vs mage","770",0.00139107924436554,1.28446040692877e-05,2.85664812923843,4.89127927817644,-2.1741243232389,-3.26554840396482,0.327095406417899,0.351011848631795,"TSS_more_sig"
-0.8,"cent vs mage","816",0.0454089533448092,0.00020461172135471,1.34285850826887,3.68906949098622,-1.79290273212935,-2.93961352531942,0.388486785597242,0.413290360803537,"TSS_more_sig"
-0.8,"cent vs mage","819",0.0240450361934008,1.44085747013103e-05,1.61897456487496,4.84137897754623,-2.08366105755705,-3.1428398687761,0.419102856460476,0.435752185818484,"TSS_more_sig"
-0.8,"cent vs mage","837",0.0482094613901106,0.000727589225121731,1.31686772055204,3.13811374103355,-2.03488188001049,-3.09691110908731,0.440823736014427,0.454849938081934,"TSS_more_sig"
-0.8,"cent vs mage","849",0.0160270026954096,0.000163409572873522,1.79514769003245,3.78672250518201,-1.93102012928402,-3.07140196014825,0.377031142314388,0.416528722289632,"TSS_more_sig"
-0.8,"cent vs mage","884",0.0392954086303655,0.000106135138640609,1.40565819066743,3.97414080845252,-1.84198869219578,-2.94888528726793,0.39453355310152,0.390086622921702,"TSS_more_sig"
-0.8,"cent vs mage","912",0.0150443052657235,0.000116046092888404,1.82262786284109,3.93536947705702,-2.23976455946423,-3.31872069837505,0.456330001537957,0.462074509582135,"TSS_more_sig"
-0.8,"cent vs mage","917",0.0079494873204002,5.61285882382414e-06,2.09966087902916,5.25081588113775,-2.46357813928543,-3.58570146377009,0.47026524635327,0.503528397982367,"TSS_more_sig"
-0.8,"cent vs mage","921",5.15025890977232e-08,5.24777996355593e-11,7.2881709378988,10.2800243829725,-3.95157802700392,-5.06958750141051,0.475015982726034,0.475107415723333,"TSS_more_sig"
-0.8,"cent vs mage","925",0.022516563262418,0.000155873104486309,1.64749789579526,3.80722881477173,-1.88252661721597,-2.97271907105345,0.434422045781715,0.428743109252414,"TSS_more_sig"
-0.8,"cent vs mage","966",0.01575694505018,7.21484350327267e-05,1.80252797951497,4.14177308472326,-2.43583021981701,-3.61276495748806,0.523708228099401,0.527997237978922,"TSS_more_sig"
-0.8,"cent vs mage","978",2.00771596566996e-05,0.0140773145869997,4.69729772741714,1.85148018406319,3.25496644889741,2.12986862155983,0.444638836552245,0.439816611051088,"CLR_more_sig"
-0.8,"cent vs mage","1004",0.023364038779496,6.34933084164876e-05,1.63145208159228,4.19727204275413,-2.44176332786422,-3.53847087314732,0.462802217257117,0.46583771599166,"TSS_more_sig"
-0.8,"cent vs mage","1019",5.4348117728068e-05,3.36267032669508e-07,4.26481549250628,6.4733157084556,-2.71574439543446,-3.87311583402504,0.396109328060285,0.389082844032629,"TSS_more_sig"
-0.8,"cent vs mage","1058",0.00548020887261889,6.58294825988364e-08,2.26120288850521,7.18157955832663,-2.73675581824181,-3.9443229950185,0.46139197463042,0.469448434453301,"TSS_more_sig"
-0.8,"cent vs mage","1074",0.000371588457144093,0.00271217688876329,3.42993778519639,2.56668198910122,3.19213639928456,2.071185718238,0.373021658031085,0.371711748279629,"CLR_more_sig"
-0.8,"cent vs mage","1079",0.00935009194816702,2.44645152456545e-05,2.02918411828414,4.611463385186,-2.14512357659187,-3.23864709608061,0.400587879561994,0.41538716490008,"TSS_more_sig"
-0.8,"cent vs mage","1087",7.03672684178956e-06,0.00585908351720031,5.15262930749271,2.23217031137963,3.80690114632473,2.63225540538015,0.48554718069459,0.498492133490012,"CLR_more_sig"
-0.8,"cent vs mage","1098",5.13108245582305e-11,7.20493740956327e-06,10.2897910062331,5.14236978761881,4.44004047614283,3.30670655594086,0.436181180052011,0.443444171331211,"CLR_more_sig"
-0.8,"cent vs mage","1104",0.00264973347953851,1.28508159773865e-05,2.57679780688838,4.89106929542799,-2.44845797528265,-3.58518118578937,0.432176909735406,0.449865151742747,"TSS_more_sig"
-0.8,"eld vs kin","3",5.30150923161443e-12,0,11.2756004780112,30.3344099828935,-4.64152257894035,-5.55589178645801,0.432454256581094,0.446480690339104,"TSS_more_sig"
-0.8,"eld vs kin","4",4.91148819592593e-11,0.00404601519378062,10.3087868953819,2.39297249067972,2.58917728980961,1.67036828657987,0.227141701184792,0.220136244586319,"CLR_more_sig"
-0.8,"eld vs kin","5",0.000334081559970446,8.27650869376214e-11,3.47614749510145,10.0821528244219,-2.67729130275414,-3.59613709744947,0.38430004687111,0.384675238055207,"TSS_more_sig"
-0.8,"eld vs kin","7",4.63009622784957e-30,5.85020367522746e-22,29.3344099828935,21.2328290136635,7.65742269978571,6.71295316586,0.468371346210199,0.457805862787096,"CLR_more_sig"
-0.8,"eld vs kin","10",0.00454994595514029,4.97241464957318e-08,2.34199376191954,7.30343266271082,-2.62490000035883,-3.54345605750675,0.480493339029718,0.470935050966488,"TSS_more_sig"
-0.8,"eld vs kin","11",2.15691013515816e-09,0.000308444088508783,8.66616794883252,3.51082354881964,3.29001516250394,2.38733504806566,0.348715146088826,0.355785314416547,"CLR_more_sig"
-0.8,"eld vs kin","12",0.0383513641128431,5.01813200371665e-07,1.41621918409715,6.29945791860297,-1.87965207592067,-2.79416096016655,0.380988383934783,0.368992437491797,"TSS_more_sig"
-0.8,"eld vs kin","14",1.23582858703091e-10,0.000705277545436009,9.9080417629601,3.15163994296452,2.92281264589441,1.99934610707219,0.279243513187622,0.276855294909728,"CLR_more_sig"
-0.8,"eld vs kin","15",1.22114508628615e-05,0.0132093121900298,4.91323273373722,1.87911979554607,3.02847895911248,2.11469003901203,0.441675245102653,0.433031789119013,"CLR_more_sig"
-0.8,"eld vs kin","16",4.10546899477865e-13,3.35003526263017e-05,12.3866372233898,4.47495062153477,3.08177642920424,2.15684260428373,0.261325664267654,0.266177064643893,"CLR_more_sig"
-0.8,"eld vs kin","21",1.01163308905153e-20,8.63475332294933e-12,19.9949769739525,11.0637500648148,4.15778894862055,3.24011742830602,0.295603170774924,0.294377167828384,"CLR_more_sig"
-0.8,"eld vs kin","25",1.73818370534863e-06,0.00866666776645233,5.75990432569918,2.0621478516376,3.11578893849302,2.21201137731627,0.413003666613733,0.425459564076701,"CLR_more_sig"
-0.8,"eld vs kin","29",5.82192331127406e-07,0.0471006508639591,6.2349335195619,1.32697309149801,2.51212128290246,1.59228551990202,0.290749703367682,0.291440299798953,"CLR_more_sig"
-0.8,"eld vs kin","31",2.30847487013083e-06,0.00270123286980195,5.63667484878142,2.56843797423145,3.66210408683399,2.71217704302091,0.524154986558675,0.535673712781225,"CLR_more_sig"
-0.8,"eld vs kin","33",0.000230989359594928,3.84497381367248e-10,3.63640802519721,9.41510661363011,-3.13648007823709,-4.04461413873428,0.457476496848047,0.462072246607021,"TSS_more_sig"
-0.8,"eld vs kin","57",0.0115506979743397,4.28796431151063e-06,1.93739177185447,5.36774883790915,-2.2515880305597,-3.18290443623154,0.454536371705121,0.478978188925072,"TSS_more_sig"
-0.8,"eld vs kin","65",0.00163254032746246,9.69705163293665e-10,2.78713608185804,9.0133602919386,-2.5631752916734,-3.48295371193027,0.37683749778612,0.370450483518759,"TSS_more_sig"
-0.8,"eld vs kin","67",8.65306032845255e-11,0,10.0628302684076,30.3344099828935,-5.23282831095904,-6.18337138332804,0.552191618331444,0.565217995948545,"TSS_more_sig"
-0.8,"eld vs kin","74",5.23927021760461e-08,0.000357843217092412,7.28072920205057,3.44630721041107,3.92927699108002,2.93852397727879,0.503438822146785,0.498831243797517,"CLR_more_sig"
-0.8,"eld vs kin","79",1.29633596299329e-06,3.52908376473565e-12,5.88728243059073,11.4523380333003,-3.62991779813761,-4.54770704982654,0.469787116608436,0.485151164699952,"TSS_more_sig"
-0.8,"eld vs kin","82",0.000126986115024862,1.30599741321466e-09,3.89624376327828,8.88405768326593,-3.6650078097861,-4.73956787045662,0.58613584346621,0.598670007532516,"TSS_more_sig"
-0.8,"eld vs kin","83",4.27605157734031e-05,2.21964332695982e-08,4.36895706501162,7.65371680644036,-3.41061780570617,-4.1980631337998,0.496007160036652,0.525245413871161,"TSS_more_sig"
-0.8,"eld vs kin","84",9.46355446237823e-07,2.53241263778143e-10,6.02394571418373,9.59646552783693,-3.69986708431815,-4.5919659653455,0.452202388867513,0.48598045468133,"TSS_more_sig"
-0.8,"eld vs kin","85",0.0128477775737756,8.77475011124226e-06,1.89117199069227,5.05676524259477,-2.19410976344357,-3.09082688869635,0.470144756422636,0.480400883155835,"TSS_more_sig"
-0.8,"eld vs kin","87",0.0198460509819758,2.83874686615465e-07,1.70232589733193,6.54687333221298,-2.74313889457301,-3.64878780359247,0.510254810904827,0.530664204518658,"TSS_more_sig"
-0.8,"eld vs kin","89",1.07348284613863e-15,2.23246668841783e-10,14.9692048910385,9.6512150126832,4.97855555442194,4.11113523159817,0.445981854298767,0.44139884071742,"CLR_more_sig"
-0.8,"eld vs kin","91",2.76974867187695e-07,4.8090384602832e-11,6.55755963720595,10.3179417496424,-4.21068313721784,-5.15050660793023,0.562478751508422,0.581012996931682,"TSS_more_sig"
-0.8,"eld vs kin","100",0.000534123147347346,1.22182397197153e-08,3.27235860056037,7.91299135833903,-3.44478967836235,-4.48712823131749,0.541479299974751,0.56608088718731,"TSS_more_sig"
-0.8,"eld vs kin","102",0.0315230107625368,2.23152136058448e-06,1.50137230973858,5.65139895164686,-2.70248282185938,-3.61020832408713,0.529387244472776,0.54415218233502,"TSS_more_sig"
-0.8,"eld vs kin","108",0.0247875891842631,0.000451138353038401,1.60576571021826,3.34569025025786,-2.66917118287256,-3.71541906528701,0.625672969503041,0.645071469439583,"TSS_more_sig"
-0.8,"eld vs kin","110",0.0223693950894842,8.84119857485128e-06,1.6503457598842,5.05348885499159,-2.30081339892893,-3.22824587950892,0.49688792289155,0.532136816382795,"TSS_more_sig"
-0.8,"eld vs kin","111",8.01052527804294e-05,5.07989720889159e-10,4.0963390047802,9.29414507552372,-3.10877683140545,-4.0488468724399,0.444561869317533,0.465677417616825,"TSS_more_sig"
-0.8,"eld vs kin","115",0.0268838612992084,2.69952231670671e-05,1.570508353903,4.56871307790472,-2.48715258358673,-3.37400234659656,0.547235829141716,0.560915634723081,"TSS_more_sig"
-0.8,"eld vs kin","118",0.0164606388306231,4.92001513699468e-07,1.78355331400645,6.30803356107346,-2.09027829812268,-2.96593146846232,0.400545359112679,0.392314296016891,"TSS_more_sig"
-0.8,"eld vs kin","121",2.50909490123591e-11,1.51573661931758e-06,10.6004829120996,5.81937625695886,4.7185435383388,3.73777495883252,0.490103675930038,0.488862846153761,"CLR_more_sig"
-0.8,"eld vs kin","128",0.0149466722480568,3.5575908532873e-05,1.82545548862234,4.4488440001467,-2.63192321820007,-3.40335937141118,0.55560131309887,0.57555425201875,"TSS_more_sig"
-0.8,"eld vs kin","130",0.00212689152955409,9.62701887779169e-07,2.67225465834237,6.01650817656826,-3.12676004436017,-4.0943612150599,0.573918688510393,0.588689608096656,"TSS_more_sig"
-0.8,"eld vs kin","133",0.0110273546778034,1.70934089576341e-06,1.9575286567909,5.76717131680813,-2.36674520557321,-3.32052906624937,0.474410427574137,0.494424927774643,"TSS_more_sig"
-0.8,"eld vs kin","138",8.25348303738097e-11,1.29707701540555e-05,10.083362736942,4.88703423642738,4.04351068891389,3.08173461473705,0.428420365100864,0.438317931195026,"CLR_more_sig"
-0.8,"eld vs kin","139",9.1255274469217e-06,1.61749240803144e-10,5.03974202433258,9.79115774908757,-3.85975416178095,-4.82227281322083,0.53917369550464,0.535089742619991,"TSS_more_sig"
-0.8,"eld vs kin","147",0.0156079406179327,0.000207417877041241,1.80665439592986,3.68315381513225,-2.67525754168387,-3.53389160749039,0.565485217397848,0.553577148541925,"TSS_more_sig"
-0.8,"eld vs kin","151",1.44253633751233e-16,1.59585478625503e-09,15.8408732381498,8.79700662952498,5.38269169556414,4.60611317407422,0.46904306663557,0.486194980733544,"CLR_more_sig"
-0.8,"eld vs kin","162",0.0255749415153046,8.0431767950737e-06,1.59218535075791,5.09457238507328,-2.55821534767986,-3.74964315620993,0.611010060343167,0.592743216520343,"TSS_more_sig"
-0.8,"eld vs kin","163",0.0323771506690233,1.84495965072982e-05,1.48976137371634,4.734013127422,-2.75907255371411,-3.65427674990925,0.557406946302601,0.570493646743608,"TSS_more_sig"
-0.8,"eld vs kin","164",1.08151012538957e-05,0.00394791048784901,4.96596941022375,2.40363270277898,3.31586402498947,2.45180716001703,0.470259072324745,0.462559724546171,"CLR_more_sig"
-0.8,"eld vs kin","169",0.00041522966915572,3.05481581910666e-08,3.3817116226686,7.51501496910619,-3.29285455651337,-4.21616962292308,0.508149770654706,0.526508565258962,"TSS_more_sig"
-0.8,"eld vs kin","172",0.0163975743472109,2.25580495311901e-06,1.78522039131416,5.64669845408857,-2.61565117022287,-3.59698310765044,0.446910580764267,0.467148597043886,"TSS_more_sig"
-0.8,"eld vs kin","181",0.0169968551879611,2.38881532547172e-06,1.76963142573098,5.62181742338896,-2.42482674496714,-3.38284057422222,0.465846450847577,0.484374918069934,"TSS_more_sig"
-0.8,"eld vs kin","203",0.0453652561104702,1.55430669056753e-06,1.34327663296151,5.8084632835534,-2.0905772341633,-2.93257870407619,0.438284751860993,0.43516284869589,"TSS_more_sig"
-0.8,"eld vs kin","207",3.89998498636596e-08,0.00129173178983718,7.40893706485836,2.88882765219683,3.70774880330705,2.80408955539376,0.454471217094889,0.459921845271116,"CLR_more_sig"
-0.8,"eld vs kin","222",2.92365659523578e-05,0.0213872712537597,4.53407363976908,1.66984462239584,3.35168300228332,2.53320799813476,0.504238734025653,0.508898323024676,"CLR_more_sig"
-0.8,"eld vs kin","251",0.0297308349333739,1.8016828952825e-05,1.52679289429774,4.7443216445155,-2.68327333842523,-3.65338997130003,0.575398744414854,0.593881948386963,"TSS_more_sig"
-0.8,"eld vs kin","252",0.00504151048812475,3.07526034390188e-06,2.29743932498779,5.51211811204014,-2.3150505995042,-3.29684249952998,0.466157524854763,0.471711539763339,"TSS_more_sig"
-0.8,"eld vs kin","267",0.00306292012195694,1.76578290089299e-05,2.51386432903269,4.75306269302347,-3.13656744703026,-4.00117965025023,0.595896238162295,0.60073647856866,"TSS_more_sig"
-0.8,"eld vs kin","282",0.00176707062854762,7.4091306278364e-07,2.75274609170688,6.1302327482533,-2.87660510434861,-3.72645816335251,0.480241308782081,0.48542012899507,"TSS_more_sig"
-0.8,"eld vs kin","344",2.57034321837582e-06,0.0047070798186414,5.59000888137905,2.32724843723587,3.21025800002549,2.21090884862681,0.416822573045992,0.420832424014413,"CLR_more_sig"
-0.8,"eld vs kin","363",0.0106680898919961,0.000152886255572741,1.97191333349272,3.81563155577289,-2.22159111471734,-2.95198815374779,0.485606210306979,0.475127776277417,"TSS_more_sig"
-0.8,"eld vs kin","473",0.00344863033561395,3.98842666900007e-06,2.46235335588113,5.39919838845452,-2.53995834971273,-3.51550938296406,0.511925696586709,0.533107227344517,"TSS_more_sig"
-0.8,"eld vs kin","614",0.00148229608435562,7.14461122332654e-07,2.82906503862494,6.1460213985256,-2.86396584391165,-3.6245345209617,0.485482847093986,0.492912760032519,"TSS_more_sig"
-0.8,"eld vs kin","616",0.00286171601833714,1.5979216295235e-08,2.54337346554072,7.79644452458406,-2.50785641174598,-3.45298014306821,0.414741440016814,0.433921398880481,"TSS_more_sig"
-0.8,"eld vs kin","666",2.69569627430373e-08,3.87537224533219e-15,7.56932904159688,14.4116865753953,-3.7514371383188,-4.71265659394623,0.414026810467465,0.426892387803661,"TSS_more_sig"
-0.8,"eld vs kin","728",2.1362522173581e-11,4.36325620947189e-07,10.6703474734879,6.36018928458529,4.23159142094905,3.32404979188459,0.392339067946545,0.382135739412189,"CLR_more_sig"
-0.8,"eld vs kin","744",0.000746181352911391,4.18285327878096e-10,3.12715560818835,9.37852736882443,-3.47304176384071,-4.51167700207851,0.524611735509603,0.519724318082026,"TSS_more_sig"
-0.8,"eld vs kin","770",0.00217522035457135,1.2813040483889e-07,2.66249674150153,6.89234780166107,-2.5078771811123,-3.4654566288225,0.4284470286303,0.436950837369405,"TSS_more_sig"
-0.8,"eld vs kin","786",7.69171685134336e-05,3.1239906045456e-10,4.11397671145416,9.50529028094075,-3.62767147156952,-4.48482261475831,0.486468244822564,0.510006272858584,"TSS_more_sig"
-0.8,"eld vs kin","849",0.000525615889309837,5.10834449635525e-09,3.27933151457598,8.29171982248513,-2.68081555365938,-3.60402107937246,0.39535331905567,0.435738325501884,"TSS_more_sig"
-0.8,"eld vs kin","854",4.6357926397443e-06,0.00167841208522587,5.33387599838335,2.77510140204851,3.29590865938222,2.47359717486018,0.473127026638555,0.456343832410189,"CLR_more_sig"
-0.8,"eld vs kin","879",0.00117701730068266,2.2656695935587e-08,2.92921715352378,7.64480342375625,-2.47427078124429,-3.47495489485686,0.416012533433543,0.425551078107222,"TSS_more_sig"
-0.8,"eld vs kin","886",1.60935796600411e-10,1.21189254404023e-06,9.79334734597592,5.91653588643976,4.68404295155052,3.76466433382056,0.510438261457404,0.523735960961111,"CLR_more_sig"
-0.8,"eld vs kin","888",2.87438193221158e-05,0.0434994172426007,4.54145552568285,1.3615165612067,2.89751864188899,1.99418683738471,0.438424419281372,0.44701431382839,"CLR_more_sig"
-0.8,"eld vs kin","891",0.00114001572332116,1.99378487649471e-06,2.94308915874727,5.70032170258973,-3.26702202370701,-4.13424695622436,0.562022142065368,0.569906690570611,"TSS_more_sig"
-0.8,"eld vs kin","895",0.00155108759393499,3.02005865613499e-08,2.80936367575929,7.51998462201359,-3.01164688992476,-3.8790676279307,0.498161044011792,0.49677143619624,"TSS_more_sig"
-0.8,"eld vs kin","914",0.0255822659487269,8.96979569439359e-06,1.59206099052803,5.04721744879626,-2.7245708428503,-3.5340188591099,0.547772657552338,0.563216117456359,"TSS_more_sig"
-0.8,"eld vs kin","935",0.04715831528949,9.29926384436489e-05,1.32644171828321,4.03155143004653,-2.46340695133557,-3.30078303723205,0.539889092238948,0.534147088031313,"TSS_more_sig"
-0.8,"eld vs kin","947",1.71311619353523e-10,3.31601711210188e-07,9.76621317964989,6.47938323696608,4.42641299000745,3.42066428903395,0.432160738530988,0.441221730972118,"CLR_more_sig"
-0.8,"eld vs kin","965",0.0368370978027312,0.000258987531739037,1.43371459285924,3.58672114335997,-2.73121709473075,-3.62167862384411,0.600257789845238,0.598019810208717,"TSS_more_sig"
-0.8,"eld vs kin","978",1.08986832842916e-24,9.5644323999391e-19,23.9626259678308,18.0193407980244,6.10996453083599,5.16849204167698,0.406401206826924,0.396208101261303,"CLR_more_sig"
-0.8,"eld vs kin","984",1.59283940556285e-14,4.08144966670212e-11,13.7978280087524,10.3891855549427,4.91272156316416,4.06900493717794,0.422042578208028,0.41421410421457,"CLR_more_sig"
-0.8,"eld vs kin","988",6.63966206296817e-05,0.0421647461533151,4.17785402423484,1.37505050993539,3.24100909155212,2.33670670691761,0.540763570605968,0.52304319749934,"CLR_more_sig"
-0.8,"eld vs kin","991",0.0004527793141973,2.38169573430389e-09,3.34411342266603,8.62311372117109,-3.62537273556865,-4.5282292341906,0.564236119037688,0.554330777639553,"TSS_more_sig"
-0.8,"eld vs kin","1014",2.8109843631159e-08,2.29608407720363e-10,7.55114157026996,9.63901221313946,-4.18158503101408,-5.08864330210214,0.525571174593331,0.532124280958132,"TSS_more_sig"
-0.8,"eld vs kin","1021",5.77138389135282e-05,5.46034140551345e-10,4.23872003704965,9.2627802023694,-3.67656567562563,-4.63462962760812,0.551540395797898,0.560127832727667,"TSS_more_sig"
-0.8,"eld vs kin","1030",4.65627868757844e-11,6.13297736572382e-06,10.3319610341882,5.21232863811039,4.41209896439151,3.26072313175821,0.455499674709205,0.433615330732729,"CLR_more_sig"
-0.8,"eld vs kin","1047",0.0350371049604215,6.20868935023763e-08,1.45547178582748,7.20700006939427,-1.60261332755211,-2.52261281088059,0.274209931528035,0.291232480281308,"TSS_more_sig"
-0.8,"eld vs kin","1074",8.26759002031906e-18,3.20520853845893e-13,17.0826210676432,12.4941437089983,5.25046750995775,4.20069816365909,0.409181709888906,0.387017594170022,"CLR_more_sig"
-0.8,"eld vs kin","1076",5.02422624474617e-13,1.23572837358739e-09,12.2989308122182,8.90807698136392,4.59860668279878,3.69224172189624,0.433816548109424,0.415982042692877,"CLR_more_sig"
-0.8,"eld vs kin","1079",0.0115055642279876,8.57806987643396e-06,1.939092078856,5.06661042034618,-2.31976746954528,-3.20849112247722,0.476280673089861,0.506996615965491,"TSS_more_sig"
-0.8,"eld vs kin","1089",9.68727232927173e-12,0.000186927724915937,11.013798491175,3.7283262797607,3.08454145566486,2.16282321636889,0.281694376734894,0.28970000460972,"CLR_more_sig"
-0.8,"eld vs kin","1098",1.8887134345965e-29,4.73383795046337e-23,28.7238339304923,22.3247866129942,7.01212317662733,6.14882896393545,0.434677302225431,0.447474416830335,"CLR_more_sig"
-0.8,"eld vs kin","1101",0.0407788774120212,1.39617149086922e-05,1.38956473393981,4.85506123431745,-2.51935071025215,-3.55349508366933,0.58083646053625,0.588766521733811,"TSS_more_sig"
-0.8,"eld vs kin","1104",0.00254802085310294,7.87106160824953e-08,2.59379702203901,7.10396668828754,-2.66708474597914,-3.69380407275799,0.460761254681143,0.476890074282956,"TSS_more_sig"
-0.8,"eld vs kin","1105",7.18486318902557e-10,3.87537224533219e-15,9.1435814970937,14.4116865753953,-4.53818482539484,-5.37897895835456,0.50694030628069,0.495439045024185,"TSS_more_sig"
-0.8,"eld vs kin","1112",4.84059181844198e-05,5.44434727495648e-09,4.31510153757647,8.26405418053206,-3.4243295050225,-4.39426116888412,0.538972325111146,0.523054324786223,"TSS_more_sig"
-0.7,"cent vs mage","7",3.11515901176972e-12,5.02984553003774e-07,11.5065197800894,6.2984453522169,4.06616589504943,3.06029985425671,0.420744364945236,0.415325721072925,"CLR_more_sig"
-0.7,"cent vs mage","14",2.54067973312795e-10,0.00252710349933456,9.59505007674477,2.59737697087415,2.59339565533551,1.60101614193215,0.263678532237793,0.259525579111769,"CLR_more_sig"
-0.7,"cent vs mage","20",4.30988323702133e-10,0.00458320857310227,9.3655344955479,2.3388303783899,2.57044043935983,1.58211952624569,0.26557586283347,0.269133568608125,"CLR_more_sig"
-0.7,"cent vs mage","21",7.94010327477865e-12,0.000470821162151155,11.1001738487851,3.32714402501526,2.75544626958779,1.76956519177949,0.26476411553339,0.261144608034952,"CLR_more_sig"
-0.7,"cent vs mage","24",6.80879137871803e-11,4.13417459199075e-06,10.1669299723953,5.38361118645642,4.35468639597981,3.40613343594839,0.479621395026369,0.490798976846929,"CLR_more_sig"
-0.7,"cent vs mage","26",3.66920980499075e-08,0.00366253173486077,7.43542745462599,2.43621860357566,2.96683739027559,1.97627381991891,0.374389487886753,0.372225605988754,"CLR_more_sig"
-0.7,"cent vs mage","39",2.60064103965042e-09,0.000558457072490357,8.58491958831064,3.25301020463803,3.48649800575568,2.51407123789422,0.426122966390331,0.416591215951149,"CLR_more_sig"
-0.7,"cent vs mage","42",1.38864991803208e-08,0.000667167749385798,7.8574072271421,3.17576495547929,3.31971597708244,2.35489821916175,0.41561704714314,0.411893298840938,"CLR_more_sig"
-0.7,"cent vs mage","51",0.0472475205879993,7.62466476027744e-06,1.32562097706378,5.11777924653361,-1.91086610467558,-2.88676344549462,0.375279613490904,0.391628609575847,"TSS_more_sig"
-0.7,"cent vs mage","56",7.83797042929379e-07,0.00714071624234168,6.10579637933951,2.14625822456894,2.86661746484485,1.89138489462533,0.373328977421226,0.372116988103046,"CLR_more_sig"
-0.7,"cent vs mage","57",0.0431866445796371,1.68775190403992e-05,1.36465053749354,4.77269139338887,-2.13470921418203,-3.07785423092285,0.423136255511869,0.4554493615413,"TSS_more_sig"
-0.7,"cent vs mage","100",0.021944283641443,1.10867904398227e-05,1.65867859188195,4.95519416133659,-2.73483798773133,-3.76497725262391,0.55640814723536,0.571220402745015,"TSS_more_sig"
-0.7,"cent vs mage","106",6.99567958750417e-08,0.032567055552486,7.15517009006894,1.48722150502473,2.64093878916858,1.65969936317432,0.32387993444117,0.335425173698727,"CLR_more_sig"
-0.7,"cent vs mage","114",1.23094944669806e-07,4.89057214038083e-12,6.90975978254464,11.3106403304725,-3.82268997431877,-4.6867231148162,0.46641491185948,0.477194731580285,"TSS_more_sig"
-0.7,"cent vs mage","132",1.10760854115747e-08,0,7.95561370391666,14.8096265840673,-4.32749492447429,-5.3164133622229,0.4731182493894,0.478007277575912,"TSS_more_sig"
-0.7,"cent vs mage","142",2.84958936618435e-05,0.0320773772524127,4.54521771853498,1.49380114822357,3.48426288035171,2.56087688092433,0.54506023128555,0.537471019087319,"CLR_more_sig"
-0.7,"cent vs mage","143",1.61711206045621e-08,9.24922175885949e-14,7.79125988389602,13.0338948078071,-3.99231450288364,-4.83979099030961,0.453757144198965,0.434909002999689,"TSS_more_sig"
-0.7,"cent vs mage","146",0.0276473438125042,5.61969601845518e-06,1.55834658670953,5.25028717572596,-2.05586195869647,-3.00231460914222,0.401694114209385,0.41556093125227,"TSS_more_sig"
-0.7,"cent vs mage","148",0.00597380687075421,8.60141621210488e-07,2.2237488219598,6.06543003684181,-2.77802153959386,-3.7246719995802,0.477496044761115,0.502460734205667,"TSS_more_sig"
-0.7,"cent vs mage","168",4.17542751301312e-08,0.00715424261204615,7.37929905142895,2.14543633630247,3.46916535091236,2.38909022598301,0.450630675565318,0.446591130422761,"CLR_more_sig"
-0.7,"cent vs mage","169",0.00460611164377757,5.94405828608434e-08,2.33666553973503,7.22591694063364,-2.50177743588665,-3.45194385432245,0.417019121261138,0.439309665295017,"TSS_more_sig"
-0.7,"cent vs mage","210",1.29011400405258e-09,2.94528290645246e-14,8.8893719105199,13.5308729831145,-4.40534085391797,-5.32385722576816,0.462375945792219,0.457549948800173,"TSS_more_sig"
-0.7,"cent vs mage","219",1.34502745669018e-09,2.37297506886784e-10,8.87126885010966,9.62470682457659,-4.05711253242184,-4.88060491371208,0.461118948309213,0.458178403496998,"TSS_more_sig"
-0.7,"cent vs mage","287",0.0225450355318553,2.40551151451254e-05,1.64694907589183,4.61879255990991,-2.01883319687663,-3.02482128249857,0.418157801083388,0.447847888638678,"TSS_more_sig"
-0.7,"cent vs mage","289",0.0216432831094426,2.87295930710929e-06,1.66467685963917,5.54167052535614,-2.52838212889558,-3.62371841210516,0.4694474624646,0.490930931175196,"TSS_more_sig"
-0.7,"cent vs mage","353",5.90971726304957e-05,3.52874612034162e-11,4.22843329645118,10.4523795863272,-3.21788239659346,-4.30186154060416,0.434651427754931,0.450421240396744,"TSS_more_sig"
-0.7,"cent vs mage","363",0.0471218139262672,4.63830512326761e-06,1.32677799999078,5.33364068541068,-2.07770388543122,-2.9979451781499,0.423102013176425,0.433532350296709,"TSS_more_sig"
-0.7,"cent vs mage","372",0.0422762705633567,0.000138239858789468,1.37390333132661,3.85936671849211,-2.08824960677415,-3.17375230017462,0.481913047316921,0.470104935043968,"TSS_more_sig"
-0.7,"cent vs mage","453",0.0223436266422103,0.000180902286100438,1.65084633422535,3.74255594483432,-2.024175910625,-2.986260960223,0.45339663931075,0.457060940944146,"TSS_more_sig"
-0.7,"cent vs mage","464",0.0316238029105154,3.076377663147e-05,1.49998590531644,4.51196035061547,-2.15587286470398,-3.18377344600099,0.463667096098005,0.46740145485217,"TSS_more_sig"
-0.7,"cent vs mage","488",0.0225812403383915,4.33522278426467e-05,1.64625220690508,4.3629885795048,-2.1447330898226,-3.14657653657442,0.464232164882898,0.459764974880161,"TSS_more_sig"
-0.7,"cent vs mage","531",0.0222104839022597,0.000244934162533574,1.65344197932673,3.61095063682264,-2.20070830718503,-3.1054810575708,0.455964161266083,0.455856564682189,"TSS_more_sig"
-0.7,"cent vs mage","546",0.0256394537472883,8.20481770732967e-06,1.59109123176888,5.08593106355425,-2.14902995154054,-3.22286296643748,0.422268339800604,0.4422768244671,"TSS_more_sig"
-0.7,"cent vs mage","675",9.64223667483887e-05,1.1721771607848e-08,4.01582221268759,7.93100674485661,-3.10246553433767,-4.00932369276084,0.471322667918692,0.471700445202107,"TSS_more_sig"
-0.7,"cent vs mage","770",0.00553312593023454,9.34936051558169e-09,2.25702944542228,8.02921809330416,-2.19014007406338,-3.15231549157224,0.328347597273612,0.350634509853185,"TSS_more_sig"
-0.7,"cent vs mage","849",0.0445657060795116,1.07996911970237e-05,1.35099920831475,4.96658866241546,-1.95286321578597,-2.9470136698945,0.379528903033221,0.417802633534415,"TSS_more_sig"
-0.7,"cent vs mage","854",1.50751153435768e-06,0.0236814769867155,5.82173935627655,1.6255912146528,3.29003887864319,2.29289272565335,0.45434661352861,0.466635550531959,"CLR_more_sig"
-0.7,"cent vs mage","917",0.011510097536322,1.29033185544621e-05,1.9389209961524,4.88929858082147,-2.39197264213897,-3.43052318805768,0.47353921224081,0.494998483995353,"TSS_more_sig"
-0.7,"cent vs mage","921",2.2726842834648e-08,1.55014889813287e-14,7.64346089136365,13.8096265840673,-3.85892768607257,-4.92988192394747,0.463670638845392,0.471558712410072,"TSS_more_sig"
-0.7,"cent vs mage","966",0.02725194241357,1.06652622948015e-05,1.56460253744493,4.9720284593159,-2.47248951987904,-3.47613169526382,0.533175010508226,0.536505761755862,"TSS_more_sig"
-0.7,"cent vs mage","978",4.75282642216857e-08,0.00431953741966981,7.32304804627139,2.36456275939839,3.21632842397138,2.2740833830917,0.44519395014793,0.444674394057001,"CLR_more_sig"
-0.7,"cent vs mage","1004",0.0278838621709608,0.000239554223620673,1.55464707263396,3.62059616761952,-2.53531980676802,-3.49583551475943,0.461678284948071,0.457636764761857,"TSS_more_sig"
-0.7,"cent vs mage","1019",0.00024837631067873,1.36350575889734e-09,3.60488982810945,8.86534302343408,-2.75616711169208,-3.72669268293838,0.394138291196615,0.389804619342079,"TSS_more_sig"
-0.7,"cent vs mage","1043",3.39278542787878e-07,0.0437410480575934,6.46944360585294,1.35911081525868,2.70245470225521,1.722730565432,0.312860002792926,0.333125124734956,"CLR_more_sig"
-0.7,"cent vs mage","1058",0.00562831798272093,5.0341890201409e-08,2.2496213742366,7.29807048190188,-2.64508929590785,-3.76990164035761,0.461608398631376,0.460181096189806,"TSS_more_sig"
-0.7,"cent vs mage","1074",2.3017358801185e-08,0.00164514386083813,7.63794451232568,2.78379611884691,3.20369445899297,2.23734327460341,0.380102319216749,0.381968083848489,"CLR_more_sig"
-0.7,"cent vs mage","1079",0.0320541406423876,3.28988492125303e-06,1.49411586187093,5.48281929321686,-2.17393391294964,-3.05745231181793,0.410981010562447,0.408920803572676,"TSS_more_sig"
-0.7,"cent vs mage","1087",1.71092638134198e-07,0.000396380420704054,6.76676867711278,3.4018878057261,3.77985695971783,2.84386631916319,0.492092672084949,0.501137654518823,"CLR_more_sig"
-0.7,"cent vs mage","1098",9.75710818463975e-14,1.74075580655517e-07,13.010678879623,6.75926214749481,4.43734087697411,3.41928538205539,0.438559140135003,0.441379181219504,"CLR_more_sig"
-0.7,"cent vs mage","1104",0.0153989771353171,2.64345046392354e-06,1.81250812586749,5.5778288235022,-2.43422112730626,-3.39777922947756,0.429329982569803,0.449063002137897,"TSS_more_sig"
-0.7,"eld vs kin","3",1.70516378794616e-13,0,12.7682338989091,29.1441557983981,-4.60437223889642,-5.4847429095256,0.431034818722985,0.446178124895323,"TSS_more_sig"
-0.7,"eld vs kin","4",7.33415970405244e-13,0.002330678493281,12.1346496373488,2.63251763133746,2.62274035387646,1.73148404525161,0.228200893295873,0.220537709431921,"CLR_more_sig"
-0.7,"eld vs kin","5",3.75281723529758e-05,7.05864382780123e-08,4.42564258550285,7.15127873162225,-2.65482401155212,-3.5488110906815,0.384273397311771,0.38557442264391,"TSS_more_sig"
-0.7,"eld vs kin","7",7.17536836597818e-29,1.09710525434874e-21,28.1441557983981,20.9597517049777,7.71089922129049,6.78993798885042,0.473763510680099,0.462917664812353,"CLR_more_sig"
-0.7,"eld vs kin","10",0.00142120629097572,7.64262103393869e-06,2.84734287877208,5.1167576747536,-2.60000178031487,-3.47795724084475,0.480908281984716,0.470339793753903,"TSS_more_sig"
-0.7,"eld vs kin","11",3.58024586267333e-09,0.000170606346661288,8.44608714845781,3.76800481684548,3.31216954825432,2.42219865994135,0.351315635629711,0.346110179910841,"CLR_more_sig"
-0.7,"eld vs kin","12",0.0209578455323859,0.00020610968903771,1.67865336488909,3.685901591934,-1.844574160015,-2.73528742572693,0.380151232438449,0.369009682904092,"TSS_more_sig"
-0.7,"eld vs kin","14",4.31714889796944e-12,0.000372378078518399,11.3648029723186,3.42901589336931,2.94127616927546,2.05142873891585,0.278274972743366,0.275869320106866,"CLR_more_sig"
-0.7,"eld vs kin","15",3.85775869385021e-06,0.0232226045563494,5.4136649413388,1.63408907309806,3.07485189398417,2.1570611410891,0.451869456586363,0.427781076959426,"CLR_more_sig"
-0.7,"eld vs kin","16",5.1481539436403e-15,2.01478712570312e-05,14.2883484750012,4.69577083290563,3.11558009867728,2.23555751878472,0.262893346414609,0.268180233998151,"CLR_more_sig"
-0.7,"eld vs kin","21",1.47559301477672e-21,3.39769786303292e-12,20.8310334093216,11.468815242963,4.1837765466692,3.30324986999921,0.29546488243389,0.294077690317213,"CLR_more_sig"
-0.7,"eld vs kin","25",2.58736999664667e-07,0.00894446898025364,6.58714146227218,2.04844543774515,3.14418558420167,2.26254191120363,0.416198689967264,0.423137955747278,"CLR_more_sig"
-0.7,"eld vs kin","29",3.72412839082295e-08,0.046964542514699,7.4289753549558,1.32822990380349,2.54253622178309,1.64983728489573,0.29000982366258,0.291320287652782,"CLR_more_sig"
-0.7,"eld vs kin","31",6.16906276278579e-07,0.0049135776315377,6.2097808113101,2.30860217796911,3.67149766601337,2.76923282458861,0.515165800483562,0.526976234533974,"CLR_more_sig"
-0.7,"eld vs kin","33",3.01418174088917e-05,8.32289065841922e-08,4.5208305653307,7.07972581085271,-3.09049606360028,-3.96768285921981,0.451805326725011,0.460156887189971,"TSS_more_sig"
-0.7,"eld vs kin","38",0.049672587921778,0.000718382688808627,1.30388321284816,3.14364414160449,-1.69549204383874,-2.57200123768941,0.370104528879959,0.379286858314644,"TSS_more_sig"
-0.7,"eld vs kin","57",0.00910486761283563,0.00050942171230883,2.04072636457889,3.29292254870307,-2.2282116949618,-3.1145579510925,0.454123099218435,0.479643867710446,"TSS_more_sig"
-0.7,"eld vs kin","62",0.0494605967825014,0.000386009620137815,1.30574064782544,3.41340187169947,-1.50025330921877,-2.4118014117233,0.307014824015872,0.31833677273308,"TSS_more_sig"
-0.7,"eld vs kin","65",8.77721625075573e-05,4.30401644160588e-07,4.05664320147787,6.36612607830703,-2.58666283999068,-3.41733780652303,0.376341477180604,0.366362732172633,"TSS_more_sig"
-0.7,"eld vs kin","67",4.57229335411776e-12,2.55774568191924e-13,11.3398659134501,12.5921426398534,-5.27443879392391,-6.1927856394877,0.557978424446946,0.572394809688318,"TSS_more_sig"
-0.7,"eld vs kin","74",8.54997684627721e-09,0.000556931908992465,8.06803506135927,3.25419789882356,3.86624169788795,3.02001265450315,0.49377659912822,0.498641110342011,"CLR_more_sig"
-0.7,"eld vs kin","79",3.9181216888044e-07,5.56261621744251e-10,6.40692207983808,9.25472090238104,-3.5929769921763,-4.47593952279379,0.469603325542995,0.486357161437932,"TSS_more_sig"
-0.7,"eld vs kin","82",0.000154978374765125,8.18127486255001e-08,3.80972889779998,7.08717901630051,-3.69978549026549,-4.61297449507955,0.580693338530489,0.612141647057248,"TSS_more_sig"
-0.7,"eld vs kin","83",1.54176921580378e-05,7.68363117055739e-08,4.81198063004903,7.11443349030125,-3.25562425711654,-4.19026933162266,0.489632122268116,0.518163953377149,"TSS_more_sig"
-0.7,"eld vs kin","84",2.7314360781257e-06,1.61283622541328e-09,5.56360895851829,8.79240973057161,-3.59019290137039,-4.50654397105233,0.450309869422079,0.48508054983189,"TSS_more_sig"
-0.7,"eld vs kin","85",0.0238794293498171,0.000309436899375043,1.62197605581682,3.50942789930035,-2.16100551159409,-3.03047679691129,0.475986910686001,0.487108565330529,"TSS_more_sig"
-0.7,"eld vs kin","87",0.00353421810489041,5.48257722792498e-05,2.45170665267092,4.26101524210818,-2.6555819473731,-3.65256494268373,0.505273825846304,0.529450104646499,"TSS_more_sig"
-0.7,"eld vs kin","89",2.10429050102456e-16,4.90600970548888e-10,15.6768943052583,9.30927159697022,5.03980187206611,4.14405940382287,0.446823802073785,0.445342864107151,"CLR_more_sig"
-0.7,"eld vs kin","91",6.80136550877178e-07,3.79015153830737e-09,6.16740388532479,8.42134342566913,-4.12131453997809,-5.01964408437313,0.56880979864859,0.585395287315113,"TSS_more_sig"
-0.7,"eld vs kin","100",4.3552113384074e-05,2.670208668383e-06,4.36099076582803,5.57345479856568,-3.56809289679541,-4.34767864009597,0.553275222188678,0.565238520052318,"TSS_more_sig"
-0.7,"eld vs kin","102",0.00408571610454306,3.6828768131478e-05,2.3887318135513,4.43381280741847,-2.66553927798254,-3.56709362624312,0.522009530242679,0.543845253903591,"TSS_more_sig"
-0.7,"eld vs kin","108",0.0207136378810011,0.000833398991658727,1.68374362042578,3.07914702933748,-2.5967469014446,-3.49253932505732,0.643380924956497,0.652736125106122,"TSS_more_sig"
-0.7,"eld vs kin","110",0.0230503283418919,0.00055932159989413,1.63732288389445,3.25233840875383,-2.27920831427017,-3.11014679566168,0.491609076346414,0.52804023982412,"TSS_more_sig"
-0.7,"eld vs kin","111",5.33372620586419e-05,3.84886930764772e-07,4.2729692815472,6.41466683557495,-3.09216027072069,-3.97901390573658,0.447129032353341,0.460603853703899,"TSS_more_sig"
-0.7,"eld vs kin","115",0.00437727798152016,9.41452971636252e-05,2.35879587239378,4.02620136940088,-2.55268764812306,-3.32692637573869,0.55221137896941,0.564909356687856,"TSS_more_sig"
-0.7,"eld vs kin","118",0.0182883485205537,7.9643713411571e-06,1.73782551053196,5.09884849906455,-2.05794872757267,-2.92800497817411,0.406582398049568,0.394693962651907,"TSS_more_sig"
-0.7,"eld vs kin","121",5.80210270962618e-13,2.45231558661862e-07,12.2364145875242,6.6104236415322,4.70921400528754,3.89928384491106,0.483404480874684,0.505961688451106,"CLR_more_sig"
-0.7,"eld vs kin","128",0.00917951268907114,0.00018913135001993,2.03718037348992,3.72323647743633,-2.51755424234662,-3.39225958943262,0.551985824375026,0.578096158245215,"TSS_more_sig"
-0.7,"eld vs kin","130",0.000585306305048095,3.31727878857313e-05,3.23261679754506,4.47921802825409,-3.13728804757162,-3.99345934650235,0.576192147989851,0.579435539555664,"TSS_more_sig"
-0.7,"eld vs kin","133",0.0169286218588474,5.48519431831143e-05,1.77137839590522,4.26080798251488,-2.24165891305814,-3.25212339237828,0.466799267402329,0.489015635424752,"TSS_more_sig"
-0.7,"eld vs kin","138",2.78930668335773e-11,5.22350037012712e-05,10.5545037325724,4.2820383701851,4.01446351065316,3.07981132073003,0.428888757459919,0.43002254220435,"CLR_more_sig"
-0.7,"eld vs kin","139",2.97468399626595e-06,1.47531205498986e-09,5.52655916303365,8.83111610888834,-3.68805458455289,-4.69809044628553,0.537174829960884,0.528806948827063,"TSS_more_sig"
-0.7,"eld vs kin","145",0.0473593380986495,0.00278216931444281,1.3245943760088,2.55561644368592,-2.19892666753119,-3.11696644194503,0.520950819983351,0.539270913887308,"TSS_more_sig"
-0.7,"eld vs kin","147",0.0269678114766188,0.00457341087095871,1.56915429649088,2.33975978025621,-2.57760640838111,-3.39062923898561,0.572451995693054,0.549540539042167,"TSS_more_sig"
-0.7,"eld vs kin","151",1.4867306294035e-14,1.04722054597416e-09,13.8277677112097,8.97996184572041,5.48754509977103,4.71804861762427,0.487706870644776,0.491216548550465,"CLR_more_sig"
-0.7,"eld vs kin","162",0.030032930234963,0.000114231686473931,1.52240229274968,3.94221341139665,-2.65758610071585,-3.5558112101252,0.604539616757435,0.593707085649408,"TSS_more_sig"
-0.7,"eld vs kin","163",0.0115187614439805,3.91543827241085e-05,1.93859421596164,4.40721961837323,-2.8289989566312,-3.72524664189217,0.573273726717941,0.579277255177623,"TSS_more_sig"
-0.7,"eld vs kin","164",2.90266659896447e-07,0.00886388232823939,6.53720284448015,2.05237601801902,3.3741337053512,2.45459028608726,0.471458501148001,0.461908447440206,"CLR_more_sig"
-0.7,"eld vs kin","169",0.000103026446332406,2.34084477408322e-07,3.98705127993588,6.6306273842505,-3.23075506069784,-4.13487696674103,0.50061777161713,0.532182009048421,"TSS_more_sig"
-0.7,"eld vs kin","172",0.00155926843917003,5.67590136647007e-06,2.80707911148562,5.24596516014373,-2.66733940415152,-3.50741091482776,0.447542208925743,0.453423947521478,"TSS_more_sig"
-0.7,"eld vs kin","181",0.0115906127404643,0.000189079712618184,1.93589360434974,3.7233550664518,-2.43591895373282,-3.27075633707609,0.467481120320564,0.49865586696351,"TSS_more_sig"
-0.7,"eld vs kin","200",0.0464934083023559,0.000203221874778673,1.33260861573024,3.6920295464651,-2.03680874035942,-2.96240918025178,0.513623910828406,0.536544422636215,"TSS_more_sig"
-0.7,"eld vs kin","203",0.0289627559921968,0.00010405036879759,1.53816011460008,3.98275637613016,-1.9906479424843,-2.91681689563835,0.431280309545401,0.445473734146739,"TSS_more_sig"
-0.7,"eld vs kin","207",9.95636755059287e-07,0.000106454951299911,6.00189907929447,3.97283413439267,3.68362263853526,2.9423740612066,0.457509194504306,0.46491465043657,"CLR_more_sig"
-0.7,"eld vs kin","216",0.0400445635204406,7.05691327095715e-05,1.39745643571792,4.15138521998633,-2.24863626031625,-3.16708646997227,0.519654448827613,0.51759765393482,"TSS_more_sig"
-0.7,"eld vs kin","222",1.10075618984912e-06,0.0450613457413815,5.9583088637065,1.34619584236521,3.4973183975799,2.54463798985253,0.494267623241965,0.510740760180701,"CLR_more_sig"
-0.7,"eld vs kin","246",5.49626106921196e-06,0.0280774003329115,5.25993264672264,1.55164310570667,3.06534992715885,2.2155117320177,0.475254386744374,0.467302711209223,"CLR_more_sig"
-0.7,"eld vs kin","251",0.0380996688940191,0.0013212686281577,1.41907879855339,2.87900887665779,-2.6747822714507,-3.53513315219642,0.581420384496951,0.582503644942399,"TSS_more_sig"
-0.7,"eld vs kin","252",0.00686910933847857,2.08795925913807e-05,2.16309957072213,4.68027797966601,-2.30557880911554,-3.25350131882364,0.470196055085661,0.468634417595755,"TSS_more_sig"
-0.7,"eld vs kin","267",0.00685584085921926,0.000423221861891926,2.16393927200158,3.37343190653573,-3.00306782096518,-3.9276913375625,0.597668494947757,0.617726873774525,"TSS_more_sig"
-0.7,"eld vs kin","282",0.0144018270456343,2.10300981077992e-06,1.84158240891141,5.67715870127581,-2.7319035991694,-3.60856228769388,0.479988225158913,0.470257768170308,"TSS_more_sig"
-0.7,"eld vs kin","344",1.62165120133673e-06,0.00366620191747261,5.79004255186626,2.43578361978044,3.19544086350797,2.3111863005234,0.422086756905911,0.417045156265824,"CLR_more_sig"
-0.7,"eld vs kin","349",0.0484911851576387,0.00110217272736,1.31433720130141,2.95775033954862,-2.14535407261429,-2.98537015087896,0.477819769504141,0.497471349556183,"TSS_more_sig"
-0.7,"eld vs kin","363",0.0298231689932755,0.000362029043187827,1.52544621054201,3.4412565875048,-2.07931511081597,-3.07589129389408,0.490647786043277,0.486924572794146,"TSS_more_sig"
-0.7,"eld vs kin","473",0.0114472501577782,0.000167684148603475,1.94129882640104,3.77550798986509,-2.47795964004996,-3.47629101125864,0.518986278849666,0.529957723679251,"TSS_more_sig"
-0.7,"eld vs kin","614",0.00251717833207269,4.79322171761629e-06,2.59908601532506,5.31937248160487,-2.71474339531126,-3.65130170737041,0.493392619674412,0.501762608517708,"TSS_more_sig"
-0.7,"eld vs kin","616",0.000464955972900364,2.10875902464029e-05,3.3325881688986,4.67597304579317,-2.49537008927774,-3.40933003749261,0.410750467675604,0.436475418611555,"TSS_more_sig"
-0.7,"eld vs kin","666",2.38672421294199e-09,2.88792739722155e-12,8.62219776101717,11.5394137291711,-3.71349114658476,-4.60065101977593,0.406392675154092,0.419928527056418,"TSS_more_sig"
-0.7,"eld vs kin","728",7.09534800412092e-14,5.78376168546751e-08,13.1490262989291,7.23778961004594,4.26009172043308,3.37059471291256,0.394567128478011,0.381977868402103,"CLR_more_sig"
-0.7,"eld vs kin","744",4.9795385230932e-05,9.0018207018395e-07,4.30281090345728,6.04566964158385,-3.48371133865525,-4.33808374592762,0.513575796759617,0.525347702199366,"TSS_more_sig"
-0.7,"eld vs kin","757",0.047610509597495,0.00252718249595323,1.32229717004417,2.59736339515025,-1.85795127637803,-2.7127234226412,0.439959793246815,0.439239462652095,"TSS_more_sig"
-0.7,"eld vs kin","770",0.00312645991670724,3.11500183046054e-05,2.50494713489134,4.50654169380138,-2.47315779372859,-3.34618069622117,0.412830772550409,0.443496180551494,"TSS_more_sig"
-0.7,"eld vs kin","786",3.20794420583456e-05,3.61469049108009e-10,4.4937731937884,9.44192888336825,-3.60730008461482,-4.45652268430446,0.49209491068389,0.50060192377254,"TSS_more_sig"
-0.7,"eld vs kin","849",8.30572118802764e-05,1.56493415428086e-06,4.08062265166744,5.80550393098276,-2.62555387446739,-3.52576453335106,0.395043211857937,0.428991670923845,"TSS_more_sig"
-0.7,"eld vs kin","854",7.76131584863611e-07,0.0132001754761476,6.1100646424846,1.87942029547475,3.28409218797955,2.49034515846476,0.453181032691367,0.467436044075241,"CLR_more_sig"
-0.7,"eld vs kin","877",0.0421167314071925,0.00132100150029508,1.37554534087928,2.87909668914588,-2.10136869232282,-3.09611395043689,0.535747364149641,0.568648022011238,"TSS_more_sig"
-0.7,"eld vs kin","879",0.000279091417949801,8.36000489884788e-07,3.5542535178444,6.07779346807032,-2.45936357843027,-3.3607944432001,0.415787687443781,0.423751961067082,"TSS_more_sig"
-0.7,"eld vs kin","886",2.33459927514073e-11,3.34234791567003e-06,10.6317876536547,5.47594834498983,4.70425426352447,3.85431908827684,0.517565039101426,0.532556929758848,"CLR_more_sig"
-0.7,"eld vs kin","891",0.00538181371374036,2.99243359678754e-06,2.26907133899419,5.52397547797041,-3.14089197512561,-4.15282268853089,0.558968156989405,0.570750376171189,"TSS_more_sig"
-0.7,"eld vs kin","895",0.000147522747746531,1.05835409157589e-05,3.83114100708192,4.97536900688526,-2.96142587570737,-3.90258941821472,0.49302025050522,0.507385206425934,"TSS_more_sig"
-0.7,"eld vs kin","914",0.00814951262390877,5.61358277748404e-06,2.08886836317121,5.25075986889607,-2.73811798534965,-3.58467647939133,0.547224825076239,0.543855610037149,"TSS_more_sig"
-0.7,"eld vs kin","935",0.0271878289169406,0.000182104579847932,1.56562547159744,3.73967913175767,-2.2688676549412,-3.19781329998759,0.537967831718816,0.54137541460393,"TSS_more_sig"
-0.7,"eld vs kin","947",8.53882072231812e-12,9.33837569329112e-07,11.0686021046218,6.02972865790135,4.32476700023445,3.53567950576705,0.419007080018295,0.435336089034378,"CLR_more_sig"
-0.7,"eld vs kin","965",0.044121018957628,0.00021153878738366,1.3553544662553,3.67460998950762,-2.57548446667848,-3.62146368060477,0.600432742497721,0.618271118954313,"TSS_more_sig"
-0.7,"eld vs kin","978",5.80684480996605e-26,1.35704508722662e-16,25.2360597804891,15.8674057228573,6.22710977792777,5.28873934279684,0.413642728759942,0.402312457629417,"CLR_more_sig"
-0.7,"eld vs kin","984",1.56167733256327e-17,1.51616866892876e-10,16.8064086933544,9.81925248214041,5.02511560833651,4.20481052928452,0.426119186112746,0.433190743566459,"CLR_more_sig"
-0.7,"eld vs kin","988",7.93258525901237e-06,0.0283499749042699,5.10058525142804,1.54744732121347,3.3412510909137,2.35292603185159,0.535336784064605,0.519956967813891,"CLR_more_sig"
-0.7,"eld vs kin","991",0.000183705336382678,1.12679126566921e-06,3.73587822786464,5.94815652811009,-3.61637438337854,-4.4964735976305,0.575398661831282,0.564203121373371,"TSS_more_sig"
-0.7,"eld vs kin","1014",7.1315848544261e-08,7.59775094580318e-11,7.14681394601821,10.1193149467166,-4.12736085322233,-5.04446486755134,0.50542551376195,0.507356625271359,"TSS_more_sig"
-0.7,"eld vs kin","1021",7.94589086912856e-06,9.46269562035506e-08,5.09985740394976,7.02398512931881,-3.7540991199604,-4.63526586577725,0.557076556795632,0.557285830119003,"TSS_more_sig"
-0.7,"eld vs kin","1030",4.96614145735383e-10,5.38365318719425e-06,9.30398091400553,5.26892292496147,4.24183722289371,3.4439810982183,0.432561405348109,0.436637232319729,"CLR_more_sig"
-0.7,"eld vs kin","1047",0.017116001274112,8.40475031922751e-05,1.7665976898593,4.07547518366322,-1.5784196678255,-2.46392666261053,0.273625926471607,0.290045496781283,"TSS_more_sig"
-0.7,"eld vs kin","1074",3.04921021204409e-20,5.39197977703608e-10,19.5158126344133,9.26825174531882,5.21564974921083,4.2937465302393,0.398731528321495,0.392659077334963,"CLR_more_sig"
-0.7,"eld vs kin","1076",1.97970812718398e-14,2.13348710843988e-06,13.7033988340299,5.67090997701387,4.6109422631815,3.78157253722791,0.42657133301743,0.430189146781904,"CLR_more_sig"
-0.7,"eld vs kin","1079",0.0131490013360654,0.000650139031587598,1.88110723049787,3.18699375998073,-2.31114224658906,-3.18590482976863,0.475171744945894,0.503704677857279,"TSS_more_sig"
-0.7,"eld vs kin","1089",1.97472183242145e-13,0.000122662862385259,12.7044940722667,3.91128690510084,3.10740033199517,2.22576694177396,0.280586635387081,0.289310557776171,"CLR_more_sig"
-0.7,"eld vs kin","1098",2.91025408747644e-28,9.50570643579936e-21,27.5360690921235,20.0220156021264,7.03998278563628,6.17386673333517,0.438915649979269,0.437506984205953,"CLR_more_sig"
-0.7,"eld vs kin","1101",0.0194574140583323,0.000963275722419171,1.71091487911506,3.01624938516411,-2.52658651030872,-3.54010773278841,0.568000688888154,0.583008599851926,"TSS_more_sig"
-0.7,"eld vs kin","1104",0.00112495446346654,1.57521502659446e-05,2.9488650568108,4.80266015394464,-2.64461504287211,-3.50838996269667,0.455854009190473,0.457704666868692,"TSS_more_sig"
-0.7,"eld vs kin","1105",2.19688675982689e-09,3.65964319034203e-12,8.65819232853684,11.4365612555945,-4.4967397634198,-5.35668517495078,0.511235824395986,0.509405786045556,"TSS_more_sig"
-0.7,"eld vs kin","1112",1.66956201883053e-05,2.98217567527349e-07,4.77739744367424,6.52546677652533,-3.49186571348984,-4.43246823883156,0.528156274578207,0.534867447199446,"TSS_more_sig"
-0.6,"cent vs mage","7",8.58746448311425e-12,1.70681146706094e-05,11.0661350461268,4.7678144480341,4.10750399543768,3.14633540399253,0.421102692298248,0.417821556862068,"CLR_more_sig"
-0.6,"cent vs mage","12",0.0421865756690172,0.000336478909625608,1.37482572535066,3.47304215200544,-1.43514137907247,-2.40151532662039,0.344158852965745,0.351074471083235,"TSS_more_sig"
-0.6,"cent vs mage","14",1.72854726689926e-09,0.0339146786041494,8.76231874023332,1.46961229421464,2.62579946546431,1.66629623698606,0.26305052675896,0.259674193528801,"CLR_more_sig"
-0.6,"cent vs mage","21",1.3591594780002e-10,0.011897768905792,9.86672958200779,1.92453447077112,2.78092475358531,1.82593154897743,0.264677276435547,0.261176446623231,"CLR_more_sig"
-0.6,"cent vs mage","22",0.00639682709582993,7.64704835145718e-06,2.19403538796335,5.11650616380549,-1.67466585686221,-2.6465578940178,0.326006877430495,0.322881270976104,"TSS_more_sig"
-0.6,"cent vs mage","24",1.63739576453635e-10,9.05686388900162e-06,9.78584633733773,5.04302215899895,4.38792732084372,3.45816925911256,0.478036023593104,0.494248949562603,"CLR_more_sig"
-0.6,"cent vs mage","26",8.52162126685133e-08,0.0205973165935254,7.06947777139954,1.68618935557912,3.0228449145574,2.03108295687615,0.37206057600592,0.371792141365299,"CLR_more_sig"
-0.6,"cent vs mage","39",8.709290109782e-09,0.00161158884052006,8.06001724269255,2.79274574855428,3.52867948429822,2.55547023600913,0.423025347216543,0.415839354916218,"CLR_more_sig"
-0.6,"cent vs mage","42",4.52196532407411e-08,0.00555528181249088,7.34467277229163,2.25529390494898,3.39671917297995,2.44248762250494,0.414906076144235,0.411447962030808,"CLR_more_sig"
-0.6,"cent vs mage","51",0.00430774175631096,2.10090155533322e-05,2.36575034000052,4.67759429741662,-1.85619580679913,-2.81255747279355,0.365454238873238,0.383283985050636,"TSS_more_sig"
-0.6,"cent vs mage","53",0.0243676505857812,0.000193859505445491,1.6131863414274,3.71251289952489,-1.74580802930524,-2.71214419906563,0.446251338621063,0.445422630786597,"TSS_more_sig"
-0.6,"cent vs mage","56",9.83913797695901e-08,0.0332784418550603,7.00704294915496,1.47783701620316,2.92241205171669,1.92860031034646,0.362809689776637,0.372207702738289,"CLR_more_sig"
-0.6,"cent vs mage","57",0.00866329034494129,7.60000846366091e-05,2.06231713023994,4.11918592407195,-2.02722055480595,-3.04653068406546,0.430411574223738,0.46118608773845,"TSS_more_sig"
-0.6,"cent vs mage","72",0.0400413242477804,0.000566393587147482,1.39749156795612,3.24688167248324,-1.51804014532693,-2.45810649078026,0.366028839282197,0.38886793945397,"TSS_more_sig"
-0.6,"cent vs mage","100",0.0016573979446637,2.05008998041144e-05,2.78057320405981,4.68822707692543,-2.84442726865709,-3.69317142707652,0.571602608571422,0.569487436607806,"TSS_more_sig"
-0.6,"cent vs mage","103",0.0435325029344963,0.00250995699485249,1.36118636203189,2.60033371957803,-1.61074580275141,-2.49373399686009,0.429413597596014,0.433430998805899,"TSS_more_sig"
-0.6,"cent vs mage","114",7.83260206010872e-07,4.361214745822e-12,6.10609393747999,11.3603925281788,-3.69685333186191,-4.66422454183611,0.458844720850278,0.485552083001744,"TSS_more_sig"
-0.6,"cent vs mage","132",7.09942359529888e-12,0,11.1487769103715,14.2977432230885,-4.40955080427612,-5.48135791891078,0.486167383858064,0.491168192948497,"TSS_more_sig"
-0.6,"cent vs mage","143",6.19850289151902e-11,1.37446535634448e-12,10.207713191867,11.8618662021559,-3.99532207057224,-4.94330795256077,0.453524470039088,0.453093231310654,"TSS_more_sig"
-0.6,"cent vs mage","145",0.0471968651746416,0.00339325114087957,1.32608684633556,2.4693839962164,-1.78647828126817,-2.79174140018825,0.486078127866843,0.515949045304044,"TSS_more_sig"
-0.6,"cent vs mage","146",0.00331393426270071,1.14669368128864e-05,2.47965611077169,4.94055258061059,-1.98689785151335,-3.00704384820651,0.395875037427333,0.42273421796131,"TSS_more_sig"
-0.6,"cent vs mage","148",0.000202580276470267,1.0793043456961e-06,3.69340284050142,5.96685607429855,-2.68606968694357,-3.78781495057633,0.469563304414647,0.507363365361811,"TSS_more_sig"
-0.6,"cent vs mage","168",9.91960805201615e-05,0.0359166184077382,4.00350548754435,1.44470455942101,3.48517777711104,2.48176841183176,0.440558535954052,0.444759828693262,"CLR_more_sig"
-0.6,"cent vs mage","169",0.000138334502696528,7.50858828368562e-07,3.85906948683285,6.12444170856672,-2.43870218958553,-3.40075786050175,0.41400411415967,0.436342228580628,"TSS_more_sig"
-0.6,"cent vs mage","191",0.0109597251901168,0.000322662512731595,1.96020033544217,3.49125148845267,-2.02595542553819,-2.89011902296833,0.458726861569999,0.470981536391637,"TSS_more_sig"
-0.6,"cent vs mage","210",5.28084057963933e-13,5.03798391893184e-14,12.2772969429883,13.2977432230885,-4.36322556402692,-5.33207585737159,0.457651165911432,0.462915591887198,"TSS_more_sig"
-0.6,"cent vs mage","219",6.68213642982899e-11,3.67695318637118e-12,10.1750846615747,11.4345118993751,-3.99434072072243,-4.75921364674596,0.465470563836084,0.454629769224826,"TSS_more_sig"
-0.6,"cent vs mage","255",0.0258571214094727,0.000126545011722284,1.58741982537856,3.89775496962215,-2.04036097618732,-3.04210307305737,0.507077895809124,0.531384117306683,"TSS_more_sig"
-0.6,"cent vs mage","269",0.0431708506315774,0.000371070891276144,1.36480939399,3.43054311262501,-1.46999106297828,-2.41262280449375,0.349230871575922,0.339974147956259,"TSS_more_sig"
-0.6,"cent vs mage","274",0.0231327096913389,0.00101246363356366,1.63577349238848,2.99462056715159,-2.01892277361378,-2.89435339467346,0.488628535105558,0.500115582565564,"TSS_more_sig"
-0.6,"cent vs mage","287",0.0328652748490343,0.000559842208951064,1.48326273140674,3.25193436127628,-1.99350736794298,-2.98418503393087,0.430928185203801,0.450914477361924,"TSS_more_sig"
-0.6,"cent vs mage","289",0.00263857834067337,7.80793865780196e-05,2.57863000688118,4.10746360731406,-2.41833966861515,-3.4233537321214,0.466841374510289,0.477945348761649,"TSS_more_sig"
-0.6,"cent vs mage","353",2.21808299247655e-05,2.12941983232914e-09,4.65402220818673,8.67173870545285,-3.30090847289235,-4.20250891692786,0.449991862636638,0.454772258431366,"TSS_more_sig"
-0.6,"cent vs mage","363",0.00576435667286963,4.02292495415819e-05,2.23924915480692,4.39545806891991,-2.02903661733258,-2.95166950728296,0.430068094115765,0.445351558809816,"TSS_more_sig"
-0.6,"cent vs mage","372",0.0128704764362378,2.45225080722507e-05,1.89040537618813,4.61043511383409,-2.23869142863059,-3.12668819226719,0.488701176573796,0.481851600412844,"TSS_more_sig"
-0.6,"cent vs mage","381",0.0339508646275937,0.000775819439148159,1.46914916105325,3.11023934279602,-1.9934772099693,-2.8259253302332,0.492082442115332,0.507348570844454,"TSS_more_sig"
-0.6,"cent vs mage","401",0.0473229897874405,1.40430001768128e-05,1.32492782517746,4.85254009868477,-1.82944013796062,-2.95862571854876,0.423977606996055,0.443918682388736,"TSS_more_sig"
-0.6,"cent vs mage","409",0.0257149214701547,0.000292122825374301,1.58981479761668,3.53443450757004,-1.80712267278531,-2.89509282747716,0.460886119543035,0.483150197098509,"TSS_more_sig"
-0.6,"cent vs mage","431",0.0494321431663134,0.00039198764482268,1.30599055997972,3.40672762142315,-1.64306490147719,-2.70451664697818,0.434038976682385,0.448451101699635,"TSS_more_sig"
-0.6,"cent vs mage","433",0.0375703778175272,0.00066072998226993,1.42515443753597,3.17997598554987,-1.79150179805963,-2.7561258717965,0.441596989095398,0.454878396593825,"TSS_more_sig"
-0.6,"cent vs mage","453",0.016846944774186,0.00218630284861382,1.77347884779085,2.66028967936166,-2.15795015403932,-3.06919519649691,0.456381204550289,0.45350462919515,"TSS_more_sig"
-0.6,"cent vs mage","464",0.0138844835634782,6.94169929035602e-05,1.85747026929527,4.1585342035957,-2.21228484001175,-3.10986221945738,0.485498229475572,0.46735711139114,"TSS_more_sig"
-0.6,"cent vs mage","488",0.0142710481395215,6.30171928612083e-05,1.84554412888298,4.20054094664028,-2.08029680429763,-2.96836722514446,0.470801526637053,0.459312016118881,"TSS_more_sig"
-0.6,"cent vs mage","528",0.0312834159898413,0.000608737490275775,1.50468583027531,3.21556995055764,-2.00016923704223,-3.00286636240569,0.413866236823393,0.435588402149852,"TSS_more_sig"
-0.6,"cent vs mage","531",0.00457541191969186,4.26073229635135e-05,2.33956980074593,4.37051575185205,-2.26672605409546,-3.2085702300019,0.464295951217343,0.477510065005067,"TSS_more_sig"
-0.6,"cent vs mage","546",0.00190505954412533,3.47414051753516e-06,2.72009144556268,5.45915261975306,-2.21308111086765,-3.12927627247189,0.434601789390214,0.431484704116175,"TSS_more_sig"
-0.6,"cent vs mage","675",7.02145039229888e-06,6.91053764826687e-08,5.15357316816794,7.16048816267036,-3.06788653629943,-3.98464013354604,0.469865487045203,0.471231700733939,"TSS_more_sig"
-0.6,"cent vs mage","737",0.0173789830708325,0.000141273771814327,1.75997563983483,3.84993845962078,-2.10727581433956,-3.09263961336082,0.467571329971295,0.47514187613281,"TSS_more_sig"
-0.6,"cent vs mage","769",0.032589360677077,0.00027056211589015,1.48692415923848,3.56773301339867,-2.10549910367577,-3.00374446082409,0.445156350527063,0.444438140286497,"TSS_more_sig"
-0.6,"cent vs mage","770",0.00037660551945919,7.6097803516235e-07,3.42411331933501,6.11862787850598,-2.13084608466519,-3.09581020597184,0.328282148042654,0.349475685627175,"TSS_more_sig"
-0.6,"cent vs mage","816",0.0352536105861029,0.000532998027413613,1.45279639704648,3.2732743982623,-1.76029984192829,-2.73209077735317,0.394676594087043,0.412124740066435,"TSS_more_sig"
-0.6,"cent vs mage","819",0.0224798483030098,6.28284191403428e-05,1.6482066237697,4.20184386766371,-2.04191327453273,-2.96757400196031,0.422350529488027,0.454185404362651,"TSS_more_sig"
-0.6,"cent vs mage","849",0.00490547367245869,3.86659064470093e-05,2.30931905079109,4.41267180417674,-1.89927648655712,-2.86239301313376,0.375648098339305,0.415289569124189,"TSS_more_sig"
-0.6,"cent vs mage","854",0.000108222162487812,0.0407837404995297,3.96568379227425,1.3895129452129,3.27055528921755,2.33874930390516,0.459398401996077,0.464783160723056,"CLR_more_sig"
-0.6,"cent vs mage","859",0.047367709090093,0.00127518712090633,1.32451761914771,2.89442608219919,-1.92137546752959,-2.84298430886221,0.45517891342934,0.452259781456277,"TSS_more_sig"
-0.6,"cent vs mage","884",0.0141565189669221,5.56462094309169e-05,1.84904352484638,4.2545644140661,-1.81099730569337,-2.79540742711382,0.394351148780373,0.401037045908211,"TSS_more_sig"
-0.6,"cent vs mage","912",0.00730620360388254,8.01817679152379e-06,2.1363082293578,5.09592437228894,-2.19817763604915,-3.14011230862368,0.462162042879283,0.463392893241457,"TSS_more_sig"
-0.6,"cent vs mage","917",0.000930668142490752,0.000123140074630287,3.03120515207755,3.9096005875359,-2.393244139555,-3.40191695826106,0.476942311416516,0.502399160150788,"TSS_more_sig"
-0.6,"cent vs mage","921",9.09590299029891e-10,1.01599342365125e-11,9.04115418013678,10.9931091031557,-3.94055166181898,-4.80244647056154,0.471486589322927,0.47787887815297,"TSS_more_sig"
-0.6,"cent vs mage","925",0.0314476338132832,0.000171354073658971,1.50241202622805,3.7661055664802,-1.8179038382745,-2.82491199962205,0.433819315896436,0.432219266633116,"TSS_more_sig"
-0.6,"cent vs mage","966",0.00645512222127433,3.83091075358218e-05,2.19009553038865,4.41669796539574,-2.38002371473193,-3.34668222122316,0.516230536687639,0.535675974452025,"TSS_more_sig"
-0.6,"cent vs mage","975",0.00999749810775893,0.000397377786775337,2.00010866939398,3.40079641339763,-2.01841844526826,-2.98456186033165,0.438586256466829,0.437186611673327,"TSS_more_sig"
-0.6,"cent vs mage","978",3.05299075654472e-06,0.0119308509974015,5.51527451060068,1.92332857809876,3.25359320590803,2.37398242935885,0.455299761793239,0.450196638966973,"CLR_more_sig"
-0.6,"cent vs mage","1004",0.000778798153545286,0.000147679169641812,3.10857508682078,3.83068075822629,-2.346471528107,-3.23746247350085,0.452823386846638,0.447718208302692,"TSS_more_sig"
-0.6,"cent vs mage","1019",8.99020851666565e-05,5.83746260480167e-09,4.0462302352315,8.23377588853809,-2.62806031083229,-3.63623262687982,0.38818256943365,0.399785579497276,"TSS_more_sig"
-0.6,"cent vs mage","1040",0.0138830893876276,0.00013745192477354,1.85751388008403,3.86184917424412,-1.92264145206469,-2.79757809340976,0.44918116914533,0.434789404991125,"TSS_more_sig"
-0.6,"cent vs mage","1058",0.000255749348435598,4.18326458027335e-06,3.5921854640525,5.37848466658865,-2.69350097281832,-3.63754117084914,0.454272982313931,0.451505276907247,"TSS_more_sig"
-0.6,"cent vs mage","1074",3.77776340888856e-08,0.00303310047371693,7.42276524425208,2.51811320312221,3.27361708976897,2.21034403354658,0.377102201322362,0.373065322880214,"CLR_more_sig"
-0.6,"cent vs mage","1079",0.00238985392985445,1.35363781837234e-05,2.62162864273254,4.86849752067548,-2.09862915715964,-3.08886423918585,0.398945191450372,0.42193731858577,"TSS_more_sig"
-0.6,"cent vs mage","1087",2.70604434895869e-07,0.00230965008981198,6.56766509009235,2.63645381039983,3.79066566794828,2.83998430540764,0.500323590073427,0.498147347784279,"CLR_more_sig"
-0.6,"cent vs mage","1098",1.86538506908846e-12,1.3682728328719e-06,11.7292315037383,5.86382729589327,4.43224353049893,3.48156328643883,0.440097223659103,0.437960122895203,"CLR_more_sig"
-0.6,"cent vs mage","1104",0.000414426955533771,7.42989330185263e-06,3.38255200456869,5.12901742294862,-2.43646429469003,-3.41470770394156,0.43131922407231,0.454606706283758,"TSS_more_sig"
-0.6,"eld vs kin","3",2.24771590229267e-12,0,11.6482585818324,29.1917280844814,-4.71533773908942,-5.33845985737403,0.43161370038574,0.446581319659545,"TSS_more_sig"
-0.6,"eld vs kin","4",3.69073822089165e-12,0.00322340515374698,11.4328867576367,2.49168510405077,2.49868753690794,1.89835772960096,0.227502031529993,0.220410001065032,"CLR_more_sig"
-0.6,"eld vs kin","5",0.000168127150022249,2.82913897838848e-07,3.77436214882852,6.54834571777288,-2.7632459416945,-3.37749840353983,0.384526641566009,0.385292470864819,"TSS_more_sig"
-0.6,"eld vs kin","7",6.43090235633568e-29,9.29231045842836e-24,28.1917280844814,23.0318762887416,7.59308765772177,6.97225214490497,0.470093266607238,0.462976937288204,"CLR_more_sig"
-0.6,"eld vs kin","10",0.00162708054777129,2.59948518232952e-05,2.78859094700984,4.58511265380296,-2.71416340280565,-3.31013293174911,0.481435344203036,0.467825984444024,"TSS_more_sig"
-0.6,"eld vs kin","11",2.2123099443225e-10,0.000171029005506744,9.6551540285069,3.76693022958866,3.20429628687555,2.59355579423297,0.350215964363442,0.348947432797624,"CLR_more_sig"
-0.6,"eld vs kin","12",0.0345026658451962,0.000253269704389096,1.46214734790847,3.59641675653211,-1.96675277494988,-2.57126321804179,0.379239330140564,0.369596296196343,"TSS_more_sig"
-0.6,"eld vs kin","14",1.42016254105512e-11,0.000552130425345011,10.847661946713,3.25795832024734,2.83978029234583,2.23140253736384,0.280991839648246,0.277661775540959,"CLR_more_sig"
-0.6,"eld vs kin","15",5.92568388870052e-06,0.0170781144292292,5.22726152009437,1.76756008084758,2.92440334810143,2.33040963097049,0.441806275631631,0.4294072625941,"CLR_more_sig"
-0.6,"eld vs kin","16",2.35247153629503e-14,4.17872693081818e-05,13.6284756226105,4.37895600796947,2.996425846598,2.38909316797609,0.262976325402057,0.266740376436368,"CLR_more_sig"
-0.6,"eld vs kin","21",2.40147607058475e-21,7.31085266876681e-12,20.619521736514,11.1360319680839,4.07288080277659,3.47689144415045,0.296543778599964,0.294664624497173,"CLR_more_sig"
-0.6,"eld vs kin","23",2.94388201540103e-07,0.0479454000513246,6.53107959959509,1.3192530533141,2.39526663859402,1.77954203893386,0.298023603346403,0.307928693901142,"CLR_more_sig"
-0.6,"eld vs kin","25",5.8064931485439e-07,0.00867950985782087,6.23608608207716,2.0615047992537,3.01794199055008,2.41486513612097,0.415246641017652,0.420390049300194,"CLR_more_sig"
-0.6,"eld vs kin","29",1.12917840457437e-07,0.0408697644945774,6.94723743628483,1.38859786483306,2.42382740255793,1.82136245230275,0.290394309258084,0.290430305876357,"CLR_more_sig"
-0.6,"eld vs kin","31",1.45134960060196e-06,0.00370008289032285,5.83822796225248,2.43178854663393,3.58069215200057,3.01708212231621,0.522618383549122,0.547123561404135,"CLR_more_sig"
-0.6,"eld vs kin","33",7.26596891450876e-05,2.80241242272449e-07,4.13870646448131,6.55246795051596,-3.19448280110448,-3.80586570397675,0.453178036522617,0.460131401744018,"TSS_more_sig"
-0.6,"eld vs kin","38",0.0480572368257952,0.00211147413645602,1.31824120369043,2.67541423389961,-1.78574070891178,-2.40005379030707,0.369436238979831,0.378274284428698,"TSS_more_sig"
-0.6,"eld vs kin","57",0.0123641598483035,5.18215576376417e-05,1.90783538885725,4.28548953725398,-2.40337241510688,-3.00347658250208,0.454953812422022,0.485139210648992,"TSS_more_sig"
-0.6,"eld vs kin","62",0.0449819134304055,0.00138651840906563,1.34696207458754,2.85807435983834,-1.62415867139977,-2.23001146404004,0.307557706322396,0.315787296148634,"TSS_more_sig"
-0.6,"eld vs kin","65",0.000288303346397083,1.78319426324655e-06,3.54015031663589,5.74880134170389,-2.68490243489326,-3.25730990944795,0.375661343849646,0.368035980363978,"TSS_more_sig"
-0.6,"eld vs kin","67",7.2420372939271e-11,9.43007246364165e-14,10.1401392430505,13.0254849699945,-5.38212575324262,-5.97083822326857,0.555096729503686,0.565431716487772,"TSS_more_sig"
-0.6,"eld vs kin","74",1.3513009847153e-07,0.000276010670690623,6.86924790675719,3.55907412759973,3.66377459666685,3.20655830519134,0.483802111851483,0.501054649654979,"CLR_more_sig"
-0.6,"eld vs kin","79",3.51595202730878e-06,1.03757098005832e-08,5.45395705920043,7.98398218358626,-3.69982806095897,-4.31729891234348,0.4687741440454,0.481262426120574,"TSS_more_sig"
-0.6,"eld vs kin","82",9.79368675665945e-05,1.42412466317794e-06,4.00905379066187,5.84645199232798,-3.85538512594658,-4.47730002472979,0.587218077632071,0.606317711175193,"TSS_more_sig"
-0.6,"eld vs kin","83",7.82450819012046e-05,7.43278785926585e-07,4.10654295052647,6.12884826230871,-3.34391247305654,-4.01447173887742,0.493231188411005,0.523351437581209,"TSS_more_sig"
-0.6,"eld vs kin","84",7.47899115897452e-08,1.27935103437534e-09,7.12615698016216,8.89301027540018,-3.80665539528592,-4.36219490803637,0.458463273469335,0.485115586909602,"TSS_more_sig"
-0.6,"eld vs kin","85",0.0174699408506391,0.000553049286594944,1.75770856543977,3.25723616355532,-2.26899975780203,-2.84070004919809,0.467240529885204,0.48170902324874,"TSS_more_sig"
-0.6,"eld vs kin","87",0.00137009329694915,2.26800165904688e-05,2.86324985841249,4.6443566320919,-2.88729687775543,-3.44690665791819,0.510827336426353,0.532199311435422,"TSS_more_sig"
-0.6,"eld vs kin","89",5.38963504187504e-16,2.09609504781769e-10,15.2684406419869,9.67858902807818,4.94553835046487,4.33673118307819,0.448756127461122,0.444916940390916,"CLR_more_sig"
-0.6,"eld vs kin","91",8.25652234227154e-06,4.73307750821935e-08,5.08320283955525,7.32485638352771,-4.15948515202843,-4.89468637821527,0.558097899937639,0.577704177158758,"TSS_more_sig"
-0.6,"eld vs kin","100",1.62996088454526e-05,2.19386225898532e-06,4.78782281757763,5.65879064296024,-3.63205658905823,-4.12898337148444,0.547676307064675,0.568576909653988,"TSS_more_sig"
-0.6,"eld vs kin","102",0.00420541287512844,0.00249564513837544,2.37619136001169,2.60281716794867,-2.8381899398527,-3.40341928894826,0.534354748909564,0.542494310375676,"TSS_more_sig"
-0.6,"eld vs kin","108",0.0402959180830809,0.00193054884446769,1.39473894501966,2.71431920589467,-2.72848584301328,-3.27750562366663,0.624171995639635,0.643727740275859,"TSS_more_sig"
-0.6,"eld vs kin","110",0.0196779118897364,0.000790568161297828,1.70602098836802,3.10206068006527,-2.31624539928601,-2.99623065652161,0.487245200593335,0.526734988522652,"TSS_more_sig"
-0.6,"eld vs kin","111",0.000243541476878672,3.06829687643801e-07,3.61342706465239,6.51310262204993,-3.15447357007498,-3.79863656761425,0.453090322925269,0.457457700451625,"TSS_more_sig"
-0.6,"eld vs kin","115",0.00850912545488838,0.000956661393527019,2.07011507324484,3.01924175182027,-2.61796801189296,-3.18866651624825,0.555957517760585,0.568345414570696,"TSS_more_sig"
-0.6,"eld vs kin","118",0.0224700123381057,0.000124500062630295,1.64839668911315,3.90483043009447,-2.15209771245986,-2.75079174339514,0.388638311032047,0.384947623113785,"TSS_more_sig"
-0.6,"eld vs kin","119",2.83946372850268e-07,0.0385605898287477,6.5467636746515,1.41385633168282,2.42782328747093,1.84116967029941,0.305610275923738,0.321707210731493,"CLR_more_sig"
-0.6,"eld vs kin","121",3.63725237623584e-12,2.15192088248595e-07,11.4392265637229,6.66717369998121,4.67025187684819,4.01004953123321,0.487544299814214,0.497213223469828,"CLR_more_sig"
-0.6,"eld vs kin","125",0.00181437713901874,0.0342706932385426,2.74127243482233,1.46507711043361,3.04356374965091,2.374856824494,0.536953893352118,0.539048554511963,"CLR_more_sig"
-0.6,"eld vs kin","128",0.00895074817362562,0.00044570273665785,2.04814066143306,3.35095469929557,-2.62365804947378,-3.27345099618834,0.553911982626314,0.583443828629305,"TSS_more_sig"
-0.6,"eld vs kin","130",0.00405447849150181,5.45126021437015e-05,2.39206499911706,4.26350308655279,-3.14798943807451,-3.77354345485027,0.572170177042378,0.586164243926322,"TSS_more_sig"
-0.6,"eld vs kin","133",0.0255168617036888,0.000601349322296652,1.59317274016172,3.22087317413088,-2.45805125032113,-3.09043237364295,0.47116601253453,0.493301813018259,"TSS_more_sig"
-0.6,"eld vs kin","138",1.22843275008588e-10,9.16919967602942e-06,9.91064861375943,5.0376685696138,3.96307106181551,3.24845502613746,0.440814552072477,0.436380902641099,"CLR_more_sig"
-0.6,"eld vs kin","139",3.39130536231531e-06,0.000207967297883252,5.46963310341043,3.68200495092871,-3.99643467336492,-4.45254676627727,0.537208404519681,0.534128244117645,"CLR_more_sig"
-0.6,"eld vs kin","145",0.0370182354419425,0.00172766793487213,1.43158428672011,2.76253972708343,-2.3463512773404,-2.99512795273587,0.51407032491978,0.533045860581268,"TSS_more_sig"
-0.6,"eld vs kin","147",0.02042673814769,0.00126114855707337,1.68980097832881,2.89923375266788,-2.7935545708803,-3.45991440172662,0.562175062512735,0.559028407126519,"TSS_more_sig"
-0.6,"eld vs kin","151",1.45616117194949e-15,2.0468205138583e-11,14.8367905534471,10.6889202390466,5.442736400022,4.85446958246333,0.488913797933501,0.484527107335077,"CLR_more_sig"
-0.6,"eld vs kin","162",0.0144455340143465,0.00600017905779055,1.84026639876979,2.22183578917468,-2.69618139676179,-3.25826247192758,0.608470054808202,0.60150256490833,"TSS_more_sig"
-0.6,"eld vs kin","163",0.0127678564439763,7.97996029062895e-05,1.89388200897733,4.09799926975248,-2.90661600613184,-3.52197424184404,0.557370425998747,0.579528175409864,"TSS_more_sig"
-0.6,"eld vs kin","164",1.73317357785551e-06,0.00586299521842435,5.76115794038485,2.23188046000466,3.24915194751591,2.69958578727862,0.470099885717259,0.469369527981866,"CLR_more_sig"
-0.6,"eld vs kin","169",0.000108513328120134,1.82724576034162e-07,3.96451691643721,6.73820303711255,-3.37388859846771,-4.01911624983488,0.507723547619227,0.520069617737279,"TSS_more_sig"
-0.6,"eld vs kin","172",0.00183099971033816,6.65420403818579e-07,2.73731172440314,6.17690388646996,-2.74247782996893,-3.37064103506223,0.441964791602533,0.45795112085659,"TSS_more_sig"
-0.6,"eld vs kin","181",0.00327932151598044,0.000535566782073885,2.48421600151578,3.27118636745053,-2.51408392931358,-2.99896667630926,0.464470395097298,0.481375692274856,"TSS_more_sig"
-0.6,"eld vs kin","203",0.0210664655212653,0.000543270021335487,1.67640832311868,3.26498425949377,-2.11534938463532,-2.72901795756262,0.432311338457656,0.446059262741163,"TSS_more_sig"
-0.6,"eld vs kin","206",0.00473637168326549,0.0492449047057074,2.3245542240095,1.30763869862163,2.83518346371124,2.28253298756506,0.541401203206322,0.539651651951755,"CLR_more_sig"
-0.6,"eld vs kin","207",1.32740698304172e-07,7.68210051224626e-06,6.87699590201076,5.11452001484484,3.57956274762554,3.09589942385142,0.465504045957418,0.467117041844871,"CLR_more_sig"
-0.6,"eld vs kin","216",0.0438191884931109,0.00237012151086406,1.358335669592,2.62522938810593,-2.32899467521574,-3.01567666044973,0.512112125704453,0.524290519415701,"TSS_more_sig"
-0.6,"eld vs kin","222",4.15944620375275e-05,0.0413260204100015,4.38096448828301,1.38377641415188,3.35712379947332,2.60220748194001,0.50599631764587,0.50899029962276,"CLR_more_sig"
-0.6,"eld vs kin","246",0.000236263462115159,0.02186872986063,3.62660343633929,1.66017644012369,2.95928032435075,2.37683538294838,0.481465107728508,0.474926652210442,"CLR_more_sig"
-0.6,"eld vs kin","251",0.00771857983255304,0.0104882394438755,2.11246259961543,1.97929740637072,-2.70328512713419,-3.36271769869995,0.564491203067048,0.595844952348676,"CLR_more_sig"
-0.6,"eld vs kin","252",0.0213056088992374,0.000253927715814593,1.67150604945695,3.59528989397301,-2.33849088399642,-2.99893488626488,0.464038235273929,0.467925472772506,"TSS_more_sig"
-0.6,"eld vs kin","267",0.0107956129128153,2.96658364209212e-05,1.96675269588675,4.52774340232839,-3.18485985759997,-3.85691656661805,0.596049089718546,0.597403973176404,"TSS_more_sig"
-0.6,"eld vs kin","282",0.00583649276263009,1.6344313058352e-06,2.23384804867425,5.78663332783592,-2.85869249818236,-3.57021722166107,0.479111680290562,0.480628167590556,"TSS_more_sig"
-0.6,"eld vs kin","344",5.36268864234797e-07,0.00206003162378531,6.27061741743849,2.68612611267452,3.02546990648684,2.56807498240685,0.403424838860592,0.432105116436121,"CLR_more_sig"
-0.6,"eld vs kin","349",0.0352069894546281,0.000304364898708732,1.45337110981029,3.51660543460878,-2.2263409843688,-2.77167831861554,0.484197653232101,0.495679612758505,"TSS_more_sig"
-0.6,"eld vs kin","363",0.0392882824461601,0.000918850428889408,1.40573695669238,3.03675517761785,-2.27649979163421,-2.88395047596811,0.477606328582547,0.489911580572334,"TSS_more_sig"
-0.6,"eld vs kin","473",0.0102783250543899,0.00908369496784506,1.98807765177095,2.04173745789637,-2.60014079744274,-3.23628440391189,0.519986152394012,0.541651322478549,"TSS_more_sig"
-0.6,"eld vs kin","614",0.0339733772872351,8.92072693545596e-05,1.46886127784874,4.04959975423444,-2.76962163554866,-3.43412284264739,0.485898932937384,0.498703627752884,"TSS_more_sig"
-0.6,"eld vs kin","616",0.00251432257685151,2.76652567592903e-06,2.59957900494778,5.55806529477477,-2.65216572594534,-3.20456431240981,0.413740571506485,0.433437749635105,"TSS_more_sig"
-0.6,"eld vs kin","666",2.75282045850541e-07,1.10582455229806e-11,6.56022211277052,10.9563137717773,-3.75621843421623,-4.44088695113597,0.412464481853372,0.42094964036756,"TSS_more_sig"
-0.6,"eld vs kin","728",1.83853626042583e-13,3.36977449563057e-08,12.7355278003627,7.47239916102187,4.12511921223636,3.5729451288783,0.386756111003039,0.392415639676606,"CLR_more_sig"
-0.6,"eld vs kin","744",0.000249794039477243,8.16175704096581e-09,3.60241792886431,8.08821633744052,-3.63729845674122,-4.19630748133734,0.519668455460523,0.523095128445568,"TSS_more_sig"
-0.6,"eld vs kin","757",0.040564787423485,0.00239565116115951,1.39185079556556,2.62057642076231,-1.98205085765475,-2.59404843628453,0.43635897470464,0.445701793345094,"TSS_more_sig"
-0.6,"eld vs kin","770",0.00189118838693228,1.41876957600577e-06,2.72326520762769,5.84808813308033,-2.58450442865201,-3.24652176694857,0.415559713651814,0.434770514831769,"TSS_more_sig"
-0.6,"eld vs kin","786",1.44914964689396e-05,1.42523297921619e-08,4.83888676465683,7.84611413683611,-3.70262370336281,-4.27867020602425,0.496597259473749,0.510613012044734,"TSS_more_sig"
-0.6,"eld vs kin","849",0.000192227674096672,2.9202025676568e-06,3.71618408887196,5.53458702150904,-2.76160277294933,-3.41698991422694,0.403264608259994,0.438242492612514,"TSS_more_sig"
-0.6,"eld vs kin","854",4.10269496207172e-05,0.00425422007966754,4.38693077189825,2.37118004689382,3.24062220921445,2.675193697248,0.466758905893219,0.451402333477991,"CLR_more_sig"
-0.6,"eld vs kin","875",0.0447540302224122,0.0030885543551108,1.34916784918511,2.51024475116068,-2.40490916754207,-3.00697435882643,0.547114249441756,0.563271972463038,"TSS_more_sig"
-0.6,"eld vs kin","879",0.0012196595036478,5.31556946647065e-07,2.91376139582232,6.27445020190312,-2.61215852554394,-3.22708270644395,0.41375513785981,0.410475364160116,"TSS_more_sig"
-0.6,"eld vs kin","886",3.38086343923605e-11,2.14632399341959e-05,10.4709723710219,4.66830471949327,4.57757294929877,3.97687346110474,0.515365028238232,0.526287771386684,"CLR_more_sig"
-0.6,"eld vs kin","891",0.00591452129382847,4.1802653475508e-06,2.2280804002942,5.3787961499667,-3.23906607130275,-3.8730934852682,0.554680937625603,0.565182851876094,"TSS_more_sig"
-0.6,"eld vs kin","895",0.000339131538983257,9.0482963269517e-07,3.46963181927689,6.04343318493355,-3.14872499085683,-3.71138373820985,0.507170087570175,0.495097180257183,"TSS_more_sig"
-0.6,"eld vs kin","914",0.006149735423512,0.00135646217757214,2.21114356822141,2.86759231122838,-2.90861348777495,-3.38872032972556,0.548344003641927,0.572179191382762,"TSS_more_sig"
-0.6,"eld vs kin","935",0.0340595894930753,0.00104718829501135,1.46776059072358,2.97997522077395,-2.6131416803513,-3.08961699836792,0.536999761436551,0.533403475596549,"TSS_more_sig"
-0.6,"eld vs kin","947",3.84311383585702e-11,2.36378567607536e-07,10.4153167512233,6.62639190339038,4.19609694264187,3.66868031827133,0.442041858558373,0.437915078160577,"CLR_more_sig"
-0.6,"eld vs kin","965",0.0201469538343533,0.000621800387710429,1.69579060872576,3.20634901149764,-2.76635591474415,-3.45224634791269,0.601107477271505,0.596398615102812,"TSS_more_sig"
-0.6,"eld vs kin","978",7.91437386495678e-20,1.01996464658541e-19,19.1015834380664,18.9914148812371,6.11325573956304,5.486227081361,0.418307665233415,0.410028849721724,"CLR_more_sig"
-0.6,"eld vs kin","984",2.42874605343525e-16,2.47925659714158e-12,15.6146178920937,11.6056785224635,4.92544735607009,4.20595617642284,0.420599315529055,0.429722521952459,"CLR_more_sig"
-0.6,"eld vs kin","988",8.02884109957328e-05,0.0412494619227597,4.09534713720982,1.3845817122171,3.16095397013228,2.46998617609119,0.532680104105384,0.522121381364019,"CLR_more_sig"
-0.6,"eld vs kin","991",4.01255650424299e-05,3.10501287802351e-06,4.39657883887164,5.50793659424974,-3.76976951315672,-4.2806719622586,0.556293004165495,0.564332635787781,"TSS_more_sig"
-0.6,"eld vs kin","1000",0.0464597696389586,0.00155114313273869,1.33292294788871,2.8093481255323,-2.25709061235877,-2.78362923325649,0.576596742985598,0.559792182544346,"TSS_more_sig"
-0.6,"eld vs kin","1014",2.15164303913154e-08,1.34598497186486e-09,7.66722977714796,8.87095978905157,-4.38622190506319,-4.81850877184009,0.520013273646089,0.522016954749594,"TSS_more_sig"
-0.6,"eld vs kin","1021",5.61732352996751e-06,3.64732992134961e-07,5.25047056219591,6.43802495054939,-3.8485093093662,-4.40742957186144,0.551159263999215,0.550043048901565,"TSS_more_sig"
-0.6,"eld vs kin","1030",6.6545140560617e-11,4.59628517769999e-06,10.1768836532586,5.33759303323458,4.19861469679757,3.50747636628835,0.446366831998471,0.424667796454331,"CLR_more_sig"
-0.6,"eld vs kin","1047",0.0356701662770697,0.000206215677199268,1.44769486618602,3.68567832129147,-1.70278247976198,-2.31132060577855,0.273760647982093,0.290271681191929,"TSS_more_sig"
-0.6,"eld vs kin","1074",4.45462097918464e-18,1.89060509380008e-14,17.3511892419416,13.7233991763343,5.04577189257979,4.3559745946416,0.396240232199723,0.377882858535407,"CLR_more_sig"
-0.6,"eld vs kin","1076",2.43715451048701e-13,6.41309110226197e-08,12.6131169365827,7.19293259059443,4.55492205007007,3.91115275149414,0.422316979635261,0.427719049922452,"CLR_more_sig"
-0.6,"eld vs kin","1079",0.017175985428698,0.000112815803301109,1.76507833700676,3.94763005987627,-2.37301416028146,-3.04841016959336,0.464406134493206,0.489738666326751,"TSS_more_sig"
-0.6,"eld vs kin","1082",5.28839494106262e-05,0.0302073727522034,4.27667611889319,1.51988704529401,2.94520621577909,2.37802656287687,0.484830386065607,0.49406887582527,"CLR_more_sig"
-0.6,"eld vs kin","1089",1.094987191152e-12,0.000151424849746422,11.9605909610472,3.81980284859966,2.98758993091479,2.38855065679468,0.282400310020353,0.288730943284616,"CLR_more_sig"
-0.6,"eld vs kin","1098",2.72477283339645e-25,6.39295327376607e-23,24.5646696993744,22.1942984698223,6.95779978135566,6.40932508676581,0.441926760049033,0.452025327873252,"CLR_more_sig"
-0.6,"eld vs kin","1101",0.0200793409790888,0.00114899640138796,1.69725054520441,2.93968133150301,-2.81225010887679,-3.19988782540018,0.574810345807356,0.57719036353545,"TSS_more_sig"
-0.6,"eld vs kin","1104",0.000799918810402054,0.00122519154903074,3.09695409048771,2.91179600747596,-2.76660931351961,-3.33489741042915,0.462460295108495,0.488331117214164,"CLR_more_sig"
-0.6,"eld vs kin","1105",2.67552975246504e-08,4.0458886241268e-12,7.57259021521503,11.3929860767291,-4.57140272207644,-5.21077887554172,0.492809659949824,0.517753628133042,"TSS_more_sig"
-0.6,"eld vs kin","1112",9.08561415868638e-06,1.20012184011773e-06,5.04164571043482,5.9207746607818,-3.5313197212616,-4.27686052915381,0.529793711716153,0.531828242414197,"TSS_more_sig"
-0.5,"cent vs mage","7",8.85447894949514e-12,6.8322151393442e-06,11.0528369902071,5.16543846662248,4.09209707957077,3.27605906024505,0.419184527897143,0.417176715089933,"CLR_more_sig"
-0.5,"cent vs mage","14",5.92193819094753e-09,0.0153291999757003,8.22753612978537,1.81448051019488,2.61754271874622,1.80906020345424,0.263350247179735,0.259683205443384,"CLR_more_sig"
-0.5,"cent vs mage","20",6.72976766376372e-09,0.0190417982960233,8.1719999289539,1.72029203950404,2.59567144047689,1.78001555046261,0.26542868166509,0.268372075206427,"CLR_more_sig"
-0.5,"cent vs mage","21",1.21619085044853e-10,0.00359508095393396,9.91499826816119,2.4442913257398,2.77668069281511,1.9630506900805,0.264512307605822,0.261764763147926,"CLR_more_sig"
-0.5,"cent vs mage","22",0.0334180446349511,1.67173142448754e-07,1.47601896524738,6.77683349378224,-1.69616203080735,-2.50669968651897,0.327269443740892,0.323030667183332,"TSS_more_sig"
-0.5,"cent vs mage","24",5.33737498128923e-10,4.50156324032566e-05,9.27267228443944,4.34663664427954,4.37511339277665,3.55994801105574,0.484150661475306,0.491958981686557,"CLR_more_sig"
-0.5,"cent vs mage","26",2.0329686128075e-07,0.0153990681682053,6.69186932642332,1.8125055584915,2.97846127751869,2.18566306920151,0.374070766011136,0.371802281750217,"CLR_more_sig"
-0.5,"cent vs mage","39",2.50833278300031e-08,0.000454318562608116,7.60061484573881,3.34263951836129,3.52306275822612,2.69742460223836,0.42089854667778,0.413290712494789,"CLR_more_sig"
-0.5,"cent vs mage","42",3.04372102954511e-08,0.00280998568974441,7.51659515508189,2.5512958917963,3.38825566927236,2.54119410909388,0.415181983945284,0.410054727198653,"CLR_more_sig"
-0.5,"cent vs mage","51",0.0333462058103728,6.44993986024994e-07,1.47695357372223,6.190444334742,-1.84602384019146,-2.67472879865558,0.363643827112321,0.380105684374837,"TSS_more_sig"
-0.5,"cent vs mage","56",1.25994311377933e-05,0.0415941249156017,4.89964906276295,1.38096800824164,2.92886338032014,2.08823453119061,0.365239280625435,0.373699141058486,"CLR_more_sig"
-0.5,"cent vs mage","57",0.0330265798472482,5.46897764670599e-06,1.48113639846646,5.26209385170894,-2.09507258921246,-2.88649747394546,0.430596469072737,0.45458085774661,"TSS_more_sig"
-0.5,"cent vs mage","100",0.0058884032017823,6.40770419300025e-06,2.2300024598265,5.19329754534969,-2.74737680753322,-3.53591214440045,0.551777983383947,0.55817795577973,"TSS_more_sig"
-0.5,"cent vs mage","114",1.55684527009675e-07,5.62039700494462e-13,6.80775454843533,12.2502330063229,-3.7516382938093,-4.48868270430174,0.458416454697315,0.477561516126886,"TSS_more_sig"
-0.5,"cent vs mage","132",1.18820810682494e-08,0,7.92510748887456,13.6943463494421,-4.34607475677014,-5.24302549649447,0.472199040443151,0.478077414731241,"TSS_more_sig"
-0.5,"cent vs mage","142",1.21913554582398e-05,0.0377809944473411,4.91394800600523,1.42272661504021,3.60334921668682,2.72422728723619,0.537262352878807,0.547203180802338,"CLR_more_sig"
-0.5,"cent vs mage","143",4.32212819901859e-08,3.92123081690195e-12,7.36430235561552,11.406577592906,-3.83487067300889,-4.80068329786541,0.450740695171536,0.44476907560559,"TSS_more_sig"
-0.5,"cent vs mage","146",0.0323260384717417,3.72410589965633e-06,1.49044751454338,5.42897797780282,-2.04176002130364,-2.84670362737176,0.395956448184316,0.422385606869159,"TSS_more_sig"
-0.5,"cent vs mage","148",0.00238838179209808,6.6427581497622e-07,2.62189624833495,6.17765155910982,-2.71476945640734,-3.5601143033711,0.466769499486182,0.497758858180412,"TSS_more_sig"
-0.5,"cent vs mage","168",9.73861868998095e-06,0.00125368643606432,5.01150263838434,2.90181107284796,3.41384297285262,2.65645764337057,0.447053736695939,0.446466342582678,"CLR_more_sig"
-0.5,"cent vs mage","169",0.0101606942829031,1.12811043214604e-07,1.99307661558243,6.94764838463979,-2.48357323762728,-3.27099136938232,0.412381546064322,0.438424913456567,"TSS_more_sig"
-0.5,"cent vs mage","194",0.0471925962218581,6.33691734927228e-05,1.32612613001429,4.19812195722525,-1.94324482988062,-2.7386930973069,0.467725677542789,0.484360064279593,"TSS_more_sig"
-0.5,"cent vs mage","210",6.79624030663906e-11,0,10.1677312734166,13.6943463494421,-4.4177938492162,-5.18525242774228,0.460610273462699,0.464180317082889,"TSS_more_sig"
-0.5,"cent vs mage","219",2.32443879592726e-08,2.58324596682359e-13,7.63368188460286,12.5878342399945,-3.83778682948739,-4.78280156869455,0.452435779836474,0.464513742194501,"TSS_more_sig"
-0.5,"cent vs mage","255",0.0436618544480997,0.000140476720150471,1.35989782246396,3.85239564122428,-2.10164658863816,-2.87873100732371,0.505718598486515,0.526950160202865,"TSS_more_sig"
-0.5,"cent vs mage","287",0.0344916821621343,2.2664700287879e-05,1.46228562453903,4.64465001956496,-2.0249483845181,-2.86013796862443,0.430783665939533,0.459312847959454,"TSS_more_sig"
-0.5,"cent vs mage","289",0.00445493359392651,3.73535144147779e-07,2.35115876525364,6.42766853122095,-2.64930748473004,-3.40659240878931,0.479812048333457,0.490783628865524,"TSS_more_sig"
-0.5,"cent vs mage","294",0.000120337789014242,0.0434740015417358,3.91959797213417,1.36177038356088,2.79539833290811,2.03845365566153,0.395425323346495,0.382126493463306,"CLR_more_sig"
-0.5,"cent vs mage","353",0.000519735630472549,1.98775349948282e-11,3.28421750910135,10.7016374732848,-3.22000098011623,-4.06672702114535,0.442858410730398,0.450053513290795,"TSS_more_sig"
-0.5,"cent vs mage","363",0.0132233865084769,5.30215842586147e-06,1.87865730781559,5.27554729990555,-2.03664422596544,-2.85000413753872,0.419010379842054,0.442607792251711,"TSS_more_sig"
-0.5,"cent vs mage","372",0.0337165961595435,5.89854275400285e-05,1.47215627579534,4.22925526836891,-2.21966181312386,-2.91296648576753,0.474358813536615,0.47524689344949,"TSS_more_sig"
-0.5,"cent vs mage","381",0.0268216242283538,0.000954849731806718,1.57151492625874,3.02006496954927,-1.99401606932681,-2.75299097514733,0.49383833200183,0.500891421470193,"TSS_more_sig"
-0.5,"cent vs mage","401",0.0191573424736899,4.09632385055805e-05,1.71766473685772,4.38760571586267,-2.0421987259202,-2.94708170419596,0.430153819943223,0.439121568474734,"TSS_more_sig"
-0.5,"cent vs mage","453",0.0445698530366494,2.20649341138493e-05,1.35095879794159,4.65629736502324,-2.14074630235689,-3.01044603830275,0.453914832755069,0.454119377421457,"TSS_more_sig"
-0.5,"cent vs mage","464",0.0114976515881818,0.000997702338159897,1.939390855859,3.00099900999201,-2.25798868263405,-2.887464497719,0.478709905312058,0.478615817908757,"TSS_more_sig"
-0.5,"cent vs mage","528",0.0379718872855673,6.33526202959807e-07,1.42053781694136,6.19823541777263,-1.9264899181161,-2.88193444251673,0.40805983900999,0.432575252639276,"TSS_more_sig"
-0.5,"cent vs mage","531",0.0343963340879066,2.50241933844576e-05,1.46348784144682,4.60163991242306,-2.09625036198338,-2.98613706748794,0.451381084013269,0.467447146349046,"TSS_more_sig"
-0.5,"cent vs mage","546",0.0126072360575869,8.8140477168752e-05,1.89938011537057,4.05482460266664,-2.12693078341439,-2.98881031713056,0.433665672920546,0.440509781059612,"TSS_more_sig"
-0.5,"cent vs mage","675",0.000117475356839435,3.52845654525915e-09,3.9300532271038,8.45241522675482,-3.03752626478181,-3.89193586498021,0.46976933558116,0.480491048482999,"TSS_more_sig"
-0.5,"cent vs mage","737",0.0267315222376654,2.79601808933293e-05,1.57297630945915,4.5534600231724,-2.14621935889102,-2.88782815122307,0.462384195072481,0.464834775605474,"TSS_more_sig"
-0.5,"cent vs mage","769",0.0337780063137268,2.48388149655769e-06,1.47136598746185,5.60486912774616,-2.16973558427739,-2.81642440205251,0.450431493426539,0.43885975035794,"TSS_more_sig"
-0.5,"cent vs mage","770",0.00603501361509522,2.28036594242702e-08,2.21932174578966,7.64199545386614,-2.15723810085735,-2.94005981441607,0.329026891539666,0.350036120175573,"TSS_more_sig"
-0.5,"cent vs mage","816",0.0384396154138463,1.02463513642779e-05,1.41522096607321,4.98943075553067,-1.85059403061927,-2.60249399465214,0.402389875307734,0.407313271767852,"TSS_more_sig"
-0.5,"cent vs mage","819",0.0462829593654543,7.09164237847781e-05,1.33457887973333,4.14925317337706,-2.05636906973695,-2.78943952073617,0.425687794567762,0.434029306996945,"TSS_more_sig"
-0.5,"cent vs mage","837",0.0387561320596811,0.00066788649460138,1.41165957292568,3.17529733835799,-1.988548121564,-2.69095585225785,0.448613109943113,0.446200466194218,"TSS_more_sig"
-0.5,"cent vs mage","849",0.0331503809633281,2.7552288414836e-06,1.47951147632948,5.55984232404772,-1.89699781021219,-2.74662444079772,0.37784502158978,0.416885667823515,"TSS_more_sig"
-0.5,"cent vs mage","854",1.64211673658686e-05,0.0396881203096926,4.784595972519,1.40133946945916,3.22085528887489,2.42547631609852,0.459483410201007,0.463586296875169,"CLR_more_sig"
-0.5,"cent vs mage","884",0.0371098392075431,2.30870651727971e-06,1.43051092739274,5.63663127107886,-1.80106501399198,-2.64155270707136,0.388741796831257,0.39833404949875,"TSS_more_sig"
-0.5,"cent vs mage","912",0.0445941384144402,4.72011580110837e-06,1.35072222248877,5.32604734645798,-2.27218932289983,-3.00538100078163,0.467256800236592,0.46923904404989,"TSS_more_sig"
-0.5,"cent vs mage","917",0.0251587456232878,2.10464519542182e-06,1.59931101594794,5.67682110774189,-2.42917752169775,-3.22724409175071,0.475279212754108,0.501644424652923,"TSS_more_sig"
-0.5,"cent vs mage","921",3.08815210468199e-08,2.0214064659343e-13,7.5103013169512,12.6943463494421,-3.93883233275466,-4.70870882712449,0.473753775033746,0.484464393982779,"TSS_more_sig"
-0.5,"cent vs mage","966",0.0338732358372589,1.12429102539963e-05,1.47014331415724,4.94912125605746,-2.43799962855998,-3.20348525349536,0.524568512788201,0.534846259061747,"TSS_more_sig"
-0.5,"cent vs mage","975",0.0247907560451406,5.2318022591557e-05,1.60571022832594,4.28134867893846,-2.07617705583659,-2.70078770716022,0.431690436549496,0.429081539865802,"TSS_more_sig"
-0.5,"cent vs mage","978",3.77032441761025e-06,0.021985867031219,5.42362127931245,1.65785640293719,3.27284380853052,2.47577880315973,0.453800954334572,0.450455624028923,"CLR_more_sig"
-0.5,"cent vs mage","1004",0.0330836287369345,2.45876588305401e-06,1.48038686145334,5.60928282162251,-2.41031222581199,-3.14641314696465,0.455030747489561,0.456205353699852,"TSS_more_sig"
-0.5,"cent vs mage","1019",2.37041643155276e-05,3.3266622595547e-11,4.62517535102009,10.4779912887787,-2.69787139856924,-3.53898329554171,0.389327363545271,0.39444324505331,"TSS_more_sig"
-0.5,"cent vs mage","1040",0.0463428365907014,2.63427828667324e-05,1.33401738707634,4.57933834783187,-1.90418417422108,-2.78321963861281,0.452732466243428,0.4611553851687,"TSS_more_sig"
-0.5,"cent vs mage","1043",1.99179115949681e-05,0.0367012864785906,4.70075619956335,1.43531871229394,2.68969595110976,1.94452178587333,0.316811825026089,0.327196891495798,"CLR_more_sig"
-0.5,"cent vs mage","1058",0.00202632015728984,1.77482983903419e-07,2.69329193530376,6.7508432783897,-2.72100742799927,-3.44075342482979,0.465295591222733,0.453285527870244,"TSS_more_sig"
-0.5,"cent vs mage","1074",1.50380111483184e-07,0.0354329130485828,6.82280959754927,1.45059314151614,3.21142365563333,2.42079388102681,0.387471734447623,0.375868428164841,"CLR_more_sig"
-0.5,"cent vs mage","1079",0.0296295775546963,1.07980348965368e-06,1.52827454045286,5.96665527333182,-2.07491350894743,-2.93429731083555,0.390944905211924,0.424869973200489,"TSS_more_sig"
-0.5,"cent vs mage","1087",2.18190938950271e-08,0.000143386652655608,7.66116328878712,3.84349127368778,3.76680950175066,3.12138380391759,0.487586956881874,0.490332698455972,"CLR_more_sig"
-0.5,"cent vs mage","1098",1.37995739277459e-12,2.67088437881491e-06,11.8601343225615,5.57334491195224,4.41038148645886,3.65158901197811,0.443147083151411,0.444494799533226,"CLR_more_sig"
-0.5,"cent vs mage","1104",0.00217102432484358,1.1412734071337e-07,2.66333531054551,6.94261030213256,-2.5034976287654,-3.27259460395556,0.437235860626721,0.452253653988843,"TSS_more_sig"
-0.5,"eld vs kin","3",1.55014889813287e-14,0,13.8096265840673,30.4339568677582,-4.73055001514087,-5.32108095046521,0.43219910893417,0.447066912772727,"TSS_more_sig"
-0.5,"eld vs kin","4",2.21597158187202e-12,0.000233809098444952,11.6544358134,3.63113859271416,2.4942078528775,1.90431855894511,0.228169662706278,0.220094158597656,"CLR_more_sig"
-0.5,"eld vs kin","5",4.22093149123631e-06,5.08651391513947e-08,5.37459169670119,7.29357976306832,-2.77665059215451,-3.36591300709924,0.38563014039485,0.386336737059724,"TSS_more_sig"
-0.5,"eld vs kin","7",3.68165536428995e-30,7.37088656789552e-26,29.4339568677582,25.1324802721968,7.54579992565407,6.93592313458946,0.465993687840459,0.454367116864913,"CLR_more_sig"
-0.5,"eld vs kin","10",0.000270528637954756,8.99416954759277e-06,3.56778675404208,5.04603892987794,-2.7481879346177,-3.30318681261062,0.48454601044632,0.47466623550304,"TSS_more_sig"
-0.5,"eld vs kin","11",2.04626782723119e-10,3.93109125433648e-05,9.68903752395903,4.4054868745735,3.19140194530636,2.59395081152785,0.350575910805803,0.346926486415813,"CLR_more_sig"
-0.5,"eld vs kin","12",0.00492535943200631,6.70613621413767e-05,2.30756207102605,4.17352762948645,-1.98190966936787,-2.56460941300483,0.379502423474106,0.368606813815583,"TSS_more_sig"
-0.5,"eld vs kin","14",1.70010117055741e-11,4.46332217591101e-05,10.7695252336173,4.35034176335657,2.81727721135347,2.24259217159059,0.280860363874721,0.276533528562947,"CLR_more_sig"
-0.5,"eld vs kin","15",1.15643872064597e-05,0.00780285980140454,4.9368773754229,2.10774619624009,2.94917327303292,2.34103084577047,0.450815130499271,0.430985430675886,"CLR_more_sig"
-0.5,"eld vs kin","16",2.84082426746844e-14,1.88566167248158e-06,13.5465556307717,5.724536226209,2.98608443260777,2.39292505864963,0.262687435534204,0.265660566993822,"CLR_more_sig"
-0.5,"eld vs kin","21",6.6759813081294e-21,1.82343034511628e-13,20.1754848879586,12.7391108220455,4.05728989594158,3.47939411058815,0.297240562782647,0.294426289128485,"CLR_more_sig"
-0.5,"eld vs kin","23",4.32649128757602e-07,0.0287732949822319,6.36386416650378,1.54101040190311,2.37092835118496,1.80386566515369,0.295658081080454,0.317060177325548,"CLR_more_sig"
-0.5,"eld vs kin","25",7.38697677956307e-07,0.00183443557903057,6.13153326615073,2.73649753501885,3.01383411992707,2.43760167747472,0.41668574145179,0.422971717684034,"CLR_more_sig"
-0.5,"eld vs kin","26",1.74153608954597e-05,0.04830887756027,4.75906752130436,1.31597305307535,2.40236601514413,1.83448563721409,0.365916696830296,0.365534672815784,"CLR_more_sig"
-0.5,"eld vs kin","29",2.16354828161235e-07,0.0122165411397834,6.66483340866777,1.91305173816376,2.41270991455873,1.82762183482934,0.290228314662097,0.292679533589674,"CLR_more_sig"
-0.5,"eld vs kin","31",4.91236090729576e-07,0.0014397298167825,6.30870973342041,2.8417190010227,3.55006691844879,2.98093611758696,0.519461773585694,0.530696795671193,"CLR_more_sig"
-0.5,"eld vs kin","33",2.26602953505143e-06,4.72401496370703e-08,5.64473443391381,7.32568873539275,-3.22300982449143,-3.82373722762845,0.455439293760239,0.460316585022342,"TSS_more_sig"
-0.5,"eld vs kin","38",0.0142487928519545,0.000421922603539496,1.84622192723033,3.37476720766026,-1.81399629127316,-2.39548920968366,0.370439358455735,0.381204502697458,"TSS_more_sig"
-0.5,"eld vs kin","47",0.000407358381657652,0.0435259293747158,3.39002334337637,1.36125194696533,2.82022089719341,2.24714018873745,0.53625818163712,0.528640722767452,"CLR_more_sig"
-0.5,"eld vs kin","57",0.00296589150264998,0.000357402087852246,2.52784474024704,3.44684291478488,-2.40395894478204,-3.02620523362066,0.444321178041681,0.48708566824597,"TSS_more_sig"
-0.5,"eld vs kin","62",0.0137993584351619,0.000276930748621383,1.86014110450789,3.557628820292,-1.63872156509668,-2.20751553919793,0.306555312493429,0.318312570419162,"TSS_more_sig"
-0.5,"eld vs kin","65",1.52129802405595e-05,7.07516760686186e-07,4.81778569881723,6.15026326748239,-2.69370484927065,-3.24242337260833,0.383597998275088,0.374338023433393,"TSS_more_sig"
-0.5,"eld vs kin","67",2.81222845936272e-12,1.73099960291504e-13,11.5509494010739,12.7617030317502,-5.3844316784089,-5.9899670538038,0.558333819532732,0.564262065702697,"TSS_more_sig"
-0.5,"eld vs kin","68",0.0218850541264619,0.00147011379514203,1.65985237494556,2.83264904709571,-1.65743416733782,-2.25722667346553,0.354804813228641,0.383525923665431,"TSS_more_sig"
-0.5,"eld vs kin","74",1.52262438100403e-07,0.000195196517870492,6.81740722035202,3.70952793402137,3.70294974940964,3.15034060907035,0.490031897342353,0.495940015888075,"CLR_more_sig"
-0.5,"eld vs kin","79",3.46374566270299e-08,4.47836650848142e-10,7.46045400503226,9.34888036674235,-3.68519021671898,-4.33408225563321,0.472385602396745,0.491597172535629,"TSS_more_sig"
-0.5,"eld vs kin","80",7.45551305823018e-06,0.029617600657076,5.1275224647943,1.52845012689511,2.45242499161479,1.87128402156269,0.359225141598349,0.353216656963281,"CLR_more_sig"
-0.5,"eld vs kin","82",7.12698634647608e-05,2.34219267689224e-05,4.14709407320189,4.63037738122388,-3.77238426890896,-4.40535282294296,0.5935133987649,0.604564104082768,"TSS_more_sig"
-0.5,"eld vs kin","83",7.95524546477069e-06,3.52418701589162e-07,5.09934641534478,6.45294105320701,-3.34059570515746,-3.92734791216876,0.493060978135828,0.524504583864897,"TSS_more_sig"
-0.5,"eld vs kin","84",1.22294086852475e-07,1.18926975269286e-09,6.91259454140545,8.92471962661038,-3.74749073794812,-4.37687741089439,0.446960619064184,0.486735788008428,"TSS_more_sig"
-0.5,"eld vs kin","85",0.00694345906761173,0.000187502576433483,2.15842412036353,3.72699276034609,-2.2707966204552,-2.84945732725872,0.47030373985211,0.486025250532161,"TSS_more_sig"
-0.5,"eld vs kin","87",0.00214763950609747,6.86461032933478e-05,2.66803861573398,4.16338411052086,-2.85487740479337,-3.43296256497309,0.512036184799688,0.523595449466742,"TSS_more_sig"
-0.5,"eld vs kin","88",0.0425528252602079,0.0025500887110527,1.37107159999338,2.59344471131093,-2.30528579534777,-2.82603600072583,0.595061056534565,0.605849103878178,"TSS_more_sig"
-0.5,"eld vs kin","89",2.91026795720356e-16,1.89543090591993e-10,15.5360670223621,9.72229204227138,4.88549931599154,4.37919253873294,0.442008022059636,0.451230384588519,"CLR_more_sig"
-0.5,"eld vs kin","91",1.70717723891524e-07,1.27424969098188e-08,6.76772138814887,7.89474546305994,-4.23589112510367,-4.83832103567643,0.560096205741642,0.586575726887513,"TSS_more_sig"
-0.5,"eld vs kin","100",1.93664935631801e-06,5.27274273808129e-08,5.71294900416539,7.27796341777479,-3.71960718762269,-4.2525062744773,0.548437401673713,0.559513588388821,"TSS_more_sig"
-0.5,"eld vs kin","102",0.00065248869594304,2.12397611480448e-05,3.18542700787027,4.67285037142623,-2.81887870394348,-3.37054978321823,0.521948764333394,0.540925725016023,"TSS_more_sig"
-0.5,"eld vs kin","108",0.0190424595104796,0.00124924719796548,1.72027695916343,2.90335161599744,-2.81863692817332,-3.25443482476872,0.636437001876691,0.643786659065968,"TSS_more_sig"
-0.5,"eld vs kin","110",0.00429977423545005,0.000433602220686364,2.36655434694885,3.36290850223221,-2.4191542432592,-3.02214058362343,0.496462094664671,0.522168683623327,"TSS_more_sig"
-0.5,"eld vs kin","111",2.46187098168972e-06,3.52977058165511e-07,5.6087347107095,6.45225352077622,-3.20430259751524,-3.78243535237922,0.447085716971722,0.458972782932914,"TSS_more_sig"
-0.5,"eld vs kin","114",0.0418089210779484,0.0111280907943909,1.37873103971912,1.95357933958124,-1.96752533563324,-2.50492355910988,0.503066517889642,0.540196662222355,"TSS_more_sig"
-0.5,"eld vs kin","115",0.0032968599618716,0.000973017948394809,2.48189949965031,3.01187914861456,-2.62321679550794,-3.18971308311895,0.555049316391813,0.558489637303595,"TSS_more_sig"
-0.5,"eld vs kin","118",0.00279912986232805,4.3592533799009e-05,2.55297695248625,4.36058788705145,-2.16626524208418,-2.79565744076753,0.406477007972853,0.397908548317046,"TSS_more_sig"
-0.5,"eld vs kin","119",1.67991485363344e-06,0.0289741860816077,5.77471272990168,1.53798875502722,2.43163526156799,1.88749703821535,0.311768224458946,0.323960038648318,"CLR_more_sig"
-0.5,"eld vs kin","121",8.75384530500808e-12,1.11561908345074e-07,11.0578011323602,6.95248406542923,4.6277232108571,3.97849429850124,0.489896192893819,0.491324338872833,"CLR_more_sig"
-0.5,"eld vs kin","128",0.00413679770296008,0.00183622112125921,2.38333571638664,2.73607502141347,-2.62021712154461,-3.25168256564631,0.56698944659215,0.584613829618209,"TSS_more_sig"
-0.5,"eld vs kin","130",0.00141219325820906,8.4906675037524e-06,2.8501058661521,5.07105816584546,-3.15404372764101,-3.80167565537527,0.5748361646641,0.587231161941742,"TSS_more_sig"
-0.5,"eld vs kin","133",0.00150573893842145,0.000203538680810486,2.82225031859415,3.69135304459008,-2.45369562360711,-3.02268013747205,0.455503394563927,0.486552727094199,"TSS_more_sig"
-0.5,"eld vs kin","138",7.54596323739205e-11,1.06128427338414e-05,10.1222853149363,4.97416827130511,3.94174302189268,3.34931568492941,0.436584951947214,0.442043464097422,"CLR_more_sig"
-0.5,"eld vs kin","139",3.45433412528765e-07,1.48296437674427e-08,6.46163565699712,7.82886928131768,-3.96816421513974,-4.4873198159464,0.52603375590522,0.533623548318378,"TSS_more_sig"
-0.5,"eld vs kin","145",0.00333950436135708,0.00167344734825256,2.47631798501492,2.77638794731761,-2.40341393571013,-2.94211072821523,0.513287506421738,0.531811104382705,"TSS_more_sig"
-0.5,"eld vs kin","147",0.00253848008340057,0.00089022694854262,2.59542623966657,3.05049926309078,-2.77452050353612,-3.35130217879269,0.570500219469841,0.557265989950621,"TSS_more_sig"
-0.5,"eld vs kin","150",0.0232811347988565,0.000949588056863114,1.63299585456897,3.0224647562176,-1.78691054914781,-2.37369668223868,0.424017256715073,0.393591874173023,"TSS_more_sig"
-0.5,"eld vs kin","151",2.51114812857794e-16,3.38608624855605e-11,15.6001276682004,10.4703019839722,5.35326361128223,4.78935759336153,0.470444575025795,0.479473936834446,"CLR_more_sig"
-0.5,"eld vs kin","162",0.00499003211733166,0.00139377416983784,2.30189665911909,2.85580758831723,-2.78409084069548,-3.38103448780237,0.600478678224582,0.605147669789567,"TSS_more_sig"
-0.5,"eld vs kin","163",0.00164842976838792,5.3047456359219e-05,2.78292955131205,4.27533543580863,-2.90164361044818,-3.36957369277782,0.554636887269323,0.568927663708576,"TSS_more_sig"
-0.5,"eld vs kin","164",3.6750400819222e-06,0.00164925680288247,5.43473791990966,2.78271171585856,3.23140593176568,2.63374822916919,0.466908983016376,0.463091270634625,"CLR_more_sig"
-0.5,"eld vs kin","169",4.82600211944429e-05,4.44507661224749e-07,4.31641249169728,6.35212074943177,-3.38092997608734,-3.99351991128171,0.502400397285498,0.522276847299384,"TSS_more_sig"
-0.5,"eld vs kin","172",0.00265987864137424,1.43905922524979e-06,2.57513817787414,5.8419213320746,-2.74560968668791,-3.36894518570656,0.454494972067169,0.463878173226786,"TSS_more_sig"
-0.5,"eld vs kin","181",0.00493796508747306,0.000329956162039238,2.30645198495318,3.48154375663464,-2.55255881415444,-3.09309832669225,0.48034983953404,0.497966507052706,"TSS_more_sig"
-0.5,"eld vs kin","200",0.0086777799287003,0.0046832115284825,2.06159136791538,2.32945622582287,-2.15907520582688,-2.78483664053827,0.494867677449283,0.521294762185035,"TSS_more_sig"
-0.5,"eld vs kin","203",0.00328115803587602,8.78475445348732e-05,2.48397285146217,4.05627037315399,-2.15624535232187,-2.75440400696895,0.423366143403726,0.435469577995524,"TSS_more_sig"
-0.5,"eld vs kin","205",0.0334498464969125,0.0127940251339094,1.47560587089158,1.89299280044451,-1.97491474866577,-2.4158785641588,0.537441166543895,0.565560320538646,"TSS_more_sig"
-0.5,"eld vs kin","207",1.09967519579744e-07,4.66730994675185e-05,6.95873557075353,4.33093335752616,3.56928528592796,2.92848894667476,0.460816152643615,0.458328449185381,"CLR_more_sig"
-0.5,"eld vs kin","216",0.00382986604935279,0.00220433830478654,2.41681641533797,2.65672175254845,-2.44559326351908,-2.9990758702696,0.512733640402468,0.517490279493989,"TSS_more_sig"
-0.5,"eld vs kin","222",2.44815810678662e-06,0.004743172979799,5.61116053804295,2.32393103668013,3.34301449638698,2.65834599595743,0.500090346479011,0.517549215886453,"CLR_more_sig"
-0.5,"eld vs kin","246",2.99400047117779e-05,0.0298282358457744,4.52374813564631,1.52537243168996,2.92167192598465,2.36487819513245,0.469270471902595,0.477250917031336,"CLR_more_sig"
-0.5,"eld vs kin","251",0.00826836615129894,0.000949825254234112,2.08258029958615,3.02235628745066,-2.72787746268053,-3.45723489875897,0.566880734416789,0.595535907761566,"TSS_more_sig"
-0.5,"eld vs kin","252",0.00286301011243791,0.000285167004300158,2.54317711800417,3.54490072664403,-2.38590395471645,-2.99831756286315,0.474037345093213,0.481909100261386,"TSS_more_sig"
-0.5,"eld vs kin","267",0.000420197646820108,0.00063634636542409,3.37654638404788,3.19630643207694,-3.25011330920847,-3.80368658626913,0.596611093945977,0.613370333631177,"CLR_more_sig"
-0.5,"eld vs kin","282",0.000305154682041704,1.67857150189599e-05,3.51547996220001,4.77506015443534,-2.92049017468002,-3.49183355552548,0.479762572181989,0.483267466803018,"TSS_more_sig"
-0.5,"eld vs kin","344",2.53695514222325e-07,0.00099590849389504,6.59568721179173,3.00178056360653,3.08973413782621,2.52976360019751,0.421819962424708,0.422957254331774,"CLR_more_sig"
-0.5,"eld vs kin","349",0.00581610987512409,0.00269804889363033,2.23536739759101,2.56895018437447,-2.28489292417549,-2.84566445996799,0.485815297225638,0.501416579744963,"TSS_more_sig"
-0.5,"eld vs kin","363",0.0366907481894377,0.000423099980270658,1.43544343211892,3.37355699492005,-2.19486600605723,-2.81484317995508,0.470262092665023,0.473223553020204,"TSS_more_sig"
-0.5,"eld vs kin","473",0.00153223804525154,1.68140625676723e-05,2.81467375839259,4.77432734084033,-2.70551682865223,-3.31073051288162,0.528130697350887,0.526997893660015,"TSS_more_sig"
-0.5,"eld vs kin","614",0.000841985890495115,5.39365334547571e-06,3.07469518609115,5.26811696944874,-2.95393981787238,-3.34342619963155,0.495999490235513,0.49876583043006,"TSS_more_sig"
-0.5,"eld vs kin","616",6.40383060456235e-05,2.25378346881047e-06,4.19356016464731,5.64708781092433,-2.67481538357902,-3.19133699712142,0.420291956424033,0.435251257845312,"TSS_more_sig"
-0.5,"eld vs kin","666",1.16555695650611e-10,4.49814456515707e-11,9.93346649924171,10.3469665909544,-3.89746936292771,-4.45424145907213,0.410568763537347,0.427235364021127,"TSS_more_sig"
-0.5,"eld vs kin","728",3.14459817529726e-14,8.04962479219936e-09,13.5024348419199,8.09422436242406,4.11637233663581,3.56039681052063,0.392736583693205,0.386267821816298,"CLR_more_sig"
-0.5,"eld vs kin","744",3.5475104700649e-06,1.68587703991933e-07,5.4500763140989,6.77317410398879,-3.69188088110444,-4.24387625184796,0.530063484351315,0.530907737713135,"TSS_more_sig"
-0.5,"eld vs kin","753",0.0488667871938025,0.00739029327906291,1.31098621325073,2.1313383265644,-2.09807889737294,-2.59839867794042,0.546254227225844,0.57189208263471,"TSS_more_sig"
-0.5,"eld vs kin","754",0.0493017346382908,0.0101335823175322,1.30713780018352,1.99423700027519,-1.96705729885833,-2.43194176254151,0.479548484200735,0.497363350015044,"TSS_more_sig"
-0.5,"eld vs kin","757",0.0225609651024287,0.0011178736639149,1.6466423262448,2.95160727530907,-1.93384162599438,-2.50729373917903,0.436296376434121,0.443987988755536,"TSS_more_sig"
-0.5,"eld vs kin","770",0.00010765223627634,9.22810162943044e-06,3.96797694408121,5.03488763122314,-2.60608382896517,-3.16670361074686,0.410768776079924,0.437997265005518,"TSS_more_sig"
-0.5,"eld vs kin","786",3.69878423038916e-07,1.11806357788049e-09,6.43194100263555,8.95153349990434,-3.77472259847973,-4.36845816568133,0.490291392874279,0.500990502319661,"TSS_more_sig"
-0.5,"eld vs kin","849",1.29525453456527e-05,2.75920225880901e-06,4.88764487861372,5.55921646310722,-2.73740402381752,-3.37691640500143,0.399460361457599,0.431971749872717,"TSS_more_sig"
-0.5,"eld vs kin","854",1.3620770961022e-06,0.0283816463850146,5.86579830985043,1.54696241524965,3.31286076277146,2.53034650981544,0.465488920682323,0.452856888314515,"CLR_more_sig"
-0.5,"eld vs kin","875",0.00338665802712597,0.000801970379711704,2.47022865467815,3.09584167182222,-2.46395395703199,-2.93592559498912,0.540401098149052,0.564220260906678,"TSS_more_sig"
-0.5,"eld vs kin","879",9.01142825831339e-05,0.000111776176834037,4.04520637044758,3.95165074897201,-2.64558682103929,-3.09176667436803,0.412848432493486,0.413022716527137,"CLR_more_sig"
-0.5,"eld vs kin","886",3.74491313947314e-11,7.10878232083338e-07,10.4265582509912,6.14820478416933,4.58648021428627,4.01270066003689,0.516519751952053,0.527005287175474,"CLR_more_sig"
-0.5,"eld vs kin","888",1.19218715178534e-05,0.0179479823282342,4.92365556287795,1.74598436674951,2.81759949294049,2.25107452268848,0.440827586117151,0.45064789382831,"CLR_more_sig"
-0.5,"eld vs kin","891",1.59322297790364e-05,2.25894020065504e-06,4.79772343870208,5.64609526570172,-3.4582599278326,-3.95504332878919,0.557745259609909,0.583884458772172,"TSS_more_sig"
-0.5,"eld vs kin","895",0.000538987376640557,6.53026484256157e-07,3.26842140609257,6.18506920504489,-2.96214251223325,-3.70476792075837,0.509716801060272,0.500453505094097,"TSS_more_sig"
-0.5,"eld vs kin","914",0.00116237543721736,4.68668787653565e-05,2.93465357592413,4.32913396860736,-2.85421757731556,-3.52548513446068,0.545106705195802,0.564323559084426,"TSS_more_sig"
-0.5,"eld vs kin","917",0.0291411478028109,0.00613420631036705,1.53549334636802,2.21224162158027,-2.11602132372627,-2.6852892139359,0.510047369096941,0.530853066073898,"TSS_more_sig"
-0.5,"eld vs kin","935",0.0296556970432207,0.00202368233125277,1.527891863623,2.69385766011867,-2.4054031136743,-3.10168515369,0.551028384384457,0.541222423619582,"TSS_more_sig"
-0.5,"eld vs kin","947",5.24627073668512e-12,4.3919166527602e-07,11.2801493011619,6.35734591026784,4.22985051466519,3.65767292382313,0.428371207885845,0.442048639580297,"CLR_more_sig"
-0.5,"eld vs kin","965",0.0032197791605711,0.000585196352541443,2.4921739148366,3.23269838944362,-2.78697461677017,-3.38737675137523,0.597983686368196,0.598822356990544,"TSS_more_sig"
-0.5,"eld vs kin","978",1.62330233068957e-21,2.71658135486172e-20,20.7896005878001,19.5659772843949,6.09667443992525,5.5331824883367,0.419459602703548,0.41228163212359,"CLR_more_sig"
-0.5,"eld vs kin","984",5.59418871153084e-18,2.11490837430214e-10,17.2522628874471,9.67470844313383,4.88974553622591,4.14655790217094,0.415431014668849,0.41243716453037,"CLR_more_sig"
-0.5,"eld vs kin","988",2.27395527088059e-05,0.0105317067315356,4.64321808221679,1.97750124286725,3.13879533939448,2.56408553905671,0.528964634393732,0.523665016181376,"CLR_more_sig"
-0.5,"eld vs kin","991",5.1099207397726e-05,1.31175361083599e-07,4.29158583617573,6.88214773165488,-3.72904814751951,-4.34606476215763,0.56937216083441,0.561019069162918,"TSS_more_sig"
-0.5,"eld vs kin","1000",0.0203693851029103,0.00265918915597952,1.69102208098725,2.5752507689203,-2.229657026322,-2.79399175115267,0.565411762924479,0.559947935274795,"TSS_more_sig"
-0.5,"eld vs kin","1014",8.24252694950906e-08,6.37105957075711e-09,7.08393962422679,8.19578833415353,-4.27698094224486,-4.88383462108705,0.50189369092007,0.529865054314513,"TSS_more_sig"
-0.5,"eld vs kin","1021",2.16359543827127e-06,5.72635352606432e-08,5.66482394289632,7.2421218435866,-3.8103790612918,-4.39034344958922,0.548328127061813,0.550547725300583,"TSS_more_sig"
-0.5,"eld vs kin","1030",4.17115265743306e-11,2.87339289844706e-06,10.3797439153885,5.54160498592555,4.15648579079588,3.57345341072638,0.439438502437398,0.435396710953656,"CLR_more_sig"
-0.5,"eld vs kin","1047",0.00214840672955959,3.99773771954473e-05,2.66788349593254,4.39818570213659,-1.71256299941454,-2.29885401242362,0.273962607961898,0.29111843395011,"TSS_more_sig"
-0.5,"eld vs kin","1074",4.71247362730911e-19,1.40558713037929e-11,18.3267510672469,10.8521422279149,5.05185612645908,4.49231725045902,0.394471965819801,0.398296856669466,"CLR_more_sig"
-0.5,"eld vs kin","1076",1.66241248631195e-12,3.69847793374527e-08,11.7792612078066,7.43197696808855,4.54261474120122,4.06508873826935,0.435920766538385,0.435859148841415,"CLR_more_sig"
-0.5,"eld vs kin","1079",0.0027715843475984,8.6517828666173e-05,2.55727189999083,4.06289438856411,-2.43207604710533,-2.96605856051975,0.474662393609329,0.494754687301939,"TSS_more_sig"
-0.5,"eld vs kin","1082",8.30031892680871e-05,0.0135563927847817,4.08090522021523,1.86785585634455,2.9482817137407,2.37040089459076,0.496267196473488,0.487480860488499,"CLR_more_sig"
-0.5,"eld vs kin","1089",1.94254474608781e-12,1.05276014711351e-05,11.7116289685347,4.97767056390516,2.97095013595794,2.39646160699763,0.281721315884008,0.289593063834275,"CLR_more_sig"
-0.5,"eld vs kin","1098",5.7342857306716e-29,4.17482859107188e-21,28.2415206706218,20.379361350954,6.96024887877166,6.36904797142813,0.444690849288333,0.446296877428271,"CLR_more_sig"
-0.5,"eld vs kin","1101",0.00527004685785425,0.00136188644518673,2.27818552330414,2.86585910261762,-2.64224615445199,-3.28543003460876,0.575692252956938,0.594052661293724,"TSS_more_sig"
-0.5,"eld vs kin","1104",0.000399730731733871,1.71456427243787e-05,3.39823246142372,4.76584623020963,-2.90848036386254,-3.42937441313446,0.451315367012253,0.475677353745133,"TSS_more_sig"
-0.5,"eld vs kin","1105",6.94845358787271e-09,2.69209191975743e-12,8.15811183900439,11.5699101154875,-4.60922410357044,-5.24726166312651,0.50171473197913,0.500273869882146,"TSS_more_sig"
-0.5,"eld vs kin","1112",4.37480787933727e-05,1.20262508558177e-06,4.35904101436183,5.91986974143837,-3.61795347838844,-4.14596308457389,0.538167073892842,0.536760015605132,"TSS_more_sig"
-0.4,"cent vs mage","4",1.03129810003847e-05,0.00777233957794192,4.98661578235074,2.10944823308453,2.08534080558479,1.4175712777134,0.199359772339807,0.182983272784857,"CLR_more_sig"
-0.4,"cent vs mage","7",7.86038280503158e-10,2.0455413802216e-07,9.10455630306179,6.68919173052878,4.04483212666119,3.38502085517084,0.417573658837836,0.416094990277494,"CLR_more_sig"
-0.4,"cent vs mage","14",1.05043689375596e-06,0.000391734975243008,5.97863003323118,3.40700765164096,2.58650191561559,1.91987491422062,0.263416075388662,0.25913294609208,"CLR_more_sig"
-0.4,"cent vs mage","19",0.000287906799246973,0.0275196038114937,3.54074807864198,1.56035782275196,2.40176116688849,1.73064525423647,0.332221690243397,0.34260267871175,"CLR_more_sig"
-0.4,"cent vs mage","20",1.3464821153994e-06,0.00078112673024911,5.8707994107151,3.1072785003315,2.5684703712391,1.89400791382812,0.265175769968303,0.268194998061397,"CLR_more_sig"
-0.4,"cent vs mage","21",6.15638087137342e-08,3.85145133320624e-05,7.2106745198966,4.4143755854968,2.73976801045229,2.07796077861193,0.264442531550695,0.260978461600454,"CLR_more_sig"
-0.4,"cent vs mage","22",0.0181224509071903,4.47367076745581e-05,1.74178306805608,4.34933598026138,-1.71447438833911,-2.39516826759457,0.326535955559445,0.322562387617141,"TSS_more_sig"
-0.4,"cent vs mage","24",6.18505362879503e-09,1.96611383907968e-06,8.20865653037782,5.70639133988496,4.36300880032273,3.71381015865496,0.479211912054158,0.49335859684504,"CLR_more_sig"
-0.4,"cent vs mage","26",1.11336799581902e-05,0.000478786724752319,4.95336126680756,3.31985789971663,2.95853668191981,2.3213787390081,0.368704280386776,0.373675667074735,"CLR_more_sig"
-0.4,"cent vs mage","39",1.49864798150257e-06,4.60215818335721e-05,5.82430036691461,4.33703845803189,3.46499095091709,2.80335225780402,0.422696487013542,0.415400132388571,"CLR_more_sig"
-0.4,"cent vs mage","42",1.55164661303823e-06,0.000167365806214642,5.80920718222923,3.77633326611086,3.34362059826541,2.62668135627486,0.411816651031417,0.409622979903841,"CLR_more_sig"
-0.4,"cent vs mage","51",0.0127304238988012,0.000119215442690812,1.89515713492881,3.92366748418463,-1.88325912532824,-2.58090345072018,0.363694792692074,0.393956525468888,"TSS_more_sig"
-0.4,"cent vs mage","56",1.6718444596884e-05,0.00236189276351255,4.77680412967285,2.62673982444985,2.88191385110995,2.20733059425913,0.368399508248531,0.370599514607007,"CLR_more_sig"
-0.4,"cent vs mage","57",0.0156231229628698,9.91829054570962e-05,1.80623214907741,4.00356317366638,-2.12866387572847,-2.77944852236856,0.426183383785443,0.451715024288997,"TSS_more_sig"
-0.4,"cent vs mage","69",0.00036419116400237,0.029138080430903,3.43867059525599,1.53553906223404,2.57965016264715,1.90936336080683,0.391815494911927,0.386093863140729,"CLR_more_sig"
-0.4,"cent vs mage","90",0.000363063795679753,0.0496881215097329,3.44001705629348,1.3037474217165,2.26397789660746,1.56235308985721,0.289490166557045,0.281908118419771,"CLR_more_sig"
-0.4,"cent vs mage","100",0.00223190517617026,0.000371707811722288,2.651324260604,3.42979831177962,-2.76499083843989,-3.46841972685855,0.556611927521387,0.566871599711719,"TSS_more_sig"
-0.4,"cent vs mage","106",8.37565028762467e-06,0.00380064093906537,5.07698146424774,2.42014315790239,2.61281920174984,1.98647029979261,0.322326629989388,0.33692939954849,"CLR_more_sig"
-0.4,"cent vs mage","114",9.778440784175e-09,1.08293182419135e-09,8.00973038987641,8.96539888345729,-3.77011696903846,-4.45974349029218,0.459094066914588,0.49405409956798,"TSS_more_sig"
-0.4,"cent vs mage","132",9.60384415512235e-11,2.19585973081941e-12,10.0175548960036,11.6583954056048,-4.32667702532048,-5.06605373534798,0.473960036964316,0.489015691513527,"TSS_more_sig"
-0.4,"cent vs mage","142",7.48296584121309e-05,0.00325477402442171,4.12592623727149,2.48747915866368,3.52926393345155,2.89086149615385,0.532198201320805,0.528870578622405,"CLR_more_sig"
-0.4,"cent vs mage","143",1.71510776060535e-08,2.93133156636927e-12,7.76570858794423,11.5329350552223,-3.96273099769266,-4.65199343847827,0.453889863863642,0.457167393785507,"TSS_more_sig"
-0.4,"cent vs mage","146",0.00612785637933505,9.75652403288378e-05,2.21269142196442,4.01070488133107,-2.07779564932136,-2.75540332194747,0.405657027280659,0.422482937598943,"TSS_more_sig"
-0.4,"cent vs mage","148",0.000476959185788389,2.88897094799268e-05,3.32151878268999,4.53925682547664,-2.794425553387,-3.44282166634997,0.477844891675427,0.504237785694293,"TSS_more_sig"
-0.4,"cent vs mage","168",3.57579282855103e-06,0.000861848535293432,5.4466276509565,3.06456905211748,3.41271614660699,2.76458647434113,0.45444076796426,0.454970463662144,"CLR_more_sig"
-0.4,"cent vs mage","169",0.000367383460542792,3.67709619989753e-07,3.43488039935488,6.43449500800491,-2.48246155711038,-3.18623566779722,0.412215217590867,0.437993879980168,"TSS_more_sig"
-0.4,"cent vs mage","194",0.0296221970484168,0.00449868362548093,1.52838273343742,2.34691454796338,-1.92485598149033,-2.57148926237161,0.461585280006889,0.477585102970614,"TSS_more_sig"
-0.4,"cent vs mage","210",7.35731941307882e-09,0,8.13328038894509,13.1088919705767,-4.41003192812866,-5.18747447547112,0.45488150813142,0.467506005628053,"TSS_more_sig"
-0.4,"cent vs mage","219",2.0093652291656e-09,7.78230109323351e-13,8.69694111721144,12.1088919705767,-3.94575046137196,-4.61606580830044,0.460056495526007,0.462420875459114,"TSS_more_sig"
-0.4,"cent vs mage","287",0.0145074219887275,0.000459454583973055,1.83840975610421,3.33775741116512,-2.02638388433316,-2.7022474509806,0.433671980271053,0.444078900105499,"TSS_more_sig"
-0.4,"cent vs mage","289",0.00629889549991855,0.000371598205585804,2.20073559663269,3.42992639184219,-2.62488584900934,-3.25779980236118,0.466953259090877,0.490215358549305,"TSS_more_sig"
-0.4,"cent vs mage","294",0.000952202104259938,0.0237642753321052,3.02127086311831,1.62407542454475,2.88513993065539,2.15136696972535,0.387098653336092,0.394490727891593,"CLR_more_sig"
-0.4,"cent vs mage","353",2.07813708270568e-05,2.55271120428949e-10,4.68232580793426,9.59299831542603,-3.33224841989668,-3.95936572218197,0.449223755534933,0.446016762372845,"TSS_more_sig"
-0.4,"cent vs mage","363",0.0179227399676341,4.57135122013143e-05,1.74659559613252,4.3399554102781,-2.07281365782573,-2.74634325710116,0.427109600852784,0.446566905723105,"TSS_more_sig"
-0.4,"cent vs mage","372",0.0285870070565233,0.000500901431104577,1.54383131112949,3.30024772750407,-2.14986045494362,-2.71832633638394,0.48284625985238,0.479337545129126,"TSS_more_sig"
-0.4,"cent vs mage","401",0.0484028303694126,0.000551239435119217,1.31512924211845,3.25865972099511,-1.97789663533554,-2.74943499061641,0.440613861789654,0.440419780907484,"TSS_more_sig"
-0.4,"cent vs mage","453",0.0197215521379425,0.000633788093130543,1.70505890793351,3.19805592408588,-2.06564552291753,-2.64697355898366,0.444302997536976,0.441847550771718,"TSS_more_sig"
-0.4,"cent vs mage","464",0.0136428141288725,0.000232023182176747,1.86509603770129,3.6344686211933,-2.26736902220451,-2.84477698739945,0.474374603202129,0.459093072820238,"TSS_more_sig"
-0.4,"cent vs mage","488",0.019741373067638,0.00046548789892492,1.70462264422159,3.33209160469004,-2.06301332137696,-2.71881871359154,0.466452432727318,0.46137897970003,"TSS_more_sig"
-0.4,"cent vs mage","528",0.0121235146692332,7.89696995686934e-05,1.91637145771292,4.10253951420812,-2.02224246027309,-2.71702704760002,0.413161141842203,0.430849704277595,"TSS_more_sig"
-0.4,"cent vs mage","531",0.0060588004869133,0.000386289365958771,2.21761334835497,3.41308724724993,-2.2595597351818,-2.86570973622413,0.46165258207361,0.472390909735567,"TSS_more_sig"
-0.4,"cent vs mage","652",0.00104305370068726,0.0418647319824631,2.98169333173475,1.37815168479511,2.23985707807237,1.5821605860825,0.301629317309249,0.318644047458167,"CLR_more_sig"
-0.4,"cent vs mage","671",0.00106633782412799,0.0486562218894835,2.97210518563596,1.31286161665986,2.4326788691859,1.73626231023073,0.35414646320199,0.362676453040033,"CLR_more_sig"
-0.4,"cent vs mage","675",0.000353510408642244,1.06856575008559e-08,3.45159779445735,7.97119875003634,-3.09351963954619,-3.74104582785101,0.474781774131686,0.469693910541748,"TSS_more_sig"
-0.4,"cent vs mage","728",0.000351932163797747,0.00750471390677268,3.45354104029311,2.12466585919396,2.41709403381466,1.72631609674673,0.30900274891205,0.304545923183599,"CLR_more_sig"
-0.4,"cent vs mage","737",0.013356994019834,0.00055899050623579,1.87429126846874,3.252595568007,-2.13797667879276,-2.90620451623162,0.465231855835059,0.467090722160096,"TSS_more_sig"
-0.4,"cent vs mage","769",0.0303940362618461,0.00071552540405973,1.51721162272856,3.1453749424114,-2.19627869110892,-2.79096385880058,0.457118641665351,0.466465712229457,"TSS_more_sig"
-0.4,"cent vs mage","770",0.000269608566038578,1.89473520825792e-06,3.5692663134565,5.72245147468145,-2.19391188965821,-2.84845165501518,0.32877875899991,0.354427528286049,"TSS_more_sig"
-0.4,"cent vs mage","816",0.0395811282346967,0.000467585079457272,1.40251183066728,3.33013935553577,-1.80515419303979,-2.52466198389454,0.390417450925653,0.411512211216416,"TSS_more_sig"
-0.4,"cent vs mage","819",0.0276037038223803,0.000298831227097569,1.55903264106157,3.52457402182467,-2.12211260368017,-2.76016345154948,0.433998549635499,0.44471612800081,"TSS_more_sig"
-0.4,"cent vs mage","837",0.0325678937026589,0.000753105480373776,1.48721032810667,3.12314419201168,-1.92738908658934,-2.67073348515867,0.447202376645885,0.456960575023386,"TSS_more_sig"
-0.4,"cent vs mage","849",0.00773180829620948,0.000309235625255842,2.1117189224824,3.50971047930487,-1.9569691175888,-2.61958016536308,0.378941665053826,0.416045808253691,"TSS_more_sig"
-0.4,"cent vs mage","854",5.49401081835253e-06,0.00165796741536321,5.26011048973777,2.78042400904932,3.35317563070446,2.75071740903598,0.44930769138915,0.4540174212604,"CLR_more_sig"
-0.4,"cent vs mage","857",0.00409552626704505,0.0313258441333884,2.38769028433369,1.50409721730003,2.34777155949688,1.70973441549982,0.320395110519607,0.342326029718008,"CLR_more_sig"
-0.4,"cent vs mage","884",0.0266169697444748,0.000186645520566681,1.57484138906281,3.72898242854248,-1.85541170191627,-2.50307728701574,0.395426970588822,0.394932703047828,"TSS_more_sig"
-0.4,"cent vs mage","886",0.0123146487875266,0.0145512674611034,1.90957796968068,1.83709917661694,3.15453785901023,2.5666119604704,0.528117677811728,0.517021045110915,"CLR_more_sig"
-0.4,"cent vs mage","912",0.00261647275463651,0.000193215345871546,2.58228378321464,3.71395838328978,-2.23161531212639,-2.86119319385893,0.464858380821156,0.469167905607007,"TSS_more_sig"
-0.4,"cent vs mage","917",0.0030792702255596,2.34795408537945e-05,2.51155219731966,4.62931040003997,-2.47919637366937,-3.11026995776182,0.479134360338352,0.498363737826305,"TSS_more_sig"
-0.4,"cent vs mage","921",5.81998399037545e-09,4.41889320274003e-12,8.23507821000667,11.3546864944823,-4.02270629406447,-4.60113134757195,0.480858092203593,0.469160196020302,"TSS_more_sig"
-0.4,"cent vs mage","925",0.0421828409428852,0.000438528347514284,1.37486417461384,3.35800232756337,-1.85944859500216,-2.50815394483682,0.428364593312083,0.432619218432201,"TSS_more_sig"
-0.4,"cent vs mage","966",0.00547087978433893,0.000309066885671212,2.26194282818942,3.50994752402329,-2.47689411668174,-3.13856889396662,0.521372630855831,0.533429756184015,"TSS_more_sig"
-0.4,"cent vs mage","975",0.0135909741681567,0.000541498298431879,1.86674941297376,3.26640290373452,-2.13520519971655,-2.73130264477114,0.44004227632516,0.437313719081835,"TSS_more_sig"
-0.4,"cent vs mage","978",6.94386638059464e-05,0.0051256239578201,4.15839864479135,2.29025325906365,3.21748008491334,2.5451268998956,0.446897959536932,0.442262591546652,"CLR_more_sig"
-0.4,"cent vs mage","984",0.00118732290897412,0.0447693115293522,2.92543115255838,1.34901958422505,2.64401374702644,1.98565823345494,0.424546656003174,0.420824767641585,"CLR_more_sig"
-0.4,"cent vs mage","1004",0.00988985303060873,0.000541618935461702,2.00481016224204,3.26630616075058,-2.3865220830853,-3.141105569574,0.449473402470533,0.464669452568832,"TSS_more_sig"
-0.4,"cent vs mage","1019",2.66986814522169e-05,1.12524242748295e-08,4.5735101862821,7.94875390104084,-2.71235294777231,-3.44005550878048,0.383948739677359,0.402698821422811,"TSS_more_sig"
-0.4,"cent vs mage","1040",0.0453325817029585,0.00250809764763863,1.34358954704717,2.60065555914711,-1.9049997109591,-2.46927971638913,0.450130577506084,0.443920396123741,"TSS_more_sig"
-0.4,"cent vs mage","1043",3.61097751002049e-05,0.0135947346332914,4.44237521644839,1.8666292653418,2.64258399315432,2.02630960247632,0.32045417456964,0.327008768375396,"CLR_more_sig"
-0.4,"cent vs mage","1058",0.000847227967125298,7.21146567379044e-05,3.07199971653641,4.1419764593652,-2.78319228261454,-3.34872464839576,0.461815295474283,0.461334764872746,"TSS_more_sig"
-0.4,"cent vs mage","1074",1.04241581339917e-05,0.000196865556852959,4.98195900901851,3.70583026038384,3.17559783083703,2.52871293724531,0.376530810139188,0.375191728774671,"CLR_more_sig"
-0.4,"cent vs mage","1079",0.00457848436823431,9.6097212748078e-05,2.33927826423382,4.0172892086445,-2.13830475604226,-2.81329564751479,0.392380645465388,0.42533018393689,"TSS_more_sig"
-0.4,"cent vs mage","1087",1.97479014646022e-06,0.000278551877794267,5.70447904843075,3.55509390949698,3.7826099343208,3.06872305684024,0.488580660194105,0.504565771502756,"CLR_more_sig"
-0.4,"cent vs mage","1098",4.0259172962315e-09,9.26771741567032e-09,8.3951351509971,8.03302721686372,4.41845399073024,3.7955016860827,0.443827573754991,0.449318148085323,"CLR_more_sig"
-0.4,"cent vs mage","1104",0.00207057527843408,6.08537956490607e-06,2.6839089755387,5.21571232823043,-2.4753404664356,-3.09924756258598,0.437614451228531,0.443277915588941,"TSS_more_sig"
-0.4,"eld vs kin","3",1.2401191185063e-13,9.2233859438906e-13,12.9065365970754,12.0351096183388,-4.82190888266879,-5.23938449294761,0.43174948184556,0.446532053433664,"CLR_more_sig"
-0.4,"eld vs kin","4",4.81121337465396e-09,9.89165203429303e-06,8.31774538195009,5.00473116952914,2.40735923880946,1.97918703873048,0.227813094817289,0.22003384004847,"CLR_more_sig"
-0.4,"eld vs kin","5",1.55244523978111e-05,3.20025044038762e-05,4.80898370997929,4.49481603398556,-2.86703048483257,-3.27692686066834,0.387182803034461,0.38524758562124,"CLR_more_sig"
-0.4,"eld vs kin","7",3.0214085141948e-26,4.12555345139172e-26,25.519790551302,25.3845177817171,7.49529744307061,7.02473499388063,0.469757600715945,0.456569574561645,"CLR_more_sig"
-0.4,"eld vs kin","10",0.000776283695816892,0.000467891098190055,3.10997953516998,3.32985521735049,-2.80686691652285,-3.23362693323203,0.482678366482821,0.47261898389211,"TSS_more_sig"
-0.4,"eld vs kin","11",1.59112634494133e-08,4.16300818153797e-06,7.7982953334067,5.38059273559574,3.11106140760931,2.68503618133317,0.348687562436586,0.35038676196614,"CLR_more_sig"
-0.4,"eld vs kin","12",0.0114526319729844,0.00975499599085535,1.94109469498444,2.01077290475739,-2.05184026852333,-2.48511616711831,0.379109985580705,0.370538334529278,"TSS_more_sig"
-0.4,"eld vs kin","14",8.77587892069769e-09,3.58931986445061e-06,8.05670937727879,5.4449878375219,2.74524382170874,2.31735995221495,0.280821240871069,0.276112748874347,"CLR_more_sig"
-0.4,"eld vs kin","15",8.01086032671692e-05,0.0022911112684493,4.09632084033501,2.63995381866739,2.84793910018941,2.40228217018665,0.446049169173949,0.426774190123834,"CLR_more_sig"
-0.4,"eld vs kin","16",2.10466884968975e-11,1.33288559731061e-07,10.6768162267005,6.87520712484637,2.91211289449475,2.47260230854623,0.26272127204694,0.266404793445198,"CLR_more_sig"
-0.4,"eld vs kin","21",2.02795522350308e-18,6.12770141879321e-15,17.6929416382934,14.2127024044932,3.98525130198269,3.55960438692918,0.296596826414115,0.293411311021778,"CLR_more_sig"
-0.4,"eld vs kin","23",3.17390712866595e-05,0.00590422025302184,4.49840578523649,2.22883744981513,2.29895395174244,1.86055382031901,0.29944703719316,0.309358482439239,"CLR_more_sig"
-0.4,"eld vs kin","25",1.10765691161417e-05,0.000712086682686416,4.95559473822349,3.14746713624942,2.93614650440682,2.50962850831296,0.416275110816811,0.42215612890283,"CLR_more_sig"
-0.4,"eld vs kin","26",0.000314929984291335,0.0180001017694745,3.50178598848273,1.74472503946357,2.3329071219193,1.89003657624432,0.36598329319275,0.361938585129165,"CLR_more_sig"
-0.4,"eld vs kin","29",1.85880700074414e-05,0.00223164710294195,4.73076570052563,2.65137448059565,2.32394925769213,1.89831753115959,0.289128463824637,0.291492264344563,"CLR_more_sig"
-0.4,"eld vs kin","31",3.42223557051099e-06,0.000486234729724116,5.46569009898785,3.31315402453655,3.49091092627565,3.07745974607713,0.51942049771472,0.536332900376955,"CLR_more_sig"
-0.4,"eld vs kin","33",1.49233083948722e-05,2.69519025456602e-05,4.82613488608863,4.56941057237268,-3.29110134520076,-3.69510833485825,0.453243362878563,0.457700357435884,"CLR_more_sig"
-0.4,"eld vs kin","36",9.44425735379676e-05,0.0209197766586402,4.02483218700934,1.67944295634577,2.00632332385002,1.56895558428233,0.255794350789173,0.261696029400881,"CLR_more_sig"
-0.4,"eld vs kin","38",0.0294592513023546,0.0199324347136868,1.53077829481137,1.70043964971207,-1.88125473579509,-2.33201663347974,0.368462610784397,0.38168136848292,"TSS_more_sig"
-0.4,"eld vs kin","47",0.00183106328691007,0.0228374541483452,2.73729664494962,1.64135231158864,2.8048281549008,2.31028802372053,0.542808028049684,0.528867911209602,"CLR_more_sig"
-0.4,"eld vs kin","55",0.00118870639531117,0.0227918033830162,2.92492540075743,1.64222131026031,2.42887787245699,1.99134672053803,0.42964483146772,0.41476374956921,"CLR_more_sig"
-0.4,"eld vs kin","57",0.00256657334838541,0.0081384743513451,2.59064631981395,2.08945700087153,-2.43158570768287,-2.92969763014534,0.454212855430317,0.476276865197797,"CLR_more_sig"
-0.4,"eld vs kin","62",0.033463648217938,0.0314756119119927,1.47542671386525,1.50202581809322,-1.70614792199069,-2.13880580849425,0.308812257046836,0.317729194128164,"TSS_more_sig"
-0.4,"eld vs kin","65",9.91441003458056e-06,1.69254703751576e-05,5.00373312375311,4.77145925301229,-2.79209529485654,-3.19075810388376,0.380172186474047,0.374376670349389,"CLR_more_sig"
-0.4,"eld vs kin","67",4.87806022427447e-12,9.30089338879725e-13,11.3117528422124,12.0314753336837,-5.57517321915473,-5.95403866182557,0.561688722265178,0.567797053810958,"TSS_more_sig"
-0.4,"eld vs kin","68",0.0418096087720611,0.0284031855230645,1.37872389628431,1.54663294947739,-1.7576596642075,-2.15551499013976,0.356304033240973,0.38977426908956,"TSS_more_sig"
-0.4,"eld vs kin","70",0.00702626158432644,0.0387341003220709,2.15327568566913,1.41190652694904,2.49052898922036,2.09373152838075,0.520127088978054,0.517642766007287,"CLR_more_sig"
-0.4,"eld vs kin","74",1.35406310675989e-06,1.09976757783734e-05,5.86836109467678,4.95869908786735,3.6814124586129,3.21528162364096,0.495598734747318,0.493177102935774,"CLR_more_sig"
-0.4,"eld vs kin","77",0.000367150929888536,0.0240356865371291,3.43515536751078,1.61914346849982,2.26978736843915,1.78833601089144,0.358970459100752,0.35533161611948,"CLR_more_sig"
-0.4,"eld vs kin","79",2.15626493042254e-07,3.92775381915696e-07,6.66629788042779,6.40585574041976,-3.79157261808888,-4.18709477336081,0.470853722744235,0.477617439910934,"CLR_more_sig"
-0.4,"eld vs kin","80",0.000171411113245051,0.013182392825591,3.76596102451002,1.88000575084752,2.36611408415089,1.945665275446,0.362874888222691,0.344907965607545,"CLR_more_sig"
-0.4,"eld vs kin","82",4.03181702311777e-05,2.07936230758194e-06,4.39449918580198,5.68206983271055,-3.82766710673142,-4.2761468933752,0.57655206708014,0.599256806470172,"TSS_more_sig"
-0.4,"eld vs kin","83",2.71367989147608e-06,2.0853718678569e-05,5.56644138348718,4.68081648948741,-3.54232497156205,-3.95811887657618,0.496475607029623,0.523482499389694,"CLR_more_sig"
-0.4,"eld vs kin","84",4.79212327511602e-08,3.33081846182497e-08,7.31947201845388,7.47744903683033,-3.86079499854345,-4.25703155632954,0.450705583573746,0.474385191405656,"TSS_more_sig"
-0.4,"eld vs kin","85",0.00761469437630015,0.0110046161328904,2.11834752284008,1.95842510206793,-2.3374799763453,-2.80334146743544,0.463288484691459,0.491527369165042,"CLR_more_sig"
-0.4,"eld vs kin","87",0.000411207517303192,0.000699044894132617,3.38593895458318,3.15549493205407,-2.95188851268025,-3.35559212352108,0.50578531810891,0.525247838722516,"CLR_more_sig"
-0.4,"eld vs kin","89",3.20770004350664e-15,4.25496435280181e-11,14.4938062499703,10.3711040739922,4.79687042833061,4.31982018229378,0.441306359464617,0.433861737458914,"CLR_more_sig"
-0.4,"eld vs kin","91",2.1559202655095e-07,1.99030159844436e-07,6.6663673051224,6.70108110820563,-4.37235872364925,-4.75523259009532,0.569618858957265,0.583960722282494,"TSS_more_sig"
-0.4,"eld vs kin","100",3.13915746039232e-05,3.25571770319543e-05,4.50318689950722,4.48735325896082,-3.72052085368829,-4.12059889391073,0.539957690419791,0.570093004103025,"CLR_more_sig"
-0.4,"eld vs kin","102",0.00117855060226694,0.0031665825057724,2.92865176586472,2.49940919188272,-2.88125070978768,-3.35908661431099,0.520786820091125,0.542818406880683,"CLR_more_sig"
-0.4,"eld vs kin","108",0.0118171507569724,0.00291947381792178,1.92748722393607,2.5346954151834,-2.83075740404399,-3.32003152795514,0.628303612491536,0.644365672247941,"TSS_more_sig"
-0.4,"eld vs kin","110",0.0111552522984894,0.0117881010674513,1.952520602825,1.92855614930258,-2.46847736441659,-2.86350403018692,0.496960854197711,0.523134832531549,"CLR_more_sig"
-0.4,"eld vs kin","111",1.22731639610036e-06,1.39071612945296e-05,5.91104346386854,4.85676150839292,-3.30998589276326,-3.66801312425745,0.449997977967801,0.463510469666981,"CLR_more_sig"
-0.4,"eld vs kin","115",0.00199939503738701,0.00571619162123779,2.69910139017019,2.24289322098476,-2.77189547230366,-3.11420550841595,0.542829968020143,0.560821567850451,"CLR_more_sig"
-0.4,"eld vs kin","118",0.00773747211847024,0.0133804103628565,2.11140090292386,1.87353056701728,-2.27051029745535,-2.64192083819425,0.394319827763296,0.386866393617574,"CLR_more_sig"
-0.4,"eld vs kin","119",1.598145797138e-05,0.00401588535476438,4.79638360299189,2.39621869389688,2.35504604171147,1.90747839211946,0.308473884310995,0.309669762453523,"CLR_more_sig"
-0.4,"eld vs kin","121",1.00741094226676e-11,6.57511821777291e-09,10.9967933362456,8.18209643434164,4.53472627104763,4.13422964925549,0.476096874574007,0.500630680266219,"CLR_more_sig"
-0.4,"eld vs kin","124",0.00149479592747137,0.0133530922006514,2.82541809404365,1.87441815226375,2.42707215035176,2.13292838854787,0.427554415202623,0.435729118331872,"CLR_more_sig"
-0.4,"eld vs kin","125",0.00289303877979806,0.0170611723864988,2.53864574480365,1.76799112888404,2.87705896091222,2.55663764609733,0.531182622355823,0.541532833831834,"CLR_more_sig"
-0.4,"eld vs kin","126",0.0406043116163055,0.020119087956091,1.39142784790683,1.6963917107242,-2.11353472870067,-2.52912088021442,0.494322399595081,0.520342471012019,"TSS_more_sig"
-0.4,"eld vs kin","128",0.00570099576652381,0.015930506476837,2.24404928149649,1.79777041650277,-2.68676389227173,-3.08996372472832,0.547034555142119,0.577472180519086,"CLR_more_sig"
-0.4,"eld vs kin","130",0.000302161120100031,0.000464792189748907,3.51976141826406,3.33274117833169,-3.37266398123861,-3.6821031485025,0.56241217455343,0.598461973753221,"CLR_more_sig"
-0.4,"eld vs kin","133",0.00371778685318669,0.00730750494114191,2.42971551266481,2.13623088231196,-2.62068139366748,-2.94612593338481,0.471290148663409,0.500727016364119,"CLR_more_sig"
-0.4,"eld vs kin","138",5.79104593390508e-09,4.97045152501666e-07,8.23724299027947,6.30360415736001,3.81581594222529,3.41763493047619,0.433155930684913,0.437278465859234,"CLR_more_sig"
-0.4,"eld vs kin","139",3.25506285434045e-07,7.8799072955887e-07,6.48744062091156,6.10347889180627,-3.98525276845245,-4.41778456500563,0.534754035400091,0.536828219693985,"CLR_more_sig"
-0.4,"eld vs kin","145",0.0191911543177051,0.0115895694163057,1.71689890234985,1.93593269894548,-2.42966405312962,-2.80283922420369,0.528543276133267,0.535413969126833,"TSS_more_sig"
-0.4,"eld vs kin","147",0.008669400780379,0.000239734770391964,2.06201091945208,3.62026897266539,-2.80457650941733,-3.18560067818218,0.557420342078051,0.553164701574733,"TSS_more_sig"
-0.4,"eld vs kin","148",0.0325410673952846,0.0366824737125942,1.48756820566224,1.43554138501115,-2.09539400354246,-2.48077379381378,0.510264676364056,0.539831277962458,"CLR_more_sig"
-0.4,"eld vs kin","151",5.02225252758478e-14,1.51836209476452e-12,13.2991014539928,11.8186246467503,5.36204308242425,4.8926665756023,0.492808663656237,0.484553246371678,"CLR_more_sig"
-0.4,"eld vs kin","162",0.0312220557109079,0.0154030090657391,1.50553850567745,1.81239442896935,-2.83180490281414,-3.31244554103328,0.600178291005065,0.609620502520551,"TSS_more_sig"
-0.4,"eld vs kin","163",0.00358412669688642,0.00108934567155819,2.44561664667004,2.96283428789421,-2.94379437653927,-3.3876272252782,0.548573796189629,0.577151720102032,"TSS_more_sig"
-0.4,"eld vs kin","164",3.09612887721979e-05,0.00011770265134809,4.50918096998511,3.92921375420944,3.14897609519523,2.73077900677208,0.47425720910357,0.459511089480283,"CLR_more_sig"
-0.4,"eld vs kin","169",3.52777230862979e-05,2.99183119961115e-05,4.45249945310279,4.52406291319576,-3.42191536843292,-3.92965338184171,0.50936196602264,0.520802988546594,"TSS_more_sig"
-0.4,"eld vs kin","172",0.000400078182074171,0.000306207078081754,3.39785513185808,3.51398477465566,-2.88826663938174,-3.26790715877627,0.454253653951547,0.46484270333916,"TSS_more_sig"
-0.4,"eld vs kin","181",0.00544494894379393,0.00039674981645249,2.26400618818231,3.40148326548979,-2.64963467098498,-3.03639119895599,0.471538352564982,0.50980334750029,"TSS_more_sig"
-0.4,"eld vs kin","200",0.0310754646592361,0.0344977222199046,1.5075823688027,1.46220957912915,-2.23408232720574,-2.63936604772924,0.5109286501384,0.54303651983445,"CLR_more_sig"
-0.4,"eld vs kin","203",0.0239916657741817,0.00790935310122731,1.61993959732521,2.10185903559918,-2.23343713509732,-2.67525583539099,0.43151098612496,0.444472302218649,"TSS_more_sig"
-0.4,"eld vs kin","206",0.0248873223920528,0.0275250971589098,1.60402182628856,1.56027113936788,2.80690069550474,2.3130677105057,0.553061902657897,0.544507459342089,"CLR_more_sig"
-0.4,"eld vs kin","207",6.26758554999578e-07,1.52267612541212e-05,6.2028997293861,4.81739246167001,3.56187443841535,3.10674805602281,0.463545028259296,0.464293069929917,"CLR_more_sig"
-0.4,"eld vs kin","216",0.0115078153162555,0.0157392683444163,1.9390071165223,1.80301546011978,-2.47877689299616,-2.89109943579348,0.50815031440068,0.519348117838938,"CLR_more_sig"
-0.4,"eld vs kin","222",5.59029713043808e-05,0.000656128259695084,4.25256510827096,3.18301125661044,3.27865463642158,2.85473456302926,0.498720328088264,0.514866224298394,"CLR_more_sig"
-0.4,"eld vs kin","246",0.00364765375324928,0.0357154278342532,2.4379863929834,1.4471441431051,2.83940191580968,2.36090942926796,0.480579277511941,0.462825235866014,"CLR_more_sig"
-0.4,"eld vs kin","251",0.020594291979608,0.00129574580444342,1.68625313425551,2.88748018870878,-2.88299759752989,-3.28992157750262,0.581709869550234,0.591355020446088,"TSS_more_sig"
-0.4,"eld vs kin","252",0.0106383987082912,0.00163070709071003,1.97312373712449,2.78762404037747,-2.48041247464795,-2.93674864336973,0.452606913582492,0.47123266307694,"TSS_more_sig"
-0.4,"eld vs kin","255",0.0311730373280432,0.0353111180590789,1.50622088041343,1.4520885311143,-2.30270550573094,-2.62111239634312,0.552863476728009,0.571083162921548,"CLR_more_sig"
-0.4,"eld vs kin","267",0.00343902714546175,0.0026273886099979,2.46356439612398,2.58047568713177,-3.26052124888846,-3.67469475054843,0.610557822119586,0.602190769936929,"TSS_more_sig"
-0.4,"eld vs kin","282",0.000536752060278189,0.00028387038898194,3.27022627988523,3.54687990713051,-3.01164512885544,-3.46456242459976,0.476108995467035,0.482363769327276,"TSS_more_sig"
-0.4,"eld vs kin","294",0.00143128373128024,0.0315219673908822,2.84427426511167,1.50138668457273,2.50695548608108,2.22860529706159,0.441696038002063,0.443654856959868,"CLR_more_sig"
-0.4,"eld vs kin","329",0.000440905493790629,0.0036865731440396,3.35565448972416,2.4333771449868,2.52880746970785,2.11977834122334,0.423032264815176,0.428822497511354,"CLR_more_sig"
-0.4,"eld vs kin","344",0.000155828467696314,0.000359844392358946,3.80735319984673,3.44388526075901,3.0014268096754,2.57708615024196,0.42828202306284,0.42144270279157,"CLR_more_sig"
-0.4,"eld vs kin","349",0.0411082712954595,0.00978774268051357,1.38607078599339,2.00931745676018,-2.35830984105903,-2.67332394058102,0.477276560171888,0.488514459878388,"TSS_more_sig"
-0.4,"eld vs kin","363",0.0187017682590649,0.0046455557990565,1.72811732881919,2.33296231912498,-2.28883242166712,-2.76462275547737,0.471954208506797,0.479870843751867,"TSS_more_sig"
-0.4,"eld vs kin","473",0.00114244460533611,0.00148861238109701,2.94216484874616,2.82721837321211,-2.81934245869059,-3.24498913900962,0.521112129856747,0.527948899238021,"CLR_more_sig"
-0.4,"eld vs kin","614",0.00174593934576565,0.000598608916632916,2.75797084783368,3.22285681837516,-2.87618897940327,-3.35325211851079,0.489828272067859,0.489614576186719,"TSS_more_sig"
-0.4,"eld vs kin","616",0.000112460261898289,0.000148645885519747,3.94900090943724,3.82784710745333,-2.72000317346996,-3.1822498901376,0.414407099132083,0.429471507569548,"CLR_more_sig"
-0.4,"eld vs kin","666",1.71788024989046e-09,1.90684813221783e-08,8.76500711327799,7.71968389424616,-3.9515351156073,-4.39983541755824,0.41462876462078,0.432289058144854,"CLR_more_sig"
-0.4,"eld vs kin","728",2.09081713072591e-11,1.6321331534922e-08,10.6796839502477,7.78724441331011,4.0814045067006,3.62499682561962,0.394090326118975,0.386049667717424,"CLR_more_sig"
-0.4,"eld vs kin","744",2.4336274314275e-06,2.04309101198701e-06,5.6137459079712,5.68971228675798,-3.77527427969752,-4.18897406146198,0.521519106835381,0.526704174261315,"TSS_more_sig"
-0.4,"eld vs kin","757",0.0256410928076621,0.0242751977896092,1.59106346939411,1.61483722285823,-1.98336443885637,-2.49712974686758,0.428675008832976,0.452381737586557,"TSS_more_sig"
-0.4,"eld vs kin","770",7.934359798527e-05,0.000263734019567419,4.10048810951199,3.57883384609785,-2.69062376161183,-3.13312352423442,0.415201315689925,0.443576744743533,"CLR_more_sig"
-0.4,"eld vs kin","786",8.99427189642331e-07,2.07329070442302e-05,6.04603398786754,4.68333979946173,-3.83759511688773,-4.37999363257882,0.498388388695404,0.508492318269943,"CLR_more_sig"
-0.4,"eld vs kin","849",2.92321774789157e-05,0.000348091330077409,4.53413883322773,3.45830679356843,-2.87284659046156,-3.26593828363479,0.400274429759691,0.43548156094048,"CLR_more_sig"
-0.4,"eld vs kin","854",4.17841108853974e-05,0.000348135227785405,4.3789888346521,3.4582520282563,3.10704292733084,2.7313489522317,0.453089331658621,0.452887080850459,"CLR_more_sig"
-0.4,"eld vs kin","875",0.0189267518105521,0.0122500581463636,1.72292391280828,1.91186184986395,-2.49598799267103,-2.8160676972086,0.549443308892718,0.553935923349087,"TSS_more_sig"
-0.4,"eld vs kin","877",0.0227880480622346,0.0357423644461172,1.64229287324462,1.44681672122221,-2.38358335818586,-2.73854526357443,0.552506144263325,0.562702916535906,"CLR_more_sig"
-0.4,"eld vs kin","879",0.000149985136135168,0.00106964409762903,3.82395177837321,2.9707607009572,-2.67275369560727,-3.06147149557117,0.406153666337183,0.417164711318222,"CLR_more_sig"
-0.4,"eld vs kin","886",3.67752362771464e-10,1.21847349948583e-08,9.43444452829367,7.91418391182372,4.45817166114823,4.17076039817634,0.506383359466971,0.525366878932027,"CLR_more_sig"
-0.4,"eld vs kin","888",0.000275706137206654,0.00826458084034023,3.5595535664103,2.08277916790542,2.68704943133467,2.2868845354752,0.429871108541002,0.438339651682229,"CLR_more_sig"
-0.4,"eld vs kin","891",0.000212228529332006,7.91841873125512e-05,3.67319623542696,4.10136153619518,-3.37386115994319,-3.88974396611185,0.556810526263978,0.581120445241279,"TSS_more_sig"
-0.4,"eld vs kin","895",0.00402554232857486,7.52405112072823e-05,2.39517560239147,4.12354826238073,-3.25681169365337,-3.69342394949722,0.50765139280321,0.511417109002993,"TSS_more_sig"
-0.4,"eld vs kin","914",0.00941359793156286,0.000846669446406283,2.02624435498126,3.07228611224508,-2.94049079512118,-3.40190063409111,0.541832811308433,0.570143074190214,"TSS_more_sig"
-0.4,"eld vs kin","917",0.0292421390673712,0.0340473811961194,1.53399086183808,1.46791628685878,-2.21891600147989,-2.58315073670211,0.502051064874861,0.527104550683138,"CLR_more_sig"
-0.4,"eld vs kin","935",0.0286829492710097,0.00821613734500178,1.54237619518442,2.08533230946946,-2.66916190376804,-3.00690044332506,0.547715804326748,0.54056973939867,"TSS_more_sig"
-0.4,"eld vs kin","947",7.06347290980287e-11,1.87800247869073e-08,10.1509817161271,7.72630383886384,4.20898228065443,3.74926342478173,0.44426476485566,0.421991997963853,"CLR_more_sig"
-0.4,"eld vs kin","965",0.0109328631310461,0.00165339046265364,1.96126608881133,2.78162457186661,-2.77790210110606,-3.39775783364726,0.602458805110704,0.603824352771505,"TSS_more_sig"
-0.4,"eld vs kin","978",8.23587259402368e-23,4.20926384761443e-20,22.0842903803809,19.3757938506902,5.94495305938497,5.6006731777925,0.401734749919984,0.410517934304351,"CLR_more_sig"
-0.4,"eld vs kin","984",1.34339578835385e-14,3.86523404661187e-10,13.8717960175808,9.41282420366685,4.82132791427671,4.36894023922465,0.42043413395237,0.438819526629284,"CLR_more_sig"
-0.4,"eld vs kin","988",0.00025391288749062,0.00476359918283752,3.59531525570753,2.32206478791241,3.02033221566316,2.58656332609035,0.526492894494907,0.52709370196778,"CLR_more_sig"
-0.4,"eld vs kin","991",7.2404288671899e-06,0.000115962641361248,5.14023570878382,3.93568190097873,-3.88469483801783,-4.29426477062625,0.553726210050113,0.564558001498626,"CLR_more_sig"
-0.4,"eld vs kin","1014",2.46140310970035e-08,8.09136109048233e-08,7.60881725505705,7.09197841727946,-4.35754559008555,-4.78641564915415,0.505102524421526,0.517504690233036,"CLR_more_sig"
-0.4,"eld vs kin","1021",2.84343290280782e-06,9.24582776635056e-06,5.54615701544562,5.03405420097151,-3.9099074280473,-4.30418076908184,0.556778701854368,0.553458253926435,"CLR_more_sig"
-0.4,"eld vs kin","1030",7.17850772862636e-10,6.18871191931252e-06,9.14396582770485,5.20839973297447,4.11808506517238,3.58288291577309,0.447279910846114,0.428822823990125,"CLR_more_sig"
-0.4,"eld vs kin","1047",0.00822510441798948,0.0211836411026764,2.08485857995929,1.67399939007874,-1.79039340832141,-2.20324877357513,0.27429317122449,0.29083836750775,"CLR_more_sig"
-0.4,"eld vs kin","1074",1.61922842852604e-17,1.00101691181458e-13,16.7906918799369,12.9995585852123,4.94311760688191,4.4915737158067,0.390689826373867,0.388806218193419,"CLR_more_sig"
-0.4,"eld vs kin","1076",6.73656786353984e-12,7.78229954790208e-10,11.1715613108185,9.10889205681456,4.3872897521648,4.01620248426728,0.423565092886619,0.433550861087281,"CLR_more_sig"
-0.4,"eld vs kin","1079",0.00381695137354814,0.014151098623708,2.4182833727557,1.84920984228155,-2.51980442214897,-2.92006480066976,0.487303594609005,0.495802397587249,"CLR_more_sig"
-0.4,"eld vs kin","1082",0.000502177540373734,0.013804556660089,3.29914271478095,1.85997753637486,2.9009797937585,2.42125699667903,0.496704164829037,0.492745836568789,"CLR_more_sig"
-0.4,"eld vs kin","1089",4.90303000357426e-10,1.92672427901464e-06,9.30953544912648,5.71518042995792,2.91056022786731,2.45257475632461,0.282900725241579,0.288192923252559,"CLR_more_sig"
-0.4,"eld vs kin","1098",3.47272646580752e-26,1.38744629400094e-23,25.4593294231588,22.8577838187786,6.95036813394941,6.46733181681962,0.458621918898793,0.446813859043242,"CLR_more_sig"
-0.4,"eld vs kin","1101",0.0045026246340027,0.00491510026141846,2.3465342569403,2.3084676187196,-2.78218514165938,-3.15575866075044,0.575930535119267,0.588673953013426,"CLR_more_sig"
-0.4,"eld vs kin","1104",0.00255605627008232,2.31646411976676e-05,2.59242958966964,4.63517442229354,-2.84654627450164,-3.26009465132117,0.457778870881788,0.466767503533357,"TSS_more_sig"
-0.4,"eld vs kin","1105",4.14379266987693e-09,1.24893383721984e-09,8.38260198216749,8.90346056794405,-4.74207175455235,-5.1433284707266,0.486589383501083,0.517151095631361,"TSS_more_sig"
-0.4,"eld vs kin","1108",0.0118444213073274,0.0298020240140349,1.92648615310701,1.52575423967285,2.41081898591119,2.06584123295616,0.434500281815694,0.442198611131366,"CLR_more_sig"
-0.4,"eld vs kin","1112",2.05033550739704e-05,2.07050232354992e-05,4.68817506719354,4.6839242777893,-3.64615140168836,-4.09946837885503,0.528437698526708,0.520384015156174,"CLR_more_sig"
-0.3,"cent vs mage","4",1.35378887462664e-07,0.0233607490246224,6.86844905923574,1.63151323638647,2.26960364862969,1.65424211854125,0.199671932781408,0.182889596779193,"CLR_more_sig"
-0.3,"cent vs mage","7",7.15904801446463e-11,2.11916118832582e-07,10.1451447248364,6.67383600858506,4.2237630421031,3.63248701387922,0.419859149449502,0.413998108934558,"CLR_more_sig"
-0.3,"cent vs mage","14",1.74432299299837e-08,0.00132440760356517,7.75837309446713,2.87797833458192,2.77844860370553,2.15984628443004,0.262785715130387,0.260164688845871,"CLR_more_sig"
-0.3,"cent vs mage","20",2.09910280415671e-08,0.00167502317725023,7.677966291201,2.7759791792646,2.74869930810889,2.13077127186268,0.265613969225866,0.268157457945272,"CLR_more_sig"
-0.3,"cent vs mage","21",7.80098494843275e-10,0.000131694816374596,9.10785056004491,3.88043131891987,2.92734056110221,2.3160270208075,0.26482478233837,0.260702111293056,"CLR_more_sig"
-0.3,"cent vs mage","24",1.07241308440181e-09,7.79171717109293e-07,8.9696378958745,6.10836682015189,4.53568795535114,3.94473477996142,0.478542753502782,0.489486042245092,"CLR_more_sig"
-0.3,"cent vs mage","26",5.5232761183961e-07,0.00127967712125442,6.25780324508009,2.89289959452889,3.13369308261544,2.53570629575261,0.37227970946966,0.372297991134732,"CLR_more_sig"
-0.3,"cent vs mage","39",1.43053822339947e-07,0.000177794903804642,6.84450053353178,3.75008069151677,3.63197391557323,3.03983120844048,0.420512485382182,0.415094917592926,"CLR_more_sig"
-0.3,"cent vs mage","42",3.10219325270487e-08,0.000344941352539644,7.50833115108428,3.46225473806741,3.52260177031994,2.90724059449299,0.41163955731736,0.412213763010593,"CLR_more_sig"
-0.3,"cent vs mage","56",8.23527354999295e-08,0.00521195301884776,7.08432197035223,2.28299950772291,3.06199848117666,2.45833017025612,0.373707587546618,0.371814588481738,"CLR_more_sig"
-0.3,"cent vs mage","57",0.0467757441343067,0.00199150023065323,1.32997929477712,2.70081963895517,-1.90919195877899,-2.49844753756366,0.429521362760442,0.451145424780076,"TSS_more_sig"
-0.3,"cent vs mage","69",2.91397786750218e-05,0.0466101785565897,4.53551375114468,1.33151923334733,2.7691081370202,2.12645307671271,0.391763152535536,0.385432199968664,"CLR_more_sig"
-0.3,"cent vs mage","90",2.90869054713323e-05,0.049756772849923,4.53630248047903,1.30314779509618,2.43165998668126,1.83637542700606,0.291584693137094,0.284636900304535,"CLR_more_sig"
-0.3,"cent vs mage","100",0.00659438752952108,0.000511314116624873,2.18082553444685,3.29131221688102,-2.69076452523362,-3.28688330613041,0.568216619474859,0.575330470357917,"TSS_more_sig"
-0.3,"cent vs mage","106",4.2294088595572e-05,0.00348236997375837,4.37372032930886,2.45812509047714,2.84382423152916,2.21792240571488,0.327230965245592,0.338174521613662,"CLR_more_sig"
-0.3,"cent vs mage","114",4.50490248541386e-08,1.29035903830341e-09,7.34631460546295,8.88928943182582,-3.56365290564333,-4.25047608088796,0.460242794372375,0.492383846925494,"TSS_more_sig"
-0.3,"cent vs mage","132",1.51574308498067e-09,1.06894392642998e-11,8.81937440439703,10.9710450759706,-4.2814348323211,-4.83598705497661,0.479322067478178,0.48401947489094,"TSS_more_sig"
-0.3,"cent vs mage","142",4.75349899798761e-05,0.00534831063428585,4.32298659330098,2.27178337649636,3.71145285438191,3.12250776533893,0.530622709494886,0.530864954259844,"CLR_more_sig"
-0.3,"cent vs mage","143",1.40313523103637e-09,8.78628012475808e-10,8.85290047062335,9.05619495464487,-3.80107577397237,-4.32201979494064,0.450202864082201,0.445768167434239,"TSS_more_sig"
-0.3,"cent vs mage","146",0.0366963602833999,0.0013241889427222,1.43537700896926,2.87805004289692,-1.86522652578276,-2.52395952764634,0.402721721484636,0.430317813199207,"TSS_more_sig"
-0.3,"cent vs mage","148",0.00642994182508914,5.15229387080561e-05,2.19179295633815,4.28799937413631,-2.58358827217313,-3.12776635611356,0.478525062378803,0.496857222549047,"TSS_more_sig"
-0.3,"cent vs mage","168",3.28246127098732e-08,0.000273758910803788,7.4838003893499,3.56263173571372,3.63475434024589,3.04388528569641,0.441562907011545,0.450877903793229,"CLR_more_sig"
-0.3,"cent vs mage","169",0.00512820180131477,5.92207594754934e-05,2.29003489310838,4.22752602730976,-2.29320503371867,-2.95844012598115,0.409356522988067,0.442010271557102,"TSS_more_sig"
-0.3,"cent vs mage","210",8.91148306767879e-11,1.40288475281025e-12,10.0500500137509,11.8529780048621,-4.24626512151084,-4.85761422111462,0.460378176764208,0.459867331581651,"TSS_more_sig"
-0.3,"cent vs mage","219",1.69647230607002e-09,3.96691739576064e-10,8.77045322556743,9.40154684286814,-3.86515845388746,-4.40243725253415,0.468906064960245,0.466044067608202,"TSS_more_sig"
-0.3,"cent vs mage","289",0.0168079465028499,0.00189900182769353,1.77448534289352,2.72147461727624,-2.48814837608159,-3.04116729417383,0.472803479570642,0.490185235539539,"TSS_more_sig"
-0.3,"cent vs mage","294",0.00207965232154174,0.0196357900457238,2.68200926477615,1.70695162020993,2.91557344326679,2.33249065176877,0.395902510519976,0.378081836862165,"CLR_more_sig"
-0.3,"cent vs mage","353",0.000103546443377994,1.14253190882579e-06,3.98486481369799,5.94213166203846,-3.26596470729077,-3.75525219691693,0.446099105626658,0.462748054827107,"TSS_more_sig"
-0.3,"cent vs mage","531",0.0365967152651846,0.000878223079959078,1.43655789291768,3.05639515369581,-1.96014842211307,-2.64721730904954,0.453905780484928,0.471653094873172,"TSS_more_sig"
-0.3,"cent vs mage","671",2.29610068754509e-05,0.0311590756924371,4.63900907137579,1.50641543378599,2.61059839939619,2.00265476782218,0.352159011573289,0.360195072604504,"CLR_more_sig"
-0.3,"cent vs mage","675",0.000265711480079669,3.21480838239882e-06,3.57558968146648,5.49284490794874,-2.89503252167981,-3.50593386108471,0.461849895952745,0.478405351037145,"TSS_more_sig"
-0.3,"cent vs mage","728",1.39832272487315e-05,0.0324889799998892,4.85439258434388,1.48826392323099,2.60593063337899,1.95781477551493,0.304810380546638,0.304953158873943,"CLR_more_sig"
-0.3,"cent vs mage","770",0.00287377887216757,2.78549275963798e-05,2.54154665244817,4.5550979660695,-1.98698311492499,-2.63837010001329,0.327180562842661,0.359281443445061,"TSS_more_sig"
-0.3,"cent vs mage","854",1.50280557906099e-07,0.00769584872578417,6.82309720131766,2.11374347763902,3.47247380616404,2.78571934215314,0.460776089636186,0.458773758686149,"CLR_more_sig"
-0.3,"cent vs mage","886",0.000344146502682538,0.00816487491450318,3.46325663951543,2.08805046424723,3.36718158772886,2.77080864933858,0.520399161804671,0.531283266625794,"CLR_more_sig"
-0.3,"cent vs mage","912",0.023686444835661,0.00526137706582062,1.62550011885172,2.2789005726113,-2.18040946532745,-2.69625771653336,0.46525745098489,0.464652218807201,"TSS_more_sig"
-0.3,"cent vs mage","917",0.0111799530491922,0.00065785235069001,1.95156002028856,3.18187156911554,-2.26626209453408,-2.91560711126279,0.46857302095312,0.513313289064597,"TSS_more_sig"
-0.3,"cent vs mage","921",2.27606369664267e-08,1.4650276385549e-10,7.64281558818499,9.83415418202751,-3.73562599767163,-4.36629379010875,0.467953528797214,0.469406461376145,"TSS_more_sig"
-0.3,"cent vs mage","966",0.0323503278278004,0.00129923006405307,1.49012131397261,2.88631393845597,-2.28045051442701,-2.79166852564507,0.527239523754238,0.518693323516831,"TSS_more_sig"
-0.3,"cent vs mage","975",0.0362950847319648,0.00213404429402385,1.440152185386,2.67079657064233,-1.84031774147494,-2.55672842782947,0.424400490644654,0.436262298999524,"TSS_more_sig"
-0.3,"cent vs mage","978",3.2183315369095e-06,0.000875004947181847,5.49236921902077,3.05798949151745,3.40216473535291,2.77739799148546,0.447059311619041,0.448475026053652,"CLR_more_sig"
-0.3,"cent vs mage","1019",0.000536005773265618,3.34399977024978e-06,3.27083053253876,5.47573376107132,-2.51319493178967,-3.16737230721877,0.399472487894092,0.389090001030066,"TSS_more_sig"
-0.3,"cent vs mage","1043",1.01583244832589e-07,0.00369536921613024,6.99317791879251,2.43234216335379,2.86032091013171,2.29078022316468,0.310429859668877,0.335743202446605,"CLR_more_sig"
-0.3,"cent vs mage","1058",0.00108959838701925,3.07516002625537e-05,2.96273354833617,4.51213227933203,-2.52985069881548,-3.2690240406612,0.452003326806078,0.456246218871668,"TSS_more_sig"
-0.3,"cent vs mage","1074",3.4882639141277e-09,0.00675984563633214,8.457390664762,2.1700632212262,3.35328117828155,2.75169361766099,0.375160390057356,0.372714018537958,"CLR_more_sig"
-0.3,"cent vs mage","1079",0.0233715434787091,0.000724521153033202,1.63131260544468,3.13994893039779,-1.96515138250476,-2.62429856543419,0.400748806282703,0.428180704827852,"TSS_more_sig"
-0.3,"cent vs mage","1087",3.30153566860371e-07,3.97180104912973e-05,6.48128400640427,4.40101251380936,3.98764625156733,3.34733959660071,0.491752012653202,0.494833759463845,"CLR_more_sig"
-0.3,"cent vs mage","1098",1.65322299369584e-12,1.53645211192322e-08,11.7816685630045,7.81348097126937,4.5868770171322,3.94012516937411,0.440888311909473,0.44097895547794,"CLR_more_sig"
-0.3,"cent vs mage","1104",0.0240710815042709,0.000509040867489608,1.61850439660551,3.29324734966176,-2.15354167214181,-2.88051755111531,0.42484728609333,0.447432174621166,"TSS_more_sig"
-0.3,"eld vs kin","3",2.24138741941604e-09,1.55014889813287e-14,8.64948307002784,13.8096265840673,-4.50992773755083,-4.99413295016992,0.431602832039229,0.446623619112398,"TSS_more_sig"
-0.3,"eld vs kin","4",1.84619897975383e-10,6.66186321346116e-12,9.73372149336858,11.1764042888242,2.7185205044646,2.22315964812734,0.227776235572975,0.219933793612494,"TSS_more_sig"
-0.3,"eld vs kin","5",0.0127455612605678,6.81719798775903e-07,1.89464103528294,6.16639409286635,-2.54867302620577,-3.04440025661796,0.385537817130419,0.384731953256079,"TSS_more_sig"
-0.3,"eld vs kin","7",2.21623151596579e-30,1.27096042956161e-28,29.6543848735219,27.8958679706817,7.81190532852915,7.31299487466458,0.469315846569298,0.465948215588315,"CLR_more_sig"
-0.3,"eld vs kin","8",0.00234701674341019,0.00726112151487583,2.62948381217187,2.1389962952634,2.23836983967441,1.73096096276434,0.382510188033534,0.393348500405135,"CLR_more_sig"
-0.3,"eld vs kin","10",0.0347685586934128,6.84606923894717e-05,1.45881331232139,4.16455871286092,-2.52028109684594,-3.01783428194276,0.481648135897066,0.477245656957492,"TSS_more_sig"
-0.3,"eld vs kin","11",2.34805218446158e-09,5.12119697002607e-10,8.62929225530694,9.29062852013312,3.4143419855803,2.91125622859137,0.348767415478983,0.346237386264634,"TSS_more_sig"
-0.3,"eld vs kin","14",3.33057165523363e-10,4.17099099124752e-11,9.47748121832365,10.379760748168,3.04795861003327,2.55181514475071,0.280494272674421,0.276261111890327,"TSS_more_sig"
-0.3,"eld vs kin","15",1.63157532341492e-05,5.90293666364896e-06,4.78739287174534,5.22893187657473,3.15545182326777,2.67575748278294,0.446439084551383,0.430170799302563,"TSS_more_sig"
-0.3,"eld vs kin","16",6.96641660621653e-13,4.28611227766239e-13,12.156990557387,12.3679364565022,3.21357937197858,2.7171304482656,0.262518661862811,0.267082594350226,"TSS_more_sig"
-0.3,"eld vs kin","21",4.69386073903377e-19,3.75037964498908e-21,18.3284697995194,20.4259247671047,4.27946978838545,3.79473633385,0.295849103184537,0.293001390122091,"TSS_more_sig"
-0.3,"eld vs kin","23",9.50513019173942e-07,5.18598394090965e-06,6.0220419302276,5.28516883241532,2.59276307518579,2.11642230172252,0.295568963538436,0.313672374588094,"CLR_more_sig"
-0.3,"eld vs kin","25",1.09184863928651e-06,2.42647294987483e-06,5.96183756280234,5.61502454580164,3.2347814327781,2.75117632601557,0.414425269444984,0.422161032651992,"CLR_more_sig"
-0.3,"eld vs kin","26",8.17575517266462e-05,5.2787440173654e-05,4.0874721221938,4.27746939777195,2.63543055483958,2.14870775561253,0.366152171567827,0.363487564349034,"TSS_more_sig"
-0.3,"eld vs kin","29",1.76085516329205e-06,5.60908629788886e-07,5.75427636485607,6.25110787815618,2.63152519063392,2.14496189587141,0.290286727654879,0.292582425604412,"TSS_more_sig"
-0.3,"eld vs kin","31",1.40426836705514e-06,3.0000062339638e-06,5.85254988708256,5.52287784282258,3.76382959502577,3.3026886887149,0.517913200072406,0.535306953882312,"CLR_more_sig"
-0.3,"eld vs kin","32",0.00217607508491229,0.0039461639970453,2.66232612349569,2.40382487003876,1.94684508765232,1.45671110575397,0.27719851499628,0.289945105317327,"CLR_more_sig"
-0.3,"eld vs kin","33",0.00566626685822154,6.19917303062398e-07,2.24670297582265,6.20766624150027,-2.97215238883767,-3.47174675820307,0.454206998753984,0.456408597543982,"TSS_more_sig"
-0.3,"eld vs kin","36",1.13788019738929e-05,5.82815459021486e-06,4.94390346056981,5.23446893720629,2.30580037289849,1.82489285666417,0.256515954886484,0.263046087581057,"TSS_more_sig"
-0.3,"eld vs kin","47",0.000904819971294974,0.00100421205119107,3.0434378221769,2.99817457111704,3.0526215474255,2.59674472664779,0.532789199197976,0.538485982565868,"CLR_more_sig"
-0.3,"eld vs kin","49",0.00355183654456897,0.00570475680947274,2.44954702865502,2.24376286457709,2.1792267282431,1.68596480845505,0.353029312772407,0.363188232041772,"CLR_more_sig"
-0.3,"eld vs kin","55",0.00017882904129471,0.000507804552308214,3.74756195170413,3.29430341013131,2.68343521302878,2.19194890518522,0.415573618448314,0.412463436656753,"CLR_more_sig"
-0.3,"eld vs kin","57",0.0392626360740535,0.000604326932442363,1.40602054543946,3.21872805054641,-2.15741200083835,-2.67295618468338,0.447140461321828,0.490303312219452,"TSS_more_sig"
-0.3,"eld vs kin","58",0.0058656330162611,0.017663207149575,2.23168511217006,1.7529304377401,2.03694476605229,1.5581645605448,0.352830086450158,0.375230550490982,"CLR_more_sig"
-0.3,"eld vs kin","61",0.000426647271663566,0.000656117942819315,3.3699310272615,3.1830180854543,2.41724449812148,1.9231641458968,0.362200956542914,0.36192079137159,"CLR_more_sig"
-0.3,"eld vs kin","65",0.0152668511947357,2.25727026934291e-06,1.81625052743384,5.6464164385044,-2.41108806675698,-2.91751549392408,0.384032788555388,0.367524788770536,"TSS_more_sig"
-0.3,"eld vs kin","67",2.56064446035875e-09,8.09952799274427e-13,8.59165071814362,12.0915402892842,-5.13797851618995,-5.64505638150006,0.550221340214822,0.560918260466002,"TSS_more_sig"
-0.3,"eld vs kin","70",0.00233791188272558,0.00318903327340912,2.63117186168026,2.49634094943607,2.79447068990601,2.37357396588715,0.520550887945151,0.525103203107309,"CLR_more_sig"
-0.3,"eld vs kin","71",0.00250029781480425,0.020101368260262,2.6020082586788,1.6967743800095,2.95306092151602,2.49811815276645,0.528602191643349,0.528806706330497,"CLR_more_sig"
-0.3,"eld vs kin","74",2.849672421721e-08,3.35997307440476e-07,7.54520506055835,6.47366420287334,3.97191310821979,3.52056750411849,0.493639596795284,0.500504172329599,"CLR_more_sig"
-0.3,"eld vs kin","77",0.000120475024167886,0.000166538603128864,3.91910297790512,3.778485082382,2.52309553377226,2.05142972837039,0.352389552813302,0.36245669868868,"CLR_more_sig"
-0.3,"eld vs kin","79",0.000177579314252703,2.13381142181556e-08,3.75060762543314,7.67084396451968,-3.54736852994663,-3.95767204573385,0.470940846113548,0.476300986696461,"TSS_more_sig"
-0.3,"eld vs kin","80",5.16543351999268e-05,1.42624413140028e-05,4.2868932235268,4.8458061295716,2.67036559087906,2.20262601649403,0.361280289883651,0.356098267923384,"TSS_more_sig"
-0.3,"eld vs kin","82",0.000404390656926851,7.40102825251646e-06,3.39319888693857,5.13070793792159,-3.64114386985925,-4.00215210084129,0.585476102594093,0.613560073251569,"TSS_more_sig"
-0.3,"eld vs kin","83",0.00566730069096605,8.40906928293678e-06,2.24662374430876,5.07525206932131,-3.13264571899195,-3.67668460732961,0.497664441199465,0.530687337224325,"TSS_more_sig"
-0.3,"eld vs kin","84",4.31547583667342e-05,8.25047483288459e-08,4.36497131076035,7.08352105613282,-3.48884185871946,-4.02288089784315,0.457651311656835,0.488623327761456,"TSS_more_sig"
-0.3,"eld vs kin","87",0.0335740758927165,6.55902089523414e-05,1.47399593220257,4.18316098555315,-2.59050262632344,-3.12807525455246,0.511913484425331,0.520281432621563,"TSS_more_sig"
-0.3,"eld vs kin","89",3.47013025816202e-14,2.25409877614682e-12,13.4596542228059,11.6470270567923,5.11306361156331,4.65075866047766,0.434733411253548,0.44792918884931,"CLR_more_sig"
-0.3,"eld vs kin","91",5.00427299744919e-05,4.35636921321912e-07,4.30065900632239,6.3608753198096,-4.0290758216177,-4.48738622923355,0.560340584581884,0.584505992626885,"TSS_more_sig"
-0.3,"eld vs kin","100",0.000122571031174078,3.85591979784846e-06,3.91161216022417,5.41387200789008,-3.38111157295392,-3.84277547762082,0.535846764716852,0.561169734014598,"TSS_more_sig"
-0.3,"eld vs kin","102",0.0445575035048778,0.000232242266947409,1.35107915007016,3.63405873794996,-2.59157542421363,-3.14151217929652,0.52543631104002,0.543720950223045,"TSS_more_sig"
-0.3,"eld vs kin","103",0.000606591120005174,0.00630778927636502,3.21710395169265,2.20012282352964,2.51803199836503,2.0124953285656,0.447636918531917,0.4568014834573,"CLR_more_sig"
-0.3,"eld vs kin","111",0.00375901423585876,9.4251752771674e-07,2.42492602955536,6.0257105646024,-2.92609433263795,-3.44488244237647,0.443161423169468,0.455087911625752,"TSS_more_sig"
-0.3,"eld vs kin","115",0.045762226965629,0.000851911009667597,1.33949284926418,3.06960576911688,-2.37857456964078,-2.90473798525482,0.551505922338682,0.568753372561076,"TSS_more_sig"
-0.3,"eld vs kin","119",1.20986226834766e-05,1.06177552392855e-05,4.91726406728786,4.9739672902449,2.69052502872283,2.19388383218463,0.312732748868525,0.312926954726102,"TSS_more_sig"
-0.3,"eld vs kin","121",2.9606175209644e-12,2.0482871716161e-11,11.5286176950301,10.6886091549691,4.79685499418565,4.32217753823267,0.478499947103408,0.491409626618625,"CLR_more_sig"
-0.3,"eld vs kin","124",0.0002085711261004,0.000377961720342866,3.68074581404568,3.42255218292917,2.8277638525831,2.38663913618431,0.439400418975865,0.445471009394321,"CLR_more_sig"
-0.3,"eld vs kin","125",7.35306421502966e-05,0.0035341097613562,4.13353164127547,2.45171996642771,3.16222617055296,2.62035861669791,0.526333687810127,0.542097227343763,"CLR_more_sig"
-0.3,"eld vs kin","128",0.0452156720759671,0.00165943303980384,1.34471100951559,2.7800402672267,-2.38510504530453,-2.92595213434915,0.557282687628291,0.582730210214703,"TSS_more_sig"
-0.3,"eld vs kin","130",0.0365625534023274,0.000384922641932065,1.4369634822539,3.41462654207001,-2.9628403181934,-3.51200422001593,0.573986638912828,0.585362825023752,"TSS_more_sig"
-0.3,"eld vs kin","133",0.041074055138459,0.000340843193172016,1.38643241822457,3.46744537468108,-2.30076604964328,-2.74060024327496,0.465607860892981,0.487960418141702,"TSS_more_sig"
-0.3,"eld vs kin","138",1.05960698979761e-10,1.66523965280949e-09,9.97485518550078,8.77852325620988,4.12764135275395,3.57172473360106,0.431827182919697,0.429147435085692,"CLR_more_sig"
-0.3,"eld vs kin","139",6.04102804760219e-05,1.54975534082559e-07,4.21888914790063,6.80973685829171,-3.79545576185018,-4.2195326300449,0.53543052504238,0.531228727137135,"TSS_more_sig"
-0.3,"eld vs kin","147",0.0450750994364278,0.000787889749488921,1.34606330654357,3.10353454969125,-2.57310315905859,-2.92964086476781,0.560969745038232,0.566425901402058,"TSS_more_sig"
-0.3,"eld vs kin","151",4.62409862277658e-15,5.13078766296457e-15,14.3349729118559,14.289815958198,5.62373200790319,5.13089447334166,0.485318423668074,0.48092545341815,"CLR_more_sig"
-0.3,"eld vs kin","163",0.0292131166917049,0.000552382540837656,1.53442210650464,3.25776005662797,-2.69915007193418,-3.15256173531899,0.546144997771477,0.568933920840071,"TSS_more_sig"
-0.3,"eld vs kin","164",2.99341513300878e-06,3.5689039871385e-06,5.52383305012509,5.44746513554583,3.40643164474186,2.97829279366903,0.466698197664797,0.458720570279025,"CLR_more_sig"
-0.3,"eld vs kin","169",0.000577010750333698,1.0399668455927e-05,3.23881609539347,4.98298050589897,-3.19495197971153,-3.65625091482116,0.512975719255843,0.53088872202505,"TSS_more_sig"
-0.3,"eld vs kin","172",0.0461651533113948,5.57117648670115e-05,1.33568571783796,4.25405308351033,-2.52749929808641,-3.01323531548062,0.458181691535976,0.455996392764356,"TSS_more_sig"
-0.3,"eld vs kin","206",0.0052022775202118,0.00737145802949555,2.28380648368921,2.13244660284145,2.9652056489517,2.52921656405773,0.524648414744743,0.541201499571829,"CLR_more_sig"
-0.3,"eld vs kin","207",1.27123049370631e-07,7.16303195620842e-07,6.89577569801469,6.14490311133279,3.8222842187551,3.3097599739521,0.447397794776039,0.456948603884027,"CLR_more_sig"
-0.3,"eld vs kin","222",7.3370734348156e-06,0.000143485505843311,5.13447713416557,3.84319196687556,3.66389503200654,2.96558864505504,0.506125810907208,0.505666910362548,"CLR_more_sig"
-0.3,"eld vs kin","223",0.00166576042988812,0.037456279877679,2.77838745878702,1.42647535853645,2.79068161437326,2.24051689105469,0.528952157407605,0.532730593790583,"CLR_more_sig"
-0.3,"eld vs kin","246",0.000123035586407885,0.000339471801671498,3.90996925648511,3.46919629468857,3.12757215445914,2.68799175080892,0.470279695353545,0.482660277830125,"CLR_more_sig"
-0.3,"eld vs kin","252",0.0460698144712122,0.000556039681828002,1.33658353670089,3.25489421384244,-2.17049794309635,-2.65528776551443,0.474738367397078,0.47839559918848,"TSS_more_sig"
-0.3,"eld vs kin","265",0.00129311132456521,0.00592048944178352,2.88836408489287,2.2276423890407,2.87711896743018,2.52649642748527,0.481787361336979,0.470049317524213,"CLR_more_sig"
-0.3,"eld vs kin","267",0.0378157838036344,9.01945288195613e-05,1.42232689360013,4.04481980586759,-2.90915202727932,-3.39152302455287,0.599355325779429,0.601643478698399,"TSS_more_sig"
-0.3,"eld vs kin","282",0.0345003127016417,7.24665325821993e-05,1.46217696857942,4.13986251854158,-2.73877817384618,-3.06109918619012,0.468224226143814,0.479608527735034,"TSS_more_sig"
-0.3,"eld vs kin","294",0.00186037004779712,0.000697074252595934,2.73040066130261,3.15672095823612,2.71116837372539,2.35208669025547,0.443302173920685,0.447018399090633,"TSS_more_sig"
-0.3,"eld vs kin","329",1.15224519084304e-05,0.000241142511351642,4.9384550958263,3.61772622048959,3.01062599498686,2.38470636705689,0.44062080638426,0.428313305988978,"CLR_more_sig"
-0.3,"eld vs kin","344",2.81147095922342e-07,4.75768323571483e-06,6.55106639812796,5.3226044764561,3.27323740888789,2.75373716130144,0.408643919124341,0.40446744334515,"CLR_more_sig"
-0.3,"eld vs kin","435",0.00776767414227868,0.00502987424526499,2.10970900158339,2.29844287285067,2.82555351170955,2.50455180146196,0.569121024744641,0.554668903511933,"TSS_more_sig"
-0.3,"eld vs kin","614",0.00538910615744459,5.64995451277463e-05,2.26848326135883,4.24795504862844,-2.71925282383681,-3.09183265695196,0.489087029565671,0.487697765918485,"TSS_more_sig"
-0.3,"eld vs kin","616",0.035711086760979,2.61032585060055e-05,1.44719693314201,4.58330527569444,-2.41491570916252,-2.9417755515408,0.414247644672499,0.436280643739435,"TSS_more_sig"
-0.3,"eld vs kin","652",0.00212938761433974,0.00781357665601423,2.67174527635102,2.10715012279355,2.17132727066456,1.66255719941405,0.357667996656043,0.359035945941645,"CLR_more_sig"
-0.3,"eld vs kin","666",6.11560698513697e-06,4.29488013821457e-09,5.21356043196976,8.36704895198137,-3.68516918282126,-4.07623192256096,0.421476749226607,0.416660951120497,"TSS_more_sig"
-0.3,"eld vs kin","667",0.0100339994093797,0.0484972522711997,1.99852592887167,1.31428286670207,2.92001175338905,2.0661400627279,0.559645855401573,0.558031663105643,"CLR_more_sig"
-0.3,"eld vs kin","670",0.00142796880896906,0.0406187384106264,2.8452812787227,1.39127356960211,2.37599819643888,1.84234609792222,0.426594344284516,0.428377455098833,"CLR_more_sig"
-0.3,"eld vs kin","728",2.25976617254484e-12,1.18212823874058e-14,11.6459364967938,13.927335408094,4.38004266455222,3.88470903111598,0.394484136802182,0.381508557834282,"TSS_more_sig"
-0.3,"eld vs kin","744",0.00118026394121128,1.77694319304951e-07,2.92802086100442,6.75032645589728,-3.42135219846046,-3.88581240594704,0.511314235945997,0.52040818738398,"TSS_more_sig"
-0.3,"eld vs kin","770",0.0341919813065948,2.29859070735789e-05,1.46607573261698,4.63853835337649,-2.41258236440288,-2.85950421922506,0.413941572421534,0.433794928983853,"TSS_more_sig"
-0.3,"eld vs kin","786",9.54111071251783e-05,7.60994522067378e-08,4.02040106468386,7.11861846943767,-3.5748718227373,-4.04749869680821,0.497020100195081,0.502438042733015,"TSS_more_sig"
-0.3,"eld vs kin","825",0.0130149428661152,0.0291556379102979,1.88555773404613,1.53527745200004,2.40607218138538,1.89398228259411,0.453160263203323,0.470268058249356,"CLR_more_sig"
-0.3,"eld vs kin","849",0.0224622884231151,9.85448458734743e-06,1.64854600057218,5.00636608541036,-2.56252171379653,-3.03544282620339,0.40002476599742,0.432248984498445,"TSS_more_sig"
-0.3,"eld vs kin","854",6.18569542346387e-06,2.56815255817903e-06,5.20861146796774,5.5903791810676,3.4969048852384,3.07806322096495,0.468306703888842,0.463345765694017,"TSS_more_sig"
-0.3,"eld vs kin","879",0.032774176309302,9.70782934151163e-06,1.48446821432347,5.01287786693953,-2.33606736929432,-2.84048197362379,0.419564469998856,0.411559205449304,"TSS_more_sig"
-0.3,"eld vs kin","886",2.73089077926692e-11,9.93151955119711e-10,10.563695668923,9.0029842981097,4.83882778409956,4.32492107886047,0.524527250865784,0.517707090518551,"CLR_more_sig"
-0.3,"eld vs kin","888",5.85967647080581e-05,6.0652094238879e-05,4.23212636193798,4.2171541989081,3.04620125816152,2.53462393143771,0.445287063962642,0.445167795710229,"CLR_more_sig"
-0.3,"eld vs kin","891",0.00694312092521615,8.74788226895935e-06,2.15844527076581,5.05809707043154,-3.20875365849397,-3.62742366383479,0.556519560234999,0.57336756786252,"TSS_more_sig"
-0.3,"eld vs kin","895",0.00594861723888589,1.57023314745452e-05,2.22558397466012,4.80403585896944,-2.9409752780212,-3.43161156733929,0.508951009805874,0.495993014396938,"TSS_more_sig"
-0.3,"eld vs kin","914",0.0142500720074522,0.00180418474519326,1.84618294110388,2.74371899356239,-2.65929215418182,-3.10908510962595,0.539676483550184,0.562800192132471,"TSS_more_sig"
-0.3,"eld vs kin","922",0.0152752073287501,0.0410367663665033,1.816012886413,1.38682686827911,2.4896274932719,1.94832113258227,0.453324615387343,0.478806843864951,"CLR_more_sig"
-0.3,"eld vs kin","926",0.00298611870919569,0.00790454443494895,2.52489293146569,2.10212315483855,2.42644872820741,1.90559706600304,0.438827306947171,0.423914230862594,"CLR_more_sig"
-0.3,"eld vs kin","944",0.000368983688085936,0.000191173805774141,3.43299283256954,3.71857161408435,2.21639284598576,1.70134649511849,0.296370313668171,0.28993993654657,"TSS_more_sig"
-0.3,"eld vs kin","947",1.70395955055344e-10,6.29368691777384e-11,9.76854071894722,10.2010948650556,4.51910874006961,3.99750985581766,0.430029683638909,0.440279570586099,"TSS_more_sig"
-0.3,"eld vs kin","965",0.0477015923660887,0.00521253249834674,1.3214671231766,2.28295122433307,-2.50171488836552,-3.02862599041513,0.593555046626028,0.603778952551965,"TSS_more_sig"
-0.3,"eld vs kin","978",1.52629156643498e-22,1.43577356656117e-23,21.8163624954778,22.8429140465471,6.31304412066492,5.8851270524851,0.414951520623619,0.422500514473822,"TSS_more_sig"
-0.3,"eld vs kin","984",2.37163734447108e-15,2.47720956391993e-13,14.6249517197497,12.606037251951,5.17852119403722,4.64080017713488,0.430699727191823,0.430110495272387,"CLR_more_sig"
-0.3,"eld vs kin","988",5.15738928284669e-05,0.000102503290343439,4.28757008654722,3.98926219358321,3.3791593622112,2.95394531600872,0.531282207804436,0.526515723991712,"CLR_more_sig"
-0.3,"eld vs kin","991",0.00670944894912832,1.76631597532952e-06,2.17331314722001,5.7529316030987,-3.49113298115602,-4.01101056083424,0.561559838316715,0.565027529341128,"TSS_more_sig"
-0.3,"eld vs kin","1014",1.00277266489027e-05,2.68688528451681e-08,4.99879751321514,7.57075087519871,-4.04023682347949,-4.54719560761948,0.51297873798139,0.538584330890252,"TSS_more_sig"
-0.3,"eld vs kin","1019",0.0101849839868228,0.029619032709624,1.99203964947579,1.52842912865519,2.22427588990757,1.73990208292952,0.43006556867456,0.442047724136197,"CLR_more_sig"
-0.3,"eld vs kin","1020",0.000438636573946513,0.00207476575687309,3.35789515925009,2.68303092846512,2.60386246898867,2.08880122204867,0.424062854762943,0.405942011913367,"CLR_more_sig"
-0.3,"eld vs kin","1021",0.00142456085531147,1.28878752872606e-06,2.84631899355581,5.88981867512737,-3.55646869727755,-3.98957727561596,0.548664623140927,0.553648037656469,"TSS_more_sig"
-0.3,"eld vs kin","1027",0.00606386539825627,0.0304979584485743,2.21725044745571,1.51572923161039,2.72142186845202,2.24501177955675,0.511578206593243,0.508219509094917,"CLR_more_sig"
-0.3,"eld vs kin","1030",1.76267456365621e-08,1.84985766546299e-09,7.75382786254732,8.73286168645217,4.29594144379112,3.87241729550886,0.429584821338812,0.424228968677591,"TSS_more_sig"
-0.3,"eld vs kin","1043",0.000223088756012398,0.00139614976024461,3.6515223182183,2.85506799391959,2.57991250712904,2.11224659714009,0.420836417660713,0.423318927075265,"CLR_more_sig"
-0.3,"eld vs kin","1059",0.00178762824255128,0.00965990664689909,2.74772279258447,2.01502707057545,2.89137352655482,2.42431351794136,0.582297235172831,0.592347518667143,"CLR_more_sig"
-0.3,"eld vs kin","1074",1.08703616971252e-18,2.60820857683505e-18,17.9637560050901,17.5836576812889,5.22015985573938,4.76696733943736,0.39716940552826,0.395688789271338,"CLR_more_sig"
-0.3,"eld vs kin","1076",4.53575519360228e-13,7.85482652400569e-09,12.3433503934751,8.10486340203063,4.69369223334017,4.21890675089685,0.420335533186405,0.432403670232243,"CLR_more_sig"
-0.3,"eld vs kin","1079",0.0495657980417709,0.00158868242676276,1.30481789700412,2.79896290838643,-2.17562348578854,-2.67052294076416,0.468489796288097,0.492501818912807,"TSS_more_sig"
-0.3,"eld vs kin","1082",1.99426132021172e-05,0.000260897889600468,4.70021793404342,3.58352943388781,3.2013334618813,2.67459063325359,0.490627765870521,0.48672690203981,"CLR_more_sig"
-0.3,"eld vs kin","1089",1.26653291786993e-11,1.46875775230304e-11,10.8973835181802,10.8330498281128,3.20375693793351,2.70815130348454,0.28098593736402,0.2889597471464,"CLR_more_sig"
-0.3,"eld vs kin","1098",1.68487891756355e-28,1.79639433909251e-25,27.7734313038867,24.7455983221824,7.15519903677871,6.69154809725115,0.439708192900895,0.447129261812702,"CLR_more_sig"
-0.3,"eld vs kin","1101",0.0444241760087526,0.00157249997847605,1.35238061885571,2.8034093518272,-2.50660853815352,-2.92675986784963,0.570983269188576,0.594635924857126,"TSS_more_sig"
-0.3,"eld vs kin","1104",0.0334935680714494,6.55948941671523e-05,1.47503858458317,4.18312996430316,-2.54303175441018,-3.11179428982509,0.453541167268548,0.460534978851653,"TSS_more_sig"
-0.3,"eld vs kin","1105",1.62513069214419e-05,1.48568592580894e-08,4.78911170754989,7.82807299078044,-4.50782135601627,-4.88947398722659,0.51330324721824,0.510177104806747,"TSS_more_sig"
-0.3,"eld vs kin","1108",0.00291571480473308,0.000956442458872198,2.53525495799055,3.01934115271038,2.67130688414204,2.22235817800506,0.433429728578926,0.440156597978517,"TSS_more_sig"
-0.3,"eld vs kin","1112",0.00160692258383075,1.51736539751653e-05,2.79400504559197,4.81890982394862,-3.40423146704667,-3.86290391156244,0.524418285220589,0.536989411395949,"TSS_more_sig"
-0.2,"cent vs mage","4",6.71135394312161e-05,0.0185271276896252,4.17318985677435,1.73219190530265,2.17857345182423,1.71925420433886,0.199796744659843,0.182896016959843,"CLR_more_sig"
-0.2,"cent vs mage","7",3.3846913909197e-09,4.7147273631963e-07,8.47048092323604,6.3265434159877,4.13488453031511,3.66359528827701,0.417274186063704,0.415760963693241,"CLR_more_sig"
-0.2,"cent vs mage","8",0.00413411792731839,0.0336508528572405,2.38361713911338,1.47300392441178,2.23994859901018,1.79516528377796,0.309219626841941,0.31432957783902,"CLR_more_sig"
-0.2,"cent vs mage","9",0.011467319372926,0.0384091297045426,1.94053809191622,1.41556553320964,1.99747071041023,1.53319135845589,0.262991333752794,0.272459282553545,"CLR_more_sig"
-0.2,"cent vs mage","11",0.00753307723550252,0.0338761907857923,2.12302757978889,1.47010542991505,2.18774104925886,1.74821443521881,0.309873671594824,0.297475210649241,"CLR_more_sig"
-0.2,"cent vs mage","14",5.07491594240081e-06,0.000750279516766542,5.29457114672585,3.12477690997619,2.67859417126625,2.21670592440731,0.264189201942538,0.258778529504622,"CLR_more_sig"
-0.2,"cent vs mage","19",0.000801693240576897,0.029476937278389,3.09599177811214,1.5305176426649,2.48018156515126,2.02797237544984,0.333600921928725,0.344267929546558,"CLR_more_sig"
-0.2,"cent vs mage","20",4.39014432595211e-06,0.00126129213367358,5.35752120209631,2.89918431283329,2.65223360863807,2.19308067565735,0.265588012204605,0.268655452126621,"CLR_more_sig"
-0.2,"cent vs mage","21",2.75065433430958e-07,0.000112162504272213,6.56056398254166,3.95015230269891,2.82802049022411,2.37171705459193,0.264501096136057,0.26080812649171,"CLR_more_sig"
-0.2,"cent vs mage","22",0.0359256570910615,0.000445436019124335,1.44459527974454,3.3512146676916,-1.63447282973964,-2.0914284606423,0.326958612509366,0.323002210801761,"TSS_more_sig"
-0.2,"cent vs mage","23",0.00208198849058694,0.0338103866089067,2.68152167563643,1.47094986321368,2.11789298768085,1.65232980693678,0.261707888406164,0.266379101322129,"CLR_more_sig"
-0.2,"cent vs mage","24",3.3851073342211e-09,4.79823124179454e-07,8.47042755624888,6.31891882585227,4.47483915035162,4.00416477994461,0.481505280823255,0.492577337357127,"CLR_more_sig"
-0.2,"cent vs mage","26",9.84016292337189e-06,0.00105607335749646,5.00699771090447,2.97630591357361,3.04676069089286,2.59973480403691,0.375478729193081,0.374516887390702,"CLR_more_sig"
-0.2,"cent vs mage","32",0.000826025708576843,0.0317867251770361,3.08300643582815,1.49775421290947,2.11670469933016,1.65633977261209,0.225466400294132,0.228648908725354,"CLR_more_sig"
-0.2,"cent vs mage","39",9.52898219532303e-07,4.09208457425008e-05,6.0209534845202,4.38805539897001,3.54952529105743,3.1070486765646,0.420864780060205,0.417423692122555,"CLR_more_sig"
-0.2,"cent vs mage","42",8.88710245069891e-07,0.000225016164438351,6.0512398132472,3.64778628244766,3.44389157762343,2.95883671835614,0.414192993221472,0.411705472983682,"CLR_more_sig"
-0.2,"cent vs mage","47",0.0102284364215802,0.046139723410107,1.99019075000037,1.33592501323548,2.5502576177307,2.05729184973899,0.497510793616929,0.493165727163829,"CLR_more_sig"
-0.2,"cent vs mage","51",0.0299463727505554,0.000657810543245001,1.52365577393638,3.18189917001963,-1.81931611691505,-2.26825501098489,0.369560811516626,0.389385603189633,"TSS_more_sig"
-0.2,"cent vs mage","55",0.00212810561647498,0.0349449252920418,2.67200682209407,1.45661588365743,2.43248458291895,1.99436508935892,0.362726022535073,0.357389958435513,"CLR_more_sig"
-0.2,"cent vs mage","56",4.40982208078887e-06,0.0136265636678949,5.35557893227601,1.86561365027162,2.96494397569961,2.48859488911958,0.376729150716525,0.370328721729991,"CLR_more_sig"
-0.2,"cent vs mage","57",0.0218031823873836,0.00128224828081405,1.66148011224814,2.89202787454606,-2.04115875785457,-2.44771121562157,0.435317056275399,0.444876848474372,"TSS_more_sig"
-0.2,"cent vs mage","69",0.000384152534395027,0.0247915676830186,3.41549629726661,1.60569600995837,2.66801556322187,2.22846372742079,0.394727399099685,0.383789960229288,"CLR_more_sig"
-0.2,"cent vs mage","90",0.000381110892429308,0.0317898335268724,3.41894863859508,1.49771174633971,2.36326789931775,1.87993001665987,0.290557038493095,0.281611172683437,"CLR_more_sig"
-0.2,"cent vs mage","92",0.0225424875083577,0.0366635581812195,1.64699816231181,1.43576538925155,1.90822613867146,1.45185128567972,0.245857130993736,0.241100854060553,"CLR_more_sig"
-0.2,"cent vs mage","100",0.00919197627166821,0.000155927718125756,2.03659110541386,3.80707667660678,-2.6891623203225,-3.23289993970455,0.566059904086821,0.574012593303005,"TSS_more_sig"
-0.2,"cent vs mage","106",2.20949793676386e-05,0.00704549053078731,4.65570639964705,2.15208876445699,2.73880411506088,2.29393724190514,0.324633308678723,0.339102440477036,"CLR_more_sig"
-0.2,"cent vs mage","114",9.63088931506328e-08,3.76656323425846e-10,7.016333608328,9.42405473709666,-3.72918376327356,-4.21132163829765,0.468585374456067,0.487755825018714,"TSS_more_sig"
-0.2,"cent vs mage","132",6.43670161314576e-09,4.9604764740252e-13,8.19133662303941,12.3044766057474,-4.34625292063446,-4.96140117666521,0.479587648861981,0.500259836490962,"TSS_more_sig"
-0.2,"cent vs mage","142",0.000173152953986734,0.000407735363645096,3.76157009499413,3.38962161974754,3.69444791112087,3.15563515260057,0.527083628077095,0.539110190192249,"CLR_more_sig"
-0.2,"cent vs mage","143",1.21997476791213e-06,3.70808534340868e-12,5.91364915151365,11.4308502789113,-3.79910607252699,-4.29367977655001,0.442189911838678,0.450470205672795,"TSS_more_sig"
-0.2,"cent vs mage","146",0.0255470792851725,0.000652966210225426,1.59265874417267,3.18510929206693,-2.00327445868837,-2.43972912720257,0.411285232966437,0.424730937141583,"TSS_more_sig"
-0.2,"cent vs mage","148",0.00304842473211325,0.000104480922491343,2.51592452356528,3.98096300154439,-2.64506810297513,-3.16194391393407,0.478227685750132,0.504958654373307,"TSS_more_sig"
-0.2,"cent vs mage","168",9.55961707620295e-07,5.63188036316104e-06,6.01955950364678,5.24934657939344,3.46848308900863,3.06904649820478,0.441115109601993,0.44267014415267,"CLR_more_sig"
-0.2,"cent vs mage","169",0.00343097887301147,5.09857502316682e-05,2.46458195619704,4.29255118587236,-2.35470398395412,-2.8394938365567,0.41253703272971,0.440058879441853,"TSS_more_sig"
-0.2,"cent vs mage","210",1.28892943193626e-10,2.80050545832059e-10,9.88977085934142,9.55276357653347,-4.27025980914819,-4.80660536895962,0.453430694010854,0.469439053593762,"CLR_more_sig"
-0.2,"cent vs mage","219",8.19028805180911e-08,5.48400752322548e-10,7.08670082386702,9.26090195809604,-3.83529628772762,-4.29122645806715,0.463563835119444,0.463846851165487,"TSS_more_sig"
-0.2,"cent vs mage","274",0.0281853498434732,0.00496467594017906,1.54997657024074,2.3041090939934,-2.05115849522062,-2.4568415924818,0.485183143905681,0.501240232105216,"TSS_more_sig"
-0.2,"cent vs mage","287",0.0228227345190448,0.00261137521732994,1.64163232155745,2.5831307217779,-1.94858504317371,-2.42147022631317,0.418421876825524,0.45211156415533,"TSS_more_sig"
-0.2,"cent vs mage","289",0.0206936710911687,1.91705136012613e-05,1.68416245794664,4.71736625169128,-2.44015341087523,-2.9738660244146,0.471771535493914,0.488371874536899,"TSS_more_sig"
-0.2,"cent vs mage","294",0.000175264710217902,0.00090865575253669,3.75630552087426,3.04160061962771,2.81479458912866,2.38489251675013,0.398397645496933,0.385697283579167,"CLR_more_sig"
-0.2,"cent vs mage","353",4.26264398246406e-06,7.64816644456854e-09,5.37032093826724,8.116442669219,-3.31705869399606,-3.71544694724586,0.443375059294787,0.457425427876462,"TSS_more_sig"
-0.2,"cent vs mage","363",0.0221716488523022,0.000596726090678742,1.65420200824641,3.22422497306576,-1.95198149344803,-2.42608065855814,0.422185306943087,0.446709360959914,"TSS_more_sig"
-0.2,"cent vs mage","401",0.0151298043490864,0.000927488486513485,1.82016668801525,3.03269147284466,-2.01826466006125,-2.5313314566285,0.4408133037596,0.450439273509008,"TSS_more_sig"
-0.2,"cent vs mage","453",0.0374273705344085,0.0283293568562595,1.42681068323851,1.54776328488472,-1.93134457999483,-2.4155419047233,0.440503269932113,0.448293051816869,"TSS_more_sig"
-0.2,"cent vs mage","488",0.0403877213391025,0.0176905611026589,1.39375064887928,1.75225839208044,-2.09227022042543,-2.37901647033266,0.453828697223982,0.468637041770771,"TSS_more_sig"
-0.2,"cent vs mage","546",0.0281580344149237,0.000852677193381908,1.55039766460614,3.06921535296703,-2.03117033990428,-2.46001751239793,0.429462196487482,0.447455609339015,"TSS_more_sig"
-0.2,"cent vs mage","652",0.000180210635481634,0.0379275769605173,3.74421958186591,1.4210449017288,2.39453841408001,1.88121789498499,0.298988411595042,0.317711761650632,"CLR_more_sig"
-0.2,"cent vs mage","671",0.000766989327132,0.0220316154477689,3.11521067933645,1.65695365744161,2.56063560228921,2.07297321708521,0.355886012822995,0.360462185043662,"CLR_more_sig"
-0.2,"cent vs mage","675",5.15078228896186e-05,1.70300668257522e-05,4.28812680630282,4.76878364786837,-3.04448266290808,-3.41551727511902,0.460873971527546,0.468785076263033,"TSS_more_sig"
-0.2,"cent vs mage","728",0.000170543885265594,0.00719404383297691,3.76816384730916,2.14302692037322,2.50769217126588,2.04067790547311,0.305300175336091,0.3072148379635,"CLR_more_sig"
-0.2,"cent vs mage","762",0.000667238035768206,0.0337047268629131,3.17571920479626,1.47230918795585,2.52154340268643,2.09266383233467,0.380648024984104,0.386304080943147,"CLR_more_sig"
-0.2,"cent vs mage","769",0.0356256513273207,0.0011547993200134,1.44823718690552,2.93749348051916,-2.04579016584687,-2.53900854135834,0.449966251877992,0.459643231252954,"TSS_more_sig"
-0.2,"cent vs mage","770",0.00116257195459806,4.88949462925307e-06,2.93458015799258,5.31073602657553,-2.07810859116042,-2.54923562796635,0.327817201383945,0.352025041736367,"TSS_more_sig"
-0.2,"cent vs mage","829",0.00143609654190738,0.0144123792457877,2.84281636356982,1.84126431842112,2.5730090216415,2.10929041209966,0.384853925190613,0.394612443434237,"CLR_more_sig"
-0.2,"cent vs mage","848",0.0012663284739196,0.0338842905410381,2.89745362772505,1.47000160305444,2.3994618457864,1.89849471922751,0.323410605672896,0.340133054794146,"CLR_more_sig"
-0.2,"cent vs mage","849",0.026728659372159,0.000798459727642218,1.57302282358072,3.09774698372566,-1.85137421974209,-2.31681404946814,0.379433000330328,0.41503695911545,"TSS_more_sig"
-0.2,"cent vs mage","854",0.000366201845515641,0.0028662816732247,3.43627947135262,2.5426811331584,3.40080123045707,2.81546834637178,0.461177141819737,0.471468759008991,"CLR_more_sig"
-0.2,"cent vs mage","857",0.00125283348666724,0.0470160669325626,2.90210664698438,1.32775370402707,2.51485207402331,2.02579100317141,0.329360927755016,0.34051046534646,"CLR_more_sig"
-0.2,"cent vs mage","884",0.0472058301418547,0.0007207180630122,1.32600436064403,3.14223459328922,-1.78482926255201,-2.24628111280377,0.398053299522764,0.394973749479711,"TSS_more_sig"
-0.2,"cent vs mage","886",0.000797271826531211,0.0135709225486395,3.09839358244899,1.86739062808346,3.18907542762131,2.6699857257211,0.532520890376427,0.534716661494534,"CLR_more_sig"
-0.2,"cent vs mage","912",0.0424105440864689,0.00191522407683681,1.37252615592427,2.71778040726158,-2.0854892752117,-2.62064750939863,0.455407611482616,0.469899921758119,"TSS_more_sig"
-0.2,"cent vs mage","917",0.0167072280748731,0.000422840323158722,1.7770955986791,3.3738236039325,-2.38756690504046,-2.82006603282625,0.479874197912311,0.494417318182941,"TSS_more_sig"
-0.2,"cent vs mage","921",2.3034017332275e-08,2.15207097711173e-10,7.63763031070775,9.66714340937198,-3.80473101564068,-4.33772916034841,0.465107598068798,0.47715924362397,"TSS_more_sig"
-0.2,"cent vs mage","966",0.0347973117425887,0.000359172696738879,1.45845430606652,3.44469668455018,-2.32861963651757,-2.77778607384683,0.517206023485345,0.521510772868379,"TSS_more_sig"
-0.2,"cent vs mage","978",0.000144300316934049,0.007073792661684,3.84073271504263,2.15034767384077,3.40589014637654,2.82080284971599,0.443948427141933,0.445320912049961,"CLR_more_sig"
-0.2,"cent vs mage","989",0.000774503135977001,0.0378752307461321,3.11097681943512,1.42164471264234,2.46506796543243,1.96412796174421,0.367712499215602,0.383528282789319,"CLR_more_sig"
-0.2,"cent vs mage","1004",0.0327970193613277,6.86601443047992e-05,1.48416562378064,4.16329528814138,-2.37839403353468,-2.85948778319906,0.467840447745817,0.467118361601255,"TSS_more_sig"
-0.2,"cent vs mage","1017",0.0102773112883592,0.0496786523587893,1.98812048897493,1.3038301938516,2.2510219565394,1.78974237698822,0.384545231319728,0.385595431672759,"CLR_more_sig"
-0.2,"cent vs mage","1019",4.62029039973176e-05,2.18220763350947e-07,4.33533072681671,6.6611039293676,-2.65185098875362,-3.06267134208067,0.39731895863673,0.384303628505467,"TSS_more_sig"
-0.2,"cent vs mage","1030",0.0216548343636918,0.0150780639485445,1.66444513380945,1.82165441910568,2.45819945332093,2.04775175490191,0.412403030061148,0.417440562799978,"TSS_more_sig"
-0.2,"cent vs mage","1043",5.3019044095496e-06,0.0111013299654128,5.27556810662544,1.95462498859714,2.78075233068775,2.31950334522148,0.316940996558343,0.310709666782072,"CLR_more_sig"
-0.2,"cent vs mage","1058",0.000908417264448148,4.25157046481624e-06,3.04171462061774,5.37145061860383,-2.66498239339876,-3.10001632900341,0.460561118984017,0.453277578309452,"TSS_more_sig"
-0.2,"cent vs mage","1074",3.70461556767097e-06,0.000596659288531399,5.43125685259734,3.2242735940804,3.37524493281462,2.81210616443399,0.366927414396213,0.372653081692319,"CLR_more_sig"
-0.2,"cent vs mage","1076",0.00732454230932693,0.044979048395974,2.13521950800375,1.34698973700063,2.56709029714014,2.07820614646815,0.414248224288627,0.42749749958328,"CLR_more_sig"
-0.2,"cent vs mage","1079",0.0229519501557761,0.000299969532676952,1.6391804079084,3.52292285348773,-2.0277598565278,-2.54678612371546,0.398119662650834,0.421912326816668,"TSS_more_sig"
-0.2,"cent vs mage","1087",5.92183407608204e-07,0.000113245407189171,6.22754376527693,3.9459794023204,3.86525468139509,3.42111318075835,0.489829412381841,0.498943635914477,"CLR_more_sig"
-0.2,"cent vs mage","1091",0.0322999680348493,0.0399612856744875,1.49079790746133,1.39836054766444,2.60093804428049,2.27414876247677,0.48473852583548,0.479487777494536,"CLR_more_sig"
-0.2,"cent vs mage","1098",1.20013289024968e-10,9.24117145267012e-08,9.92077066203011,7.03427297215836,4.52118074025877,4.01758925515211,0.44431251014475,0.439814834979555,"CLR_more_sig"
-0.2,"cent vs mage","1104",0.00462397165108136,0.000278674779319592,2.33498483717764,3.55490233411397,-2.42652569154058,-2.912618085181,0.438674578409351,0.456677451814384,"TSS_more_sig"
-0.2,"eld vs kin","3",0,0,27.7381035718015,27.7381035718015,-4.80280897101065,-4.96801643771674,0.431572419772524,0.446531384028199,"equal"
-0.2,"eld vs kin","4",0.000161649028330432,1.07124157212866e-07,3.79142690158135,6.97011258181779,2.41763430844174,2.25424629869345,0.227748301134562,0.219987409163357,"TSS_more_sig"
-0.2,"eld vs kin","5",3.95331334313522e-06,9.04962326758117e-08,5.40303876172549,7.0433694999347,-2.85704382531196,-3.01691198708179,0.384541669831804,0.385395604036841,"TSS_more_sig"
-0.2,"eld vs kin","7",1.30250702026507e-23,1.82766429750854e-27,22.8852199272575,26.7381035718015,7.44598716466514,7.29753801871605,0.464369342643462,0.457944333111445,"TSS_more_sig"
-0.2,"eld vs kin","10",0.000295871403181395,1.5864852335209e-05,3.52889700861662,4.79956396581395,-2.79507041762987,-2.95580813908993,0.481598770821163,0.470554064328962,"TSS_more_sig"
-0.2,"eld vs kin","11",2.07308608253559e-05,1.50995492054986e-07,4.68338266394859,6.82103601830199,3.11824095676576,2.9486424640836,0.350971644028054,0.347417252221712,"TSS_more_sig"
-0.2,"eld vs kin","12",0.00429278103663163,0.000248338570582852,2.3672612631646,3.60495582297305,-2.05920047181431,-2.21960740806415,0.379740014476647,0.37033420125421,"TSS_more_sig"
-0.2,"eld vs kin","14",1.95419059670807e-05,6.9556083489313e-08,4.70903308081078,7.15766487990201,2.74931828418001,2.58596184230463,0.280246606918766,0.27548929684719,"TSS_more_sig"
-0.2,"eld vs kin","15",0.00336451187625534,0.00025439607098627,2.47307793436,3.59448960042205,2.84863588388423,2.69660621743196,0.444492192093108,0.429613440901571,"TSS_more_sig"
-0.2,"eld vs kin","16",8.60779003059194e-07,1.62639117372866e-09,6.06510833527288,8.78877499123877,2.91208891539196,2.75485659598198,0.261959112963942,0.2676103912394,"TSS_more_sig"
-0.2,"eld vs kin","21",6.7893861878946e-14,3.32280249275005e-17,13.1681694874662,16.4784954724011,3.98505427859554,3.82747103680243,0.295732639071277,0.293586259693867,"TSS_more_sig"
-0.2,"eld vs kin","23",0.00673979765060485,0.000339208308595892,2.1713531421212,3.46953351864069,2.28879809208659,2.14703222196612,0.295447351384019,0.311182347020411,"TSS_more_sig"
-0.2,"eld vs kin","25",0.00120168353569129,0.000100203439596409,2.92020988907097,3.99911737056356,2.94350319744846,2.78447660433941,0.413313903257886,0.420526181270925,"TSS_more_sig"
-0.2,"eld vs kin","26",0.0130120928958117,0.00188003139419164,1.88565284486802,2.72583489849677,2.35211060431983,2.18191079934687,0.366727625103829,0.364355109208325,"TSS_more_sig"
-0.2,"eld vs kin","29",0.00537927216671451,0.000259386559783585,2.26927648183602,3.58605253080801,2.33875955348742,2.18272127031088,0.290449068969421,0.292143297807856,"TSS_more_sig"
-0.2,"eld vs kin","31",0.000271154699106324,3.76704487024052e-05,3.56678286484732,4.42399920677263,3.49412420586883,3.38520568160164,0.519040275250877,0.541505674701869,"TSS_more_sig"
-0.2,"eld vs kin","33",6.40907197757299e-06,1.08560336418569e-07,5.19320485101115,6.96432881950729,-3.27449784966835,-3.43772657362713,0.452003214138421,0.462732660962835,"TSS_more_sig"
-0.2,"eld vs kin","36",0.031108580619293,0.00153419159155966,1.50711980384698,2.81412040182027,2.02455922369951,1.85880064709965,0.256257208057988,0.262628415834747,"TSS_more_sig"
-0.2,"eld vs kin","38",0.0111963188992403,0.00121973130574456,1.95092474023374,2.91373582939458,-1.87771217331672,-2.04926138560868,0.36963882138215,0.382181993921353,"TSS_more_sig"
-0.2,"eld vs kin","47",0.00852192051606425,0.00807361655196836,2.06946252078045,2.0929318808012,2.76709826757247,2.57924009313868,0.541914566536951,0.529368180377907,"TSS_more_sig"
-0.2,"eld vs kin","55",0.0278631158925962,0.00681690940902888,1.55497031866246,2.16641247737022,2.38015870963005,2.26645740748725,0.421398415109195,0.419878721382893,"TSS_more_sig"
-0.2,"eld vs kin","57",0.00319828475273267,0.000358219113892491,2.49508287234865,3.44585124473889,-2.47172069606695,-2.63681135434649,0.455045181162272,0.480900019446298,"TSS_more_sig"
-0.2,"eld vs kin","61",0.0317542100007287,0.00940719860925206,1.49819868741529,2.02653968684658,2.11001362891763,1.9632425145705,0.358536787448247,0.36029190011944,"TSS_more_sig"
-0.2,"eld vs kin","62",0.00765370799122934,0.000886264232798148,2.11612811125405,3.05243677728017,-1.71478928992487,-1.86746894556109,0.307384796408742,0.31945787577606,"TSS_more_sig"
-0.2,"eld vs kin","65",1.32855669555447e-05,2.00414186965235e-07,4.87661990753818,6.69807153877966,-2.72191472313673,-2.92689875636009,0.37502267974483,0.369512461439712,"TSS_more_sig"
-0.2,"eld vs kin","67",2.68434117526676e-12,1.93768612266609e-13,11.5711622868938,12.7127165710593,-5.43561409047523,-5.69737823587471,0.554302873675731,0.569238593622687,"TSS_more_sig"
-0.2,"eld vs kin","68",0.0300261396913053,0.00912989753637113,1.52250049925391,2.03953409646771,-1.71653699439298,-1.88309851224328,0.351697933451898,0.380863407440136,"TSS_more_sig"
-0.2,"eld vs kin","70",0.0334849526150784,0.0312496938700209,1.47515031130222,1.50515423275869,2.48269804397116,2.31427772178495,0.511634418121762,0.510061520736613,"TSS_more_sig"
-0.2,"eld vs kin","71",0.0107868101112037,0.0337403447761604,1.96710696643116,1.4718504838803,2.60095764854805,2.45886693501315,0.537914656366883,0.534192599353323,"CLR_more_sig"
-0.2,"eld vs kin","74",1.70279836500593e-05,3.63985083380146e-06,4.76883677549587,5.438916413984,3.75049771482269,3.49661979235422,0.496876054397461,0.497454419096169,"TSS_more_sig"
-0.2,"eld vs kin","77",0.0314100111222749,0.00414202924815722,1.50293190981793,2.38278683874328,2.28144107869425,2.10788939236347,0.369175867660212,0.368335279815373,"TSS_more_sig"
-0.2,"eld vs kin","79",9.73812474088328e-08,9.28187653591428e-09,7.01152466664263,8.032364212703,-3.81646427001117,-3.95851217864789,0.475568239231969,0.488617241536744,"TSS_more_sig"
-0.2,"eld vs kin","80",0.0068037380592641,0.00162343591019302,2.16725241487223,2.78956485172472,2.40840923417431,2.21897120089971,0.367601964456108,0.350953918568218,"TSS_more_sig"
-0.2,"eld vs kin","82",2.77422900018999e-05,4.78605598572237e-06,4.55685769271694,5.32002222545762,-3.88813216295238,-4.05940606520514,0.57706827279,0.590866498785272,"TSS_more_sig"
-0.2,"eld vs kin","83",3.27385894736347e-06,1.90817435876839e-06,5.48494003588966,5.71938194431154,-3.46253279295357,-3.63155799718477,0.496056619293489,0.511672738311974,"TSS_more_sig"
-0.2,"eld vs kin","84",1.34495848859726e-08,4.19043116676347e-09,7.87129111971463,8.37774128879688,-3.86067781849489,-3.98769032374496,0.456095516349803,0.484844605851738,"TSS_more_sig"
-0.2,"eld vs kin","85",0.00515100610444241,0.00103751206140974,2.28810793543798,2.98400684577418,-2.33758371901589,-2.52557570896452,0.467193382884354,0.482601246356954,"TSS_more_sig"
-0.2,"eld vs kin","87",0.000817882375607257,0.000123790443520406,3.08730915023802,3.9073128810554,-2.96758418296243,-3.07953805279715,0.509275597973378,0.525921915407569,"TSS_more_sig"
-0.2,"eld vs kin","89",8.91105407107629e-11,1.23243555848938e-12,10.0500709210837,11.9092357798188,4.89980784468766,4.71184831323907,0.454980914705588,0.454856520261879,"TSS_more_sig"
-0.2,"eld vs kin","91",6.73090106053295e-08,4.42710760020587e-08,7.1719267932169,7.3538799224287,-4.32135495127213,-4.54013683548534,0.564361803105848,0.578843426247714,"TSS_more_sig"
-0.2,"eld vs kin","93",0.0491980219205216,0.0194010294390059,1.30805235833573,1.71217522533688,-1.90827158237155,-2.07500048652894,0.461757459960764,0.473365732342882,"TSS_more_sig"
-0.2,"eld vs kin","100",2.47246994680859e-06,3.40131656328532e-06,5.6068689786042,5.46835294604728,-3.74989360525686,-3.84854721889122,0.544127054827289,0.559852992382745,"CLR_more_sig"
-0.2,"eld vs kin","102",0.00203476088934202,0.000122105372817334,2.69148661864545,3.91326522603396,-2.87282494053255,-3.07313641473938,0.520820441518452,0.549593125442044,"TSS_more_sig"
-0.2,"eld vs kin","103",0.0312719945197885,0.0379192804825803,1.50484441868306,1.42113991198296,2.17574941087359,2.05403355184078,0.440617590739977,0.44748255086406,"CLR_more_sig"
-0.2,"eld vs kin","108",0.00812110481718902,0.00760621620766562,2.09038488413697,2.11883133387295,-2.83916302011016,-2.90991471765854,0.630763970759486,0.643636797254959,"TSS_more_sig"
-0.2,"eld vs kin","110",0.00803976477531252,0.000888777103778884,2.09475665750506,3.05120714199537,-2.41123385201478,-2.6592352460057,0.501609642673714,0.523357345239767,"TSS_more_sig"
-0.2,"eld vs kin","111",5.36722919877468e-06,5.261523113852e-07,5.27024985847899,6.27888851740731,-3.24818687004027,-3.44003200178585,0.442932029497541,0.45124446577683,"TSS_more_sig"
-0.2,"eld vs kin","114",0.037489895801157,0.0275582790410407,1.42608576664821,1.55974790673234,-1.96841183917316,-2.19858096105509,0.520183005104562,0.540877348438906,"TSS_more_sig"
-0.2,"eld vs kin","115",0.00335604547400273,0.000626272824176411,2.47417216316674,3.20323643320735,-2.74534911561401,-2.8872237488556,0.551002758658042,0.559638315283857,"TSS_more_sig"
-0.2,"eld vs kin","118",0.000621229340903807,6.79449495006683e-05,3.20674804056149,4.16784281980726,-2.28958672031979,-2.41381021153134,0.402023235216932,0.385053203841737,"TSS_more_sig"
-0.2,"eld vs kin","119",0.00569460448890359,0.000379853530549253,2.24453643387663,3.42038383269017,2.33660163411345,2.17667809595114,0.307830516931147,0.3089247338595,"TSS_more_sig"
-0.2,"eld vs kin","121",1.03273278651993e-09,8.95872456752179e-10,8.98601203506521,9.04775381541769,4.49375489623927,4.44756719354429,0.476670723274868,0.508353685155446,"TSS_more_sig"
-0.2,"eld vs kin","124",0.00738897922296073,0.0142672028698832,2.13141555463033,1.84566116334279,2.49955345609955,2.25556493157877,0.43711163093233,0.423069762604515,"CLR_more_sig"
-0.2,"eld vs kin","125",0.0125859717234339,0.0222974271419992,1.90011324830524,1.65174524648081,2.87377648856293,2.67234670517074,0.528454060918899,0.535221322758479,"CLR_more_sig"
-0.2,"eld vs kin","126",0.02370595653789,0.00716684434724565,1.62514251616253,2.14467202763125,-2.22135537178079,-2.31832850307346,0.49978186964546,0.524474896377471,"TSS_more_sig"
-0.2,"eld vs kin","128",0.00723354427194317,0.00238101615297754,2.14064885615152,2.62323765830146,-2.72973441365873,-2.82937043860623,0.549660489618806,0.579107101438424,"TSS_more_sig"
-0.2,"eld vs kin","130",3.4560716177557e-05,0.00040873820979607,4.461417266519,3.38855476153498,-3.37939892894405,-3.40012579685518,0.565360678737774,0.601995835210138,"CLR_more_sig"
-0.2,"eld vs kin","133",0.00443500120193698,0.000673465720353686,2.35310625813338,3.17168450512306,-2.51312227395675,-2.72539463215244,0.460833163114656,0.501538265483908,"TSS_more_sig"
-0.2,"eld vs kin","138",4.69032638844786e-06,1.29069563691597e-08,5.32879693473273,7.88917615803717,3.86803257101356,3.65242981419928,0.445083116101625,0.431498659792162,"TSS_more_sig"
-0.2,"eld vs kin","139",3.12866241807268e-07,6.49091384751805e-08,6.5046412945967,7.18769415512644,-4.01391649022978,-4.08830330932562,0.53548157756547,0.524362720413699,"TSS_more_sig"
-0.2,"eld vs kin","145",0.0148998400092905,0.00312839022688493,1.82681839490687,2.50467907952122,-2.41163551112235,-2.55213613744143,0.522245188992722,0.543010772755999,"TSS_more_sig"
-0.2,"eld vs kin","147",0.0024114291530512,0.00473236699859424,2.61772549297531,2.32492158287675,-2.87806109304544,-3.08797372290257,0.565188078135358,0.553243628078507,"CLR_more_sig"
-0.2,"eld vs kin","148",0.0348342968718162,0.0263957480237902,1.45799295124889,1.57846602610473,-2.09547163244481,-2.1964208747029,0.515044420415955,0.53963644758609,"TSS_more_sig"
-0.2,"eld vs kin","150",0.0476996240925559,0.0101492637177803,1.32148504350018,1.99356546266737,-1.80700782877796,-1.97906420883233,0.413232525748343,0.405021078330242,"TSS_more_sig"
-0.2,"eld vs kin","151",2.57518318407065e-11,5.89851468901737e-14,10.5891918722533,13.2292573347263,5.32477286926522,5.20350763258915,0.485658571975421,0.483503378817183,"TSS_more_sig"
-0.2,"eld vs kin","152",0.042343314779158,0.0232341731291689,1.37321514693192,1.63387277882656,-2.31729357196055,-2.45863742022226,0.603596254063337,0.629518983356332,"TSS_more_sig"
-0.2,"eld vs kin","162",0.00645525935598661,0.000958187211360657,2.19008630419368,3.0185496298383,-2.79497560318327,-3.08051240318578,0.601457869525451,0.598206482932555,"TSS_more_sig"
-0.2,"eld vs kin","163",0.00152286955416356,0.00158487604249914,2.8173372958322,2.80000469948018,-2.99942831277895,-3.08547508422829,0.55470396025292,0.573046804172749,"CLR_more_sig"
-0.2,"eld vs kin","164",0.000433063181638656,0.000103397221968029,3.36344873774526,3.98549112952218,3.14786938651554,3.02166197757225,0.461212932647031,0.459189935974621,"TSS_more_sig"
-0.2,"eld vs kin","169",4.37996727004558e-05,1.20621881771588e-06,4.35852913481364,5.91857390056543,-3.46828522304823,-3.64800440701575,0.50781610784496,0.52907802494064,"TSS_more_sig"
-0.2,"eld vs kin","172",0.000618946371670853,6.65497832604472e-05,3.20834697859925,4.1768533545987,-2.80863949994429,-3.00516346489678,0.45397652840484,0.468629140001973,"TSS_more_sig"
-0.2,"eld vs kin","181",0.00162514167211753,0.000531627176302292,2.78910877330851,3.2743928264192,-2.54971120323014,-2.70190742761486,0.462254558375467,0.488737263135532,"TSS_more_sig"
-0.2,"eld vs kin","200",0.0122719172275897,0.00446278719036696,1.91108758264235,2.35039382215631,-2.25143360061948,-2.40336156440551,0.506732856506779,0.526703127120211,"TSS_more_sig"
-0.2,"eld vs kin","203",0.00406686847264746,0.000774816381091869,2.39073987296721,3.11080120604456,-2.239344278805,-2.3560676305611,0.434824219798359,0.437519160660655,"TSS_more_sig"
-0.2,"eld vs kin","206",0.0159791087986942,0.0255768655556679,1.79644744621117,1.59215267937597,2.77802477724573,2.50737006276049,0.53915932752736,0.540136270071495,"CLR_more_sig"
-0.2,"eld vs kin","207",9.40008245786401e-06,1.11906517572349e-05,5.02686833673666,4.95114461889365,3.50610029622079,3.37418198457929,0.460941538711422,0.466367074052626,"CLR_more_sig"
-0.2,"eld vs kin","216",0.0231635636115009,0.0020799400923081,1.63519462552516,2.68194917366931,-2.37468820202669,-2.5302811244713,0.513609643639473,0.511908318195389,"TSS_more_sig"
-0.2,"eld vs kin","222",5.5774825664079e-05,0.00041956853114331,4.25356177852054,3.3771970926027,3.2722172960076,3.08934232603786,0.509828364372681,0.51145241076569,"CLR_more_sig"
-0.2,"eld vs kin","223",0.0340215524162723,0.0156658188077822,1.46824587325025,1.80504690085197,2.53341989221528,2.34194539965146,0.524208148177772,0.527697260996724,"TSS_more_sig"
-0.2,"eld vs kin","246",0.00357821676183161,0.00459731910804684,2.44633335420578,2.33749535005565,2.79728173273414,2.68286311735776,0.482855908038716,0.474192901308645,"CLR_more_sig"
-0.2,"eld vs kin","251",0.00346023218610281,0.0035878753342887,2.46089475850202,2.44516265553071,-2.80417976719588,-3.04977213999458,0.57875882427322,0.585217750386799,"CLR_more_sig"
-0.2,"eld vs kin","252",0.00386874724081713,0.00240637183666459,2.41242964337366,2.61863726388962,-2.43350204285606,-2.69491045856089,0.45650250552474,0.484064652421601,"TSS_more_sig"
-0.2,"eld vs kin","255",0.0300792211622922,0.0119951023054555,1.52173341307035,1.92099604361067,-2.15466977159174,-2.3655112264536,0.551864034738573,0.560424231338152,"TSS_more_sig"
-0.2,"eld vs kin","265",0.0453336469072828,0.01065283038378,1.34357934231345,1.97253498783602,2.56073737043781,2.50036416396642,0.483801526830539,0.471549805806309,"TSS_more_sig"
-0.2,"eld vs kin","267",0.000930892655212456,0.000599015170007522,3.03110039628687,3.22256217900112,-3.24419970170136,-3.38428641477016,0.596003491354242,0.614005570324819,"TSS_more_sig"
-0.2,"eld vs kin","282",0.000264146981813158,6.50448125603708e-05,3.57815434726884,4.18678733347963,-2.99377719436404,-3.13573541218857,0.473711147366849,0.473810584727545,"TSS_more_sig"
-0.2,"eld vs kin","294",0.033381626078418,0.0331363362555987,1.47649251188434,1.47969551136437,2.54194820294004,2.4196475507148,0.448555639737642,0.440552599079056,"TSS_more_sig"
-0.2,"eld vs kin","329",0.0072946555228893,0.000548112000419501,2.13699521206946,3.26113068933645,2.59834050107652,2.49025705592056,0.414842008243065,0.422866781427758,"TSS_more_sig"
-0.2,"eld vs kin","344",0.00829141179961809,0.000115713728460712,2.08137151473555,3.93661511260369,3.06259814506832,2.82295287321978,0.421860007839588,0.412212319357366,"TSS_more_sig"
-0.2,"eld vs kin","349",0.0086601674521207,0.000896626182440297,2.06247371042735,3.04738858342325,-2.31902459683096,-2.46444537227386,0.481570254705829,0.48534684268494,"TSS_more_sig"
-0.2,"eld vs kin","363",0.0156311845059481,0.00379985118363285,1.80600811059851,2.42023341164441,-2.35089743462946,-2.48671345617167,0.476223564436638,0.477587307026897,"TSS_more_sig"
-0.2,"eld vs kin","375",0.0488166795692825,0.0309253841282801,1.31143176391473,1.50968489723623,-1.84458421211938,-2.12176215573931,0.49602151601518,0.532423452964899,"TSS_more_sig"
-0.2,"eld vs kin","435",0.0268365843868634,0.0429013008472577,1.57127275960334,1.36752953899895,2.6841389244474,2.57253608570991,0.573454140039016,0.551747784303007,"CLR_more_sig"
-0.2,"eld vs kin","473",0.000894221175847588,0.000626499219431603,3.0485550499177,3.20307946576601,-2.71258344554431,-2.9390345450387,0.532833716450468,0.535054235894101,"TSS_more_sig"
-0.2,"eld vs kin","614",0.000548592153598415,0.000318893178350212,3.26075040831239,3.49635477093123,-2.92519232805087,-3.00034267158557,0.492917986336151,0.488241739871663,"TSS_more_sig"
-0.2,"eld vs kin","616",9.85917842581077e-05,4.90066498384891e-06,4.00615927370006,5.30974498543652,-2.70698594373075,-2.87082104210634,0.417990605479736,0.430584259247515,"TSS_more_sig"
-0.2,"eld vs kin","666",1.74144502290696e-10,3.19388803599052e-11,9.75909023158474,10.4956803124317,-3.87157201791474,-4.10444878296033,0.405394471832266,0.423528135405357,"TSS_more_sig"
-0.2,"eld vs kin","670",0.0405571316189219,0.0216914772262036,1.39193276782967,1.66371087079157,2.02403721412273,1.97635757084854,0.439946155293168,0.434583716946922,"TSS_more_sig"
-0.2,"eld vs kin","728",4.6333141983237e-09,5.5632804233974e-13,8.3341082480439,12.2546690484064,4.06848235855615,3.88942690520405,0.389856941589222,0.378385607299147,"TSS_more_sig"
-0.2,"eld vs kin","744",1.50588249832981e-06,1.8492094342601e-07,5.82220891413654,6.73301389955331,-3.71753218009126,-3.85045485940392,0.524392573233605,0.515091472942572,"TSS_more_sig"
-0.2,"eld vs kin","754",0.0396618196057691,0.0399363498643647,1.40162736510255,1.39863163165877,-2.06689487461681,-2.12966599776236,0.477557669608069,0.497193167174896,"CLR_more_sig"
-0.2,"eld vs kin","757",0.0168074087917374,0.00286110820870824,1.77449923683972,2.54346571662459,-2.03040066408675,-2.20932573095639,0.428719820918855,0.443422174649854,"TSS_more_sig"
-0.2,"eld vs kin","769",0.0450150663745381,0.0186201158607445,1.34664210515349,1.73001762101711,-2.07546921549599,-2.21403360201785,0.527588116910946,0.545887037239416,"TSS_more_sig"
-0.2,"eld vs kin","770",7.69660169007933e-05,2.60539484014636e-05,4.11370098820688,4.58412645128856,-2.65544701654922,-2.83406289034309,0.415022765016892,0.432446354552998,"TSS_more_sig"
-0.2,"eld vs kin","786",9.7184292202574e-07,5.55434117277348e-08,6.01240392397307,7.25536744743377,-3.83836709291089,-3.99657633073608,0.49092569347785,0.500369744953658,"TSS_more_sig"
-0.2,"eld vs kin","849",1.32458947412192e-05,3.73694931465889e-06,4.87791870040564,5.42748279257403,-2.83991050209572,-3.00131774013419,0.405850246085124,0.438227693050019,"TSS_more_sig"
-0.2,"eld vs kin","854",0.00137998930033893,0.000105298691567453,2.86012428086092,3.97757702528712,3.11906213218653,3.04445227994945,0.452296950000488,0.466864878322152,"TSS_more_sig"
-0.2,"eld vs kin","875",0.0308393392110155,0.0120049723037331,1.51089493607128,1.92063883755196,-2.44532144673188,-2.69603867714699,0.547715661992434,0.557142959856308,"TSS_more_sig"
-0.2,"eld vs kin","877",0.0293468880308598,0.027218494906928,1.53243794493359,1.5651358935224,-2.28356420933383,-2.42603949533953,0.541029579809889,0.554105025023917,"TSS_more_sig"
-0.2,"eld vs kin","879",0.000130965316676542,3.53815673616951e-05,3.88284370259111,4.45122293226694,-2.69131796999483,-2.78264273175548,0.413349272401316,0.405792150170098,"TSS_more_sig"
-0.2,"eld vs kin","886",1.39761311508435e-07,2.92855298456073e-08,6.85461303262298,7.53334691413416,4.52785500396891,4.36446560187205,0.519512183252996,0.523364581285213,"TSS_more_sig"
-0.2,"eld vs kin","888",0.00737633662362408,0.00129394449916297,2.13215927220842,2.88808435135217,2.7184893641722,2.5600002869928,0.437397663724638,0.443263155326192,"TSS_more_sig"
-0.2,"eld vs kin","891",0.000161883265546863,2.2689920556974e-05,3.79079804350286,4.64416702468484,-3.48346332066059,-3.65184886156753,0.570584457365715,0.58349188501522,"TSS_more_sig"
-0.2,"eld vs kin","895",5.52400151138331e-05,0.000135062860834287,4.25774621126912,3.86946405550888,-3.20357885778007,-3.22514833015229,0.499262018022319,0.510302796777268,"CLR_more_sig"
-0.2,"eld vs kin","914",0.00957349888438857,0.000542209559283421,2.01892930898699,3.26583282997308,-2.9125948353069,-3.1706401134258,0.549919186288589,0.557254718808909,"TSS_more_sig"
-0.2,"eld vs kin","917",0.0467067602674972,0.021130110277294,1.3306202557425,1.67509823637432,-2.19753586197599,-2.29889197146817,0.522227119841058,0.535968353103464,"TSS_more_sig"
-0.2,"eld vs kin","935",0.00270635532267344,0.00344769689707751,2.56761518462465,2.46247092199839,-2.58757109933198,-2.63161748362025,0.532285139262955,0.550607967599105,"CLR_more_sig"
-0.2,"eld vs kin","944",0.031619445567266,0.0121366002527876,1.50004574949514,1.91590295232459,1.9470869254672,1.74908955327208,0.30063585518167,0.290757552785652,"TSS_more_sig"
-0.2,"eld vs kin","947",3.69019800680011e-10,3.39754741443263e-10,9.43295033005949,9.46883447376169,4.15379782556336,3.90147369386952,0.424111227020027,0.426823979028656,"TSS_more_sig"
-0.2,"eld vs kin","965",0.0350634582830843,0.0155923319797093,1.45514525198462,1.80708892713434,-2.8428327204548,-2.8640380503611,0.607633422431202,0.59850514445432,"TSS_more_sig"
-0.2,"eld vs kin","978",2.39254033273739e-20,4.61280106822503e-22,19.6211407322815,21.3360352743826,6.02626149729509,5.79347824855888,0.410184159743174,0.402069019362966,"TSS_more_sig"
-0.2,"eld vs kin","984",6.42018799305898e-11,1.88946221021502e-13,10.1924522549292,12.723661789674,4.84990819416402,4.75396631104122,0.424726495305378,0.431835873390123,"TSS_more_sig"
-0.2,"eld vs kin","988",0.000624092374949495,0.00199515561317361,3.20475112352004,2.70002322563789,3.04649325188351,2.97972440158086,0.528180613398841,0.522808907511071,"CLR_more_sig"
-0.2,"eld vs kin","991",1.60127520618023e-06,1.68361888499789e-06,5.79553402082645,5.77375621145551,-3.87546315474052,-4.11758179902541,0.556148852861549,0.580213429015883,"CLR_more_sig"
-0.2,"eld vs kin","1000",0.0245298848159424,0.00710305280111137,1.61030449108909,2.14855495695316,-2.25377171139653,-2.4669862495091,0.558446063124313,0.561584230337751,"TSS_more_sig"
-0.2,"eld vs kin","1014",4.3418822933329e-09,5.54647416597238e-10,8.36232195426919,9.25598300550054,-4.36326542285896,-4.54178705776595,0.505415013770848,0.536414938711033,"TSS_more_sig"
-0.2,"eld vs kin","1020",0.0380874492518237,0.0366135309032902,1.41921811142809,1.43635838699195,2.24534270500101,2.13793960949426,0.423360525758935,0.420702661538839,"TSS_more_sig"
-0.2,"eld vs kin","1021",1.28654631602515e-05,8.7816010650053e-07,4.89057457445008,6.0564262961319,-3.9136085278654,-4.03969752017653,0.556428177501921,0.558022272855772,"TSS_more_sig"
-0.2,"eld vs kin","1027",0.0396318490617353,0.0447147212003578,1.40195566476965,1.34954947276193,2.39857403234618,2.23304922448604,0.518072659131607,0.501634151390675,"CLR_more_sig"
-0.2,"eld vs kin","1030",2.13936544206033e-07,5.66765389023298e-09,6.6697150237902,8.24659667891708,4.0053814428339,3.81462026520244,0.430749459440618,0.429657273062256,"TSS_more_sig"
-0.2,"eld vs kin","1043",0.0332066622868905,0.0270162125643869,1.47877477460435,1.56837553531693,2.28081694023677,2.21983799626597,0.412846115988246,0.427520301604108,"TSS_more_sig"
-0.2,"eld vs kin","1047",0.00200423607721556,0.000115597481558161,2.6980511246244,3.9370516274839,-1.78528438503626,-1.94857968308986,0.274901490267295,0.289611632186863,"TSS_more_sig"
-0.2,"eld vs kin","1074",3.32465891119789e-13,2.90970327846207e-17,12.4782529039197,16.5361512966144,4.90278325756714,4.8118970320858,0.382256183889245,0.392580739309924,"TSS_more_sig"
-0.2,"eld vs kin","1076",6.54007487604442e-11,9.38456630103647e-10,10.1844172794943,9.0275857930926,4.58521343798811,4.21085597337549,0.445798382198561,0.418031729670479,"CLR_more_sig"
-0.2,"eld vs kin","1079",0.00585496907117145,0.000313493668133057,2.23247539474278,3.50377122651634,-2.45047319468188,-2.68251143239954,0.485096236223878,0.496076863339885,"TSS_more_sig"
-0.2,"eld vs kin","1082",0.0251653149277889,0.00303877138044382,1.59919763031571,2.51730197249213,2.89746265539499,2.61706355872082,0.493708377776705,0.494421140774074,"TSS_more_sig"
-0.2,"eld vs kin","1089",4.68773423636798e-06,2.48021940392622e-08,5.32903701792652,7.60550989913355,2.89837399448918,2.75206702270121,0.281674927190551,0.289910939363473,"TSS_more_sig"
-0.2,"eld vs kin","1092",0.0434631384669251,0.0293050386279963,1.36187891654163,1.53305770182324,-1.69939417970033,-1.89212038796407,0.400021125309067,0.422939863386957,"TSS_more_sig"
-0.2,"eld vs kin","1098",4.5039420466078e-22,4.29881135459788e-23,21.3464072063007,22.3666516126766,6.91270353067867,6.6976431393236,0.454810678621473,0.437628944963666,"TSS_more_sig"
-0.2,"eld vs kin","1101",0.00578901421525111,0.00369255801995386,2.23739538399728,2.43267267203556,-2.78674706545004,-2.88976931628403,0.57849914196784,0.59161085052168,"TSS_more_sig"
-0.2,"eld vs kin","1104",0.000683761391202029,0.000122648358321376,3.16509542541906,3.91133826055779,-2.87707058237892,-3.01394486127171,0.455027674925275,0.477456317433298,"TSS_more_sig"
-0.2,"eld vs kin","1105",1.47416133731254e-10,3.88940461592597e-11,9.83145498318648,10.4101168747174,-4.62323353590383,-4.83002966345584,0.495585956925523,0.517696508855389,"TSS_more_sig"
-0.2,"eld vs kin","1108",0.019436185953425,0.0263466249688633,1.71138895452774,1.57927501048094,2.33463680590766,2.26306451225397,0.426610908085069,0.444830483184247,"CLR_more_sig"
-0.2,"eld vs kin","1112",0.000261153791685513,8.40110384397439e-06,3.58310366427025,5.07566364705107,-3.70862695866086,-3.82783159986358,0.540765702048564,0.535590507704493,"TSS_more_sig"
-0.1,"cent vs mage","4",1.80578240917876e-12,0.000436202943436017,11.7433345819218,3.36031140818944,2.23911831895923,1.6538582404665,0.199432472446781,0.182953350147383,"CLR_more_sig"
-0.1,"cent vs mage","7",3.44948899556032e-14,7.15485807860665e-09,13.4622452361863,8.14539897634016,4.21599925756882,3.60555108247521,0.420754364588427,0.415090206670945,"CLR_more_sig"
-0.1,"cent vs mage","8",4.87893041610974e-07,0.0225200234155514,6.31167537580351,1.64743116225588,2.31790042065369,1.72392492131257,0.309419072344506,0.31411577580554,"CLR_more_sig"
-0.1,"cent vs mage","9",1.42636669373831e-06,0.0455115864060168,5.84576881067296,1.34187802594447,2.04628070274173,1.47084368963494,0.263515808678636,0.271593812695813,"CLR_more_sig"
-0.1,"cent vs mage","11",1.35300828593799e-06,0.0181088171114935,5.86869954373783,1.74210991736839,2.2465312123598,1.67380095910608,0.310822641450311,0.296554530590661,"CLR_more_sig"
-0.1,"cent vs mage","14",1.95014768221168e-12,2.58274758015498e-05,11.7099324988216,4.58791803668484,2.73777947782481,2.1530711004692,0.263693651695906,0.260385151452141,"CLR_more_sig"
-0.1,"cent vs mage","19",4.13770914630152e-08,0.0048721617614903,7.38324004063882,2.31227830104916,2.54655292132984,1.9553932993812,0.331961412180197,0.343892084427057,"CLR_more_sig"
-0.1,"cent vs mage","20",3.64514596094044e-12,0.000102492154550275,11.4382850767392,3.98930937720263,2.71325421197873,2.12743045449769,0.265445484144165,0.268534148962137,"CLR_more_sig"
-0.1,"cent vs mage","21",8.9409671011933e-14,5.40887580999995e-06,13.0486155031285,5.26689299002233,2.88977333718336,2.31617761857343,0.264110313668355,0.261267638858548,"CLR_more_sig"
-0.1,"cent vs mage","23",5.67850604613438e-08,0.0266911666275384,7.2457659074687,1.57363244349127,2.17010374292544,1.59010453594869,0.261856260238085,0.266423100024702,"CLR_more_sig"
-0.1,"cent vs mage","24",2.80312077130372e-12,1.62337690881588e-07,11.5523581904378,6.78958063580218,4.50943178566703,3.94348937496049,0.484870550645554,0.495384366131656,"CLR_more_sig"
-0.1,"cent vs mage","26",1.67201125321929e-09,0.000196945059778255,8.77676080393373,3.70565490867536,3.12917245289579,2.5252123208178,0.372780756042618,0.370005217832632,"CLR_more_sig"
-0.1,"cent vs mage","32",5.23626366113565e-10,0.00704110447399266,9.28097849357786,2.15235921169056,2.17613492630506,1.58593649931302,0.224773915232818,0.228047777162072,"CLR_more_sig"
-0.1,"cent vs mage","39",2.61503771406617e-10,6.24684271650135e-06,9.58252204335781,5.20433942861704,3.646261943485,3.04807800330306,0.422269702635753,0.413818858907607,"CLR_more_sig"
-0.1,"cent vs mage","42",4.51181359716442e-10,2.06486701214705e-05,9.34564885126655,4.68510791386256,3.48053000277555,2.90344548257622,0.412432007721924,0.411262705811559,"CLR_more_sig"
-0.1,"cent vs mage","55",1.35056403480705e-06,0.00611386648597671,5.86948481961866,2.21368404958715,2.51898486050426,1.93375189529225,0.364851805850652,0.35542626436692,"CLR_more_sig"
-0.1,"cent vs mage","56",6.1984033446972e-09,0.000252301444325707,8.2077201666129,3.59808026331164,3.03174950598675,2.46021269295703,0.370298702359202,0.37409950184638,"CLR_more_sig"
-0.1,"cent vs mage","69",5.44114919680949e-06,0.00474069628329399,5.26430936553634,2.32415786723211,2.73530122477572,2.11449891395854,0.397961589970286,0.3865582530146,"CLR_more_sig"
-0.1,"cent vs mage","90",3.05791097307902e-08,0.00203859562037529,7.5145751626331,2.69066891314123,2.41517958500114,1.79378251875917,0.294001948205919,0.27967082496287,"CLR_more_sig"
-0.1,"cent vs mage","92",8.32528194767623e-07,0.0494735143957808,6.0796010495638,1.30562723803923,1.97187355611645,1.38297155704198,0.245421141587428,0.23862259281327,"CLR_more_sig"
-0.1,"cent vs mage","100",0.0191306503769161,0.000396805937647032,1.71827026518941,3.40142183785846,-2.63196714517125,-3.20075431089009,0.55763314483999,0.565541569506936,"TSS_more_sig"
-0.1,"cent vs mage","106",1.51029119904177e-09,0.000881820102310537,8.8209393083729,3.05462000505264,2.76222433339908,2.21783860567107,0.324195608646523,0.339938314476441,"CLR_more_sig"
-0.1,"cent vs mage","114",1.63371608082768e-06,6.34763348993161e-09,5.78682341612894,8.19738815720003,-3.58416433621571,-4.20594216788951,0.458131850167357,0.483537048021252,"TSS_more_sig"
-0.1,"cent vs mage","119",2.17179727566298e-06,0.0498031729830653,5.66318071599382,1.30274298725758,1.90518568679292,1.31443307735008,0.248410705195071,0.240748661888916,"CLR_more_sig"
-0.1,"cent vs mage","132",1.07851609587595e-10,7.46655052600668e-13,9.96717336906126,12.1268799916944,-4.32351909644888,-4.76893805424516,0.476262879337427,0.482155203885925,"TSS_more_sig"
-0.1,"cent vs mage","142",3.00248242001914e-07,0.000632015878525228,6.52251952677636,3.19927201053208,3.72764618013562,3.07944868900261,0.52957970719762,0.533611808872111,"CLR_more_sig"
-0.1,"cent vs mage","143",1.96814248490979e-07,1.05077858038382e-11,6.70594346374508,10.97848878868,-3.76049830185742,-4.39195977053,0.448767989747567,0.448352875865922,"TSS_more_sig"
-0.1,"cent vs mage","146",0.0332183249138048,0.000174387815394769,1.47862227131368,3.75848386281905,-1.88760370914647,-2.54688340068986,0.391756635558255,0.428863704504795,"TSS_more_sig"
-0.1,"cent vs mage","148",0.00101723462684345,4.60697486122833e-05,2.99257886478508,4.33658415754537,-2.66855720485054,-3.17306319525563,0.468123525833552,0.501863316690002,"TSS_more_sig"
-0.1,"cent vs mage","168",2.06347415411345e-08,0.000419790293438401,7.68540096647457,3.37696760757086,3.57307678440837,2.95108633987042,0.442630834752988,0.455581288694056,"CLR_more_sig"
-0.1,"cent vs mage","169",0.0090159094269011,7.0566208223533e-05,2.04499045982737,4.15140321814527,-2.33026815165142,-2.88259978912817,0.403953647294766,0.435799899923243,"TSS_more_sig"
-0.1,"cent vs mage","210",2.53014724061909e-08,4.39208854470981e-14,7.59685420454446,13.3573289130727,-4.37165856710202,-4.90214296846851,0.465857360096485,0.469351494016331,"TSS_more_sig"
-0.1,"cent vs mage","219",2.52625755717769e-07,1.86698210903459e-11,6.59752237430369,10.7288598437996,-3.92855854818514,-4.39123556024689,0.463985110652106,0.457590767104783,"TSS_more_sig"
-0.1,"cent vs mage","289",0.0232308603010832,0.000278035375052004,1.63393470681212,3.55589994432475,-2.44068779247886,-3.01746009460122,0.475151544102409,0.487320105756879,"TSS_more_sig"
-0.1,"cent vs mage","294",7.91758951160536e-06,0.00218549864624165,5.10140701805058,2.66044945818827,2.89825253488058,2.39023208781507,0.401443436479584,0.386649666758285,"CLR_more_sig"
-0.1,"cent vs mage","353",0.000614823513093066,6.6662197423848e-08,3.21124953185007,7.17612037454404,-3.16317551158456,-3.8143891311611,0.44212877240194,0.457017980174809,"TSS_more_sig"
-0.1,"cent vs mage","652",4.32812348004386e-06,0.00534163209080906,5.36370035743552,2.27232602766505,2.43495505310264,1.82831630377738,0.301552185471638,0.308616359375999,"CLR_more_sig"
-0.1,"cent vs mage","671",2.98594525543852e-07,0.00746064440437776,6.52491815892811,2.1272236592326,2.58699824230693,1.97609783349392,0.354629940031712,0.364501169035764,"CLR_more_sig"
-0.1,"cent vs mage","675",0.000777660603152401,3.50206195720326e-06,3.10920990215958,5.45567617480498,-2.82526589461947,-3.42923934929657,0.45757101943045,0.468185024232311,"TSS_more_sig"
-0.1,"cent vs mage","728",1.33078886659501e-09,0.00195786423191898,8.87589084110392,2.70821742763644,2.60696811589941,1.94777552120675,0.309921551960226,0.304833283154541,"CLR_more_sig"
-0.1,"cent vs mage","762",1.12097488047427e-05,0.0144669556291531,4.95040411924592,1.83962285053711,2.57295260275973,2.01259419335799,0.388196642468055,0.38065658862184,"CLR_more_sig"
-0.1,"cent vs mage","770",0.0183821794808535,2.06152232183759e-05,1.73560299782516,4.68581195836521,-2.04394176182676,-2.59648284305891,0.3242735754799,0.349670358558849,"TSS_more_sig"
-0.1,"cent vs mage","829",2.98036620952836e-06,0.0108545961584518,5.52573036914325,1.96438632968708,2.61673192634409,2.04042285373963,0.384266889621439,0.39713895006116,"CLR_more_sig"
-0.1,"cent vs mage","834",0.000150481537678348,0.0412773075418268,3.82251677964661,1.38428863884846,2.29934699058551,1.71905717397711,0.40193630752577,0.397338174391938,"CLR_more_sig"
-0.1,"cent vs mage","848",4.08565135821073e-07,0.00906955301403765,6.38873869586934,2.04241411628285,2.44910442934103,1.80952444810062,0.322272910978821,0.338503883109859,"CLR_more_sig"
-0.1,"cent vs mage","854",1.21694257331466e-07,0.000736218556697069,6.91472991534512,3.13299324017708,3.4383278009254,2.88612467329981,0.454309417927067,0.455878617073188,"CLR_more_sig"
-0.1,"cent vs mage","857",3.81754265289759e-06,0.0043518313377645,5.4182161019298,2.36132794476613,2.5252152689249,1.95847212964527,0.327550011111457,0.342193784796941,"CLR_more_sig"
-0.1,"cent vs mage","886",0.00026447732758643,0.00461461404912978,3.57761155208301,2.33586461605572,3.28636009941346,2.81417930443077,0.518742459670598,0.520607867492774,"CLR_more_sig"
-0.1,"cent vs mage","917",0.0357780212732047,0.000182234531271685,1.44638368204398,3.73936932593709,-2.27250984784654,-2.84399106031823,0.476715037265015,0.493331942877585,"TSS_more_sig"
-0.1,"cent vs mage","921",4.54661586157663e-07,8.15151832591383e-10,6.34231173729367,9.08876149075066,-3.8582579343308,-4.26859870743468,0.475390107900825,0.463415103482547,"TSS_more_sig"
-0.1,"cent vs mage","947",9.6353144561443e-05,0.0079828496172064,4.0161341072317,2.09784205199321,2.61678792579353,2.08611978952352,0.415188338514192,0.408082483987292,"CLR_more_sig"
-0.1,"cent vs mage","966",0.0494296706908623,0.000743814590510685,1.30601228287561,3.12853530686421,-2.32283798036198,-2.82050210626376,0.522772408151036,0.526315145014291,"TSS_more_sig"
-0.1,"cent vs mage","978",1.22249267137647e-06,0.000303874918974315,5.91275373571379,3.51730514394955,3.3765989618122,2.77259926044277,0.457096194044992,0.452928144291896,"CLR_more_sig"
-0.1,"cent vs mage","984",2.68374864478841e-05,0.00774858734766056,4.57125816186117,2.11077746691782,2.81227641223517,2.17490077885563,0.4123764966955,0.404946703796719,"CLR_more_sig"
-0.1,"cent vs mage","989",0.000478384911634347,0.0246892323925859,3.32022252654741,1.60749241241098,2.43387962941038,1.87811275386031,0.381420398614166,0.387716117080057,"CLR_more_sig"
-0.1,"cent vs mage","1017",0.00023589074704221,0.0276262348439745,3.62728909424506,1.55867830067558,2.3353969351842,1.88333640129316,0.381205519295029,0.390797049661511,"CLR_more_sig"
-0.1,"cent vs mage","1019",0.0011717612268333,3.11179273881997e-08,2.93116087674234,7.5069893369344,-2.560495001443,-3.2183195954354,0.3889009836153,0.399163371726877,"TSS_more_sig"
-0.1,"cent vs mage","1030",9.04809207196139e-05,0.0437015237886073,4.0434429887478,1.35950341974706,2.5425062766944,1.98625287562912,0.40933086060848,0.39415423572486,"CLR_more_sig"
-0.1,"cent vs mage","1043",3.96932760498378e-09,0.00136695484333178,8.40128305549818,2.86424583189579,2.88767292641748,2.29677368625131,0.317109741791051,0.319360994503222,"CLR_more_sig"
-0.1,"cent vs mage","1058",0.0122354180014775,2.31293632154363e-06,1.9123811891537,5.63583632381516,-2.65504266972112,-3.08713516703573,0.45865016588673,0.456326748560148,"TSS_more_sig"
-0.1,"cent vs mage","1074",4.62191679347289e-09,0.000185956294709231,8.33517787721711,3.73058911598092,3.3146255852777,2.77261916368109,0.377140726525025,0.3875714098599,"CLR_more_sig"
-0.1,"cent vs mage","1087",5.91120767721221e-09,5.06793801025165e-05,8.22832378240667,4.29516870593743,3.90503757508106,3.40467065312277,0.492897565309614,0.500018502844084,"CLR_more_sig"
-0.1,"cent vs mage","1091",0.000621301863923778,0.0495939467036999,3.20669734348877,1.30457132902619,2.7986512756072,2.20973425139244,0.480119760761572,0.483829874070677,"CLR_more_sig"
-0.1,"cent vs mage","1098",1.58533098654545e-15,1.23434665614874e-09,14.7998800516648,8.90856285512445,4.60029154244818,3.98150794155283,0.43783345488695,0.443706766114275,"CLR_more_sig"
-0.1,"cent vs mage","1104",0.0444417039384632,1.34408570790179e-05,1.35220929813609,4.87157303687594,-2.28138857512225,-2.8673925967347,0.427293708267752,0.442403547470695,"TSS_more_sig"
-0.1,"eld vs kin","3",7.75074449066437e-13,8.52581893973081e-13,12.1106565797313,12.0692638945731,-4.71822818958994,-4.7655877307283,0.432520040371968,0.446087293212478,"CLR_more_sig"
-0.1,"eld vs kin","4",6.59784863323017e-10,1.26391549428084e-07,9.18059765218973,6.89828196212515,2.51896526232662,2.45254694038371,0.227565068427072,0.219923545453114,"CLR_more_sig"
-0.1,"eld vs kin","5",7.15570948594682e-05,1.29182693040916e-05,4.14534729963224,4.88879566606459,-2.75624705409573,-2.8271455344276,0.385886358332935,0.385097668060931,"TSS_more_sig"
-0.1,"eld vs kin","7",5.40864499802394e-27,6.76972510897741e-28,26.2669115229874,27.1694289658906,7.56706407938918,7.49147741850314,0.462827645288136,0.455826965049926,"TSS_more_sig"
-0.1,"eld vs kin","8",0.00420075240159306,0.0390784500861814,2.37667291565096,1.4080626694253,2.02660584092482,1.94954422189773,0.381663628554879,0.392735919244282,"CLR_more_sig"
-0.1,"eld vs kin","10",0.00166439527860861,0.000777887411942117,2.77874352484084,3.10908325636586,-2.69091409213783,-2.75756454688349,0.48061801146869,0.471752445044662,"TSS_more_sig"
-0.1,"eld vs kin","11",5.69478964039855e-09,1.85915927989892e-07,8.24452231367469,6.73068340128894,3.20557645678638,3.15711243535972,0.348091676924082,0.351108049606733,"CLR_more_sig"
-0.1,"eld vs kin","12",0.0198345070221432,0.0078306841286807,1.70257858925202,2.1062002940938,-1.95281110102884,-2.02073104283373,0.378794371938467,0.36841581971034,"TSS_more_sig"
-0.1,"eld vs kin","14",6.86045215944874e-10,1.11744066298875e-07,9.16364725982063,6.95177552897521,2.84647537053948,2.78166425937125,0.280615776971507,0.276763737033719,"CLR_more_sig"
-0.1,"eld vs kin","15",2.34199425046186e-05,0.000202651897736693,4.63041417544459,3.69324932494615,2.95445348316584,2.87061221796431,0.44381684402406,0.425884897372688,"CLR_more_sig"
-0.1,"eld vs kin","16",3.10452646244383e-12,1.19130811144877e-09,11.5080046339516,8.92397590115656,3.01849788509306,2.94425949304372,0.263194099630005,0.26656726515764,"CLR_more_sig"
-0.1,"eld vs kin","21",2.26400556511773e-19,3.06374854110378e-17,18.6451225099498,16.5137468825422,4.08829008599711,4.02173701460368,0.295918593693394,0.293270638270532,"CLR_more_sig"
-0.1,"eld vs kin","23",4.88708316853975e-06,0.000294267887040618,5.31095027007137,3.53125712914065,2.39097898339764,2.34660461064377,0.295726351439932,0.315050244084804,"CLR_more_sig"
-0.1,"eld vs kin","25",2.72014960591418e-06,4.78908222716166e-05,5.5654072094819,4.31974770618228,3.05257837454888,2.99268373741377,0.417784495900925,0.426728495495209,"CLR_more_sig"
-0.1,"eld vs kin","26",0.000124636822894753,0.00146492518078208,3.90435363008922,2.83418455578991,2.44407765872187,2.36177699535403,0.364708973718713,0.361625518423049,"CLR_more_sig"
-0.1,"eld vs kin","29",2.03228941594817e-06,8.88800478688791e-05,5.69201444461694,4.05119572016547,2.44221013948151,2.38148886933144,0.29027733909082,0.292198808502577,"CLR_more_sig"
-0.1,"eld vs kin","31",1.78164488407098e-06,2.17118434374985e-05,5.7491788548768,4.66330330133852,3.59631382391631,3.51767147163173,0.520723819205356,0.531128352232117,"CLR_more_sig"
-0.1,"eld vs kin","32",0.00382785594564328,0.0451391381122333,2.41704441446609,1.34544673760816,1.75276160043041,1.69614296719316,0.277464281897194,0.292317444009833,"CLR_more_sig"
-0.1,"eld vs kin","33",4.24915114853345e-06,7.59157206840989e-06,5.37169782014454,5.11966828076598,-3.1908014449125,-3.2602601275512,0.454185509080761,0.462247938809136,"CLR_more_sig"
-0.1,"eld vs kin","36",3.10017176160199e-05,0.000964274113741585,4.5086142438917,3.01579949186149,2.11846475776157,2.04926547254847,0.256106365279441,0.2625118678564,"CLR_more_sig"
-0.1,"eld vs kin","38",0.0339267782161042,0.0268169610931457,1.46945738024294,1.57159043808971,-1.76772244014207,-1.85160459274494,0.36599587080746,0.381645762095751,"TSS_more_sig"
-0.1,"eld vs kin","47",0.000587800248705181,0.00259059508357303,3.23077023450828,2.58660046301274,2.82855983397448,2.76508868404814,0.531346288037812,0.531238215639504,"CLR_more_sig"
-0.1,"eld vs kin","49",0.00327742146604889,0.0380559096181109,2.48446770612765,1.4195778930261,1.98870242713292,1.91564785669195,0.356400375315567,0.363067502969193,"CLR_more_sig"
-0.1,"eld vs kin","55",0.000220092211263402,0.00154245355982922,3.65739532621166,2.81178790283023,2.48376769797003,2.50003520141253,0.409937274434035,0.420576141716968,"CLR_more_sig"
-0.1,"eld vs kin","57",0.00226654757130901,0.0257413996117304,2.64463516134379,1.58936784332417,-2.34178317814547,-2.42567232471185,0.445573749376189,0.492102242840155,"CLR_more_sig"
-0.1,"eld vs kin","61",0.000707948014757082,0.00991752897480477,3.14999863176368,2.00359652202805,2.24454026766515,2.16733731768522,0.366782862604332,0.364423495256833,"CLR_more_sig"
-0.1,"eld vs kin","62",0.0326896837029715,0.0297508263119161,1.48558928152176,1.526500967491,-1.60899685716639,-1.6664354345028,0.307753982549332,0.318420365309216,"TSS_more_sig"
-0.1,"eld vs kin","65",6.38444152624261e-05,1.18715433914328e-05,4.19487708629076,4.9254928157708,-2.62489759907664,-2.71270020334024,0.371699027358625,0.362382242807993,"TSS_more_sig"
-0.1,"eld vs kin","67",4.76515771286046e-11,6.01328593400711e-12,10.3219227209036,11.2208881447976,-5.37407481760627,-5.39198907482305,0.558437981929786,0.565165847274899,"TSS_more_sig"
-0.1,"eld vs kin","68",0.0452561616420508,0.0432413258531854,1.34432228308934,1.36410099830119,-1.60395481753275,-1.7192341673675,0.357851842612487,0.379242136255255,"TSS_more_sig"
-0.1,"eld vs kin","70",0.00394209299604189,0.00725510340718862,2.40427313470106,2.13935639317092,2.56506703338086,2.54422056833793,0.513772834080122,0.509565926161018,"CLR_more_sig"
-0.1,"eld vs kin","71",0.00165731893041691,0.0319010137513078,2.78059390896625,1.49619551570133,2.85015597902585,2.69005182674123,0.531863254756813,0.522992558332415,"CLR_more_sig"
-0.1,"eld vs kin","74",1.66818185552953e-07,2.86025675957919e-06,6.77775660684701,5.54359497936631,3.75547135428082,3.70117159953384,0.496007003235323,0.497637494853417,"CLR_more_sig"
-0.1,"eld vs kin","77",7.65110478420378e-05,0.00300325248106,4.11627585020048,2.52240815547272,2.33646162598807,2.3033040363907,0.355662739279857,0.367207061480826,"CLR_more_sig"
-0.1,"eld vs kin","79",1.8251310108982e-07,7.12690436467751e-06,6.73870595571818,5.1470990689246,-3.76307388955732,-3.81807283162379,0.480798387015472,0.485742307677436,"CLR_more_sig"
-0.1,"eld vs kin","80",7.81835275283705e-05,0.000667335189360745,4.106884738719,3.17565597369223,2.51970961008728,2.4142908802765,0.369412479096872,0.343737278914228,"CLR_more_sig"
-0.1,"eld vs kin","82",2.63244798958966e-05,6.28909900159769e-05,4.57964020060111,4.2014115686505,-3.83742689533102,-3.7464016398271,0.592354437656401,0.601985378596715,"CLR_more_sig"
-0.1,"eld vs kin","83",1.70030112733953e-05,2.55454539258459e-05,4.76947415723309,4.59268637578702,-3.36814178002833,-3.49769128488198,0.482407704567188,0.523565686311025,"CLR_more_sig"
-0.1,"eld vs kin","84",1.37629128515899e-07,6.16166918908492e-07,6.86128964011988,6.21030162202226,-3.68563846864255,-3.88461781539018,0.439733925146098,0.496274790089205,"CLR_more_sig"
-0.1,"eld vs kin","85",0.0116830924362749,0.00621856224777016,1.93244218716807,2.20631001402892,-2.26233129765864,-2.3477888022567,0.464874675893491,0.48748361407632,"TSS_more_sig"
-0.1,"eld vs kin","87",0.000113909103764581,0.00304517571130393,3.94344156515071,2.51638764285112,-2.86452010521209,-2.83427743184214,0.508639794427488,0.535404891668867,"CLR_more_sig"
-0.1,"eld vs kin","89",1.56267117472409e-16,6.00268623559321e-13,15.8061323988374,12.2216543569126,4.930383665323,4.85919340820564,0.44378774286023,0.443764232089397,"CLR_more_sig"
-0.1,"eld vs kin","91",3.23422778820093e-07,6.18565693986321e-07,6.49022939578556,6.20861416988987,-4.24716792987212,-4.28883913356981,0.560107388901615,0.583021893057323,"CLR_more_sig"
-0.1,"eld vs kin","100",1.13325647215433e-05,6.30628241612682e-05,4.94567179195788,4.20022658401326,-3.60141457177734,-3.75385609706673,0.535786576736368,0.578502808763419,"CLR_more_sig"
-0.1,"eld vs kin","102",0.00175385028530662,0.000784985463184303,2.75600748225863,3.10513838569717,-2.79545925949322,-2.90098038708001,0.526286194638967,0.541031209684635,"TSS_more_sig"
-0.1,"eld vs kin","103",0.00751845583320595,0.024353934197756,2.12387134717173,1.61343087172397,2.26171779346987,2.23922720809426,0.439843551932669,0.45881454769846,"CLR_more_sig"
-0.1,"eld vs kin","108",0.0257614703680853,0.0439108732887438,1.58902935270501,1.35742792566694,-2.62019213326249,-2.77583859457525,0.632841978850895,0.646939894542994,"CLR_more_sig"
-0.1,"eld vs kin","110",0.00933394077312359,0.00693779137961393,2.02993495918123,2.15877876359524,-2.35803442261511,-2.48895920908403,0.496715024935855,0.522291390196134,"TSS_more_sig"
-0.1,"eld vs kin","111",7.91460395867551e-06,4.26274620982508e-06,5.10157081205432,5.37031052307736,-3.16195115739557,-3.21168414340201,0.436684840374731,0.458792099528902,"TSS_more_sig"
-0.1,"eld vs kin","115",0.00476747006066973,0.0339644716578943,2.32171202560797,1.46897513678783,-2.55709931218305,-2.71402382511406,0.563801601372431,0.568573961425463,"CLR_more_sig"
-0.1,"eld vs kin","118",0.0055046801055962,0.00949209392859045,2.25926791418743,2.02263797289184,-2.15011454416815,-2.17590037116627,0.396329827149673,0.395065348360753,"CLR_more_sig"
-0.1,"eld vs kin","119",4.86756101417933e-06,0.000472225758617244,5.31268859595476,3.32585032704082,2.49258932094964,2.38187532321131,0.316965794836182,0.313484703247581,"CLR_more_sig"
-0.1,"eld vs kin","121",3.01551261730668e-10,1.94325319294403e-09,9.52063885004323,8.71147061003604,4.59442091902284,4.61096894439776,0.475623488663587,0.504403327940978,"CLR_more_sig"
-0.1,"eld vs kin","124",0.00131721377103023,0.00209081860860248,2.88034373753257,2.67968364327038,2.59704293697483,2.53315013676582,0.434711697068449,0.424273165128465,"CLR_more_sig"
-0.1,"eld vs kin","125",0.00251371963127345,0.00315017798426421,2.59968316315802,2.50166490798814,2.98957950961732,2.93526013959634,0.526046088158128,0.521053996879196,"CLR_more_sig"
-0.1,"eld vs kin","126",0.0447392281611444,0.0357561406255177,1.34931151260075,1.4466493633519,-2.0759556606904,-2.20764169571723,0.502812441530386,0.530663225976095,"TSS_more_sig"
-0.1,"eld vs kin","128",0.0035164261873091,0.0157157327145258,2.45389849435488,1.80366536606497,-2.64988202689065,-2.69847441377176,0.562519436312518,0.581940717689023,"CLR_more_sig"
-0.1,"eld vs kin","130",0.00107995133399244,0.00249375267565281,2.96659581474893,2.60314662099599,-3.10196330310842,-3.18802666481027,0.571931242145085,0.587208551234056,"CLR_more_sig"
-0.1,"eld vs kin","133",0.0023602166830006,0.00647111434639659,2.62704812418597,2.18902092600528,-2.46903502529798,-2.50451115909942,0.4670836873355,0.482053659442038,"CLR_more_sig"
-0.1,"eld vs kin","138",1.79125171958075e-09,1.05091551413253e-08,8.74684337967676,7.97843219664624,3.96489690205861,3.90611812099591,0.439376515897511,0.439944250398385,"CLR_more_sig"
-0.1,"eld vs kin","139",1.62512809325888e-06,4.18902489912696e-06,5.78911240206785,5.37788705823002,-3.8767472340969,-3.94480617337399,0.535665367744765,0.538925540395106,"CLR_more_sig"
-0.1,"eld vs kin","147",0.00889511988155931,0.0126114529502473,2.05084819445483,1.89923487600228,-2.76110803984761,-2.71978178556693,0.563365033420017,0.566220597282118,"CLR_more_sig"
-0.1,"eld vs kin","150",0.0427286106922695,0.0438074893513842,1.36928122790572,1.35845163593582,-1.77321886383406,-1.83599092734992,0.41727502597616,0.409491093297925,"CLR_more_sig"
-0.1,"eld vs kin","151",1.20164644201852e-15,1.59297878552099e-12,14.920223295118,11.7977900078728,5.51741591069683,5.33570533778252,0.487627102756235,0.481872578571536,"CLR_more_sig"
-0.1,"eld vs kin","162",0.0415780709787239,0.0105773252015078,1.38113566369934,1.97562414299009,-2.6911136742985,-2.70701648279287,0.6045910981548,0.60030426037906,"TSS_more_sig"
-0.1,"eld vs kin","163",0.0119272178734473,0.00329935277880117,1.92346084745436,2.48157124562607,-2.75761839049854,-2.93760931803628,0.568195546489333,0.577989590074872,"TSS_more_sig"
-0.1,"eld vs kin","164",2.05212522491462e-05,2.9871690365417e-05,4.68779614120639,4.52474020104496,3.24866355400247,3.17043854549173,0.475138704540071,0.4640301891945,"CLR_more_sig"
-0.1,"eld vs kin","169",5.82622491302898e-06,7.31824573907881e-05,5.23461275407121,4.13559301144765,-3.34331388333318,-3.3834425248176,0.507320169677998,0.523616232072281,"CLR_more_sig"
-0.1,"eld vs kin","172",0.000114663107999539,0.000469090768835137,3.94057629063778,3.32874311338285,-2.73161274340928,-2.71682775538244,0.44848015167348,0.454132945682842,"CLR_more_sig"
-0.1,"eld vs kin","181",0.00238527565256314,0.00288954838548351,2.62246142481277,2.53917002887624,-2.49882795717106,-2.57546396952626,0.471458494438243,0.492942942112832,"CLR_more_sig"
-0.1,"eld vs kin","200",0.0209780594651786,0.022381623558384,1.67823468785565,1.65010841303231,-2.14434207862243,-2.3227858761221,0.506243328947214,0.529653076794693,"CLR_more_sig"
-0.1,"eld vs kin","203",0.0168801239151483,0.0162585358101304,1.77262436959024,1.78891856810314,-2.06670063417017,-2.19153540108234,0.431656519676183,0.440819461922297,"TSS_more_sig"
-0.1,"eld vs kin","206",0.00385848723200803,0.00485444226180476,2.4135829325211,2.31386065999589,2.82141274930118,2.81579784788109,0.53041081335049,0.54017770637885,"CLR_more_sig"
-0.1,"eld vs kin","207",6.09640099605933e-07,1.7555381063253e-05,6.21492647463298,4.75558973914811,3.63699812462101,3.66174313364043,0.461861366878673,0.465826810611989,"CLR_more_sig"
-0.1,"eld vs kin","216",0.00795437969633732,0.00626464423505718,2.09939368213451,2.20310358726179,-2.38175234005768,-2.3515715423636,0.510653298182662,0.514977941916354,"TSS_more_sig"
-0.1,"eld vs kin","222",5.023624750241e-06,0.00114243052113563,5.29898280855951,2.94217020281604,3.3271267117594,3.30098958490384,0.500634522675329,0.501957408369607,"CLR_more_sig"
-0.1,"eld vs kin","223",0.0129906905736482,0.00650467094092025,1.88636776160187,2.18677466868844,2.5421959129894,2.63264538324589,0.526453858236944,0.521053146047809,"TSS_more_sig"
-0.1,"eld vs kin","246",0.000273128816483069,0.00281503564157504,3.56363247716026,2.55051610211232,2.98477052889119,2.78063297101517,0.480967377466204,0.469523323048627,"CLR_more_sig"
-0.1,"eld vs kin","251",0.0330546341438149,0.0119263709978459,1.48076764534621,1.92349168502791,-2.82773843704645,-2.75331470507919,0.572752410693733,0.592047900804946,"TSS_more_sig"
-0.1,"eld vs kin","252",0.0123334043307676,0.00344986517140707,1.90891703062252,2.46219787781314,-2.31875059496568,-2.44128882755874,0.466140076609654,0.470266190449162,"TSS_more_sig"
-0.1,"eld vs kin","265",0.000245232602097463,0.00618151813914492,3.61042179365682,2.20890485201724,2.7704291981677,2.69600447641423,0.483219616670638,0.481822923167455,"CLR_more_sig"
-0.1,"eld vs kin","267",0.000843605821769202,0.0082113668444837,3.0738604318326,2.0855845452425,-3.11571279771221,-3.134647669873,0.594708165382584,0.613601168256529,"CLR_more_sig"
-0.1,"eld vs kin","282",0.00184846509442346,0.00832342604531893,2.73318874603348,2.07969787487378,-2.8964626708746,-2.89399466833597,0.47310552950742,0.488944819264833,"CLR_more_sig"
-0.1,"eld vs kin","294",0.000656187987854022,0.00240539395768898,3.18297172405126,2.61881378430523,2.73779938735011,2.61346808143569,0.443961227606221,0.454671507026668,"CLR_more_sig"
-0.1,"eld vs kin","329",0.000637286016600182,0.000581494395516227,3.19566561075284,3.23545446667604,2.69129742332875,2.57474514034793,0.429275828545732,0.42087698414458,"TSS_more_sig"
-0.1,"eld vs kin","344",5.12232342677484e-07,5.72046572010912e-05,6.2905330033707,4.24256861256362,3.07108759140908,3.01043056579929,0.413343127106085,0.422566552909167,"CLR_more_sig"
-0.1,"eld vs kin","435",0.00437166538523845,0.048273745570866,2.35935308709423,1.31628900286662,2.74971672517332,2.64462339099874,0.565798470121184,0.552388699832046,"CLR_more_sig"
-0.1,"eld vs kin","473",0.00239515243198238,0.00659304549061198,2.62066684205643,2.18091392770638,-2.69153678703652,-2.77186423212333,0.530057292166541,0.534538923926828,"CLR_more_sig"
-0.1,"eld vs kin","614",0.00164835702813655,0.00143976642526061,2.78294871584511,2.84170795821611,-2.84834955657718,-2.76353111336392,0.486382925847019,0.488194903248116,"TSS_more_sig"
-0.1,"eld vs kin","616",0.000352477092434688,0.000439253332976283,3.45286910265126,3.35728493447076,-2.68526569995195,-2.6779871777253,0.416982495270806,0.439069658964061,"CLR_more_sig"
-0.1,"eld vs kin","666",1.67113389881966e-08,1.89750677563682e-08,7.77698875107084,7.72181666464649,-3.83814639613728,-3.85788062675272,0.41951455198956,0.413476346813599,"CLR_more_sig"
-0.1,"eld vs kin","667",0.0115738533715224,0.0275403357963708,1.93652202398924,1.56003076874061,2.46150611224796,2.47689192475184,0.563410847483518,0.575372830347336,"CLR_more_sig"
-0.1,"eld vs kin","728",2.54660781245763e-13,4.03564894400678e-12,12.594037932932,11.3940866195193,4.12947533956686,4.10359885267694,0.384670503995157,0.385639459434406,"CLR_more_sig"
-0.1,"eld vs kin","744",3.05209365396292e-06,2.39386964289825e-05,5.51540214411976,4.62089950259768,-3.6638765498697,-3.5982245167337,0.5292936587892,0.517468850312142,"CLR_more_sig"
-0.1,"eld vs kin","770",0.00141783026443308,0.00136665866823595,2.84837575761017,2.86433993972028,-2.59129445292002,-2.62091023011223,0.419430483339666,0.428908824299723,"TSS_more_sig"
-0.1,"eld vs kin","786",1.24530112281778e-06,5.42843573930654e-06,5.9047256203228,5.26532529889346,-3.69341390794847,-3.87824847947398,0.492486524956325,0.498449898677139,"CLR_more_sig"
-0.1,"eld vs kin","849",0.000150069018279714,0.000206333109116071,3.82370895851606,3.68543107763673,-2.71288757752575,-2.79536084135221,0.397419745942053,0.434453727169329,"CLR_more_sig"
-0.1,"eld vs kin","854",0.000874356731164287,0.0001152258451593,3.05831134223121,3.93845009772569,3.29500524548615,3.23483475073998,0.463562828427002,0.468324828959086,"TSS_more_sig"
-0.1,"eld vs kin","877",0.0460761246782301,0.041129704088445,1.33652405522798,1.3858444150524,-2.16358486162524,-2.19979593350183,0.549903846982578,0.554647287821974,"TSS_more_sig"
-0.1,"eld vs kin","879",0.0021209081470687,5.93979095383576e-05,2.6734781396329,4.22622883939476,-2.57760353293383,-2.60220780281265,0.411285877235677,0.413428806056533,"TSS_more_sig"
-0.1,"eld vs kin","886",5.52947437338594e-09,5.66685324928448e-09,8.25731615035671,8.24665803384715,4.71193428610168,4.517016276066,0.5277141419574,0.518894583793916,"CLR_more_sig"
-0.1,"eld vs kin","888",5.08048855663629e-05,0.000280113460765054,4.29409452250957,3.552666020789,2.83429032680349,2.79535350873722,0.436743850730084,0.44826753769513,"CLR_more_sig"
-0.1,"eld vs kin","891",0.000154189386307456,0.00058094904245745,3.81194552010314,3.23586195977851,-3.32561720984254,-3.36842943330863,0.566799230338873,0.569602873199056,"CLR_more_sig"
-0.1,"eld vs kin","895",2.09343227270399e-05,5.15211539268666e-05,4.67914108495987,4.28801441858189,-3.12911644831705,-3.15225357332466,0.495358680593316,0.502757130180411,"CLR_more_sig"
-0.1,"eld vs kin","914",0.00524582456846938,0.00133212009396758,2.28018623723397,2.87545662066395,-2.84277277221362,-2.93470366934336,0.553402628302884,0.566005342752751,"TSS_more_sig"
-0.1,"eld vs kin","917",0.0457520759375233,0.0493435334556903,1.33958919563563,1.30676975421064,-2.11805270233354,-2.15883405475954,0.510730729810679,0.536666914815874,"CLR_more_sig"
-0.1,"eld vs kin","922",0.0223782809422197,0.0334663388877543,1.65017327821798,1.47539179549443,2.16973996595358,2.35743419304345,0.45809812821269,0.477486904839862,"CLR_more_sig"
-0.1,"eld vs kin","926",0.0104502552508651,0.046409670994583,1.98087310164016,1.33339151035157,2.1854278416005,2.03779356399534,0.425377191878043,0.429220656379158,"CLR_more_sig"
-0.1,"eld vs kin","935",0.0118530716896369,0.0451024090129804,1.92616908889514,1.34580026093571,-2.42847492002021,-2.48289080366464,0.555148596593742,0.54224623255001,"CLR_more_sig"
-0.1,"eld vs kin","944",0.000671175346275145,0.00947713314152362,3.17316400446378,2.0233230180538,2.00479802308723,1.9386856712156,0.29388592586615,0.291197549040452,"CLR_more_sig"
-0.1,"eld vs kin","947",1.81302211486296e-10,1.62609892488497e-10,9.74159689843931,9.78885303732448,4.20879461632,4.14188765119033,0.426858339668663,0.429413897582004,"TSS_more_sig"
-0.1,"eld vs kin","965",0.0146806984992232,0.040935858394404,1.83325328044574,1.38789609834773,-2.75749696923549,-2.7746410274776,0.613710838802824,0.595606506746697,"CLR_more_sig"
-0.1,"eld vs kin","978",9.73528791997098e-22,3.60663938983641e-22,21.0116511997469,21.4428972784838,6.14998950525848,6.02942936750165,0.421481269138819,0.405978271067497,"TSS_more_sig"
-0.1,"eld vs kin","984",1.14083086982319e-16,2.03371805214599e-14,15.9427787357281,13.6917092563713,4.93621363149666,4.90681028171574,0.412063914370083,0.420295912111663,"CLR_more_sig"
-0.1,"eld vs kin","988",0.00010070166929779,0.0013633679273935,3.99696333023277,2.86538692679631,3.19596775679283,3.10367796376195,0.530783878083946,0.530962609676211,"CLR_more_sig"
-0.1,"eld vs kin","991",3.2278463385124e-05,2.45982407620239e-05,4.49108714802821,4.60909595202938,-3.69220734376263,-3.81258606110928,0.559023686482958,0.568168813278965,"TSS_more_sig"
-0.1,"eld vs kin","1000",0.0317715694048787,0.04235225561908,1.49796133200809,1.37312345482954,-2.25663548669138,-2.24287886046672,0.569835600094796,0.557274629235495,"CLR_more_sig"
-0.1,"eld vs kin","1014",4.67486559768356e-08,9.3004826942693e-07,7.33023087057188,6.03149451101407,-4.25085279156917,-4.31562069806647,0.518803659123093,0.516052362193478,"CLR_more_sig"
-0.1,"eld vs kin","1020",0.00162154004167935,0.0188682630833973,2.79007232255951,1.72426807694238,2.38828875250897,2.2977431467002,0.433226374884139,0.421690133956258,"CLR_more_sig"
-0.1,"eld vs kin","1021",1.83747500911175e-06,4.55139154515046e-06,5.73577855889883,5.34185580158793,-3.78313939211501,-3.85745581854146,0.54563810613074,0.5490746902388,"CLR_more_sig"
-0.1,"eld vs kin","1027",0.00958176291513965,0.0244486985291786,2.01855457924289,1.61174425460335,2.36251372350516,2.39288679284013,0.519158150146876,0.507270109449211,"CLR_more_sig"
-0.1,"eld vs kin","1030",1.42123937696991e-09,7.82163858113975e-09,8.84733276841896,8.10670225561005,4.0657723734077,4.13000792785595,0.433897386475611,0.431564617516882,"CLR_more_sig"
-0.1,"eld vs kin","1043",0.00102440683952512,0.0118635966777168,2.98952753059593,1.92578362627666,2.37326751477032,2.3502836647275,0.412647215064778,0.423704431330664,"CLR_more_sig"
-0.1,"eld vs kin","1047",0.0206377430299597,0.0147512653888963,1.68533779944937,1.83117072356082,-1.68065643223652,-1.74526365106728,0.274993085158155,0.292932476137833,"TSS_more_sig"
-0.1,"eld vs kin","1059",0.0108368856669441,0.030545816579303,1.96509550857165,1.515048260411,2.76495805174391,2.68436694851141,0.58865777651905,0.595309843193354,"CLR_more_sig"
-0.1,"eld vs kin","1074",6.1050014910145e-17,1.26816472574171e-15,16.2143142256521,14.8968243309699,5.06093874180334,5.02670136388302,0.390759169460966,0.39621202651752,"CLR_more_sig"
-0.1,"eld vs kin","1076",5.87723826825366e-12,2.25754287261519e-09,11.2308267022599,8.64636399332303,4.60076472539592,4.45797807616377,0.438620263277058,0.416831363195415,"CLR_more_sig"
-0.1,"eld vs kin","1079",0.00790611586755745,0.00968194999552041,2.10203682517239,2.01403716469509,-2.40907220669788,-2.43300168132311,0.476892952128434,0.498298437937221,"CLR_more_sig"
-0.1,"eld vs kin","1082",0.00304011302549186,0.0050735282307681,2.51711026986659,2.29468991872637,2.95399967759416,2.83759858014153,0.489683023130335,0.48275791377516,"CLR_more_sig"
-0.1,"eld vs kin","1089",5.5910934490341e-11,2.1880988477759e-08,10.2525032489217,7.65993306256075,3.00249745444494,2.95013405311892,0.281485815907393,0.290229235435857,"CLR_more_sig"
-0.1,"eld vs kin","1098",4.29008187389742e-26,2.41313408805402e-27,25.3675344194604,26.6174185454414,6.98637291282487,6.86907478329367,0.446923662984033,0.434284472383508,"TSS_more_sig"
-0.1,"eld vs kin","1101",0.00657470488632241,0.0170819997182878,2.1821237362402,1.76746128963168,-2.56099648152477,-2.61753402474973,0.57812236823073,0.581154365184687,"CLR_more_sig"
-0.1,"eld vs kin","1104",0.0313997113534817,0.00312467981234016,1.50307434422507,2.50519447843452,-2.80203322894628,-2.74297506714803,0.460532892373882,0.473920774747165,"TSS_more_sig"
-0.1,"eld vs kin","1105",9.9575859806917e-10,5.01084985426077e-10,9.00184593490319,9.30008861031738,-4.62163408753273,-4.69097124656696,0.498004200811568,0.512922695588559,"TSS_more_sig"
-0.1,"eld vs kin","1108",0.000275275967943865,0.00563646352094231,3.56023170159228,2.24899329939696,2.47190897266521,2.39647913843406,0.427029410972159,0.445941178867543,"CLR_more_sig"
-0.1,"eld vs kin","1112",1.08457267631582e-05,9.14692383361804e-06,4.96474134096155,5.03872493726754,-3.5005151248281,-3.53081340540839,0.53480330450763,0.535464194200513,"TSS_more_sig"
0,"cent vs mage","4",1.71202136045343e-06,6.46926196320821e-05,5.76649082104369,4.18914526238984,2.15897823814521,1.78672057488646,0.199416291682591,0.1828790071053,"CLR_more_sig"
0,"cent vs mage","7",9.61233534450082e-11,1.22231807817667e-09,10.0171710864193,8.91281576494316,4.1385287368762,3.74388863076365,0.420526941782127,0.415327766235407,"CLR_more_sig"
0,"cent vs mage","8",0.000548834144224922,0.00886776855873635,3.26055887800976,2.05218565012852,2.23724456691377,1.85553051162736,0.308982122609004,0.314927200018117,"CLR_more_sig"
0,"cent vs mage","9",0.00153809405270594,0.0280932730405194,2.81301710710786,1.55139765985044,1.9679105828765,1.59926140462629,0.264049520216847,0.272930595138786,"CLR_more_sig"
0,"cent vs mage","11",0.000900342504799418,0.00684341485503702,3.0455922465076,2.16472713181543,2.18262294368829,1.81320941406949,0.311733050848131,0.29663825674871,"CLR_more_sig"
0,"cent vs mage","14",9.44687232467183e-08,8.90349775382401e-06,7.02471195413307,5.05043934652766,2.66065029214609,2.2838452394019,0.262618827919051,0.259040576826535,"CLR_more_sig"
0,"cent vs mage","19",9.46513063455993e-05,0.00335978295749638,4.02387338767197,2.47368877719534,2.46540536173646,2.09584179831818,0.334222473129252,0.3432420107496,"CLR_more_sig"
0,"cent vs mage","20",1.42772178323991e-07,2.82937282792239e-05,6.84535641425147,4.54830982156352,2.64057765545356,2.26264465388934,0.265628932843805,0.268569828721668,"CLR_more_sig"
0,"cent vs mage","21",4.09598786769846e-09,5.93836471480012e-07,8.38764133840904,6.22633313298432,2.82145481749505,2.44145698620788,0.26457254500984,0.261648010263538,"CLR_more_sig"
0,"cent vs mage","23",0.000228897652801045,0.00905216453353073,3.64035866071463,2.04324756084247,2.09958746902521,1.72187656093086,0.262922340612338,0.267168393284725,"CLR_more_sig"
0,"cent vs mage","24",3.01105408080513e-11,4.03650110676233e-08,10.5212814441603,7.39399492410198,4.41973709487478,4.06378239793416,0.477890719222266,0.492850973068727,"CLR_more_sig"
0,"cent vs mage","26",4.24222717578134e-06,4.44365320389602e-05,5.37240607826488,4.35225984206043,3.04537272408309,2.67321258917661,0.37123978359822,0.371335976671979,"CLR_more_sig"
0,"cent vs mage","32",8.77923451506797e-05,0.00231915669411201,4.05654334974025,2.63466990720971,2.09892378746383,1.71930445564253,0.225417164618101,0.228735370143996,"CLR_more_sig"
0,"cent vs mage","36",0.00535888319464286,0.0394846578066395,2.27092570899015,1.40357162144305,1.6925799235886,1.31665974970817,0.20428892658294,0.203083186015968,"CLR_more_sig"
0,"cent vs mage","39",1.10622118992409e-07,6.23712814955416e-07,6.9561580267754,6.20501533273699,3.57519527878142,3.15968145701327,0.423517962162423,0.41787778157003,"CLR_more_sig"
0,"cent vs mage","42",1.6806030303658e-07,1.17441893776061e-05,6.77453485769749,4.93017695427863,3.39810190798539,3.04459446663798,0.413926191483871,0.414682096198719,"CLR_more_sig"
0,"cent vs mage","47",0.00735215088772144,0.0407522013638698,2.13358558853267,1.38984892644894,2.44929949536944,2.10491819469227,0.493585932151203,0.498624570757203,"CLR_more_sig"
0,"cent vs mage","51",0.0472020526121173,0.000290176731238104,1.3260391153758,3.537337415813,-1.83589284257864,-2.21137233823405,0.367626196376486,0.386689926752883,"TSS_more_sig"
0,"cent vs mage","55",0.000498833101823801,0.00512275488641796,3.30204473510042,2.29049642374943,2.43509236023228,2.05470271561613,0.363607855464727,0.35365119079621,"CLR_more_sig"
0,"cent vs mage","56",9.49736411633468e-06,0.000397495647856073,5.02239691140295,3.40066762203252,2.97227281038736,2.57681003105149,0.366186341810086,0.374895205968869,"CLR_more_sig"
0,"cent vs mage","57",0.0455933203174739,0.000372471038252247,1.34109877930386,3.42890749047603,-2.01975876412153,-2.38885686191303,0.42213961110839,0.45059151764147,"TSS_more_sig"
0,"cent vs mage","69",0.000635186548160602,0.00155614330375886,3.19709870787549,2.80795041173836,2.60659937959192,2.28515601575338,0.390513919222598,0.387277538415283,"CLR_more_sig"
0,"cent vs mage","90",0.000127550550601667,0.00155965599983246,3.89431766231684,2.80697117975386,2.28279357955221,1.96753221799975,0.286487842952545,0.285166706315597,"CLR_more_sig"
0,"cent vs mage","92",0.0023675397153324,0.0167318119512588,2.62570272700049,1.77645702509724,1.88649076331741,1.52173595120158,0.246731892789796,0.23933928631844,"CLR_more_sig"
0,"cent vs mage","100",0.0129464257065696,0.000102524923235663,1.88785011653836,3.98917054721327,-2.71800823015949,-3.02857840801003,0.556297885267956,0.563385577893348,"TSS_more_sig"
0,"cent vs mage","106",3.76338324626556e-06,0.000521104216494196,5.42442155280339,3.28307541274237,2.69823983398222,2.33467795533633,0.323641080011222,0.338487240440806,"CLR_more_sig"
0,"cent vs mage","114",5.80067361023695e-08,1.29058458496809e-10,7.2365215705367,9.88921352650867,-3.67163127962364,-4.06917734155371,0.455236816051027,0.486270366016924,"TSS_more_sig"
0,"cent vs mage","119",0.00720603663123735,0.0394560386054508,2.14230353451101,1.40388652015213,1.82099527498987,1.43754013773538,0.250374010692888,0.238384428250812,"CLR_more_sig"
0,"cent vs mage","132",2.40030455072223e-09,3.26551783299174e-12,8.61973365149385,11.4860479402147,-4.34724125248177,-4.69195656605609,0.47780723340022,0.490443814870801,"TSS_more_sig"
0,"cent vs mage","142",0.000204711560649158,0.00124529452345066,3.68885763078954,2.90472792183548,3.60591534456124,3.22335223532089,0.538419875293279,0.535897859046604,"CLR_more_sig"
0,"cent vs mage","143",1.52761501657818e-08,1.54045124044277e-12,7.81598608112813,11.8123520437552,-3.79949612156098,-4.2726169218171,0.451091457691259,0.452255143811052,"TSS_more_sig"
0,"cent vs mage","146",0.0370819109111717,0.000426395416019508,1.43083789381574,3.37018747285609,-2.03467218847428,-2.3017316684844,0.403245239960334,0.423125486441119,"TSS_more_sig"
0,"cent vs mage","148",0.00378052877238569,2.01034549965852e-05,2.42244745231389,4.69672929795229,-2.63295405349576,-2.99367529218834,0.4733697291465,0.491980499341142,"TSS_more_sig"
0,"cent vs mage","168",2.36452645050739e-07,0.000547632922255178,6.62625582343534,3.26151045110786,3.52178883085081,3.15077765693829,0.438481027056495,0.455889451893058,"CLR_more_sig"
0,"cent vs mage","169",0.00175339930192364,7.75545586784775e-06,2.75611917068619,5.11039266914993,-2.40054522087687,-2.84829540958135,0.410747272615223,0.443457719923564,"TSS_more_sig"
0,"cent vs mage","210",8.18605881840135e-07,6.97567004159794e-14,6.08692513919046,13.156414070292,-4.26911273159401,-4.79506901202661,0.452252071446124,0.459632022189299,"TSS_more_sig"
0,"cent vs mage","212",0.0104354662278077,0.0192766754840092,1.98148814308717,1.71496786376542,2.30661306211595,1.9442876411687,0.377791964033433,0.371226415546324,"CLR_more_sig"
0,"cent vs mage","219",1.6780310210942e-07,8.46415992189222e-11,6.7752000148032,10.0724161396686,-3.97001399119094,-4.29942858903845,0.456452690795507,0.463506468541447,"TSS_more_sig"
0,"cent vs mage","289",0.00236078962435104,6.94562234292025e-05,2.62694271222421,4.15828883444949,-2.54825322434569,-2.76720732858215,0.475555225013222,0.483526675517531,"TSS_more_sig"
0,"cent vs mage","294",0.00155953216400772,0.000696768279839901,2.80700566386482,3.15691162867213,2.89289394191269,2.52102959525786,0.386558477723258,0.385020267143806,"TSS_more_sig"
0,"cent vs mage","353",1.39195092722692e-05,1.17025647672888e-07,4.85637607536499,6.93171894661169,-3.11707042909194,-3.70329538054098,0.434811686435317,0.45068579571336,"TSS_more_sig"
0,"cent vs mage","363",0.0384032808076744,0.000648087218691973,1.41563167209587,3.18836654343851,-2.02861585489792,-2.45871468936336,0.432759734323741,0.456863390999441,"TSS_more_sig"
0,"cent vs mage","372",0.0397836846348123,0.000297234705533646,1.40029499641367,3.52690048312889,-2.16977950219957,-2.64510563833038,0.482435185300541,0.482655637127226,"TSS_more_sig"
0,"cent vs mage","464",0.047526641645838,0.00207537753011717,1.32306287298087,2.68290288963483,-2.32141478531453,-2.52374550416845,0.46931076930499,0.483113130040276,"TSS_more_sig"
0,"cent vs mage","531",0.0194017496043472,0.00180362882887717,1.71215910464441,2.7438528316255,-2.12434509362025,-2.46516988982797,0.461893456051708,0.462421245198503,"TSS_more_sig"
0,"cent vs mage","546",0.0224119773797075,0.000624113544407893,1.64951982453542,3.20473639233054,-2.15137545796471,-2.52642160627569,0.425960726668949,0.449907312512819,"TSS_more_sig"
0,"cent vs mage","652",0.0024951655061962,0.0154394644919535,2.602900642007,1.81136776696808,2.30287054095986,1.98685610924704,0.302881538254396,0.305562746654159,"CLR_more_sig"
0,"cent vs mage","671",0.000261612802147007,0.00284560209082164,3.58234100742055,2.54582582872192,2.53055292355899,2.13592839921527,0.357282077154701,0.361053755457128,"CLR_more_sig"
0,"cent vs mage","675",0.000269251059389559,5.8936623450549e-07,3.56984257926068,6.22961474902223,-3.00361504327546,-3.38203102757049,0.465262051873545,0.474397498405249,"TSS_more_sig"
0,"cent vs mage","728",1.87242011126081e-05,0.00267123479872417,4.72759670285613,2.57328793627345,2.49230865969859,2.10782800240477,0.307509536427572,0.307648843195252,"CLR_more_sig"
0,"cent vs mage","762",0.00234081202058717,0.00343848136528335,2.63063346101487,2.46363332495771,2.49224530645826,2.12922342413115,0.382921407938583,0.385386057846136,"CLR_more_sig"
0,"cent vs mage","770",0.00163133409591401,3.1788961340958e-06,2.78745708668928,5.49772366180714,-2.13298580074533,-2.45717832463521,0.331866570935712,0.354134040018087,"TSS_more_sig"
0,"cent vs mage","788",0.0215218908196987,0.0200874700236426,1.66711957610565,1.69707475832201,2.48157630485835,2.12772415486721,0.512587972525673,0.536830671835676,"TSS_more_sig"
0,"cent vs mage","829",0.000610916165357622,0.00533631398290709,3.21401838291722,2.27275862492505,2.56384161967745,2.18582536101243,0.386107853145953,0.396628637998815,"CLR_more_sig"
0,"cent vs mage","834",0.00944262080045427,0.0271683466978446,2.0249074504893,1.56593678932778,2.19804774371652,1.8337175136855,0.401477217435766,0.393254165895333,"CLR_more_sig"
0,"cent vs mage","848",0.000163561472855129,0.0202815247576178,3.78631898732059,1.69289939801093,2.33196065852964,1.97534442588442,0.325527207792758,0.339243501136968,"CLR_more_sig"
0,"cent vs mage","849",0.042024707983364,0.000398661463058355,1.3764952956554,3.39939574374568,-1.85991907168286,-2.2528080116404,0.377895339359746,0.415060929625132,"TSS_more_sig"
0,"cent vs mage","854",6.34869168515739e-08,0.000108399555356089,7.19731576328414,3.96497249922561,3.38917869489434,2.98784021308941,0.453843338488706,0.459536080041131,"CLR_more_sig"
0,"cent vs mage","857",0.000116861324297391,8.59490706457427e-05,3.93232919648039,4.06575881491186,2.51844836813891,2.07532514708702,0.324902771288142,0.338164419505636,"TSS_more_sig"
0,"cent vs mage","886",0.000454964627317996,0.000998978794742311,3.3420223676457,3.0004437304168,3.2092070851425,2.91435477796391,0.51627922370833,0.529417198047373,"CLR_more_sig"
0,"cent vs mage","917",0.013242513702948,0.000461490989321883,1.87802956899749,3.33583677421767,-2.38781116764572,-2.69560077554101,0.474531097175161,0.494835476609735,"TSS_more_sig"
0,"cent vs mage","921",3.17506429557194e-08,3.7363755607996e-12,7.49824747574858,11.4275494772531,-3.86245636839669,-4.22985040154325,0.471251663919193,0.471264188198179,"TSS_more_sig"
0,"cent vs mage","947",0.00251533546027135,0.0336616440740171,2.59940408662023,1.47286467639238,2.53406003161526,2.14736501007908,0.420409264914322,0.41859959786839,"CLR_more_sig"
0,"cent vs mage","978",2.88130096569157e-05,6.72035261098034e-05,4.54041137521062,4.17260793929953,3.33438319526229,2.87042147838165,0.446683194327384,0.449902329994414,"CLR_more_sig"
0,"cent vs mage","984",0.00860292355510901,0.0363462689527827,2.06535393618819,1.43954016407271,2.71494493338504,2.33257270381986,0.404909602999194,0.426241994262828,"CLR_more_sig"
0,"cent vs mage","989",0.0146898962566118,0.0361844820556117,1.83298127128531,1.4414776394812,2.3650508662795,2.00003755363548,0.377327606595392,0.382710744062454,"CLR_more_sig"
0,"cent vs mage","1004",0.00759902926915334,0.000227756670351889,2.1192418827161,3.64252889490558,-2.36878368311708,-2.71378483890895,0.469540419043235,0.455177880949423,"TSS_more_sig"
0,"cent vs mage","1017",0.0140506641274385,0.0370552835499031,1.85230314764038,1.43114985912945,2.31267248797395,1.90509045698483,0.38842188230116,0.391029963009284,"CLR_more_sig"
0,"cent vs mage","1019",0.0012320965453842,7.76884909886252e-08,2.90935526012223,7.10964331415077,-2.6263031006456,-3.0921502292865,0.389194572549044,0.404759433639916,"TSS_more_sig"
0,"cent vs mage","1030",0.000343224266391472,0.0211720495473598,3.46442201456648,1.67423709833277,2.49522717117223,2.08954202662754,0.402523560610352,0.404683808571655,"CLR_more_sig"
0,"cent vs mage","1043",4.59922362010747e-05,0.000264566508038551,4.33731547396201,3.57746513480713,2.74794044313009,2.38009895429208,0.317619012628659,0.327325462795791,"CLR_more_sig"
0,"cent vs mage","1058",0.0104408858310174,4.46093292859359e-06,1.9812626531343,5.35057430645143,-2.58666769232023,-2.96814405460563,0.461293062430464,0.452521086342605,"TSS_more_sig"
0,"cent vs mage","1074",3.13813000820428e-07,3.48009357836507e-06,6.5033290681818,5.45840907788642,3.28799142140996,2.87598513111605,0.367371380000769,0.384283285399534,"CLR_more_sig"
0,"cent vs mage","1076",0.00300261000861953,0.00508135245752537,2.52250107209784,2.29402068010455,2.58185046109988,2.22641748675563,0.427529727710866,0.42176520872084,"CLR_more_sig"
0,"cent vs mage","1079",0.017000742885374,6.63589743566974e-05,1.76953210074117,4.17810033504474,-2.07739275843649,-2.43864778295238,0.394296142033636,0.416538368209133,"TSS_more_sig"
0,"cent vs mage","1087",3.7287939666791e-08,7.12521829397965e-06,7.42843161277878,5.14720182571685,3.86958591348234,3.45605877189293,0.488262966455104,0.49913469165032,"CLR_more_sig"
0,"cent vs mage","1091",0.00506258865172833,0.0467046947999395,2.29562735871667,1.33063946154895,2.74624843393479,2.26949359269208,0.472711650439595,0.469239791088441,"CLR_more_sig"
0,"cent vs mage","1098",1.38308902347403e-11,2.89751727022398e-10,10.8591498653287,9.5379739668085,4.48381318387301,4.13190449197066,0.435596188215449,0.442075280036841,"CLR_more_sig"
0,"cent vs mage","1104",0.00549091361898867,5.31255771906389e-05,2.26035538839619,4.27469633845979,-2.39013915920221,-2.66050505283722,0.430310410587281,0.439111533659104,"TSS_more_sig"
0,"eld vs kin","3",4.21029741626278e-09,6.04558070271821e-13,8.37568722443049,12.2185619770408,-4.60836019282136,-4.87798883383359,0.432253942918912,0.445834387096605,"TSS_more_sig"
0,"eld vs kin","4",1.19482665813161e-09,1.87446908687216e-10,8.92269509628694,9.72712171742517,2.61761174643737,2.33350058008764,0.22746406931484,0.220341205221276,"TSS_more_sig"
0,"eld vs kin","5",0.0167495827942341,6.65642539553537e-05,1.77599600608496,4.17675893115391,-2.65610033787151,-2.94365587551936,0.384555764352119,0.384130254647958,"TSS_more_sig"
0,"eld vs kin","7",8.52280379788375e-26,4.75474553456071e-30,25.0694175092668,29.3228727207651,7.66924329008093,7.40540336587993,0.464298557415998,0.465133897338692,"TSS_more_sig"
0,"eld vs kin","8",0.0067111574457396,0.0106638182670516,2.17320257238713,1.97208726478411,2.13623034423744,1.84091580947362,0.382643078681594,0.392984148273096,"CLR_more_sig"
0,"eld vs kin","10",0.031933746408701,0.000566068470657677,1.4957501278376,3.24713103412923,-2.5904929976661,-2.91575211709947,0.481926215266517,0.475022002487456,"TSS_more_sig"
0,"eld vs kin","11",5.38866338380062e-09,4.26669830680603e-09,8.26851894483669,8.36990806450453,3.32023522262953,3.03696311081219,0.352141245620154,0.352796697260629,"TSS_more_sig"
0,"eld vs kin","12",0.0416660076412411,0.00644712591420224,1.38021811083247,2.19063384781135,-1.85386928612071,-2.14038004617461,0.380129355576368,0.369825104764647,"TSS_more_sig"
0,"eld vs kin","14",2.71939624499871e-09,9.64821808623328e-10,8.56552750646974,9.01555288839451,2.95336625441948,2.66352281680936,0.28099885327053,0.275765650657377,"TSS_more_sig"
0,"eld vs kin","15",3.48080909854239e-05,2.18887019702309e-05,4.45831979450459,4.65977999192136,3.04031370102717,2.75651016932826,0.445332387696931,0.425905724558736,"TSS_more_sig"
0,"eld vs kin","16",5.91177512268152e-12,9.31174789753674e-12,11.2282820943757,11.0309687904466,3.11286959432106,2.82632069094917,0.262285300838294,0.266780172764319,"CLR_more_sig"
0,"eld vs kin","21",4.48691734525674e-19,8.47526485001778e-20,18.3480519306518,19.0718467213132,4.20059721583261,3.89676079217714,0.298632021461748,0.29172863588162,"TSS_more_sig"
0,"eld vs kin","23",1.07388708034412e-05,1.42210345252341e-05,4.96904138247414,4.84706880921398,2.49842640392364,2.21802377579535,0.295669003590437,0.310898929202349,"CLR_more_sig"
0,"eld vs kin","25",3.62405827284067e-06,6.21356554570646e-06,5.44080482772545,5.20665911601482,3.14132968602063,2.82370490333797,0.414991801262443,0.416704560979948,"CLR_more_sig"
0,"eld vs kin","26",0.000125836934983057,0.000170154912156495,3.90019186838982,3.76915550885635,2.52838958279264,2.25056839234199,0.364443457363256,0.363379908341607,"CLR_more_sig"
0,"eld vs kin","29",4.48729583520432e-06,3.35369324979146e-06,5.34801529766961,5.47447666326102,2.54052426962226,2.25393025276792,0.290478666639812,0.291929701732865,"TSS_more_sig"
0,"eld vs kin","31",1.30542238562087e-06,1.39490640044672e-05,5.8842489442153,4.85545493298772,3.66409431381896,3.39091658004852,0.516778155703058,0.533463685640197,"CLR_more_sig"
0,"eld vs kin","32",0.0049438437418902,0.00915446256631746,2.30593526427589,2.03836714686571,1.85185105789527,1.57017085470083,0.277027876460009,0.291982735671436,"CLR_more_sig"
0,"eld vs kin","33",0.00527323620463153,8.56733644640756e-06,2.2779227748338,5.06715417765977,-3.0751321187184,-3.38639611364897,0.45629965040486,0.460511235999681,"TSS_more_sig"
0,"eld vs kin","36",3.77546587178423e-05,5.01841157553584e-05,4.42302945117076,4.29943372372006,2.21310788696235,1.9286488882014,0.255704247470157,0.262487210816031,"CLR_more_sig"
0,"eld vs kin","47",0.000687843172256158,0.00114417318019054,3.16251056930463,2.94150823646177,2.94236529418602,2.65553590018105,0.533594792380375,0.533343548474965,"CLR_more_sig"
0,"eld vs kin","49",0.00593164523824743,0.00655521956884947,2.22682483129147,2.18341275691933,2.09704171435356,1.81406258941047,0.358449734776193,0.36472370604177,"CLR_more_sig"
0,"eld vs kin","55",0.000488332687177043,0.000357378773743862,3.3112842046827,3.44687124567388,2.58247732067185,2.3062910432729,0.420098147942602,0.413167681047804,"TSS_more_sig"
0,"eld vs kin","57",0.0380263493514213,0.00699150769231277,1.419915366217,2.15542916018478,-2.31568568740746,-2.54901855646776,0.460249000653051,0.476740176377423,"TSS_more_sig"
0,"eld vs kin","58",0.0178095044767153,0.0278720017168294,1.74934816397426,1.55483183992123,1.919425404568,1.64443840933213,0.353471852475497,0.371867966449018,"CLR_more_sig"
0,"eld vs kin","61",0.000985186859262062,0.000868770174059848,3.00648138955323,3.06109509735879,2.33490424223088,2.05257917697931,0.36238320708594,0.363375369148213,"TSS_more_sig"
0,"eld vs kin","65",0.031292352307941,3.43826244638834e-05,1.50456178885253,4.46366097620392,-2.5446816962185,-2.83003835479357,0.375190230552808,0.367965795844337,"TSS_more_sig"
0,"eld vs kin","67",3.53547949307846e-09,2.34925065512037e-11,8.45155167746078,10.6290706433637,-5.33959015422709,-5.52591432205158,0.570148575437594,0.566029965010305,"TSS_more_sig"
0,"eld vs kin","70",0.00286911789513475,0.0100109774078543,2.5422516057608,1.99952351871298,2.74355904874101,2.38147094335278,0.523576939969161,0.513544172188627,"CLR_more_sig"
0,"eld vs kin","71",0.0052439316354533,0.00202218578598457,2.28034297879334,2.69417894660786,2.88640838713444,2.67292008224852,0.54460414414181,0.529188778428915,"TSS_more_sig"
0,"eld vs kin","74",1.00937426686463e-06,3.89835312123156e-07,5.99594777142832,6.40911882410595,3.88752852714735,3.6175608029867,0.500460826232898,0.495259535337274,"TSS_more_sig"
0,"eld vs kin","77",0.00012878059363964,0.000333907304944327,3.89014957727289,3.4763740797108,2.4664400516997,2.1662723322923,0.359092825563824,0.366514993463175,"CLR_more_sig"
0,"eld vs kin","79",0.000927619325101563,1.46600461660802e-07,3.03263021227904,6.83386466205217,-3.64960477447554,-3.9008694561982,0.474406323922607,0.48917991140666,"TSS_more_sig"
0,"eld vs kin","80",4.60210344780803e-05,5.28175070742347e-05,4.33704362332334,4.27722210084688,2.58319493247613,2.29704583865391,0.36210414038611,0.345297395998024,"CLR_more_sig"
0,"eld vs kin","82",0.000978171427862212,0.000101933261435446,3.00958502696046,3.99168407996972,-3.69970165864096,-4.00131221621153,0.588685903539993,0.603481467640887,"TSS_more_sig"
0,"eld vs kin","83",0.0076711200147264,0.000236979381775365,2.11514122266064,3.62528943783255,-3.2758165861886,-3.47771422466188,0.491883587361539,0.520557255854795,"TSS_more_sig"
0,"eld vs kin","84",0.00108346059611637,8.29526834831048e-08,2.96518687871464,7.08116956017544,-3.55856312209034,-3.99886273476379,0.442940897018227,0.488057373415002,"TSS_more_sig"
0,"eld vs kin","85",0.039760104030476,0.0286070160326164,1.40055248796178,1.54352744062726,-2.15318863808777,-2.4034076527628,0.466990742267402,0.486394420304137,"TSS_more_sig"
0,"eld vs kin","87",0.0370675385945484,0.0134801418428958,1.43100625158296,1.87030553797408,-2.64402906637338,-2.94658078840874,0.515548545963873,0.528034060190806,"TSS_more_sig"
0,"eld vs kin","89",3.20969386538371e-14,2.19401581981677e-14,13.4935363878178,13.6587602452962,5.01851469292644,4.68021866783113,0.446463879713718,0.434982228744907,"TSS_more_sig"
0,"eld vs kin","91",0.00108367149848999,7.81041172288914e-08,2.96510234880748,7.10732607185051,-4.12435713303178,-4.43571664388817,0.557816036398623,0.573108737378011,"TSS_more_sig"
0,"eld vs kin","100",0.00289436148552312,2.35589268257909e-05,2.53844722948373,4.62784449674794,-3.55126910708444,-3.7667369646906,0.554155861280182,0.564154697043944,"TSS_more_sig"
0,"eld vs kin","102",0.0340023342324548,0.00302993773714898,1.46849126797311,2.51856629581798,-2.66932621010347,-2.99446412941401,0.521126900452437,0.539381808080032,"TSS_more_sig"
0,"eld vs kin","103",0.00157586518387166,0.00704625624414294,2.80248093938772,2.15204156731518,2.36551635593885,2.13559998539039,0.437602534424908,0.459074721090203,"CLR_more_sig"
0,"eld vs kin","110",0.0415114699227401,0.0325892292424241,1.38183188796496,1.48692591077513,-2.28206285079288,-2.51477061103351,0.490602596549652,0.529425528820992,"TSS_more_sig"
0,"eld vs kin","111",0.00112133515254072,4.33631924870905e-06,2.95026456301196,5.36287875164292,-3.06263007779297,-3.3402313439672,0.448216709957477,0.460186151113593,"TSS_more_sig"
0,"eld vs kin","115",0.0447756298470835,0.0126376076292608,1.34895829632898,1.89833513267928,-2.50859975953819,-2.81881753708796,0.546387759379584,0.565042214039187,"TSS_more_sig"
0,"eld vs kin","118",0.0379548607751077,0.00478598297386756,1.42073259730142,2.32002885072227,-2.0399746970951,-2.33730883257143,0.389391091982225,0.392437489529149,"TSS_more_sig"
0,"eld vs kin","119",1.75212491606604e-05,5.78068366862657e-06,4.75643493445545,5.23802079549753,2.55605394503446,2.28471648853328,0.308602899791398,0.316793812623053,"TSS_more_sig"
0,"eld vs kin","121",4.9980911675683e-13,4.23636231955207e-10,12.3011958263987,9.37300690346232,4.81616053020589,4.40432899355946,0.489326870107042,0.494166136670595,"CLR_more_sig"
0,"eld vs kin","124",0.000285051097718566,0.000969087045568021,3.54507728220871,3.01363721189452,2.72076007668129,2.36732713573944,0.440201633350579,0.425487715623871,"CLR_more_sig"
0,"eld vs kin","125",0.00341893809091027,0.00212150333638945,2.46610876320442,2.67335628090213,2.9894341601924,2.76783636610377,0.525971715338326,0.53669184061451,"TSS_more_sig"
0,"eld vs kin","128",0.0360146884173591,0.0100685311871637,1.44352033818861,1.99703388037351,-2.4908301928406,-2.75693422990962,0.55211119302162,0.584934867944191,"TSS_more_sig"
0,"eld vs kin","130",0.0325044649146049,0.00080053676731092,1.48805697887991,3.09661871686954,-3.07888830159014,-3.35247295222284,0.577758247278056,0.587998331920989,"TSS_more_sig"
0,"eld vs kin","133",0.0423310804924359,0.00435065583453762,1.37334064610398,2.36144527089552,-2.36801074818543,-2.60262578225278,0.457723941276211,0.496136076192655,"TSS_more_sig"
0,"eld vs kin","138",1.00831846079577e-08,5.02011756247675e-10,7.99640228145874,9.29928611230974,4.01282809059404,3.7006760014419,0.427609849880221,0.427975022485612,"TSS_more_sig"
0,"eld vs kin","139",0.00264402507529211,4.77162672528549e-06,2.5777344304234,5.32133353765245,-3.73149951406435,-4.03210601557846,0.538954462880145,0.534911924717827,"TSS_more_sig"
0,"eld vs kin","147",0.0361549374643294,0.0104955590978513,1.4418323853103,1.97899442162239,-2.68810848495825,-2.89588651884181,0.566967538364628,0.56764719324343,"TSS_more_sig"
0,"eld vs kin","151",3.02664794515833e-15,1.85719036668765e-12,14.5190380925443,11.7311435777009,5.47584100311845,5.24328438396815,0.471028548132638,0.482193233693275,"CLR_more_sig"
0,"eld vs kin","162",0.0440853175331838,0.00508201564923534,1.35570602676888,2.29396400194482,-2.61920226482291,-2.92452787689961,0.606721273234345,0.602689357468919,"TSS_more_sig"
0,"eld vs kin","163",0.0377139648394687,0.00224282148632227,1.42349780815688,2.64920529199458,-2.61542382242205,-3.0848467945475,0.57324463527815,0.574655321349792,"TSS_more_sig"
0,"eld vs kin","164",3.9688923666971e-06,7.6332760981161e-06,5.40133067866486,5.11728902875954,3.32067571151394,3.01468577763637,0.46986500950905,0.446445522130499,"CLR_more_sig"
0,"eld vs kin","169",0.00308778895128312,2.64149883353047e-05,2.51035239111656,4.57814957675875,-3.2748724921771,-3.584697780755,0.515103799056127,0.524120258683565,"TSS_more_sig"
0,"eld vs kin","172",0.0317227836006708,0.00162945941765369,1.49862871134906,2.787956451344,-2.66694451376627,-2.99430102704463,0.452652661769281,0.464875016595279,"TSS_more_sig"
0,"eld vs kin","181",0.035453324211804,0.00179566821760096,1.4503430377966,2.74577390406962,-2.3884270670141,-2.63911667490652,0.460317731167866,0.492733907333852,"TSS_more_sig"
0,"eld vs kin","206",0.0059627998399098,0.00754833516581172,2.22454976886685,2.12214882426878,2.95830196891448,2.57891895251599,0.541694672942199,0.560801411147496,"CLR_more_sig"
0,"eld vs kin","207",4.29195020584846e-08,4.65387754334368e-06,7.36734532525471,5.3321850484128,3.67792917738898,3.44262408450027,0.453082878210824,0.455275757401071,"CLR_more_sig"
0,"eld vs kin","222",0.000151948322492639,0.000170842967321518,3.8183040901626,3.7674028940459,3.53879726201711,3.07715023773672,0.514097319571416,0.504793842014232,"CLR_more_sig"
0,"eld vs kin","223",0.00633882811991578,0.0142751571862861,2.19799102415233,1.84541910096226,2.78120202877389,2.43128505917641,0.525525099396626,0.525704720231318,"CLR_more_sig"
0,"eld vs kin","246",0.000100585144751221,0.000354795712620121,3.99746615475681,3.45002163685799,3.10539434257445,2.82281095295212,0.484438279975825,0.479395975982984,"CLR_more_sig"
0,"eld vs kin","251",0.0348725705855029,0.00696312110185234,1.45751603799966,2.15719605155588,-2.6483799472863,-2.84122247948087,0.58340616929981,0.598630433265293,"TSS_more_sig"
0,"eld vs kin","252",0.0394319806398545,0.00539102832649452,1.40415140808133,2.26832838621849,-2.26981304628585,-2.59200675203118,0.477271436842823,0.478711891731053,"TSS_more_sig"
0,"eld vs kin","265",0.000320114992560585,0.00027117815739352,3.49469398523152,3.566745294545,2.90499628476182,2.63002413589177,0.491533669511238,0.471665202011093,"TSS_more_sig"
0,"eld vs kin","267",0.031690467633748,0.000448504203728373,1.49907135218686,3.34823348205695,-3.19464208454768,-3.29315985527091,0.60301838790065,0.597433208101942,"TSS_more_sig"
0,"eld vs kin","282",0.0115318827498718,0.000825887384902896,1.93809978193962,3.0830791675096,-2.87118524974146,-3.16513449524524,0.475387568970868,0.479091694568981,"TSS_more_sig"
0,"eld vs kin","294",0.00125613592640502,0.00142159714872833,2.90096336307207,2.84722345625846,2.74183023487343,2.43574148332067,0.444986299957873,0.437540491438682,"CLR_more_sig"
0,"eld vs kin","329",0.00118865365450445,0.000967601394337212,2.92494467006528,3.01430351448077,2.77335165921737,2.42833351097486,0.417033067561385,0.429949911625073,"TSS_more_sig"
0,"eld vs kin","344",1.29102377895029e-05,1.40679895846901e-05,4.88906575853002,4.85176796188718,3.24844117508511,2.89773726657077,0.413623466875503,0.418570352803507,"CLR_more_sig"
0,"eld vs kin","435",0.024201845511438,0.00827841577645386,1.61615151563635,2.08205276531324,2.93760480839881,2.58044668631786,0.573039849969901,0.561742442228161,"TSS_more_sig"
0,"eld vs kin","473",0.00261445744024568,0.00415812598483449,2.58261842349082,2.38110235634906,-2.66456042929613,-2.86875624076875,0.525824602114145,0.526267734857478,"CLR_more_sig"
0,"eld vs kin","614",0.00408463603833115,0.000448235886297272,2.38884663523596,3.34849337627713,-2.76422961943949,-3.0657898558219,0.495080505326044,0.493455771863594,"TSS_more_sig"
0,"eld vs kin","616",0.0313652341970353,0.0005638078977513,1.5035514653369,3.24886884487842,-2.52936098593557,-2.74797901176337,0.41242827449411,0.437220747240403,"TSS_more_sig"
0,"eld vs kin","652",0.0276921726019218,0.0140381184377896,1.55764297014783,1.85269109782198,2.0671262741521,1.76903412256109,0.364239403044901,0.364663527634276,"TSS_more_sig"
0,"eld vs kin","666",5.03503951416629e-06,4.59163559535236e-09,5.29799711682495,8.33803258602982,-3.74901649618769,-4.01761197808614,0.412009385181993,0.423269102100588,"TSS_more_sig"
0,"eld vs kin","667",0.0129497941249204,0.0402274551626325,1.88773713591645,1.39547744055287,2.63804914952294,2.32747009559212,0.566685243217408,0.564732767556942,"CLR_more_sig"
0,"eld vs kin","670",0.0134458669029461,0.00677587672414722,1.87141119202538,2.16903450387417,2.3350606607272,1.9530072382226,0.441666483416079,0.431938167992865,"TSS_more_sig"
0,"eld vs kin","728",2.15852609090984e-13,7.78922832292997e-14,12.6658426974966,13.1085055656514,4.26891749895286,3.92952125786662,0.390818565963495,0.373757778563308,"TSS_more_sig"
0,"eld vs kin","744",0.00308253728884361,1.71899501593587e-05,2.51109166112605,4.76472538250706,-3.4845969790316,-3.72112696918436,0.514767906697825,0.517429790433124,"TSS_more_sig"
0,"eld vs kin","770",0.0319452602647955,0.000609974188259941,1.49559356922838,3.21468854225719,-2.51520213694404,-2.73052344252595,0.412548343148363,0.43911312396799,"TSS_more_sig"
0,"eld vs kin","786",0.000720139485428169,1.77260573023546e-06,3.14258337595115,5.75138785110209,-3.58075100804747,-3.96486051368264,0.485535103467023,0.504945637624431,"TSS_more_sig"
0,"eld vs kin","849",0.0312081141466015,0.000253813041221755,1.5057324742206,3.59548606709105,-2.66289583177654,-2.94456984948931,0.396678857343208,0.442639412789962,"TSS_more_sig"
0,"eld vs kin","854",2.30671591856322e-06,8.05165962537967e-05,5.63700588731556,4.09411459269345,3.40108541584888,3.19071338960382,0.47336094349309,0.468508832851301,"CLR_more_sig"
0,"eld vs kin","879",0.0314009119906601,0.000585085499025837,1.50305773833572,3.23278066547004,-2.49123925715612,-2.73770998849528,0.406415731533505,0.408782026572744,"TSS_more_sig"
0,"eld vs kin","886",2.56463551983264e-11,9.79055012982621e-10,10.5909743471108,9.00919290455689,4.70449385554592,4.5209906169339,0.51220367256328,0.531713960340468,"CLR_more_sig"
0,"eld vs kin","888",0.00026903663860162,7.03278301471222e-05,3.57018857182295,4.15287278184251,2.89744864292084,2.68885106219713,0.433701173987067,0.453625201477506,"TSS_more_sig"
0,"eld vs kin","891",0.0313969683524816,0.00344314609908878,1.50311228477239,2.46304454898226,-3.13325870826135,-3.50451102971739,0.562396983886525,0.575334714103489,"TSS_more_sig"
0,"eld vs kin","895",0.0314277687401704,0.000286563139735047,1.50268645125189,3.54277967311238,-2.92653109282454,-3.29559282746537,0.49411712550024,0.508330307603855,"TSS_more_sig"
0,"eld vs kin","914",0.0416917279914771,0.00103399847098859,1.37995010435533,2.98548010344876,-2.72686481447898,-3.05470425648442,0.551784750613688,0.555422269794527,"TSS_more_sig"
0,"eld vs kin","922",0.0132622666480232,0.0298111391452437,1.87738224451322,1.52562142836049,2.35109103190499,2.07976069575086,0.461894784918733,0.4841027733698,"CLR_more_sig"
0,"eld vs kin","926",0.00261997079696819,0.0138340310755543,2.58170354943837,1.8590512530952,2.27524943510483,2.00921090575317,0.427386649406521,0.422216884822294,"CLR_more_sig"
0,"eld vs kin","935",0.0459580745147757,0.00536065280236685,1.3376381750474,2.27078232015748,-2.35829928675175,-2.59812487594822,0.542306648165319,0.539715852724747,"TSS_more_sig"
0,"eld vs kin","944",0.000725554826523825,0.000712887132317055,3.13932976453968,3.14697922427443,2.12276967044341,1.8190711667121,0.297702189213727,0.292614036586046,"TSS_more_sig"
0,"eld vs kin","947",4.00822980741448e-10,1.68299965428963e-09,9.3970473866341,8.77391597323399,4.4281376221237,4.04300012844477,0.436865254042677,0.434875443311018,"CLR_more_sig"
0,"eld vs kin","977",0.029425892114445,0.0427999033110044,1.53127036163635,1.36855721209768,2.31587353250064,2.15195188881622,0.52278231116485,0.516549595360402,"CLR_more_sig"
0,"eld vs kin","978",2.10180176657574e-25,4.6848480430751e-23,24.6774082472717,22.3293044912488,6.21635644842288,5.95492667784071,0.412727801458889,0.417549166258418,"CLR_more_sig"
0,"eld vs kin","984",1.32815473867463e-15,9.83745203468627e-15,14.8767513238854,14.0071173721548,5.1498801842515,4.73866471383086,0.436156978633206,0.418931379318378,"CLR_more_sig"
0,"eld vs kin","988",4.26535953849208e-05,0.000187380563164262,4.37004435511733,3.72727546013072,3.25307314282987,2.9915491447123,0.525622427534748,0.523127855860803,"CLR_more_sig"
0,"eld vs kin","991",0.0122263353732924,7.29100983361315e-05,1.91270369551069,4.1372123160177,-3.5491203891573,-3.90269743430089,0.567674553153351,0.56993188145248,"TSS_more_sig"
0,"eld vs kin","1014",6.03178221840887e-05,1.61130351266942e-08,4.21955434735226,7.79282264613435,-4.22084181302545,-4.455431080298,0.52326792844521,0.521200725446695,"TSS_more_sig"
0,"eld vs kin","1019",0.0117218057901648,0.019676355179038,1.93100547839532,1.70605534656686,2.04337618264767,1.82850540900642,0.412065992430792,0.429463539739013,"CLR_more_sig"
0,"eld vs kin","1020",0.0218419279095984,0.00776446098954886,1.66070903064005,2.10988868769971,2.49111008675325,2.18371629549864,0.423397439929316,0.416945573984008,"TSS_more_sig"
0,"eld vs kin","1021",0.00096354469833537,6.09902463977624e-06,3.016128133847,5.21473961210922,-3.66338378331478,-3.92706599670053,0.546285357197932,0.548528294811046,"TSS_more_sig"
0,"eld vs kin","1023",0.012227650122242,0.0421866713635284,1.91265699652049,1.37482474021379,2.17885115947498,1.82643025708833,0.476107314870604,0.475852122196789,"CLR_more_sig"
0,"eld vs kin","1027",0.00517122154648961,0.0279236006012949,2.28640685569982,1.554028582451,2.70111838736243,2.27337753381369,0.510209139825221,0.501512888549777,"CLR_more_sig"
0,"eld vs kin","1030",1.44926503142959e-10,4.61601469159252e-07,9.83885218653554,6.33573281760202,4.23330570311522,3.97275370456424,0.449928238701538,0.4521470970892,"CLR_more_sig"
0,"eld vs kin","1043",0.00162595252461138,0.00239390669670475,2.78889213930795,2.62089278036901,2.52907779813529,2.14647905438165,0.41532618270861,0.413034260198831,"CLR_more_sig"
0,"eld vs kin","1047",0.040058703338042,0.0143252816025057,1.39730311251242,1.84389683203337,-1.57456223920995,-1.86195583933914,0.273516464321995,0.290255176096626,"TSS_more_sig"
0,"eld vs kin","1059",0.00603397194088358,0.0233054465503338,2.21939671370822,1.63254257123438,2.86120516983622,2.51528162940364,0.577232415947857,0.601657870376319,"CLR_more_sig"
0,"eld vs kin","1074",3.55714925400649e-15,1.32291944353555e-16,14.4488979119209,15.8784666004785,5.11978580464595,4.90160053639395,0.394597017865824,0.388420952786204,"TSS_more_sig"
0,"eld vs kin","1076",4.98239910873265e-13,1.24525684292295e-12,12.3025614867999,11.9047410630583,4.72514801887792,4.39231218703266,0.44016714085673,0.435613215247541,"CLR_more_sig"
0,"eld vs kin","1079",0.0348708576515923,0.00435805626069969,1.45753737098441,2.36070716749185,-2.28862258308892,-2.58284984146807,0.479933372338535,0.499059895290017,"TSS_more_sig"
0,"eld vs kin","1082",0.000389372119326314,0.00213760715725484,3.40963514900559,2.67007210507324,3.07868034643461,2.82257459171011,0.499034005866665,0.498554928093617,"CLR_more_sig"
0,"eld vs kin","1089",3.92618730232158e-10,9.78707189188338e-11,9.40602898583016,10.0093472215173,3.09143096497099,2.82236985343018,0.280822782183754,0.288954203865327,"TSS_more_sig"
0,"eld vs kin","1098",3.46364242717894e-27,2.69835183719389e-24,26.4604669491947,23.5689014234597,7.06772982031954,6.77052494274444,0.442991940470718,0.441064341319124,"CLR_more_sig"
0,"eld vs kin","1104",0.031290564389918,0.000265044412115514,1.50458660338572,3.57668134749483,-2.6697068749158,-2.98247594451843,0.465767427067325,0.469148207999725,"TSS_more_sig"
0,"eld vs kin","1105",3.39225897574615e-08,1.41313646991259e-09,7.46951099973957,8.84981589528657,-4.47115906862871,-4.77031951237893,0.504018995565914,0.51537057421899,"TSS_more_sig"
0,"eld vs kin","1108",0.00017971643898904,0.00255382454086204,3.74541219536908,2.59280894401584,2.57907564907041,2.27859830279215,0.431288469286611,0.436503067952303,"CLR_more_sig"
0,"eld vs kin","1112",0.00319677367533644,0.000360592229253044,2.49528810975016,3.44298363654009,-3.4189991989323,-3.7870443080496,0.523859486379903,0.535945454454933,"TSS_more_sig"
0.1,"cent vs mage","4",1.99438150264196e-13,4.80504319620362e-09,12.7001917624514,8.31830270377305,2.20329228480422,1.99047781405832,0.199229621690764,0.182738325285648,"CLR_more_sig"
0.1,"cent vs mage","7",5.63882243855046e-14,2.305794157797e-11,13.2488115807392,10.6371794655249,4.15663848871061,3.94414984285947,0.418340648903625,0.415412825807054,"CLR_more_sig"
0.1,"cent vs mage","8",3.57910802585351e-07,0.00012350400652131,6.44622519338868,3.90831895348227,2.27932915943918,2.06045256601453,0.309420250023837,0.31381424131166,"CLR_more_sig"
0.1,"cent vs mage","9",5.22191923825038e-07,0.000539891736686487,6.28216984922189,3.26769331957251,2.0148841207208,1.80441754163778,0.263431716292743,0.273354345979684,"CLR_more_sig"
0.1,"cent vs mage","10",0.00153178656295065,0.0329167184196239,2.81480174448829,1.48258346760579,1.97963642632259,1.77322040379849,0.402863412823679,0.412022912616505,"CLR_more_sig"
0.1,"cent vs mage","11",7.96660528657164e-07,0.000120080370028983,6.09872669985595,3.92052798247949,2.22079317300703,1.99750690013463,0.310724729439387,0.296430519869186,"CLR_more_sig"
0.1,"cent vs mage","14",6.10287177221343e-13,3.70300048167407e-09,12.2144657549337,8.43144623145896,2.70258252121128,2.48970810087816,0.263611795831971,0.259254591367096,"CLR_more_sig"
0.1,"cent vs mage","16",4.46680446415239e-05,0.0161265785085249,4.35000305849711,1.79245776481735,1.56974652435378,1.35430712700346,0.229840332628179,0.229705199859766,"CLR_more_sig"
0.1,"cent vs mage","19",1.15151510614111e-07,5.20293147041014e-05,6.93873036037392,4.28375189430745,2.50432012183731,2.29883043355655,0.335234679203649,0.345539629303852,"CLR_more_sig"
0.1,"cent vs mage","20",8.29563557900383e-13,6.4851222778819e-09,12.0811503344281,8.18808183081988,2.68226913088428,2.46789828490593,0.265303385251897,0.268752183602823,"CLR_more_sig"
0.1,"cent vs mage","21",3.78763120085795e-14,1.91419893847748e-10,13.4216323145763,9.71801292894513,2.85807635956641,2.65183904545479,0.26433008619247,0.261597974649728,"CLR_more_sig"
0.1,"cent vs mage","22",0.00988066436506376,0.024922497448762,2.00521385294469,1.60340843978695,-1.60671006471604,-1.81806818907337,0.326683353175644,0.321571498677494,"CLR_more_sig"
0.1,"cent vs mage","23",3.29039747822444e-08,7.14395020048732e-05,7.48275163634402,4.14606158151718,2.13823958406403,1.92574493835968,0.261339664165243,0.267521253800418,"CLR_more_sig"
0.1,"cent vs mage","24",2.1713566294966e-11,2.00618765994872e-10,10.6632688409847,9.69762844525961,4.48121276288268,4.28994495745493,0.482318681483664,0.489952698263635,"CLR_more_sig"
0.1,"cent vs mage","26",5.12561929801481e-10,1.77186517612859e-07,9.29025365388947,6.75156932730846,3.07503829906515,2.87043401981882,0.371583577039521,0.373568567756128,"CLR_more_sig"
0.1,"cent vs mage","28",0.00184253540181883,0.0129415934775152,2.73458415900928,1.88801224639643,2.21800909466039,2.05165079780999,0.45622531401814,0.45384469132922,"CLR_more_sig"
0.1,"cent vs mage","30",9.61517506532079e-06,0.00447594965898324,5.0170428040713,2.34911480662732,1.69236222031568,1.482856783455,0.237851625802993,0.238908092418797,"CLR_more_sig"
0.1,"cent vs mage","32",2.68469705625682e-10,3.78114162729592e-06,9.57110471339786,5.42237705530047,2.1498546423616,1.94019809378452,0.227105955948366,0.230877647946608,"CLR_more_sig"
0.1,"cent vs mage","36",1.64736339601777e-07,0.000527970476019864,6.78321058815451,3.2773903624286,1.7345683004097,1.52380747253358,0.204403507670716,0.203598253718101,"CLR_more_sig"
0.1,"cent vs mage","37",0.000297563233627128,0.0120675496554857,3.52642073044898,1.91838090547309,1.90195013932284,1.6869363173372,0.339363486209491,0.335873736485346,"CLR_more_sig"
0.1,"cent vs mage","39",4.67967477470568e-10,1.58836100752607e-08,9.32978432822045,7.79905078291772,3.61167982153913,3.35839692258784,0.427618801501892,0.416994581577764,"CLR_more_sig"
0.1,"cent vs mage","42",3.72015102119439e-10,6.83621471845973e-08,9.42943942938152,7.16518430499493,3.4372035583323,3.24788420166293,0.411291571880724,0.41511279551672,"CLR_more_sig"
0.1,"cent vs mage","44",0.00011552635959029,0.00856213885640537,3.93731891171568,2.06741773327797,1.81346318717125,1.59654515653961,0.292182440933194,0.300606669744704,"CLR_more_sig"
0.1,"cent vs mage","47",0.00124884431371911,0.00668550118373717,2.9034916992616,2.1748660299618,2.49767235574812,2.27495417621293,0.4944787257016,0.498235040215523,"CLR_more_sig"
0.1,"cent vs mage","51",0.00758503859727301,0.0317350442738387,2.12004220491812,1.49846089146156,-1.78928031521297,-2.00501705100512,0.37344708416779,0.388858935254101,"CLR_more_sig"
0.1,"cent vs mage","52",0.000276442650697934,0.0185873973544068,3.55839495140714,1.73078141677734,1.75962405094808,1.55330666034632,0.301309960790415,0.303985778115774,"CLR_more_sig"
0.1,"cent vs mage","55",2.09769662082107e-06,7.08725212802125e-05,5.67825732140007,4.1495221169971,2.48273560922809,2.27256343834075,0.367300826269392,0.35854056574671,"CLR_more_sig"
0.1,"cent vs mage","56",2.67394906177887e-08,5.96139832282923e-07,7.57284687022253,6.22465185894098,3.00890167975435,2.79450785311827,0.364141403475598,0.37303243424006,"CLR_more_sig"
0.1,"cent vs mage","57",0.00638929001862712,0.0232198166411392,2.19454739819893,1.63414121405721,-2.01387479357699,-2.1658870359855,0.429954201575686,0.449839193833156,"CLR_more_sig"
0.1,"cent vs mage","61",1.09866411909206e-05,0.00279028865288656,4.9591350587324,2.5543508670234,1.88108472892284,1.66040745956594,0.282326315874673,0.282021515457212,"CLR_more_sig"
0.1,"cent vs mage","69",1.01102236585363e-06,7.06396398529026e-05,5.99523923683296,4.15095152361927,2.7181841675197,2.47317955107303,0.400461718163241,0.388521100814819,"CLR_more_sig"
0.1,"cent vs mage","90",3.67288677809196e-08,1.39137474372074e-05,7.43499245918745,4.85655588423427,2.35930964054833,2.14291610491238,0.294995988235483,0.281550415442694,"CLR_more_sig"
0.1,"cent vs mage","92",3.93260486272429e-07,0.000458834043089527,6.40531968810828,3.33834436719309,1.92977090721796,1.71131128739903,0.246994345927264,0.240381918535347,"CLR_more_sig"
0.1,"cent vs mage","95",0.000111205693289032,0.00698910335131339,3.95387297803529,2.1555785373523,2.12252533256182,1.87296138275161,0.372694303263032,0.370149541987747,"CLR_more_sig"
0.1,"cent vs mage","100",0.00256637671136339,0.0113872883976456,2.59067959439198,1.94357968014748,-2.71130294176423,-2.92306671667793,0.568749911637495,0.574242565337931,"CLR_more_sig"
0.1,"cent vs mage","106",5.7457803369325e-09,3.41355836028226e-07,8.24065098124724,6.46679266778465,2.74053086379139,2.52620728962427,0.32562022258785,0.336965118658507,"CLR_more_sig"
0.1,"cent vs mage","114",9.23197048394693e-09,1.17868154492792e-06,8.03470559269349,5.9286035163317,-3.7361072372587,-3.9117273282737,0.465992743327822,0.495971445603328,"CLR_more_sig"
0.1,"cent vs mage","119",2.42500736044134e-06,0.00115478785185745,5.61528693887854,2.93749779346037,1.85391679577513,1.65145001095197,0.248829112977551,0.237685238527968,"CLR_more_sig"
0.1,"cent vs mage","120",0.0013029686907272,0.0220292421645136,2.88506601990351,1.65700044290511,2.29750725569962,2.10706064087021,0.481138218147519,0.496143682996598,"CLR_more_sig"
0.1,"cent vs mage","132",1.54600224983037e-10,3.95718781238489e-10,9.81078987840721,9.40261333716214,-4.27726540619936,-4.6483318540017,0.477808485217669,0.488880862193579,"CLR_more_sig"
0.1,"cent vs mage","141",0.00608346115965818,0.0320028086381465,2.21584926039003,1.49481190535128,2.43095405103148,2.19696036026187,0.545080151062258,0.556845672182926,"CLR_more_sig"
0.1,"cent vs mage","142",1.61724965559103e-06,4.96079457093858e-06,5.79122293267468,5.30444875694991,3.59733855296525,3.44882247606033,0.536110915107058,0.528540716649017,"CLR_more_sig"
0.1,"cent vs mage","143",2.09841201937825e-10,9.17492312217198e-10,9.67810923483921,9.03739756606839,-3.80108992891011,-3.96013608733056,0.441360765178104,0.44147957848584,"CLR_more_sig"
0.1,"cent vs mage","146",0.00332178784949106,0.013466855842618,2.47862810780801,1.87073378880499,-1.96114185304769,-2.16630889735541,0.39854350758308,0.422704646516297,"CLR_more_sig"
0.1,"cent vs mage","148",0.00123234810493338,0.0017008310208454,2.90926659842358,2.76933883180765,-2.60444984825092,-2.82405056164463,0.477871809572855,0.506111156708293,"CLR_more_sig"
0.1,"cent vs mage","155",0.000459870748328628,0.0303549488639102,3.3373642143518,1.51777049440494,2.6811877617129,2.4343263253846,0.474305663272961,0.475248877186403,"CLR_more_sig"
0.1,"cent vs mage","168",8.46913936660826e-07,2.80501506953077e-07,6.07216072040406,6.55206480121834,3.56721190458418,3.38085006145727,0.454130071000219,0.430934825900304,"TSS_more_sig"
0.1,"cent vs mage","169",0.000872803154477697,0.00110284441367736,3.05908369279348,2.9574857523354,-2.35450798569332,-2.63696210477922,0.412990828443558,0.444494744844276,"CLR_more_sig"
0.1,"cent vs mage","191",0.00610448471944984,0.00977556663726647,2.21435098904,2.00985805947627,-2.07362876568258,-2.22591709718193,0.464699659119464,0.456167563994335,"CLR_more_sig"
0.1,"cent vs mage","210",1.74304555164428e-10,2.84823066752186e-10,9.75869126316582,9.54542484172925,-4.27988446443218,-4.55538684923792,0.461256885648018,0.461555694457355,"CLR_more_sig"
0.1,"cent vs mage","212",1.45876390366124e-05,0.0315038077316689,4.83601499161182,1.50163695170526,2.40250798999008,2.14898322873764,0.374422285395955,0.370482187284069,"CLR_more_sig"
0.1,"cent vs mage","219",1.20374565706772e-08,1.42928027066707e-06,7.91946526673339,5.84488260111162,-3.8382035493059,-4.03549290157863,0.459465689010705,0.463106027336494,"CLR_more_sig"
0.1,"cent vs mage","287",0.015654496863935,0.0263918433032602,1.80536088606227,1.57853027599907,-1.96287391272833,-2.15423221192381,0.434255074795208,0.455772474040584,"CLR_more_sig"
0.1,"cent vs mage","289",0.00400600931670366,0.00155885830506275,2.39728804501042,2.80719335891382,-2.48988689745518,-2.6746526144429,0.469777138338727,0.488074832428425,"TSS_more_sig"
0.1,"cent vs mage","294",4.79230493569077e-06,0.00150752287741051,5.31945555546131,2.82173608850273,2.92080672197453,2.65791260303828,0.397270545828543,0.388165887913916,"CLR_more_sig"
0.1,"cent vs mage","353",8.02753551240588e-05,4.81903671226158e-06,4.09541776451477,5.31703976515513,-3.14877188255598,-3.39420759770587,0.44154361578867,0.448304534349876,"TSS_more_sig"
0.1,"cent vs mage","363",0.0100274143686924,0.015193810948617,1.9988110380836,1.81833328167553,-2.01922105866637,-2.11941741074102,0.435356679261778,0.437681099401976,"CLR_more_sig"
0.1,"cent vs mage","401",0.0316566456082452,0.0424606118938046,1.49953510561418,1.37201375156926,-1.98404220478516,-2.08107545550258,0.436625775249753,0.440810886367261,"CLR_more_sig"
0.1,"cent vs mage","528",0.0457303569311278,0.0346073533038985,1.3397954088836,1.46083161334571,-1.94295178781448,-2.0606205980345,0.417755195027874,0.422182232344006,"TSS_more_sig"
0.1,"cent vs mage","531",0.0160554599780464,0.0129301490387615,1.79437724767669,1.88839646921561,-2.06373515872446,-2.30697637810433,0.454507636015177,0.47066470874715,"TSS_more_sig"
0.1,"cent vs mage","546",0.005633977113345,0.0137245169091814,2.24918492156185,1.86250293338929,-2.09865029725701,-2.36334343935509,0.422971562419019,0.441917579905047,"CLR_more_sig"
0.1,"cent vs mage","652",4.01490995796228e-07,6.2831973696568e-05,6.3963241901608,4.20181929788289,2.31132549496677,2.20189763763392,0.303353747425201,0.310388969004444,"CLR_more_sig"
0.1,"cent vs mage","671",2.30996718587445e-06,6.66603175861623e-05,5.636394189413,4.17613262158474,2.56540089150981,2.32957676622087,0.359235898026255,0.359622801587612,"CLR_more_sig"
0.1,"cent vs mage","675",3.49924710119679e-05,0.000148051186534122,4.4560253884982,3.82958810767247,-2.97470459789212,-3.15381365826337,0.461858776355727,0.479404335623006,"CLR_more_sig"
0.1,"cent vs mage","728",1.77977369659889e-08,3.60717360741348e-06,7.7496352159869,5.44283295528982,2.54057684518099,2.31422496799502,0.309595093094529,0.3073693026976,"CLR_more_sig"
0.1,"cent vs mage","737",0.0162256929808071,0.010286887776184,1.78979674591042,1.98771599803356,-2.04842893098305,-2.29461514648461,0.462689598716178,0.48025493131368,"TSS_more_sig"
0.1,"cent vs mage","762",2.83744341410711e-06,0.00287726077707513,5.54707279065735,2.541020774567,2.5515196341871,2.33558765762381,0.384658748636096,0.39123770255284,"CLR_more_sig"
0.1,"cent vs mage","769",0.0168540911922432,0.0233280174110207,1.77329466057611,1.63212216922343,-2.01732823085115,-2.18787220506367,0.437144683524099,0.456932962243694,"CLR_more_sig"
0.1,"cent vs mage","770",0.000185938716457393,0.00120335347426919,3.7306301713194,2.91960678381891,-2.07249102439326,-2.25648931190942,0.328920736610006,0.352480887594029,"CLR_more_sig"
0.1,"cent vs mage","788",0.000989266220270978,0.0177340984497744,3.0046868201962,1.75119088490505,2.50460408397973,2.35920060191541,0.518233320888749,0.535185765520785,"CLR_more_sig"
0.1,"cent vs mage","798",0.000598168134650028,0.00598226669501333,3.22317672623325,2.22313422962118,2.24164958354143,2.00803441108086,0.408475990612696,0.439450818035444,"CLR_more_sig"
0.1,"cent vs mage","814",0.00981699451348077,0.0266225027757261,2.00802145172373,1.57475111901183,2.27125304745567,1.97263836625155,0.466629045222385,0.478284076258834,"CLR_more_sig"
0.1,"cent vs mage","816",0.0228698470152643,0.0488950164500491,1.64073674053749,1.31073540342317,-1.73284882287512,-1.88485185220256,0.396467337770987,0.417621411986846,"CLR_more_sig"
0.1,"cent vs mage","825",0.00294143423022742,0.030098143525626,2.53144085788971,1.521460291165,1.85318984740673,1.68290445817951,0.364684818361561,0.365412940332316,"CLR_more_sig"
0.1,"cent vs mage","829",1.83199811937128e-06,0.00010760668120007,5.73707497649082,3.96816076288671,2.58398538863871,2.38273661596267,0.38326859831394,0.398359791780379,"CLR_more_sig"
0.1,"cent vs mage","834",0.000122563176252157,0.00459053192690122,3.91163999272689,2.33813698776706,2.25790125905305,2.02506569574015,0.405578373239492,0.401041586294517,"CLR_more_sig"
0.1,"cent vs mage","848",1.99099214787261e-05,0.000338657590220388,4.70093045275126,3.47023918625018,2.34224798568372,2.22243106209207,0.322476909275901,0.340524667981911,"CLR_more_sig"
0.1,"cent vs mage","849",0.00693454675732763,0.0267583771220817,2.15898191919404,1.5725402297793,-1.84843882931024,-2.03502968917304,0.381509406345962,0.411453678176223,"CLR_more_sig"
0.1,"cent vs mage","854",3.76188280866704e-07,3.89783409436933e-05,6.4245947378505,4.40917664993704,3.38467603919736,3.20027671164255,0.463868433595132,0.459414341912423,"CLR_more_sig"
0.1,"cent vs mage","857",1.62447957381572e-06,0.000178161740395184,5.78928574509763,3.74918555349348,2.51072617841156,2.29867803411584,0.330149464494765,0.338435279945895,"CLR_more_sig"
0.1,"cent vs mage","884",0.0235195856506474,0.0294171905794401,1.62857033358325,1.53139880591532,-1.75179586642265,-1.98020120513632,0.39851039343934,0.401250868555739,"CLR_more_sig"
0.1,"cent vs mage","886",1.21485342747812e-05,0.000941445581844995,4.91547611669722,3.02620477834244,3.18656514716242,2.96590277638431,0.526904747286693,0.532323523520197,"CLR_more_sig"
0.1,"cent vs mage","912",0.0350448038698763,0.047786263041683,1.45537636622599,1.32069693063913,-2.18506171558844,-2.41737997231198,0.451357391195262,0.467207761186027,"CLR_more_sig"
0.1,"cent vs mage","917",0.00718719545811175,0.00969649653515913,2.14344054420335,2.01338515339248,-2.29612466786634,-2.56183391854319,0.475939499679977,0.493345706546797,"CLR_more_sig"
0.1,"cent vs mage","921",4.12566925166764e-09,2.23303139861945e-07,8.38450559166419,6.65110517027774,-3.82642188274621,-4.00410279421293,0.465627016577723,0.466343078392773,"CLR_more_sig"
0.1,"cent vs mage","944",0.000724236306553123,0.0214241827303599,3.14011970743885,1.66909573614757,1.70318168746006,1.47467269791931,0.295372179452485,0.28241277114128,"CLR_more_sig"
0.1,"cent vs mage","947",0.000121643805662265,0.000890959743933286,3.91491000128467,3.05014191816581,2.57081119089009,2.31058760352736,0.414242758308702,0.423826315464057,"CLR_more_sig"
0.1,"cent vs mage","966",0.00851113722613939,0.00942440415337814,2.07001240724331,2.02574609800069,-2.41115400182838,-2.48624328152219,0.531342097601229,0.526472003559197,"CLR_more_sig"
0.1,"cent vs mage","978",1.28346792200502e-06,7.96948259993054e-06,5.89161498127404,5.09856987324493,3.35210555093452,3.10494373356081,0.446196564185474,0.451344786446542,"CLR_more_sig"
0.1,"cent vs mage","984",0.000341851642747155,0.00339109151067409,3.46616232878337,2.46966049036212,2.86207122769477,2.42894694007925,0.403762505599239,0.424260871511138,"CLR_more_sig"
0.1,"cent vs mage","989",6.91658903885838e-05,0.000904746600773236,4.16010802791511,3.04347303990608,2.39922044095928,2.17024391380108,0.369053289776288,0.385185895478995,"CLR_more_sig"
0.1,"cent vs mage","1004",0.0127581399417028,0.00716123926225579,1.89421263846272,2.14501181593403,-2.35047353998393,-2.4746724930687,0.459677665999882,0.459127659695176,"TSS_more_sig"
0.1,"cent vs mage","1017",0.000523612706687457,0.00282432843363539,3.28098982282165,2.54908480173434,2.23920508275656,2.11841804393845,0.384729749750897,0.394091011390456,"CLR_more_sig"
0.1,"cent vs mage","1019",2.11426229706117e-05,5.44952622380001e-05,4.67484113476755,4.26364125319735,-2.64610900861735,-2.82082558089142,0.40554982192712,0.387904878455128,"CLR_more_sig"
0.1,"cent vs mage","1030",0.000136823015978715,0.00203867660459112,3.86384084068769,2.69065166092155,2.48050324709587,2.21286917362106,0.421856349007991,0.411561356514448,"CLR_more_sig"
0.1,"cent vs mage","1040",0.0414043139810871,0.0224102693807934,1.38295440669132,1.64955292303259,-1.72628641974325,-2.10815911311081,0.435746466216551,0.44744511979013,"TSS_more_sig"
0.1,"cent vs mage","1043",8.29987052294127e-10,6.55440968802161e-05,9.08092868251679,4.18346641622091,2.80387872716643,2.57471631260786,0.315907360941519,0.326663358432186,"CLR_more_sig"
0.1,"cent vs mage","1058",0.0010485424774585,0.00250855985075466,2.97941397115747,2.60057553284934,-2.53914051705011,-2.78074832986048,0.455563073930212,0.457532794001157,"CLR_more_sig"
0.1,"cent vs mage","1074",7.92316825026139e-09,4.8452984159108e-08,8.1011011216344,7.31467947013183,3.33859342912646,3.09739155054497,0.373212413316284,0.379199159590418,"CLR_more_sig"
0.1,"cent vs mage","1076",7.63526795684905e-05,0.013343748191295,4.11717571693907,1.87472216216219,2.61299157126808,2.34799732720497,0.437617840468817,0.417072786862509,"CLR_more_sig"
0.1,"cent vs mage","1079",0.00348449461028114,0.0112447287183938,2.45786020289813,1.9490510175539,-2.03111616679744,-2.25383267426114,0.406546375059385,0.424187087094559,"CLR_more_sig"
0.1,"cent vs mage","1087",1.89953010989826e-08,1.79324157101278e-06,7.72135381795078,5.74636120185388,3.90630126476969,3.71680398339409,0.488239285184593,0.499210750488919,"CLR_more_sig"
0.1,"cent vs mage","1089",0.000138665694998065,0.0170947028015788,3.85803096730295,1.76713844518949,1.65739839201116,1.44483434562138,0.266545396800668,0.262315757929672,"CLR_more_sig"
0.1,"cent vs mage","1090",0.00198636102102318,0.0377902074986823,2.70194181566485,1.42262072344987,1.64575878402159,1.45527737444843,0.314485220114255,0.317236780522009,"CLR_more_sig"
0.1,"cent vs mage","1091",0.000598177915363264,0.00815461167755678,3.22316962509427,2.08859671522575,2.61578120913286,2.45049291048318,0.48042375194415,0.487613616127821,"CLR_more_sig"
0.1,"cent vs mage","1098",9.74330009810056e-15,9.62372576132174e-11,14.0112939207754,10.0166567611921,4.51005639077321,4.26646494927081,0.440431683062687,0.438944509047078,"CLR_more_sig"
0.1,"cent vs mage","1104",0.00117376971235575,0.00515383756438436,2.9304171010982,2.287869273407,-2.38106832231329,-2.56477018308402,0.434248368694614,0.447661488303422,"CLR_more_sig"
0.1,"eld vs kin","3",9.26213966634393e-12,2.32522334719931e-14,11.0332886744472,13.6335353250117,-4.63986810047467,-4.69937164349417,0.432115736586855,0.446303653535768,"TSS_more_sig"
0.1,"eld vs kin","4",1.26702698810924e-09,5.18127095772144e-11,8.89721413439668,10.2855636954245,2.58995355949004,2.51735180206027,0.227735232143741,0.220750271186808,"TSS_more_sig"
0.1,"eld vs kin","5",0.000337549412070453,1.54924024749943e-06,3.47166264411059,5.80988122906275,-2.6805042005327,-2.74552878664266,0.385673886988024,0.38552244032913,"TSS_more_sig"
0.1,"eld vs kin","7",4.63799206647902e-29,1.95550532542176e-27,28.3336699985802,26.7087409969974,7.64562989479478,7.56936366286831,0.463899539407495,0.463297537603721,"CLR_more_sig"
0.1,"eld vs kin","8",0.00658401490854104,0.00447485924693763,2.18150919439819,2.34922062051336,2.10235311582684,2.03998033821989,0.382914744836015,0.396064043454262,"TSS_more_sig"
0.1,"eld vs kin","10",0.00682838856197353,0.000164972291639385,2.16568177380223,3.78258899274747,-2.59768638942996,-2.68792567148852,0.480043760521966,0.473129323791731,"TSS_more_sig"
0.1,"eld vs kin","11",1.93650101496079e-09,8.7925728411413e-10,8.71298227105499,9.05588402512934,3.294874782462,3.22379046762929,0.351782908514966,0.350460648630443,"TSS_more_sig"
0.1,"eld vs kin","12",0.048993550223735,0.00145781458531949,1.30986108908597,2.83629770900379,-1.87465326139727,-1.94350533318618,0.378882850021628,0.368773993927801,"TSS_more_sig"
0.1,"eld vs kin","14",1.26150425603702e-09,1.78009566124631e-10,8.89911127993018,9.74955665834556,2.92867249932128,2.84462903737798,0.279965230267702,0.276008707635131,"TSS_more_sig"
0.1,"eld vs kin","15",3.27178048885154e-05,7.02979839363725e-06,4.48521584182176,5.15305712985733,3.02873638556991,2.94166278281715,0.442111226966845,0.428143356684101,"TSS_more_sig"
0.1,"eld vs kin","16",8.79280616255521e-12,2.25518064307803e-12,11.0558725007599,11.6468186648061,3.08756466155602,3.00923141620684,0.263319007478846,0.266245878932475,"TSS_more_sig"
0.1,"eld vs kin","21",7.33050616524167e-19,1.35871965773267e-20,18.1348660366574,19.8668701412508,4.15792746580124,4.10032028574268,0.296178012531524,0.294567166512147,"TSS_more_sig"
0.1,"eld vs kin","23",4.81274684916332e-06,5.49540524376518e-06,5.31760698164342,5.26000027619013,2.48957083655065,2.38615514074941,0.298504292779294,0.30709648918264,"CLR_more_sig"
0.1,"eld vs kin","25",4.52887137753814e-06,2.77906111994609e-06,5.34401001334633,5.55610190167048,3.09007035689621,3.02417379018855,0.414600765524506,0.418641950037629,"TSS_more_sig"
0.1,"eld vs kin","26",0.00033242310991652,3.5136094656907e-05,3.47830879186643,4.4542465115718,2.51495282774368,2.44030629783065,0.365724612867273,0.363850954550251,"TSS_more_sig"
0.1,"eld vs kin","29",4.29914460356094e-06,1.05117245928124e-06,5.36661794695733,5.9783260261508,2.51247862937191,2.43789945049816,0.290113835178503,0.292558495388474,"TSS_more_sig"
0.1,"eld vs kin","31",1.88884137394004e-06,8.91547711044713e-07,5.72380451286439,6.04985541066137,3.6011936030837,3.64435868229014,0.517207214541205,0.541798090820402,"TSS_more_sig"
0.1,"eld vs kin","32",0.00459767240790004,0.0038723466210559,2.33746197619631,2.41202577510478,1.83006518453586,1.75382009472308,0.276866174671916,0.290393068046374,"TSS_more_sig"
0.1,"eld vs kin","33",0.000119623623629968,1.21072514892252e-06,3.9221830461083,5.91695443642272,-3.09016627053051,-3.18107289365422,0.451739710588435,0.456677221234596,"TSS_more_sig"
0.1,"eld vs kin","36",3.6995881294277e-05,1.41421652282853e-05,4.43184662270957,4.84948409303508,2.19277986357357,2.11768977426035,0.25594845281635,0.262768399047758,"TSS_more_sig"
0.1,"eld vs kin","47",0.0022623125540946,0.000407266841773665,2.6454473944851,3.39012094719593,2.9708468162218,2.78368457363356,0.544577436018069,0.526490422447749,"TSS_more_sig"
0.1,"eld vs kin","49",0.00373814531955712,0.00288738648255747,2.42734381952887,2.53949508102811,2.07407870491347,2.00137041380223,0.359553421793568,0.364323834385189,"TSS_more_sig"
0.1,"eld vs kin","55",0.000654360977970531,0.000192871832050834,3.18418260719335,3.71473119422311,2.55539860244868,2.48636982823668,0.41671138372196,0.408074354406522,"TSS_more_sig"
0.1,"eld vs kin","57",0.0168974082133709,0.00171255616978481,1.77217990396332,2.76635517526471,-2.26154052276813,-2.38702646037275,0.442306606603255,0.484073868868447,"TSS_more_sig"
0.1,"eld vs kin","58",0.00901485152232614,0.0124873909827549,2.04504142186066,1.90352829022099,1.9117845080822,1.86639957371689,0.353045063660432,0.377163042369073,"CLR_more_sig"
0.1,"eld vs kin","61",0.00144337599667266,0.000325801712564981,2.84062052129077,3.48704663716819,2.29498471619048,2.2142195981705,0.360799717383675,0.36509119257536,"TSS_more_sig"
0.1,"eld vs kin","65",0.000266047143741706,6.0861868984781e-06,3.57504139926087,5.21565471518334,-2.5635649290656,-2.65393623379222,0.381916162852355,0.368779652839146,"TSS_more_sig"
0.1,"eld vs kin","67",1.33475958410956e-09,3.04733437557954e-12,8.87459695205016,11.5160798892294,-5.33407487212503,-5.41235630715531,0.565065100539221,0.569513334000387,"TSS_more_sig"
0.1,"eld vs kin","70",0.000886171581563039,0.000683675835389789,3.05248218137307,3.16514977002293,2.73475288619921,2.59594391192845,0.522758206074914,0.515732703020545,"TSS_more_sig"
0.1,"eld vs kin","71",0.00330510663651802,0.00964096067202111,2.48081452380187,2.0158796887351,2.8763149068782,2.84229929961194,0.543610755619836,0.532533293757518,"CLR_more_sig"
0.1,"eld vs kin","74",8.3741852729636e-08,3.19406844960267e-07,7.07705743487832,6.49565578106974,3.86030849922617,3.81412624651967,0.49675664834185,0.50414439377096,"CLR_more_sig"
0.1,"eld vs kin","77",0.000323571799978261,0.000216888803973714,3.49002933516699,3.66376286614133,2.42754891375636,2.38709293580117,0.360052707612943,0.37063794261868,"TSS_more_sig"
0.1,"eld vs kin","79",1.32944847243407e-05,6.2040465504495e-08,4.87632849065375,7.20732495223053,-3.6575234380006,-3.75540610610309,0.479428032155552,0.488243130948366,"TSS_more_sig"
0.1,"eld vs kin","80",0.000119997586531338,2.67574333304299e-05,3.92082748867457,4.57255554800033,2.56412789466468,2.46538081713429,0.36494091589517,0.34862417185136,"TSS_more_sig"
0.1,"eld vs kin","82",0.0001440363751828,3.89565061923234e-05,3.84152781661147,4.40941999967417,-3.68477136189819,-3.85920705700305,0.590891360216813,0.61041237607339,"TSS_more_sig"
0.1,"eld vs kin","83",8.68056958850802e-05,3.3904586335152e-06,4.06145177700898,5.46974155001745,-3.33591373286852,-3.36504457466581,0.496075078797576,0.520198036082131,"TSS_more_sig"
0.1,"eld vs kin","84",1.93580879743459e-07,5.96562254985641e-07,6.71313754078788,6.22434422829549,-3.61083094726266,-3.68397034111544,0.453942218668332,0.481638809340911,"CLR_more_sig"
0.1,"eld vs kin","85",0.0461962440726824,0.00557741859894944,1.33539333277325,2.25356675941885,-2.18005435704657,-2.25067365392997,0.470933677652798,0.481106786800939,"TSS_more_sig"
0.1,"eld vs kin","87",0.00757565755879776,0.000250712660611625,2.12057966490311,3.60082373427101,-2.65541915179188,-2.80209464210048,0.50024816206683,0.523446481212555,"TSS_more_sig"
0.1,"eld vs kin","89",1.21221993547575e-15,3.02665830173681e-16,14.9164185781086,15.5190366064787,5.05322165957734,4.91413402603925,0.46110607839072,0.435575503267248,"TSS_more_sig"
0.1,"eld vs kin","91",0.000689054553026157,5.41346676531101e-07,3.1617463932733,6.26652452512409,-4.11721550442023,-4.22943839377599,0.567597861747968,0.579588377671705,"TSS_more_sig"
0.1,"eld vs kin","100",1.09415603783343e-05,9.2300701955781e-06,4.96092073875423,5.03479499610992,-3.53368260796842,-3.64455249727003,0.530456448010274,0.5618745352756,"TSS_more_sig"
0.1,"eld vs kin","102",0.0185778078074469,0.0015536315749597,1.73100553433046,2.8086519610384,-2.69600912388301,-2.79043665714601,0.515680922551969,0.545598573274144,"TSS_more_sig"
0.1,"eld vs kin","103",0.00625238094764374,0.00404605454628741,2.20395456897349,2.39296826664877,2.35635759103519,2.29568972783288,0.435471834983166,0.459483736300911,"TSS_more_sig"
0.1,"eld vs kin","108",0.0230777903838483,0.0100557769139673,1.63680577567405,1.99758436997879,-2.62732750139888,-2.72367990555513,0.632458828804327,0.644260867874513,"TSS_more_sig"
0.1,"eld vs kin","111",0.000345097280537692,1.18148472564083e-06,3.46205846305603,5.9275718886002,-3.06740430303408,-3.19120729583723,0.440667156777591,0.453026302034379,"TSS_more_sig"
0.1,"eld vs kin","115",0.0297115494955973,0.00327549833423413,1.5270746985888,2.48472261709393,-2.50710927127082,-2.51289473017201,0.545775228369641,0.566534118320405,"TSS_more_sig"
0.1,"eld vs kin","118",0.039034535508045,0.000973535886448733,1.40855098416129,3.01164803489957,-2.09349642111524,-2.10661115162927,0.395317383490668,0.393996085508074,"TSS_more_sig"
0.1,"eld vs kin","119",2.33037413992853e-06,3.08547358201081e-06,5.63257434770267,5.51067816768617,2.53901375109834,2.48610774750462,0.314194075428558,0.319971200715027,"CLR_more_sig"
0.1,"eld vs kin","121",1.23396332789932e-11,3.89183795043398e-12,10.9086977468892,11.4098452513167,4.662565874797,4.63874241225674,0.481402654615834,0.492918768293048,"TSS_more_sig"
0.1,"eld vs kin","124",0.00265050281345447,0.000127728083324946,2.57667173044261,3.89371360475572,2.66192239808279,2.64218489182834,0.431006860399518,0.444567737771153,"TSS_more_sig"
0.1,"eld vs kin","125",0.000395143243262488,0.000154712494046966,3.40324543986396,3.81047461276119,3.03017671225871,3.00029861803922,0.520066818740645,0.538599152703628,"TSS_more_sig"
0.1,"eld vs kin","128",0.0281450501885782,0.00667811682517887,1.55059797256416,2.17534598778438,-2.55914418881287,-2.61139776348434,0.56786937686453,0.588458790291833,"TSS_more_sig"
0.1,"eld vs kin","130",0.00629064755063367,0.00121186364308553,2.2013046465751,2.91654624352536,-3.10674043876984,-3.19431904661818,0.575340341879392,0.597238405278495,"TSS_more_sig"
0.1,"eld vs kin","133",0.023856564096885,0.00625463212583781,1.62239210472324,2.20379822880301,-2.40634897578706,-2.43530327271534,0.471926394712019,0.494393103766334,"TSS_more_sig"
0.1,"eld vs kin","138",6.65050847808494e-11,1.09512647961955e-10,10.1771451485639,9.96053571988438,4.04047196176996,3.93647486371877,0.426152187471266,0.432824047961575,"CLR_more_sig"
0.1,"eld vs kin","139",2.20771797596897e-06,3.23949649129164e-07,5.65605640617077,6.48952248610405,-3.90070642914311,-3.97003940130027,0.534668392262317,0.540305897324138,"TSS_more_sig"
0.1,"eld vs kin","142",0.045099400058553,0.0322943352012924,1.34582923535026,1.49087365124723,2.17610107984908,2.17719407553605,0.529884567123047,0.557370896368996,"TSS_more_sig"
0.1,"eld vs kin","147",0.028375840537221,0.00524481321827001,1.54705126511969,2.2802699735751,-2.61505205856936,-2.56760692822865,0.559796139176044,0.558992285222348,"TSS_more_sig"
0.1,"eld vs kin","151",1.3942368918046e-16,6.4910637076692e-13,15.8556634299231,12.1876841283895,5.50431631225087,5.36621477948844,0.483572963327371,0.482163385678933,"CLR_more_sig"
0.1,"eld vs kin","162",0.0192751015228838,0.00390173693514778,1.71500332582113,2.40874201517345,-2.69872251665065,-2.64794455468476,0.597392290926563,0.608109676232269,"TSS_more_sig"
0.1,"eld vs kin","163",0.0261543013547503,0.00163935622244791,1.58245687654762,2.78532666654302,-2.81265503258481,-2.78717475326716,0.559161743748789,0.5747887518315,"TSS_more_sig"
0.1,"eld vs kin","164",3.84816562996414e-06,3.32262614185871e-06,5.41474624364269,5.47851852229697,3.28358481284412,3.22535169993775,0.464103987735948,0.453916635076404,"TSS_more_sig"
0.1,"eld vs kin","169",0.000129059864091916,9.74805120952135e-06,3.88920879656782,5.01108219799838,-3.30719241857675,-3.35604112228191,0.509849894295887,0.523962450442593,"TSS_more_sig"
0.1,"eld vs kin","172",0.00615574269852009,7.24398509191964e-05,2.21071954136627,4.14002245213265,-2.57869620136199,-2.69950366912181,0.445161819888941,0.453885677428044,"TSS_more_sig"
0.1,"eld vs kin","181",0.037434333935774,0.00104896157583451,1.42672988981232,2.979240420013,-2.3531243346587,-2.51361476821008,0.469384030035828,0.492253773496452,"TSS_more_sig"
0.1,"eld vs kin","203",0.0225317288083001,0.00781864670275574,1.64720548456999,2.10686841067244,-2.09214638163285,-2.14717887940809,0.432866525136566,0.444607917604698,"TSS_more_sig"
0.1,"eld vs kin","206",0.0168454765252822,0.00313535489754491,1.77351669917539,2.50371329332707,2.93693243368844,2.83428139281365,0.540002967791403,0.541266540479245,"TSS_more_sig"
0.1,"eld vs kin","207",1.45521666294137e-07,5.31993104848558e-09,6.83707234103222,8.27409399655012,3.69499714000235,3.61886546722598,0.473809197263464,0.458698126771666,"TSS_more_sig"
0.1,"eld vs kin","216",0.048227112916312,0.00535406879619742,1.3167087360471,2.27131605272007,-2.26680975097994,-2.33765103626645,0.514508147244754,0.522498193855861,"TSS_more_sig"
0.1,"eld vs kin","222",7.89299973459018e-06,8.49035856187804e-06,5.10275791179821,5.07107396839482,3.36713725283522,3.21673400318402,0.500900838923855,0.502527780717921,"CLR_more_sig"
0.1,"eld vs kin","223",0.00542468743093898,0.022321878955838,2.26562528069219,1.65126925123057,2.75031817298107,2.58786369526029,0.519059654738485,0.529206890299912,"CLR_more_sig"
0.1,"eld vs kin","246",1.33381047666817e-05,0.00017659898737693,4.87490587565533,3.75301179100688,3.07196614976288,2.96842163569313,0.47714841770734,0.484395809920399,"CLR_more_sig"
0.1,"eld vs kin","251",0.0333408457979506,0.0337901834401848,1.47702338708979,1.47120945052035,-2.70443321064194,-2.84582349002892,0.57067705324096,0.591343561334618,"CLR_more_sig"
0.1,"eld vs kin","252",0.0362441963379389,0.00206042430054553,1.44076152565014,2.68604333671293,-2.28301456999918,-2.37226562653029,0.463672832646434,0.464882494354331,"TSS_more_sig"
0.1,"eld vs kin","265",0.000582203312676225,0.000776574556009927,3.2349253277998,3.10981684294978,2.8350563662883,2.67412035186487,0.479753285479765,0.476954779306772,"CLR_more_sig"
0.1,"eld vs kin","267",0.000594259158248923,0.00124268413272498,3.22602411654749,2.90563924693946,-3.13758948093227,-3.12320727266222,0.596651529281575,0.623489205125368,"CLR_more_sig"
0.1,"eld vs kin","282",0.00618487402262025,2.6523800241283e-05,2.20866914192622,4.57636425155008,-2.76543688562908,-2.91991932087054,0.474916636182496,0.478420661888757,"TSS_more_sig"
0.1,"eld vs kin","294",0.00162080136350667,0.00200566000610082,2.79027020663139,2.69774268546756,2.62218299656872,2.73457174504568,0.446409645136152,0.438939062033531,"CLR_more_sig"
0.1,"eld vs kin","329",0.000161812438200198,0.00114451388077055,3.79098809808783,2.94137893579372,2.7173207728085,2.67745973030346,0.417930216742073,0.418803814993843,"CLR_more_sig"
0.1,"eld vs kin","344",1.88709165631612e-06,2.6841137860642e-07,5.72420700557666,6.5711990773211,3.21378821839237,3.2064968318223,0.411909339548635,0.419396162261557,"TSS_more_sig"
0.1,"eld vs kin","349",0.0447915982303682,0.0297315453641802,1.34880344101041,1.52678251677241,-2.15311017846441,-2.25892838912218,0.479840821652166,0.498035021262077,"TSS_more_sig"
0.1,"eld vs kin","363",0.0247911876075659,0.00630337049394622,1.60570266810679,2.20042716554651,-2.13396296525207,-2.26831455453925,0.465014962176558,0.483444543469252,"TSS_more_sig"
0.1,"eld vs kin","435",0.00452433588393616,0.00097251394350603,2.3444451607923,3.01210416322147,2.94519660187994,2.96414002078681,0.569213214137899,0.559900562570604,"TSS_more_sig"
0.1,"eld vs kin","473",0.029157959906935,0.0010265607463409,1.53524286554458,2.98861534632255,-2.56285228477508,-2.63761893491667,0.526486413934594,0.538889442917861,"TSS_more_sig"
0.1,"eld vs kin","614",0.00522614224821007,0.000464973944039941,2.28181877356546,3.33257138318903,-2.70105499538791,-2.84905164498949,0.506017882809414,0.492925605981823,"TSS_more_sig"
0.1,"eld vs kin","616",0.004348392176761,5.56667168733909e-05,2.36167129427238,4.25440439187459,-2.54744137531924,-2.60320857669005,0.414142276684381,0.434111294197129,"TSS_more_sig"
0.1,"eld vs kin","652",0.00990199874282998,0.00915412907314064,2.0042771331431,2.03838296831711,2.05745053497853,1.98726417523314,0.356263404335521,0.371322860548158,"TSS_more_sig"
0.1,"eld vs kin","666",4.00358112073497e-08,5.1936059503969e-11,7.39755136737396,10.2845310042755,-3.78532025721513,-3.82610262783193,0.416435731749901,0.422303464831204,"TSS_more_sig"
0.1,"eld vs kin","667",0.0477190839700636,0.0211240182818096,1.32130790176961,1.67522346532265,2.60628806678174,2.51379158620821,0.562717224165389,0.577864921430408,"TSS_more_sig"
0.1,"eld vs kin","670",0.018036988703417,0.00191948735980586,1.74383596671934,2.71681474345001,2.25658636105251,2.20273093079508,0.444387735073357,0.435488917678449,"TSS_more_sig"
0.1,"eld vs kin","728",9.57751521215716e-12,2.79360927240063e-13,11.0187471495458,12.5538343364848,4.21586283333544,4.1774619746211,0.387577964901315,0.386583592626106,"TSS_more_sig"
0.1,"eld vs kin","744",0.000151896359497131,1.91913906329984e-06,3.8184526347564,5.71689355458419,-3.49030492556537,-3.58743849296993,0.51433772647652,0.518468349565356,"TSS_more_sig"
0.1,"eld vs kin","770",0.00196374559263906,0.000151708072998034,2.706914776666,3.81899130803851,-2.49286515974177,-2.52339802092167,0.414265282268455,0.426520064760492,"TSS_more_sig"
0.1,"eld vs kin","786",8.54008290603597e-06,8.32763399659788e-07,5.06853791321507,6.07947837052332,-3.67946519033376,-3.76525054666146,0.497109925338449,0.499379853670144,"TSS_more_sig"
0.1,"eld vs kin","809",0.0295554696507105,0.0488214583756029,1.52936213511085,1.31138925164933,1.83654172713308,1.69185574210106,0.381813647652858,0.381807443661601,"CLR_more_sig"
0.1,"eld vs kin","825",0.0120344282132565,0.0390045065189207,1.91957453935045,1.40888521237781,2.25797457738366,2.19874906692357,0.451357762936365,0.469704403338607,"CLR_more_sig"
0.1,"eld vs kin","849",0.000305645554699073,2.49347951863657e-05,3.51478191619582,4.60319419471237,-2.70387293981612,-2.73311241881126,0.400591065244139,0.43245659180165,"TSS_more_sig"
0.1,"eld vs kin","854",1.01816058509549e-06,7.1811917611508e-07,5.99218371932663,6.14380347604435,3.31545550603166,3.41055351514848,0.452837129744087,0.476703541438761,"TSS_more_sig"
0.1,"eld vs kin","857",0.0469985749953488,0.0248403808598575,1.32791530974596,1.60484174971661,1.8601604849355,1.80994514492663,0.404859786983978,0.416813774570757,"TSS_more_sig"
0.1,"eld vs kin","875",0.033700396544585,0.0486414128866012,1.47236498885828,1.31299381860492,-2.26964613496354,-2.42420779232996,0.548344264761318,0.553743105119394,"CLR_more_sig"
0.1,"eld vs kin","879",0.000738630977063679,4.77033150679009e-05,3.13157248265077,4.32145143928966,-2.44441611743428,-2.61483111770698,0.406553580452075,0.417226052762987,"TSS_more_sig"
0.1,"eld vs kin","886",9.94020195298161e-12,1.19838057775439e-10,11.0026047920439,9.92140523823143,4.74278169476472,4.66169488320048,0.517923834820945,0.522542908454816,"CLR_more_sig"
0.1,"eld vs kin","888",6.69713614115916e-05,8.421926430781e-05,4.17411087252071,4.07458855665185,2.91113775115023,2.8699998890168,0.439434805814104,0.454790268493417,"CLR_more_sig"
0.1,"eld vs kin","890",0.0390410221673835,0.0479780839525341,1.40847882021019,1.31895709995838,1.78246281362361,1.6793562386094,0.404357187767015,0.410935526014024,"CLR_more_sig"
0.1,"eld vs kin","891",0.0064531898763252,0.000178673042997841,2.1902255561811,3.74794096601926,-3.33782377959826,-3.29472705687488,0.553911278041804,0.574347106751593,"TSS_more_sig"
0.1,"eld vs kin","895",0.00294752797327867,0.000165302701862929,2.53054206457624,3.7817200478528,-3.08371937452713,-3.08244843369933,0.509541539673994,0.499852824129823,"TSS_more_sig"
0.1,"eld vs kin","914",0.0259950325992211,0.00256009679957816,1.58510963360055,2.59174361331008,-2.70043524775702,-2.873730391933,0.553135894066602,0.565022514276723,"TSS_more_sig"
0.1,"eld vs kin","922",0.0227662327404962,0.00733018953073879,1.64270882864592,2.1348847960151,2.31939395287279,2.30470172701009,0.466244412813716,0.483402325438145,"TSS_more_sig"
0.1,"eld vs kin","926",0.00150797466650431,0.00205839257875484,2.82160595441439,2.68647179258261,2.23387945071908,2.21128488837817,0.422975396294131,0.436563730995044,"CLR_more_sig"
0.1,"eld vs kin","929",0.0193293609079031,0.00997164319516686,1.71378250493469,2.00123326979346,2.23326066138618,2.20533623409859,0.456172965043603,0.462833011404534,"TSS_more_sig"
0.1,"eld vs kin","935",0.0128005923589386,0.0408120339294363,1.89276993251886,1.38921176096504,-2.41017240991375,-2.46457343793823,0.533936912952845,0.54918703630476,"CLR_more_sig"
0.1,"eld vs kin","944",0.00171634105092167,0.000730160795361845,2.76539641006751,3.13658148940205,2.11756722859869,2.02091382548815,0.302937068196355,0.296133062757802,"TSS_more_sig"
0.1,"eld vs kin","947",2.92943609231124e-09,2.44972299354041e-10,8.53321597198974,9.61088302142252,4.30177684065315,4.30503769880196,0.420506297071782,0.426452477084775,"TSS_more_sig"
0.1,"eld vs kin","965",0.0283263625304258,0.00166050819513513,1.54780919090098,2.77975897667916,-2.73275198437266,-2.89510159397603,0.601584484759849,0.598253092966316,"TSS_more_sig"
0.1,"eld vs kin","977",0.0358624215579149,0.0106006398081881,1.44536038867977,1.97466792183145,2.28559225831106,2.36405077504672,0.523342194213853,0.508521984525866,"TSS_more_sig"
0.1,"eld vs kin","978",1.2836039428051e-24,4.45932772506186e-24,23.891568957566,23.350730609293,6.17571551434419,6.06505314459372,0.411595425319637,0.416171122033959,"CLR_more_sig"
0.1,"eld vs kin","984",1.23766542195894e-12,2.1912224182757e-13,11.9073967422589,12.6593135374885,5.01614861096175,4.86756353667924,0.428372708412047,0.426373975953182,"TSS_more_sig"
0.1,"eld vs kin","988",7.37800120426227e-05,1.93051297503803e-05,4.1320612782222,4.71432727512334,3.22357549339865,3.07158893287964,0.534100746650085,0.513988860689583,"TSS_more_sig"
0.1,"eld vs kin","991",0.000144066029389391,4.44260509154166e-05,3.84143841327343,4.35236228999721,-3.62264355346165,-3.67332594388891,0.570626189956472,0.574782596956081,"TSS_more_sig"
0.1,"eld vs kin","1014",1.29591232583473e-06,6.83139514643919e-09,5.88742437940228,8.16549059316691,-4.19826882313922,-4.26705305151017,0.517905572290949,0.531357344315595,"TSS_more_sig"
0.1,"eld vs kin","1019",0.0356780545641889,0.0109894635148634,1.44759883465108,1.95902350850658,2.12157073095724,1.9769117849963,0.433508954952127,0.418780861603353,"TSS_more_sig"
0.1,"eld vs kin","1020",0.000410586256810252,0.000465067684865679,3.38659559147629,3.33248383630463,2.3971882306894,2.36170991863101,0.416035811725526,0.404691715564846,"CLR_more_sig"
0.1,"eld vs kin","1021",2.99721876948572e-05,7.23534420010329e-06,4.52328155638271,5.14054080377786,-3.7272379594678,-3.77286585392993,0.550243910758635,0.552256365118974,"TSS_more_sig"
0.1,"eld vs kin","1023",0.0136759174109873,0.0191463973106398,1.86404353057658,1.7179129331995,2.11778517271855,1.97602802331616,0.474410634588343,0.465566811512819,"CLR_more_sig"
0.1,"eld vs kin","1027",0.00909934219312612,0.00160684064227224,2.04099000242852,2.79402719206898,2.53745003010894,2.54003523262359,0.511084937320895,0.49845720937052,"TSS_more_sig"
0.1,"eld vs kin","1030",2.47693346212989e-10,8.37023492729495e-09,9.60608565971128,8.07726235249706,4.19803527357005,4.2669472662687,0.439806127723348,0.441506084591228,"CLR_more_sig"
0.1,"eld vs kin","1043",0.00107401128402886,0.0015018957352863,2.9689911557261,2.82336021590812,2.53957216610516,2.35527624103191,0.419650989681468,0.425732628990597,"CLR_more_sig"
0.1,"eld vs kin","1059",0.0102434957704436,0.0173488917126554,1.98955180754679,1.76072826372336,2.68970980011664,2.58784620607867,0.586893744376188,0.588700592847723,"CLR_more_sig"
0.1,"eld vs kin","1074",1.2363661422804e-17,5.10024532178136e-19,16.9078528965415,18.2924089338367,5.18581938791334,5.09283083590932,0.411596772449288,0.405563802755342,"TSS_more_sig"
0.1,"eld vs kin","1076",5.33090417995796e-13,7.72579438802906e-14,12.273199123607,13.1120568542203,4.57838196794967,4.57812912917589,0.42281936273175,0.423977569791668,"TSS_more_sig"
0.1,"eld vs kin","1079",0.0399730695400832,0.00429281021279612,1.39823250089839,2.36725831146404,-2.25155622202419,-2.39199681362015,0.47117944715642,0.509826202946732,"TSS_more_sig"
0.1,"eld vs kin","1082",2.79568898217886e-05,0.000110519401282467,4.55351114509968,3.95656147645572,3.02388145732612,2.97114863035092,0.497634145631758,0.484979447082931,"CLR_more_sig"
0.1,"eld vs kin","1089",1.48430051268559e-10,1.12379635889855e-10,9.82847816254182,9.94931237935345,3.07678686065699,3.00115744577843,0.281304804788955,0.289271150902678,"TSS_more_sig"
0.1,"eld vs kin","1098",4.93060470923983e-27,4.86815402731858e-27,26.3070998138301,26.3126356892431,7.0978988443841,6.98413423502685,0.456017750107666,0.443021363165987,"TSS_more_sig"
0.1,"eld vs kin","1101",0.0293666221939969,0.0158543606225755,1.53214600400057,1.79985126758747,-2.49085734598587,-2.60953895943566,0.579130210336261,0.59942152146789,"TSS_more_sig"
0.1,"eld vs kin","1104",0.010416755715699,0.000873786737307385,1.98226752039911,3.05859455147576,-2.73131955921287,-2.76803251099189,0.457932947033841,0.46776334250131,"TSS_more_sig"
0.1,"eld vs kin","1105",5.87133656030112e-09,2.12776630326282e-10,8.23126302401814,9.67207607317059,-4.4430223558097,-4.54360348549007,0.500574824092375,0.49835011645882,"TSS_more_sig"
0.1,"eld vs kin","1108",0.00588149666932699,0.000338081148023459,2.23051214458364,3.47097904555381,2.63139894990751,2.48844198623297,0.436477634744935,0.445929926222076,"TSS_more_sig"
0.1,"eld vs kin","1112",0.000282232002010646,0.000117328520987367,3.54939374356308,3.93059640389629,-3.46074553581714,-3.50808500581712,0.521741736441496,0.547765996448902,"TSS_more_sig"
0.2,"cent vs mage","4",1.23518433776996e-08,1.53463605669178e-09,7.90826822386003,8.81399460214837,2.34096098837574,2.12572356186595,0.199338306904153,0.182849000654929,"TSS_more_sig"
0.2,"cent vs mage","7",2.61062363240396e-12,1.10099742355507e-11,11.5832557348994,10.9582136973199,4.30484080807672,4.09153970845063,0.417441229587527,0.416094453374826,"CLR_more_sig"
0.2,"cent vs mage","8",4.12354571715136e-05,5.56662568511383e-05,4.38472918611443,4.25440798084054,2.41389232531745,2.21097345142315,0.309762491327583,0.313724387504767,"CLR_more_sig"
0.2,"cent vs mage","9",6.69797576585378e-05,0.000360702733098972,4.17405642812715,3.44285056695443,2.15628640260454,1.94365022227753,0.263711220344977,0.271573545991634,"CLR_more_sig"
0.2,"cent vs mage","10",0.00587683077853309,0.0118161533405411,2.23085681447658,1.9275238817348,2.10762788530798,1.91865282943877,0.406010637850505,0.409229257212088,"CLR_more_sig"
0.2,"cent vs mage","11",4.88291766646208e-05,5.07571614367132e-05,4.31132059853026,4.29450267355216,2.35420108076157,2.14251870633418,0.310942925277415,0.298315868484735,"CLR_more_sig"
0.2,"cent vs mage","14",1.3752518595346e-09,1.01378099519536e-09,8.86161775915037,8.99405585452034,2.83464549573873,2.61983293655129,0.263239403829075,0.259417740862983,"TSS_more_sig"
0.2,"cent vs mage","16",0.00551214161663615,0.0106520618054102,2.25867963316619,1.97256632236164,1.69656410613542,1.49156764164791,0.229466041351253,0.230418875013536,"CLR_more_sig"
0.2,"cent vs mage","19",3.57860582373439e-06,1.57644614111681e-05,5.44628613564317,4.80232086222362,2.65632162464814,2.43254159503722,0.334904683376395,0.344902187177508,"CLR_more_sig"
0.2,"cent vs mage","20",5.16542746988685e-09,6.18053434855458e-09,8.28689373220223,8.20897397562371,2.81626052113571,2.60253565217175,0.265682943155367,0.268532301211506,"CLR_more_sig"
0.2,"cent vs mage","21",1.34418673545387e-10,6.02120737900539e-11,9.87154039456804,10.2203164148113,3.00037004176512,2.78200657443782,0.264386177867779,0.26106370143748,"TSS_more_sig"
0.2,"cent vs mage","23",1.47218042940672e-05,2.34054401809323e-05,4.83203895990771,4.63068318677955,2.27344261396859,2.07029733047123,0.262627777730048,0.266249673964446,"CLR_more_sig"
0.2,"cent vs mage","24",6.48333208133358e-11,6.05745541631901e-11,10.1882017329248,10.2177097736441,4.62139297927325,4.41117882661539,0.480286052467427,0.490718167876702,"TSS_more_sig"
0.2,"cent vs mage","26",2.0197716773844e-08,2.98494194908728e-07,7.6946977220665,6.5250641105769,3.23173743152827,3.00873726072047,0.373205592782115,0.373910521895772,"CLR_more_sig"
0.2,"cent vs mage","28",0.00129237362115596,0.0109778251141933,2.88861191501784,1.95948369216852,2.34839459448282,2.13213450851096,0.447416530915885,0.460327946020081,"CLR_more_sig"
0.2,"cent vs mage","30",0.000814949200073764,0.00295322536575428,3.08886946219898,2.52970341000448,1.82083705533531,1.60861099548298,0.237341632735768,0.238143243785406,"CLR_more_sig"
0.2,"cent vs mage","32",1.08157883572423e-06,1.60889926385377e-06,5.96594181957007,5.79347114702715,2.2722377660275,2.06541767253677,0.22434712201657,0.228356038548483,"CLR_more_sig"
0.2,"cent vs mage","36",0.000205665871562775,0.000263717542193902,3.68683776966487,3.57886098046587,1.86745826032619,1.66530987895062,0.203970111635321,0.203720060363286,"CLR_more_sig"
0.2,"cent vs mage","37",0.00596305973824085,0.00608393283532749,2.22453083984789,2.21581558906474,2.03044126987441,1.82869744973272,0.338890174352869,0.335868580224063,"CLR_more_sig"
0.2,"cent vs mage","39",5.84184006763679e-09,8.27920937963648e-09,8.23345033690262,8.08201113404305,3.74233478324465,3.52249280106379,0.425311804355035,0.417077514465004,"CLR_more_sig"
0.2,"cent vs mage","42",1.34060935841872e-08,1.37167657173808e-08,7.87269775324348,7.86274827905789,3.62266221432734,3.37826649151805,0.416039671888773,0.412270352585925,"CLR_more_sig"
0.2,"cent vs mage","44",0.00246007969144995,0.00859287051179205,2.6090508241989,2.06586173265508,1.95615334149262,1.72674367209946,0.292413078256943,0.299534265195679,"CLR_more_sig"
0.2,"cent vs mage","47",0.0054707526433714,0.00313158653874244,2.26195292112957,2.50423558243656,2.67813716043151,2.44566065982375,0.495965146190888,0.494096219390908,"TSS_more_sig"
0.2,"cent vs mage","52",0.00553418958780056,0.00807955305247664,2.25694596707341,2.09261266301401,1.9065032732695,1.67724287381895,0.30132721421575,0.305920300646633,"CLR_more_sig"
0.2,"cent vs mage","55",9.18735950567525e-05,0.000105370086550833,4.03680928914601,3.97728266321998,2.62291781351064,2.39232602043961,0.365398249560608,0.356676148773654,"CLR_more_sig"
0.2,"cent vs mage","56",4.18495698359953e-07,5.14011684506079e-07,6.37830900168061,6.28902700851672,3.11384323066452,2.91820850057783,0.368527594425377,0.371911666155885,"CLR_more_sig"
0.2,"cent vs mage","61",0.00109257305272619,0.000803051870843132,2.96154951514913,3.09525640180303,2.00800122255079,1.8019679658303,0.281876613463753,0.283591743324691,"TSS_more_sig"
0.2,"cent vs mage","69",9.49499855010946e-05,0.000151773213990692,4.02250509724392,3.8188048690368,2.82003973257928,2.61572123102623,0.389944815738038,0.390496830315768,"CLR_more_sig"
0.2,"cent vs mage","90",2.15826640034158e-05,3.1489293643767e-06,4.66589495026586,5.501837081188,2.51528794881868,2.3083998972841,0.289700410229943,0.286328492426175,"TSS_more_sig"
0.2,"cent vs mage","92",0.000123012736414974,5.65166856013886e-05,3.91004992052498,4.24782331510434,2.05711382817476,1.86540435442409,0.246290028068916,0.241271804715834,"TSS_more_sig"
0.2,"cent vs mage","95",0.000767246873867812,0.00250188552208393,3.1150648724168,2.60173256605134,2.22930593779677,1.99492410194055,0.369308874417773,0.369067703070417,"CLR_more_sig"
0.2,"cent vs mage","106",2.20982293974104e-07,2.44682206544089e-06,6.65564252241171,5.61139761168903,2.87361044288531,2.66832323884518,0.322134967378338,0.339052562303251,"CLR_more_sig"
0.2,"cent vs mage","114",7.65756259757886e-05,1.98458078462764e-05,4.11590944431937,4.70233121794406,-3.48254610712018,-3.7109606270513,0.452648656526548,0.479510227534859,"TSS_more_sig"
0.2,"cent vs mage","119",0.000122835590314869,0.000240026945902912,3.91067578272306,3.61974000078819,2.00018629356437,1.79161465015235,0.247397738083502,0.238666455450329,"CLR_more_sig"
0.2,"cent vs mage","120",0.00553833209628487,0.0138280823095473,2.25662100610946,1.85923804405038,2.3902698357156,2.18848634708044,0.487765958326548,0.498696171260628,"CLR_more_sig"
0.2,"cent vs mage","132",9.61019650291035e-07,2.26252362213464e-08,6.01726773207577,7.64540687779826,-4.1005614800626,-4.38260681445068,0.485998399138133,0.492040238241648,"TSS_more_sig"
0.2,"cent vs mage","141",0.0122745049711454,0.0472633870625867,1.91099601387995,1.32547515849963,2.55160540699342,2.28446019377524,0.549833195031163,0.551487228348315,"CLR_more_sig"
0.2,"cent vs mage","142",2.83985117190654e-06,3.30507704525e-05,5.5467044194295,4.48081841214296,3.79709150869492,3.48708813828109,0.539505114986738,0.532822694722936,"CLR_more_sig"
0.2,"cent vs mage","143",1.18143007820273e-06,3.75660309945159e-08,5.92759197657017,7.42520468750878,-3.74638511045016,-3.91087115770916,0.456966274995756,0.447261080471219,"TSS_more_sig"
0.2,"cent vs mage","148",0.0323453310231667,0.0057267695810318,1.49018839991694,2.24209029055518,-2.49503659372671,-2.66804691463884,0.473517572991332,0.49515473629152,"TSS_more_sig"
0.2,"cent vs mage","155",0.00130919973648777,0.0193461483288469,2.88299409077766,1.71340548677084,2.85560683841602,2.41724585740264,0.463722167593748,0.466492436792078,"CLR_more_sig"
0.2,"cent vs mage","168",6.16270151370201e-07,8.96160327982815e-06,6.21022886652073,5.04761428572928,3.64649685900833,3.43019218997123,0.445954436510865,0.451010781801464,"CLR_more_sig"
0.2,"cent vs mage","169",0.0470069630182859,0.00861560454694911,1.32783780639536,2.06471424320813,-2.25437163550119,-2.4149454201008,0.41410082838898,0.434362497073642,"TSS_more_sig"
0.2,"cent vs mage","184",0.00518599665597845,0.0376301042188216,2.28516776760727,1.42446457887396,2.60011874892829,2.30504640700865,0.540300594927343,0.559438740700731,"CLR_more_sig"
0.2,"cent vs mage","210",1.36504829867263e-08,2.88208333587558e-09,7.8648519819742,8.54029346564984,-4.1119211474333,-4.3358221200679,0.455964056958201,0.467268141275684,"TSS_more_sig"
0.2,"cent vs mage","212",0.000900854126678398,0.000231949904551694,3.04534552767529,3.63460580185909,2.42299248784644,2.37378216573599,0.381034150453988,0.368575063443955,"TSS_more_sig"
0.2,"cent vs mage","219",0.000300364794535299,2.87317197702607e-07,3.52235097191771,6.54163837803238,-3.66440370118287,-3.80899696281141,0.449986941612911,0.461456036934128,"TSS_more_sig"
0.2,"cent vs mage","289",0.0444371377650127,0.00989835007691917,1.3522539221185,2.00443719047378,-2.31158884533207,-2.52743050003446,0.46139814508661,0.481614353609421,"TSS_more_sig"
0.2,"cent vs mage","294",1.69992413245503e-05,0.000171391141866868,4.7695704607343,3.7660116277906,3.06619410814041,2.80335104867423,0.39444748991669,0.389861646936957,"CLR_more_sig"
0.2,"cent vs mage","353",0.00229127311341691,0.00141933084432169,2.63992314102425,2.84791635921785,-3.00803572135329,-3.14928461259698,0.441054272026127,0.448496734270112,"TSS_more_sig"
0.2,"cent vs mage","652",1.90046104118453e-05,0.0046432484134368,4.72114102886119,2.33317808099054,2.52924425892543,2.25064421344602,0.298873990822185,0.314444663001358,"CLR_more_sig"
0.2,"cent vs mage","671",2.15971808417329e-05,2.08122732311817e-05,4.66560293518169,4.6816804811608,2.6970671917338,2.47885432274012,0.355129802110327,0.362511022866245,"TSS_more_sig"
0.2,"cent vs mage","675",0.00622804186034507,0.000357521958744945,2.20564847708404,3.44669727898489,-2.75917688753688,-2.99070956063368,0.454232806613453,0.472171803458578,"TSS_more_sig"
0.2,"cent vs mage","728",4.7869068084638e-07,3.17749855922941e-06,6.31994502728385,5.4979146376957,2.6487560520534,2.45233597441794,0.304510599627754,0.304485661924088,"CLR_more_sig"
0.2,"cent vs mage","762",9.14865152718552e-05,0.000158802186179998,4.03864291439915,3.79914352307155,2.69382876422103,2.44628007950572,0.383977117461764,0.38932523742758,"CLR_more_sig"
0.2,"cent vs mage","770",0.0483007291494598,0.0300353346739488,1.31604631307464,1.52236752448775,-1.94222819870431,-2.15181811956091,0.332103031890278,0.357448818490027,"TSS_more_sig"
0.2,"cent vs mage","788",0.00637927532023082,0.0137810310849942,2.19522865392781,1.86071828766997,2.7221763240156,2.47691112665621,0.515255171052472,0.532838175394344,"CLR_more_sig"
0.2,"cent vs mage","798",0.000559202250216904,0.00462663615271735,3.25243108966792,2.33473465288401,2.33415217398246,2.12596816085626,0.414640226541173,0.435298142429159,"CLR_more_sig"
0.2,"cent vs mage","825",0.00861776051124948,0.00565920014150774,2.06460557918337,2.24724494666983,2.02676173329967,1.77102348013163,0.354738117703796,0.365862064177368,"TSS_more_sig"
0.2,"cent vs mage","829",7.19231238775983e-05,7.95581783113226e-05,4.14313145790803,4.09931516972053,2.73865664774181,2.50281644857481,0.387257743157966,0.393365222818277,"CLR_more_sig"
0.2,"cent vs mage","834",0.00157883846841853,0.00654307240209529,2.80166230055726,2.18421827400754,2.34848779365227,2.14988479804427,0.402528460912147,0.392312726282819,"CLR_more_sig"
0.2,"cent vs mage","848",4.16064644864604e-05,1.4892236774501e-05,4.38083918685682,4.8270400674683,2.45655074214057,2.27695618149211,0.324644783249136,0.332134766478205,"TSS_more_sig"
0.2,"cent vs mage","854",1.33157879166423e-07,8.88527817037888e-06,6.87563313055994,5.05132897123859,3.5051963434258,3.42468030651257,0.460055899861344,0.467314831209653,"CLR_more_sig"
0.2,"cent vs mage","857",6.3654373000467e-06,0.000506453283394061,5.19617175532949,3.29546060894119,2.61144962719672,2.41489973345779,0.330401508120916,0.341889828997572,"CLR_more_sig"
0.2,"cent vs mage","886",3.1111722094442e-06,8.25817990065554e-05,5.50707594918013,4.08311566045248,3.44286425161608,3.20346612688481,0.517137780146975,0.529105348646684,"CLR_more_sig"
0.2,"cent vs mage","921",7.64728615900645e-05,2.25595584221898e-07,4.11649265834615,6.6466694054282,-3.60800568663785,-3.88777052195351,0.460289501561075,0.477329895373443,"TSS_more_sig"
0.2,"cent vs mage","944",0.00557044580925668,0.00654333060797542,2.25411004634289,2.1842011360073,1.817327642862,1.6032168638614,0.295444439489868,0.281371106456929,"CLR_more_sig"
0.2,"cent vs mage","947",4.0586061323019e-05,0.0114042802249171,4.39162309277427,1.94293211978769,2.78613386225344,2.56454661301225,0.406717388173812,0.411323878462348,"CLR_more_sig"
0.2,"cent vs mage","978",3.83936556422386e-07,1.02770737058244e-05,6.41574053467429,4.98813052875806,3.53378237388649,3.22802476895877,0.456591337521656,0.45653129133298,"CLR_more_sig"
0.2,"cent vs mage","984",0.000692658545578245,9.25684535278067e-05,3.15948080336265,4.03353699164449,2.93709238127326,2.66949107633681,0.415881047029545,0.405079681347861,"TSS_more_sig"
0.2,"cent vs mage","989",9.7806401801747e-06,0.000626958282350932,5.00963271805308,3.20276135605533,2.57144264918457,2.38687556844713,0.374611774587272,0.379190121875594,"CLR_more_sig"
0.2,"cent vs mage","1004",0.045930719114935,0.0150245689762697,1.33789675499132,1.82319797815468,-2.29461855726219,-2.49523631199558,0.462943977440795,0.460411462308277,"TSS_more_sig"
0.2,"cent vs mage","1017",0.000493084301768069,0.00252786175141252,3.30707882380029,2.59724668127591,2.46258356523554,2.25780605525051,0.384283629973948,0.38808829641151,"CLR_more_sig"
0.2,"cent vs mage","1019",0.00294057503248651,0.00025327886053534,2.53156773454825,3.59640105630487,-2.47964382891347,-2.69924773085085,0.392982965489459,0.389365530239215,"TSS_more_sig"
0.2,"cent vs mage","1030",0.00314578388378608,0.000278793950959166,2.50227111683769,3.5547166534347,2.53944985121015,2.51553715513861,0.415532678345639,0.397933033017465,"TSS_more_sig"
0.2,"cent vs mage","1043",4.25668370998286e-05,5.04228020877342e-06,4.3709286185831,5.29737302344683,2.89835835420824,2.70379489901116,0.316800741138948,0.324692438450726,"TSS_more_sig"
0.2,"cent vs mage","1058",0.0350933430126866,0.001245565449612,1.45477525866381,2.90463344704476,-2.43120097152245,-2.8063049270773,0.463250108266577,0.473298460547289,"TSS_more_sig"
0.2,"cent vs mage","1074",4.2985700706023e-06,1.05872074828569e-08,5.36667598947292,7.97521857574847,3.36406047769415,3.28307983239586,0.384238800678174,0.377637220480858,"TSS_more_sig"
0.2,"cent vs mage","1076",0.000774566979663503,0.0015454991111523,3.1109410212353,2.81093124037212,2.73518109404499,2.47866114587381,0.430770688507268,0.434956106466517,"CLR_more_sig"
0.2,"cent vs mage","1083",0.033006114708352,0.0369832513577577,1.48140559533139,1.43199491079011,1.79373032185284,1.55448068633295,0.378836969990042,0.380147574130042,"CLR_more_sig"
0.2,"cent vs mage","1087",8.15581602022183e-07,1.79178603966609e-08,6.0885325796452,7.74671385144851,3.96373596297684,3.81189416651002,0.491604613669186,0.501864074216216,"TSS_more_sig"
0.2,"cent vs mage","1089",0.00552142329340084,0.00701135345846582,2.25794895690961,2.15419813855179,1.79146551059588,1.57550737379317,0.265183513792195,0.260967479096447,"CLR_more_sig"
0.2,"cent vs mage","1090",0.0120126751073955,0.0253444442574394,1.92036026861611,1.59611722736714,1.75662576764985,1.57485882333483,0.311732120681629,0.327350492557503,"CLR_more_sig"
0.2,"cent vs mage","1091",0.000582723449329937,0.00251071583675714,3.23453750514704,2.60020243802857,2.95747258642084,2.60710850976191,0.484290045293771,0.476472111275526,"CLR_more_sig"
0.2,"cent vs mage","1098",1.12502953689263e-12,1.08304227325953e-11,11.9488360752939,10.9653545916803,4.68664724261482,4.47873648477016,0.446043142093629,0.439862106189044,"CLR_more_sig"
0.2,"eld vs kin","3",8.6808338295441e-13,2.09270101247938e-13,12.0614385570611,12.6792928155723,-4.73865647177038,-4.7174199853292,0.432191876862031,0.4467957738974,"TSS_more_sig"
0.2,"eld vs kin","4",2.18236072234247e-10,9.78491667969535e-12,9.66107346329168,11.0094428680849,2.487378962055,2.51726335713629,0.227938303173093,0.22034610284903,"TSS_more_sig"
0.2,"eld vs kin","5",8.98764525750829e-05,9.54144164931326e-06,4.04635407752427,5.02038600128758,-2.78522347242279,-2.74358084859766,0.385226893987374,0.384494208088405,"TSS_more_sig"
0.2,"eld vs kin","7",3.04589448793577e-28,1.8287030714445e-29,27.5162851450252,28.7378568056782,7.57523298804778,7.55923123784372,0.475934572528797,0.454547177982963,"TSS_more_sig"
0.2,"eld vs kin","8",0.0030376058645287,0.00373124263869565,2.51746857740039,2.42814650833782,1.99884968010532,2.02358920470807,0.382148464972227,0.394279008921388,"CLR_more_sig"
0.2,"eld vs kin","10",0.00151671599434875,0.000253800377456409,2.81909573340864,3.5955077363504,-2.71806714981306,-2.71732604233076,0.481628424300065,0.47484438253772,"TSS_more_sig"
0.2,"eld vs kin","11",2.21745961078545e-09,2.13792300731351e-10,8.65414428174325,9.67000793902479,3.17640300149074,3.20497480325144,0.348355873696056,0.347245193964293,"TSS_more_sig"
0.2,"eld vs kin","12",0.0290136440415027,0.0064119370995411,1.53739772146525,2.19301074668224,-1.98471460718438,-1.94514237631741,0.378221161666915,0.370985874517031,"TSS_more_sig"
0.2,"eld vs kin","14",3.14535207315043e-10,5.04937969477152e-11,9.50233073499818,10.2967619707297,2.80478085612587,2.83607189830191,0.27806114430192,0.275700989279791,"TSS_more_sig"
0.2,"eld vs kin","15",2.03740852557315e-05,3.68457353991049e-06,4.69092188086068,5.43361277102921,2.91489473379096,2.97968223031793,0.447206920974648,0.435825187598716,"TSS_more_sig"
0.2,"eld vs kin","16",7.7234042531187e-13,3.79172637580094e-13,12.1121912330233,12.4211630104076,2.98731373387745,3.01066600063142,0.261453540604695,0.267036107979015,"TSS_more_sig"
0.2,"eld vs kin","21",7.60515933900262e-20,9.24573542657504e-21,19.118891682423,20.0340585383717,4.04563855003341,4.08504489418337,0.293543513058542,0.294080102727679,"TSS_more_sig"
0.2,"eld vs kin","23",1.86639328000993e-06,4.0943516026852e-06,5.72899683789833,5.38781486500783,2.36259801781574,2.4067571513267,0.296572575623976,0.309284976398234,"CLR_more_sig"
0.2,"eld vs kin","25",9.89329928570743e-07,1.64279818418134e-06,6.00465885272738,5.78441578585275,3.01864093578279,3.03056666125957,0.417133186962411,0.419079508834673,"CLR_more_sig"
0.2,"eld vs kin","26",0.000100395182927681,3.58064151534006e-05,3.99828712462242,4.44603915726314,2.40751911075109,2.43122396082352,0.367202461918415,0.363958016194583,"TSS_more_sig"
0.2,"eld vs kin","29",6.80010688785422e-07,5.4815148024114e-07,6.1674842607584,6.26109940877481,2.40616172824068,2.43324673776044,0.290115239465463,0.291752154393525,"TSS_more_sig"
0.2,"eld vs kin","31",8.75206694483253e-07,2.66845394502436e-06,6.05788936906593,5.57374028830517,3.60244124835867,3.57920791467318,0.527020535102985,0.534147102458859,"CLR_more_sig"
0.2,"eld vs kin","32",0.00256478374210223,0.00226098172261668,2.59094924792882,2.64570294840157,1.71668342491813,1.74610669501357,0.277271122975448,0.289321264938308,"TSS_more_sig"
0.2,"eld vs kin","33",2.28971627515211e-05,1.23359344946674e-05,4.64021832891329,4.90882794544422,-3.20350522754094,-3.1776772082082,0.453423425389122,0.462926377185315,"TSS_more_sig"
0.2,"eld vs kin","36",7.90610238196787e-06,3.18523725762012e-06,5.10203756595614,5.49685821298716,2.0895070934448,2.10901312224069,0.256817931463467,0.262401417979682,"TSS_more_sig"
0.2,"eld vs kin","47",0.000635970523850861,0.000233143946643664,3.19656301269368,3.6323758560979,2.81889674307317,2.86834235281217,0.53301574495641,0.533938467128606,"TSS_more_sig"
0.2,"eld vs kin","49",0.00199336846880625,0.00180929434680415,2.70041241571075,2.74249077377373,1.96696214297299,1.9904731314232,0.355353725053362,0.368072522136987,"TSS_more_sig"
0.2,"eld vs kin","55",0.000558878984064374,0.000160987736828583,3.25268222117042,3.79320720490305,2.4995710246622,2.50793510487712,0.424482985904428,0.41881289146251,"TSS_more_sig"
0.2,"eld vs kin","57",0.0040629443811346,0.0147440789777614,2.39115912282044,1.83138235145189,-2.40687699360462,-2.34652346707672,0.448495560591548,0.486577504037613,"CLR_more_sig"
0.2,"eld vs kin","58",0.00830794264571356,0.0121152355929686,2.08050651029968,1.91666813615038,1.81890461742373,1.81034519463238,0.353755024375481,0.367269983907511,"CLR_more_sig"
0.2,"eld vs kin","61",0.000506707432436827,0.000237168262160418,3.2952427253864,3.62494342867546,2.21796953769693,2.24642412702012,0.36540131409024,0.365655669527979,"TSS_more_sig"
0.2,"eld vs kin","65",0.000173749410233553,5.71126695716159e-06,3.76007666088316,5.24326753948283,-2.71268456524199,-2.6600619024305,0.375266295991932,0.369738826830253,"TSS_more_sig"
0.2,"eld vs kin","67",1.02968640558476e-11,1.41838624179158e-12,10.987295020985,11.8482054900009,-5.45725744370246,-5.40446295445976,0.559875622451164,0.562036033781711,"TSS_more_sig"
0.2,"eld vs kin","70",0.00251024480547645,0.00134373938808251,2.60028392294796,2.87168495248202,2.55181123468017,2.6189611774343,0.510278335018113,0.51374663172737,"TSS_more_sig"
0.2,"eld vs kin","71",0.00302975874387874,0.002980662705115,2.51859195247911,2.52568716640119,2.67452696128756,2.76531971689607,0.541493943375629,0.53726975113909,"TSS_more_sig"
0.2,"eld vs kin","74",8.79767468324578e-08,2.07133780340709e-07,7.05563210122291,6.68374906856562,3.7444022953994,3.78106965232017,0.494998296059848,0.503882565600749,"CLR_more_sig"
0.2,"eld vs kin","77",0.000161247119706831,0.00021545740999405,3.79250803425301,3.6666385650976,2.3189211275967,2.38596130524138,0.353495195374467,0.374815502290346,"CLR_more_sig"
0.2,"eld vs kin","79",1.31394089263039e-06,1.74277436556366e-06,5.88142417098768,5.75875883671891,-3.72652645019544,-3.6734003400549,0.470589445999906,0.482573545768765,"CLR_more_sig"
0.2,"eld vs kin","80",6.33895697174006e-05,1.12479404990203e-05,4.19798219616923,4.94892698971183,2.4787706820451,2.48197410848962,0.37124721868291,0.346928774198178,"TSS_more_sig"
0.2,"eld vs kin","82",0.000224365348673628,5.55507653691344e-06,3.6490442153386,5.25530995304531,-3.80248983901641,-3.79444260632783,0.579629892517513,0.59423034294825,"TSS_more_sig"
0.2,"eld vs kin","83",2.14320735515818e-05,6.3093757373404e-06,4.66893580896539,5.20001360862277,-3.33208545556412,-3.43368901416282,0.487571553583009,0.523684105482609,"TSS_more_sig"
0.2,"eld vs kin","84",2.06329719674664e-07,6.71934886758519e-08,6.68543821186641,7.17267280982054,-3.82278658432917,-3.72083425734516,0.458936455717873,0.479085391788809,"TSS_more_sig"
0.2,"eld vs kin","85",0.0348008460498926,0.00823478058650965,1.45841019771051,2.08434796799849,-2.27533633749034,-2.21406370867676,0.469755358105714,0.483306318134382,"TSS_more_sig"
0.2,"eld vs kin","87",0.00392905117298052,0.00256517278253517,2.4057123147875,2.59088337676099,-2.84292877583777,-2.78253676696786,0.503995240766915,0.530333353089314,"TSS_more_sig"
0.2,"eld vs kin","89",2.34407205416553e-14,2.08412517644397e-14,13.6300290427198,13.6810762000528,4.89301840125297,5.00636863303791,0.448476764718634,0.455273915070998,"TSS_more_sig"
0.2,"eld vs kin","91",7.47885309464727e-07,2.40004129539174e-06,6.12616499743717,5.61978128570237,-4.27157429569924,-4.20756546443917,0.556984997606063,0.585396786789092,"CLR_more_sig"
0.2,"eld vs kin","100",0.000106464032188866,1.12557810511042e-05,3.97279708950449,4.94862436344308,-3.63098216173628,-3.63492513363188,0.554295872489565,0.568285293667154,"TSS_more_sig"
0.2,"eld vs kin","102",0.00438349546983286,0.00124450881165523,2.35817943793538,2.90500202405362,-2.82665793333823,-2.8416327478896,0.519629016890191,0.541505723282804,"TSS_more_sig"
0.2,"eld vs kin","103",0.00515322501472297,0.00199425774017406,2.28792089372775,2.70021871367645,2.24182583610995,2.36011890720637,0.433062442137317,0.464446295461961,"TSS_more_sig"
0.2,"eld vs kin","108",0.0196262172234872,0.0157668393621791,1.70716339868205,1.80225535709195,-2.7035180966859,-2.60659044477679,0.630115699036451,0.639028854655933,"TSS_more_sig"
0.2,"eld vs kin","110",0.0178952542526726,0.00665349153665189,1.74726212684937,2.17695039121349,-2.3245992203111,-2.39245289970293,0.492050765108872,0.529679880789377,"TSS_more_sig"
0.2,"eld vs kin","111",0.000110236827800641,1.33635313644999e-05,3.95767329261079,4.87407876270918,-3.10150246711531,-3.06296917061171,0.438660319743526,0.4577106716543,"TSS_more_sig"
0.2,"eld vs kin","115",0.00961883534550335,0.0120159825009342,2.0168775094218,1.92024071280939,-2.65213327386841,-2.57352670151737,0.551428912572703,0.573745851907207,"CLR_more_sig"
0.2,"eld vs kin","118",0.0111937497338251,0.00180310045974786,1.95102440713393,2.74398007588507,-2.14112552470701,-2.2011715407604,0.38901661431,0.392356163168083,"TSS_more_sig"
0.2,"eld vs kin","119",6.96871804104513e-06,5.59930061359699e-06,5.15684710696747,5.25186621560527,2.44410339754516,2.44575264134793,0.319599482990222,0.308777658715494,"TSS_more_sig"
0.2,"eld vs kin","121",3.40889387161755e-12,9.12427026316442e-12,11.4673865193602,11.0398018592938,4.60745224754422,4.6586480203488,0.480412712666486,0.497251896339703,"CLR_more_sig"
0.2,"eld vs kin","124",0.000936010736652124,0.000248591129309928,3.02871916959306,3.60451437271965,2.54889788795165,2.61786270097956,0.43941423043773,0.434152793122414,"TSS_more_sig"
0.2,"eld vs kin","125",0.000128485934007083,0.00347003519269445,3.89114441410291,2.45966612062253,2.98439686264967,2.93541799889851,0.532964951953967,0.530945702471574,"CLR_more_sig"
0.2,"eld vs kin","128",0.010973481847084,0.0146870261808143,1.95965555045167,1.83306613096305,-2.65268257521477,-2.61074706983728,0.560448393547501,0.590437012453093,"CLR_more_sig"
0.2,"eld vs kin","130",0.00180367977748236,0.00257715484053342,2.74384056392095,2.58885948739824,-3.18373780538001,-3.20263120445705,0.571734466798548,0.59052842133659,"CLR_more_sig"
0.2,"eld vs kin","133",0.00856341633887673,0.00237132912393917,2.06735294079881,2.62500816479411,-2.49588473949379,-2.46743952637642,0.460160104318945,0.499403903324912,"TSS_more_sig"
0.2,"eld vs kin","138",7.41008219499837e-10,8.89942014421722e-11,9.13017697466085,10.0506382895765,3.91685685122387,3.90860860397296,0.430611506954613,0.431434136111549,"TSS_more_sig"
0.2,"eld vs kin","139",1.01100195209302e-05,1.12164156314036e-05,4.99524800585073,4.95014590602144,-3.85787718178395,-3.90227883044147,0.53306990176369,0.549439782020411,"CLR_more_sig"
0.2,"eld vs kin","147",0.0352148612079989,0.000913044692818343,1.45327401894903,3.03950796357268,-2.6454453599115,-2.80968100578219,0.561563041654415,0.555266139392388,"TSS_more_sig"
0.2,"eld vs kin","151",7.35739039866996e-16,1.61250225046556e-15,15.1332761987638,14.7924996705754,5.32798843390808,5.45767977863467,0.47536486361811,0.49324421707873,"CLR_more_sig"
0.2,"eld vs kin","162",0.0089028962608788,0.00231156639283945,2.05046868711924,2.6360936282351,-2.87319333463893,-2.73949033598715,0.607952085144429,0.609228451731728,"TSS_more_sig"
0.2,"eld vs kin","163",0.0131485750881252,0.00219269943885941,1.88112130914339,2.65902089453801,-2.87427841895632,-2.77162942766966,0.563265558106044,0.571047870154147,"TSS_more_sig"
0.2,"eld vs kin","164",3.12782803856243e-06,6.42632044714055e-07,5.50475713155731,6.19203762223999,3.23625598014757,3.29370486793752,0.473756176752447,0.465738147273214,"TSS_more_sig"
0.2,"eld vs kin","169",0.000114597333664495,2.80000721842311e-05,3.9408254869783,4.55284084904446,-3.43887564934394,-3.32776598384027,0.508389298539688,0.533107578871664,"TSS_more_sig"
0.2,"eld vs kin","172",0.00308847672019556,0.000359986026536459,2.51025566786642,3.44371435677685,-2.76317718143526,-2.70266510298139,0.450018086533278,0.458437797278638,"TSS_more_sig"
0.2,"eld vs kin","181",0.0103949973544492,0.0125798774254292,1.98317561686145,1.90032359050594,-2.57232397496028,-2.51057471282109,0.474114004404663,0.498071743054415,"CLR_more_sig"
0.2,"eld vs kin","203",0.0468717721231144,0.0128538597435539,1.32908862640851,1.89096644325656,-2.17729235021575,-2.13431124222,0.430128705336087,0.4379974702639,"TSS_more_sig"
0.2,"eld vs kin","206",0.000792739596813832,0.00185198258937015,3.10086944854527,2.73236310047051,2.88008216180429,2.86408651558836,0.538914514975951,0.539907096844656,"CLR_more_sig"
0.2,"eld vs kin","207",8.91720609411751e-08,4.4145248108661e-07,7.04977119584511,6.3551160379812,3.66267293814185,3.66342654923667,0.469465279792516,0.460013332664053,"CLR_more_sig"
0.2,"eld vs kin","216",0.0226845405797122,0.00493758338411458,1.64427001188909,2.3064855570961,-2.41523291780468,-2.3663517005086,0.518648193975794,0.518208840629185,"TSS_more_sig"
0.2,"eld vs kin","222",7.44734968418554e-05,0.000238146078042289,4.1279982537373,3.62315656636158,3.2233870411295,3.32535848543128,0.490334885603469,0.510023586027329,"CLR_more_sig"
0.2,"eld vs kin","223",0.00686475828486961,0.0328938702819209,2.16337475010901,1.48288502456556,2.53291171306818,2.59534829182159,0.524923849059888,0.52696864780717,"CLR_more_sig"
0.2,"eld vs kin","246",9.82570333782698e-05,0.000159654879900374,4.00763635242282,3.79681780257762,2.88710636135836,2.96526689014033,0.468682151666741,0.468348079753486,"CLR_more_sig"
0.2,"eld vs kin","251",0.0120229902782595,0.0191015096911834,1.91998750406066,1.7189323068549,-2.90542318403507,-2.71217049806235,0.584839558207651,0.589226963219629,"CLR_more_sig"
0.2,"eld vs kin","252",0.0312913367099733,0.00758880499934274,1.50457588417354,2.11982660658818,-2.44518927791828,-2.38757215288722,0.469676077619022,0.473105491682569,"TSS_more_sig"
0.2,"eld vs kin","265",0.00035757137428235,0.00169624660898297,3.44663725634377,2.77051100754235,2.70219662958902,2.7585915869732,0.468718245390846,0.489167301694473,"CLR_more_sig"
0.2,"eld vs kin","267",0.00365511617181871,0.00211505875529132,2.43709881515536,2.67467756363439,-3.2738634582977,-3.15330294792936,0.595309705938157,0.612675615224808,"TSS_more_sig"
0.2,"eld vs kin","282",0.000175482516166707,0.000426187135140729,3.75576614706466,3.37039966401111,-2.8185939456156,-2.78756632486718,0.458764133253034,0.477532475093124,"CLR_more_sig"
0.2,"eld vs kin","294",9.66582784157968e-05,0.00128977908158573,4.01476094436347,2.88948467099114,2.60072293757834,2.70456005621221,0.439540213650935,0.450810378733266,"CLR_more_sig"
0.2,"eld vs kin","329",0.000697112499014231,7.0771922117493e-05,3.15669713042624,4.15013900909045,2.65613831152694,2.70511319574518,0.414410834351809,0.428427584837615,"TSS_more_sig"
0.2,"eld vs kin","344",3.27003159884159e-07,1.11100751067787e-06,6.48544805066197,5.9542830051141,3.09598097384718,3.08304382646296,0.423282658081833,0.41742176824242,"CLR_more_sig"
0.2,"eld vs kin","363",0.0311214417130884,0.0450273891501223,1.50694029235279,1.34652323426219,-2.25550526380885,-2.14238910177557,0.48447292544131,0.482668646365375,"CLR_more_sig"
0.2,"eld vs kin","435",0.00764299019322013,0.00280584156419915,2.11673669766128,2.5519368556657,2.77064648797478,2.82447117434021,0.575615269289082,0.570390135329598,"TSS_more_sig"
0.2,"eld vs kin","473",0.00610238346344241,0.00203874202429742,2.21450050550638,2.69063772493899,-2.68307421232505,-2.61349552841798,0.527112878877301,0.533220229687442,"TSS_more_sig"
0.2,"eld vs kin","614",0.00130185034786847,0.000234719582220424,2.88543893652848,3.62945067650491,-2.81671485197927,-2.85430289814788,0.488202006990306,0.497066793085617,"TSS_more_sig"
0.2,"eld vs kin","616",0.000560347232097395,0.000267339413666674,3.251542768975,3.57293700878517,-2.687568800392,-2.62389806102999,0.416737083178972,0.434198744767299,"TSS_more_sig"
0.2,"eld vs kin","652",0.00231250621391609,0.014042694131775,2.6359170915983,1.8525495635511,1.94810748901444,1.97814789594877,0.3638609658204,0.366565414836839,"CLR_more_sig"
0.2,"eld vs kin","666",1.23936586240297e-08,1.795790659694e-10,7.90680047040531,9.74574429163233,-3.89002198229087,-3.85246261225048,0.41715042515271,0.419483261295811,"TSS_more_sig"
0.2,"eld vs kin","667",0.00394270836562364,0.0142717883788432,2.40420534564666,1.84552160261075,2.59096546223285,2.65922800605414,0.572308790265617,0.577423873673687,"CLR_more_sig"
0.2,"eld vs kin","670",0.00494619972936516,0.0139419675261824,2.30572835064965,1.85567593316286,2.12278040219881,2.20672538787681,0.440992817821231,0.436082440342975,"CLR_more_sig"
0.2,"eld vs kin","728",8.69477136300843e-13,1.33923302929853e-14,12.060741833683,13.8731438482806,4.16343043404602,4.16204310656594,0.398813915323573,0.383910004881597,"TSS_more_sig"
0.2,"eld vs kin","744",5.35667558845629e-05,6.27354359742291e-06,4.27110465461828,5.20248707957047,-3.60377807891112,-3.64036374525482,0.522754441598529,0.523698661969073,"TSS_more_sig"
0.2,"eld vs kin","770",0.00220489453860144,0.000515089094759692,2.65661217825908,3.2881176447143,-2.6140124500913,-2.57763240977852,0.419209872403117,0.441691511609903,"TSS_more_sig"
0.2,"eld vs kin","786",2.68062858504978e-06,4.95302880726576e-07,5.57176335559473,6.30512914611402,-3.74527587019701,-3.76564767667975,0.491022049732842,0.514524204355372,"TSS_more_sig"
0.2,"eld vs kin","809",0.0299191293737676,0.0280912944398403,1.52405104829654,1.55142824815594,1.68205282277492,1.70875241902403,0.380759812458162,0.36902222820458,"TSS_more_sig"
0.2,"eld vs kin","825",0.0211713208536485,0.00901912314720069,1.67425204601667,2.04483568317238,2.27305632612614,2.25174561633968,0.470838025514919,0.464709352423509,"TSS_more_sig"
0.2,"eld vs kin","849",0.000103480429475578,0.000126817329571184,3.98514177749621,3.89682139611601,-2.7604772970444,-2.75856170423628,0.400619041063739,0.440511101871077,"CLR_more_sig"
0.2,"eld vs kin","854",6.29748085244968e-05,2.71374672026459e-06,4.20083314430434,5.56643068840969,3.26379831063195,3.27582243426464,0.464088357442799,0.469274993721793,"TSS_more_sig"
0.2,"eld vs kin","857",0.0356687859469981,0.0182299375616614,1.44771167242482,1.73921481882019,1.86485826188553,1.85609229035096,0.415761451859512,0.418700477066332,"TSS_more_sig"
0.2,"eld vs kin","879",0.000598353575597425,0.000131220315048816,3.2230421094016,3.88199892387335,-2.61089922982671,-2.56846753623218,0.415600787448372,0.407417800437723,"TSS_more_sig"
0.2,"eld vs kin","886",1.95400574529222e-11,1.77356597135056e-10,10.7090741636751,9.75115265243555,4.62983304286835,4.65926372873156,0.514476200617909,0.518969134035572,"CLR_more_sig"
0.2,"eld vs kin","888",6.9804082887576e-05,7.07206151075643e-05,4.1561191744587,4.1504539706101,2.80233208771244,2.80758454036659,0.444445204702696,0.437821227167028,"CLR_more_sig"
0.2,"eld vs kin","891",0.000113758873993766,0.00011632430148273,3.9440147153196,3.9343295466873,-3.25631971065607,-3.3780557331246,0.556614284647831,0.573364664954849,"CLR_more_sig"
0.2,"eld vs kin","895",0.000925749185748071,0.000138116553526677,3.03350666126639,3.85975426729783,-3.0488894028604,-3.10749452627296,0.497365238233552,0.509716270346239,"TSS_more_sig"
0.2,"eld vs kin","914",0.00265311788337225,0.00240988374809183,2.57624345301025,2.61800390712636,-2.82994945485283,-2.87584679306052,0.553277234392196,0.553120367586736,"TSS_more_sig"
0.2,"eld vs kin","922",0.00882151162844421,0.0366640082133218,2.05445698905848,1.43576005847438,2.27624465829096,2.26359959333064,0.4533777899216,0.47516197805811,"CLR_more_sig"
0.2,"eld vs kin","926",0.0196308814944387,0.00441813789416265,1.70706019863865,2.35476073352132,2.00679736042476,2.16857907674377,0.42413346698105,0.426543742607605,"TSS_more_sig"
0.2,"eld vs kin","929",0.019025791633784,0.0183911029193546,1.72065726385929,1.73539222522485,2.14677968789666,2.14713178760312,0.471266846009337,0.460390586316801,"TSS_more_sig"
0.2,"eld vs kin","935",0.0239502944943468,0.0073464562072518,1.62068914210397,2.13392210591992,-2.49403437117111,-2.50494196641126,0.537591945795118,0.553407728513639,"TSS_more_sig"
0.2,"eld vs kin","944",0.000392446796184718,0.000130608081393881,3.40621921201316,3.88402995019582,1.99535008564719,2.01476973723835,0.296066954204046,0.294481434569865,"TSS_more_sig"
0.2,"eld vs kin","947",1.56286997569626e-11,4.37699703194797e-12,10.8060771519786,11.3588237478829,4.21626307084295,4.30506371866804,0.434256938353845,0.436469247773695,"TSS_more_sig"
0.2,"eld vs kin","965",0.0261915367821652,0.0395261762793568,1.58183901870216,1.40311519681555,-2.75592998664008,-2.73287043247271,0.594079243762746,0.6026022599887,"CLR_more_sig"
0.2,"eld vs kin","978",4.30307765685284e-21,2.48944452738967e-25,20.3662208162139,24.6038975467201,6.06608935720812,6.12591991962465,0.418283787114768,0.416034467494261,"TSS_more_sig"
0.2,"eld vs kin","984",8.24378003566848e-17,5.41078141274502e-17,16.0838736047834,16.2667400105428,4.92066686648736,4.91003824400805,0.418497524849608,0.417290970976284,"TSS_more_sig"
0.2,"eld vs kin","988",0.000557875413028439,6.0575212610014e-05,3.25346277861719,4.21770505287855,3.11993766359062,3.13505667969545,0.531205610385615,0.514725285646894,"TSS_more_sig"
0.2,"eld vs kin","991",2.86920712917147e-05,7.63594675393511e-06,4.54223809873581,5.11713710863782,-3.72622368312815,-3.76962444779077,0.554331648177912,0.581632241251362,"TSS_more_sig"
0.2,"eld vs kin","1014",1.06418642506582e-08,3.03361674241738e-07,7.97298228530663,6.5180392874804,-4.35049458934707,-4.33860315618894,0.518000091477739,0.529744507565346,"CLR_more_sig"
0.2,"eld vs kin","1019",0.014869423121017,0.00465084271543957,1.8277058801814,2.33246834743144,2.01851764494543,2.07986839567235,0.425222503329056,0.429159445714582,"TSS_more_sig"
0.2,"eld vs kin","1020",0.000948313051525003,0.000327633723435711,3.02304827225391,3.48461140255185,2.43953456544097,2.38359097929981,0.426901301222812,0.421520120677401,"TSS_more_sig"
0.2,"eld vs kin","1021",4.04340876584578e-06,3.04614274658768e-06,5.3932523517216,5.51624974886513,-3.82520897947121,-3.76141259644479,0.547274781275502,0.558253314219056,"TSS_more_sig"
0.2,"eld vs kin","1027",0.00985934121172802,0.0212373424398034,2.00615210307803,1.67289983014893,2.42028045545576,2.45257305471154,0.498955657715,0.509935017836086,"CLR_more_sig"
0.2,"eld vs kin","1030",1.07021782267897e-10,2.94535263754886e-09,9.97052782085692,8.53086270108971,4.04803504745408,4.15401084212245,0.429630205248045,0.44376282487353,"CLR_more_sig"
0.2,"eld vs kin","1043",0.00300523341396034,0.0106363669253138,2.52212179106284,1.97320668912061,2.33636464324763,2.34775767370893,0.415573515913539,0.419951409287768,"CLR_more_sig"
0.2,"eld vs kin","1047",0.0320576273053085,0.00796449151122907,1.49406862441307,2.09884194628051,-1.70118130992071,-1.68995503625452,0.273863376720626,0.290988222187351,"TSS_more_sig"
0.2,"eld vs kin","1059",0.00483420598999857,0.0281817677355608,2.31567484784362,1.55003176872414,2.6946001843667,2.60811063705658,0.589078519571684,0.584336062926679,"CLR_more_sig"
0.2,"eld vs kin","1074",5.6536455325592e-18,8.6935450197948e-19,17.2476714240176,18.0608030925283,4.97298775940062,5.04102209372979,0.391360513200081,0.392442099654154,"TSS_more_sig"
0.2,"eld vs kin","1076",1.65530543234309e-12,7.25632380104266e-12,11.7811218596873,11.1392833458669,4.54436558140793,4.50894770825387,0.436623690726951,0.413825590319823,"CLR_more_sig"
0.2,"eld vs kin","1079",0.020475796010524,0.00523084073388938,1.6887592057454,2.28142850295975,-2.36003609638191,-2.33935958405708,0.476109058759937,0.495031043596331,"TSS_more_sig"
0.2,"eld vs kin","1082",0.000551219682413744,2.4421959110522e-05,3.25867528346061,4.6122195002289,2.92174069706659,3.01796138341272,0.505063588916098,0.498204320193707,"TSS_more_sig"
0.2,"eld vs kin","1089",2.504242978215e-11,2.95785173852694e-11,10.6013235352945,10.5290235986804,2.97769900174036,3.00386637315636,0.282353652024141,0.289176500309849,"CLR_more_sig"
0.2,"eld vs kin","1098",1.54051481041318e-24,2.43833173248651e-28,23.8123341220469,27.6129072093872,6.96096943198655,6.99511941554005,0.44907575983576,0.442611424906996,"TSS_more_sig"
0.2,"eld vs kin","1101",0.0292764876895282,0.0084364537474718,1.53348102694947,2.07384007014595,-2.67123955528338,-2.67800497163388,0.575825500436958,0.584756983957556,"TSS_more_sig"
0.2,"eld vs kin","1104",0.000118182463003161,0.00111767785872919,3.92744696326873,2.95168335238539,-2.84846901324242,-2.77135230220068,0.459444906651091,0.464633367538179,"CLR_more_sig"
0.2,"eld vs kin","1105",1.13896211112926e-08,2.0561422270492e-10,7.94349072298076,9.68694684770873,-4.58949434335825,-4.66339128753798,0.503131336107664,0.517758815312034,"TSS_more_sig"
0.2,"eld vs kin","1108",0.00268686870032854,0.000497619279325262,2.57075355579089,3.30310280206648,2.50676437145191,2.5363070330829,0.43394798225967,0.443576679548123,"TSS_more_sig"
0.2,"eld vs kin","1112",6.50659422704721e-05,1.38120303206818e-05,4.18664627647641,4.85974247694217,-3.59483521417407,-3.59234755863768,0.537917119238679,0.5368912978996,"TSS_more_sig"
0.3,"cent vs mage","4",8.21232448618766e-10,1.53721934187886e-13,9.08553389907536,12.8132641597148,2.20410403313366,2.13366801389272,0.199511051331162,0.18266944999254,"TSS_more_sig"
0.3,"cent vs mage","7",1.76262777713223e-12,1.4922452928293e-13,11.7538393901425,12.826159782382,4.15915742934626,4.10442894018896,0.416211642641954,0.417520514151672,"TSS_more_sig"
0.3,"cent vs mage","8",1.078568139884e-05,2.51594705344468e-06,4.96715241260055,5.59929850259035,2.28332140553901,2.20334972724526,0.309053774464465,0.31452396617804,"TSS_more_sig"
0.3,"cent vs mage","9",3.97004371553891e-05,3.16040596733965e-06,4.40120471104223,5.50025712685909,2.02191763644713,1.94546854685719,0.263670867252146,0.271036711377347,"TSS_more_sig"
0.3,"cent vs mage","10",0.00375799532783965,0.00285337978357969,2.42504376417555,2.54464042009339,1.97961719688405,1.92870121800137,0.402933493523688,0.411468490578395,"TSS_more_sig"
0.3,"cent vs mage","11",4.59589461400091e-05,1.21747238578256e-06,4.33762993844385,5.91454088049383,2.21899387398458,2.15316068908758,0.310176847602593,0.297343980431931,"TSS_more_sig"
0.3,"cent vs mage","14",1.69837628578419e-10,2.2893230521705e-12,9.7699660827993,11.6402929186074,2.70631937305594,2.63493711785366,0.26333986036875,0.259184138904295,"TSS_more_sig"
0.3,"cent vs mage","16",0.00230872833174978,0.000307575860311207,2.63662716754333,3.51204775256706,1.56749131493555,1.49160404692322,0.230126363210957,0.229754206932431,"TSS_more_sig"
0.3,"cent vs mage","19",3.45260499070716e-06,7.58859903285887e-07,5.46185310603203,6.11983839386184,2.51729543990379,2.44286545558201,0.33184998421958,0.34571153705209,"TSS_more_sig"
0.3,"cent vs mage","20",5.16969664035733e-10,1.89095552119011e-11,9.28653494071346,10.7233186864532,2.68260983772449,2.61206215589266,0.265505841791802,0.267909721220051,"TSS_more_sig"
0.3,"cent vs mage","21",1.68807035018677e-11,1.42587826235292e-13,10.772609458148,12.845917551795,2.86637937672795,2.78664558291909,0.264902679578457,0.260977226417312,"TSS_more_sig"
0.3,"cent vs mage","22",0.0364875448838782,0.0330591187091443,1.43785535777142,1.48070872804397,-1.60530519078509,-1.6826439399542,0.326142805956768,0.322834256508835,"TSS_more_sig"
0.3,"cent vs mage","23",6.94764031032719e-06,5.40642220299368e-07,5.15816267371424,6.26709004201305,2.14724933658628,2.06738601769863,0.262185990965953,0.266316053886594,"TSS_more_sig"
0.3,"cent vs mage","24",6.80758660270057e-12,4.39900108971685e-12,11.1670068250764,11.3566459304401,4.46385425319199,4.43701221516587,0.480927677808691,0.492307443649337,"TSS_more_sig"
0.3,"cent vs mage","26",2.78020563158476e-07,5.07144673764173e-09,6.5559230812906,8.29486813128863,3.08332034643487,3.00371868376453,0.371476786846924,0.372635052446772,"TSS_more_sig"
0.3,"cent vs mage","27",0.0405716594233688,0.0402531303615621,1.39177722883317,1.39520034024296,1.48599519312839,1.41464671266003,0.335171719563081,0.351546626037709,"TSS_more_sig"
0.3,"cent vs mage","28",0.00112886315231236,0.00144815334698024,2.94735870271438,2.83918544765466,2.2080366712388,2.18799011278327,0.455668396661819,0.458867583236674,"CLR_more_sig"
0.3,"cent vs mage","30",0.000950584067609511,8.63833953874391e-05,3.02200946903059,4.06356972956557,1.68041479243553,1.62059044653283,0.237159902963069,0.238416846633935,"TSS_more_sig"
0.3,"cent vs mage","32",1.5383273376804e-07,4.9151886120782e-09,6.81295124202343,8.30845981219337,2.1443388147506,2.07187539376803,0.225043597155795,0.228589097579191,"TSS_more_sig"
0.3,"cent vs mage","36",6.61061151399113e-05,2.15025592053316e-06,4.17975836428622,5.66750984787,1.73948748505461,1.66406635742952,0.204855916987131,0.203021628178127,"TSS_more_sig"
0.3,"cent vs mage","37",0.00205648072500217,0.000962614205339104,2.68687535669428,3.01654773370908,1.89958016898277,1.82111977958301,0.339398582006573,0.335684274153164,"TSS_more_sig"
0.3,"cent vs mage","39",6.89780077598251e-09,2.40938943436548e-10,8.16128935318999,9.61809299845458,3.58964255447718,3.51962447912087,0.424827981703059,0.416118236198995,"TSS_more_sig"
0.3,"cent vs mage","42",2.56738756046572e-08,8.21228188388837e-10,7.5905085673757,9.08553615202962,3.46095679536049,3.37203986685391,0.41279141088515,0.412842081323109,"TSS_more_sig"
0.3,"cent vs mage","44",0.00139857022148405,0.000400942844776105,2.85431572304475,3.39691753253566,1.80185718318602,1.73156219356266,0.290523493934839,0.298371853996255,"TSS_more_sig"
0.3,"cent vs mage","47",0.000849444249984348,0.00171977781904462,3.07086511911239,2.76452765669455,2.50940361767632,2.44753851527823,0.495179275240073,0.492929419203581,"CLR_more_sig"
0.3,"cent vs mage","50",0.0371358303394407,0.0310613066244118,1.4302068610225,1.50778027919869,1.28399700823844,1.20964214834697,0.243289333307168,0.249879452821623,"TSS_more_sig"
0.3,"cent vs mage","51",0.0283812337183562,0.0340997619612634,1.54696872989938,1.46724865265767,-1.76746883863903,-1.81751293875737,0.36592365727143,0.379462287273625,"CLR_more_sig"
0.3,"cent vs mage","52",0.00382555462660551,0.00109628505816463,2.4173055921933,2.96007650507494,1.76353169385723,1.68532785310833,0.301364384624116,0.305503184567732,"TSS_more_sig"
0.3,"cent vs mage","54",0.0201984384365652,0.0342679387771247,1.6946822050384,1.46511201767818,1.79089401041235,1.69461945629834,0.420172782347311,0.43072947206845,"CLR_more_sig"
0.3,"cent vs mage","55",9.92187857163488e-06,5.58935900370205e-06,5.00340609235644,5.25263799481789,2.48633286347355,2.38400627028268,0.366858328929703,0.354848639563958,"TSS_more_sig"
0.3,"cent vs mage","56",1.2654854248397e-07,4.19163225127428e-08,6.89774285244025,7.37761682675147,3.01288992317102,2.92266359759788,0.370485424193602,0.373316096397131,"TSS_more_sig"
0.3,"cent vs mage","57",0.0127740802088369,0.0359277259440309,1.89367036122126,1.44457027072226,-1.97986316678229,-2.11245320345711,0.436947225537849,0.464476152143265,"CLR_more_sig"
0.3,"cent vs mage","61",0.000784786929224803,8.84851669068094e-05,3.10524823882486,4.05312952557827,1.87593255531544,1.80452760908623,0.284383673155644,0.282822768004472,"TSS_more_sig"
0.3,"cent vs mage","69",5.54679803177777e-06,3.65675120097576e-06,5.25595764722398,5.43690458730185,2.66164689913425,2.62622614084889,0.391504300314038,0.390489183034147,"TSS_more_sig"
0.3,"cent vs mage","81",0.0417249974353662,0.039969882844177,1.3796036813427,1.39826712469967,1.37117287922412,1.28087422596713,0.296655105321952,0.290943115135998,"TSS_more_sig"
0.3,"cent vs mage","90",2.87057245886853e-06,6.04681315830588e-08,5.54203148621507,7.21847345053915,2.3653303497271,2.28247875662095,0.289586143496625,0.281187906035617,"TSS_more_sig"
0.3,"cent vs mage","92",3.13400341808316e-05,2.06455264733481e-06,4.50390053420634,5.68517403787745,1.93474145395358,1.87035650298586,0.245507316369867,0.23921618306238,"TSS_more_sig"
0.3,"cent vs mage","95",0.00206561544671313,0.00021069734248097,2.68495052740279,3.67634094210015,2.11332984947305,2.01948830769134,0.368685893833334,0.375754729021712,"TSS_more_sig"
0.3,"cent vs mage","100",0.00727579204358232,0.0309218658600586,2.1381197224199,1.50973430814703,-2.6365932285684,-2.75757136010808,0.547716192430634,0.571504998628896,"CLR_more_sig"
0.3,"cent vs mage","106",1.04517708677487e-08,4.70006845313445e-08,7.98081011979844,7.3278958168298,2.76932325025573,2.637406791931,0.325524593294784,0.33581907824207,"CLR_more_sig"
0.3,"cent vs mage","114",7.03833024930728e-07,4.33943123979106e-06,6.15253035925603,5.36256718883013,-3.66661299287293,-3.77018554576636,0.457858006755865,0.498153850093618,"CLR_more_sig"
0.3,"cent vs mage","119",4.28545772757543e-05,5.32013223625166e-06,4.36800278448907,5.27407757282513,1.84649391377462,1.78612125271383,0.24440411018762,0.240981698087635,"TSS_more_sig"
0.3,"cent vs mage","120",0.00278817970673221,0.00643683037425325,2.55467923806077,2.19132793540986,2.29409407763953,2.18927067529321,0.491659507366561,0.496445319310617,"CLR_more_sig"
0.3,"cent vs mage","132",5.2509659292238e-08,6.97915306746632e-08,7.27976079961393,7.15619727658067,-4.27710681023238,-4.3604810505247,0.478679291083268,0.478875447085476,"CLR_more_sig"
0.3,"cent vs mage","141",0.0126928498427903,0.00480198734082678,1.89644085764961,2.31857898918035,2.36494213113866,2.28866918017547,0.552275096313346,0.555417486286127,"TSS_more_sig"
0.3,"cent vs mage","142",2.84447866554349e-06,3.15162514456112e-06,5.54599731922491,5.50146544325413,3.65094261272255,3.58539062172127,0.536969346766591,0.531088275191767,"CLR_more_sig"
0.3,"cent vs mage","143",5.13830245076989e-09,6.98283734879706e-08,8.28918033587456,7.15596807386083,-3.87174732690229,-3.96150153423863,0.439855712601247,0.456429369310546,"CLR_more_sig"
0.3,"cent vs mage","146",0.0172715666492358,0.0328664925816067,1.76266826716564,1.48324664011459,-1.96308660912313,-2.09986216177535,0.403368255961118,0.442265338951346,"CLR_more_sig"
0.3,"cent vs mage","148",0.00180882338752719,0.0314567510530785,2.74260383533301,1.50228613462385,-2.73239976533459,-2.7618823538647,0.489045762767747,0.511416855054216,"CLR_more_sig"
0.3,"cent vs mage","155",0.0028458018224243,0.000834222950307242,2.54579534684636,3.07871786645052,2.61210212010533,2.59991426166529,0.474162768900053,0.462940030749906,"TSS_more_sig"
0.3,"cent vs mage","168",4.34011025537352e-07,2.32399468220462e-06,6.36249923760912,5.63376487003895,3.40516874293068,3.50619307988719,0.451504854417956,0.448610794198504,"CLR_more_sig"
0.3,"cent vs mage","169",0.000558795622862526,0.0215132229439842,3.25274700444421,1.66729452211203,-2.36876341805062,-2.44188776244425,0.4082604252693,0.443973928311937,"CLR_more_sig"
0.3,"cent vs mage","184",0.0307479864934742,0.027552800910404,1.51218331837326,1.55983424588289,2.43849105078759,2.34588737004256,0.541598200873504,0.55473386185649,"TSS_more_sig"
0.3,"cent vs mage","191",0.0466292689953867,0.0375519776281146,1.33134139290404,1.42536718647975,-1.98030623488568,-2.06251286002529,0.467668185637724,0.458928969958106,"TSS_more_sig"
0.3,"cent vs mage","208",0.0103989112066158,0.0106555007942022,1.98301213009665,1.97242613421373,1.80810843465873,1.75051742801573,0.395817809444603,0.399700714772667,"CLR_more_sig"
0.3,"cent vs mage","210",5.09406662673832e-09,2.06712355566019e-10,8.29293537907488,9.68463356404144,-4.26972311480437,-4.32695084428801,0.458264371065017,0.458275995676002,"TSS_more_sig"
0.3,"cent vs mage","212",0.000112011728299118,0.000434584170874677,3.95073650171448,3.36192609630122,2.35021266431476,2.26606982886598,0.374301022934342,0.368369373514766,"CLR_more_sig"
0.3,"cent vs mage","219",7.26636907729665e-07,1.35004718016266e-07,6.13868254699594,6.86965105392999,-3.86001410630141,-3.88931192054591,0.460630946873498,0.468335817120826,"TSS_more_sig"
0.3,"cent vs mage","274",0.0452921396767803,0.0287995901959308,1.34397716203136,1.54061369199466,-1.94202188162949,-1.97965123290865,0.490454881584213,0.495070159196115,"TSS_more_sig"
0.3,"cent vs mage","287",0.0149566641599192,0.0351205543648399,1.82516525797464,1.45443863753556,-1.93936377884317,-2.00120734400594,0.426794771259428,0.444369433066922,"CLR_more_sig"
0.3,"cent vs mage","289",0.00159357910775816,0.000961867320589828,2.7976263725981,3.01688483015521,-2.45742060676234,-2.52860711067184,0.464611119234431,0.488650237322801,"TSS_more_sig"
0.3,"cent vs mage","294",4.61792228060828e-06,1.07759848453617e-05,5.33555338051087,4.96754302804792,2.81897210715826,2.85211194447972,0.391097670151257,0.386072014037861,"CLR_more_sig"
0.3,"cent vs mage","353",5.82616091344368e-06,0.00029744945290111,5.23461752471083,3.52658682553629,-3.16468702761769,-3.32323602368643,0.448893366726876,0.450964660918384,"CLR_more_sig"
0.3,"cent vs mage","363",0.0499885473109344,0.032050637424622,1.30112948385177,1.49416332878968,-1.89448500742565,-2.04353605012325,0.430606686879258,0.455752032738738,"TSS_more_sig"
0.3,"cent vs mage","372",0.027157911288469,0.0456610826685159,1.56610363464096,1.3404537951807,-2.04830406512237,-2.07802868565448,0.471506634773432,0.477092705470799,"CLR_more_sig"
0.3,"cent vs mage","401",0.0390702000065768,0.0321799984683095,1.4081543655469,1.49241398090836,-1.9738378558641,-2.09443688778124,0.44243391060953,0.430349976267693,"TSS_more_sig"
0.3,"cent vs mage","453",0.0432378103379865,0.0410056668407045,1.36413630783179,1.38715612114408,-2.08444947795569,-2.04248624963536,0.470924033289568,0.461565652611415,"TSS_more_sig"
0.3,"cent vs mage","464",0.0303017277015487,0.0376260332332007,1.51853260879611,1.42451156525016,-2.18681807700268,-2.16203569763507,0.47805086375983,0.472936793160527,"CLR_more_sig"
0.3,"cent vs mage","528",0.0485511018513092,0.0339575224874088,1.31380090947352,1.46906400303636,-1.91594204376444,-2.01612995924151,0.413725517968916,0.435618319905432,"TSS_more_sig"
0.3,"cent vs mage","546",0.0134122852307265,0.0343290278058834,1.87249721927443,1.46433849556984,-2.05632960190607,-2.09083538087542,0.425378146227625,0.43548258014097,"CLR_more_sig"
0.3,"cent vs mage","652",0.000253115271620915,4.65949645269813e-06,3.59668165104638,5.33166101456125,2.33183774520705,2.27299638864372,0.297046577236353,0.305589429799684,"TSS_more_sig"
0.3,"cent vs mage","671",1.56779902431784e-05,1.56072731692975e-06,4.80470961016171,5.80667296823638,2.57090246346062,2.46462012963868,0.351655660557465,0.36024933509938,"TSS_more_sig"
0.3,"cent vs mage","675",0.000394413087752641,0.000544907816568141,3.40404868236053,3.26367696220405,-2.89682530391964,-3.0085726329991,0.469194480982266,0.469223345504698,"CLR_more_sig"
0.3,"cent vs mage","728",3.70009084723998e-07,4.52645275511729e-08,6.43178761269769,7.34424200822156,2.51413189126968,2.43190122423571,0.307785768753364,0.30064449241055,"TSS_more_sig"
0.3,"cent vs mage","737",0.049237321919522,0.0373938128504679,1.30770557692682,1.42720024986333,-2.04644731581402,-2.11055136676967,0.474595006469128,0.466887950455743,"TSS_more_sig"
0.3,"cent vs mage","762",0.00147358068763979,5.3352988701809e-05,2.83162607885897,4.27284124746072,2.54059994234496,2.49215941074912,0.383908411454315,0.384632831071339,"TSS_more_sig"
0.3,"cent vs mage","769",0.00469625589809108,0.0286129039653668,2.32824824649192,1.5434380627773,-2.0981829002751,-2.19812155356246,0.441287962988698,0.461979975432646,"CLR_more_sig"
0.3,"cent vs mage","770",0.00184868943378976,0.02051196843049,2.73313604098789,1.68799266057365,-2.0595061561255,-2.13480354248172,0.327750133026134,0.3472417882161,"CLR_more_sig"
0.3,"cent vs mage","788",0.00132380435029615,0.00093958654332214,2.87817619606357,3.0270632117782,2.61427768136335,2.55064540450817,0.508752263914165,0.536421706678253,"TSS_more_sig"
0.3,"cent vs mage","798",0.0017973478695646,0.00306206914890148,2.74536785877799,2.5139850061109,2.26843306484128,2.12994586698373,0.408951711696841,0.433526899927411,"CLR_more_sig"
0.3,"cent vs mage","814",0.00479041457833985,0.0142007629483006,2.31962689967645,1.84768832214258,2.30800077113798,2.15711650889148,0.463525866550072,0.477082316148694,"CLR_more_sig"
0.3,"cent vs mage","816",0.0418577517224642,0.0387661198949417,1.37822410234109,1.41154766539838,-1.70829877472614,-1.79698150544698,0.39496019633551,0.414078109401506,"TSS_more_sig"
0.3,"cent vs mage","825",0.0142813060071431,0.0134934717209514,1.84523207506963,1.86987629678683,1.91551154527369,1.73510552950676,0.372960857261005,0.384723781754538,"TSS_more_sig"
0.3,"cent vs mage","829",5.12529934930392e-05,3.18030045742628e-06,4.29028076403724,5.49753184830543,2.58012311924732,2.54803627252915,0.387218793744197,0.393334160515815,"TSS_more_sig"
0.3,"cent vs mage","834",0.000373205299607214,0.000201519294528871,3.4280521977931,3.69568336586899,2.25527004178651,2.16080936062293,0.400566981730713,0.390555754201768,"TSS_more_sig"
0.3,"cent vs mage","848",3.62485009764767e-05,7.16092510763545e-06,4.44070994857176,5.14503086830832,2.38197629036323,2.29646014659664,0.319515542592889,0.333352896749818,"TSS_more_sig"
0.3,"cent vs mage","849",0.0277811236805351,0.0351476468700811,1.55625019206182,1.45410374562418,-1.83991889157029,-1.89664248765823,0.379402685094701,0.416578703801143,"CLR_more_sig"
0.3,"cent vs mage","854",1.85183475062573e-05,5.27675176958264e-07,4.73239777040428,6.27763333554358,3.34553656062311,3.31737845470655,0.454535730706618,0.469041085784659,"TSS_more_sig"
0.3,"cent vs mage","857",2.06906651228603e-05,6.44079413643168e-06,4.68422554826394,5.19106058173844,2.48133199165576,2.45376990076577,0.333817847613015,0.340402719335714,"TSS_more_sig"
0.3,"cent vs mage","867",0.0416537520055216,0.0101402128883251,1.38034587296299,1.9939529271275,1.27721250917293,1.21726185677692,0.266149995491469,0.27024319049444,"TSS_more_sig"
0.3,"cent vs mage","884",0.0401644767302993,0.0352525929318245,1.39615788672682,1.45280893386213,-1.73480942945016,-1.78552537451571,0.399265814770009,0.389111553319585,"TSS_more_sig"
0.3,"cent vs mage","886",4.8884746818055e-05,3.02473992597632e-05,4.31082662975413,4.51931196103433,3.38099269626518,3.27839656670126,0.519695745892611,0.539960229891812,"TSS_more_sig"
0.3,"cent vs mage","912",0.0301767268180589,0.0346396661931774,1.52032786866735,1.46042630173436,-2.1954850934311,-2.2242753407112,0.472806470087867,0.468860011754528,"CLR_more_sig"
0.3,"cent vs mage","917",0.0251507604363286,0.015469413801369,1.59944887946258,1.81052614316257,-2.41455405964253,-2.45487251409896,0.479101647916628,0.501025490684615,"TSS_more_sig"
0.3,"cent vs mage","921",3.66302267069301e-07,7.86480058044382e-08,6.43616039344946,7.1043122848539,-3.82090257884371,-3.7868282361046,0.471785520328083,0.461096218690191,"TSS_more_sig"
0.3,"cent vs mage","925",0.0408175759664497,0.0373441629822146,1.38915279030231,1.42777727022657,-1.86133626220514,-1.90955686889308,0.429809358640167,0.438325367317735,"TSS_more_sig"
0.3,"cent vs mage","944",0.00736190664754737,0.000469429915334023,2.13300969391354,3.32842923759531,1.67352682728106,1.62245637503028,0.293802518219501,0.283351167672183,"TSS_more_sig"
0.3,"cent vs mage","947",0.000946260990531175,0.000341997749736692,3.02398906326537,3.46597675148817,2.61313231594405,2.52621997222617,0.4112641968548,0.410884846763929,"TSS_more_sig"
0.3,"cent vs mage","966",0.0261002317204774,0.0340253806674301,1.58335563693459,1.46819700731964,-2.33838269519075,-2.37751499601149,0.525824501325184,0.527165127129521,"CLR_more_sig"
0.3,"cent vs mage","975",0.0267313673350174,0.0384954532001269,1.57297882609699,1.41459056313322,-2.0474154291704,-1.98879035505654,0.446539007089147,0.444887929479017,"CLR_more_sig"
0.3,"cent vs mage","978",1.05948703282326e-08,1.79610606791418e-07,7.97490435429794,6.74566801992392,3.35608720888359,3.29355712645116,0.453489692502721,0.452990025206655,"CLR_more_sig"
0.3,"cent vs mage","984",8.10304057659299e-05,0.000357163227217252,4.09135198632474,3.44713326153806,2.68476011515345,2.57989505839697,0.427543676875341,0.428622865019558,"CLR_more_sig"
0.3,"cent vs mage","989",0.000461643093069168,0.000574652273263576,3.33569365780592,3.24059487093483,2.443722982619,2.36169059205188,0.370647603355245,0.384838625948782,"CLR_more_sig"
0.3,"cent vs mage","1004",0.00685679792267501,0.010547189372347,2.16387864947882,1.97686325626248,-2.20231595228879,-2.34814781899719,0.452314576494273,0.462367011877762,"CLR_more_sig"
0.3,"cent vs mage","1017",0.00055424626327204,0.000244579016777547,3.25629722621673,3.61158080522543,2.34141733899461,2.2773622381955,0.385122221805827,0.39560666594106,"TSS_more_sig"
0.3,"cent vs mage","1019",0.000304764202818088,0.00691635486124937,3.51603604596621,2.16012273223895,-2.6526906993388,-2.65492838482417,0.394841837717285,0.387651569485605,"CLR_more_sig"
0.3,"cent vs mage","1021",0.0233901981649347,0.0213032513916244,1.63096609877344,1.67155410765619,2.04906461770735,1.98759893920741,0.522378834938255,0.513910458496501,"TSS_more_sig"
0.3,"cent vs mage","1030",0.00106165943533044,0.000274362888982856,2.97401477617085,3.56167463276097,2.49199190368688,2.45972206856262,0.40618483975385,0.413184582330652,"TSS_more_sig"
0.3,"cent vs mage","1040",0.046970939161311,0.0417983857960013,1.32817075622089,1.37884048983802,-1.86644185837384,-1.95086578947083,0.43961048326622,0.451285713307253,"TSS_more_sig"
0.3,"cent vs mage","1043",7.9270372894326e-08,3.85037385382331e-07,7.10088909884499,6.41449710042139,2.77812451772424,2.73490266185745,0.317714267607231,0.324390810132342,"CLR_more_sig"
0.3,"cent vs mage","1047",0.0214787760348249,0.0148120448331322,1.66799047048025,1.82938498209704,1.47370739503522,1.40223703295688,0.281826489430216,0.297871334573365,"TSS_more_sig"
0.3,"cent vs mage","1058",0.0152355659574492,0.014717741390442,1.81714140835093,1.83215883245296,-2.70992160559752,-2.72802252536825,0.46186758807818,0.463855565737483,"TSS_more_sig"
0.3,"cent vs mage","1074",1.42230709263831e-08,1.28902110764015e-06,7.84700662425373,5.88973997104335,3.37148970824965,3.24891763099619,0.387607549456248,0.375662630912861,"CLR_more_sig"
0.3,"cent vs mage","1076",0.000530709749518222,0.00222880000524813,3.27514293399663,2.65192889989748,2.60785956836785,2.53691969423711,0.431004114134006,0.423521068482702,"CLR_more_sig"
0.3,"cent vs mage","1079",0.0137246171734045,0.0299111519302057,1.86249976066998,1.5241668612148,-2.00498761144701,-2.12190645373768,0.409557216203423,0.422549479962074,"CLR_more_sig"
0.3,"cent vs mage","1083",0.0184334212807748,0.0267434594467157,1.73439405135362,1.57278241452202,1.69339766767297,1.5965566425436,0.37204972621262,0.390999475947717,"CLR_more_sig"
0.3,"cent vs mage","1087",2.47176176192435e-07,2.20257246274076e-08,6.60699339056853,7.65706979476573,3.88964004527714,3.80534129155915,0.492817086287753,0.499264499651262,"TSS_more_sig"
0.3,"cent vs mage","1089",0.00367884948379845,0.000885564030988287,2.43428798050075,3.05278003153826,1.65641625697031,1.5793013190926,0.26639824196331,0.25991407066756,"TSS_more_sig"
0.3,"cent vs mage","1090",0.00437683374268387,0.00836996040841812,2.35883995007556,2.07727659630139,1.62373992036985,1.57647228925979,0.316306425689093,0.328889481637182,"CLR_more_sig"
0.3,"cent vs mage","1091",0.000963241418847579,0.00235918696817988,3.01626485126253,2.62723763943184,2.78227576848321,2.65156750299285,0.48525731794176,0.486854402769452,"CLR_more_sig"
0.3,"cent vs mage","1092",0.0392611103960037,0.030457189671664,1.40603742169888,1.51631017212263,1.58425910861557,1.47358086622722,0.342637356484293,0.35450875048901,"TSS_more_sig"
0.3,"cent vs mage","1098",1.17884452073922e-13,9.84820935806086e-14,12.9285434707639,13.0066427275337,4.5367158686179,4.49284138126325,0.437041140677439,0.443351941480539,"TSS_more_sig"
0.3,"cent vs mage","1104",0.00887111060339282,0.0261884421066736,2.05202200601589,1.58189033603826,-2.35893861365657,-2.42352776860188,0.426027065446899,0.451631918361874,"CLR_more_sig"
0.3,"eld vs kin","3",2.98403662890578e-13,3.07859571169189e-11,12.5251958502228,10.511647339908,-4.69469609689149,-4.37716082363302,0.430417242391923,0.446874662261023,"CLR_more_sig"
0.3,"eld vs kin","4",1.11167512590696e-11,6.82497839808996e-12,10.9540221117108,11.1658987188814,2.51634460897932,2.85422994250154,0.227566246664536,0.221256248122415,"TSS_more_sig"
0.3,"eld vs kin","5",5.66743349844261e-05,0.000345154614721031,4.24661356717478,3.46198631571481,-2.75347739124117,-2.41977238349711,0.384112450354238,0.383841578751336,"CLR_more_sig"
0.3,"eld vs kin","7",1.31441941568385e-29,4.49163913659693e-31,28.8812660344314,30.3475951427223,7.59790067379956,7.91761778019161,0.474674133304306,0.464345960710191,"TSS_more_sig"
0.3,"eld vs kin","8",0.00276118991618956,0.00145729820520617,2.55890372131561,2.83645156997058,2.01437480802145,2.35270908441579,0.381081065505806,0.392924806191766,"TSS_more_sig"
0.3,"eld vs kin","10",0.00182118564101072,0.00378813557927387,2.73964578250968,2.4215744857731,-2.69895931957719,-2.36976922527521,0.482736677704442,0.473778950679703,"CLR_more_sig"
0.3,"eld vs kin","11",2.16365953666419e-10,2.2272637085175e-10,9.6648110767359,9.65222835935856,3.21466322926376,3.53634643030956,0.348868678290825,0.34892473150835,"CLR_more_sig"
0.3,"eld vs kin","14",3.64115306269592e-11,4.43452365212407e-11,10.4387610642995,10.3531530243925,2.84762144026303,3.18425195434873,0.279700099126352,0.276170866144753,"CLR_more_sig"
0.3,"eld vs kin","15",9.0549807805797e-06,3.47496626330759e-06,5.04311246714971,5.45904940739918,2.98410570009708,3.29856251953113,0.451177817113213,0.433210216422048,"TSS_more_sig"
0.3,"eld vs kin","16",7.39173783697114e-14,3.02602717424151e-13,13.1312534446526,12.5191271762566,3.00322434832867,3.33630654453619,0.262126451678425,0.266509984346221,"CLR_more_sig"
0.3,"eld vs kin","21",1.43470410589385e-21,2.49348043712885e-21,20.8432376588102,20.6031940347367,4.09035054717376,4.42193966697733,0.29616076705696,0.293606613843475,"CLR_more_sig"
0.3,"eld vs kin","23",7.51026312208805e-07,8.47781751196985e-07,6.12434484722098,6.07171593601001,2.40568105508332,2.73559145602614,0.297654846029427,0.30885024647536,"CLR_more_sig"
0.3,"eld vs kin","25",5.84580024701169e-07,8.54143167432621e-07,6.23315602871562,6.06846932882529,3.01880099334621,3.36013903455328,0.410230379690105,0.421914348816979,"CLR_more_sig"
0.3,"eld vs kin","26",3.47938066052406e-05,1.55508116638378e-05,4.45849805480475,4.80824693834605,2.44079582834117,2.76625649704877,0.368312323893552,0.363551690775435,"TSS_more_sig"
0.3,"eld vs kin","29",1.91282592567918e-07,1.90619748622179e-07,6.71832455059831,6.71983210751018,2.43798386540188,2.76958496805845,0.290165330809708,0.292833260020416,"TSS_more_sig"
0.3,"eld vs kin","31",4.63990028487314e-07,6.09898829334305e-07,6.33349135267673,6.21474220024476,3.56618140716203,3.9063017292825,0.520611979362559,0.532257332508916,"CLR_more_sig"
0.3,"eld vs kin","32",0.00136754611699773,0.0010014578618052,2.86405801927612,2.99936731973085,1.75420544413854,2.0889829126298,0.278109423146472,0.29089939328696,"TSS_more_sig"
0.3,"eld vs kin","33",4.78392896920921e-05,9.19331748267588e-05,4.32021527728668,4.03652774166798,-3.18330068736531,-2.8602869110365,0.455021155130085,0.463119644687985,"CLR_more_sig"
0.3,"eld vs kin","36",1.50590119757542e-06,3.89989080411047e-06,5.8222035213328,5.4089475529315,2.10550235526491,2.44185866556286,0.255320520108184,0.262062836815873,"CLR_more_sig"
0.3,"eld vs kin","47",0.000344711997033869,5.05966820180313e-05,3.46254360155016,4.29587796198444,2.88362386301789,3.20652711647549,0.542219967184745,0.534653285273457,"TSS_more_sig"
0.3,"eld vs kin","49",0.00215653461477378,0.000608207166526781,2.66624356655369,3.21594846685434,1.96613751780677,2.3203180273047,0.35354335175486,0.361624248458036,"TSS_more_sig"
0.3,"eld vs kin","55",0.000292046460029033,0.000167133415505758,3.53454805358856,3.7769367115732,2.52968274882712,2.87002229984848,0.429786229993386,0.425920996127425,"TSS_more_sig"
0.3,"eld vs kin","57",0.00515412483927471,0.0238216405326979,2.28784506650853,1.62302833312342,-2.38535383204877,-2.06022840412946,0.471796300843839,0.4836358418212,"CLR_more_sig"
0.3,"eld vs kin","58",0.00717090187308129,0.0023378710189106,2.14442622036133,2.63117945267827,1.80807227191187,2.17745172320817,0.350646865673322,0.371893766801436,"TSS_more_sig"
0.3,"eld vs kin","61",0.000263389872878405,0.000206187636994388,3.57940092731493,3.68573737855824,2.22738206803604,2.52012507676886,0.362907871640838,0.353630859498915,"TSS_more_sig"
0.3,"eld vs kin","65",5.40888401792181e-05,0.000719390025270486,4.26689233098474,3.14303558820227,-2.63299117662155,-2.32398700755186,0.378405216084263,0.373710563128334,"CLR_more_sig"
0.3,"eld vs kin","67",7.24113304040319e-12,6.4733313732505e-10,11.1401934732096,9.18887216064921,-5.45022014850583,-5.02051642510072,0.562050711909163,0.568803991173467,"CLR_more_sig"
0.3,"eld vs kin","70",0.00234735702933645,0.000700039238125993,2.62942084986531,3.15487761652288,2.57393634979704,2.94562177888564,0.520925227629758,0.50611330524413,"TSS_more_sig"
0.3,"eld vs kin","71",0.00338704690894022,4.00871943638134e-05,2.47017878854792,4.3969943382357,2.67150405622481,3.17749944242798,0.534697897650552,0.532421128121289,"TSS_more_sig"
0.3,"eld vs kin","74",4.54106060002721e-08,8.98638311095618e-09,7.34284270244129,8.04641507033819,3.83259610463667,4.11063107346645,0.498531841821885,0.494504991563965,"TSS_more_sig"
0.3,"eld vs kin","77",8.81207608064428e-05,7.76127568161072e-05,4.05492176194554,4.11006689008835,2.31896709520024,2.71085760812337,0.351832522605448,0.368988908816619,"TSS_more_sig"
0.3,"eld vs kin","79",1.16086527375245e-07,1.6408915191429e-05,6.93521818014173,4.78492012960805,-3.74028171424186,-3.41504177646632,0.468549761514664,0.487303418181021,"CLR_more_sig"
0.3,"eld vs kin","80",1.01603827497105e-05,1.91313873738436e-05,4.99308993152491,4.71825353457506,2.47144223356941,2.82221084627654,0.35943515883329,0.352123643499452,"CLR_more_sig"
0.3,"eld vs kin","82",1.0105550220525e-05,0.00105873550426535,4.99544003531717,2.97521252278701,-3.82475296549015,-3.36997764054052,0.590180199287517,0.606913716919205,"CLR_more_sig"
0.3,"eld vs kin","83",1.73560959124217e-05,0.000299916270082263,4.76054795855894,3.52299997366934,-3.41511637019243,-3.06341017679706,0.497596487858854,0.525568971001066,"CLR_more_sig"
0.3,"eld vs kin","84",4.70679983266302e-05,2.75800887423435e-06,4.32727427065842,5.55940434076176,-3.73871302937582,-3.44342427239347,0.457195530559397,0.484371267368454,"TSS_more_sig"
0.3,"eld vs kin","87",0.00148940940392295,0.0300120390567344,2.82698590840929,1.52270449704417,-2.7998011788379,-2.44483277808782,0.507763645807625,0.526995706846354,"CLR_more_sig"
0.3,"eld vs kin","89",6.01151685820863e-16,3.02447248373426e-13,15.2210159306542,12.5193503622946,4.94006614572441,5.29205184992138,0.446197949183703,0.448871033844814,"CLR_more_sig"
0.3,"eld vs kin","91",1.18041442779981e-06,7.18309046852717e-06,5.92796549090746,5.14368866374424,-4.20521259334752,-3.89482066947969,0.567656396558101,0.581681511204892,"CLR_more_sig"
0.3,"eld vs kin","100",0.000129816828588848,0.000651723386622112,3.88666900484276,3.18593669438157,-3.73592790183471,-3.27991577914975,0.54456629328249,0.564729653584125,"CLR_more_sig"
0.3,"eld vs kin","102",0.00331116483819895,0.014732395917008,2.48001919842695,1.83172661847166,-2.79418143511176,-2.49650145208837,0.517412586179522,0.541787448700178,"CLR_more_sig"
0.3,"eld vs kin","103",0.0017144023253244,0.00052277021755767,2.76588725291182,3.28168916232866,2.3429825110101,2.62420683386539,0.444145195409127,0.454981008568787,"TSS_more_sig"
0.3,"eld vs kin","110",0.0230545483119338,0.0354541267600869,1.63724338212192,1.45033320688925,-2.36988549262913,-2.07796943696189,0.509012582740601,0.528557997012934,"CLR_more_sig"
0.3,"eld vs kin","111",9.68664975539864e-06,0.000800351940101722,5.01382640296242,3.09671899796596,-3.10505756653088,-2.85507251708807,0.438749929337274,0.456811492809554,"CLR_more_sig"
0.3,"eld vs kin","115",0.0078929306380957,0.0233204840721182,2.10276171369339,1.63226243900445,-2.52438067438715,-2.26651062822637,0.540801719684688,0.558324048752505,"CLR_more_sig"
0.3,"eld vs kin","118",0.0136922243567701,0.024721782917244,1.86352599325393,1.60692021144735,-2.16069948958185,-1.84163696252622,0.391565168738237,0.388614522067903,"CLR_more_sig"
0.3,"eld vs kin","119",7.82286265687624e-06,1.09855589523161e-06,5.1066342944356,5.95917784099829,2.49350868228596,2.80336061056501,0.317557612095549,0.316060676043653,"TSS_more_sig"
0.3,"eld vs kin","121",4.99053725368033e-12,1.41744876251395e-12,11.3018526981143,11.8484926308898,4.6001428813927,4.92355472310673,0.48113348715754,0.491543159034897,"TSS_more_sig"
0.3,"eld vs kin","124",0.000178273438614235,4.50901506882951e-05,3.74891335857773,4.34591831330763,2.62349605100213,2.94583991507875,0.431931240626877,0.428230712894013,"TSS_more_sig"
0.3,"eld vs kin","125",0.000615328493077997,0.000180211047512113,3.21089297423419,3.74421858890366,3.08506278270908,3.29271971929506,0.530715497621818,0.532148889776456,"TSS_more_sig"
0.3,"eld vs kin","128",0.0136835916554294,0.0477537016725243,1.86379989447235,1.32099295803538,-2.65060330455657,-2.24580453854122,0.558797655529973,0.582133955554042,"CLR_more_sig"
0.3,"eld vs kin","130",0.00114521241663196,0.0212366994309011,2.94111395191353,1.67291297960237,-3.21970385099833,-2.8677307471432,0.57705844098534,0.607383563910391,"CLR_more_sig"
0.3,"eld vs kin","133",0.00566918182985576,0.044949440852251,2.2464796134912,1.34727570629543,-2.45098833345156,-2.02211520883425,0.459379118029587,0.501657780031547,"CLR_more_sig"
0.3,"eld vs kin","138",8.61459929409615e-11,1.01611048543072e-11,10.064764918844,10.9930590670481,3.91818785219242,4.28218270733906,0.437305698696118,0.437779756269528,"TSS_more_sig"
0.3,"eld vs kin","139",1.01636752215861e-05,0.000240384347011196,4.99294922120201,3.61909381548789,-3.88639667488854,-3.56682333862767,0.548985605024052,0.52954365872299,"CLR_more_sig"
0.3,"eld vs kin","147",0.0477653442385397,0.0155381153900728,1.32088708800386,1.80860165769251,-2.75239129270146,-2.41674037522357,0.573635635822978,0.556968925687033,"TSS_more_sig"
0.3,"eld vs kin","151",6.61577539485324e-15,1.34184063679052e-14,14.1794192474748,13.8722990599287,5.37951262262817,5.69687801903936,0.474167554885747,0.4816253090744,"CLR_more_sig"
0.3,"eld vs kin","162",0.0139899894551798,0.0482136023948376,1.85418261285334,1.31683041795175,-2.71274918105892,-2.32338433498986,0.600865937898137,0.605186794232751,"CLR_more_sig"
0.3,"eld vs kin","163",0.00572151617287425,0.0310341804157764,2.24248887011254,1.50815971944584,-2.83222897296423,-2.45208034153868,0.554274468519381,0.574510728038506,"CLR_more_sig"
0.3,"eld vs kin","164",3.6183824533383e-06,4.51797129694163e-07,5.44148553128602,6.34505653251691,3.22494283424426,3.65279770882603,0.462545586312872,0.4652448254414,"TSS_more_sig"
0.3,"eld vs kin","169",6.72954788573776e-05,0.000442782737455364,4.17201411219874,3.35380931908062,-3.40609355935918,-3.0029101626148,0.499758427672868,0.52474768307596,"CLR_more_sig"
0.3,"eld vs kin","172",0.00254813847940202,0.0111449647283298,2.59377697382258,1.95292130164009,-2.71817223354477,-2.34505279996654,0.448686643527351,0.462008198244888,"CLR_more_sig"
0.3,"eld vs kin","181",0.0111717559224859,0.0140023736709642,1.95187856121624,1.85379833683459,-2.4153429854991,-2.15707251121328,0.465583492921318,0.486345848738428,"CLR_more_sig"
0.3,"eld vs kin","206",0.00110024261765143,0.00556898110822111,2.95851153676093,2.2542242553746,2.87232066538425,3.25246344886963,0.538997649490196,0.543258735379459,"CLR_more_sig"
0.3,"eld vs kin","207",6.75202318802881e-07,3.3790133387111e-08,6.17056607491089,7.47121009383706,3.6173890372662,3.89008158697571,0.456105223017177,0.461957747232765,"TSS_more_sig"
0.3,"eld vs kin","222",3.28803234880998e-05,3.02977516020578e-06,4.48306391837026,5.51858959932114,3.34202431963612,3.60856490290967,0.503106782928202,0.515057492453858,"TSS_more_sig"
0.3,"eld vs kin","223",0.0072230670206315,0.00588566221084775,2.14127835543524,2.23020466649303,2.68703034822665,3.02997301089772,0.520477287201147,0.532264032513084,"TSS_more_sig"
0.3,"eld vs kin","246",0.00013307994827612,1.72953843430297e-05,3.87588737659943,4.76206978252488,2.95378077480911,3.27778780589162,0.483492631749,0.477836986524776,"TSS_more_sig"
0.3,"eld vs kin","247",0.0378056514727198,0.0370252563219023,1.4224432737089,1.43150192622195,2.2456526645202,2.47442469744645,0.515874748710139,0.506641149659581,"TSS_more_sig"
0.3,"eld vs kin","252",0.0193381386893532,0.0397657610888651,1.71358532941766,1.40049070103893,-2.34150777367323,-2.02316722457302,0.467117428123633,0.477826631475047,"CLR_more_sig"
0.3,"eld vs kin","265",0.014853910405813,0.000119407939140554,1.82815919994233,3.92296679707341,2.53766059562089,3.0271079935936,0.478928305891005,0.469199848628143,"TSS_more_sig"
0.3,"eld vs kin","267",0.000750585740488199,0.0140677160594572,3.12459969050396,1.85177640599736,-3.24080082267789,-2.7410832904136,0.601927216645031,0.618766904397782,"CLR_more_sig"
0.3,"eld vs kin","282",0.000178466021947986,0.00401202377582466,3.7484444567795,2.396636501953,-2.89788132748972,-2.52278621112541,0.470196313088016,0.478015445253093,"CLR_more_sig"
0.3,"eld vs kin","294",0.000261266771474718,0.0011008310886381,3.58291582135884,2.95827931399835,2.71551597366776,2.91456906918172,0.44698317012848,0.442040896234963,"CLR_more_sig"
0.3,"eld vs kin","329",0.000207786230571756,0.000369341739423929,3.68238323533919,3.43257160982216,2.79194323334516,3.12717402700721,0.432482298138566,0.435505419332973,"CLR_more_sig"
0.3,"eld vs kin","344",3.1899975911546e-06,1.54332243977653e-07,5.49620964488911,6.81154332916281,3.13777974212084,3.44375588462265,0.416607927361312,0.414339572891769,"TSS_more_sig"
0.3,"eld vs kin","390",0.0481739000007698,0.0479364281492579,1.31718819320702,1.31933432935241,1.95767686959508,2.09722727841391,0.511549334541108,0.518187880728919,"TSS_more_sig"
0.3,"eld vs kin","435",0.00209476225058168,0.00140406307542005,2.67886526106031,2.85261338174214,2.8293142071918,3.01186902082966,0.567078106500691,0.561215000902142,"TSS_more_sig"
0.3,"eld vs kin","473",0.0045240453319159,0.0159212663761629,2.34447305199983,1.79802239147861,-2.68772126642293,-2.30948723385197,0.52273783291243,0.534276933675323,"CLR_more_sig"
0.3,"eld vs kin","614",0.00190374780129385,0.0023845878033935,2.72039058523778,2.62258668169007,-2.75254541566476,-2.53252555680204,0.493632889337575,0.488731957595665,"CLR_more_sig"
0.3,"eld vs kin","616",0.000350071441186093,0.00299875828089024,3.455843317516,2.52305853974442,-2.63765226661995,-2.27931775709505,0.418316762383807,0.443803554156588,"CLR_more_sig"
0.3,"eld vs kin","652",0.00287552463152738,0.000228440228389186,2.54128290791651,3.64122741430961,1.9528833840625,2.33183442882363,0.357572704642771,0.361398752717127,"TSS_more_sig"
0.3,"eld vs kin","666",5.20816443213186e-10,9.81128953781831e-07,9.28331531268099,6.00827390777265,-3.8218023024705,-3.51139329694959,0.410308500156345,0.42117793993744,"CLR_more_sig"
0.3,"eld vs kin","667",0.0254257089308401,0.00183140723591113,1.59472692904594,2.73721507424333,2.38021425563765,2.90264842987674,0.551699188786627,0.574496347176753,"TSS_more_sig"
0.3,"eld vs kin","670",0.0151922854750405,0.00046125797399788,1.81837688745811,3.33605611290151,2.21833851309269,2.61276079704668,0.430601532989459,0.436363629323406,"TSS_more_sig"
0.3,"eld vs kin","728",7.25214831411411e-14,2.55288863592067e-15,13.1395333227036,14.5929681299118,4.11831591585241,4.46252539014903,0.378866993848119,0.37774323129915,"TSS_more_sig"
0.3,"eld vs kin","744",2.60426629875542e-05,6.77307240195904e-05,4.58431460913348,4.16921428190091,-3.56109256997613,-3.24936922120923,0.511380158825302,0.517464007302816,"CLR_more_sig"
0.3,"eld vs kin","770",0.00163816198779145,0.00225657509918378,2.78564315573458,2.64655020851282,-2.53610280109285,-2.24905819116944,0.417900019466711,0.433740797370867,"CLR_more_sig"
0.3,"eld vs kin","786",4.2870463760656e-06,1.00908108810797e-05,5.36784181838803,4.99607393316562,-3.69350455235492,-3.38635717007117,0.48575116167935,0.50631995974185,"CLR_more_sig"
0.3,"eld vs kin","809",0.0298897566138982,0.00803040239491144,1.5244776213164,2.09526269214211,1.65661008585961,2.04970170521835,0.377943573485328,0.364153757896941,"TSS_more_sig"
0.3,"eld vs kin","825",0.0110552689050271,0.00133759751646745,1.95643068930878,2.87367454626382,2.22341138403838,2.58976956053298,0.450329953822651,0.455521165381393,"TSS_more_sig"
0.3,"eld vs kin","849",9.8351799175501e-05,0.00209440836398041,4.00721769100804,2.67893863644301,-2.74054219129205,-2.40507109874245,0.407673604977163,0.433086622617295,"CLR_more_sig"
0.3,"eld vs kin","854",1.25135944203435e-06,2.08196969525656e-06,5.90261792510256,5.68152559628496,3.28174531733194,3.60220619915692,0.455076536250861,0.46890362762054,"CLR_more_sig"
0.3,"eld vs kin","879",0.00175541569936607,0.00752585746324251,2.75562002189742,2.12344401130362,-2.53152634301575,-2.20911056659139,0.403419674828882,0.427257817244074,"CLR_more_sig"
0.3,"eld vs kin","886",1.12691641270191e-10,4.65533164799484e-10,9.94810829588698,9.33204937423935,4.58331187916217,4.96240645016225,0.507415971373701,0.523107981174788,"CLR_more_sig"
0.3,"eld vs kin","888",3.44561548095077e-05,5.34637408255549e-06,4.46273318998112,5.27194065719456,2.79802289372025,3.15425327766956,0.442134922633296,0.446066318610822,"TSS_more_sig"
0.3,"eld vs kin","891",0.000167156723326107,0.00786475613370322,3.77687615066157,2.10431473921094,-3.35812862495315,-2.91214205541879,0.562834904413591,0.566254217122506,"CLR_more_sig"
0.3,"eld vs kin","895",0.000748809745913995,0.00341379617550805,3.1256285118005,2.46676241248159,-3.07400470718984,-2.87754044461402,0.499680140720417,0.505277584899524,"CLR_more_sig"
0.3,"eld vs kin","914",0.0148912950130138,0.0145981518941098,1.82706753243251,1.83570212181785,-2.76008197576976,-2.48858230759799,0.548711019348144,0.564237618561255,"TSS_more_sig"
0.3,"eld vs kin","922",0.0287214779891786,0.00062121281913295,1.54179321533403,3.20675959090024,2.32432313382543,2.57700617699267,0.458156485095184,0.483025572564308,"TSS_more_sig"
0.3,"eld vs kin","926",0.0117935531632324,0.00485918482121144,1.92835533089251,2.31343658204303,2.13699655026833,2.51136234209348,0.433672450110363,0.429411582895802,"TSS_more_sig"
0.3,"eld vs kin","944",0.000129437696427496,4.39252543206546e-05,3.88793922470066,4.35728571532528,1.97372552599137,2.35680827968808,0.288986351697731,0.296173749077649,"TSS_more_sig"
0.3,"eld vs kin","947",3.20724732552967e-12,4.63382193293979e-10,11.4938675483437,9.33406065915794,4.2677362357096,4.62931214456146,0.429718807061831,0.430405610777464,"CLR_more_sig"
0.3,"eld vs kin","977",0.0271194308468259,0.00161486302684587,1.56671942921045,2.79186430875565,2.31630094011001,2.57026752412957,0.51044082757198,0.520910306188732,"TSS_more_sig"
0.3,"eld vs kin","978",1.56418398154628e-26,5.67021267901432e-26,25.8057121659366,25.2464006512323,6.16981194315969,6.44739956984105,0.408859030904395,0.417797459098506,"CLR_more_sig"
0.3,"eld vs kin","984",5.69835540836917e-14,2.56282712587958e-14,13.2442504671569,13.5912806879276,4.94358660218999,5.24630980372086,0.425421443047906,0.422623767618016,"TSS_more_sig"
0.3,"eld vs kin","988",2.93632462777447e-05,6.85757155577198e-05,4.53219593231948,4.16382965202605,3.2320805731892,3.52565466751006,0.538529410146651,0.53903701495914,"CLR_more_sig"
0.3,"eld vs kin","991",0.000124438284566455,0.0027174881272801,3.90504598445226,2.5658323446724,-3.70410971156505,-3.35467176754384,0.565508633775391,0.576079705833779,"CLR_more_sig"
0.3,"eld vs kin","1014",2.11315992512756e-07,6.03649943664939e-07,6.67506763405409,6.21921483556182,-4.31490070635306,-3.92079266092789,0.509837777279302,0.524000604050514,"CLR_more_sig"
0.3,"eld vs kin","1019",0.00448658843743658,0.00687881938369874,2.34808376722824,2.16248609361665,2.04516684476318,2.33686019636146,0.423899917586519,0.422494217289375,"CLR_more_sig"
0.3,"eld vs kin","1020",0.00137589789582768,0.00106474236339679,2.86141379351614,2.9727554661136,2.43931955414091,2.7010028127844,0.42751935499218,0.418371832753333,"TSS_more_sig"
0.3,"eld vs kin","1021",4.62357190292727e-06,0.000106193340057377,5.33502238410382,3.97390271929059,-3.87512115068377,-3.43072682908276,0.560121890791793,0.548434189635505,"CLR_more_sig"
0.3,"eld vs kin","1023",0.0379991693819014,0.0328041094689095,1.42022589645686,1.48407174751156,2.14227291819761,2.31634742664342,0.493281356802919,0.47563808852798,"TSS_more_sig"
0.3,"eld vs kin","1027",0.00898699526650769,0.00736196781431917,2.04638548705423,2.13300608557098,2.50585603265323,2.83867246808746,0.503357463246766,0.516765681661886,"TSS_more_sig"
0.3,"eld vs kin","1030",6.00715034481561e-11,9.27720279014422e-11,10.2213314985493,10.0325829500665,4.18006819443506,4.46296783782551,0.442503722056027,0.43642505852075,"CLR_more_sig"
0.3,"eld vs kin","1033",0.044818663042723,0.0322534492432714,1.34854110277258,1.49142383429327,1.82266331294225,2.08947744148497,0.448384533912935,0.451304736126163,"TSS_more_sig"
0.3,"eld vs kin","1043",0.000584263910286186,0.000467127462737357,3.23339093903224,3.3305645994973,2.43884490076169,2.75632771965929,0.413464776624853,0.411680499566373,"TSS_more_sig"
0.3,"eld vs kin","1059",0.00316782102096576,0.00126568176754867,2.49923936363644,2.89767547597023,2.73718826949502,3.02736174106046,0.581623628388641,0.578845919634913,"TSS_more_sig"
0.3,"eld vs kin","1074",7.2816033207603e-19,4.31618558778633e-19,18.1377729837785,18.3648998897494,5.04357355692813,5.41477110271454,0.398403231557462,0.39031940192571,"TSS_more_sig"
0.3,"eld vs kin","1076",1.03983119400711e-11,1.36375961310671e-12,10.9830371582604,11.8652621750621,4.58468663961298,4.85250671744749,0.442111771630016,0.43023108880485,"TSS_more_sig"
0.3,"eld vs kin","1079",0.00540572914473196,0.048090130009156,2.26714571851432,1.31794404883215,-2.33441092999015,-2.03371009958264,0.473430357784729,0.493539954145638,"CLR_more_sig"
0.3,"eld vs kin","1082",7.5576842174984e-05,1.43069240960374e-05,4.12161125815372,4.84445372694653,2.9118853069143,3.35875188098109,0.495122194512752,0.49217175957418,"TSS_more_sig"
0.3,"eld vs kin","1089",3.16124979631774e-12,1.05136185799834e-11,11.5001411856295,10.9782477826546,2.99500830549826,3.3367167970078,0.280559564240813,0.289872273477883,"CLR_more_sig"
0.3,"eld vs kin","1098",9.31923389028506e-29,6.70061669135738e-29,28.0306197883861,28.1738852251606,6.96716950468838,7.40378698936833,0.438878051579328,0.457518622718368,"TSS_more_sig"
0.3,"eld vs kin","1101",0.0406477500179495,0.0474018624477088,1.39096348898339,1.32420459429907,-2.59557674596043,-2.26039774035849,0.573444114687604,0.599450650598127,"CLR_more_sig"
0.3,"eld vs kin","1104",0.018765603919527,0.00981796927800928,1.72663745444846,2.00797833121068,-2.76920774038729,-2.39446470928651,0.456105426125395,0.474291676132516,"TSS_more_sig"
0.3,"eld vs kin","1105",9.09930212235498e-10,2.74076643276225e-08,9.04099191493524,7.56212797332026,-4.51457741012765,-4.25799738504558,0.487827058306025,0.510850227946444,"CLR_more_sig"
0.3,"eld vs kin","1108",0.000395726401993552,7.62894657123247e-05,3.40260497359649,4.11753542664352,2.43142890536087,2.77790848202386,0.427016197940313,0.43281743019923,"TSS_more_sig"
0.3,"eld vs kin","1112",0.00153357520830541,0.00147580289965036,2.81429492085456,2.83097164069054,-3.4873863587311,-3.13327383566846,0.522422475901681,0.54167858434667,"TSS_more_sig"
0.4,"cent vs mage","4",3.20228832021772e-10,7.70312028439596e-07,9.4945395686558,6.11333332056778,2.12431619580388,2.15342577920424,0.19933788078403,0.18285193233441,"CLR_more_sig"
0.4,"cent vs mage","7",1.07694555399715e-12,2.27800379848859e-10,11.967806252316,9.64244555608604,4.0966244115777,4.13053557790647,0.420155372475625,0.415174344016879,"CLR_more_sig"
0.4,"cent vs mage","8",1.25886001721584e-05,0.00137458589718221,4.90002255990856,2.86182811612852,2.19904486659097,2.22801306860032,0.310776838851988,0.314973616470699,"CLR_more_sig"
0.4,"cent vs mage","9",1.55212344254875e-05,0.00507064736622043,4.80907374165654,2.29493659103558,1.94253392799597,1.96784300276781,0.262769952294359,0.272011942434749,"CLR_more_sig"
0.4,"cent vs mage","11",2.83742255224209e-05,0.00120438596131651,4.54707598375228,2.91923431539633,2.14781373031513,2.1718834439237,0.310622220111712,0.296873661938346,"CLR_more_sig"
0.4,"cent vs mage","14",1.54853397326269e-10,3.18018645358407e-07,9.81007926222281,6.49754741668574,2.62572966096991,2.65193091526496,0.263940696656055,0.259968118516991,"CLR_more_sig"
0.4,"cent vs mage","19",2.09681268115188e-06,0.000292805442558851,5.67844036551737,3.53342085503404,2.43130490709046,2.458718605608,0.334254133429723,0.343800180802075,"CLR_more_sig"
0.4,"cent vs mage","20",1.60379329225945e-10,5.37254423883681e-07,9.79485160725887,6.26981999973533,2.6102965184431,2.62847906075319,0.265598396250029,0.268615356620501,"CLR_more_sig"
0.4,"cent vs mage","21",6.04596503158417e-12,1.93094326448622e-08,11.2185343690064,7.71423048659479,2.77500761809735,2.80904665796985,0.263928349302723,0.260751807516894,"CLR_more_sig"
0.4,"cent vs mage","23",2.65333930382365e-06,0.00123240478061329,5.57620720974025,2.90924662568296,2.0608535867152,2.08587651214193,0.263054631018678,0.26730177128722,"CLR_more_sig"
0.4,"cent vs mage","24",1.78282099100327e-11,8.71432497451603e-08,10.7488922611557,7.05976624839298,4.3992930398363,4.39495648470926,0.481793456884308,0.496327167308762,"CLR_more_sig"
0.4,"cent vs mage","26",2.17896107245914e-08,5.87321423604668e-06,7.66175052843534,5.23112415719621,3.00670888500781,3.01320104408328,0.369765878387495,0.374811887783763,"CLR_more_sig"
0.4,"cent vs mage","28",0.00930967018233144,0.0228632504819329,2.03106570468254,1.64086202564618,2.19556595206645,2.19002407895811,0.456394284072496,0.460297513546321,"CLR_more_sig"
0.4,"cent vs mage","30",0.000611001580050511,0.0422721186755362,3.21395766667016,1.37394598481741,1.60893271952686,1.64049624145314,0.23714550424075,0.238982165470875,"CLR_more_sig"
0.4,"cent vs mage","32",8.95912477525068e-08,0.000119150082852272,7.04773441487413,3.92390565132615,2.06196465856052,2.09032052079915,0.225505394506477,0.227906330392908,"CLR_more_sig"
0.4,"cent vs mage","36",3.39005252694673e-05,0.0140113730184635,4.46979357259739,1.85351930474814,1.66310526649818,1.68689985601732,0.204999529797054,0.203006672049795,"CLR_more_sig"
0.4,"cent vs mage","37",0.00236494630231721,0.0383742184341512,2.62617871576003,1.41596045667937,1.82923701733885,1.84530819415006,0.338321284725548,0.336094771993062,"CLR_more_sig"
0.4,"cent vs mage","39",4.41091240665764e-09,3.37567085922016e-07,8.35547156649794,6.47163990535,3.52832472853184,3.5650465785441,0.423091079082597,0.419198812985336,"CLR_more_sig"
0.4,"cent vs mage","42",1.5029912536672e-08,7.09752060885968e-07,7.82304354668863,6.14889333775229,3.38870045563944,3.3962874593535,0.417651087673467,0.413956138586206,"CLR_more_sig"
0.4,"cent vs mage","44",0.00148773939851556,0.0456053446126553,2.82747313579185,1.34098425821783,1.71548388262719,1.75596439625154,0.292082426315816,0.299949070812899,"CLR_more_sig"
0.4,"cent vs mage","47",0.00115530394605686,0.0197486507624161,2.93730374327858,1.70446257023771,2.47620769588707,2.4989321753851,0.49078253218656,0.500194350732821,"CLR_more_sig"
0.4,"cent vs mage","55",1.72182737050478e-05,0.000677232685923991,4.76401039283323,3.16926208929042,2.40255325930833,2.41559242901622,0.364054223787288,0.355436290412607,"CLR_more_sig"
0.4,"cent vs mage","56",5.31623912481613e-08,1.15450182208512e-05,7.2743954926931,4.93760537732378,2.90069749828599,2.92053854949062,0.369029152209316,0.37612694139088,"CLR_more_sig"
0.4,"cent vs mage","61",0.000444336050489304,0.0272154598903355,3.35228844954683,1.56518432252098,1.80658392021809,1.83895222117376,0.283835952156235,0.281847988250269,"CLR_more_sig"
0.4,"cent vs mage","69",1.95726240131902e-05,0.000187995713257389,4.70835094654152,3.72585205355487,2.62442757190793,2.65353461970351,0.395204845702215,0.384325925667467,"CLR_more_sig"
0.4,"cent vs mage","90",3.15585220539736e-06,0.000417601161183393,5.5008833438287,3.37923830240321,2.31594581557105,2.28423296616133,0.294453913264614,0.279062826752522,"CLR_more_sig"
0.4,"cent vs mage","92",2.76517520158307e-05,0.00660046033225588,4.55827734657621,2.18042577464192,1.84970166082894,1.88511804639888,0.245704359901611,0.239164137810684,"CLR_more_sig"
0.4,"cent vs mage","95",0.000944323493555286,0.0223293589232391,3.02487920549069,1.651123745361,2.01111050615641,2.0576189754446,0.370610641721324,0.373462416486416,"CLR_more_sig"
0.4,"cent vs mage","100",0.00195687100150388,0.0140734875923932,2.70843780243681,1.85159826543362,-2.71565689353774,-2.84393664668299,0.566133562010108,0.575132269227308,"CLR_more_sig"
0.4,"cent vs mage","106",5.70118483490419e-07,1.9450749302949e-05,6.2440348787507,4.71106366365098,2.68574718965819,2.69117045486049,0.323680918923409,0.339278324123279,"CLR_more_sig"
0.4,"cent vs mage","114",8.43242415502037e-08,1.74259657877099e-06,7.07404755635925,5.75880314294876,-3.67957844933664,-3.73796195777573,0.448237186028963,0.487312249479149,"CLR_more_sig"
0.4,"cent vs mage","119",5.10095807159241e-05,0.00502553490110314,4.29234824622982,2.29881770659719,1.79245052182896,1.81530548063512,0.246664165067994,0.238774168557338,"CLR_more_sig"
0.4,"cent vs mage","132",1.59718299928372e-10,8.57802697285896e-08,9.79664532116525,7.06661259249361,-4.39294090615524,-4.39039958095532,0.481984829362095,0.488084904374988,"CLR_more_sig"
0.4,"cent vs mage","141",0.0342158874942695,0.0473299679623328,1.46577219075856,1.32486378950595,2.15252605365106,2.35174424107576,0.562262360367746,0.554376515083803,"CLR_more_sig"
0.4,"cent vs mage","142",1.46225328587729e-06,3.31906100199601e-05,5.83497739404618,4.47898476549233,3.55548031348678,3.68742608916107,0.527421192745329,0.520136516532822,"CLR_more_sig"
0.4,"cent vs mage","143",5.52317627959212e-10,7.073791637828e-08,9.2578110954632,7.15034773670027,-3.95129100493452,-3.88401853479934,0.457551856266841,0.447743276292241,"CLR_more_sig"
0.4,"cent vs mage","148",0.000342083858257877,0.0118114666791063,3.46586741817075,1.92769617087985,-2.67164157447637,-2.66440775648001,0.471872655447258,0.491068524448652,"CLR_more_sig"
0.4,"cent vs mage","155",0.00882794655728542,0.0046531414224017,2.05414030463887,2.33225374780301,2.51871814646619,2.56340182869493,0.473167111903244,0.47492021439869,"TSS_more_sig"
0.4,"cent vs mage","168",1.36061112748549e-06,1.20697642456055e-05,5.86626598157052,4.91830121273882,3.49992329836003,3.49273906354532,0.450771838717323,0.446724300236515,"CLR_more_sig"
0.4,"cent vs mage","169",0.000351097372160302,0.0338018845800301,3.45457242106313,1.47105908552438,-2.42734789720473,-2.4179399504972,0.417556197112093,0.439981535318059,"CLR_more_sig"
0.4,"cent vs mage","210",4.39663564814434e-11,3.80781158918856e-11,10.3568795231355,10.4193245486804,-4.3985749602487,-4.43270625838219,0.461670976118795,0.455892237331193,"TSS_more_sig"
0.4,"cent vs mage","212",0.000435407427930936,0.0321809048517497,3.36110416628734,1.49240174872061,2.26790961848418,2.34748785502682,0.379507848724814,0.366645230497779,"CLR_more_sig"
0.4,"cent vs mage","219",1.86248633275247e-09,1.95113797727762e-07,8.72990690549616,6.7097120178164,-3.89217613749953,-3.91581745980485,0.45577222981707,0.465835102442248,"CLR_more_sig"
0.4,"cent vs mage","289",0.000892533962097115,0.0216192519846041,3.04937524942221,1.66515933649643,-2.64548450728532,-2.54367644859795,0.484713904921763,0.490466007080307,"CLR_more_sig"
0.4,"cent vs mage","294",0.000184425416826749,0.000886641202310588,3.73417922630335,3.05225209085717,2.7830338770617,2.78440362249105,0.392246450345089,0.385853445806159,"CLR_more_sig"
0.4,"cent vs mage","353",9.25757662662379e-07,2.48900747789575e-05,6.03350268453025,4.60397379860877,-3.24051962847642,-3.33045960457028,0.444960959697601,0.455964562842561,"CLR_more_sig"
0.4,"cent vs mage","372",0.0192849553248304,0.0388157909368314,1.71478136287531,1.41099155993205,-2.12894274729987,-2.1011046069964,0.481003189073404,0.476663640201642,"CLR_more_sig"
0.4,"cent vs mage","652",2.48122027147721e-07,0.00132493524279367,6.60533467932283,2.87780534767785,2.28872149614561,2.27331993226478,0.305231022031697,0.311502233814777,"CLR_more_sig"
0.4,"cent vs mage","671",4.73693765390186e-06,0.000388975020203662,5.32450233128314,3.41007828797004,2.47462302689722,2.49539200429738,0.353424332148459,0.360561259999956,"CLR_more_sig"
0.4,"cent vs mage","675",2.58559853416993e-05,0.00349074832677356,4.58743890711609,2.45708146147901,-2.98621777369606,-2.91508188707913,0.469193781452995,0.46539782576062,"CLR_more_sig"
0.4,"cent vs mage","728",1.5058285549029e-06,5.31472596578307e-05,5.82222447162677,4.2745191233545,2.43471780836027,2.49341699591099,0.309360210031799,0.306991723918496,"CLR_more_sig"
0.4,"cent vs mage","762",2.12487906662953e-05,0.00429056426478673,4.67266578193838,2.36748558870842,2.44951805201191,2.49504813010684,0.389446292565905,0.382110143547592,"CLR_more_sig"
0.4,"cent vs mage","770",0.000123220241987483,0.0168840946168971,3.90931794264758,1.7725222227649,-2.13948612961471,-2.12699957134265,0.3255259250382,0.353594372633931,"CLR_more_sig"
0.4,"cent vs mage","788",0.00131996713513646,0.0182929298747491,2.87943688182943,1.73771673047044,2.53075080287041,2.53993705912238,0.511195038827843,0.531923411356443,"CLR_more_sig"
0.4,"cent vs mage","798",0.0010047191566117,0.032070491963314,2.99795531712791,1.49389437791647,2.158112999145,2.18654971314691,0.410290369420352,0.43459634937085,"CLR_more_sig"
0.4,"cent vs mage","829",1.76614427550705e-05,0.000423922535408365,4.75297382199443,3.37271349604475,2.51355392185714,2.52929941937567,0.388470315962304,0.391227737992301,"CLR_more_sig"
0.4,"cent vs mage","834",0.00197656888556781,0.0189199426291866,2.70408804542389,1.72308018484043,2.17080169170543,2.16169297789239,0.403954224057276,0.395882223563154,"CLR_more_sig"
0.4,"cent vs mage","848",1.34948883167949e-06,0.0319821147100874,5.86983070529794,1.49509282337409,2.34014230891104,2.27472102921199,0.325005811087969,0.344624969192222,"CLR_more_sig"
0.4,"cent vs mage","854",4.08681485713348e-07,0.00116343673559412,6.38861503646178,2.93425722744333,3.32909658192239,3.29569508929429,0.462051033934761,0.457808216173681,"CLR_more_sig"
0.4,"cent vs mage","857",4.25121997657593e-06,0.00807929615286981,5.37148642216971,2.09262647217582,2.38454195719649,2.48660126836937,0.330539001948419,0.327815258781422,"CLR_more_sig"
0.4,"cent vs mage","886",0.000100644789656753,0.00171213044073324,3.99720870345682,2.76646315114681,3.13314321994951,3.20307021151703,0.527435522450627,0.522712897228323,"CLR_more_sig"
0.4,"cent vs mage","917",0.00816110691375519,0.03064131871006,2.08825093267589,1.5136925479109,-2.47409723508875,-2.46156873078639,0.491004704582244,0.504267808983989,"CLR_more_sig"
0.4,"cent vs mage","921",5.58181139983013e-10,2.01578505862596e-07,9.25322484169132,6.69555577819343,-3.84546294974164,-3.92114182893059,0.459551445277324,0.482804072637906,"CLR_more_sig"
0.4,"cent vs mage","947",0.0005019536307915,0.00143515809382176,3.29933640002928,2.84310025538114,2.50971481186507,2.60537843196371,0.406971238374392,0.408587281475673,"CLR_more_sig"
0.4,"cent vs mage","978",9.65836520752822e-08,2.82409192431349e-05,7.01509637683839,4.54912117108611,3.33525596203207,3.26046971719761,0.442086836542619,0.447407704144892,"CLR_more_sig"
0.4,"cent vs mage","984",7.71458833605794e-05,0.00256153172257347,4.11268724369655,2.59150026135574,2.64878503145058,2.64868605028039,0.419034807594346,0.413517811619872,"CLR_more_sig"
0.4,"cent vs mage","989",0.00115015498668969,0.00708704720639938,2.93924363327352,2.14953467441917,2.4394171251186,2.38865874273994,0.372050267082028,0.384624597501102,"CLR_more_sig"
0.4,"cent vs mage","1004",0.00301509491543827,0.0392172578674113,2.52069901168229,1.40652277616251,-2.38153611140141,-2.38514708553441,0.468997833366361,0.470705844411576,"CLR_more_sig"
0.4,"cent vs mage","1017",0.00214484193180299,0.00629089164786101,2.66860470845606,2.20128779488832,2.23001507760824,2.17041183476746,0.386215353259753,0.391845691714005,"CLR_more_sig"
0.4,"cent vs mage","1019",2.48677498137095e-06,0.000402445895773036,5.60436351057652,3.39529249727527,-2.72610647224839,-2.71721331934271,0.402586900625888,0.394715921390157,"CLR_more_sig"
0.4,"cent vs mage","1030",0.00358134335055018,0.0163954615486335,2.44595404031145,1.78527635299869,2.45088124603294,2.53788258168845,0.412664618479224,0.407917923602589,"CLR_more_sig"
0.4,"cent vs mage","1043",3.57352780854495e-07,2.94345404835486e-05,6.44690283394881,4.53114273977425,2.71770256414702,2.73956135726239,0.319713282390476,0.32276362880271,"CLR_more_sig"
0.4,"cent vs mage","1058",0.00063804853532011,0.00353268871082502,3.19514628394346,2.4518946295131,-2.74804340045726,-2.73035629567745,0.463423831151184,0.468451269645113,"CLR_more_sig"
0.4,"cent vs mage","1074",5.37142898426095e-10,1.21376939246776e-07,9.26991016170799,6.91586381827903,3.21333523898382,3.31913617461946,0.376197987032138,0.372427010213512,"CLR_more_sig"
0.4,"cent vs mage","1076",0.00032155657589216,0.0182216267476806,3.49274260458696,1.73941285370747,2.60617193478625,2.48928074755855,0.420327046538973,0.429422576367499,"CLR_more_sig"
0.4,"cent vs mage","1087",1.49346787969862e-07,1.1503720953751e-07,6.82580411341449,6.93916166153316,3.79491812354809,3.86739513925443,0.492728683609726,0.492198288176225,"TSS_more_sig"
0.4,"cent vs mage","1091",0.00629241375206943,0.0288321317773842,2.20118272846248,1.54012324575167,2.72681859230689,2.62092184081966,0.47473698389091,0.477600841447237,"CLR_more_sig"
0.4,"cent vs mage","1098",8.51145972649362e-14,6.15303341294118e-11,13.0699959514552,10.2109107265475,4.45928343100651,4.46516983683017,0.440856747301259,0.441739875754182,"CLR_more_sig"
0.4,"cent vs mage","1104",0.00137826383649674,0.0078399671389779,2.86066763891108,2.10568575764598,-2.4350424476344,-2.44586708853854,0.436474248033343,0.455664966603451,"CLR_more_sig"
0.4,"eld vs kin","3",9.47218484204093e-11,7.69106375808626e-11,10.0235498356322,10.1140135883758,-4.69989608920173,-4.63050439788817,0.431810008801851,0.446934423498928,"TSS_more_sig"
0.4,"eld vs kin","4",3.50086404019209e-09,2.34864085773103e-12,8.45582475519923,11.6291833882587,2.52543000104372,2.59029154297957,0.227536564960941,0.220337331671889,"TSS_more_sig"
0.4,"eld vs kin","5",0.00157227435279331,0.00033957446854073,2.80347166980543,3.46906497033829,-2.7467546529247,-2.67183616629309,0.385084899418312,0.384392878096919,"TSS_more_sig"
0.4,"eld vs kin","7",1.42739151693787e-27,1.53937077015903e-27,26.8454568886061,26.8126567641577,7.57564593489938,7.68192819022459,0.45727660525486,0.469193063954092,"CLR_more_sig"
0.4,"eld vs kin","8",0.00716822919746873,0.00202119962895215,2.14458811696136,2.69439079016073,2.04771058040901,2.09818652623743,0.383648126405833,0.393530250731817,"TSS_more_sig"
0.4,"eld vs kin","10",0.00936005980217942,0.00581098655541753,2.02872137651045,2.235750129365,-2.70252283827601,-2.61969379122045,0.480724135568392,0.476581788634862,"TSS_more_sig"
0.4,"eld vs kin","11",9.6824523436785e-09,4.80284365523204e-10,8.01401463190226,9.31850155052013,3.23419579965581,3.2894138123916,0.350551148550232,0.351142590241341,"TSS_more_sig"
0.4,"eld vs kin","12",0.036604596956539,0.0329694652243303,1.43646437068501,1.48188809720037,-1.95090733030204,-1.87763026737869,0.38019671916703,0.368896937312142,"TSS_more_sig"
0.4,"eld vs kin","14",5.77100879219284e-09,1.44988326856002e-11,8.2387482640386,10.8386669618071,2.85961097022606,2.92570837408387,0.28094307293745,0.277367505384774,"TSS_more_sig"
0.4,"eld vs kin","15",5.2097183632679e-05,2.07587217728748e-06,4.28318575397201,5.68279939186779,2.97130038960995,3.01387797627173,0.445423848563394,0.425667264015931,"TSS_more_sig"
0.4,"eld vs kin","16",1.61286169390654e-11,7.53705594555582e-14,10.7924028726287,13.1227982610642,3.02086433174504,3.08262284784505,0.262123325298646,0.266093186812901,"TSS_more_sig"
0.4,"eld vs kin","21",1.22393198891429e-18,1.04216335179847e-21,17.9122427142655,20.9820642030859,4.10891355834312,4.160191789352,0.297802158568072,0.293195934621663,"TSS_more_sig"
0.4,"eld vs kin","23",2.68022086308782e-05,6.87483202211798e-06,4.57182941654283,5.16273790880802,2.43273519561839,2.48442502669103,0.308530332490113,0.313935016955894,"TSS_more_sig"
0.4,"eld vs kin","25",5.94357896604808e-06,4.25351153652133e-06,5.22595196290804,5.37125238494894,3.05350637627067,3.09815686427923,0.415579494379276,0.42227504356253,"TSS_more_sig"
0.4,"eld vs kin","26",0.000349601876237293,2.45358727230167e-05,3.45642624526728,4.61019848987179,2.43327418013069,2.50040286542258,0.365109330892141,0.363856809774546,"TSS_more_sig"
0.4,"eld vs kin","29",1.33781852600499e-05,1.12097194857691e-07,4.87360279426615,6.9504052551398,2.44389147636463,2.5172197300329,0.289145572647511,0.292218325826679,"TSS_more_sig"
0.4,"eld vs kin","31",5.17156123192693e-06,1.18265473279724e-06,5.28637832884893,5.9271420258935,3.60989096338334,3.67864268551381,0.517658084333321,0.529479422567755,"TSS_more_sig"
0.4,"eld vs kin","32",0.00687341318625867,0.00113854478614209,2.16282754826052,2.94364988117372,1.76077611128156,1.8216629831462,0.27708939149506,0.290348231660142,"TSS_more_sig"
0.4,"eld vs kin","33",0.000326472825031478,0.000516738172905771,3.48615296271983,3.2867294547114,-3.15511642025376,-3.0737359346305,0.451233337313236,0.457523746883624,"CLR_more_sig"
0.4,"eld vs kin","36",8.28587228199429e-05,2.96238503326892e-06,4.08166176517876,5.52835849512049,2.13245146840822,2.18230160183941,0.2562184725947,0.262328777274848,"TSS_more_sig"
0.4,"eld vs kin","38",0.0481993873010651,0.0399939942270818,1.31695848237231,1.3980052204187,-1.76312947019923,-1.70425501310913,0.373377062778665,0.38012331303697,"TSS_more_sig"
0.4,"eld vs kin","47",0.000728639658225422,0.00038062233376817,3.13748719477439,3.41950573221373,2.8725791651566,2.94212189404268,0.532479452067202,0.534266939294989,"TSS_more_sig"
0.4,"eld vs kin","49",0.0053645777365769,0.00219668315735442,2.27046445708887,2.65823257982771,1.99196035384572,2.04425335813658,0.355260745852606,0.360982423506274,"TSS_more_sig"
0.4,"eld vs kin","55",0.000747032651665239,5.53000377668786e-05,3.12666041541602,4.257274572096,2.51836752812315,2.56886647371637,0.417440084759582,0.412172479807017,"TSS_more_sig"
0.4,"eld vs kin","57",0.0208985289471875,0.025190527648258,1.67988428291304,1.59876273554568,-2.31270330366341,-2.24882432950296,0.449219850547499,0.474486305301611,"CLR_more_sig"
0.4,"eld vs kin","58",0.0194435096181083,0.00548396740815304,1.71122534073652,2.26090513493675,1.85620074523802,1.90043022607568,0.356083277572118,0.368203263401471,"TSS_more_sig"
0.4,"eld vs kin","61",0.000969783925930942,0.000199450296637777,3.01332501854731,3.7001653134376,2.24151050580238,2.29603397082018,0.362730798076435,0.359437300597548,"TSS_more_sig"
0.4,"eld vs kin","62",0.0482894970228583,0.036304102463601,1.31614731813113,1.4400442957178,-1.58736076528626,-1.52338716370759,0.305413653539719,0.316802447451756,"TSS_more_sig"
0.4,"eld vs kin","65",0.00226399633680743,0.000692114194938667,2.64512428018059,3.15982224349105,-2.61196433457502,-2.57187862689608,0.375959079191411,0.365745738819398,"TSS_more_sig"
0.4,"eld vs kin","67",5.5378617259035e-10,3.07006989275216e-10,9.25665789229337,9.51285173732703,-5.42011903374011,-5.3036919957283,0.562797926788925,0.569932843025416,"TSS_more_sig"
0.4,"eld vs kin","70",0.00179607755765389,0.000652060609177753,2.74567491369663,3.18571203462378,2.61035192403965,2.6528748778122,0.514294742870248,0.510807523120177,"TSS_more_sig"
0.4,"eld vs kin","71",0.00695653415415284,0.00653695137509499,2.1576070782946,2.18462474550777,2.75205074092778,2.84779217472979,0.535596106933302,0.535515833075413,"TSS_more_sig"
0.4,"eld vs kin","74",3.79131141423846e-07,5.22475258754004e-08,6.42121054162718,7.28193427027148,3.89222613268382,3.85857846484336,0.510948576372408,0.491744544668491,"TSS_more_sig"
0.4,"eld vs kin","77",0.000672024038612162,2.94955014752915e-05,3.17261519175288,4.53024421566366,2.35719060699097,2.44450813888552,0.358177639160259,0.369744016483078,"TSS_more_sig"
0.4,"eld vs kin","79",5.65982797871867e-05,2.22430131104817e-05,4.24719676828674,4.65280638217004,-3.70636500372253,-3.68706770013052,0.46535629721962,0.489771472745814,"TSS_more_sig"
0.4,"eld vs kin","80",0.000935499790876572,7.35464379573181e-06,3.02895630524699,5.13343835642309,2.48019165146318,2.57584838437973,0.364135819507858,0.350023912923734,"TSS_more_sig"
0.4,"eld vs kin","82",0.000173215253413267,0.0015582089440345,3.7614138664669,2.80737430715322,-3.77219377357997,-3.739777719235,0.574000541125793,0.60250176727341,"CLR_more_sig"
0.4,"eld vs kin","83",0.000288241351616982,0.000349583957673932,3.5402437143936,3.45644850525258,-3.38611664921408,-3.26837701096346,0.494815074929992,0.516742094161317,"CLR_more_sig"
0.4,"eld vs kin","84",2.95610909023266e-05,6.31896880778943e-06,4.52927954307428,5.19935378843066,-3.69832845620174,-3.64352188783619,0.449860530374595,0.477083636828653,"TSS_more_sig"
0.4,"eld vs kin","85",0.0382274440312731,0.0350097691841975,1.41762473886884,1.45581075248432,-2.23998398083685,-2.18178211331992,0.473426860479105,0.486664401021123,"TSS_more_sig"
0.4,"eld vs kin","87",0.00633199340219535,0.00173594075178092,2.19845954633521,2.76046510151765,-2.85403530823671,-2.74419730104623,0.50393999181521,0.52621700187821,"TSS_more_sig"
0.4,"eld vs kin","89",7.68978549328537e-14,2.43019417527805e-15,13.1140857746826,14.6143590243924,4.94844074490076,4.93616993177838,0.448604480820133,0.438606474291811,"TSS_more_sig"
0.4,"eld vs kin","91",1.27202565661734e-05,1.02371901739527e-06,4.89550412892742,5.9898192288485,-4.26058145893609,-4.21135835456252,0.566275255813854,0.58123255847928,"TSS_more_sig"
0.4,"eld vs kin","100",0.000396185963962495,0.000362185817120422,3.40210091466727,3.44106856028076,-3.58422722683531,-3.47276539951763,0.541080804555042,0.565063955731043,"TSS_more_sig"
0.4,"eld vs kin","102",0.0102637354365355,0.00712378182701005,1.98869455109275,2.14728938971084,-2.81050039222584,-2.72465644541713,0.527237419380833,0.543243216790765,"TSS_more_sig"
0.4,"eld vs kin","103",0.00411793434412969,0.00146646901254975,2.38532058200392,2.83372710951318,2.32954827315567,2.32973036056161,0.439600244757553,0.452037058907456,"TSS_more_sig"
0.4,"eld vs kin","108",0.0421886206655715,0.022874144778155,1.37480467341223,1.6406551344231,-2.72777236870261,-2.65180678067512,0.638995228846158,0.643426322485661,"TSS_more_sig"
0.4,"eld vs kin","110",0.0355648150338983,0.037828128193735,1.44897944564647,1.42218514787575,-2.31634874632651,-2.25604231193593,0.495566716385515,0.523461511590719,"CLR_more_sig"
0.4,"eld vs kin","111",0.000507960531560824,9.85925114382846e-05,3.29417003100594,4.00615607050036,-3.14907242299974,-3.10175894875645,0.449684448799943,0.461374359077907,"TSS_more_sig"
0.4,"eld vs kin","115",0.0285739657561494,0.0165355111366904,1.5440294800762,1.78158237586893,-2.61071328837041,-2.54652490410895,0.542849668166131,0.564695361419549,"TSS_more_sig"
0.4,"eld vs kin","118",0.00896014199855773,0.0157690225667733,2.04768510767031,1.80219522531488,-2.1681820087783,-2.05436393875857,0.390647684640424,0.391233049263994,"CLR_more_sig"
0.4,"eld vs kin","119",5.93125320718849e-06,2.26442684502242e-06,5.22685353539384,5.6450417051494,2.49076882916484,2.51294757784486,0.313570278495164,0.307004307080207,"TSS_more_sig"
0.4,"eld vs kin","121",2.54286136362533e-12,5.9025435711411e-12,11.5946773168411,11.2289607983812,4.6185657525807,4.63959247859698,0.474722877814319,0.483364538170844,"CLR_more_sig"
0.4,"eld vs kin","124",0.000394161713702614,0.000143227547752645,3.40432556254061,3.84397344371564,2.5815526786881,2.71349703834736,0.429715183049286,0.440434690593673,"TSS_more_sig"
0.4,"eld vs kin","125",0.000288083475816532,0.000646971562285422,3.54048165170747,3.18911480837913,2.97434362887819,3.01699324966774,0.5390450351366,0.537077515454225,"CLR_more_sig"
0.4,"eld vs kin","130",0.00381804438833334,0.0034369268608843,2.41815902683387,2.46382970971681,-3.13256894233273,-3.10616036065878,0.587743193631028,0.591342038154317,"TSS_more_sig"
0.4,"eld vs kin","133",0.0153972657017345,0.0322392818354899,1.81255639579221,1.49161464113363,-2.47106900511155,-2.34154493457177,0.460405914566483,0.493402586304193,"CLR_more_sig"
0.4,"eld vs kin","138",8.14031400105732e-10,3.67734559458062e-11,9.08935884249454,10.4344655534963,3.97211006581188,4.01201211310016,0.432427487658559,0.433224519699185,"TSS_more_sig"
0.4,"eld vs kin","139",1.04331449695146e-05,3.64372424676706e-05,4.981584758014,4.43845449740675,-3.83643789780808,-3.82151627020844,0.538210311077262,0.525212482848455,"CLR_more_sig"
0.4,"eld vs kin","147",0.0355256759105151,0.0226018437614062,1.44945765044724,1.64585613152767,-2.7675482830348,-2.66939905531074,0.558753682367816,0.568231884697579,"TSS_more_sig"
0.4,"eld vs kin","151",7.72520476767083e-17,6.80581663124604e-14,16.1120900001503,13.1671197562556,5.41876995492344,5.57471904779769,0.4863511567475,0.494324910063143,"CLR_more_sig"
0.4,"eld vs kin","162",0.0370126624788077,0.0081213024442578,1.43164967312525,2.09037431571025,-2.739656648914,-2.5664621802298,0.59189728176931,0.602364099329087,"TSS_more_sig"
0.4,"eld vs kin","163",0.0106147633044696,0.00210818758966574,1.97408968559679,2.67609074757146,-2.81029842627721,-2.8234390379009,0.560193784444856,0.566426218915459,"TSS_more_sig"
0.4,"eld vs kin","164",7.47074704312071e-06,1.57957584493832e-06,5.12663596840102,5.80145951616758,3.28882488850006,3.28606490501569,0.479371567149055,0.451068364816039,"TSS_more_sig"
0.4,"eld vs kin","169",0.000264119004363302,0.000317240568783133,3.57820034853495,3.49861128014366,-3.37080407978549,-3.35794119642573,0.514230775515853,0.53243072034516,"CLR_more_sig"
0.4,"eld vs kin","172",0.0072825573791607,0.00156898507081525,2.13771608488709,2.80438118878617,-2.75083788908328,-2.61512053908884,0.45890586882878,0.461720304685124,"TSS_more_sig"
0.4,"eld vs kin","181",0.0136410576453763,0.0315014431100657,1.86515195579806,1.50166955032524,-2.43481020544903,-2.43872066801351,0.461639183035886,0.503668817874378,"CLR_more_sig"
0.4,"eld vs kin","203",0.0368258285514484,0.012200094144413,1.43384747309975,1.913636817994,-2.1222486749192,-2.05874218712806,0.435667196985753,0.440113278008359,"TSS_more_sig"
0.4,"eld vs kin","206",0.00168440431858111,0.000725505287812263,2.773553653779,3.13935941787915,2.81521140524595,2.94191549987912,0.535434146075564,0.553217720149506,"TSS_more_sig"
0.4,"eld vs kin","207",3.37652510193421e-05,9.780219525862e-09,4.47153001727773,8.00965139697104,3.57684214463998,3.72554231883855,0.453868517230455,0.462366242085965,"TSS_more_sig"
0.4,"eld vs kin","216",0.0367016671708775,0.0471744852837418,1.43531420750084,1.32629282968238,-2.28854944160376,-2.2402224684819,0.512987944842394,0.514694681944166,"CLR_more_sig"
0.4,"eld vs kin","222",3.44546837556945e-05,4.35932281173162e-06,4.46275173192799,5.36058096989885,3.39800934219284,3.3819481777546,0.505784883382777,0.513838859173144,"TSS_more_sig"
0.4,"eld vs kin","223",0.0210291011116598,0.00442595097064261,1.67717929082244,2.35399340136613,2.59592956937347,2.56432169830964,0.512983940388429,0.531806770925028,"TSS_more_sig"
0.4,"eld vs kin","246",3.20571451709421e-05,1.67049452665327e-05,4.49407515608391,4.77715494298196,2.94778051552949,3.03233136005334,0.476279951272861,0.479620136466373,"TSS_more_sig"
0.4,"eld vs kin","247",0.0109654122233101,0.0215448573362301,1.9599750372246,1.66665637733766,2.28351933079954,2.30656072632877,0.513476614690146,0.495042923719347,"CLR_more_sig"
0.4,"eld vs kin","251",0.038708296247502,0.00989001067546895,1.41219594380872,2.0048032396167,-2.65468996987135,-2.69788853239845,0.576950850201334,0.579173426103333,"TSS_more_sig"
0.4,"eld vs kin","252",0.0339635828803131,0.032402891799303,1.46898650149427,1.48941622940952,-2.36065973833609,-2.29963215371733,0.462301065817213,0.477417901155206,"TSS_more_sig"
0.4,"eld vs kin","265",0.00104913839182254,0.00119386621237427,2.97916722025199,2.92304433860286,2.7154345989402,2.86314073118372,0.494567794801709,0.4848229933112,"CLR_more_sig"
0.4,"eld vs kin","267",0.000949071052342752,0.0235488604116025,3.02270127283585,1.62803010462543,-3.18297538168401,-3.09269385017224,0.603308272900575,0.615546606803118,"CLR_more_sig"
0.4,"eld vs kin","282",0.00669173425142463,0.00266713003848566,2.17446131448662,2.5739558093495,-3.00768725992518,-2.71144118327671,0.479639099482788,0.47389943657112,"TSS_more_sig"
0.4,"eld vs kin","294",0.00107937958178715,0.000535382857090777,2.96682580157657,3.27133553899532,2.66144373664045,2.73954829471441,0.461687975704845,0.454896068363459,"TSS_more_sig"
0.4,"eld vs kin","329",0.00171518805461496,0.000265486865503072,2.76568825661003,3.57595696000865,2.60582997457391,2.73980186325021,0.425085379968183,0.430424824494096,"TSS_more_sig"
0.4,"eld vs kin","344",0.000265243807798276,1.68467642583521e-06,3.57635474605218,5.7734835013023,3.17294727407228,3.19175011184764,0.423910620014427,0.426121065847761,"TSS_more_sig"
0.4,"eld vs kin","435",0.00674305041681456,0.00204920744007913,2.17114359315407,2.68841407599527,2.77781182538179,2.86485505031924,0.562693496907263,0.556030441671443,"TSS_more_sig"
0.4,"eld vs kin","473",0.0132100837535282,0.0223410150929828,1.87909442889722,1.65089709803932,-2.63402120418539,-2.58140283947464,0.528553223919096,0.538129156950396,"CLR_more_sig"
0.4,"eld vs kin","614",0.0104616419818583,0.00729323611616133,1.98040014647297,2.13707972606596,-2.82420003313884,-2.72701898601015,0.494404180213865,0.496124884348359,"TSS_more_sig"
0.4,"eld vs kin","616",0.00638811286161108,0.00135410614475934,2.19462741959337,2.86834729113354,-2.6491298990823,-2.54033720454839,0.420752632350235,0.438065999333559,"TSS_more_sig"
0.4,"eld vs kin","652",0.00772047677553446,0.00120086428605662,2.1123558791215,2.92050607098769,1.96007874128779,2.06550433542495,0.354876735049358,0.369867164474457,"TSS_more_sig"
0.4,"eld vs kin","666",5.34355316706448e-07,8.03528914809087e-07,6.27216986512675,6.09499849062921,-3.83607244358622,-3.78148579174562,0.418357022037739,0.425679096724007,"CLR_more_sig"
0.4,"eld vs kin","667",0.0142873356795866,0.00625283445573368,1.84504875144245,2.20392306914647,2.56155567140421,2.65838317652561,0.560039416554041,0.567251781133296,"TSS_more_sig"
0.4,"eld vs kin","670",0.00468736794424464,0.00319498554756138,2.32907095433488,2.49553110202156,2.20047487658304,2.30634935465844,0.449140023425753,0.42897198274199,"TSS_more_sig"
0.4,"eld vs kin","728",1.50240982177657e-12,5.73178181601804e-14,11.8232115859343,13.2417103496604,4.17539783026875,4.25261842052619,0.390699746701805,0.38770698083554,"TSS_more_sig"
0.4,"eld vs kin","744",5.67368831206214e-05,2.1102631432651e-05,4.24613452614848,4.67566338615141,-3.56511704275873,-3.48769579235671,0.520610489227705,0.523099015623365,"TSS_more_sig"
0.4,"eld vs kin","757",0.0484911414908611,0.0395910920359731,1.31433759238794,1.40240251899404,-1.92586099187026,-1.8601861827668,0.436063905056133,0.447046343716435,"TSS_more_sig"
0.4,"eld vs kin","770",0.0113011147122618,0.00135818150215869,1.94687871673715,2.86704218873094,-2.59212186895957,-2.54307083533602,0.419809122215745,0.435156871185276,"TSS_more_sig"
0.4,"eld vs kin","786",0.000103147401444788,3.02459294504457e-05,3.98654170857696,4.51933306518217,-3.78874346237842,-3.6346094832531,0.48576572503601,0.498114231397542,"TSS_more_sig"
0.4,"eld vs kin","809",0.0308484331979517,0.0257409022477996,1.51076688902989,1.589376234651,1.78448965382375,1.7624058635105,0.383718148264824,0.379663427696316,"TSS_more_sig"
0.4,"eld vs kin","825",0.0069171741440551,0.00334507883601648,2.16007129055666,2.47559364242726,2.15514301877964,2.25301509351764,0.453110045852498,0.451685244417857,"TSS_more_sig"
0.4,"eld vs kin","849",0.00314230133887877,0.00193116155924391,2.50275216953889,2.71418139201392,-2.72824837854125,-2.65134302946858,0.399636833017592,0.432611262671746,"TSS_more_sig"
0.4,"eld vs kin","853",0.0469830491296822,0.0491147601169165,1.32805880158088,1.3087879727646,1.5768046486798,1.63631880708225,0.377740428864733,0.385785386084464,"CLR_more_sig"
0.4,"eld vs kin","854",1.37041615696647e-05,4.967303289327e-06,4.86314752975649,5.30387932241671,3.2972538664011,3.33453090528068,0.466532064688506,0.461712743519912,"TSS_more_sig"
0.4,"eld vs kin","875",0.046706413471946,0.0395919829574113,1.33062348037107,1.40239274614133,-2.32020048540436,-2.35812255190963,0.554736059795841,0.559981843769038,"TSS_more_sig"
0.4,"eld vs kin","879",0.00754621880358245,0.00696256870907258,2.12227060652823,2.15723050602664,-2.53014689684563,-2.46623057212642,0.411313373874036,0.415437783343723,"TSS_more_sig"
0.4,"eld vs kin","886",1.5326899172139e-10,2.14924267872927e-10,9.81454569959081,9.66771454398619,4.63671225851487,4.73468623162416,0.514634014794812,0.51677510446259,"CLR_more_sig"
0.4,"eld vs kin","888",1.71066565276102e-05,1.64335547273322e-05,4.76683486442154,4.78426848455738,2.80014747625418,2.91791423048721,0.43200573417766,0.451542600584734,"TSS_more_sig"
0.4,"eld vs kin","890",0.03823192204057,0.0425777620169119,1.41757386806439,1.3708171697941,1.78083847655501,1.74994725306003,0.41971212057551,0.403873378669751,"CLR_more_sig"
0.4,"eld vs kin","891",0.00288087071247229,0.000323242999282703,2.54047623152166,3.49047087218868,-3.34548011727252,-3.23916130899821,0.553460537693741,0.57591570769194,"TSS_more_sig"
0.4,"eld vs kin","895",0.0156371245219355,0.0016041103606233,1.80584310543661,2.79476575615101,-3.06653631096923,-3.01940325932065,0.512829301625092,0.498415182886641,"TSS_more_sig"
0.4,"eld vs kin","914",0.0325431327148213,0.00602173189313077,1.48754064269375,2.2202785845798,-2.79949394686337,-2.8503074663331,0.558325903132358,0.558227382255502,"TSS_more_sig"
0.4,"eld vs kin","922",0.0345181336387036,0.00403070104609991,1.46195269419451,2.39461941192978,2.25442765335996,2.36641303627895,0.466063899901357,0.481414218102607,"TSS_more_sig"
0.4,"eld vs kin","926",0.03767113667498,0.0049267908369638,1.42399127535755,2.30743587496492,2.14712771839938,2.26009774333457,0.433515062053972,0.415403598162082,"TSS_more_sig"
0.4,"eld vs kin","929",0.0387170038399543,0.0121254496694793,1.41209825844323,1.91630214671725,2.09613985170912,2.18950945253054,0.459431593471422,0.474976618214697,"TSS_more_sig"
0.4,"eld vs kin","935",0.0419171300294982,0.0413732570685012,1.37760846016127,1.38328028835764,-2.3675740673036,-2.34763903977556,0.524772111470482,0.541946611799499,"TSS_more_sig"
0.4,"eld vs kin","944",0.0017065669554837,3.70869152536709e-05,2.76787666793227,4.43077928810634,2.01233781025524,2.09254958249814,0.292856269865047,0.294472218983029,"TSS_more_sig"
0.4,"eld vs kin","947",9.23148592350225e-12,1.8843164498227e-12,11.0347283882007,11.7248461605288,4.18559915030316,4.35905739442865,0.420455213383717,0.440445194920256,"TSS_more_sig"
0.4,"eld vs kin","965",0.0351787305432076,0.0362828637975343,1.45371983651094,1.4402984415022,-2.80535182719847,-2.67105704205919,0.610390021642319,0.603490540401931,"CLR_more_sig"
0.4,"eld vs kin","978",3.95981028743884e-24,1.79897018833929e-21,23.4023256204109,20.7449760335122,6.07711692108849,6.15668236738008,0.409454849635158,0.40689447095295,"CLR_more_sig"
0.4,"eld vs kin","984",3.85938684596768e-15,1.0287204036158e-13,14.4134816877026,12.9877026462936,4.8633078942876,4.93217653548946,0.414240160661718,0.424571071006546,"CLR_more_sig"
0.4,"eld vs kin","988",0.000287862903549954,3.79495032088746e-05,3.54081429837859,4.42079390501373,3.24188004363822,3.30810889741007,0.537960306173794,0.529626185246182,"TSS_more_sig"
0.4,"eld vs kin","991",0.000521307107403433,0.00282966097996708,3.28290635394302,2.54826559392774,-3.74312772028962,-3.43480500727175,0.575478156087582,0.571719748077092,"CLR_more_sig"
0.4,"eld vs kin","1014",5.85923451081047e-06,1.03894540307389e-07,5.23215911938235,6.9834072741625,-4.30102394286507,-4.19879386083451,0.511210963065494,0.517878207082916,"TSS_more_sig"
0.4,"eld vs kin","1019",0.0210644120378611,0.00374378338416592,1.67645065864851,2.42668928754691,2.04799679224604,2.13111652666175,0.421873810245621,0.434277575186708,"TSS_more_sig"
0.4,"eld vs kin","1020",0.00205677928343531,0.000412072332988986,2.68681231070156,3.38502654352826,2.37667617550675,2.43151549379254,0.430787475060936,0.421214859112097,"TSS_more_sig"
0.4,"eld vs kin","1021",6.46606665789374e-05,3.85718590269004e-05,4.18935982261246,4.41372942917471,-3.76474877030134,-3.69161106422058,0.543812594607618,0.550362072090439,"TSS_more_sig"
0.4,"eld vs kin","1027",0.00664873062555022,0.00202950704601176,2.17726126220682,2.69260943656709,2.47620122679532,2.5424350630211,0.508077840773562,0.506998758054048,"TSS_more_sig"
0.4,"eld vs kin","1030",8.2804202126836e-09,2.01256477710021e-12,8.08194762318867,11.696250132384,4.03101068776854,4.31797978741181,0.439236044069867,0.439164550209805,"TSS_more_sig"
0.4,"eld vs kin","1043",0.00255057342065535,0.000359018207205342,2.59336217037764,3.44488352610607,2.39197772604133,2.54193800231323,0.419824255782897,0.425248047404737,"TSS_more_sig"
0.4,"eld vs kin","1047",0.0355074404212805,0.0325966084802324,1.44968063299206,1.48682758382601,-1.66554623279993,-1.60424717717888,0.273635814708023,0.29181774627007,"TSS_more_sig"
0.4,"eld vs kin","1059",0.00915161310931964,0.00359869556728468,2.03850234825813,2.44385489106327,2.797417403703,2.81983729067635,0.589785987058564,0.58918315938244,"TSS_more_sig"
0.4,"eld vs kin","1074",2.27375057155102e-18,5.38935191262224e-18,17.6432571787602,17.26846345702,5.07248328907601,5.08956182348265,0.399339088722997,0.402406165594383,"CLR_more_sig"
0.4,"eld vs kin","1076",4.11716848184958e-12,8.32397383078483e-13,11.385401360537,12.0796692938092,4.610692904933,4.58884953035679,0.441747398426157,0.431769542381568,"TSS_more_sig"
0.4,"eld vs kin","1079",0.0331637789589106,0.0126238774406155,1.47933598814909,1.89880723047835,-2.36118751340023,-2.30713205724064,0.471649056037991,0.500785193197078,"TSS_more_sig"
0.4,"eld vs kin","1082",0.0021596160228317,5.03965487533206e-05,2.66562345902929,4.29759920380665,2.91734045543359,3.02633558761902,0.49356695417713,0.492623635829253,"TSS_more_sig"
0.4,"eld vs kin","1089",2.18089553952728e-10,2.82394719240275e-12,9.66136513574791,11.549143428818,3.01538731030845,3.07355720849686,0.281537306887837,0.288076104829248,"TSS_more_sig"
0.4,"eld vs kin","1098",6.97854508135357e-27,8.04552034546881e-27,26.1562351116178,26.0944458625832,7.02307096391666,7.10823032765823,0.456615622446291,0.456120757648226,"CLR_more_sig"
0.4,"eld vs kin","1101",0.0286486258271241,0.0460764560318517,1.54289620476151,1.33652093203711,-2.61734183526454,-2.53096769183191,0.576052366704194,0.594799601423477,"CLR_more_sig"
0.4,"eld vs kin","1104",0.0198049994523554,0.000788261788480336,1.70322516526873,3.10332952564358,-2.83315547544127,-2.70671894182517,0.469892806800556,0.474406146836325,"TSS_more_sig"
0.4,"eld vs kin","1105",4.49138518692988e-06,1.06030699540081e-07,5.34761969769064,6.97456837331506,-4.52794754685596,-4.48147203781141,0.492444298561181,0.5010963694511,"TSS_more_sig"
0.4,"eld vs kin","1108",0.000859135250298483,0.000556414855571677,3.06593846150685,3.25460128341278,2.57464719519213,2.53807231371308,0.429942892884153,0.436001582093308,"TSS_more_sig"
0.4,"eld vs kin","1112",0.00018425866573231,0.000262387549070621,3.73457207800772,3.5810567771402,-3.56134794059405,-3.48069292074707,0.520960096531383,0.536056407926998,"CLR_more_sig"
0.5,"cent vs mage","4",1.78968844983963e-07,1.09656009665198e-08,6.74722256471382,7.95996756195351,2.13168979704694,2.46183186407169,0.199271485287158,0.182862264747077,"TSS_more_sig"
0.5,"cent vs mage","7",1.82946615381586e-11,1.71643642563991e-11,10.7376756208027,10.7653722775893,4.10091007601105,4.43615964168666,0.41752481993873,0.416293552400459,"TSS_more_sig"
0.5,"cent vs mage","8",0.000115728953885788,0.000215059826961438,3.9365579725979,3.66744070796867,2.20048156580986,2.53089871041219,0.308765482663239,0.31455272452954,"CLR_more_sig"
0.5,"cent vs mage","9",0.000607048411192233,0.000352358086626693,3.21677667321588,3.45301575698337,1.94573277001623,2.2797113895398,0.263326472088743,0.271860368732762,"TSS_more_sig"
0.5,"cent vs mage","10",0.032262704083744,0.0215672073116427,1.49129923522875,1.66620608705621,1.90488857413203,2.23836140738294,0.400841504792691,0.415001518987095,"TSS_more_sig"
0.5,"cent vs mage","11",0.000266697072750679,0.000159916744046847,3.57398175107129,3.7961060611666,2.16032518332555,2.48208990975641,0.311928637163012,0.296734914095082,"TSS_more_sig"
0.5,"cent vs mage","14",1.05168925321259e-08,7.37963497648357e-09,7.978112563938,8.13196511942622,2.63790036565082,2.96720660221574,0.263868943785984,0.259258477578019,"TSS_more_sig"
0.5,"cent vs mage","16",0.0189297311400771,0.0184693443683381,1.72285555429876,1.73354852103332,1.49910835645709,1.82024899481357,0.229649257311576,0.229970376045845,"TSS_more_sig"
0.5,"cent vs mage","19",2.15660331696171e-05,5.64893706545267e-05,4.66622973115979,4.24803326369151,2.43401245860902,2.77188354478935,0.3346583437445,0.344477253669162,"CLR_more_sig"
0.5,"cent vs mage","20",2.18368102372223e-08,2.38683140465064e-08,7.66081079992083,7.62217825657591,2.6113336929452,2.93640034434205,0.265744277625995,0.268148877217018,"CLR_more_sig"
0.5,"cent vs mage","21",1.01927556252865e-09,1.91902659531471e-10,8.99170838801814,9.71691900644307,2.79230662553641,3.12392980528909,0.264408312707864,0.261502586202641,"TSS_more_sig"
0.5,"cent vs mage","23",6.19490520183063e-05,0.000163121773487813,4.20796533507272,3.78748806548038,2.07277695945027,2.39966850172099,0.262197212313242,0.266180354197316,"CLR_more_sig"
0.5,"cent vs mage","24",1.12071365535233e-09,1.01737002620057e-10,8.95050533636658,9.99252106171887,4.39547697903287,4.77563305656284,0.478091591689289,0.488670501754635,"TSS_more_sig"
0.5,"cent vs mage","26",3.12474477550063e-07,3.16093223093522e-07,6.50518544939777,6.50018481515263,3.01514869891627,3.34722456887535,0.371932772130571,0.37418679324038,"CLR_more_sig"
0.5,"cent vs mage","28",0.025325636873917,0.00496155496895651,1.59643962445337,2.30438219274301,2.14226540411714,2.50492156771743,0.456089696050902,0.455844404557566,"TSS_more_sig"
0.5,"cent vs mage","30",0.00769179314466468,0.00759358908115676,2.11397240375476,2.11955290793557,1.61918808873713,1.94474332904847,0.237225721182599,0.238174733336616,"TSS_more_sig"
0.5,"cent vs mage","32",4.43882220050193e-06,6.09376224124505e-06,5.35273225053385,5.21511449453895,2.07539441787901,2.40284553858432,0.224530813594781,0.230575809900953,"CLR_more_sig"
0.5,"cent vs mage","36",0.00105499462270007,0.00164915087884452,2.97674975395647,2.78273960945428,1.66120962542178,1.9936132292646,0.204647233114587,0.203676774750306,"CLR_more_sig"
0.5,"cent vs mage","37",0.0174046138367585,0.00836635888145476,1.75933560814099,2.07746350995709,1.82361777018399,2.14473573013264,0.339746507664475,0.335524753540127,"TSS_more_sig"
0.5,"cent vs mage","39",3.28373849912241e-08,1.20578406917301e-08,7.48363143526455,7.91873045833429,3.5127007767534,3.84567630319314,0.422660730297768,0.417543160995709,"TSS_more_sig"
0.5,"cent vs mage","42",2.84074546742587e-07,1.42545441862654e-07,6.5465676775916,6.84604666545061,3.3389268162201,3.6987111046955,0.411593390603699,0.410107572144118,"TSS_more_sig"
0.5,"cent vs mage","44",0.012073244848967,0.00991057526176788,1.9181759916582,2.00390113605352,1.73866135801228,2.0634284464819,0.292389821806304,0.300417862304494,"TSS_more_sig"
0.5,"cent vs mage","47",0.00435951769283159,0.00641263176652607,2.36056155543971,2.1929636979211,2.45188855703735,2.77110346969619,0.498219294270469,0.497529264120592,"CLR_more_sig"
0.5,"cent vs mage","52",0.0210974415702492,0.0136753335529392,1.67577020722795,1.86406207205601,1.69603853326951,2.02803530476828,0.300934158495351,0.305160086786795,"TSS_more_sig"
0.5,"cent vs mage","55",0.0004050588615034,7.51526787620946e-05,3.39248186229481,4.12405553469301,2.40872803002453,2.74588937659754,0.365918608755858,0.35666451795319,"TSS_more_sig"
0.5,"cent vs mage","56",1.45064264106515e-06,1.04450968365527e-06,5.83843956077258,5.98108752931837,2.92618489777663,3.27517453331354,0.366258301703726,0.3723561974926,"TSS_more_sig"
0.5,"cent vs mage","61",0.00904425098140848,0.00383020946792063,2.04362739432222,2.41677747452368,1.80670836545222,2.13909891654364,0.281804875166667,0.284348885658321,"TSS_more_sig"
0.5,"cent vs mage","69",6.64193135292641e-05,1.25194764220766e-05,4.17770561732531,4.90241383340656,2.60547964895991,2.95597086669606,0.391663499800573,0.386177678049991,"TSS_more_sig"
0.5,"cent vs mage","90",7.51979721343276e-05,1.2429295881104e-05,4.12379387088105,4.9055534734189,2.29801892882809,2.65840005340419,0.294096600817012,0.285056593144627,"TSS_more_sig"
0.5,"cent vs mage","92",0.000599313286539641,0.000504125731355324,3.22234609405909,3.29746113493553,1.86295601835439,2.1953983089619,0.245132635403827,0.240506960099843,"TSS_more_sig"
0.5,"cent vs mage","95",0.00671504232408988,0.0101094926887308,2.17295124568168,1.99527063748643,2.00877173070406,2.32797016380131,0.368975505661899,0.371391963852893,"CLR_more_sig"
0.5,"cent vs mage","106",3.41356355213391e-06,3.66297436944939e-06,5.46679200724496,5.43616612016855,2.68600117081009,3.01272785529184,0.320675846718672,0.33657811709048,"CLR_more_sig"
0.5,"cent vs mage","114",1.35146751278863e-06,0.000494234624714295,5.86919438961469,3.30606683239487,-3.74403281569745,-3.35178537091591,0.455477074561613,0.485184351997511,"CLR_more_sig"
0.5,"cent vs mage","119",0.00158395982344182,0.0048779414734856,2.80025583832658,2.31176341474282,1.81881602091639,2.10161142307009,0.247994478806055,0.236474106375877,"CLR_more_sig"
0.5,"cent vs mage","120",0.0174592268347759,0.00809352511301426,1.75797499252193,2.09186228139341,2.25192924407518,2.58513358581394,0.48087594393411,0.500147357213725,"TSS_more_sig"
0.5,"cent vs mage","132",4.65387007459732e-08,1.94525321527755e-06,7.33218574538815,5.71102385817374,-4.36333464862424,-3.97832337286811,0.478875561973828,0.483409371155557,"CLR_more_sig"
0.5,"cent vs mage","141",0.0228464056720329,0.0114735751771777,1.64118211592622,1.9403012344277,2.25958124100153,2.65954493216828,0.549205504753948,0.551284350622075,"TSS_more_sig"
0.5,"cent vs mage","142",4.82713867363405e-06,5.7247664724267e-05,5.31631022462672,4.2422422245872,3.61497347888608,3.88243385375259,0.530248221155746,0.530696811591815,"CLR_more_sig"
0.5,"cent vs mage","143",6.20779062156009e-08,4.29241110716358e-05,7.2070629395325,4.36729869000935,-3.87100553584263,-3.54216610526095,0.443888463724886,0.454456757680481,"CLR_more_sig"
0.5,"cent vs mage","155",0.0334319718898365,0.0318787522456426,1.47583800702637,1.49649868550168,2.48485407083728,2.89623072044757,0.476206071988636,0.47462865975345,"TSS_more_sig"
0.5,"cent vs mage","168",7.00161764256288e-07,5.17946536129616e-07,6.15480160968911,6.2857150670158,3.43667567002328,3.81605427878626,0.447347740357687,0.450076495708527,"TSS_more_sig"
0.5,"cent vs mage","184",0.0136081951824517,0.00700922935055777,1.86619947026161,2.1543297291373,2.38716550585859,2.69425652971595,0.527491166222232,0.544617541432237,"TSS_more_sig"
0.5,"cent vs mage","208",0.047693769030665,0.0374293163510295,1.32153835581019,1.42678810523094,1.78899316675715,2.12520042395874,0.417483759493505,0.404862365705653,"TSS_more_sig"
0.5,"cent vs mage","210",9.58364054781669e-10,1.40589204167263e-09,9.01846948366796,8.85204802747123,-4.39717645155093,-4.06498822848547,0.456818217707986,0.462755232421016,"CLR_more_sig"
0.5,"cent vs mage","212",0.0128643371204155,0.00153472683857113,1.89061258740643,2.81396891208134,2.25374464969491,2.60819106399802,0.390817416298152,0.366782562198365,"TSS_more_sig"
0.5,"cent vs mage","219",2.84085803941034e-08,1.52705926236239e-06,7.54655046787549,5.81614410844616,-3.9732429509225,-3.65192740182968,0.46045105738148,0.455766989830089,"CLR_more_sig"
0.5,"cent vs mage","294",5.70080665887656e-05,1.48606319827438e-06,4.24406368771133,5.82796272080545,2.7969667532796,3.16906465311826,0.388802970682515,0.376768317961704,"TSS_more_sig"
0.5,"cent vs mage","353",5.14835004061072e-05,0.0106649681837076,4.28833193271995,1.97204043582269,-3.29573609312593,-2.94255050425016,0.439981471333765,0.460122261967063,"CLR_more_sig"
0.5,"cent vs mage","652",0.000249836202146115,0.000366880848770196,3.60234463060111,3.43547495788293,2.28221869357093,2.6650022981313,0.302179347273533,0.300618552940473,"CLR_more_sig"
0.5,"cent vs mage","671",5.66579050115044e-05,5.05023097813233e-05,4.24673948803592,4.2966887584686,2.48493316307822,2.82948258343911,0.353561776955962,0.362599974336826,"TSS_more_sig"
0.5,"cent vs mage","675",0.000128384734309391,0.0236283042684621,3.89148661333367,1.62656744524344,-3.04867545699861,-2.70770940664283,0.460860403153169,0.477727877520923,"CLR_more_sig"
0.5,"cent vs mage","728",1.90498366722661e-05,6.25754389278792e-06,4.7201087434864,5.20359609540272,2.46156141118773,2.77697058185547,0.30517906089298,0.299429703498908,"TSS_more_sig"
0.5,"cent vs mage","762",0.000255565448192782,1.9869718369216e-05,3.59249786206893,4.70180828847963,2.49710942131721,2.85209335876417,0.380259559146264,0.390009999275158,"TSS_more_sig"
0.5,"cent vs mage","788",0.00320384198129295,0.0200930708659406,2.49432891217109,1.69695368404745,2.51246147186128,2.76706844610507,0.507913160695904,0.530348340001553,"CLR_more_sig"
0.5,"cent vs mage","798",0.00696781246751754,0.00735525211735928,2.15690354649326,2.13340243628773,2.22445686412015,2.52039658040762,0.40525541572453,0.432081856009597,"CLR_more_sig"
0.5,"cent vs mage","814",0.0202365879782123,0.0200129782403466,1.69386271056495,1.69868827682595,2.21498441927197,2.53237494201504,0.451618318925014,0.476364456239601,"TSS_more_sig"
0.5,"cent vs mage","825",0.0164192248804481,0.00445077482564569,1.78464734892729,2.35156437706173,1.79748329368021,2.11636964439771,0.361529143069028,0.370231682489587,"TSS_more_sig"
0.5,"cent vs mage","829",6.33601590180265e-05,0.000187716724432057,4.19818374144753,3.72649703262646,2.54008489181408,2.85512095084365,0.379904559958463,0.396325009679638,"CLR_more_sig"
0.5,"cent vs mage","834",0.00837657531827169,0.0015598197998264,2.07693350217804,2.80692557117208,2.17859951281746,2.492686335788,0.398828799715976,0.394342259342522,"TSS_more_sig"
0.5,"cent vs mage","848",0.000735047530179625,0.000160999598624658,3.1336845773412,3.79317520667196,2.27634822947232,2.62122171911448,0.333601826734236,0.33798052178665,"TSS_more_sig"
0.5,"cent vs mage","854",3.04987106289495e-05,7.04327330430085e-07,4.51571852060629,6.15222545909499,3.43201697056287,3.60033207354415,0.451177120830588,0.469937279151113,"TSS_more_sig"
0.5,"cent vs mage","857",0.000417870295624152,6.0724204367984e-05,3.37895849965088,4.21663816677986,2.40081671150549,2.76635496463956,0.317834702239927,0.34057178624929,"TSS_more_sig"
0.5,"cent vs mage","886",0.000360437780654036,9.03323327082481e-05,3.44316969308251,4.04415677456511,3.176485806844,3.58421480132197,0.515307644817864,0.530493403325288,"TSS_more_sig"
0.5,"cent vs mage","921",1.02102470066644e-06,8.04733432562104e-07,5.99096375131821,6.09434795558167,-3.86087478718783,-3.53440999542266,0.464615626333353,0.473978090437595,"TSS_more_sig"
0.5,"cent vs mage","944",0.0281714657864883,0.0343820174725866,1.55019055569714,1.463668643312,1.61874036622783,1.95877194032399,0.294621117474854,0.284334600828443,"CLR_more_sig"
0.5,"cent vs mage","947",0.000766200233344016,0.00253030258804725,3.11565772008982,2.5968275403019,2.51750262854462,2.84590288932828,0.412884702541927,0.418783705220915,"CLR_more_sig"
0.5,"cent vs mage","978",1.43518021443057e-05,1.52583070715251e-05,4.8430935614954,4.81649364923046,3.24245598751607,3.6892170340438,0.45283582434757,0.441748415085295,"CLR_more_sig"
0.5,"cent vs mage","984",0.000557826312222089,0.00018868144903043,3.2535010042626,3.72427079713111,2.65376281090387,2.96065654904577,0.422413423537438,0.407075832035332,"TSS_more_sig"
0.5,"cent vs mage","989",0.00199959513929881,4.49937638328036e-05,2.69905792761972,4.34684767557313,2.34686817387438,2.73279542127288,0.371463775252565,0.377536247557422,"TSS_more_sig"
0.5,"cent vs mage","1017",0.0016012221773711,0.00118763560810404,2.79554840342629,2.92531678971252,2.32951204880814,2.56908406926568,0.373132657488481,0.396039039412347,"TSS_more_sig"
0.5,"cent vs mage","1019",0.000402532683328168,0.0326287463243253,3.39519885166179,1.48639961254027,-2.70922357081994,-2.28429040558451,0.38752790200495,0.384248188360487,"CLR_more_sig"
0.5,"cent vs mage","1021",0.0475762282094555,0.0259757269642165,1.32260999131831,1.58543228930958,1.99336613244227,2.37838516255141,0.514357240429156,0.520370813355713,"TSS_more_sig"
0.5,"cent vs mage","1030",0.00618213026267415,0.0142787687055401,2.20886184822701,1.84530924126048,2.42145301887791,2.73151264344044,0.408624142691286,0.424972841429031,"CLR_more_sig"
0.5,"cent vs mage","1043",2.4847770880209e-06,3.37181989717368e-06,5.60471256620018,5.4721356308897,2.7344437275147,3.08435779890526,0.31681775830655,0.331561268218363,"CLR_more_sig"
0.5,"cent vs mage","1058",0.00251313433271297,0.0419370444581611,2.59978429676486,1.3774021799923,-2.61212658843781,-2.38880338186646,0.458078710409668,0.452772725932644,"CLR_more_sig"
0.5,"cent vs mage","1074",2.77294036853308e-08,7.64497574146902e-07,7.55705946972812,6.11662388832398,3.26843873209974,3.53414901571112,0.378642884212057,0.390540561420271,"CLR_more_sig"
0.5,"cent vs mage","1076",0.00256722562837964,0.000865105340185782,2.59053596036865,3.06293100712942,2.54839360299976,2.85836659849882,0.427696311532906,0.428876366869022,"TSS_more_sig"
0.5,"cent vs mage","1087",4.1631406569034e-08,3.27488486898021e-06,7.3805789156842,5.48480396335021,3.7936411265657,4.15927841175272,0.489560836393579,0.496554779902822,"CLR_more_sig"
0.5,"cent vs mage","1089",0.0202929971183517,0.0153619607168935,1.69265380630147,1.81355334978739,1.59269540363116,1.918729553589,0.269485989835608,0.263222159223369,"TSS_more_sig"
0.5,"cent vs mage","1091",0.00615931447918055,0.00285136905898479,2.21046762135445,2.54494656735998,2.62562116066345,2.99595289218102,0.483785221741597,0.484870338035586,"TSS_more_sig"
0.5,"cent vs mage","1098",2.29858475281247e-12,8.60551790337288e-13,11.6385394784265,12.0652229875318,4.47325148428084,4.78001121180116,0.440485209782925,0.44247707559069,"TSS_more_sig"
0.5,"eld vs kin","3",1.16261167359966e-13,1.80607848121461e-10,12.9345653206756,9.74326338180884,-4.75441177586917,-4.33943570306308,0.431872636598577,0.447816783009518,"CLR_more_sig"
0.5,"eld vs kin","4",3.08705952032802e-07,7.74201893111684e-12,6.51045499698346,11.1111457710603,2.47119254973837,2.89545728179065,0.227764839363556,0.220294007739011,"TSS_more_sig"
0.5,"eld vs kin","5",2.21845057068585e-05,0.00243926418376706,4.6539502433583,2.61274116100692,-2.79888615711654,-2.37292023265541,0.385559427595954,0.385612042851392,"CLR_more_sig"
0.5,"eld vs kin","7",1.4814270509056e-26,1.06805944403276e-25,25.8293197293808,24.9714045754938,7.54577298845525,7.98631194975315,0.468700807088072,0.469109905855964,"CLR_more_sig"
0.5,"eld vs kin","8",0.0318462717056922,0.00331517004216289,1.496941403907,2.47949419079493,1.98575992278849,2.40482635100955,0.382426098062985,0.394127238205042,"TSS_more_sig"
0.5,"eld vs kin","10",0.000844529585410277,0.0141566604190161,3.07338513169941,1.8490391853928,-2.73209024520154,-2.32161520063084,0.478788435044451,0.475410254321755,"CLR_more_sig"
0.5,"eld vs kin","11",3.27222574292177e-07,1.03970916064871e-09,6.48515674304367,8.98308812953792,3.18022034343204,3.59049943164271,0.351866697708737,0.350827344262434,"TSS_more_sig"
0.5,"eld vs kin","14",1.30674587648238e-07,2.87642555841437e-11,6.88380886167121,10.5411468609878,2.79685125785801,3.22996123547126,0.279824250500282,0.276600844816757,"TSS_more_sig"
0.5,"eld vs kin","15",0.000429938356195423,4.56007360729509e-06,3.36659380833509,5.34102814703204,2.91884395965583,3.35577013335617,0.446507305793932,0.437399572177062,"TSS_more_sig"
0.5,"eld vs kin","16",1.04237700925705e-09,6.29628559842164e-13,8.98197517602044,12.2009155806799,2.96276368982841,3.38935304179359,0.262037651285041,0.266784599205468,"TSS_more_sig"
0.5,"eld vs kin","21",5.9500807944984e-17,8.21262717936088e-21,16.225477137067,20.0855178919689,4.04186423220391,4.45933840018691,0.296918771521412,0.291964104052878,"TSS_more_sig"
0.5,"eld vs kin","23",0.00021851310130959,4.8073123977881e-06,3.66052251907852,5.31809765481598,2.34958805659023,2.7712553620834,0.298911203529513,0.30986959349822,"TSS_more_sig"
0.5,"eld vs kin","25",5.125777356799e-05,1.78860541978365e-06,4.29024026175177,5.74748545759437,3.00091698784672,3.42614880112434,0.414782714496928,0.422240534867145,"TSS_more_sig"
0.5,"eld vs kin","26",0.00150750350868859,5.049172412947e-05,2.82174166837367,4.29677979929599,2.38502639339827,2.80580545153314,0.364447921533828,0.362632768436737,"TSS_more_sig"
0.5,"eld vs kin","29",0.000176786538493139,6.57284767580378e-07,3.75255080765284,6.1822464322753,2.39508565589153,2.82187047675201,0.290367112741688,0.292806796417704,"TSS_more_sig"
0.5,"eld vs kin","31",8.8874010750475e-06,4.18589675621751e-06,5.05122522033251,5.37821148759742,3.58639804367425,3.94722465261587,0.531911354455554,0.537960830639051,"TSS_more_sig"
0.5,"eld vs kin","32",0.0338296877924557,0.00157248379256336,1.470702010212,2.80341382209037,1.7128031465941,2.1432429867211,0.278503092460723,0.291956974845828,"TSS_more_sig"
0.5,"eld vs kin","33",6.1681976915479e-06,0.000401963400323594,5.20984171553873,3.39581348860986,-3.25591216098839,-2.84157684631867,0.456467533514535,0.461904173512629,"CLR_more_sig"
0.5,"eld vs kin","36",0.00154030751383513,5.99936752388178e-06,2.81239256602756,5.22189453217744,2.05537914815527,2.50392941159486,0.254877619720861,0.263467720229954,"TSS_more_sig"
0.5,"eld vs kin","47",0.00318011455979611,0.00022617108284802,2.49755723479823,3.64556292267467,2.81481506771242,3.25741610056425,0.544857670013698,0.539945476021773,"TSS_more_sig"
0.5,"eld vs kin","49",0.0354312588014296,0.00200673751803555,1.45061341778245,2.69750942966682,1.91829434745197,2.37783597587474,0.351694974451478,0.368332836570475,"TSS_more_sig"
0.5,"eld vs kin","55",0.00327833146552558,0.000141709742576468,2.48434713790066,3.84860029088345,2.49023524535254,2.84510354465164,0.425593256576346,0.409413701351557,"TSS_more_sig"
0.5,"eld vs kin","58",0.0384542074689044,0.0113405295445131,1.41505613491175,1.94536666564677,1.78312464228821,2.21901036869796,0.352538306606765,0.369246952119019,"TSS_more_sig"
0.5,"eld vs kin","61",0.00640420011758932,0.000227129091255716,2.19353510576478,3.64372723670635,2.20103814174894,2.59948443085355,0.369216727988116,0.360463319274197,"TSS_more_sig"
0.5,"eld vs kin","65",3.76082578161883e-05,0.00469493687757442,4.42471678458719,2.32837024235536,-2.69340420722211,-2.25515105880275,0.375201716892371,0.365938881133043,"CLR_more_sig"
0.5,"eld vs kin","67",1.78267123285281e-12,8.12819282945225e-09,11.7489287437137,8.09000600193839,-5.43562509702734,-4.96760827783196,0.553731800498326,0.563972072183244,"CLR_more_sig"
0.5,"eld vs kin","70",0.00895407082131825,0.00098122843328161,2.04797947493068,3.00822987563239,2.57265898478904,2.92916049333922,0.520014779118109,0.507420195690615,"TSS_more_sig"
0.5,"eld vs kin","71",0.00693618589806398,0.00351391110510917,2.1588792757652,2.45420922947956,2.76772795438598,3.09814020175314,0.532738926386821,0.528300165192313,"TSS_more_sig"
0.5,"eld vs kin","74",1.75625685306774e-06,1.95931116456154e-08,5.75541196809251,7.70789658681246,3.78371254011309,4.14978917217601,0.504967379462336,0.498638129984673,"TSS_more_sig"
0.5,"eld vs kin","77",0.00223289343772109,0.000102892539713005,2.65113200264017,3.98761611288509,2.31824483700675,2.7648751926032,0.359681691571702,0.373194038768482,"TSS_more_sig"
0.5,"eld vs kin","79",3.15572246921984e-07,7.80425462158018e-05,6.50090119791707,4.10766856975633,-3.79889896704776,-3.29463776470568,0.473720780922056,0.485078656495971,"CLR_more_sig"
0.5,"eld vs kin","80",0.00099450614624814,2.51156127093286e-05,3.00239252850395,4.60005622251998,2.434055033088,2.85061376467612,0.362171561740892,0.342624537085727,"TSS_more_sig"
0.5,"eld vs kin","82",0.000167722467136258,0.00314350205007039,3.77540875790821,2.50258625208365,-3.74251288245985,-3.47654030792816,0.583119153950209,0.59725938319773,"CLR_more_sig"
0.5,"eld vs kin","83",1.05505502648975e-05,0.00125089377238727,4.97672488910785,2.90277956962302,-3.49235536906425,-2.96658212524316,0.50360528076667,0.524501242483063,"CLR_more_sig"
0.5,"eld vs kin","84",1.52604644806653e-07,4.47591648280178e-05,6.81643224761836,4.34911802567289,-3.78589621107508,-3.36059067347423,0.44524641769254,0.488009750866097,"CLR_more_sig"
0.5,"eld vs kin","87",0.00149267915868778,0.0421871724355789,2.82603353091225,1.37481958191315,-2.91233795036305,-2.3780739123692,0.515491266702435,0.523946680631852,"CLR_more_sig"
0.5,"eld vs kin","89",4.63909724676154e-15,2.30670092098068e-17,14.3335665235172,16.6370087109786,4.80886451256406,5.30949234490001,0.436885468671547,0.439833852281694,"TSS_more_sig"
0.5,"eld vs kin","91",3.56412788782946e-07,0.000108065239325858,6.44804672102625,3.9663139803916,-4.32767637272003,-3.88737146176275,0.563782639935031,0.580262597881549,"CLR_more_sig"
0.5,"eld vs kin","100",4.43947223926192e-05,0.00185738262573119,4.35266865538077,2.73109862123246,-3.70503851851009,-3.27275750096374,0.543661451230187,0.561814295630282,"CLR_more_sig"
0.5,"eld vs kin","102",0.00189133140392352,0.0167344601938308,2.72323236629779,1.77638829218709,-2.87119787897655,-2.4508767962305,0.518254483307628,0.544415013146158,"CLR_more_sig"
0.5,"eld vs kin","103",0.0377800022002081,0.0020747821908734,1.42273802112202,2.68302748847805,2.23032072065551,2.7015000511076,0.443751366797806,0.458309902614345,"TSS_more_sig"
0.5,"eld vs kin","111",4.43218039119602e-06,0.000229549576326837,5.35338257199201,3.63912350446227,-3.18385697993844,-2.77410844967143,0.440264724386603,0.449299536162039,"CLR_more_sig"
0.5,"eld vs kin","119",0.00052652975021406,1.66737034950925e-06,3.2785770850886,5.77796792573632,2.44827955735738,2.8890770852275,0.317029572717666,0.321279804901895,"TSS_more_sig"
0.5,"eld vs kin","121",3.41901723271952e-11,1.14978126634859e-12,10.4660987102429,11.9393847716926,4.56180166727657,5.05148954133454,0.475959809804044,0.504755187896207,"TSS_more_sig"
0.5,"eld vs kin","124",0.00126011470679623,7.30036597117221e-05,2.8995899197545,4.13665536792383,2.60933687620899,3.00441923811492,0.435840247861789,0.435043281396048,"TSS_more_sig"
0.5,"eld vs kin","125",0.00036407622179049,0.000120035521469989,3.43880768437943,3.92069021648906,2.91647859511613,3.35372536035041,0.529821942073214,0.545738122763735,"TSS_more_sig"
0.5,"eld vs kin","130",0.000456905810253708,0.00731091039764346,3.34017331919297,2.13602853876659,-3.2237646195844,-2.83165043914685,0.568537634593095,0.593403964357323,"CLR_more_sig"
0.5,"eld vs kin","138",2.26174559291012e-08,2.06304755055118e-10,7.64555624724833,9.68549076199098,3.83351608451027,4.33830153228252,0.426496805331825,0.436728708393643,"TSS_more_sig"
0.5,"eld vs kin","139",3.94980082984659e-07,0.00046937052630987,6.40342480327972,3.32848418500344,-3.97591243181711,-3.51541066006359,0.534657701115568,0.533605542039938,"CLR_more_sig"
0.5,"eld vs kin","151",1.3708976106751e-12,4.42809404683844e-16,11.8629949804981,15.3537831638572,5.35403194809081,5.84392537672404,0.487964592477763,0.478887184535819,"TSS_more_sig"
0.5,"eld vs kin","164",7.64134575666005e-05,7.32085059221526e-06,4.11683014885589,5.13543845636725,3.20970627813306,3.5668352878286,0.470236073647618,0.45876093156519,"TSS_more_sig"
0.5,"eld vs kin","169",3.83362716712349e-05,0.00116889726396842,4.41639012597394,2.93222365791627,-3.36696848542836,-2.95446970101978,0.510270307475424,0.531831200045193,"CLR_more_sig"
0.5,"eld vs kin","172",0.00114291656644349,0.006729442194695,2.94198547219067,2.17202093307258,-2.7545829011787,-2.31954854061286,0.456450032397315,0.45968537677464,"CLR_more_sig"
0.5,"eld vs kin","181",0.00798907130032487,0.0200889144328967,2.09750370286199,1.69704353107359,-2.46379192184867,-2.16748324479863,0.472175347182886,0.492974810531231,"CLR_more_sig"
0.5,"eld vs kin","206",0.00640301185698906,0.00162818810047007,2.19361569395591,2.78829542360085,2.87269965459993,3.26202159703029,0.526335693873058,0.54822525160458,"TSS_more_sig"
0.5,"eld vs kin","207",3.95454810823293e-07,3.35564243605319e-06,6.4029031367715,5.47422432207521,3.55245884063,4.02364558838959,0.461045483058429,0.468133650923964,"CLR_more_sig"
0.5,"eld vs kin","222",0.000333887508287624,4.56735772198476e-06,3.47639982887386,5.34033497249635,3.29208473122211,3.84184409491472,0.504667846894867,0.506977719777646,"TSS_more_sig"
0.5,"eld vs kin","223",0.0296424462002506,0.00298121916168197,1.52808595968617,2.52560609602021,2.57837198007563,3.04342681962494,0.514987108666888,0.530861148283428,"TSS_more_sig"
0.5,"eld vs kin","246",0.000126761441678469,1.8559810930231e-05,3.89701283015195,4.73142645227533,2.90626493216718,3.33547675211411,0.475669800245856,0.474148665934253,"TSS_more_sig"
0.5,"eld vs kin","247",0.0139284360788344,0.025316346809322,1.85609764455681,1.59659896354485,2.3158468385271,2.59199623856567,0.514746064277021,0.504066714402328,"CLR_more_sig"
0.5,"eld vs kin","265",0.0019845837360372,0.000247406424925631,2.70233057207469,3.60658902631758,2.58185593593026,3.12094852914024,0.485136797793924,0.476776521303629,"TSS_more_sig"
0.5,"eld vs kin","267",0.00052176032008112,0.0289642120315953,3.28252895211405,1.53813828194086,-3.1792060145637,-2.70722879403844,0.604066528871457,0.614107921569006,"CLR_more_sig"
0.5,"eld vs kin","282",0.00429708111839523,0.00437514461580845,2.36682644781973,2.35900758725662,-2.9577824811815,-2.4445306277943,0.474187913423343,0.469632608972156,"CLR_more_sig"
0.5,"eld vs kin","294",0.00939705983852229,0.000768742539536488,2.02700800763893,3.11421908592073,2.65417624124537,2.96954205374705,0.450069258494524,0.444826586021083,"TSS_more_sig"
0.5,"eld vs kin","329",0.0344530109857503,0.000276607433025461,1.46277281737452,3.55813615366066,2.65404839050597,3.05138950149065,0.4269671301369,0.425304241501528,"TSS_more_sig"
0.5,"eld vs kin","344",5.9746523274811e-06,2.87224629578292e-05,5.22368736178561,4.54177832198086,3.02813751538394,3.41101060157588,0.41548808325295,0.420137859787136,"CLR_more_sig"
0.5,"eld vs kin","435",0.022136642329166,0.00179109841734953,1.65488825195325,2.74688054986425,2.82344981727068,3.18316919425346,0.581125797555642,0.566446469111088,"TSS_more_sig"
0.5,"eld vs kin","614",0.000451466569263116,0.0168062575149758,3.34537440331746,1.77452898623631,-2.86555059017254,-2.50031293523291,0.493403549345018,0.490654549947226,"CLR_more_sig"
0.5,"eld vs kin","616",0.000781472186081822,0.0216950152996437,3.10708647464562,1.66364003926381,-2.68016230534518,-2.2131406341992,0.413195809671345,0.43561650443548,"CLR_more_sig"
0.5,"eld vs kin","652",0.0400427740235602,0.00928232008982935,1.39747584374532,2.03234345952723,1.85668756007103,2.33643312601551,0.356730299429594,0.363968358847487,"TSS_more_sig"
0.5,"eld vs kin","666",8.21567289893688e-10,9.00861914783351e-06,9.08535686018666,5.04534177310917,-3.88507619243014,-3.42484552833269,0.412229729268574,0.42348397265501,"CLR_more_sig"
0.5,"eld vs kin","667",0.0146194088908605,0.00805649620692427,1.83507018692859,2.09385379303878,2.50456253112084,3.05711416283583,0.559466141329291,0.577459634551751,"TSS_more_sig"
0.5,"eld vs kin","728",3.77534600422608e-11,4.53395021455364e-14,10.4230432398388,13.3435232529928,4.0733885980615,4.55440314816033,0.383972092678748,0.388248346213523,"TSS_more_sig"
0.5,"eld vs kin","744",4.04032330922598e-06,0.000322409962827947,5.39358388097981,3.49159154647504,-3.61187608617382,-3.24480268114706,0.513681724856481,0.522549421687366,"CLR_more_sig"
0.5,"eld vs kin","770",9.95558704796806e-05,0.0344786307064791,4.00193312597548,1.46244999019154,-2.64927150103961,-2.19396262290832,0.414419981145388,0.427011510194824,"CLR_more_sig"
0.5,"eld vs kin","786",3.93631517467646e-06,0.000175639605097419,5.4049101355601,3.75537754802065,-3.75993196901776,-3.38419234597953,0.498494061989172,0.504607633243142,"CLR_more_sig"
0.5,"eld vs kin","849",9.84299185681084e-05,0.00343827105293735,4.00687287418958,2.46365988909317,-2.76629174400364,-2.38163282856178,0.403275616255967,0.433219157241813,"CLR_more_sig"
0.5,"eld vs kin","854",4.50148673621404e-05,1.69864444596355e-06,4.34664402518125,5.76989751654927,3.2112692084284,3.69970317077791,0.45838089774483,0.463916835422027,"TSS_more_sig"
0.5,"eld vs kin","857",0.0457390384680611,0.0210923077278408,1.33971296942766,1.67587590112171,1.71958859917987,2.19344270186852,0.414146081136502,0.403724800552766,"TSS_more_sig"
0.5,"eld vs kin","886",1.7093236114498e-09,3.33430813362594e-11,8.76717570827855,10.4769942681703,4.65344636428983,5.11374380843276,0.525802262038654,0.543922973168314,"TSS_more_sig"
0.5,"eld vs kin","888",0.0013233741063798,7.14180948086231e-05,2.87831736717344,4.14619173948541,2.81251848014098,3.20054407433048,0.446194008998821,0.444806597431919,"TSS_more_sig"
0.5,"eld vs kin","891",0.00113902841404261,0.00606250769283141,2.9434654419367,2.2173476973048,-3.34455909044307,-2.93384412419147,0.568599821532889,0.567389121628346,"CLR_more_sig"
0.5,"eld vs kin","895",0.000134991117884952,0.0051798064819853,3.86969480617504,2.2856864652308,-3.1165672565616,-2.77417410465544,0.50233576604486,0.497475188887029,"CLR_more_sig"
0.5,"eld vs kin","914",0.00476843872791724,0.0317712837282457,2.32162379346331,1.49796523701957,-2.88566596524274,-2.46890608948574,0.555468232204424,0.5591197798464,"CLR_more_sig"
0.5,"eld vs kin","922",0.0361247613946724,0.00639233356658755,1.44219501275635,2.19434057062327,2.28570243838754,2.66095436935359,0.454484597586447,0.47582056167149,"TSS_more_sig"
0.5,"eld vs kin","926",0.0333625170676988,0.000783491844932426,1.47674119102668,3.10596551957737,2.17205231883716,2.53264509721527,0.439712385928554,0.421872449550751,"TSS_more_sig"
0.5,"eld vs kin","944",0.00843145250438401,8.41268470599161e-05,2.07409760208939,4.07506538744407,1.9794782430838,2.40142538085335,0.299457035691198,0.298136816346707,"TSS_more_sig"
0.5,"eld vs kin","947",1.79549159556243e-08,1.48864932471687e-10,7.74581662340307,9.82720759524777,4.13297108845899,4.61542364215372,0.425468223369221,0.427863157703429,"TSS_more_sig"
0.5,"eld vs kin","978",1.75762597383636e-23,1.95277574014932e-24,22.7550735381253,23.7093476289128,6.08099583979748,6.47147513632566,0.4261043282414,0.413546512661379,"TSS_more_sig"
0.5,"eld vs kin","984",6.74303274742892e-15,4.43419404563128e-14,14.1711447311741,13.3531853055601,4.89269130665081,5.17671195671294,0.420943099012656,0.418446668306196,"CLR_more_sig"
0.5,"eld vs kin","988",0.00116884312021371,1.38667408259184e-05,2.93224377506363,4.85802560148227,3.12437076260224,3.55223993421558,0.536868959891414,0.521092002204312,"TSS_more_sig"
0.5,"eld vs kin","991",3.73845958923722e-05,0.0018749221272512,4.42730730948464,2.72701676548688,-3.74853278187346,-3.34412914386024,0.569950071752101,0.561000324782261,"CLR_more_sig"
0.5,"eld vs kin","1014",1.31981713621061e-07,1.32875233638136e-05,6.87948623715484,4.87655595883618,-4.19362287956718,-3.88781179284208,0.518293532378762,0.521924733800726,"CLR_more_sig"
0.5,"eld vs kin","1019",0.0390968777392574,0.00427205191878056,1.40785792379989,2.36936347791234,2.01880424055086,2.4178835977214,0.432627932175413,0.423523296781049,"TSS_more_sig"
0.5,"eld vs kin","1020",0.00704794034830494,0.00230727102009526,2.15193778032127,2.63690138873911,2.32241841297009,2.7970549236165,0.414781351727298,0.419832299648836,"TSS_more_sig"
0.5,"eld vs kin","1021",1.56637594464583e-05,0.000406869220425453,4.80510399509392,3.39054516319412,-3.84623885951964,-3.3296771990868,0.551092032114701,0.546747259505197,"CLR_more_sig"
0.5,"eld vs kin","1027",0.0157491885610219,0.00379127301057765,1.8027418172743,2.42121494078637,2.42720233615918,2.87428025069932,0.500608466219188,0.512028004363371,"TSS_more_sig"
0.5,"eld vs kin","1030",2.48811548279974e-09,5.6069154318753e-11,8.60412946627272,10.2512759942398,4.02453996548569,4.63408091509662,0.427183012496853,0.444593980875375,"TSS_more_sig"
0.5,"eld vs kin","1043",0.0133862991628987,0.000207035825140442,1.87333947342005,3.68395449843387,2.35675669166455,2.82555862075651,0.422170394334657,0.422156104101938,"TSS_more_sig"
0.5,"eld vs kin","1059",0.0309908066335618,0.0112259241784304,1.50876711972891,1.94977789539628,2.65936709594528,3.17197807952461,0.582141098721961,0.59827348608858,"TSS_more_sig"
0.5,"eld vs kin","1074",1.42553385520021e-15,1.83829625022464e-18,14.8460224641125,17.7355844986789,5.01559388413231,5.36526319333149,0.392533503034143,0.386146509132861,"TSS_more_sig"
0.5,"eld vs kin","1076",5.46714675353639e-14,3.79849181580607e-13,13.2622392682713,12.4203888049854,4.5655025357623,4.93907778034878,0.423098639748948,0.418252478806791,"CLR_more_sig"
0.5,"eld vs kin","1082",0.00288190896338316,9.90298955259078e-05,2.54031974223292,4.00423367911973,2.86925288440007,3.28545538465373,0.492532992847268,0.480527559037123,"TSS_more_sig"
0.5,"eld vs kin","1089",1.30982175027998e-08,1.32491068032168e-11,7.88278780215875,10.8778133989732,2.95386319925091,3.38438226095981,0.280781608814381,0.288841150765564,"TSS_more_sig"
0.5,"eld vs kin","1098",6.05419912823186e-25,9.727147028972e-27,24.2179432987957,26.0120145195734,6.93664664020562,7.38183490894799,0.445360490120301,0.448646891603886,"TSS_more_sig"
0.5,"eld vs kin","1104",0.00075941834543934,0.0105510243072388,3.11951891572027,1.9767053764433,-2.81861584832486,-2.45530242636803,0.457477702903565,0.475547360313499,"CLR_more_sig"
0.5,"eld vs kin","1105",3.33982223173034e-06,9.5150179141896e-08,5.47627664870735,7.02159038971786,-4.58220664238247,-4.24286246488802,0.499398674667432,0.509068130496336,"TSS_more_sig"
0.5,"eld vs kin","1108",0.00587486303507092,0.000128898836415036,2.23100225395942,3.8897510030563,2.48691260019743,2.85207931902307,0.423594347393229,0.435026221203898,"TSS_more_sig"
0.5,"eld vs kin","1112",2.48954883621382e-05,0.000340977095404308,4.60387934997091,3.46727479307088,-3.54576372929941,-3.16555165510796,0.528425036864453,0.528815943402595,"CLR_more_sig"
0.6,"cent vs mage","4",5.77307142282694e-10,2.83605966395893e-14,9.23859306949812,13.5472846368685,2.17437760739884,2.40554153060598,0.199855634443614,0.182930712936014,"TSS_more_sig"
0.6,"cent vs mage","7",3.51875731632794e-13,3.19103769156256e-14,12.4536106848028,13.4960680660224,4.11186354809133,4.381337961065,0.416991023583738,0.416775978560831,"TSS_more_sig"
0.6,"cent vs mage","8",1.14048719088024e-05,7.90301322804709e-07,4.9429095880386,6.10220729113897,2.24052190938076,2.47715317657402,0.309519319181598,0.313292131582793,"TSS_more_sig"
0.6,"cent vs mage","9",1.94903502919531e-05,1.17994822684126e-06,4.71018035541829,5.92813704802475,1.99107875743431,2.21775260431681,0.263462847828639,0.27105058900323,"TSS_more_sig"
0.6,"cent vs mage","10",0.00648365666494678,0.00174955013899559,2.18817999081102,2.75707360689523,1.96892455055495,2.18655594278631,0.402334952491008,0.412664974701101,"TSS_more_sig"
0.6,"cent vs mage","11",2.36042118670849e-05,3.54009783318943e-07,4.62701049586777,6.45098473576313,2.19425817317223,2.41421232253067,0.31036812095564,0.29659467883407,"TSS_more_sig"
0.6,"cent vs mage","14",1.81178601178583e-10,1.73427453959659e-12,9.74189309771249,11.7608821516152,2.66883672055938,2.90089066151113,0.263411305149229,0.258888768329108,"TSS_more_sig"
0.6,"cent vs mage","16",0.00172563947548,0.000127558208420358,2.76304993293388,3.89429158913601,1.53532282592354,1.76949927482303,0.230091515481938,0.229568196038912,"TSS_more_sig"
0.6,"cent vs mage","19",1.3737990899199e-06,3.83842403849171e-07,5.86207677566005,6.41584704955767,2.49541704548629,2.71521465230677,0.330653145131453,0.3441686162148,"TSS_more_sig"
0.6,"cent vs mage","20",1.83845307493069e-10,8.42421909304421e-12,9.73554745067885,11.0744703467534,2.65071000731881,2.88709740542871,0.26493927117736,0.269184872287402,"TSS_more_sig"
0.6,"cent vs mage","21",1.38461244906487e-11,2.18554567554074e-14,10.8586717679608,13.6604401127945,2.83145407130853,3.05724183119209,0.264126147096519,0.26069445359791,"TSS_more_sig"
0.6,"cent vs mage","23",3.4157794018491e-06,9.80595669419013e-08,5.46651018471992,7.00851002904984,2.10634828532656,2.34879129061721,0.262215633057112,0.2668474042751,"TSS_more_sig"
0.6,"cent vs mage","24",3.76094080358553e-11,1.64762969794961e-11,10.4247035022273,10.7831403886388,4.49392981789679,4.64846300748367,0.478327270015352,0.492043831598318,"TSS_more_sig"
0.6,"cent vs mage","26",2.63593987593518e-08,4.46802911815139e-09,7.57906449993818,8.34988400524952,3.05502132833031,3.30185355059866,0.372108190192842,0.373501265477967,"TSS_more_sig"
0.6,"cent vs mage","27",0.0418248335329387,0.0230928171513393,1.37856577889802,1.6365230831655,1.46884454413162,1.68440732096538,0.335224268894976,0.351360437376303,"TSS_more_sig"
0.6,"cent vs mage","28",0.00278036528642569,0.000722305006384602,2.55589814240664,3.14127937498095,2.22904683981501,2.42878275114676,0.45497613011826,0.452716694537234,"TSS_more_sig"
0.6,"cent vs mage","30",0.000681199558644098,2.78817169811168e-05,3.16672564209302,4.55468048550716,1.65672402577221,1.89438778672427,0.236945757779231,0.238760300206955,"TSS_more_sig"
0.6,"cent vs mage","32",9.04782078002835e-08,1.68193973115578e-09,7.04345601053791,8.77418957030709,2.11388740078632,2.34095014050615,0.225401868375288,0.228818638336043,"TSS_more_sig"
0.6,"cent vs mage","36",3.28811080549609e-05,4.60100454605296e-07,4.48305355566828,6.33714733762746,1.70694345018931,1.94157417423828,0.204353570088765,0.203460571706592,"TSS_more_sig"
0.6,"cent vs mage","37",0.00194619298279304,0.000379927491671061,2.71081409767165,3.42029927962491,1.87821112986047,2.09839816705117,0.339001531743965,0.335371967688261,"TSS_more_sig"
0.6,"cent vs mage","39",1.03830674871849e-09,1.98499955392253e-10,8.98367432317809,9.70223958649734,3.52774611522884,3.77498015825852,0.420066269342689,0.415054050584043,"TSS_more_sig"
0.6,"cent vs mage","42",2.01101358992765e-08,3.8593714125761e-10,7.69658499453968,9.4134834244163,3.38838022654449,3.64409912299302,0.411571041689551,0.409429404706791,"TSS_more_sig"
0.6,"cent vs mage","44",0.000933285954437703,0.000276104408585339,3.02998527007231,3.5589266588841,1.77053826993048,1.99635440698458,0.291676319958815,0.299718693056476,"TSS_more_sig"
0.6,"cent vs mage","47",0.00168304642188819,0.00199896820594834,2.77390390512231,2.69919411338114,2.51312617969753,2.73104726904885,0.495018994559422,0.493883267254319,"CLR_more_sig"
0.6,"cent vs mage","50",0.0453774765340024,0.0111795355917225,1.34315965913046,1.95157623707047,1.24917933973484,1.47604294153805,0.24317004103187,0.249749724249096,"TSS_more_sig"
0.6,"cent vs mage","52",0.00216775275447943,0.000333360330964263,2.66399025326306,3.47708608137763,1.73596505237519,1.96745974924873,0.301134740830415,0.303780665678575,"TSS_more_sig"
0.6,"cent vs mage","54",0.0394173335932324,0.0223508464891867,1.40431275714718,1.65070602427159,1.77851641464013,2.00192980178131,0.421191788421893,0.436510556061654,"TSS_more_sig"
0.6,"cent vs mage","55",1.72926115390072e-05,1.06720680208445e-06,4.76213941439908,5.97175141534439,2.4392735761991,2.6874988620784,0.364996692210422,0.355682543406937,"TSS_more_sig"
0.6,"cent vs mage","56",2.38546266268412e-08,3.62991488675673e-09,7.62242737663897,8.44010355806175,2.97069308086822,3.21606818168208,0.369829728958004,0.374143909993115,"TSS_more_sig"
0.6,"cent vs mage","61",0.000798863349582439,3.41707339330593e-05,3.09752750303619,4.46634569314579,1.84087255882103,2.07114854201434,0.284155338642967,0.281158276175517,"TSS_more_sig"
0.6,"cent vs mage","69",1.49787681783128e-05,1.81269932415629e-05,4.82452390061241,4.74167422717261,2.64201923174831,2.84499618950057,0.394023664509801,0.386254634147577,"CLR_more_sig"
0.6,"cent vs mage","81",0.0476881844192104,0.0117971062586732,1.3215892116766,1.92822450879655,1.32815291349203,1.56271531315271,0.295863674890911,0.294226327429242,"TSS_more_sig"
0.6,"cent vs mage","90",6.32879287493342e-07,4.9303538972302e-08,6.19867911743107,7.3071219062607,2.31120195918292,2.56882221194561,0.287542171019284,0.280148694131457,"TSS_more_sig"
0.6,"cent vs mage","92",1.97020202493812e-05,3.32113295856106e-07,4.70548923890575,6.4787137374659,1.90857060792233,2.13673073095945,0.246778718754794,0.238936192904429,"TSS_more_sig"
0.6,"cent vs mage","95",0.000999149464558946,0.000428758364840214,3.00036954002444,3.3677873940197,2.07882885655887,2.28459374799984,0.370630986394843,0.371003312245572,"TSS_more_sig"
0.6,"cent vs mage","106",4.61944346778512e-07,7.59940702518044e-09,6.33541034336786,8.11922029400066,2.69755216675853,2.98066702200544,0.325130841932978,0.337489454866301,"TSS_more_sig"
0.6,"cent vs mage","114",1.74305515961479e-07,1.17265785600063e-05,6.75868886926563,4.93082868262097,-3.63142205427334,-3.49965057543446,0.461558306402979,0.488529845366104,"CLR_more_sig"
0.6,"cent vs mage","119",3.68840356750368e-05,1.40036274173457e-06,4.43316156659045,5.85375945265874,1.81172003041017,2.05888231382158,0.246845041678106,0.237419215128284,"TSS_more_sig"
0.6,"cent vs mage","120",0.00830467150267544,0.00329870100807388,2.0806775417071,2.48165704681545,2.22521734904649,2.53688241363903,0.480016393750423,0.498093296224613,"TSS_more_sig"
0.6,"cent vs mage","132",2.96810910733562e-09,1.87298294641175e-07,8.52752013848639,6.72746617687623,-4.4323274041256,-4.19474504753124,0.481567555900713,0.494374940257692,"CLR_more_sig"
0.6,"cent vs mage","141",0.0232974609677701,0.00572120510014268,1.63269140720453,2.2425124828822,2.25665025142168,2.5405929511464,0.562717742157236,0.547375908143227,"TSS_more_sig"
0.6,"cent vs mage","142",5.75309473496937e-06,1.82857422656342e-07,5.24009847448212,6.73788740583038,3.6065415588478,3.82834526431839,0.538808815600667,0.539876162137432,"TSS_more_sig"
0.6,"cent vs mage","143",4.67134495295219e-09,4.70770931557036e-07,8.33055806128594,6.32719036115171,-3.83125584441707,-3.65035135549305,0.4535983917351,0.451937821021244,"CLR_more_sig"
0.6,"cent vs mage","148",0.00346230823146215,0.0381869416598016,2.46063427173954,1.41808512228806,-2.65717355972353,-2.42707643633997,0.475185293589606,0.50589170907823,"CLR_more_sig"
0.6,"cent vs mage","155",0.000886841091292607,0.00145101936011985,3.05215419229617,2.8383267929812,2.50789660531158,2.78140514268828,0.479226103460311,0.47205751127494,"CLR_more_sig"
0.6,"cent vs mage","168",1.38100486459832e-07,3.43171600930346e-07,6.85980479161363,6.46448865925445,3.55515141352723,3.80539021510673,0.449393051777837,0.443106036459366,"CLR_more_sig"
0.6,"cent vs mage","184",0.0177992342851169,0.036368661882661,1.74959868043837,1.43927267770985,2.47388620051026,2.59578538895052,0.530829281043428,0.569646758361801,"CLR_more_sig"
0.6,"cent vs mage","210",3.19787966940321e-10,3.7989988635236e-08,9.49513788202111,7.42033083636513,-4.33240017476758,-4.18899483545671,0.456473088293783,0.466405185356702,"CLR_more_sig"
0.6,"cent vs mage","212",0.00730486237744695,5.2091839484438e-06,2.13638796169798,5.28323030634469,2.27408994978831,2.56584000262814,0.381489765543768,0.361611273415757,"TSS_more_sig"
0.6,"cent vs mage","219",1.29010094478628e-07,4.73248040176293e-06,6.88937630671743,5.32491117586894,-3.98851797834684,-3.59015986327131,0.46256762366109,0.459070211608303,"CLR_more_sig"
0.6,"cent vs mage","294",1.15090389741646e-06,2.24151798299566e-05,5.93896093924096,4.64945777257581,2.86476480525705,3.12096588312836,0.394464841907725,0.390939980957489,"CLR_more_sig"
0.6,"cent vs mage","353",3.09623861335496e-05,0.0157155714239643,4.50916557755304,1.80366982325202,-3.25139462655229,-2.96430539806771,0.446377107586834,0.453808668396747,"CLR_more_sig"
0.6,"cent vs mage","652",0.000122085158522165,1.48473885482989e-06,3.91333712855057,5.82834992606377,2.30294162265418,2.50857640127958,0.300578136216128,0.318428702824728,"TSS_more_sig"
0.6,"cent vs mage","671",8.27423150977797e-06,2.74561263265842e-06,5.0822723318799,5.5613607356229,2.51173988065693,2.76069847442402,0.353818462240087,0.365157549983833,"TSS_more_sig"
0.6,"cent vs mage","675",0.000246898445182721,0.00631428880561971,3.60748164498379,2.19967555804429,-2.88439731387268,-2.73933372461255,0.454671384286312,0.470829860091764,"CLR_more_sig"
0.6,"cent vs mage","728",1.55998058214508e-07,2.29897462626485e-08,6.80688080749152,7.63846582200344,2.47216391015587,2.73165010155945,0.306640179396777,0.306845045872259,"TSS_more_sig"
0.6,"cent vs mage","762",6.5402255010871e-05,6.61578904526574e-05,4.18440727733484,4.17941835139047,2.527003502088,2.73575253391124,0.377930505350346,0.39086017841865,"CLR_more_sig"
0.6,"cent vs mage","788",0.00664805686583888,0.00140499050946218,2.17730527436017,2.85232660935472,2.52081987026752,2.78352685586658,0.520707208728229,0.537087799146001,"TSS_more_sig"
0.6,"cent vs mage","798",0.000680044682340914,0.00146342452079563,3.1674625510341,2.8346296723059,2.21088845765036,2.36812911577417,0.409573158377294,0.443757512923612,"CLR_more_sig"
0.6,"cent vs mage","814",0.0456212734459891,0.00652980878018913,1.34083259624378,2.18509953647755,2.21577488781953,2.46265614048913,0.458819421723649,0.454461629313195,"TSS_more_sig"
0.6,"cent vs mage","825",0.0153042558618779,0.00222418311857382,1.81518778223371,2.65282945984525,1.84980885334744,2.1043595122862,0.363326465420002,0.374054045055513,"TSS_more_sig"
0.6,"cent vs mage","829",1.33542814644479e-05,2.89574366062946e-05,4.87437947450299,4.53823988574197,2.56018657622105,2.77396324863604,0.3882214139092,0.398959861187677,"CLR_more_sig"
0.6,"cent vs mage","834",0.00155161624963599,0.000198501895742744,2.80921568080549,3.70223534126015,2.18453278448683,2.43957561930118,0.402766146761398,0.392495544611911,"TSS_more_sig"
0.6,"cent vs mage","836",0.0323211941771692,0.00575138732099704,1.49051260164207,2.24022738432236,1.40792937407865,1.67318654626369,0.286782024150811,0.307408867248699,"TSS_more_sig"
0.6,"cent vs mage","848",0.000136118795900314,1.95786422480097e-05,3.86608190130531,4.70821742921536,2.34801615319459,2.60317281770184,0.323453458258304,0.338463413441791,"TSS_more_sig"
0.6,"cent vs mage","854",2.18435533293251e-06,4.7474379717151e-07,5.66067671277158,6.32354070088643,3.37796449383393,3.59843093474814,0.466376401445668,0.466397056026923,"TSS_more_sig"
0.6,"cent vs mage","857",0.00114515294177503,2.94472002336869e-06,2.94113650691951,5.53095599054961,2.46881130003697,2.67025193247182,0.336695907966501,0.340582164459315,"TSS_more_sig"
0.6,"cent vs mage","886",7.52865238937361e-05,1.68558167229018e-06,4.1232827545079,5.77325019955617,3.30278148365564,3.52096918438192,0.52739979693296,0.526770367494635,"TSS_more_sig"
0.6,"cent vs mage","921",6.82553684563176e-08,4.38969325784344e-06,7.16586318459103,5.35756582624542,-3.84401956525863,-3.67882507065185,0.469338635722682,0.480836093686127,"CLR_more_sig"
0.6,"cent vs mage","944",0.00414244177821666,0.000648848490617237,2.38274358684995,3.18785670130529,1.66799656277128,1.87699126355725,0.295334611568378,0.280342299805481,"TSS_more_sig"
0.6,"cent vs mage","947",0.000263743118198743,0.000138908173209474,3.57881886351341,3.85727220008423,2.60377800272558,2.77304792199309,0.396320137600229,0.418439770089808,"TSS_more_sig"
0.6,"cent vs mage","978",4.60917991747133e-06,7.20840417650228e-08,5.3363763390354,7.14216087037756,3.33466839553818,3.59936920302373,0.445966426520975,0.441822581433709,"TSS_more_sig"
0.6,"cent vs mage","984",8.62531066401399e-05,1.2436888196926e-06,4.06422525367646,5.90528826980274,2.65025714583245,3.00213653517163,0.423099442397811,0.410591805644091,"TSS_more_sig"
0.6,"cent vs mage","988",0.0464185788330845,0.0435246137110863,1.33330816018336,1.36126507463655,1.88484961008045,2.12562065094932,0.524466521921948,0.524099214246488,"TSS_more_sig"
0.6,"cent vs mage","989",0.000632237501649307,5.10721855723468e-06,3.19911974722419,5.29181555664025,2.34688186151515,2.69473032454978,0.37913321515089,0.37254315780685,"TSS_more_sig"
0.6,"cent vs mage","1017",0.000806269837462547,0.0007022061904472,3.09351958684408,3.15353534623893,2.26885231551172,2.54881702385997,0.376840475300705,0.392152598781,"TSS_more_sig"
0.6,"cent vs mage","1019",4.18769576950457e-05,0.0152412597484188,4.3780248767603,1.81697913541268,-2.65187574887249,-2.37606477835954,0.391343612369278,0.389316232077722,"CLR_more_sig"
0.6,"cent vs mage","1021",0.0494816735276459,0.0253211247441498,1.30555562045094,1.59651700721199,1.99690777237972,2.26444243582487,0.516559703142161,0.526330854766856,"TSS_more_sig"
0.6,"cent vs mage","1030",0.0112456497451465,3.92658114191758e-05,1.94901544706874,4.40598542352098,2.4650978479543,2.78403207562013,0.410481897912069,0.40590290514259,"TSS_more_sig"
0.6,"cent vs mage","1043",5.13283039773012e-08,6.92975137381485e-09,7.28964308573862,8.15928234676153,2.77773606811213,2.97496668406267,0.322441712638135,0.333160791462892,"TSS_more_sig"
0.6,"cent vs mage","1047",0.0216410108269358,0.00616709972447293,1.66472245769173,2.20991902880117,1.44965362719021,1.67991023085558,0.282053393651419,0.297916053995505,"TSS_more_sig"
0.6,"cent vs mage","1058",0.000922091138992481,0.0350071809291905,3.03522615139174,1.45584286084854,-2.6566401856417,-2.54133927809706,0.459624443367449,0.466028940980944,"CLR_more_sig"
0.6,"cent vs mage","1074",8.77235316954319e-09,1.46849198110559e-07,8.05688389221382,6.83312842065708,3.3279486147678,3.46503312551322,0.382878947268008,0.37448454738753,"CLR_more_sig"
0.6,"cent vs mage","1076",0.00100356661023058,4.40798227858535e-05,2.99845379657409,4.35576016014721,2.59569073632236,2.76418681064162,0.414324392311592,0.419144024261273,"TSS_more_sig"
0.6,"cent vs mage","1083",0.031015801520141,0.0113942129937727,1.5084169911788,1.94331566647004,1.6478954773111,1.8642593433173,0.375563129247134,0.383950014469213,"TSS_more_sig"
0.6,"cent vs mage","1087",2.34823264461868e-08,2.07874551390821e-06,7.62925887877492,5.68219867501212,3.89788765372844,4.02180559884631,0.490423909734676,0.503507144263459,"CLR_more_sig"
0.6,"cent vs mage","1089",0.00134939196559375,0.000155310223554477,2.86986188000308,3.80879995517192,1.62509164216666,1.84561016294103,0.266021674160966,0.260220323734073,"TSS_more_sig"
0.6,"cent vs mage","1090",0.0146463863785552,0.00829317521669774,1.83426951315553,2.08127915882592,1.6377242457037,1.8478908428357,0.319607367857942,0.332947219276796,"TSS_more_sig"
0.6,"cent vs mage","1091",0.000399639662601282,0.000764340695442922,3.39833141635677,3.11671301685649,2.72842294294396,2.89696941847017,0.478090599689503,0.483632812132372,"CLR_more_sig"
0.6,"cent vs mage","1092",0.0305328435876461,0.0391985948857208,1.51523274706345,1.40672950043656,1.58929480295079,1.74644636119671,0.344502116540088,0.353745629766861,"CLR_more_sig"
0.6,"cent vs mage","1098",4.59068274959871e-14,1.94588493862823e-14,13.3381227191833,13.710882843408,4.4930284241602,4.74802923754151,0.44034723596323,0.442931151069493,"TSS_more_sig"
0.6,"eld vs kin","3",7.59572960085109e-13,2.87045876928849e-08,12.1194305040388,7.54204868687304,-4.75309176118023,-4.17303055685454,0.431245112546362,0.44565356896798,"CLR_more_sig"
0.6,"eld vs kin","4",3.33418915347492e-09,2.18046909580866e-14,8.47700976564174,13.6614500642829,2.46507188816882,3.04478144377834,0.228186523604799,0.220662498653608,"TSS_more_sig"
0.6,"eld vs kin","5",9.37620057615796e-05,0.0244721007272708,4.02797311077704,1.61132874846176,-2.81733137259183,-2.23001575760037,0.384865705911465,0.384030093144947,"CLR_more_sig"
0.6,"eld vs kin","7",2.65817902745517e-28,4.58854555323648e-33,27.5754157728223,32.3383249524371,7.56354492977439,8.08174861324641,0.471063794967159,0.455894865661794,"TSS_more_sig"
0.6,"eld vs kin","8",0.0114037895323448,0.000295801690177398,1.94295080660151,3.52899934882249,1.97610664082832,2.54885986213527,0.381264413767184,0.392686216196333,"TSS_more_sig"
0.6,"eld vs kin","11",1.58285455203118e-08,1.38229300215894e-11,7.80055899047711,10.8593998905845,3.1710772645568,3.73169400029529,0.350893595126381,0.347479598770302,"TSS_more_sig"
0.6,"eld vs kin","14",2.25606291155485e-09,5.367000639042e-13,8.6466487939794,12.2702683530021,2.79650988192227,3.3867444804513,0.281020389534278,0.276995950949295,"TSS_more_sig"
0.6,"eld vs kin","15",3.91113165297008e-05,1.23272715615161e-07,4.40769756497446,6.90913303669723,2.89019048558656,3.48030709537431,0.441070203877571,0.430760092157387,"TSS_more_sig"
0.6,"eld vs kin","16",1.00823701988355e-11,1.80570212538788e-15,10.996437360423,14.7433538907722,2.96264880916705,3.53792286910317,0.262786625756183,0.267084714939756,"TSS_more_sig"
0.6,"eld vs kin","21",3.35158833273338e-18,3.49649524193627e-23,17.4747493300781,22.4563670584154,4.03638999561237,4.62655842916562,0.297210538032651,0.295913877542392,"TSS_more_sig"
0.6,"eld vs kin","23",1.25717625700178e-05,5.18900751949424e-08,4.90060382965134,7.28491569995983,2.36361838041851,2.92729145493148,0.301306819427551,0.309022987915107,"TSS_more_sig"
0.6,"eld vs kin","25",3.88406876951474e-06,4.77571019302567e-08,5.4107130892799,7.32096203560326,3.00826202563665,3.57675799452059,0.419554351061738,0.42426374626008,"TSS_more_sig"
0.6,"eld vs kin","26",0.00024552732077727,7.96355166346537e-07,3.60990017522069,6.09889319811272,2.36560456714933,2.96367811994831,0.363969177516481,0.363618223901234,"TSS_more_sig"
0.6,"eld vs kin","29",5.4553871798888e-06,8.83885129508141e-09,5.26317442122191,8.05360417261399,2.38592130213683,2.96495647992913,0.290566542714801,0.29154235783207,"TSS_more_sig"
0.6,"eld vs kin","31",3.58342151737566e-06,1.98977401421056e-07,5.44570210282941,6.70119624517544,3.51285349857596,4.14915462331558,0.519502870918756,0.537437503758158,"TSS_more_sig"
0.6,"eld vs kin","32",0.00887524440700481,9.9246753563354e-05,2.05181967848109,4.00328369043468,1.69503453374148,2.27589923826858,0.277090258544966,0.290531831042057,"TSS_more_sig"
0.6,"eld vs kin","33",1.91399270390616e-05,0.00659068720138427,4.71805972207607,2.18106929979002,-3.20524420660356,-2.70239290109935,0.450314421880373,0.458073346522951,"CLR_more_sig"
0.6,"eld vs kin","36",5.71523214884083e-05,5.95734404784634e-08,4.24296612416408,7.22494731785205,2.05674503949743,2.63226508549644,0.255739132052455,0.262502945850945,"TSS_more_sig"
0.6,"eld vs kin","47",0.000913436684789798,7.20162440616178e-05,3.03932155055489,4.14256953258775,2.83479121703575,3.38622214364483,0.538431764829828,0.539784937095764,"TSS_more_sig"
0.6,"eld vs kin","49",0.00803659694263332,0.000196149362641653,2.09492781218472,3.70741309870785,1.95684101427123,2.51831516636489,0.363370099976031,0.364271214892197,"TSS_more_sig"
0.6,"eld vs kin","55",0.000349349299267307,4.92088850870354e-06,3.45674012352642,5.30795647455205,2.46290670472044,3.03458414759622,0.422958344527317,0.411859939800621,"TSS_more_sig"
0.6,"eld vs kin","58",0.0360894130430653,0.000954094049187474,1.44262018123312,3.02040881289554,1.77413894318032,2.35840326964285,0.352897588448377,0.370052067118599,"TSS_more_sig"
0.6,"eld vs kin","61",0.000865976790943017,6.54192727196569e-06,3.06249374735961,5.18429428833081,2.17187389940331,2.77015990886735,0.359617306479436,0.370011031030915,"TSS_more_sig"
0.6,"eld vs kin","65",0.000112515617879742,0.0211742171145385,3.94878719054618,1.67419263809862,-2.71059826996571,-2.11798506039512,0.372508628066944,0.367221888544108,"CLR_more_sig"
0.6,"eld vs kin","67",1.82956323702133e-11,6.19621235275342e-08,10.737652574964,7.20787370678619,-5.40272637703549,-4.7986924169345,0.55195306393952,0.566483874173641,"CLR_more_sig"
0.6,"eld vs kin","70",0.00475754374193039,0.000321044864087378,2.32261721002115,3.49343427331438,2.55461217405692,3.14314373517746,0.52260563648729,0.513594744948514,"TSS_more_sig"
0.6,"eld vs kin","71",0.0072677089754936,0.00413416656266651,2.13860247168703,2.38361202993666,2.7029088385785,3.25197464154496,0.541169225199241,0.529994153129101,"TSS_more_sig"
0.6,"eld vs kin","74",1.95199707239367e-07,1.82938960978897e-08,6.70952083802395,7.73769379186524,3.71618845397817,4.29201833158965,0.489824551512885,0.498653638172961,"TSS_more_sig"
0.6,"eld vs kin","77",0.000147042044856838,7.40868781676938e-06,3.83255846635061,5.13025870489512,2.29356596277342,2.91950657311715,0.357087809805189,0.373987519138628,"TSS_more_sig"
0.6,"eld vs kin","79",9.78204620617601e-07,0.0010552979234643,6.00957029008968,2.97662491643154,-3.75617054641277,-3.17628445147845,0.472013759381421,0.491106110851946,"CLR_more_sig"
0.6,"eld vs kin","80",0.000144065601191544,2.56203052019796e-07,3.84143970409986,6.59141570102591,2.40199656617703,3.01770456575876,0.358993816548818,0.347945254616036,"TSS_more_sig"
0.6,"eld vs kin","82",1.84148153150124e-05,0.00728218055111883,4.73483263239273,2.13773855756597,-3.90112896099114,-3.19522517753637,0.587064681350387,0.610105009767616,"CLR_more_sig"
0.6,"eld vs kin","83",2.23187228884132e-05,0.0190150505580295,4.65133066002045,1.72090251553012,-3.469325258047,-2.86341119185552,0.495336167017829,0.525478479428969,"CLR_more_sig"
0.6,"eld vs kin","84",3.80469597377379e-08,0.00104085336329784,7.41968004117663,2.98261045012086,-3.80867919302747,-3.21204879825683,0.457534993570056,0.475063391838569,"CLR_more_sig"
0.6,"eld vs kin","89",1.45215274683873e-14,1.65892032748219e-17,13.8379876993245,16.7801744712184,4.91781424329331,5.5051172512346,0.447934374137277,0.455425934177583,"TSS_more_sig"
0.6,"eld vs kin","91",8.26075176064387e-07,0.00130496731863087,6.08298042838868,2.88440036458317,-4.28275057697136,-3.70235391340905,0.567954847983649,0.574736712303155,"CLR_more_sig"
0.6,"eld vs kin","100",0.000211507851802703,0.0126303755995654,3.67467350568236,1.89858373429081,-3.65044422573186,-3.13417221431001,0.553699895249996,0.554164331126079,"CLR_more_sig"
0.6,"eld vs kin","103",0.00264846424309396,5.47378013113083e-05,2.57700588609701,4.26171265116308,2.22085800273317,2.82748973142325,0.441092347669588,0.448772317173548,"TSS_more_sig"
0.6,"eld vs kin","111",1.54721575750918e-05,0.0153403241220903,4.81044912019719,1.81416546418442,-3.24441799946458,-2.60043144085602,0.453957635140962,0.453303589907287,"CLR_more_sig"
0.6,"eld vs kin","119",1.2949125055538e-05,1.0212618367189e-08,4.88775957493322,7.9908628968322,2.40207596981707,2.99943426497218,0.308275404633633,0.314600130874523,"TSS_more_sig"
0.6,"eld vs kin","121",6.01617275592164e-12,8.96585373934861e-12,11.2206797013615,11.0474083500912,4.59057257553617,5.1421188412985,0.481218822809504,0.500627353659192,"CLR_more_sig"
0.6,"eld vs kin","124",0.00119294553733441,5.07925795298859e-06,2.92337938313188,5.29419973072037,2.57726050887667,3.12875313922756,0.438321760500303,0.435442969220391,"TSS_more_sig"
0.6,"eld vs kin","125",0.000522021514531396,5.57420990714633e-06,3.28231159766877,5.25381668115574,2.92252438558859,3.57911918918911,0.53689126003012,0.531258861211565,"TSS_more_sig"
0.6,"eld vs kin","130",0.00247757021236992,0.0202332980882047,2.60597402910798,1.69393332015733,-3.21351296515535,-2.67425352510366,0.574100388915209,0.579418382666531,"CLR_more_sig"
0.6,"eld vs kin","138",1.00231132545e-09,6.32251929116123e-11,8.99899736237627,10.1991098368697,3.8673003699838,4.4484121526175,0.433142739781271,0.437586853898226,"TSS_more_sig"
0.6,"eld vs kin","139",8.26129820320724e-06,0.00596585079241053,5.08295170108298,2.22432761266405,-3.9796799814356,-3.33565531437328,0.538957005729563,0.536222386737558,"CLR_more_sig"
0.6,"eld vs kin","151",4.60458601660949e-14,1.45925090525588e-15,13.3368094097199,14.8358700286003,5.39225398304618,6.05112109398501,0.48141321383301,0.498861347261507,"TSS_more_sig"
0.6,"eld vs kin","164",5.84805728217841e-06,7.32667550588553e-08,5.23298838208095,7.13509304268019,3.3013122779076,3.74211644348056,0.482536852965178,0.461985115991531,"TSS_more_sig"
0.6,"eld vs kin","169",3.88149674713196e-06,0.00841160231876282,5.41100077345863,2.07512126794595,-3.4836285899265,-2.93593395217821,0.500020946266361,0.531784620605107,"CLR_more_sig"
0.6,"eld vs kin","206",0.00151398666481814,0.000557022078586778,2.81987795008126,3.25412759043063,2.83976596856148,3.35600832957048,0.540941978193416,0.551064787692437,"TSS_more_sig"
0.6,"eld vs kin","207",5.91887792637806e-07,9.51867862036089e-10,6.22776061702208,9.02142333603947,3.5490294591858,4.15313618641932,0.463079502650779,0.462324036103659,"TSS_more_sig"
0.6,"eld vs kin","222",9.29940903056176e-06,5.83535935128841e-07,5.0315446496096,6.2339323942071,3.34698893006893,3.88570085039378,0.504759932301409,0.506734428190189,"TSS_more_sig"
0.6,"eld vs kin","223",0.0168449993597743,0.00307672596034024,1.77352900118904,2.51191118402947,2.47702575822219,3.00715890953686,0.510240467583461,0.545281468759363,"TSS_more_sig"
0.6,"eld vs kin","246",0.000886307585776484,2.62744531358952e-06,3.05241553361707,5.58046631440665,2.93814000274941,3.42496556063989,0.482065286461043,0.472145541414374,"TSS_more_sig"
0.6,"eld vs kin","265",0.00161302646673163,2.74282136066609e-05,2.79235850659666,4.56180247697562,2.6423804610468,3.24801095624658,0.472168550666503,0.476590616130136,"TSS_more_sig"
0.6,"eld vs kin","282",0.00213107564423693,0.0436069255671045,2.6714011343817,1.36044453144876,-2.93430996097399,-2.33477213608294,0.477622357169285,0.487865629479731,"CLR_more_sig"
0.6,"eld vs kin","294",0.000598831652696201,7.68101481570986e-07,3.22269525203642,6.11458139718892,2.62711767875337,3.17412853311362,0.457403393753523,0.431900304044451,"TSS_more_sig"
0.6,"eld vs kin","329",0.00174687323860757,1.61859806988069e-07,2.7577386083374,6.79086098182353,2.69976762309066,3.26539382434992,0.435943989878475,0.435678310276119,"TSS_more_sig"
0.6,"eld vs kin","344",7.10083575920677e-07,1.2745051120051e-08,6.14869053237239,7.89465841824795,3.02314396679355,3.6209442018563,0.408531818466263,0.411545637490007,"TSS_more_sig"
0.6,"eld vs kin","435",0.00525815500092759,0.000878227238026615,2.27916661582278,3.05639309747393,2.6732415698939,3.31316166899868,0.570683759466794,0.5580234458122,"TSS_more_sig"
0.6,"eld vs kin","652",0.0334140414876637,0.000615388725180118,1.47607099249597,3.21085046492463,1.8874068003256,2.45707102527355,0.350257615940702,0.365815294467593,"TSS_more_sig"
0.6,"eld vs kin","666",4.54644131942424e-07,6.1666730469053e-05,6.3423284099467,4.20994907698135,-3.82430519554216,-3.28038962095214,0.409628730369821,0.416871369905214,"CLR_more_sig"
0.6,"eld vs kin","667",0.028903479689338,0.00394936437092796,1.53904986939199,2.40347279612335,2.44940081593188,3.15539414987182,0.565627392683379,0.580775897124443,"TSS_more_sig"
0.6,"eld vs kin","670",0.0114418466077571,0.00205655037570192,1.94150387879122,2.68686064787549,2.17423185296868,2.70496988262108,0.439304556016587,0.442894759990499,"TSS_more_sig"
0.6,"eld vs kin","728",4.96654471280392e-12,1.27582833719832e-16,11.3039456503087,15.8942077560402,4.06520030495682,4.65734523256448,0.386236446066118,0.376627802490238,"TSS_more_sig"
0.6,"eld vs kin","744",8.3536101701967e-06,0.00240790479565635,5.07812579539633,2.6183606883189,-3.62165034027525,-3.05891902779052,0.521144839498373,0.517713800832763,"CLR_more_sig"
0.6,"eld vs kin","786",2.6304741834846e-05,0.0112255106960549,4.57996595618395,1.94979389197868,-3.72439241201641,-3.23371615903743,0.502350283812064,0.509685037839073,"CLR_more_sig"
0.6,"eld vs kin","854",6.29196599264452e-06,5.03401422100296e-07,5.20121363335434,6.29808556191154,3.30523972985006,3.70947376445966,0.47908334961771,0.456550005052138,"TSS_more_sig"
0.6,"eld vs kin","886",1.36345732876743e-11,2.95951406652323e-13,10.8653584493401,12.5287795914925,4.59204528550032,5.14135364392592,0.505690423541538,0.523991675945739,"TSS_more_sig"
0.6,"eld vs kin","888",0.000280467488746293,7.65165881015177e-07,3.55211747407414,6.11624440353914,2.76250193802935,3.35152560322206,0.440442724796852,0.446389396983539,"TSS_more_sig"
0.6,"eld vs kin","895",0.000265669892402341,0.0192985839144406,3.57565766013397,1.71447455735012,-3.21317931996924,-2.58584365636088,0.499109177927469,0.502917406403881,"CLR_more_sig"
0.6,"eld vs kin","922",0.0457254714524457,0.000294276748179198,1.33984180803547,3.53124405164963,2.17883408202888,2.83432849586327,0.458797038794441,0.473823291680659,"TSS_more_sig"
0.6,"eld vs kin","926",0.0133264033945557,0.000659304288116502,1.875287044634,3.18091409959487,2.09298204634033,2.68106834812379,0.420277257079147,0.430023328317013,"TSS_more_sig"
0.6,"eld vs kin","929",0.0227016819291376,0.00108889307601436,1.64394196547279,2.96301476374908,2.17223966538717,2.70969531894139,0.45915849727941,0.462541442290864,"TSS_more_sig"
0.6,"eld vs kin","944",0.000962651293831713,8.68925271718086e-06,3.01653100113096,5.06101757162495,1.95457989158858,2.53346763501019,0.294772373847027,0.292589864878227,"TSS_more_sig"
0.6,"eld vs kin","947",1.65120771766034e-10,7.2037201831922e-14,9.78219829017796,13.1424431649885,4.30946025163135,4.79682109559094,0.446346529213997,0.429359397124075,"TSS_more_sig"
0.6,"eld vs kin","977",0.0302994444736793,0.00432390296612234,1.51856533401345,2.36412406072947,2.24117600680044,2.74877830501,0.514981299314105,0.511273262146193,"TSS_more_sig"
0.6,"eld vs kin","978",1.34141519894793e-22,2.26212945922377e-27,21.8724367771799,26.6454825444956,6.03396286201739,6.56198130030822,0.414248465633946,0.40609274209585,"TSS_more_sig"
0.6,"eld vs kin","984",2.71518177051418e-17,7.37670193630088e-17,16.5662010908306,16.13213776433,4.86495717010421,5.46973583416767,0.410966257112102,0.424814463147379,"CLR_more_sig"
0.6,"eld vs kin","988",0.000104652622256869,5.70805051206352e-06,3.98024988517125,5.24351219235252,3.15529678134724,3.72357203680514,0.532540459003532,0.535410452154434,"TSS_more_sig"
0.6,"eld vs kin","991",9.74228536125927e-05,0.00232237397901516,4.01133915365922,2.63406784319147,-3.75006006866311,-3.3454861063654,0.558603086834156,0.565863779233227,"CLR_more_sig"
0.6,"eld vs kin","1014",5.80636167588692e-06,1.14891355435125e-05,5.23609591563666,4.9397126469258,-4.25922907992801,-3.67346909747972,0.506569540192392,0.524685045706688,"CLR_more_sig"
0.6,"eld vs kin","1019",0.046116479902129,0.000182737422853211,1.33614385006392,3.73817250423831,1.97816723248752,2.53078115493505,0.424647419506711,0.418082944684502,"TSS_more_sig"
0.6,"eld vs kin","1020",0.00336304091697368,4.03781011305494e-05,2.47326784874014,4.39385410857006,2.31629294412093,2.83615388938557,0.417546272238346,0.417526434468266,"TSS_more_sig"
0.6,"eld vs kin","1021",1.42285098216073e-05,0.00463486380233989,4.84684058200579,2.33396302328028,-3.84581938274366,-3.2855141046228,0.552845166835517,0.553897739174497,"CLR_more_sig"
0.6,"eld vs kin","1027",0.0224763243674603,0.000121222409515724,1.64827470900365,3.91641708784801,2.43993906720378,3.06844941122067,0.515566868832393,0.506114406579729,"TSS_more_sig"
0.6,"eld vs kin","1030",6.26380277446299e-12,1.5958458109716e-14,11.2031619251696,13.7970090720574,4.163105801668,4.62967676199817,0.43758355256507,0.427733499985735,"TSS_more_sig"
0.6,"eld vs kin","1043",0.000916529054009983,1.19979015098361e-05,3.03785376333001,4.92089470748527,2.38999600420468,2.99775665293973,0.415795879373528,0.427852269398814,"TSS_more_sig"
0.6,"eld vs kin","1059",0.0169786286479156,0.000324788333869598,1.77009739034026,3.48839957865208,2.70421230683335,3.20278705308489,0.596038054118465,0.589074383282524,"TSS_more_sig"
0.6,"eld vs kin","1074",1.82137328215663e-18,2.22927276030555e-21,17.7396010384075,20.6518367906277,5.0521238676849,5.71015297836274,0.406492408102935,0.404473524592501,"TSS_more_sig"
0.6,"eld vs kin","1076",2.00196659472514e-12,4.52677169542431e-13,11.6985431735338,12.344211408292,4.49648615039559,5.11852872413274,0.436460366667372,0.428617275824261,"TSS_more_sig"
0.6,"eld vs kin","1082",0.00154691248899564,3.04553585036412e-05,2.81053425425234,4.51633628385795,2.96256832192058,3.43187693155893,0.506023625510025,0.481738756259294,"TSS_more_sig"
0.6,"eld vs kin","1089",1.55041212356413e-10,6.78030354107202e-14,9.80955284428169,13.168750863174,2.95794134952598,3.52606839763125,0.282567324210594,0.289039279494132,"TSS_more_sig"
0.6,"eld vs kin","1098",4.52968959382848e-26,8.13694212378249e-28,25.3439315578782,27.0895387730312,6.91549895243527,7.47146045014141,0.440761309028933,0.431652807804586,"TSS_more_sig"
0.6,"eld vs kin","1105",4.90248407821188e-06,1.01883386520995e-05,5.30958380811524,4.99189662787276,-4.59483494556794,-4.02453643990419,0.499883366303724,0.506371266138012,"CLR_more_sig"
0.6,"eld vs kin","1108",0.000465601439854461,0.000159510354205307,3.33198568531719,3.79721112057998,2.54815147531401,3.11524783465987,0.436843255712508,0.452499006536267,"TSS_more_sig"
0.6,"eld vs kin","1112",1.36187734207329e-05,0.00362888800295146,4.86586200553596,2.44022643506501,-3.65321792319539,-3.03477358967068,0.536535793202819,0.538463710847374,"CLR_more_sig"
0.7,"cent vs mage","4",1.99607360437413e-11,2.90553951551722e-12,10.6998234483271,11.5367732137532,2.3538980606299,2.47799371165368,0.199342208742947,0.182673310273418,"TSS_more_sig"
0.7,"cent vs mage","7",3.76879725649e-13,2.47606937606059e-13,12.423797224916,12.606237191147,4.30803549084078,4.43726837183734,0.418429915936069,0.414228710441965,"TSS_more_sig"
0.7,"cent vs mage","8",1.50156746940491e-06,5.88562898338619e-06,5.82345514902481,5.23020711830617,2.43186678461805,2.55149411689718,0.308662217097649,0.314898733134985,"CLR_more_sig"
0.7,"cent vs mage","9",3.44720585721109e-06,1.0407473627907e-05,5.46253278100129,4.98265468092343,2.1688125067882,2.29530841851036,0.262607054092981,0.271791242927234,"CLR_more_sig"
0.7,"cent vs mage","10",0.0019565367949945,0.00502645679816303,2.70851198026378,2.29873804580576,2.11232829046691,2.24155010492122,0.404858572453627,0.410555942400417,"CLR_more_sig"
0.7,"cent vs mage","11",6.5049594658139e-06,5.13440484179925e-06,5.18675540530196,5.28950989070399,2.38094067913522,2.49599037376498,0.311332243562002,0.297256683140716,"TSS_more_sig"
0.7,"cent vs mage","14",1.57640423597812e-11,1.66241526691324e-11,10.802332406806,10.7792604813932,2.85185777007974,2.9789434615881,0.263755574278982,0.258785908838307,"CLR_more_sig"
0.7,"cent vs mage","16",0.000441715830018653,0.000719570363305098,3.35485703640709,3.14292673209429,1.71351746355946,1.84124347454846,0.230201047213579,0.229556723559906,"CLR_more_sig"
0.7,"cent vs mage","19",9.26687041681924e-07,2.49834364608348e-06,6.03306690988855,5.60234782483574,2.66976854826484,2.79433277442949,0.332168651108133,0.344036593637696,"CLR_more_sig"
0.7,"cent vs mage","20",2.04375667332274e-11,1.38836963272022e-10,10.6895708119247,9.85749489405441,2.8304280029747,2.95684095645759,0.265746345535782,0.26852582709524,"CLR_more_sig"
0.7,"cent vs mage","21",1.44376880069247e-12,5.4185292907345e-13,11.8405023473637,12.266118574641,3.00468296499273,3.13401647257208,0.264303612822963,0.261178345013736,"TSS_more_sig"
0.7,"cent vs mage","23",6.26942776686587e-07,1.18259973028723e-06,6.2027720969737,5.92716222438543,2.28279632233031,2.4169485384174,0.261282959794184,0.267067444183189,"CLR_more_sig"
0.7,"cent vs mage","24",2.97480294266328e-10,1.85688829254099e-12,9.52654179758196,11.7312142219426,4.63192942241569,4.77387893429711,0.48608958899619,0.491944729400207,"TSS_more_sig"
0.7,"cent vs mage","26",6.03267039812009e-09,2.90266947112928e-09,8.21949040221352,8.53720241474953,3.24346444092825,3.35172447864908,0.37224558091873,0.373689913876359,"TSS_more_sig"
0.7,"cent vs mage","27",0.0318663575702707,0.0251703905844264,1.49666757498049,1.59911004518485,1.65438736520621,1.77250206582399,0.336311355081439,0.354443738463049,"TSS_more_sig"
0.7,"cent vs mage","28",0.000533180195428168,0.00157000707152695,3.27312599049599,2.80409839146451,2.39892223139436,2.51486467593279,0.451793166557614,0.457067699732498,"CLR_more_sig"
0.7,"cent vs mage","30",0.000114226257915314,0.000185414296032759,3.94223405058308,3.73185678341278,1.83651337110127,1.95360783825793,0.237524128166448,0.238237268815952,"CLR_more_sig"
0.7,"cent vs mage","32",8.66015771322679e-09,3.2315585636099e-08,8.06247419881863,7.49058796920993,2.29192668178534,2.41244006473126,0.225479333306994,0.228665708424032,"CLR_more_sig"
0.7,"cent vs mage","36",2.47954748946322e-06,8.34735970865374e-06,5.60562756948043,5.07845087125766,1.88442870367765,2.00233905474249,0.203690357171243,0.203653125939246,"CLR_more_sig"
0.7,"cent vs mage","37",0.00105933266794534,0.000764831075748168,2.97496763463725,3.11643447461301,2.04122629070644,2.1827641562226,0.338444885381056,0.336727114251329,"TSS_more_sig"
0.7,"cent vs mage","39",2.65166900484525e-10,3.49608926316061e-10,9.57648068778636,9.45641748736395,3.72745786335042,3.86848221594264,0.421674285370658,0.41603673598021,"CLR_more_sig"
0.7,"cent vs mage","42",1.14154327623696e-09,9.20611342196434e-10,8.94250761963178,9.0359236787762,3.61955809848203,3.75537113124219,0.413225188283146,0.413254582655153,"TSS_more_sig"
0.7,"cent vs mage","44",0.000564161971228243,0.00072365533085905,3.24859619191755,3.1404682342831,1.95782365379554,2.08388874766259,0.291387894624828,0.299065026489892,"CLR_more_sig"
0.7,"cent vs mage","47",0.000335234676141001,0.000931779907824451,3.47465106498869,3.03068665857448,2.7293484170695,2.85783327094626,0.488071246740591,0.492552779314927,"CLR_more_sig"
0.7,"cent vs mage","50",0.02254844283766,0.0281430103662124,1.64688344448944,1.55062944934944,1.42933580558279,1.55899773272032,0.243132530810857,0.248594633057273,"CLR_more_sig"
0.7,"cent vs mage","52",0.00150592292376001,0.000728059831398677,2.82219725565346,3.13783292923288,1.90724004002325,2.03362428849477,0.301340529727376,0.304719175929153,"TSS_more_sig"
0.7,"cent vs mage","54",0.0167988499231034,0.00770197315527161,1.77472044977098,2.11339799941593,1.96142970842997,2.08727707689957,0.418410636433737,0.430933610266054,"TSS_more_sig"
0.7,"cent vs mage","55",8.09980955347001e-06,5.14303299672564e-06,5.09152519233733,5.28878068931883,2.65780193338578,2.74654240393523,0.368272182325978,0.357288650230441,"TSS_more_sig"
0.7,"cent vs mage","56",7.70357550343537e-09,1.40976028222783e-08,8.1133076565163,7.85085472915775,3.14840728671746,3.2595605020964,0.366154553494241,0.373840047689228,"CLR_more_sig"
0.7,"cent vs mage","61",7.67683686267601e-05,0.000112711237595208,4.11481768830971,3.94803278153787,2.02356417599835,2.1495249674097,0.284942708395994,0.282114610914162,"CLR_more_sig"
0.7,"cent vs mage","69",7.09874854441432e-06,2.90621237594847e-06,5.14881820735978,5.53667265213973,2.86655047590819,2.95418250415621,0.392622882450782,0.385021404978401,"TSS_more_sig"
0.7,"cent vs mage","76",0.0093388046740015,0.0167955322328833,2.02970870799973,1.77480622926549,2.23897332158364,2.2545039506652,0.520512479993335,0.534589493035981,"CLR_more_sig"
0.7,"cent vs mage","81",0.0250480211029747,0.0244787772940165,1.60122657949759,1.61121027883544,1.50456429434082,1.6426027309477,0.295897317116042,0.294305396871484,"TSS_more_sig"
0.7,"cent vs mage","90",2.44886746606031e-07,1.9177406881943e-07,6.6110347184752,6.71721011734257,2.52242205273071,2.62015641425898,0.29258162408914,0.28136211263688,"TSS_more_sig"
0.7,"cent vs mage","92",5.21806107478511e-06,1.28947427746537e-06,5.28249084200718,5.88958731678023,2.08501594081313,2.21452459019323,0.246389681529427,0.239454718202687,"TSS_more_sig"
0.7,"cent vs mage","95",0.000959374416517479,0.000303450732663335,3.01801186697647,3.51791180959464,2.21778086793918,2.36766976268385,0.367204605408356,0.373583755441277,"TSS_more_sig"
0.7,"cent vs mage","106",4.80852948975482e-09,2.81334605418329e-09,8.31798771616805,8.55077684437987,2.92031785365221,3.04706252767062,0.326265956597656,0.33934049984393,"TSS_more_sig"
0.7,"cent vs mage","114",1.75493397756424e-07,0.000154108277924252,6.75573921749951,3.81217403253227,-3.47618179061695,-3.28768720577667,0.459984799645761,0.48038285492032,"CLR_more_sig"
0.7,"cent vs mage","119",1.35085304561041e-05,8.64954984276269e-06,4.86939189372543,5.06300649437234,2.02302860712806,2.13738751211417,0.247905635327454,0.239154316919175,"TSS_more_sig"
0.7,"cent vs mage","120",0.000916667235144009,0.0015766928124945,3.03778829155868,2.80225291214595,2.46429083667123,2.63515927584413,0.478513620175401,0.496968573886376,"CLR_more_sig"
0.7,"cent vs mage","132",2.85029882451012e-10,3.07407338480392e-07,9.54510960629583,6.51228576916061,-4.20558554433633,-4.0489556446902,0.483153790543634,0.496212560995909,"CLR_more_sig"
0.7,"cent vs mage","141",0.0171771961499511,0.00176927184086584,1.7650477250206,2.75220543451939,2.54246944880476,2.68679898288474,0.557980130055814,0.551495115572436,"TSS_more_sig"
0.7,"cent vs mage","142",4.65269136851683e-07,1.11178492657758e-06,6.33229575498781,5.95397921836056,3.83166839388786,3.9314542890723,0.530706394319836,0.539677356766441,"CLR_more_sig"
0.7,"cent vs mage","143",3.69227675590547e-07,3.07999834196192e-06,6.43270575373012,5.51144951729078,-3.64122533182874,-3.39781545962208,0.445103835531603,0.44332415911588,"CLR_more_sig"
0.7,"cent vs mage","148",0.0024284149727322,0.0324855670373756,2.61467709808746,1.48830954819817,-2.51584767106707,-2.40926959153875,0.482494706900577,0.501488091938194,"CLR_more_sig"
0.7,"cent vs mage","149",0.0443555049066548,0.0171110684167159,1.35305247273821,1.7667228722241,2.2440707487143,2.32431320979776,0.541952034908378,0.569699523968633,"TSS_more_sig"
0.7,"cent vs mage","155",0.00763877771800527,0.000272900433968763,2.11697612739191,3.5639957737105,2.80899319009473,2.96704666976387,0.468362698920756,0.463447670659351,"TSS_more_sig"
0.7,"cent vs mage","168",1.89340356657827e-06,6.85017084580283e-10,5.72275680914333,9.16429859690697,3.73936278740925,3.85465623147509,0.434801583934532,0.444647510022092,"TSS_more_sig"
0.7,"cent vs mage","184",0.00488864019521723,0.00639513323763267,2.3108119257106,2.19415040290294,2.60600716379533,2.7124185463654,0.531480347597252,0.546598178476714,"CLR_more_sig"
0.7,"cent vs mage","208",0.0220679262928577,0.0130951538395067,1.65623847526073,1.88288939519549,1.98560040307931,2.094037785463,0.394064915099147,0.408827973500615,"TSS_more_sig"
0.7,"cent vs mage","210",1.82530032755146e-12,2.37398560601343e-08,11.7386656682664,7.62452191859452,-4.3330231533911,-3.95147214782173,0.459986703321096,0.454731461811728,"CLR_more_sig"
0.7,"cent vs mage","212",0.000100858388180806,0.000169167640596592,3.99628797658711,3.7716827078122,2.59628141501362,2.67748590504197,0.38044249957588,0.35808027058715,"CLR_more_sig"
0.7,"cent vs mage","219",9.51575940392462e-08,8.56666972106562e-05,7.02155654718005,4.06718797654303,-3.78824952076296,-3.52706824382084,0.465378441662685,0.468431581797904,"CLR_more_sig"
0.7,"cent vs mage","266",0.022451096904678,0.0470869075210673,1.64876243559557,1.32709983133765,1.86745879087578,1.94342391872141,0.468635578347326,0.464792864264024,"CLR_more_sig"
0.7,"cent vs mage","289",0.00753780954454511,0.0455430398917947,2.1227548399294,1.34157798460865,-2.32537114536826,-2.24073201184503,0.462934444002521,0.496732366181326,"CLR_more_sig"
0.7,"cent vs mage","294",1.19701839981125e-05,0.00020516447349524,4.92189917384164,3.68789783995764,3.05628887386571,3.12735763768333,0.388919827184292,0.39507739444589,"CLR_more_sig"
0.7,"cent vs mage","329",0.0449561796767549,0.025000114757977,1.34721060170498,1.60205799778229,1.68884059475327,1.86412817279297,0.382723656160623,0.390928221612071,"TSS_more_sig"
0.7,"cent vs mage","344",0.0387080272723833,0.0210568920041017,1.41219896163247,1.67660573025773,1.62486168225043,1.77792204075758,0.347672158045245,0.343851739671362,"TSS_more_sig"
0.7,"cent vs mage","353",1.69784697438822e-06,0.000789198235053344,5.77010145494814,3.10281389466598,-3.1032718962716,-2.85797583154846,0.448776042671674,0.464823819655834,"CLR_more_sig"
0.7,"cent vs mage","392",0.0448024316466436,0.0402898988521142,1.34869841408087,1.39480382290757,1.76366904960509,1.92110795426234,0.410983035834886,0.399747280212137,"TSS_more_sig"
0.7,"cent vs mage","435",0.0081170004006909,0.00753427910295215,2.09060443259421,2.12295829565029,2.10547475598023,2.25082713982153,0.442939826975543,0.435736732346624,"TSS_more_sig"
0.7,"cent vs mage","652",1.16129042200122e-05,6.83104298507085e-05,4.9350591558861,4.16551298181198,2.47031990725062,2.64629179997073,0.303611242074006,0.309635797031101,"CLR_more_sig"
0.7,"cent vs mage","671",1.50373394327721e-06,5.18261486269981e-06,5.822828996981,5.28545106382476,2.71018345801508,2.79117396824776,0.353160118067636,0.360406875888232,"CLR_more_sig"
0.7,"cent vs mage","675",6.35038726168582e-05,0.0358227601733807,4.19719978959229,1.44584095444775,-2.82441106055816,-2.6269402046198,0.466387065335116,0.477799885197511,"CLR_more_sig"
0.7,"cent vs mage","728",2.61027038752676e-08,2.45819471419928e-07,7.58331450349364,6.60938371951585,2.67509986652949,2.79654181441206,0.30495571356732,0.308000937355864,"CLR_more_sig"
0.7,"cent vs mage","755",0.0190922733052313,0.0352432108684151,1.71914235735083,1.45292453161893,1.6909487993023,1.69258336759999,0.340269018508696,0.354311836539753,"CLR_more_sig"
0.7,"cent vs mage","762",6.04281306662812e-06,6.02519848314009e-05,5.21876084036806,4.22002864191282,2.695543749435,2.85245158155586,0.388004354045517,0.386552105430191,"CLR_more_sig"
0.7,"cent vs mage","788",0.00060254072784967,0.00326188019049269,3.22001359226751,2.48653199472538,2.73910943782928,2.83385713897144,0.519319820448017,0.535341237175535,"CLR_more_sig"
0.7,"cent vs mage","798",0.00061859821220808,0.000362492211899111,3.20859133947233,3.44070131975664,2.3727246739466,2.50367552745427,0.4117917707099,0.430663137731629,"TSS_more_sig"
0.7,"cent vs mage","814",0.0150079708695037,0.026618354629732,1.8236780219305,1.57481879323823,2.36570569654326,2.47632596181151,0.458561211530983,0.467105714428938,"CLR_more_sig"
0.7,"cent vs mage","825",0.00272473429833404,0.00180897448350505,2.56467584142162,2.74256755903909,2.05384030991544,2.15232701584517,0.364166418552508,0.372408428914449,"TSS_more_sig"
0.7,"cent vs mage","829",2.36849597963365e-06,1.99154912064142e-05,5.62552734812176,4.70080897744926,2.75863577601524,2.88285305234826,0.385171034880291,0.396213225846293,"CLR_more_sig"
0.7,"cent vs mage","834",0.000734605866389543,0.00023869665487141,3.13394560780337,3.62215366721473,2.38862381282638,2.51735248099166,0.402677292009657,0.389049681854378,"TSS_more_sig"
0.7,"cent vs mage","836",0.0372372243741822,0.00782790623977307,1.42902269836474,2.10635438482715,1.57925293202176,1.70559391410204,0.293395546246025,0.312086833283818,"TSS_more_sig"
0.7,"cent vs mage","840",0.0351379990470786,0.0409110783955722,1.45422297327768,1.38815907256534,2.11888533724474,2.20381692652603,0.466881282318743,0.479928298528363,"CLR_more_sig"
0.7,"cent vs mage","848",1.74772379277441e-05,1.04804062934994e-05,4.75752720142255,4.97962188074881,2.50008939636906,2.63227372237044,0.327195429398495,0.332867989044988,"TSS_more_sig"
0.7,"cent vs mage","854",1.8757074851311e-06,2.55134230638643e-07,5.72683488850419,6.59323126941783,3.47617610349877,3.67915057847748,0.464758787079753,0.463209254337578,"TSS_more_sig"
0.7,"cent vs mage","857",3.54788840766634e-06,3.79993515019011e-06,5.45003004856322,5.4202238150029,2.65123845830243,2.82033673447717,0.332182212612713,0.351394660583091,"CLR_more_sig"
0.7,"cent vs mage","867",0.0152425475931613,0.0248053320162976,1.81694244026766,1.60545495561103,1.43969642483386,1.55090349310698,0.266553621943884,0.264003248460595,"CLR_more_sig"
0.7,"cent vs mage","886",1.54031131724791e-05,3.43887187378964e-05,4.81239149364485,4.46358400491155,3.4965709710989,3.51738008520444,0.5147038057619,0.536474281126652,"CLR_more_sig"
0.7,"cent vs mage","921",3.71847282843095e-08,1.79604307401735e-05,7.42963538763505,4.74568325197622,-3.65300982248416,-3.44589235851239,0.464114649880546,0.467310742135576,"CLR_more_sig"
0.7,"cent vs mage","944",0.000650173213700177,0.00184711225569624,3.18697092684518,2.73350671011039,1.84676070778222,1.95993285697656,0.296108025879856,0.280977122913238,"CLR_more_sig"
0.7,"cent vs mage","947",8.9558094063168e-05,3.05178089203996e-05,4.047895157463,4.51544665053167,2.82565008467975,2.84552005096579,0.405110933163784,0.412740105665611,"TSS_more_sig"
0.7,"cent vs mage","978",1.98554286369171e-07,7.61055633781933e-09,6.70212073299504,8.11858359479136,3.57425436483224,3.60296532072294,0.448065249043803,0.447758601745105,"TSS_more_sig"
0.7,"cent vs mage","979",0.0424677897346715,0.00702745169917728,1.37194034157619,2.15320213068713,1.63749725400492,1.85275821858132,0.370503314686174,0.381494045322822,"TSS_more_sig"
0.7,"cent vs mage","984",3.50764936223597e-05,2.278948971165e-05,4.45498382683879,4.64226539916783,2.93748377391786,3.04091704431014,0.423323241718362,0.418583845493711,"TSS_more_sig"
0.7,"cent vs mage","989",4.66701075888988e-05,1.16972326048662e-05,4.33096119793183,4.93191687386038,2.58404586492004,2.68325822209258,0.381852098458382,0.375747434517969,"TSS_more_sig"
0.7,"cent vs mage","1017",0.0146015037541368,0.000383254012378287,1.8356024155516,3.41651328971657,2.38187513466067,2.52900684336785,0.379117580759538,0.402264491870729,"TSS_more_sig"
0.7,"cent vs mage","1019",6.06559825932752e-05,0.0121805361120405,4.2171263575491,1.91433359631916,-2.48667897204458,-2.37524395585625,0.390305985773023,0.397494523605247,"CLR_more_sig"
0.7,"cent vs mage","1021",0.013566854592534,0.0082878041467246,1.86752082967612,2.08156052050929,2.17521102442383,2.25381190647904,0.521967842119834,0.532228222328378,"TSS_more_sig"
0.7,"cent vs mage","1022",0.0192930399943576,0.00538886580115198,1.71459933540675,2.26850263149859,1.7345001805824,1.89867355455635,0.365097988454134,0.358377009957117,"TSS_more_sig"
0.7,"cent vs mage","1030",9.67915323687771e-05,5.95203958990037e-06,4.01416263449292,5.22533418874946,2.62024840090753,2.81641977220123,0.411237668031073,0.416711975759866,"TSS_more_sig"
0.7,"cent vs mage","1043",4.42530375636267e-09,3.29888040845919e-11,8.35405691362502,10.4816334282824,2.97332613439445,3.17577116040902,0.321588208722963,0.321008480596909,"TSS_more_sig"
0.7,"cent vs mage","1047",0.0101934196286888,0.0095936468033307,1.99168009698168,2.01801627442423,1.62735994909111,1.75753916237137,0.28191102477313,0.298715815556926,"TSS_more_sig"
0.7,"cent vs mage","1058",0.00127032683649052,0.0423859904267315,2.8960845270576,1.37277766429767,-2.53648868220556,-2.4241604951375,0.468127695168001,0.466064084979577,"CLR_more_sig"
0.7,"cent vs mage","1074",1.17716968077605e-09,8.94184237976826e-09,8.92916093213242,8.04857298982475,3.49857907066871,3.59211024722701,0.377395864576029,0.379717770217972,"CLR_more_sig"
0.7,"cent vs mage","1076",3.44726316368859e-05,0.00243313812651196,4.46252556133379,2.61383323596059,2.76654768679566,2.8118523241074,0.424280182208845,0.426761692918495,"CLR_more_sig"
0.7,"cent vs mage","1083",0.00876913752031967,0.0291933949423068,2.05704311912946,1.53471539733893,1.79696682529381,1.95173487242449,0.378363169593666,0.386280792276878,"CLR_more_sig"
0.7,"cent vs mage","1087",4.76522703833337e-09,5.71606961107198e-06,8.32191640265495,5.24290249095168,4.03170507433584,4.13187152625592,0.491427969205801,0.502670081262538,"CLR_more_sig"
0.7,"cent vs mage","1089",0.00094726949191165,0.00114959470173707,3.02352644950763,2.93945524644973,1.81274908764388,1.93280683431559,0.267064947671467,0.262240310626827,"CLR_more_sig"
0.7,"cent vs mage","1090",0.00206923488415316,0.00960611754719862,2.68419020865677,2.01745210333235,1.80385815509357,1.939739909219,0.31855161852755,0.321674412499697,"CLR_more_sig"
0.7,"cent vs mage","1091",0.00605755991630243,0.000118840440156786,2.21770228149242,3.92503574834171,2.79707393253274,3.04659327267994,0.481181180462459,0.48307968465685,"TSS_more_sig"
0.7,"cent vs mage","1092",0.02775354562689,0.00366571769196841,1.55668152613308,2.43584098442052,1.72715425850152,1.86689642296778,0.338918887900666,0.351933143928611,"TSS_more_sig"
0.7,"cent vs mage","1098",9.35104986347628e-14,1.27675491361181e-14,13.0291396271683,13.8938924620799,4.69275280235577,4.786997777618,0.436534400511538,0.442794814741313,"TSS_more_sig"
0.7,"eld vs kin","3",9.30089338879725e-14,2.431338790021e-09,13.0314753336837,8.61415452104762,-4.5718183861496,-4.13579360410569,0.432054154315833,0.446494773489412,"CLR_more_sig"
0.7,"eld vs kin","4",2.75157239112547e-13,1.40432799741818e-15,12.5604190568478,14.8525314457444,2.65233100075407,3.0873928288518,0.227856146410301,0.220357529907335,"TSS_more_sig"
0.7,"eld vs kin","5",1.31951432199556e-05,0.00394544728164431,4.87958589159029,2.40390375520773,-2.61922159344148,-2.18768817084679,0.385190561527619,0.385418054405269,"CLR_more_sig"
0.7,"eld vs kin","7",7.74781189955156e-31,1.48990485803136e-32,30.1108209315743,31.8268414637698,7.71320299785615,8.15885035632295,0.469093167941393,0.463077821242482,"TSS_more_sig"
0.7,"eld vs kin","8",0.000524861768655056,8.36722127241461e-05,3.27995506043217,4.07741874588007,2.17058961007854,2.58614274530231,0.382829043682135,0.392394013059894,"TSS_more_sig"
0.7,"eld vs kin","10",0.000704635990074791,0.027273363858401,3.15203517850971,1.5642612934832,-2.57142956527498,-2.14366553785637,0.481540290081436,0.47131933220382,"CLR_more_sig"
0.7,"eld vs kin","11",3.1565935244354e-09,8.47346801486869e-13,8.50078133874768,12.0719388055533,3.36376712633582,3.79182724985591,0.355530663118538,0.351072358627882,"TSS_more_sig"
0.7,"eld vs kin","14",1.8543273055287e-12,4.2376010486324e-14,11.7318136065242,13.3728799326024,2.99239626073457,3.42027252373435,0.281884533583786,0.276219431726565,"TSS_more_sig"
0.7,"eld vs kin","15",1.07683708511741e-06,4.07040634652742e-08,5.96784999622512,7.39036223322057,3.08780016570679,3.53571156282924,0.446012428149319,0.432749742195562,"TSS_more_sig"
0.7,"eld vs kin","16",2.19128358463375e-15,9.91974187581178e-17,14.6593014146475,16.0034996285887,3.1463993811245,3.58522652887974,0.263030255848788,0.267545738591467,"TSS_more_sig"
0.7,"eld vs kin","17",0.044473835762767,0.00395164180381809,1.35189541206751,2.40322242888084,2.04121763003589,2.43379490857615,0.511186410985107,0.518184620764874,"TSS_more_sig"
0.7,"eld vs kin","21",2.50249915090042e-22,2.24706562423272e-24,21.601626061205,23.6483842440802,4.22827187449717,4.66786716167108,0.297615377059135,0.295383002149405,"TSS_more_sig"
0.7,"eld vs kin","23",6.02751360733147e-08,9.06908152463958e-09,7.21986180051379,8.04243669408422,2.54789796308709,2.96948571977135,0.297765900180689,0.310124409698186,"TSS_more_sig"
0.7,"eld vs kin","25",1.36569667777234e-07,2.68210023918835e-08,6.86464574706548,7.57152499512243,3.17091153055802,3.60645492571169,0.416854484283893,0.419586743939214,"TSS_more_sig"
0.7,"eld vs kin","26",6.18205563296124e-06,3.47962613242397e-07,5.20886709099394,6.45846741621082,2.57880687994794,3.01089803093385,0.367043689462101,0.363151442645087,"TSS_more_sig"
0.7,"eld vs kin","29",1.69379814280344e-08,1.17090278813662e-09,7.77113834765946,8.93147915986218,2.56914204686846,3.00623543203764,0.28962159373078,0.291210198495544,"TSS_more_sig"
0.7,"eld vs kin","31",5.16280372241464e-07,5.55226278781609e-08,6.28711438548785,7.25552998697006,3.72815703976911,4.19892276247211,0.527450628206191,0.538447258049626,"TSS_more_sig"
0.7,"eld vs kin","32",0.000161243255317436,2.90257196560679e-05,3.79251844252018,4.53721700367261,1.88529055605956,2.32286746533496,0.277548992510334,0.29084931570828,"TSS_more_sig"
0.7,"eld vs kin","33",1.8162279608995e-05,0.00230749974884988,4.74082964262802,2.63685833757101,-3.03353707389668,-2.63274465137161,0.45614262945269,0.456011599275615,"CLR_more_sig"
0.7,"eld vs kin","36",1.50133514712359e-07,1.07568441281378e-08,6.82352234819701,7.96831512446587,2.25000524397272,2.6811412735008,0.256110778115539,0.261503229688777,"TSS_more_sig"
0.7,"eld vs kin","47",0.000379854974440152,9.17223632666921e-06,3.42038218186266,5.03752476401121,2.97034383527064,3.39918467477378,0.537069969963791,0.525013624290981,"TSS_more_sig"
0.7,"eld vs kin","49",0.000299253894417744,3.68733381659469e-05,3.52396018908151,4.43328754366795,2.1230857299867,2.57550778497439,0.35387280031859,0.36806166725567,"TSS_more_sig"
0.7,"eld vs kin","55",1.64463038600076e-05,3.20368488725763e-06,4.78393169002813,5.49435020746149,2.65669879604606,3.05259590436298,0.421561092363635,0.409895286887717,"TSS_more_sig"
0.7,"eld vs kin","58",0.00118579199528334,0.000369596222786072,2.92599148569624,3.43227247584898,1.97722238224449,2.39200278764583,0.353737695439317,0.368250430158874,"TSS_more_sig"
0.7,"eld vs kin","61",3.96562354243015e-05,2.11622417059385e-06,4.40168851585065,5.67443832959749,2.37073841520837,2.80740389550917,0.363148782612583,0.36573370946037,"TSS_more_sig"
0.7,"eld vs kin","65",4.05919432527866e-05,0.00871290126771783,4.39156015726215,2.05983720724772,-2.51424456324831,-2.05679109087714,0.382514845181347,0.367122164263295,"CLR_more_sig"
0.7,"eld vs kin","67",8.52775662585348e-12,5.40092751447988e-08,11.0691652024963,7.26753165131956,-5.2499633029002,-4.78955002853534,0.561547912738961,0.56071580409992,"CLR_more_sig"
0.7,"eld vs kin","70",0.000649698962628594,8.56640732167519e-05,3.18728782667012,4.06720127930319,2.73012476596028,3.20135349512396,0.5188989071737,0.523811149724739,"TSS_more_sig"
0.7,"eld vs kin","71",0.00179544955071789,7.26445691437615e-05,2.74582679335197,4.13879684769848,2.89879811065754,3.16445246518355,0.531938844457601,0.541141140513754,"TSS_more_sig"
0.7,"eld vs kin","74",6.8416559623311e-09,8.20516083599154e-10,8.16483876841722,9.08591290157018,3.95554799709254,4.42666022605039,0.494298188048314,0.500761020128174,"TSS_more_sig"
0.7,"eld vs kin","77",4.15117117310097e-06,9.40312349836668e-07,5.38182935816557,6.02672785993455,2.49325911545708,2.90987487233537,0.362027715321204,0.35787550931966,"TSS_more_sig"
0.7,"eld vs kin","79",2.38729688670651e-07,0.00010955236823812,6.62209356832432,3.96037822968127,-3.62008035473431,-3.20869015054434,0.476703667379336,0.492583806075384,"CLR_more_sig"
0.7,"eld vs kin","80",1.66548101750898e-06,3.99712517604295e-08,5.77846031286057,7.39825225093592,2.60936688181103,3.06796970200799,0.362480249977182,0.348878140431491,"TSS_more_sig"
0.7,"eld vs kin","82",2.47029966038848e-05,0.00663574017532469,4.60725036133165,2.17811062726369,-3.6216163454661,-3.22642130736157,0.577353949270477,0.604498273484879,"CLR_more_sig"
0.7,"eld vs kin","83",5.91913034532058e-05,0.00274703571838313,4.22774209631296,2.56113569362063,-3.23865227475547,-2.78982769190748,0.497021008936174,0.526327706473847,"CLR_more_sig"
0.7,"eld vs kin","84",3.91148806623987e-07,0.00155462573665678,6.40765799042731,2.808374146874,-3.6387069618287,-3.21000918407356,0.459340676401312,0.478071209720679,"CLR_more_sig"
0.7,"eld vs kin","87",0.00258640429337706,0.017762452107873,2.58730358747614,1.75049708003222,-2.64965503489868,-2.28174375780432,0.514334005884896,0.525802016111745,"CLR_more_sig"
0.7,"eld vs kin","89",1.80046697151358e-17,1.91184088391698e-19,16.7446148410913,18.7185482554241,5.07742302127637,5.52002335934869,0.442038580898429,0.445917533872579,"TSS_more_sig"
0.7,"eld vs kin","91",1.5603793746372e-06,7.97558106602673e-05,5.80676979890142,4.09823766631766,-4.03831115095781,-3.6562798633125,0.558091791167547,0.579265855806235,"CLR_more_sig"
0.7,"eld vs kin","100",5.87600062229542e-06,0.00180083313948607,5.230918166888,2.74452652591318,-3.46368203243025,-2.99770662105784,0.534907072245036,0.56165330122173,"CLR_more_sig"
0.7,"eld vs kin","103",0.00114678518191347,0.000311147875925228,2.94051792738826,3.50703315941389,2.47767769589982,2.82417779602209,0.445230269095116,0.454405528765637,"TSS_more_sig"
0.7,"eld vs kin","111",4.15075905206592e-06,0.00188216758848504,5.38187247630477,2.72534170954113,-2.99833671998403,-2.64104795170224,0.450381762947399,0.4648152088946,"CLR_more_sig"
0.7,"eld vs kin","119",2.14543271163467e-07,2.65134774689785e-09,6.6684851019302,8.57653330710119,2.58717493944923,3.03154753979519,0.308111164209615,0.315645820240562,"TSS_more_sig"
0.7,"eld vs kin","121",5.64382124806281e-13,1.90817912693092e-14,12.2484267497386,13.7193808590941,4.75434890964497,5.25142130068225,0.484986763169442,0.507870014435931,"TSS_more_sig"
0.7,"eld vs kin","124",7.28890652801679e-05,1.53659075614308e-06,4.13733761907129,5.81344178377849,2.70548807967164,3.20801814282693,0.441931965828214,0.435214022140889,"TSS_more_sig"
0.7,"eld vs kin","125",0.000256540382115009,1.47032373781218e-05,3.59084426271851,4.83258703119346,2.98716436136181,3.51626677515644,0.525131940513557,0.537675397996315,"TSS_more_sig"
0.7,"eld vs kin","130",0.000909760312193795,0.0494152897647597,3.04107301295692,1.30613865364588,-3.08002981627765,-2.54756736268465,0.580333678167185,0.590379728105289,"CLR_more_sig"
0.7,"eld vs kin","138",5.51931339395133e-11,4.47018848333889e-14,10.2581149454166,13.3496741646649,4.04732057728637,4.49517561952028,0.432052118020445,0.427025477890025,"TSS_more_sig"
0.7,"eld vs kin","139",2.17376414204648e-06,0.00615815903523782,5.66278757955265,2.21054909957794,-3.77862084350094,-3.23782156014261,0.532720485171401,0.538268800031882,"CLR_more_sig"
0.7,"eld vs kin","151",5.84907087622782e-17,2.22926196804613e-19,16.2329131160331,18.6518388931206,5.59790330689074,5.97565980035833,0.487236658582895,0.481929818361657,"TSS_more_sig"
0.7,"eld vs kin","163",0.00283634333116363,0.0461351621527337,2.547241200215,1.33596794862136,-2.69315650877603,-2.33484585419406,0.555992969673058,0.571106807876107,"CLR_more_sig"
0.7,"eld vs kin","164",1.00890386115302e-06,1.11546217778603e-08,5.99615021588399,7.95254515084612,3.35627237096531,3.87626209563108,0.469326637582558,0.470632521195484,"TSS_more_sig"
0.7,"eld vs kin","169",7.45853131335226e-05,0.00710783067182577,4.12734668262151,2.14826292683855,-3.25278621870648,-2.87078029233988,0.498582258079499,0.535942283165919,"CLR_more_sig"
0.7,"eld vs kin","172",0.000422765289770353,0.010154489036932,3.37390067670996,1.99334192494494,-2.59965084202067,-2.18640987587702,0.450086986156165,0.451223171636585,"CLR_more_sig"
0.7,"eld vs kin","206",0.00133180855121988,0.00011928284867008,2.87555820093492,3.92342199776664,2.9946715626516,3.4440035096437,0.530109990602348,0.53442524176154,"TSS_more_sig"
0.7,"eld vs kin","207",2.20088130756093e-09,3.50434324690222e-10,8.65740337810148,9.4553933617121,3.7515333495982,4.1636019338376,0.45443178833822,0.452014022082618,"TSS_more_sig"
0.7,"eld vs kin","212",0.0384047002996706,0.00875652808433555,1.41561561966142,2.05766805509895,1.69876735383241,2.14473091000424,0.396702339286333,0.402692874074993,"TSS_more_sig"
0.7,"eld vs kin","217",0.0135022149917564,0.00168185224023324,1.86959498115018,2.77421216196864,2.12394614798663,2.47734171797757,0.517990233407444,0.500474974791674,"TSS_more_sig"
0.7,"eld vs kin","222",2.11404710887073e-05,3.02285934455339e-08,4.67488533921655,7.51958206033309,3.48321863103408,3.97005235771077,0.5080167519178,0.513597987239925,"TSS_more_sig"
0.7,"eld vs kin","223",0.00171884633995965,0.000375957028725302,2.76476294628585,3.42486179138609,2.82300786638488,3.17941503031869,0.524076341715145,0.534079017643262,"TSS_more_sig"
0.7,"eld vs kin","246",1.3757603855265e-05,4.80299223269283e-06,4.86145720004337,5.3184881156932,3.11678443529399,3.56488545565521,0.474828854691033,0.475762990167861,"TSS_more_sig"
0.7,"eld vs kin","247",0.0278966038778433,0.00394431775619511,1.55444866435675,2.40402810534256,2.30478094546731,2.71457605752239,0.515431268760241,0.497847041592696,"TSS_more_sig"
0.7,"eld vs kin","265",0.000122852764899314,1.03053733779397e-05,3.91061506493072,4.98693626850958,2.91451453894307,3.34263153977257,0.485513750703236,0.469506997711036,"TSS_more_sig"
0.7,"eld vs kin","267",0.00545949566653452,0.0298730064289832,2.2628474743937,1.5247210676599,-3.00262200183046,-2.62065402547841,0.603049390144418,0.605915024364212,"CLR_more_sig"
0.7,"eld vs kin","282",0.00110153058721401,0.0348211323312083,2.95800343889104,1.45815711038125,-2.76719565326601,-2.33632476262784,0.470246695320498,0.492439101082689,"CLR_more_sig"
0.7,"eld vs kin","294",0.000246468504003535,1.55220225648839e-06,3.60823857095638,5.80905168955092,2.75311872867617,3.20744493350808,0.438483561711063,0.444934247297868,"TSS_more_sig"
0.7,"eld vs kin","329",2.33987793833614e-05,7.38237586978768e-06,4.63080679732905,5.13180384670213,2.85501314013807,3.24899349758477,0.423709164554655,0.432323971013784,"TSS_more_sig"
0.7,"eld vs kin","344",1.31366892613616e-08,4.68965985415952e-09,7.88151407288048,8.32885865596694,3.26094225636819,3.72083293124544,0.413006954941813,0.42501563314316,"TSS_more_sig"
0.7,"eld vs kin","435",0.00121753907137182,0.00359608871712158,2.91451709318609,2.44416960256698,2.84247295059045,3.3128280495175,0.576750281885362,0.561548280535673,"CLR_more_sig"
0.7,"eld vs kin","473",0.00303571056745551,0.0477202391278042,2.51773963756872,1.32129738873125,-2.52676703614246,-2.1280813615545,0.525190875707475,0.52979093412461,"CLR_more_sig"
0.7,"eld vs kin","614",0.000789931733645295,0.0350125459656056,3.10241043906677,1.45577630801212,-2.756105084942,-2.24671437521503,0.494179308369892,0.48958019533948,"CLR_more_sig"
0.7,"eld vs kin","616",0.000451784143149525,0.0189523275897271,3.34506901614145,1.72233744546906,-2.46190769057391,-2.02210834518961,0.41697647234972,0.433412379484447,"CLR_more_sig"
0.7,"eld vs kin","652",0.000747977070280536,8.04182735417633e-05,3.1261117155089,4.09464525477618,2.06034067869644,2.49529325369099,0.346293240283023,0.354295825906435,"TSS_more_sig"
0.7,"eld vs kin","666",5.12419932527375e-10,8.0985792282449e-06,9.29037398505873,5.09159116475773,-3.70467306692725,-3.23825596772364,0.413381040148501,0.414271209112219,"CLR_more_sig"
0.7,"eld vs kin","667",0.0035613204208641,0.000242802242690685,2.44838895001212,3.61474730613183,2.80186462998851,3.1284648829326,0.565499093623667,0.569848055156499,"TSS_more_sig"
0.7,"eld vs kin","670",0.000418644598181239,6.54549917523409e-05,3.37815450817052,4.18405722752682,2.37238325725548,2.68171325123768,0.438365740024326,0.428297777997774,"TSS_more_sig"
0.7,"eld vs kin","728",1.32447517085442e-15,2.3351913257499e-17,14.8779561787499,16.6316775312377,4.3198536571373,4.76135183191179,0.398636472418276,0.389748460952325,"TSS_more_sig"
0.7,"eld vs kin","744",1.67755353961568e-06,0.0027412064027141,5.77532361030138,2.56205826245943,-3.47114710855123,-3.05961377706812,0.518372573786211,0.522856492528827,"CLR_more_sig"
0.7,"eld vs kin","770",0.000221049246317181,0.0341630388775655,3.6555109615129,1.46644350481389,-2.45925081728342,-1.97721709021846,0.415808994596953,0.433084683820187,"CLR_more_sig"
0.7,"eld vs kin","786",5.97981987160123e-07,0.000536616080182986,6.22331189794267,3.27033631744473,-3.64393463473501,-3.12934913766362,0.49146979056512,0.509046245719389,"CLR_more_sig"
0.7,"eld vs kin","809",0.0396219430680028,0.000457254733716548,1.40206423038708,3.33984178980708,1.77416903168403,2.33963102195198,0.370620997458859,0.37805683183571,"TSS_more_sig"
0.7,"eld vs kin","825",0.000709603692119992,0.000430889819839761,3.14898413350445,3.36563376638887,2.33890928257393,2.8125715963367,0.455720255083359,0.467168639286599,"TSS_more_sig"
0.7,"eld vs kin","849",1.63548766617909e-05,0.0143826564491687,4.7863527267029,1.84216089318349,-2.59226786640432,-2.1530931104274,0.395943657109885,0.431565969317553,"CLR_more_sig"
0.7,"eld vs kin","853",0.0276526397208217,0.00342160807575544,1.55826340463174,2.46576973771854,1.67663713860735,2.11100892179194,0.377564109154156,0.386685689865088,"TSS_more_sig"
0.7,"eld vs kin","854",1.25105112664148e-06,2.68238668258255e-08,5.90272494165385,7.57147861574359,3.41127494690055,3.89430146667278,0.470981441096568,0.465652195665623,"TSS_more_sig"
0.7,"eld vs kin","857",0.0076499228172829,0.00103375526090242,2.11634294657151,2.98558226725794,1.94396673919258,2.40210648861519,0.403621938192986,0.413769851450343,"TSS_more_sig"
0.7,"eld vs kin","879",0.00131189973103056,0.0413637690534366,2.88209935697577,1.38337989533647,-2.45979045279926,-1.98873184792693,0.40878687334545,0.419744080899957,"CLR_more_sig"
0.7,"eld vs kin","886",7.94920913992423e-12,1.1653237882772e-12,11.099676076784,11.9335533880075,4.84243423723321,5.23023950022794,0.5187472930069,0.521699846513399,"TSS_more_sig"
0.7,"eld vs kin","888",2.9357337861457e-06,6.2018719382769e-06,5.53228332901816,5.20747720570171,2.97685608476116,3.45379731470312,0.44390149988622,0.454391399603985,"CLR_more_sig"
0.7,"eld vs kin","890",0.0246049077968594,0.00294196163156554,1.60897825807921,2.53136299554731,1.85615873364528,2.19013069956807,0.418399781531931,0.398052347474048,"TSS_more_sig"
0.7,"eld vs kin","891",0.0006344825895719,0.00918744914538063,3.19758029060094,2.03680505181977,-3.08341020726698,-2.71837124261909,0.556630227461399,0.585322790024893,"CLR_more_sig"
0.7,"eld vs kin","895",0.00305688700847508,0.0151615751447509,2.51472061377724,1.81925567725689,-2.8985575211887,-2.56448416698816,0.496155042630729,0.508721610924303,"CLR_more_sig"
0.7,"eld vs kin","914",0.00383412119874927,0.0233377000408384,2.41633416294568,1.63194194643933,-2.62779333442081,-2.2914008743917,0.543026975161944,0.575391056297106,"CLR_more_sig"
0.7,"eld vs kin","922",0.00762125103979571,0.000341538734269498,2.1179737327176,3.46656003539222,2.49429239389159,2.82808730089518,0.4717070606208,0.48290287129564,"TSS_more_sig"
0.7,"eld vs kin","926",0.00172545366663532,0.000740933874703002,2.76309669826457,3.13022054928523,2.30622880973113,2.69030023017887,0.422989571611288,0.418247297225607,"TSS_more_sig"
0.7,"eld vs kin","929",0.00451360897942611,0.00271932654751095,2.34547606719736,2.56553863747807,2.38159832074894,2.71587234511179,0.470888718776376,0.459582788805637,"TSS_more_sig"
0.7,"eld vs kin","944",1.57523939348098e-05,1.29115307911733e-06,4.80265343592689,5.88902226472446,2.17025101284099,2.58692176586324,0.299149547731625,0.295704840674037,"TSS_more_sig"
0.7,"eld vs kin","947",4.75001657593994e-11,6.21406908746325e-16,10.3233048748327,15.2066239226071,4.45672394279356,4.80650456670786,0.43946482314288,0.423858378825261,"TSS_more_sig"
0.7,"eld vs kin","977",0.0120356654446828,0.00264812173257946,1.91952989284518,2.57706205451468,2.35232720437601,2.7854735531003,0.512767297817142,0.509643860607346,"TSS_more_sig"
0.7,"eld vs kin","978",1.93892062940507e-23,1.45348641647512e-25,22.7124399685989,24.837589022564,6.12797117158706,6.62091455915158,0.402076032270363,0.397851769804344,"TSS_more_sig"
0.7,"eld vs kin","979",0.048521114261161,0.00634976209818042,1.31406923435293,2.19724254579195,1.67401593728983,2.12093467948979,0.42297739748445,0.445625642943248,"TSS_more_sig"
0.7,"eld vs kin","984",2.81291432530128e-15,1.12939105887136e-13,14.5508434952132,12.9471556547948,4.93609170776557,5.50070895305034,0.417830114398757,0.420258480658438,"CLR_more_sig"
0.7,"eld vs kin","988",6.19661702767029e-05,3.43528018896533e-07,4.20784534391956,6.46403783515204,3.30847551456297,3.80002399571417,0.544823856694841,0.524216408265508,"TSS_more_sig"
0.7,"eld vs kin","991",4.2718545839077e-06,0.0034168104757375,5.36938353933187,2.46637911005817,-3.71119034285504,-3.02456732571901,0.553278599174086,0.57400698027443,"CLR_more_sig"
0.7,"eld vs kin","1014",7.07744870082012e-08,2.30591175019558e-06,7.15012326983025,5.63715731765558,-4.14386225769642,-3.74566031018828,0.504022328825191,0.52476586368514,"CLR_more_sig"
0.7,"eld vs kin","1019",0.00847823047426415,0.000270427615940911,2.07169478164128,3.56794896051758,2.23559972815911,2.5745362838868,0.434886230195558,0.428165919995747,"TSS_more_sig"
0.7,"eld vs kin","1020",0.000129493505068454,6.44887173055618e-06,3.887752013696,5.19051626118728,2.53719639660795,2.9676142801649,0.430910595657503,0.418317803524917,"TSS_more_sig"
0.7,"eld vs kin","1021",2.87953542347122e-06,0.000399722507265425,5.540677574497,3.398241397134,-3.67608942314018,-3.24570881912576,0.549107643501444,0.548267615047918,"CLR_more_sig"
0.7,"eld vs kin","1023",0.0357553589044914,0.00450829648409319,1.44665885824798,2.34598753069789,2.1498160303541,2.53446647199358,0.46933133129376,0.479770005025041,"TSS_more_sig"
0.7,"eld vs kin","1027",0.00117007357904549,2.33087259167926e-05,2.93178682716949,4.63248146489336,2.56180777235932,3.17002853675435,0.508722768591549,0.512651559678106,"TSS_more_sig"
0.7,"eld vs kin","1030",2.09954085604431e-10,1.01386978644496e-12,9.67787566978434,11.9940178188289,4.29374720223075,4.63335598487025,0.430048886198138,0.422166118754607,"TSS_more_sig"
0.7,"eld vs kin","1033",0.0172422384717593,0.00556298287861059,1.76340635261657,2.25469227670062,1.95430516812743,2.42610308252361,0.458827705734932,0.449880847341709,"TSS_more_sig"
0.7,"eld vs kin","1043",0.000213159418353579,9.00939936311335e-06,3.67129547348543,5.045304161516,2.51759734027733,2.94186659565162,0.416852487783335,0.425247140734976,"TSS_more_sig"
0.7,"eld vs kin","1059",0.00327099659214381,0.000561075735483057,2.48531990834029,3.25097851257203,2.74694959438916,3.27991409025099,0.568124628548483,0.583457279077468,"TSS_more_sig"
0.7,"eld vs kin","1074",2.68622169989089e-19,9.13103265799857e-21,18.5708581468922,20.0394801039214,5.16788794773488,5.56089495408797,0.399814916530727,0.388296381456408,"TSS_more_sig"
0.7,"eld vs kin","1076",1.48770507465535e-13,1.98741009800519e-16,12.827483155581,15.7017125078656,4.72834627839895,5.06543377260568,0.4325834720958,0.428507590485755,"TSS_more_sig"
0.7,"eld vs kin","1080",0.0469930380152413,0.0119074819360548,1.32796647771367,1.92418006865137,1.94975994922264,2.32219547652081,0.504633989148313,0.509641414010501,"TSS_more_sig"
0.7,"eld vs kin","1082",7.39659424725851e-06,5.71651375410022e-07,5.13096820460617,6.2428687472456,3.17052406439712,3.5479615627828,0.496724517379866,0.485680270350159,"TSS_more_sig"
0.7,"eld vs kin","1089",1.39002516596819e-13,1.85231026602283e-14,12.8569773369098,13.7322862662849,3.14283885856788,3.57726240026737,0.281980307161028,0.289852509448656,"TSS_more_sig"
0.7,"eld vs kin","1098",7.0605520566712e-29,2.38966161720723e-30,28.1511613406206,29.6216635920159,7.12738230644049,7.53104404622278,0.45013632889529,0.441128107939103,"TSS_more_sig"
0.7,"eld vs kin","1104",0.00038103026295961,0.0212236495213558,3.41904052953589,1.67317993472748,-2.7085602916909,-2.2414213443425,0.47313797432496,0.469148637999604,"CLR_more_sig"
0.7,"eld vs kin","1105",3.42322094857962e-08,4.00085221708486e-08,7.4655650688282,7.39784749023308,-4.49357534638712,-3.94407156178868,0.510620125705666,0.505256623197807,"CLR_more_sig"
0.7,"eld vs kin","1108",8.56660196611006e-05,2.98747300207094e-06,4.06719141145072,5.52469601076501,2.70253903456471,3.09086216003384,0.432916686122331,0.439584321224833,"TSS_more_sig"
0.7,"eld vs kin","1112",5.99576415236407e-05,0.00633110387489277,4.22215545876928,2.19852056091817,-3.38045113675967,-2.94283705300202,0.525320776500507,0.53772246011032,"CLR_more_sig"
0.8,"cent vs mage","4",7.39961688794929e-10,5.03460985887695e-11,9.13079076510101,10.2980341780799,2.35200630046085,2.73717750131903,0.199481681021586,0.182894308453743,"TSS_more_sig"
0.8,"cent vs mage","7",2.34991196934894e-12,2.84332290676829e-13,11.6289484066398,12.5461738161223,4.31415615426823,4.71017485500377,0.41887036458597,0.418269686824455,"TSS_more_sig"
0.8,"cent vs mage","8",1.45545719056534e-05,1.36780320462989e-05,4.83700056396249,4.86397638309206,2.42882885330831,2.80411389939338,0.309474080554149,0.31445347382385,"TSS_more_sig"
0.8,"cent vs mage","9",2.75036436102414e-05,9.10891274256717e-05,4.56060976816969,4.04053345816236,2.16220049080529,2.54202261033319,0.263433754717742,0.272056571756391,"CLR_more_sig"
0.8,"cent vs mage","10",0.0064494413801946,0.00466522640628613,2.19047790024928,2.33112727482964,2.13867865386426,2.52012136187885,0.405837465035578,0.413116751474308,"TSS_more_sig"
0.8,"cent vs mage","11",1.88051898421692e-05,1.08213059677324e-05,4.72572227792941,4.96572032330028,2.37095488847249,2.73926841704332,0.310413018310316,0.295265721957728,"TSS_more_sig"
0.8,"cent vs mage","14",1.40316895865256e-10,7.30512885943046e-11,9.85289003147163,10.1363721188883,2.85776805434484,3.23361619646412,0.264220277508427,0.259132445253837,"TSS_more_sig"
0.8,"cent vs mage","16",0.00221614030583553,0.00255711572051159,2.65440274749902,2.59224961783114,1.71800781618883,2.09332414164579,0.228883229820513,0.229966786376593,"CLR_more_sig"
0.8,"cent vs mage","19",2.46676015139146e-06,1.47347497395847e-06,5.60787307588161,5.83165723596882,2.65549109853003,3.02768690680018,0.334871777546453,0.344818353054706,"TSS_more_sig"
0.8,"cent vs mage","20",3.23455369439668e-10,3.32435295583967e-10,9.49018563506712,9.47829287218161,2.83288227283854,3.21158617032657,0.265214833602706,0.268649064762338,"CLR_more_sig"
0.8,"cent vs mage","21",5.62100150332299e-12,4.30955543497543e-12,11.2501862985561,11.3655675284692,3.00997763047407,3.39111681048102,0.264436121279098,0.261421178650447,"TSS_more_sig"
0.8,"cent vs mage","23",6.30019698732609e-06,4.88332831758957e-06,5.20064587131288,5.31128407610004,2.28658621853874,2.6650201487785,0.261871675913063,0.266884453442074,"TSS_more_sig"
0.8,"cent vs mage","24",3.81398235578227e-11,1.05445306915139e-11,10.4186213204154,10.9769727447648,4.65395252836533,5.03761995613693,0.478100336042681,0.492342849694838,"TSS_more_sig"
0.8,"cent vs mage","26",6.92318023499666e-08,3.0460677831121e-08,7.15969436201191,7.5162604366848,3.24006757378079,3.60107095117148,0.373322788618273,0.372861175718293,"TSS_more_sig"
0.8,"cent vs mage","28",0.00223817314778069,0.00311643192189978,2.65010631896184,2.50634235578183,2.40014874802227,2.7754896004818,0.45129575853482,0.460814016824488,"CLR_more_sig"
0.8,"cent vs mage","30",0.000526966857575351,0.000781866610123543,3.27821669792741,3.10686733316599,1.83314190576355,2.21799160338281,0.237889322288756,0.238923730577814,"CLR_more_sig"
0.8,"cent vs mage","32",1.144811570604e-07,2.65217184363333e-07,6.94126598981425,6.57639833987365,2.29235848512616,2.67763252376914,0.225538165475313,0.229843658785857,"CLR_more_sig"
0.8,"cent vs mage","36",3.82208897685736e-05,3.877957358107e-05,4.41769920694391,4.41139697071906,1.88664073427932,2.26837390510455,0.204571403346581,0.203467299918963,"CLR_more_sig"
0.8,"cent vs mage","37",0.00351933057745938,0.00142525610521115,2.45353993713655,2.84610708998085,2.05136591988931,2.42573203305881,0.339049236939374,0.335935337296777,"TSS_more_sig"
0.8,"cent vs mage","39",9.50820010492213e-09,3.3483709663346e-10,8.02190168689874,9.47516643248668,3.74013845843725,4.09733566816687,0.4276489935019,0.413974881192994,"TSS_more_sig"
0.8,"cent vs mage","42",7.88875207024022e-09,3.62003250193653e-09,8.10299169284553,8.44128753019934,3.61936514312152,3.98993656727618,0.415482523866435,0.41413191254071,"TSS_more_sig"
0.8,"cent vs mage","44",0.00211979322582764,0.00134437035776919,2.67370650004375,2.87148107192347,1.94466599973606,2.34385232076482,0.293210877238873,0.301399032184661,"TSS_more_sig"
0.8,"cent vs mage","47",0.00176083795532002,0.000447182016453606,2.75428060902332,3.34951567004115,2.66987324280121,3.00296916121992,0.492707478793628,0.495406121735522,"TSS_more_sig"
0.8,"cent vs mage","52",0.00287571726513687,0.00211214554474574,2.54125381516918,2.67527615853308,1.92095743785161,2.28548879377087,0.298835681061723,0.305081213019735,"TSS_more_sig"
0.8,"cent vs mage","54",0.0438907247306169,0.0362273235918232,1.35762724795637,1.44096374965957,1.93479053871409,2.31984218231855,0.422775861472169,0.425335718984772,"TSS_more_sig"
0.8,"cent vs mage","55",3.15408629229444e-05,4.05899127204722e-05,4.50112642903037,4.39158188253485,2.62167410662487,3.00430545346399,0.364894927214438,0.358291786151003,"CLR_more_sig"
0.8,"cent vs mage","56",6.05151988908667e-08,2.10654974354373e-08,7.21813553500963,7.67642828109375,3.12932023533154,3.53559317020803,0.371430017446258,0.377532504133407,"TSS_more_sig"
0.8,"cent vs mage","61",0.000386241473824463,0.000263031566599635,3.41314109439392,3.57999212840235,2.03079772961461,2.4025560476159,0.280415760101847,0.28196443553393,"TSS_more_sig"
0.8,"cent vs mage","69",1.95933647778103e-05,3.2494115344041e-06,4.70789097600356,5.48819528225227,2.86227167475273,3.24092144360586,0.392251054945402,0.389290202280344,"TSS_more_sig"
0.8,"cent vs mage","90",2.184541431466e-06,8.61637183393156e-07,5.66063971415586,6.06467556760931,2.51004348708942,2.87572546301511,0.288359848895502,0.281713436579884,"TSS_more_sig"
0.8,"cent vs mage","92",2.58761120642601e-05,2.45238616170471e-05,4.58710097668503,4.61041114316959,2.07330215490725,2.45936453771355,0.245105079902799,0.239607833062482,"TSS_more_sig"
0.8,"cent vs mage","95",0.00324232718145212,0.000452872816189678,2.48914316285896,3.34402374717559,2.23897099543294,2.64834442801245,0.372538665346943,0.376624179736877,"TSS_more_sig"
0.8,"cent vs mage","106",3.90471003520767e-08,1.06068997448398e-06,7.40841121141151,5.97441153602893,2.91086500330385,3.27056619237502,0.329495815458037,0.337213065596257,"CLR_more_sig"
0.8,"cent vs mage","114",9.00885906664834e-06,0.00597892618481998,5.04533020707133,2.22337680829974,-3.48942985145924,-3.06013624640769,0.455241152819575,0.477782754238032,"CLR_more_sig"
0.8,"cent vs mage","119",0.000253626864227753,0.000167230841683045,3.59580474776204,3.7766836243997,1.99732905172977,2.38534778796777,0.246549805049426,0.242723007167537,"TSS_more_sig"
0.8,"cent vs mage","120",0.0116980686208063,0.0007396101893313,1.93188583539618,3.13099711435998,2.41949323597679,2.82689732624169,0.479258143994949,0.499283971689843,"TSS_more_sig"
0.8,"cent vs mage","132",7.87364523179442e-08,4.06663090450588e-05,7.10382415740775,4.39076524323607,-4.13584286421495,-3.82644392346689,0.484650044664727,0.490552717160694,"CLR_more_sig"
0.8,"cent vs mage","141",0.0258114436819154,0.00524080927444168,1.58818770388097,2.2806016450226,2.52113596706849,2.98609657437442,0.558617043220394,0.559772607252959,"TSS_more_sig"
0.8,"cent vs mage","142",5.17954107822822e-06,2.00245211756485e-05,5.28570871825138,4.69843785992587,3.80881161630107,4.0738575187332,0.526034819711476,0.548274225883604,"CLR_more_sig"
0.8,"cent vs mage","143",5.58209712290596e-07,0.000583983854115168,6.25320261149211,3.23359916002051,-3.62783754923003,-3.29651901282269,0.450524889321665,0.450717495858347,"CLR_more_sig"
0.8,"cent vs mage","149",0.0452588490509623,0.016523414038566,1.34429649450793,1.78190021458686,2.15146246439359,2.60955646963208,0.543686363988397,0.566969770308127,"TSS_more_sig"
0.8,"cent vs mage","155",0.000279716653074841,1.68742838213916e-05,3.55328167691337,4.77277465043875,2.82319898479382,3.31550002319413,0.462577992100568,0.461664833160307,"TSS_more_sig"
0.8,"cent vs mage","168",1.03294679572961e-05,6.68439612918604e-09,4.98592204722782,8.1749378209537,3.73251842870324,4.06680291179418,0.438312678472838,0.444558035767066,"TSS_more_sig"
0.8,"cent vs mage","184",0.0125596141069476,0.00846862260917208,1.90102370405406,2.07218722035174,2.52241777390316,2.94255890222889,0.542774300235374,0.556168396401185,"TSS_more_sig"
0.8,"cent vs mage","208",0.0465089756709303,0.0212398189616389,1.33246322542853,1.67284918929943,2.011474130224,2.36394241936595,0.401660449456198,0.411797426290099,"TSS_more_sig"
0.8,"cent vs mage","210",1.44664855650234e-08,0.00231631353422589,7.83963696197697,2.63520265523471,-4.16747646776882,-3.71257301119666,0.465070203306038,0.45192817602689,"CLR_more_sig"
0.8,"cent vs mage","212",0.0003606422622428,3.97758905254812e-05,3.44292338137577,4.40038008833825,2.45777239837445,2.89822364377883,0.380250704892141,0.370223765811406,"TSS_more_sig"
0.8,"cent vs mage","219",1.14363806718465e-07,0.00283258062906897,6.94171139712912,2.54781771914811,-3.83367103144386,-3.24227752329042,0.472753557413842,0.456288983194838,"CLR_more_sig"
0.8,"cent vs mage","294",5.13730416551458e-05,8.40000075093369e-08,4.28926472014408,7.07572067511355,3.07229768343575,3.48784020966214,0.383839470886388,0.386772340556205,"TSS_more_sig"
0.8,"cent vs mage","329",0.0438855953592918,0.0351409076441654,1.35767800555619,1.45418702543145,1.74558118545614,2.05111638951051,0.374211010349009,0.387735540431559,"TSS_more_sig"
0.8,"cent vs mage","353",0.000193505767295857,0.0225004126486576,3.71330608662729,1.64780951702679,-2.99537880988163,-2.71736646431943,0.445574392424664,0.45040430483089,"CLR_more_sig"
0.8,"cent vs mage","392",0.034046251355651,0.0341835800472176,1.46793069888124,1.4661824555611,1.82609764039131,2.13721801821129,0.399153949866451,0.401419313040072,"CLR_more_sig"
0.8,"cent vs mage","435",0.0368708990881522,0.00508264631498165,1.43331627209656,2.29391011040276,2.12671372905595,2.50277860817197,0.44831147828742,0.438127092370214,"TSS_more_sig"
0.8,"cent vs mage","652",0.000204498124310749,1.41743623671085e-05,3.68931067105628,4.84849646870841,2.46693527752126,2.89508524598103,0.306009981711146,0.316386822120518,"TSS_more_sig"
0.8,"cent vs mage","671",1.05336196976053e-05,1.13213356649469e-05,4.97742236532285,4.94610233306851,2.72566971376439,3.08235940159609,0.356343002822362,0.361038986783122,"CLR_more_sig"
0.8,"cent vs mage","728",8.99973032515478e-08,5.05728247546149e-07,7.04577050389977,6.29608278809021,2.67314960934355,3.03038520707501,0.308831402044487,0.30342521685807,"CLR_more_sig"
0.8,"cent vs mage","762",0.000162513355040539,7.44891116798903e-05,3.78911094371841,4.12790720487495,2.6827417298853,3.07002344336879,0.386228682905397,0.390660543287308,"TSS_more_sig"
0.8,"cent vs mage","788",0.00115058753161162,0.000292728207540999,2.93908033653476,3.53353542656123,2.75825220363475,3.13730632753955,0.513917881299376,0.531855887941824,"TSS_more_sig"
0.8,"cent vs mage","798",0.000946945913946727,0.00263840646156586,3.0236748255852,2.57865829809322,2.36752583449573,2.74898111775614,0.407445706801932,0.436909424141127,"CLR_more_sig"
0.8,"cent vs mage","814",0.0346326861765167,0.00114872120616203,1.4605138224443,2.93978536149194,2.37342606736117,2.76732264325853,0.457052138619727,0.465083322789488,"TSS_more_sig"
0.8,"cent vs mage","825",0.017836037875888,0.00275098650836617,1.74870161407127,2.5605115395109,2.02770970458384,2.44526026290856,0.353557107393663,0.367564374025976,"TSS_more_sig"
0.8,"cent vs mage","829",1.16841117870199e-05,6.29363484572193e-06,4.9324042965929,5.20109845829099,2.73316223127522,3.14522626787501,0.383304554036219,0.392855564247113,"TSS_more_sig"
0.8,"cent vs mage","834",0.000357172499828158,0.0002769713389919,3.44712198660501,3.55756516942532,2.40187320656848,2.80220988196064,0.403182336109129,0.391797620241151,"TSS_more_sig"
0.8,"cent vs mage","836",0.0447461099276876,0.0326246528174058,1.34924471476984,1.48645410127166,1.57573082314471,1.96531113219855,0.294356914880979,0.308060030688984,"TSS_more_sig"
0.8,"cent vs mage","840",0.0328465453120776,0.0291863227987112,1.4835103013188,1.53482061857235,1.91335276306818,2.4865954594006,0.484737175377941,0.468986988451951,"TSS_more_sig"
0.8,"cent vs mage","848",0.000228789469008543,0.000250153027619724,3.64056396963747,3.60179423645204,2.49593410206065,2.90085801288748,0.32304065021427,0.34711746364003,"CLR_more_sig"
0.8,"cent vs mage","854",5.41382611919e-07,1.94000032100713e-07,6.266495696975,6.71219819820812,3.48432938532932,3.95943496897073,0.458318583866264,0.462822055478652,"TSS_more_sig"
0.8,"cent vs mage","857",0.00019705426404982,1.86997400176131e-09,3.70541416301471,8.72816443141542,2.68211377715015,3.10123225909508,0.333345668146107,0.333594917701989,"TSS_more_sig"
0.8,"cent vs mage","886",0.000217869148562725,3.65508798678978e-06,3.66180426382249,5.43710216406389,3.47656791250378,3.80681948903354,0.519990067175795,0.526188932735879,"TSS_more_sig"
0.8,"cent vs mage","921",6.73586652889648e-06,0.000669213800289252,5.17160652696239,3.17443511175078,-3.59102379757695,-3.19626934860992,0.456109998354318,0.46727796751078,"CLR_more_sig"
0.8,"cent vs mage","944",0.00500797298361226,0.00308403899136198,2.30033802266899,2.51088013982137,1.85593366283539,2.20807540808407,0.2970951086371,0.280209497178317,"TSS_more_sig"
0.8,"cent vs mage","947",0.000126005753442104,7.2796713131858e-06,3.89960962447679,5.13788822921612,2.71942219630188,3.05220802497713,0.405443721760408,0.417015950110841,"TSS_more_sig"
0.8,"cent vs mage","978",2.57209825755961e-07,2.16544383640495e-08,6.58971244480658,7.66445307577885,3.52947124803842,3.86152324796888,0.448579473802999,0.447132238820636,"TSS_more_sig"
0.8,"cent vs mage","984",0.000528294195485249,3.59686279360851e-06,3.27712416100069,5.44407612851877,2.78297913851033,3.30323372082947,0.425827325917526,0.417845970722037,"TSS_more_sig"
0.8,"cent vs mage","989",0.000304447351453079,0.000347153754105188,3.51648779974812,3.45947813394091,2.60778170989662,3.05045699466358,0.369368283173331,0.38191940978125,"CLR_more_sig"
0.8,"cent vs mage","1017",0.000311153978507928,0.00072482085569852,3.50702464162474,3.13976931893986,2.54404450222996,2.87246930439374,0.383863298437704,0.388855721658178,"CLR_more_sig"
0.8,"cent vs mage","1021",0.0250962699986729,0.0143526173441207,1.60039082192017,1.84306889374125,2.18125859395368,2.51608685406047,0.516314161171946,0.521607231457981,"TSS_more_sig"
0.8,"cent vs mage","1030",0.000431107466561492,0.000183102505784088,3.365414455322,3.73730571227528,2.67776224165439,2.97373369698278,0.404517672437548,0.410881070268068,"TSS_more_sig"
0.8,"cent vs mage","1043",5.53635111578556e-08,1.59384913902166e-07,7.25677637469063,6.79755278782763,2.93979335095476,3.31780666556173,0.319277009082418,0.329838759602201,"CLR_more_sig"
0.8,"cent vs mage","1047",0.0244764724933621,0.0171297256602166,1.611251171782,1.76624959238815,1.62534325015514,2.00908750397736,0.28231579288662,0.298004180771345,"TSS_more_sig"
0.8,"cent vs mage","1074",4.83995274205442e-07,1.73835368392267e-10,6.31515887884426,9.75986185772111,3.46364879110534,3.86014920232315,0.374022012820501,0.371510407170443,"TSS_more_sig"
0.8,"cent vs mage","1076",6.70001938968454e-05,1.39474638222228e-05,4.17392394046025,4.85550475641549,2.74216059541569,3.18713432953914,0.429047420570785,0.41451762284223,"TSS_more_sig"
0.8,"cent vs mage","1083",0.0280070062127739,0.00755174623987311,1.5527333122675,2.12195261199315,1.81063173230223,2.16940787877001,0.377899495606894,0.380504534276159,"TSS_more_sig"
0.8,"cent vs mage","1087",1.78223301001528e-08,1.72134672677416e-08,7.74903551671416,7.76413164195711,4.05623625082989,4.44725265694384,0.492016427332175,0.497845522066779,"TSS_more_sig"
0.8,"cent vs mage","1089",0.00213743953219666,0.00245873209276738,2.67010616254354,2.60928879007846,1.81077429163876,2.18461405909455,0.267897827589619,0.262313783213729,"CLR_more_sig"
0.8,"cent vs mage","1090",0.0157210902582548,0.0314061515363531,1.80351733891206,1.50298527814861,1.75470874179943,2.18178386957873,0.31558022069793,0.328549009799217,"CLR_more_sig"
0.8,"cent vs mage","1091",0.00164938894257394,0.0012057612875252,2.78267692125295,2.91873866381457,2.97002163185709,3.26890011393218,0.481605395683753,0.47106697985484,"TSS_more_sig"
0.8,"cent vs mage","1092",0.0496422274762008,0.0268612279758192,1.30414873968502,1.57087413720223,1.74037722952934,2.12270048628049,0.348444106341715,0.35068625511381,"TSS_more_sig"
0.8,"cent vs mage","1098",3.45442294626535e-13,1.57610603176561e-14,12.4616244901664,13.8024145689139,4.65622274054928,5.07152267914554,0.436425876304007,0.442159420060286,"TSS_more_sig"
0.8,"eld vs kin","3",0,6.41339228252269e-10,29.6315374857356,9.19291219514833,-4.69178188265331,-4.08392681655429,0.431546416597604,0.445770751513315,"CLR_more_sig"
0.8,"eld vs kin","4",2.4492422836994e-12,2.58311197175439e-14,11.6109682515151,13.5878567677868,2.53265004532074,3.13674206553244,0.228016920869092,0.22044992791082,"TSS_more_sig"
0.8,"eld vs kin","5",9.53774413519996e-07,0.00342801244590079,6.02055433236989,2.46495760997631,-2.73369480944607,-2.13315301618412,0.385202588348929,0.383906575488608,"CLR_more_sig"
0.8,"eld vs kin","7",2.79142261766072e-28,2.33594446858204e-29,27.5541744069283,28.6315374857356,7.58737768153052,8.2170576659324,0.472290912205039,0.468434082168357,"TSS_more_sig"
0.8,"eld vs kin","8",0.00125712539827952,0.000260392791709991,2.90062139927143,3.58437104223866,2.04412021762565,2.63835605866216,0.382667400971281,0.394119399724015,"TSS_more_sig"
0.8,"eld vs kin","10",0.000117483931670834,0.0264536662714501,3.93002152797852,1.57751412963565,-2.68831726011446,-2.09074819169066,0.480845970900816,0.478079842096651,"CLR_more_sig"
0.8,"eld vs kin","11",1.37913588482809e-10,9.45899278790221e-12,9.86039294113117,11.0241551056642,3.2384083843106,3.82095046549125,0.352892270073612,0.34403592789574,"TSS_more_sig"
0.8,"eld vs kin","14",1.45677667604606e-11,5.9720172368894e-13,10.8366070204981,12.2238789474515,2.86371875335605,3.46277296425524,0.280255849258752,0.274346431839967,"TSS_more_sig"
0.8,"eld vs kin","15",3.58175410570214e-06,3.17948582905091e-07,5.44590423261381,6.49764310632393,2.96866634497672,3.5836692847712,0.443906711075464,0.430666885399242,"TSS_more_sig"
0.8,"eld vs kin","16",2.47481540727844e-14,2.22264015412156e-15,13.606457188888,14.6531308439719,3.02207238848749,3.6380895569494,0.262021880849246,0.267599239028388,"TSS_more_sig"
0.8,"eld vs kin","17",0.043733219483131,0.00855227236097129,1.35918855027253,2.06791847676754,1.87498713655913,2.45109087114141,0.502883849739597,0.524565821342399,"TSS_more_sig"
0.8,"eld vs kin","21",7.57046037053028e-22,6.1677808740241e-23,21.1208777096279,22.2098710640901,4.0970970524202,4.7161436782083,0.296180158748901,0.293962685036196,"TSS_more_sig"
0.8,"eld vs kin","23",1.12166083397071e-07,1.39319082166115e-07,6.95013844450818,6.85598939533571,2.42811974559188,3.02317032900552,0.301732518960728,0.312477735679646,"CLR_more_sig"
0.8,"eld vs kin","25",2.64053333129351e-07,1.10074958980633e-07,6.57830834606775,6.95831146770798,3.0497225102559,3.64404765926519,0.413128203007231,0.422103308780742,"TSS_more_sig"
0.8,"eld vs kin","26",1.3028463242668e-05,1.9520945701473e-06,4.8851068079704,5.70949914655752,2.44254662362055,3.05164816534599,0.364396236206576,0.362710261717093,"TSS_more_sig"
0.8,"eld vs kin","29",9.247251314941e-08,6.58600983876034e-09,7.03398733927735,8.18137762483636,2.45406687496791,3.05244793852392,0.289845122412719,0.292524219218741,"TSS_more_sig"
0.8,"eld vs kin","31",8.9083764232046e-07,3.25136444437721e-07,6.0502014401487,6.48793434784897,3.64285813126988,4.19424380704323,0.524265230239527,0.53612447318943,"TSS_more_sig"
0.8,"eld vs kin","32",0.000428375881229247,0.000148203558687445,3.36817498915652,3.82914136788325,1.7661560107134,2.3801279809153,0.2775585865199,0.291812297645949,"TSS_more_sig"
0.8,"eld vs kin","33",9.82264179483748e-07,0.00196912633764283,6.00777169320885,2.7057264189655,-3.15833436415507,-2.55163782449029,0.452960416633374,0.458094951816225,"CLR_more_sig"
0.8,"eld vs kin","36",4.98859509627256e-07,1.18389832445556e-07,6.30202174452559,6.92668559408606,2.12172968835623,2.73057396288111,0.256068928793915,0.262774973839159,"TSS_more_sig"
0.8,"eld vs kin","47",0.000179453245607156,0.000116604897561118,3.74604868257158,3.93328320824682,2.9103462883232,3.51437698481621,0.541325353446099,0.536131564313318,"TSS_more_sig"
0.8,"eld vs kin","49",0.000945995228820757,0.000140871822366294,3.02411105398092,3.85117586717901,2.01125263566808,2.61456761128571,0.359228987399826,0.364777883684178,"TSS_more_sig"
0.8,"eld vs kin","55",0.000206632769693757,2.2517684467237e-05,3.68480080300702,4.64747627078361,2.52833316962429,3.10316925710794,0.419816178281391,0.412548799098665,"TSS_more_sig"
0.8,"eld vs kin","58",0.00354215993770677,0.00190016062086582,2.45073183318114,2.72120968651699,1.8461304098672,2.45414587505308,0.356418614667624,0.37208663674549,"TSS_more_sig"
0.8,"eld vs kin","61",0.00012450731280182,1.10864409284772e-05,3.90480514000432,4.95520785269679,2.22027701350827,2.80873697340011,0.358476073808753,0.354634006109033,"TSS_more_sig"
0.8,"eld vs kin","65",6.91348314447229e-05,0.00627246220559687,4.16030309165709,2.20256194682486,-2.60575623744054,-2.03053738690354,0.380865136167809,0.368186486983793,"CLR_more_sig"
0.8,"eld vs kin","67",1.22720121102186e-12,8.957796349592e-09,11.9110842248261,8.04779881521727,-5.29031024646973,-4.81829191184772,0.551340769649038,0.571980566139992,"CLR_more_sig"
0.8,"eld vs kin","70",0.00145826784553912,0.000119958444772081,2.83616270019077,3.92096917338335,2.59508948514909,3.26670888089182,0.52094811923321,0.517541445976728,"TSS_more_sig"
0.8,"eld vs kin","71",0.000719308628134533,2.02324739077653e-05,3.14308473028903,4.69395101101058,2.83591186096891,3.34431522384921,0.540530265449135,0.551090383606596,"TSS_more_sig"
0.8,"eld vs kin","74",3.46885670009334e-08,6.92419435803282e-09,7.45981364067226,8.15963075023678,3.79456550585147,4.38504383578277,0.498124762463318,0.49821382620372,"TSS_more_sig"
0.8,"eld vs kin","77",3.60975679365456e-05,3.96562846024553e-06,4.44252205757686,5.4016879772774,2.39656733307852,2.95939637782758,0.366844023234279,0.358300737150606,"TSS_more_sig"
0.8,"eld vs kin","79",2.75912974683538e-08,3.03429491841719e-05,7.55922787653794,4.51794221022808,-3.70887738804503,-3.06253879332151,0.475155370026385,0.483140498658841,"CLR_more_sig"
0.8,"eld vs kin","80",1.30527479419687e-05,1.20114450748156e-06,4.88429804844813,5.92040474028528,2.5051362367623,3.12592019516349,0.361838111079026,0.351063321893705,"TSS_more_sig"
0.8,"eld vs kin","82",1.3965047585846e-05,0.00222738288101692,4.85495758010368,2.65220512251682,-3.84595994415382,-3.15072393973112,0.578163511081351,0.616211484085989,"CLR_more_sig"
0.8,"eld vs kin","83",1.63432662618031e-06,0.00428653066118561,5.78666114378158,2.36789406545501,-3.35257481801209,-2.76927769649254,0.499916549303398,0.52649780827728,"CLR_more_sig"
0.8,"eld vs kin","84",2.55181119946364e-09,8.7889668425022e-05,8.59315146085382,4.05606217395599,-3.74701139414449,-3.07490407653252,0.456247468182035,0.484443301557422,"CLR_more_sig"
0.8,"eld vs kin","87",0.000977334756133938,0.047106797008476,3.00995665650569,1.32691642428723,-2.76386166513176,-2.24715959285803,0.508926988432205,0.526350764249036,"CLR_more_sig"
0.8,"eld vs kin","89",6.4877183443134e-17,1.45156384218545e-17,16.1879080127065,16.8381638584206,4.89718901781503,5.58619735812721,0.441011598410337,0.454242349851553,"TSS_more_sig"
0.8,"eld vs kin","91",2.92138919727398e-08,9.54423865292352e-05,7.53441058100357,4.02025870970319,-4.19141085991222,-3.56973320607686,0.564837806292777,0.56721632475998,"CLR_more_sig"
0.8,"eld vs kin","100",6.3469250536708e-06,0.00172597421376939,5.19743662993079,2.76296569697615,-3.66047309702711,-3.01660906868001,0.542357402888645,0.564984288759257,"CLR_more_sig"
0.8,"eld vs kin","103",0.00094013839488015,0.000206860489662894,3.02680821054,3.6843224516251,2.28954803934056,2.84796658052302,0.443560717275306,0.447990236128935,"TSS_more_sig"
0.8,"eld vs kin","111",3.37201783164925e-07,0.00208900834138768,6.47211013743804,2.68005982588307,-3.13491252939674,-2.53888990860064,0.439364295510496,0.458828041495547,"CLR_more_sig"
0.8,"eld vs kin","119",4.29458668995846e-06,7.40656469393697e-09,5.36707862622331,8.13038317939006,2.46803441902972,3.08206115715934,0.308601732368786,0.314158744801498,"TSS_more_sig"
0.8,"eld vs kin","121",1.68366841033874e-11,5.98128284394671e-13,10.7737434364349,12.2232056601091,4.65036090330814,5.26049384489458,0.482844024658191,0.496492912660093,"TSS_more_sig"
0.8,"eld vs kin","124",0.000235013834157544,1.60188493796183e-06,3.62890657210509,5.79536868213623,2.67866026875157,3.19865225761172,0.433850438853937,0.420546816215205,"TSS_more_sig"
0.8,"eld vs kin","125",0.00112508784097862,3.60412384271918e-05,2.94881356878548,4.4432002944728,2.95498697078503,3.64928618661474,0.53224877514286,0.541705058760889,"TSS_more_sig"
0.8,"eld vs kin","130",0.00017476581020692,0.0190154066011853,3.75754352531027,1.72089438375421,-3.23531071775532,-2.53021758268736,0.57443607719762,0.590889478645465,"CLR_more_sig"
0.8,"eld vs kin","138",5.32342730270968e-11,3.21800570099745e-10,10.2738086723279,9.4924131908431,3.98626894162672,4.55352582277075,0.438921541600723,0.440564530790087,"CLR_more_sig"
0.8,"eld vs kin","139",8.82065615671953e-08,0.000210187588692956,7.0544991070855,3.6773929320818,-3.8889782706423,-3.34392395145384,0.526687463722146,0.533736895862477,"CLR_more_sig"
0.8,"eld vs kin","142",0.0407581977479172,0.0315274656837658,1.38978502793939,1.50131093834794,2.14759331020537,2.70030723939978,0.55180962870195,0.532531065020542,"TSS_more_sig"
0.8,"eld vs kin","151",3.58246332213792e-17,1.1526223653956e-18,16.4458182472878,17.9383129576562,5.51782424060704,5.94778373224152,0.490787882377965,0.47622686780738,"TSS_more_sig"
0.8,"eld vs kin","164",5.53718464416947e-07,6.45710722210496e-08,6.25671099416788,7.18996200195069,3.25050858406192,3.88835297919087,0.468229669110485,0.465170702927128,"TSS_more_sig"
0.8,"eld vs kin","169",5.28452732413825e-06,0.00668579948455191,5.27699385219741,2.1748466525802,-3.35508129665003,-2.72545063624555,0.508926685029881,0.517372677656675,"CLR_more_sig"
0.8,"eld vs kin","172",1.25346655884023e-05,0.0289273541041015,4.90188724806786,1.53869128811278,-2.71400671206211,-2.07202006479779,0.445850365270784,0.451056899889142,"CLR_more_sig"
0.8,"eld vs kin","206",0.0148179278487833,0.000211844998369993,1.82921252420819,3.67398178517234,2.84017104366931,3.48183292440762,0.539869724129796,0.52843129453022,"TSS_more_sig"
0.8,"eld vs kin","207",9.8019510515206e-07,4.19218305772746e-10,6.00868747057544,9.37755976151452,3.58734531060383,4.27275175930642,0.451024810436773,0.465522201912345,"TSS_more_sig"
0.8,"eld vs kin","222",2.8288334284263e-06,2.04002904631093e-06,5.5483926245632,5.69036364896491,3.37302519740883,3.99064631033006,0.501146114732911,0.509054635037839,"TSS_more_sig"
0.8,"eld vs kin","223",0.00127938811746667,0.000386294665555377,2.89299768718311,3.41308128910048,2.59146811836331,3.29790752395687,0.527665613364359,0.530253629870352,"TSS_more_sig"
0.8,"eld vs kin","246",3.74765441118286e-05,8.32450818778227e-06,4.42624046427204,5.07964141519602,2.99647494142746,3.56858686820504,0.475471312301321,0.479168884294395,"TSS_more_sig"
0.8,"eld vs kin","247",0.00556819964369931,0.000411221436999016,2.25428520180939,3.38592425362438,2.27334621089565,2.95916951762858,0.517231343979636,0.512109280609132,"TSS_more_sig"
0.8,"eld vs kin","265",0.00122447769239429,0.000115721398202333,2.91204912246929,3.93658632763476,2.69164265369078,3.38159378870645,0.486082302280544,0.472962869988264,"TSS_more_sig"
0.8,"eld vs kin","267",0.00066185472530149,0.0446343851901706,3.17923732615494,1.35033044297492,-3.095663168136,-2.59203409192173,0.604551995757756,0.613117042966187,"CLR_more_sig"
0.8,"eld vs kin","282",0.000143627556066232,0.0203534872172059,3.84276222931788,1.69136117123275,-3.01686170706965,-2.21462151304269,0.476484445846412,0.472902233128451,"CLR_more_sig"
0.8,"eld vs kin","294",0.000248702073375292,7.17136973019959e-05,3.60432059409599,4.14439788624934,2.77149454591104,3.26750293437052,0.452914343074798,0.430271327680731,"TSS_more_sig"
0.8,"eld vs kin","329",0.0024970755073733,1.80475602065847e-08,2.6025683251137,7.74358150070765,2.68510827634828,3.32588783416138,0.438588127911096,0.42858258699864,"TSS_more_sig"
0.8,"eld vs kin","344",9.50051011573609e-07,3.47991121468624e-06,6.02225307528993,5.45843183635909,3.14452042467495,3.66758069007904,0.418182903226783,0.41518303099564,"CLR_more_sig"
0.8,"eld vs kin","435",0.012362874861323,1.9128017407653e-05,1.90788052672048,4.71833004165785,2.79625340467018,3.43617246613123,0.580073314685776,0.56080078815916,"TSS_more_sig"
0.8,"eld vs kin","616",4.09291469108426e-05,0.0327613368764371,4.38796730729157,1.48463838449973,-2.5318134844607,-2.01019414402822,0.412669293997428,0.428423497693822,"CLR_more_sig"
0.8,"eld vs kin","652",0.00124503987728314,0.000128351926731131,2.90481673836208,3.89159760761258,2.02509473874646,2.58500397762025,0.362028909300421,0.362464028929751,"TSS_more_sig"
0.8,"eld vs kin","666",4.38469562625647e-10,4.90033853019674e-07,9.35806054880312,6.30977391655966,-3.81675300535658,-3.22355077758439,0.413556951074481,0.417611024976387,"CLR_more_sig"
0.8,"eld vs kin","667",0.00211290637574513,0.00173958113935136,2.67511974639212,2.75955530962939,2.71869022282722,3.20043131410475,0.563428230936489,0.57511491449947,"TSS_more_sig"
0.8,"eld vs kin","670",0.012209150139112,0.000235313544747635,1.91331456559972,3.62835307392956,2.1070573951289,2.7881994976497,0.447069685922831,0.419262724950313,"TSS_more_sig"
0.8,"eld vs kin","728",1.80213289362351e-12,1.52589664433718e-13,11.7442131862541,12.8164748820523,4.1986243509709,4.74080410974471,0.400651846647533,0.377664173532809,"TSS_more_sig"
0.8,"eld vs kin","744",2.24249515551989e-06,0.00051591478854415,5.64926848649268,3.28742202302596,-3.57381005904317,-2.97197550053061,0.512709426115684,0.516573236001667,"CLR_more_sig"
0.8,"eld vs kin","770",0.000128062644174972,0.0403887421647594,3.89257753531878,1.3937396719454,-2.5593917806526,-1.95287320114161,0.422234365131944,0.422434317166584,"CLR_more_sig"
0.8,"eld vs kin","786",1.72885342383635e-06,0.000138106720585923,5.76224182564885,3.8597851871537,-3.79477831586694,-3.16676638582827,0.499500862144257,0.512156967419982,"CLR_more_sig"
0.8,"eld vs kin","809",0.0340053567547694,0.0313894486262636,1.4684526645521,1.50321631286556,1.6824119822266,2.35996697909757,0.38386313644503,0.378932251487065,"TSS_more_sig"
0.8,"eld vs kin","825",0.01600939308529,0.000124843419541356,1.79562513183495,3.9036343442393,2.26695581390093,2.81121347307757,0.452443015964992,0.456613190516353,"TSS_more_sig"
0.8,"eld vs kin","849",1.28272860959514e-06,0.0070848893341512,5.89186521877919,2.14966692903583,-2.71735106772552,-2.12403635505743,0.397591866966741,0.435823572730413,"CLR_more_sig"
0.8,"eld vs kin","853",0.0497987522345133,0.0102713842500479,1.30278153885583,1.98837102362314,1.56554979467246,2.18215268444066,0.37713778295388,0.385665999319787,"TSS_more_sig"
0.8,"eld vs kin","854",4.29767234572711e-07,6.78687599320922e-08,6.36676669816681,7.16833008597237,3.33450348595001,3.94080118861939,0.452027075984579,0.466995733303789,"TSS_more_sig"
0.8,"eld vs kin","857",0.0108740045830334,0.0066235373656831,1.9636104882935,2.17891000933725,1.85240852326464,2.4228219331724,0.409901501431711,0.401264041908865,"TSS_more_sig"
0.8,"eld vs kin","879",0.00039773057352049,0.0466963229489837,3.40041102354534,1.33071731613278,-2.50996981875262,-1.88799564698103,0.411527251306547,0.428336682841335,"CLR_more_sig"
0.8,"eld vs kin","886",1.13246616793988e-10,1.32630157453308e-11,9.94597476352837,10.8773577147968,4.6530156341809,5.25564880911385,0.510088003191746,0.523596300433351,"TSS_more_sig"
0.8,"eld vs kin","888",5.30056429420578e-06,2.24977449542247e-06,5.27567789326444,5.64786101091164,2.84910756640802,3.42319842081073,0.435109921092415,0.445835237708132,"TSS_more_sig"
0.8,"eld vs kin","891",0.000181729682936309,0.013641507520527,3.74057413112566,1.86513763322286,-3.27855878853508,-2.68311022197789,0.551276164237066,0.576066814928725,"CLR_more_sig"
0.8,"eld vs kin","895",1.42031899225435e-05,0.00756434732209305,4.84761410560457,2.12122853844606,-3.13351912762418,-2.54404363646636,0.49702340540051,0.511685731121538,"CLR_more_sig"
0.8,"eld vs kin","922",0.00464183470943242,0.00512210074405574,2.33331032834789,2.2905518838611,2.4084081412336,2.8632645550168,0.464425061940105,0.476503893537523,"CLR_more_sig"
0.8,"eld vs kin","926",0.00588339652116737,0.00639361994541903,2.23037188063657,2.19425318297095,2.11249472857869,2.71060678095238,0.420790333163871,0.416071579161385,"CLR_more_sig"
0.8,"eld vs kin","929",0.0171044232698507,0.00545804576416912,1.76689156485478,2.26296282721453,2.24638926139458,2.72097370314914,0.464982880247218,0.471734730520533,"TSS_more_sig"
0.8,"eld vs kin","944",5.1071250584187e-05,5.41002157672645e-06,4.29182350742424,5.26680100279832,2.0497129297756,2.63229449832155,0.304251589184625,0.296908272622899,"TSS_more_sig"
0.8,"eld vs kin","947",1.31669618765447e-11,1.04701168941389e-15,10.8805144218843,14.9800484695918,4.29231772283552,4.93428285305594,0.441086622115777,0.426591451183528,"TSS_more_sig"
0.8,"eld vs kin","977",0.0255577128370229,0.0129017052440481,1.59247801384322,1.88935288434134,2.31355690748119,2.96235650104969,0.504831733278477,0.523921142247558,"TSS_more_sig"
0.8,"eld vs kin","978",2.93775182598485e-26,4.01987395813625e-27,25.5319848951209,26.3957875638668,6.12840121516715,6.76367113559,0.414045455278523,0.416444433667444,"TSS_more_sig"
0.8,"eld vs kin","984",3.2481074887073e-16,2.07009458816625e-19,15.4883696072079,18.6840098100116,4.90069835402726,5.57813318536949,0.420078589811947,0.423432716401842,"TSS_more_sig"
0.8,"eld vs kin","988",0.000297058113415784,1.59017818717304e-07,3.52715858143379,6.79855420815118,3.20449995744305,3.76425513348034,0.540348923040102,0.520077782785216,"TSS_more_sig"
0.8,"eld vs kin","991",3.15171682515414e-05,0.0251905357849501,4.50145280983654,1.59876259526597,-3.67226170558626,-2.99413713295689,0.566385736992475,0.584363806403911,"CLR_more_sig"
0.8,"eld vs kin","1014",5.67651027448552e-09,1.45637612462647e-05,8.24591857173596,4.8367264493673,-4.28606588926745,-3.69104387273527,0.510131916207105,0.513776354283981,"CLR_more_sig"
0.8,"eld vs kin","1019",0.00608151639400324,0.000223996250754391,2.21598811818833,3.64975925081899,2.06166377896367,2.67031155779064,0.423182702986873,0.430828199939221,"TSS_more_sig"
0.8,"eld vs kin","1020",0.000192214332239908,8.40692054577906e-06,3.71621423279317,5.07536305710202,2.36231898305102,2.99884890220202,0.416546894456879,0.427593511918701,"TSS_more_sig"
0.8,"eld vs kin","1021",1.28407012477095e-06,0.000769462366866572,5.89141125822241,3.11381261593887,-3.76907419604123,-3.20096457295995,0.546814587204902,0.55421576689753,"CLR_more_sig"
0.8,"eld vs kin","1027",0.0124328201085533,0.000372389581993126,1.90543035014612,3.42900247738507,2.45331321801865,2.99351030944337,0.508514361386847,0.514885582387084,"TSS_more_sig"
0.8,"eld vs kin","1030",2.15302483444101e-11,1.85834965661056e-11,10.6669509607021,10.7308725682489,4.18183209382977,4.75280913163278,0.430103763864867,0.435944897141875,"TSS_more_sig"
0.8,"eld vs kin","1033",0.033338278001551,0.00168841138827165,1.47705683623381,2.77252172720772,1.85918052513015,2.48369288608377,0.451770496352042,0.436930089571025,"TSS_more_sig"
0.8,"eld vs kin","1043",0.0058640853215214,5.06785870782193e-06,2.23179971940438,5.29517550177373,2.46515155815663,3.12676472753906,0.430196498127397,0.433154858723414,"TSS_more_sig"
0.8,"eld vs kin","1059",0.0093097932383833,0.000728353949821808,2.03105996417723,3.13765752027758,2.80917850765402,3.38649483611875,0.587245962201226,0.580077036789921,"TSS_more_sig"
0.8,"eld vs kin","1074",2.1096466718402e-19,1.85136183903785e-19,18.6757902751854,18.7325086923546,5.02834522459295,5.66255142825264,0.387906888038748,0.379962246248516,"TSS_more_sig"
0.8,"eld vs kin","1076",2.69283331243275e-12,3.31379899365359e-16,11.5697905287761,15.4796738382808,4.5347023224836,5.16229584839665,0.432734309094665,0.429378823738153,"TSS_more_sig"
0.8,"eld vs kin","1082",3.8110790732284e-05,2.01906871174394e-07,4.41895204028307,6.69484890115371,3.02375718133844,3.54765753736481,0.4908000508502,0.491497209255542,"TSS_more_sig"
0.8,"eld vs kin","1089",8.63726430087704e-13,3.61424216249025e-13,12.0636237907581,12.4419827520767,3.00207550873641,3.62085915216991,0.281171926621372,0.28866769492202,"TSS_more_sig"
0.8,"eld vs kin","1098",1.49886806882786e-25,9.37938481975419e-27,24.8242365923029,26.027825645432,7.00777461771024,7.62452197100715,0.449050799061249,0.448507098550135,"TSS_more_sig"
0.8,"eld vs kin","1104",0.00075801143184362,0.0124368011535621,3.12032424456694,1.90529130935607,-2.81577851224581,-2.25917488418702,0.457427280415721,0.468645705653089,"CLR_more_sig"
0.8,"eld vs kin","1105",2.76670575338756e-11,2.95224696489236e-06,10.5580370267916,5.52984731520817,-4.5775930738463,-3.88114276396932,0.49478853271229,0.501271612444387,"CLR_more_sig"
0.8,"eld vs kin","1108",0.00151995166675921,3.77444230585731e-05,2.81817022205096,4.42314720863911,2.53309649805372,3.15522534499039,0.42701654243306,0.441458057004918,"TSS_more_sig"
0.8,"eld vs kin","1112",1.22034533254244e-05,0.000278011857927597,4.91351725555841,3.55593667989957,-3.50417301891247,-2.99516282875678,0.527603232797428,0.530210504845461,"CLR_more_sig"
0.9,"cent vs mage","4",8.71658867552463e-10,4.27243921546546e-15,9.0596534473222,14.3693241073259,2.20586539570166,2.72574507363301,0.199443545027113,0.182930398444861,"TSS_more_sig"
0.9,"cent vs mage","7",2.43955669757625e-12,5.36788197715971e-15,11.612689084025,14.2701970415037,4.19120165519385,4.69931384027713,0.421756803506501,0.415248215668232,"TSS_more_sig"
0.9,"cent vs mage","8",1.19957121833223e-05,2.46448867182341e-07,4.92097396294373,6.60827317376646,2.28135514683806,2.80279224849485,0.309522920399505,0.314019993685779,"TSS_more_sig"
0.9,"cent vs mage","9",2.30049895589774e-05,4.32118033161204e-07,4.63817795950762,6.36439760932176,2.02124536745553,2.54081375720462,0.263111295577713,0.271782668582823,"TSS_more_sig"
0.9,"cent vs mage","10",0.00668372551789474,0.000474794921673009,2.1749813936846,3.32349393483367,1.99722409441075,2.50461385565121,0.4021398202523,0.411489108464697,"TSS_more_sig"
0.9,"cent vs mage","11",1.89566061758064e-05,1.56563453353817e-07,4.72223941230653,6.80530960791746,2.23163668073268,2.73490451579148,0.310225837018355,0.296067573772035,"TSS_more_sig"
0.9,"cent vs mage","14",2.20792086731256e-10,1.42885514298952e-13,9.6560164959362,12.8450117976535,2.70437117929398,3.23066169087854,0.263312795969098,0.259876336443575,"TSS_more_sig"
0.9,"cent vs mage","16",0.00291394899494656,2.03162750077444e-05,2.53551805428433,4.69215591705148,1.57020722074127,2.0831225694012,0.229876574380522,0.230454479073424,"TSS_more_sig"
0.9,"cent vs mage","19",1.28226586721833e-06,1.59912439790491e-07,5.89202191811307,6.79611775062384,2.51537064079882,3.03936592557386,0.334898132760428,0.343511230001162,"TSS_more_sig"
0.9,"cent vs mage","20",3.26338031390056e-10,5.98301747560824e-13,9.4863323106425,12.223079728639,2.6865745254307,3.20679173049362,0.265905406129286,0.268966122054476,"TSS_more_sig"
0.9,"cent vs mage","21",1.14501654883944e-11,5.53451249115583e-15,10.9411882364527,14.2569206280329,2.86883133934504,3.37665996823393,0.264379781058674,0.26113158554558,"TSS_more_sig"
0.9,"cent vs mage","23",3.05242308923638e-06,3.22271762374771e-08,5.51535527000095,7.49177774593684,2.14592851277359,2.66497097202226,0.262243472872052,0.267144714682807,"TSS_more_sig"
0.9,"cent vs mage","24",1.08939003415676e-11,2.11925128053072e-13,10.9628166020118,12.6738175457536,4.48761564954556,5.00057459647807,0.480465922890671,0.495928273227402,"TSS_more_sig"
0.9,"cent vs mage","26",1.3526324099512e-08,2.79542290512049e-10,7.8688202108081,9.55355248063387,3.07472768938299,3.61495364576848,0.371761554453597,0.371935760772314,"TSS_more_sig"
0.9,"cent vs mage","27",0.0287317575806468,0.00585753959123683,1.54163780650964,2.23228476731528,1.49976160431075,2.01805755210546,0.33666053642917,0.349526953861653,"TSS_more_sig"
0.9,"cent vs mage","28",0.00544289792243693,0.000553646560175223,2.2641698104814,3.25676739402656,2.20868318142462,2.72045707896126,0.45700402153504,0.458184523946322,"TSS_more_sig"
0.9,"cent vs mage","30",0.000521690999137844,7.99430858795562e-06,3.2825866562017,5.09721909157008,1.68609187004932,2.21140392326072,0.237232176465859,0.238384833697997,"TSS_more_sig"
0.9,"cent vs mage","32",2.42094818188224e-07,1.34438717870675e-10,6.61601450612351,9.87147563800817,2.14149546604155,2.65687070588174,0.224655061469484,0.227334923676472,"TSS_more_sig"
0.9,"cent vs mage","36",4.64613290847998e-05,3.82668444320456e-08,4.33290837081778,7.41717734917486,1.73736159102685,2.26158096415867,0.205081903781291,0.20376135052536,"TSS_more_sig"
0.9,"cent vs mage","37",0.00204506615260858,0.000133218934137962,2.68929263912451,3.87543404538156,1.90387691234142,2.42002417523961,0.339509561701096,0.335433810429659,"TSS_more_sig"
0.9,"cent vs mage","39",1.3128841759173e-08,7.79978832214977e-11,7.88177358615634,10.1079171834338,3.59759484697209,4.11462680852154,0.424019654280207,0.414419409566529,"TSS_more_sig"
0.9,"cent vs mage","42",2.00760592450937e-08,2.78389020932351e-10,7.69732153137117,9.55534789636937,3.44718659302703,3.94807434595354,0.411582283584183,0.412259994529577,"TSS_more_sig"
0.9,"cent vs mage","44",0.001333975994777,2.99938442808368e-05,2.87485198558415,4.52296786758634,1.80472014043976,2.33323477201388,0.291690166382531,0.298645599284361,"TSS_more_sig"
0.9,"cent vs mage","47",0.000880639476967353,0.000127896663820702,3.05520185005432,3.89314078392758,2.54541639826837,3.0428507076968,0.498419392264575,0.48638107150319,"TSS_more_sig"
0.9,"cent vs mage","50",0.0333904913788439,0.00291849731177522,1.47637718976413,2.53484070238182,1.28362730272762,1.80272119868457,0.243806305739263,0.249060142339383,"TSS_more_sig"
0.9,"cent vs mage","52",0.00250044724915612,0.000143301129112801,2.60198230314073,3.84375038765201,1.76514659748585,2.27332667927824,0.300517541240171,0.305709535476027,"TSS_more_sig"
0.9,"cent vs mage","54",0.0283023269543222,0.00726354084814326,1.54817785628219,2.13885161677499,1.76520175742003,2.29688974003872,0.419514520604897,0.429387477517286,"TSS_more_sig"
0.9,"cent vs mage","55",3.61101569259064e-05,2.583591439668e-07,4.44237062423152,6.58777616309433,2.49490672758352,3.00468939314223,0.366838814257113,0.35594783697065,"TSS_more_sig"
0.9,"cent vs mage","56",1.22814590926234e-06,6.38312341905456e-09,5.91075003399032,8.19496675831245,2.94679635301665,3.49329108024496,0.363488438501162,0.378141852317576,"TSS_more_sig"
0.9,"cent vs mage","61",0.000354586091558993,5.32322973246142e-06,3.45027830335903,5.2738247907524,1.87885159550131,2.39961559198031,0.281649575957348,0.281489289388975,"TSS_more_sig"
0.9,"cent vs mage","69",6.07146869236823e-06,3.70498639038853e-07,5.21670624008828,6.4312133829856,2.6790230040279,3.20192057809206,0.394354152869989,0.385042810786413,"TSS_more_sig"
0.9,"cent vs mage","76",0.0458666684867845,0.021307292639367,1.33850280358615,1.67147172937917,2.09395843259574,2.559365163777,0.527641226785614,0.535617365635924,"TSS_more_sig"
0.9,"cent vs mage","81",0.0376727773499411,0.00488436091148517,1.42397236112695,2.31119225298363,1.36642171727778,1.88204876455558,0.295116700190354,0.293055633424428,"TSS_more_sig"
0.9,"cent vs mage","90",4.1424386891702e-07,1.45154915745654e-08,6.38274391070636,7.83816825197793,2.38907976538851,2.85514949961652,0.292837130804846,0.277447661893978,"TSS_more_sig"
0.9,"cent vs mage","92",2.56994533545869e-05,5.19560276916875e-08,4.59007611431895,7.28436406039977,1.93093959544194,2.4560041296666,0.246037195306971,0.2391721095685,"TSS_more_sig"
0.9,"cent vs mage","95",0.000774536436740124,2.83105926220595e-05,3.11095814678411,4.54805103950821,2.10829736781191,2.58384160144866,0.369587534471163,0.369044786647241,"TSS_more_sig"
0.9,"cent vs mage","106",1.69422853533451e-07,6.60758178390215e-10,6.77102800785399,9.17995745277777,2.76618627290978,3.26484182792148,0.325692486125488,0.332342474125969,"TSS_more_sig"
0.9,"cent vs mage","114",1.3536764275782e-08,7.38327847086702e-05,7.86848513366493,4.13175075123347,-3.66482615171484,-3.11171530605048,0.464505737819182,0.47946780768905,"CLR_more_sig"
0.9,"cent vs mage","119",0.000104623520308959,4.83087784803673e-08,3.98037067118457,7.31597394379982,1.87363943873432,2.40900186339888,0.244821604819396,0.238235369940164,"TSS_more_sig"
0.9,"cent vs mage","120",0.00507587322706379,0.000958685759844667,2.29448923320345,3.01832372351722,2.31730551693011,2.86017224856682,0.473834039786332,0.505774123773558,"TSS_more_sig"
0.9,"cent vs mage","132",1.41020766912294e-08,3.08732243354583e-06,7.85071692783178,5.51041801133514,-4.31857542629149,-3.81700731946083,0.486954828397192,0.485439436644012,"CLR_more_sig"
0.9,"cent vs mage","141",0.00954774199682291,0.00118023444356982,2.02009932519838,2.92803171520623,2.47113049303865,2.91346093082587,0.550040783263561,0.548825346421251,"TSS_more_sig"
0.9,"cent vs mage","142",2.20490206177571e-05,5.55626722014717e-08,4.65661069643424,7.25521687570536,3.63822600868602,4.12106425584858,0.538728241432226,0.546403127182903,"TSS_more_sig"
0.9,"cent vs mage","143",1.41963938551949e-06,7.36970622727875e-06,5.84782196038354,5.13254982373045,-3.77009375672493,-3.34800114127957,0.444220425966044,0.453227461763259,"CLR_more_sig"
0.9,"cent vs mage","149",0.0351857585198445,0.00904100567759029,1.45363308219713,2.04378325802734,2.16607435667157,2.56423237174738,0.540621421767684,0.559538127809759,"TSS_more_sig"
0.9,"cent vs mage","155",0.00148012607222135,7.6843296615533e-05,2.82970129126844,4.11439401196203,2.61625214416137,3.16463462481959,0.475209769880534,0.468792996188951,"TSS_more_sig"
0.9,"cent vs mage","168",2.32686355505569e-07,8.90908644113569e-07,6.63322908255932,6.05016682726672,3.56810678267823,3.97959890373152,0.452843255159532,0.456729240690751,"CLR_more_sig"
0.9,"cent vs mage","180",0.0482186421756957,0.0228901683662112,1.31678502340497,1.6403510129066,1.32750318808721,1.79965408023753,0.325788484196466,0.344084392926633,"TSS_more_sig"
0.9,"cent vs mage","184",0.0122360519876797,0.00187195747525432,1.9123586864835,2.72770402123475,2.44298383134874,3.07911280472019,0.54024142860114,0.548611331860773,"TSS_more_sig"
0.9,"cent vs mage","208",0.00406336869752138,0.00759394041165574,2.39111376934618,2.11953281501695,1.86946335655521,2.32654272087295,0.395300797611724,0.408761599414589,"CLR_more_sig"
0.9,"cent vs mage","210",1.28796167397915e-08,2.63381537664078e-08,7.89009706013383,7.57941467117997,-4.29628814523941,-3.78496970628645,0.467493514955935,0.477226673840994,"CLR_more_sig"
0.9,"cent vs mage","212",0.00371339789468129,1.53542089088765e-06,2.43022851314764,5.81377255469211,2.3752906485174,2.90883355450652,0.380072821909459,0.371270611897777,"TSS_more_sig"
0.9,"cent vs mage","219",2.01379179191456e-08,4.41840237155404e-05,7.69598543363192,4.35473473667906,-3.83817828306121,-3.32688947330241,0.46022480651833,0.469290661360568,"CLR_more_sig"
0.9,"cent vs mage","294",1.98966224041553e-05,1.06028815096958e-06,4.70122064196901,5.97457609193359,2.90242935504457,3.40227941970089,0.384411148795187,0.388213895192903,"TSS_more_sig"
0.9,"cent vs mage","329",0.0303564656043986,0.00765825686124504,1.51774879462969,2.11587007131942,1.62249198507726,2.05581919070366,0.377564859811628,0.385614178384378,"TSS_more_sig"
0.9,"cent vs mage","344",0.0402602836457446,0.0048167157088395,1.39512316970201,2.31724898576482,1.51008045466135,2.09739423787481,0.350220134026645,0.338114903021155,"TSS_more_sig"
0.9,"cent vs mage","353",0.00010843112266163,0.00190575327226692,3.96484604565523,2.71993332585348,-3.0972512002363,-2.64553361847637,0.435873016062662,0.446980127605214,"CLR_more_sig"
0.9,"cent vs mage","435",0.0479239300892198,0.0262741249225372,1.31944757404791,1.58047173952967,1.96530832948971,2.49517572493036,0.444193666498206,0.439301976408672,"TSS_more_sig"
0.9,"cent vs mage","652",1.03403066531698e-05,2.51789768949249e-07,4.98546658157044,6.59896192069026,2.35659562415034,2.8960371915133,0.297232466481921,0.322280993760376,"TSS_more_sig"
0.9,"cent vs mage","671",4.10221249065508e-06,6.88671938009649e-07,5.38698184734922,6.161987613277,2.54900082582923,3.07455980605895,0.351698067538805,0.362622825289131,"TSS_more_sig"
0.9,"cent vs mage","675",0.000526710269011572,0.0121288230825422,3.27842821433364,1.91618133875053,-2.93282645667935,-2.48806728932828,0.4723408430388,0.484667393021466,"CLR_more_sig"
0.9,"cent vs mage","728",2.20892026338352e-07,1.2092138375037e-08,6.65581996081374,7.91749689166531,2.52590307059821,3.03709359236194,0.305364822503377,0.299538864433629,"TSS_more_sig"
0.9,"cent vs mage","762",3.0301118778635e-05,1.75711307098563e-07,4.51854133617038,6.75520029056783,2.57125497105031,3.07031820842507,0.388627469980401,0.379742763693406,"TSS_more_sig"
0.9,"cent vs mage","788",0.00274647161936021,0.000130417995117583,2.56122488439756,3.88466248037502,2.55165443069541,3.10851003450856,0.522988252478785,0.539892946078343,"TSS_more_sig"
0.9,"cent vs mage","798",0.00711148835742,4.49518214655131e-05,2.14803949663041,4.34725270579072,2.26003504953446,2.82940388019737,0.412432289117644,0.43307561686789,"TSS_more_sig"
0.9,"cent vs mage","814",0.0429907122198953,0.000702127415478654,1.36662535993979,3.15358406904103,2.133622600613,2.85976902274262,0.480615173492312,0.468429787836133,"TSS_more_sig"
0.9,"cent vs mage","825",0.00591281632399425,0.0197981128417454,2.22820561173567,1.70337620476254,1.88829941770997,2.36044921992103,0.358032279444994,0.375901434580185,"CLR_more_sig"
0.9,"cent vs mage","829",2.57752507457686e-05,3.60843615691144e-07,4.5887971011376,6.44268097415347,2.60594255514182,3.08759364521209,0.379790937535761,0.393080583862328,"TSS_more_sig"
0.9,"cent vs mage","834",0.000611219956447941,3.58121597438033e-05,3.21380247440336,4.44596948695983,2.23312152420858,2.74324766605961,0.4040703660347,0.394962837986507,"TSS_more_sig"
0.9,"cent vs mage","836",0.0284870961661723,0.00257453591121485,1.54535181833798,2.58930104598719,1.41697835733694,1.97672207558778,0.289159754641111,0.304883077019039,"TSS_more_sig"
0.9,"cent vs mage","840",0.0486281080217383,0.0462663866769377,1.31311262723839,1.3347344168075,1.87066186300049,2.39385462283616,0.479922513082616,0.486669466390511,"TSS_more_sig"
0.9,"cent vs mage","848",2.73098067158616e-07,6.90384707037563e-07,6.56368137355239,6.16090883740113,2.40886943686692,2.91244862731334,0.323341180492643,0.332857769438345,"CLR_more_sig"
0.9,"cent vs mage","854",6.96806445932543e-06,1.35728025041238e-07,5.1568878404631,6.86733047021694,3.47795518270239,3.88168419639447,0.45846239494488,0.470060584665802,"TSS_more_sig"
0.9,"cent vs mage","857",5.66872233230291e-05,2.98544144467612e-06,4.24651481527962,5.52499144248704,2.52800433229532,2.97047192702413,0.333687625497203,0.335850945745713,"TSS_more_sig"
0.9,"cent vs mage","867",0.0251195237954781,0.0124883216335317,1.59998859801432,1.90349592465822,1.28551722175418,1.82544484899416,0.263636243452371,0.265065732742135,"TSS_more_sig"
0.9,"cent vs mage","886",1.27479538486273e-05,6.55323604452211e-07,4.89455951747025,6.18354418867637,3.32920679324281,3.82930857913816,0.528950146294374,0.524892576688014,"TSS_more_sig"
0.9,"cent vs mage","921",4.96881685271216e-08,3.27499710477868e-05,7.30374701076551,4.48478907960478,-3.83283292064119,-3.22946731232459,0.466058350448731,0.471615853025262,"CLR_more_sig"
0.9,"cent vs mage","944",0.00609336795406394,0.00013179072665608,2.2151425957809,3.88011514743382,1.71170099037807,2.20072573440415,0.296590972472471,0.279939969685364,"TSS_more_sig"
0.9,"cent vs mage","947",0.000944432490246517,2.99269238323711e-06,3.02482908079273,5.52393792169257,2.6126953335424,3.06640797514067,0.413120689900599,0.41521477632213,"TSS_more_sig"
0.9,"cent vs mage","978",1.08084564082661e-07,3.27279422539564e-08,6.96623632466271,7.48508129978963,3.39619650370677,3.88216038972117,0.449916960654723,0.442832722862313,"TSS_more_sig"
0.9,"cent vs mage","984",0.00350874668273507,1.4220035830561e-06,2.45484798495117,5.84709930930279,2.74231597166651,3.24978276209682,0.413559700841478,0.416124776075491,"TSS_more_sig"
0.9,"cent vs mage","989",0.00111223960890926,5.60430915181136e-05,2.95380164295411,4.25147791563778,2.39374104309618,2.92940176542938,0.377897360586192,0.379839067380108,"TSS_more_sig"
0.9,"cent vs mage","1017",0.00338108961556391,0.000287679540237884,2.47094331813423,3.54109102402469,2.28126802976922,2.84932362176567,0.382802323473967,0.391531931546897,"TSS_more_sig"
0.9,"cent vs mage","1019",0.000191995163743664,0.0236496346348241,3.71670971080631,1.62617556432598,-2.60012963760558,-2.13935131022967,0.399072961217255,0.392985763813613,"CLR_more_sig"
0.9,"cent vs mage","1021",0.0395371487744373,0.00593126636060621,1.40299465308447,2.22685257228365,1.98501853488196,2.55031477473621,0.514840050847121,0.51792740941442,"TSS_more_sig"
0.9,"cent vs mage","1030",2.66307228905674e-05,0.000250950983847546,4.57461704448395,3.60041109733708,2.50647915255118,3.02629267120756,0.411884231265447,0.406996842336996,"CLR_more_sig"
0.9,"cent vs mage","1033",0.041955381817416,0.00614360336860839,1.37721232223237,2.21157683014858,1.45170802554385,1.96701190097084,0.398818218287111,0.403524801201783,"TSS_more_sig"
0.9,"cent vs mage","1043",5.40892950807096e-07,2.31337286157523e-10,6.26688867846832,9.63575436347922,2.80941539365934,3.43173514859777,0.316508489568701,0.317173067157544,"TSS_more_sig"
0.9,"cent vs mage","1047",0.0180117420594121,0.00250374521680898,1.74444428106154,2.60140986738002,1.48274110966703,2.00457101340573,0.282506830094128,0.297442421684335,"TSS_more_sig"
0.9,"cent vs mage","1074",6.79492548392948e-10,1.17379084051595e-10,9.16781530156514,9.93040928375489,3.32325056038119,3.83323557698492,0.370323194303934,0.374802061870326,"TSS_more_sig"
0.9,"cent vs mage","1076",0.00624010297851598,1.18432763687106e-07,2.20480824322908,6.92652813612542,2.58995002848962,3.11162509483889,0.425397975491514,0.413242851601201,"TSS_more_sig"
0.9,"cent vs mage","1083",0.0203358206717399,0.00238704995890341,1.69173829653127,2.622138491488,1.65772756587432,2.20593034110903,0.374495203621726,0.38822439850094,"TSS_more_sig"
0.9,"cent vs mage","1087",2.10661008632675e-09,4.50102691454871e-10,8.67641584076927,9.34668839012639,3.93857904569866,4.44368145758457,0.496458228649787,0.500814749913217,"TSS_more_sig"
0.9,"cent vs mage","1089",0.00242871734768285,5.88227057948338e-05,2.61462302512257,4.23045500218975,1.65980025747101,2.17796947780905,0.266885838414638,0.263699952284999,"TSS_more_sig"
0.9,"cent vs mage","1090",0.00205897990526118,0.00160166050972651,2.68634789188453,2.79542953218249,1.62606803888319,2.18230379153652,0.313936969568556,0.321237616907006,"TSS_more_sig"
0.9,"cent vs mage","1091",0.00505389593193884,0.000204526942490871,2.29637370516443,3.68924947394324,2.76894750475032,3.34604468999671,0.478248729546562,0.470736019503382,"TSS_more_sig"
0.9,"cent vs mage","1092",0.0117214601186167,0.011290703979771,1.93101828576154,1.94727897880148,1.63587420950852,2.13931269590425,0.343236726590744,0.347978565444608,"TSS_more_sig"
0.9,"cent vs mage","1098",1.92096080449871e-13,4.09121200088766e-15,12.7164814964416,14.3881480153855,4.5225438334898,5.00960309120232,0.436024189175333,0.440634930819893,"TSS_more_sig"
0.9,"eld vs kin","3",8.99086360917067e-13,1.29964367358293e-08,12.0461985905044,7.8861757029308,-4.60460173312102,-3.94675215644683,0.432209296441956,0.447539979745476,"CLR_more_sig"
0.9,"eld vs kin","4",1.40504839812785e-15,4.1377489889038e-21,14.8523087158458,20.3832358587743,2.61902394914045,3.28988614039598,0.227864858049566,0.220324068150863,"TSS_more_sig"
0.9,"eld vs kin","5",0.00011971178259721,0.0278403620202225,3.92186310218242,1.55532512170649,-2.65938088454798,-1.98081291822355,0.384092851943332,0.383101078311208,"CLR_more_sig"
0.9,"eld vs kin","7",3.97314765062399e-28,1.08808193700238e-35,27.4008652953374,34.9633383992627,7.69261756841303,8.35524546587702,0.472051066307446,0.464831489827933,"TSS_more_sig"
0.9,"eld vs kin","8",0.000140841011587461,2.06745132311462e-06,3.85127086428011,5.68456470685478,2.13814637511955,2.79142791365554,0.382274194057304,0.392782769454019,"TSS_more_sig"
0.9,"eld vs kin","11",2.06893647203702e-12,2.35908235857203e-14,11.6842528444079,13.6272568970758,3.31822478317004,4.0014075256075,0.350353970638127,0.355119704384995,"TSS_more_sig"
0.9,"eld vs kin","14",3.1033903513302e-14,2.12607212081031e-18,13.5081635944556,17.6724220073862,2.95443625122866,3.62707827783221,0.279691137497723,0.276432834732564,"TSS_more_sig"
0.9,"eld vs kin","15",2.59093288645035e-07,3.27485659945192e-10,6.58654383650154,9.48480771229212,3.04730253332122,3.72196453006056,0.445154803581448,0.429898870631963,"TSS_more_sig"
0.9,"eld vs kin","16",3.02054416778911e-17,4.37601400291742e-21,16.519914809434,20.3589212969626,3.11181533491079,3.78041480611123,0.262020926290827,0.265986769817803,"TSS_more_sig"
0.9,"eld vs kin","17",0.0438694346609031,0.00242268226426786,1.35783796224954,2.61570354001997,1.92893875241512,2.56575192794171,0.505102002069342,0.521386723872842,"TSS_more_sig"
0.9,"eld vs kin","21",3.76382683676844e-24,5.74689830302527e-29,23.4243703654695,28.2405664880631,4.18583496734546,4.86590189982866,0.295646321390303,0.293855481116238,"TSS_more_sig"
0.9,"eld vs kin","23",5.27919946603818e-09,6.03188507062531e-11,8.27743192857242,10.2195469419507,2.51070297361705,3.17514730960106,0.299918227205321,0.315667808446519,"TSS_more_sig"
0.9,"eld vs kin","25",2.32967008362406e-08,1.84263659761282e-10,7.63270557726001,9.7345603073275,3.13543242243393,3.84588751402068,0.413079734168459,0.428585508388693,"TSS_more_sig"
0.9,"eld vs kin","26",8.14957328639323e-07,8.8642716566226e-10,6.08886513042768,9.0523569429175,2.54516810252655,3.22097315700063,0.36631767116129,0.365421095222982,"TSS_more_sig"
0.9,"eld vs kin","29",7.78878258670532e-10,3.50917394236919e-13,9.10853041873231,12.4547951041873,2.54090733492879,3.2144459207544,0.290290572624535,0.291674650148037,"TSS_more_sig"
0.9,"eld vs kin","31",1.33244284863862e-07,2.9130212019364e-09,6.87535140973342,8.53565635442126,3.6772717360964,4.38678256892785,0.519547365561734,0.542469868947553,"TSS_more_sig"
0.9,"eld vs kin","32",1.71539731549134e-05,7.19429719107506e-08,4.76563527390639,7.14301162576437,1.84909017763999,2.52073527355443,0.277428486743857,0.290813481827017,"TSS_more_sig"
0.9,"eld vs kin","33",3.84174613108042e-05,0.0063503615437256,4.41547133742167,2.19720154841271,-3.06662889149019,-2.39573684156709,0.453073140573604,0.457268304716512,"CLR_more_sig"
0.9,"eld vs kin","36",4.03219702981809e-09,1.47600633374013e-12,8.39445825462004,11.8309117788934,2.21301222577311,2.87840116332176,0.255658414411519,0.262065292140891,"TSS_more_sig"
0.9,"eld vs kin","47",6.15084948164256e-05,2.02544407569291e-06,4.21106490053143,5.69347974357063,2.91996868497199,3.59980646655252,0.532833005582768,0.534826366919002,"TSS_more_sig"
0.9,"eld vs kin","49",9.13688238061013e-05,5.50399829293329e-07,4.03920196573951,6.25932170946909,2.07369146222156,2.75119777215903,0.351910380835003,0.365081798252374,"TSS_more_sig"
0.9,"eld vs kin","55",1.0915182720417e-05,4.84821230212716e-08,4.96196898979409,7.31441837076761,2.56214246385297,3.23431931123047,0.415799629274478,0.404342684828976,"TSS_more_sig"
0.9,"eld vs kin","58",0.000336568012503919,6.28234331870778e-06,3.4729271618396,5.2018783338805,1.93070403231233,2.59675910463193,0.353033620845872,0.367572425318174,"TSS_more_sig"
0.9,"eld vs kin","61",1.06273840402438e-05,2.32496627381187e-08,4.97357362510062,7.63358334264656,2.33721021883966,3.02256698877413,0.366744212196041,0.370906198847792,"TSS_more_sig"
0.9,"eld vs kin","65",8.94192198760128e-05,0.0305196777632567,4.04856912338569,1.51542005611618,-2.52387912044182,-1.84884974479392,0.37295278626209,0.364831811229148,"CLR_more_sig"
0.9,"eld vs kin","67",3.33882695796595e-11,2.0701819994362e-08,10.476406088627,7.68399147199414,-5.29493253364554,-4.59550968162586,0.556978440416792,0.566287267862647,"CLR_more_sig"
0.9,"eld vs kin","70",0.00013613628211078,5.5867596174754e-06,3.86602611417523,5.25284001470568,2.78643433751994,3.34610885317261,0.523659720140219,0.506311090668649,"TSS_more_sig"
0.9,"eld vs kin","71",0.00347611936304618,1.74217828980174e-05,2.45890531915597,4.75890740253448,2.84570276275821,3.40695661823098,0.531695185083241,0.534811822726188,"TSS_more_sig"
0.9,"eld vs kin","74",1.1769170869034e-08,4.94003780677667e-11,7.92925413186234,10.3062697273493,3.89820557065187,4.54148072510239,0.500457950681034,0.494242159175895,"TSS_more_sig"
0.9,"eld vs kin","77",1.32602468251347e-06,4.21225084723651e-09,5.87744839193454,8.37548577368629,2.46357293510103,3.12991524080588,0.360136671669311,0.365403220518704,"TSS_more_sig"
0.9,"eld vs kin","79",2.04163405695726e-06,0.000237431541110595,5.6900220983345,3.62446158858112,-3.64015195824066,-2.94615553053937,0.473005243853312,0.478880607210355,"CLR_more_sig"
0.9,"eld vs kin","80",2.53693212535861e-07,1.36922768590323e-10,6.59569115200434,9.86352432797307,2.61200052250273,3.25085375390584,0.36115121657817,0.345651394384248,"TSS_more_sig"
0.9,"eld vs kin","82",4.96893590237779e-05,0.00325405995110004,4.30373660547286,2.48757445011087,-3.66191464195471,-3.09281485790394,0.589090536775115,0.613135534528574,"CLR_more_sig"
0.9,"eld vs kin","83",2.69175486840708e-05,0.00586676625519047,4.56996449279334,2.23160121468178,-3.24318692184101,-2.60421534091498,0.497613388124972,0.515249685894323,"CLR_more_sig"
0.9,"eld vs kin","84",9.51953549097564e-07,0.000749769950759588,6.02138424264786,3.12507196919695,-3.57128531292504,-3.0035685000992,0.449975817916216,0.486996388068839,"CLR_more_sig"
0.9,"eld vs kin","89",7.75768601116337e-17,4.78429486499345e-22,16.1102678022532,21.3201820618179,5.00265634822488,5.69078872251997,0.445533907713016,0.438423823375121,"TSS_more_sig"
0.9,"eld vs kin","91",3.42504397386392e-07,0.000320031958185355,6.46533384826386,3.49480665114715,-4.16325682911458,-3.46015430751163,0.567332665636557,0.581847826786012,"CLR_more_sig"
0.9,"eld vs kin","100",0.000242995293709025,0.007467638518558,3.61440213766092,2.12681671284336,-3.56775624711217,-2.79301103231497,0.544592707387395,0.56262031065916,"CLR_more_sig"
0.9,"eld vs kin","103",0.000181663923552424,2.15931327341127e-06,3.74073131021388,5.66568434560274,2.43121536245794,3.11928950744502,0.43368700728095,0.453457559551207,"TSS_more_sig"
0.9,"eld vs kin","111",9.32972143659464e-05,0.0328705354079522,4.03013132306549,1.48319322190482,-3.04041867728698,-2.40176775611194,0.439531352938763,0.457702297011371,"CLR_more_sig"
0.9,"eld vs kin","113",0.0207502712147939,0.00137779268943579,1.6829762225028,2.86081612394308,1.77839927248206,2.44294081067376,0.476476045899773,0.487687602903875,"TSS_more_sig"
0.9,"eld vs kin","119",1.46461696038969e-08,6.19406555545752e-11,7.8342759410028,10.2080242025597,2.57992829428576,3.21605480310701,0.309885026462841,0.314043438708157,"TSS_more_sig"
0.9,"eld vs kin","121",2.68028021648214e-13,1.32318242220298e-15,12.5718197992137,14.8783802771317,4.76333242743932,5.3231884932673,0.490109544976869,0.496350044712878,"TSS_more_sig"
0.9,"eld vs kin","124",9.66075109777002e-05,7.18925361530529e-07,4.01498910702798,6.14331619551146,2.67962888819666,3.31453152641573,0.43469432915407,0.416674213100083,"TSS_more_sig"
0.9,"eld vs kin","125",2.41061324475602e-05,1.00065724294316e-05,4.61787246160167,4.99971465677616,3.11955589571954,3.60779291567924,0.519864527388317,0.547560273276388,"TSS_more_sig"
0.9,"eld vs kin","138",1.28492046668739e-12,9.23972657588386e-16,11.8911237532259,15.034340880332,4.01553657380809,4.73959280759099,0.428989352427478,0.434867260588659,"TSS_more_sig"
0.9,"eld vs kin","139",2.67254910059262e-06,0.000670835180373587,5.57307430710308,3.17338416991585,-3.76691524068159,-3.11796691385558,0.532855489338497,0.550692893910286,"CLR_more_sig"
0.9,"eld vs kin","142",0.0134753756195505,0.000218406074929105,1.87045912022475,3.66073528596961,2.28055567922123,2.92247009326687,0.534529088693142,0.529617305998309,"TSS_more_sig"
0.9,"eld vs kin","151",1.82110414125916e-15,1.59417305648991e-21,14.7396652180266,20.7974645352617,5.63215053975693,6.18571415132812,0.505964746963927,0.483786284334213,"TSS_more_sig"
0.9,"eld vs kin","164",1.59081535988291e-07,2.85312704243334e-10,6.79838022439954,9.54467888989239,3.42675114640951,4.03181050059529,0.482649478798204,0.45950387322791,"TSS_more_sig"
0.9,"eld vs kin","169",4.47573767827698e-05,0.0366544836209078,4.34913537527489,1.43587289434559,-3.32382936361752,-2.62233886167379,0.505841589701269,0.53175974233125,"CLR_more_sig"
0.9,"eld vs kin","206",0.000299434184540028,7.97991348702827e-05,3.5236986204605,4.09800181695878,2.85126470687618,3.50333593727352,0.530755681750988,0.544884895331541,"TSS_more_sig"
0.9,"eld vs kin","207",8.18846625522505e-09,4.63575050780952e-10,8.08679743636783,9.33387994544297,3.73187518333986,4.35535099256081,0.458026900802306,0.46664898479295,"TSS_more_sig"
0.9,"eld vs kin","212",0.0451133676219248,0.00437357485263943,1.34569475248487,2.3591634362336,1.65239476619974,2.30990131990749,0.408446883443614,0.411664294707433,"TSS_more_sig"
0.9,"eld vs kin","217",0.0152254727454474,0.00161355412524293,1.81742921379842,2.79221646199228,2.11898818558042,2.70110319228799,0.515367202853048,0.516435111320915,"TSS_more_sig"
0.9,"eld vs kin","222",1.23032865508336e-06,8.53585193035608e-09,5.90997886089925,8.06875312713408,3.43424433660253,4.08454787894194,0.503006938034551,0.512601185637112,"TSS_more_sig"
0.9,"eld vs kin","223",0.000876806810084646,9.30442124223048e-05,3.05709608571794,4.03131063587258,2.64177064356017,3.38443385031243,0.524376243650795,0.528849507870737,"TSS_more_sig"
0.9,"eld vs kin","246",1.18373862617455e-05,1.30478419442939e-08,4.92674418084051,7.88446131278452,3.00767311227202,3.68519017489928,0.486648809343644,0.463288453284649,"TSS_more_sig"
0.9,"eld vs kin","247",0.0162794645668342,0.000643466939688753,1.78835988319948,3.19147376154838,2.28448480696112,3.01857665892047,0.512250603707394,0.505490562985013,"TSS_more_sig"
0.9,"eld vs kin","265",0.000442140066470758,3.13197266543844e-06,3.3544401278023,5.5041820369401,2.85529487707526,3.5336346729389,0.481340793418547,0.464704703298133,"TSS_more_sig"
0.9,"eld vs kin","294",0.000252508426425397,4.55433918157733e-07,3.59772412451962,6.34157462870505,2.67104076305784,3.52649940245369,0.445270003974888,0.450327644837211,"TSS_more_sig"
0.9,"eld vs kin","329",4.64608711678153e-05,4.68181435298018e-08,4.33291265119037,7.32958581128757,2.8804688502738,3.44502123259019,0.432759960293348,0.422646424374141,"TSS_more_sig"
0.9,"eld vs kin","344",4.57431779289998e-07,3.56865258019083e-09,6.33967366681529,8.44749572995138,3.13301847312824,3.83966319588824,0.414277990177954,0.416646183444993,"TSS_more_sig"
0.9,"eld vs kin","390",0.0211274915040065,0.0228527517629232,1.67515206426523,1.641061497848,2.19010855028175,2.55121024232247,0.521349291153498,0.526676995632543,"CLR_more_sig"
0.9,"eld vs kin","435",0.00117452594349337,9.60860471014597e-06,2.93013738587524,5.01733967275592,2.78101059836145,3.60906871781068,0.562245583818217,0.554224237303746,"TSS_more_sig"
0.9,"eld vs kin","499",0.0391764792368017,0.000335039296676258,1.40697459633348,3.47490425168326,1.90042116446744,2.49739435978013,0.465714621823417,0.473168887380894,"TSS_more_sig"
0.9,"eld vs kin","652",0.000193062810909203,3.89562682814128e-06,3.71430137496416,5.40942265195799,2.10022944994449,2.7181684663764,0.361089870598096,0.363140371389725,"TSS_more_sig"
0.9,"eld vs kin","666",2.1034696551253e-08,2.84865781221335e-05,7.67706374877971,4.54535971614939,-3.73084699102097,-2.98087917584424,0.414464060180019,0.414022792596447,"CLR_more_sig"
0.9,"eld vs kin","667",0.00635829685804281,7.65863512794148e-05,2.19665919947877,4.11584862060486,2.66643891515088,3.39995323029203,0.566741894320458,0.568973195027084,"TSS_more_sig"
0.9,"eld vs kin","670",0.00375079717416335,3.17226752412466e-05,2.42587641985974,4.49863019482482,2.25148302428726,2.89084283910779,0.440785960642974,0.42054053382191,"TSS_more_sig"
0.9,"eld vs kin","728",5.3851445251412e-13,7.29698048124926e-20,12.2688026367246,19.1368568154435,4.23918636054709,4.91436221562108,0.388686535273509,0.379236315075603,"TSS_more_sig"
0.9,"eld vs kin","744",1.76215077939788e-05,0.00284117846346788,4.75395693368851,2.54650148600072,-3.50883754702497,-2.88401732777728,0.520886314766697,0.522732283035689,"CLR_more_sig"
0.9,"eld vs kin","786",3.35225248250403e-05,0.00163847849921218,4.47466327893531,2.78555925323478,-3.63257916483551,-3.0129017323586,0.493897140296921,0.513688169637849,"CLR_more_sig"
0.9,"eld vs kin","809",0.0104292371730893,0.000129875039283498,1.98174745606374,3.88647430807304,1.84578985052953,2.50916697558862,0.394169440138263,0.370975068467332,"TSS_more_sig"
0.9,"eld vs kin","825",0.00194614654555565,2.58743676607251e-05,2.71082446030102,4.58713025505439,2.29127039364408,2.98715168383738,0.457552621402626,0.467917641875394,"TSS_more_sig"
0.9,"eld vs kin","849",0.00069753905276055,0.0436713584316053,3.15643147275168,1.35980329880056,-2.64725964044466,-1.97754713055518,0.39829371223809,0.434688174209341,"CLR_more_sig"
0.9,"eld vs kin","853",0.0114501210810044,0.000197465066057962,1.94118992078837,3.70450972515246,1.63387373319252,2.33658110246928,0.378018344671727,0.386254752186195,"TSS_more_sig"
0.9,"eld vs kin","854",4.13568742627639e-07,4.90343294439839e-11,6.38345229248983,10.3094997594028,3.40757832051168,4.09315410677901,0.461838566979464,0.45829611029511,"TSS_more_sig"
0.9,"eld vs kin","857",0.0098683329924816,2.63998778176291e-05,2.00575620430215,4.57839808310185,1.87827715557842,2.55995197360215,0.404260155660711,0.413352957911268,"TSS_more_sig"
0.9,"eld vs kin","886",9.73124392996251e-13,8.51898955294701e-14,12.0118316409867,13.0696119143417,4.75846181040986,5.36882370305735,0.516486038422012,0.527349730883187,"TSS_more_sig"
0.9,"eld vs kin","888",4.86124636333031e-06,2.09588715856456e-08,5.3132523687375,7.67863210323982,2.95267708398463,3.61084212218022,0.448866665220984,0.446874241664553,"TSS_more_sig"
0.9,"eld vs kin","890",0.0267507708443846,0.000727898257718284,1.57266369892727,3.13792932013675,1.77031696367567,2.36082600211506,0.41281961101304,0.40186025943045,"TSS_more_sig"
0.9,"eld vs kin","891",0.000108453670680167,0.0406517111441336,3.96475574444127,1.39092116901667,-3.27521350664634,-2.5126306182389,0.555892769706114,0.575075787222023,"CLR_more_sig"
0.9,"eld vs kin","895",0.000754103688514913,0.0366062079801538,3.12256893496068,1.43644525714933,-3.00239100570645,-2.39486417146982,0.494618058704755,0.50703451168708,"CLR_more_sig"
0.9,"eld vs kin","922",0.00756786754208897,4.37767882375321e-05,2.12102647785405,4.35875610439174,2.51444211261941,2.98750794449522,0.463200064782463,0.469281303759077,"TSS_more_sig"
0.9,"eld vs kin","926",0.00146630473821812,4.57889339981894e-06,2.83377576204617,5.33923946706617,2.27255514278192,2.98047090404882,0.424526765409082,0.427837423133425,"TSS_more_sig"
0.9,"eld vs kin","929",0.00872037629877661,7.99113384498593e-06,2.05946477413209,5.09739159519356,2.18922959860151,2.9576007235081,0.467388374976457,0.457427210277104,"TSS_more_sig"
0.9,"eld vs kin","944",1.54876939205386e-06,1.81651237021021e-09,5.81001324280522,8.74076164030292,2.11376980074938,2.79143459473791,0.295553086886085,0.29550520145426,"TSS_more_sig"
0.9,"eld vs kin","947",8.28721531878763e-12,1.8503321992179e-15,11.0815913771517,14.7327502935778,4.32199660551224,5.11815672092397,0.42077958814278,0.450723641827036,"TSS_more_sig"
0.9,"eld vs kin","977",0.00482157330855843,0.00011425762738735,2.31681122571674,3.94211479850827,2.36281207023407,3.05701019780729,0.514142506149797,0.508272449635735,"TSS_more_sig"
0.9,"eld vs kin","978",8.93361633879958e-25,1.53794113003312e-28,24.0489727025828,27.8130602883259,6.15964087844717,6.80540270442913,0.413392937831836,0.409422198751279,"TSS_more_sig"
0.9,"eld vs kin","984",8.44203197238818e-19,1.62941628448583e-21,18.0735530073812,20.7879679476381,5.04358366229452,5.68862593919136,0.425516691764517,0.412033360901326,"TSS_more_sig"
0.9,"eld vs kin","988",1.10707247632035e-05,3.0067392827217e-08,4.95582394638807,7.52190422836247,3.29508516655124,3.96262139671841,0.533335026936452,0.526057050041003,"TSS_more_sig"
0.9,"eld vs kin","991",4.03093322196553e-05,0.00445625941433734,4.39459439648156,2.35102953530831,-3.56128822713854,-2.86189839299067,0.556335874799289,0.567009318918498,"CLR_more_sig"
0.9,"eld vs kin","1014",1.84872655355411e-06,7.47163147984093e-05,5.73312732089317,4.12658455677508,-4.13065076991032,-3.50049870073193,0.503077903476144,0.518838279208085,"CLR_more_sig"
0.9,"eld vs kin","1019",0.00142695056965182,0.000102825211693365,2.84559107082317,3.98790038770582,2.11331876793867,2.77993062851512,0.431954361326047,0.43207878742097,"TSS_more_sig"
0.9,"eld vs kin","1020",4.71535174672573e-05,3.37340176915051e-07,4.32648590505514,6.47193193164386,2.49140228792455,3.12152731330857,0.424187318979577,0.428481830315643,"TSS_more_sig"
0.9,"eld vs kin","1021",5.64901149498115e-06,0.0017198398447744,5.24802754153172,2.76451199365592,-3.74932453339184,-3.0100948632792,0.545107534438964,0.558512050209456,"CLR_more_sig"
0.9,"eld vs kin","1023",0.0301076540359665,0.00039051317340989,1.52132308304344,3.40836431122913,1.95538192077759,2.79928474113391,0.464686599535477,0.471714458116114,"TSS_more_sig"
0.9,"eld vs kin","1027",0.00185442393490102,7.82218573816289e-05,2.73179097594025,4.10667187591885,2.6167481507505,3.27531604049457,0.511905446041911,0.507397443632078,"TSS_more_sig"
0.9,"eld vs kin","1030",3.65846181602186e-13,2.23553208752273e-14,12.4367014734111,13.6506190921417,4.32267244186582,4.92482633855609,0.433106768605509,0.425971461806348,"TSS_more_sig"
0.9,"eld vs kin","1033",0.010414848556912,0.00046792156634738,1.98234704077871,3.32982693786014,2.04498108120226,2.61535607176564,0.466019118277813,0.455789869904021,"TSS_more_sig"
0.9,"eld vs kin","1043",0.000137885989655687,4.78693204598685e-07,3.86047985945387,6.31994273760316,2.48147990564261,3.14597395381059,0.416347693489587,0.41096885504675,"TSS_more_sig"
0.9,"eld vs kin","1059",0.00288070385560399,3.82590427172382e-05,2.54050138610964,4.41726590069195,2.86544470360558,3.41984177384401,0.587384645648695,0.582758786115112,"TSS_more_sig"
0.9,"eld vs kin","1074",3.59474744071171e-20,9.28348856525923e-24,19.4443316168133,23.0322887931842,5.10316809012289,5.80959459357082,0.392315732665106,0.39038507462514,"TSS_more_sig"
0.9,"eld vs kin","1076",2.58595964354854e-13,8.60056750315546e-14,12.5873782569966,13.0654728911567,4.67545810052193,5.2825485835711,0.42900706884756,0.433250659904089,"TSS_more_sig"
0.9,"eld vs kin","1080",0.0150637289697097,0.00112264632052399,1.82206750685347,2.94975704270342,1.88896709795932,2.61732105749506,0.485803017729021,0.50441094732291,"TSS_more_sig"
0.9,"eld vs kin","1082",9.61310479913538e-05,1.01669944144966e-06,4.01713632311619,5.99280741503389,3.05262106828282,3.80568756639887,0.488107387653474,0.500278942342903,"TSS_more_sig"
0.9,"eld vs kin","1089",2.03729491039245e-15,2.9038766533313e-18,14.6909460997747,17.5370218349125,3.11231373182546,3.78272039853636,0.282585170526226,0.28974304631793,"TSS_more_sig"
0.9,"eld vs kin","1098",1.65442802838534e-27,1.8507340520084e-29,26.781352120952,28.7326559842959,7.11581454909902,7.77797261661905,0.456454736455773,0.451221961921554,"TSS_more_sig"
0.9,"eld vs kin","1105",7.30635465103861e-09,9.90176187652436e-06,8.1362992509236,5.00428752205169,-4.47981417530292,-3.85087556730845,0.492214801498589,0.505326814647298,"CLR_more_sig"
0.9,"eld vs kin","1108",4.85339682409761e-05,2.35004929482073e-07,4.31395419838793,6.62892302783716,2.65066562535868,3.31776098721836,0.436845356657082,0.436217886577344,"TSS_more_sig"
0.9,"eld vs kin","1112",9.64713319559893e-05,0.00169607403790312,4.01560172523708,2.77055519361765,-3.49223916504087,-2.86765537572816,0.525479703606914,0.53789838388884,"CLR_more_sig"
1,"cent vs mage","4",6.53923205176375e-14,7.17394347749057e-21,13.1844732509516,20.1442420493928,2.18242694804255,2.99958083683088,0.199753955334893,0.182734797426844,"TSS_more_sig"
1,"cent vs mage","7",2.23681004119846e-14,2.39880781730042e-17,13.6503708963514,16.6200045445412,4.1449168652292,4.95866918849969,0.419573889787027,0.415894046109067,"TSS_more_sig"
1,"cent vs mage","8",2.54808308485032e-07,1.8920012898111e-09,6.59378641514998,8.72307857186781,2.25265119551501,3.07130215704191,0.309506222327667,0.313578758951056,"TSS_more_sig"
1,"cent vs mage","9",1.3750601570561e-07,3.23537873431231e-10,6.86167830161116,9.49007487338959,1.99677076343564,2.81964514038805,0.262862584733645,0.271314571411991,"TSS_more_sig"
1,"cent vs mage","10",0.00101013223219104,1.51041282417073e-05,2.99562177081941,4.82090433564999,1.97369137609032,2.78322061606434,0.40218901510832,0.411426321546081,"TSS_more_sig"
1,"cent vs mage","11",3.452671020085e-07,1.50167186734857e-10,6.46184480044239,9.82342495532675,2.1952915933253,3.01558547483771,0.311100558739225,0.297145902906556,"TSS_more_sig"
1,"cent vs mage","14",1.06425762659266e-13,2.2692950411749e-17,12.9729532289354,16.6441090358805,2.68108325934229,3.49675297476038,0.263737794690053,0.259691170705916,"TSS_more_sig"
1,"cent vs mage","16",2.46753732568554e-05,1.03307579459301e-07,4.60773626916829,6.98586781404094,1.54827974425311,2.35961514944603,0.229953404587318,0.229073905889439,"TSS_more_sig"
1,"cent vs mage","19",5.53120961290383e-08,1.1624929167805e-09,7.25717988302378,8.93460968464232,2.47935866648285,3.30370257976326,0.333876205233169,0.343931522730105,"TSS_more_sig"
1,"cent vs mage","20",2.44975651740004e-13,1.99524723251177e-16,12.6108770782495,15.700003282903,2.65639248087756,3.47443102692917,0.264800876895689,0.268576395463517,"TSS_more_sig"
1,"cent vs mage","21",6.90279712772131e-15,9.76510872764571e-19,14.1609748902805,18.0103229167844,2.83623459924893,3.65714757605349,0.264020127098159,0.261591974423911,"TSS_more_sig"
1,"cent vs mage","23",1.5447147999334e-08,5.42250160503993e-11,7.81115169245186,10.2658003107642,2.114884529285,2.93530648962744,0.261822852662025,0.26691490524105,"TSS_more_sig"
1,"cent vs mage","24",3.85439880665137e-13,5.43468454432802e-16,12.4140433518063,15.264825659422,4.47833890972921,5.29279120295899,0.480650295592845,0.48996207847059,"TSS_more_sig"
1,"cent vs mage","26",2.19591394135425e-10,1.33927721894489e-12,9.65838468404313,11.8731295184347,3.05312229681134,3.88663555804479,0.373343556313092,0.374452027796567,"TSS_more_sig"
1,"cent vs mage","27",0.010209093746667,0.000382261852993649,1.99101280818636,3.41763903931021,1.46907951711899,2.28872839339794,0.335710244116348,0.352002664551768,"TSS_more_sig"
1,"cent vs mage","28",0.00145664064355286,5.02169883145534e-05,2.83664757641904,4.29914933697537,2.18862552237061,2.99645216824901,0.456562844399049,0.460842858084661,"TSS_more_sig"
1,"cent vs mage","30",5.51738079268417e-06,7.63176893839766e-09,5.25826704133599,8.11737478692791,1.66957274251257,2.48685412156701,0.237371483315448,0.239405094443748,"TSS_more_sig"
1,"cent vs mage","32",7.78764497080642e-11,2.33377624114983e-14,10.1085938556541,13.6319407857767,2.12034269875606,2.93305124138349,0.225398560003494,0.228480757174215,"TSS_more_sig"
1,"cent vs mage","36",6.99250303463404e-08,1.11081079363738e-11,7.15536733647956,10.9543599089052,1.71226564476254,2.53155259771246,0.204814005852106,0.203139018917829,"TSS_more_sig"
1,"cent vs mage","37",0.000173672605689568,1.23222525321492e-06,3.76026867974583,5.90930989502361,1.8775734850308,2.70037147233851,0.339332676073455,0.335470384090336,"TSS_more_sig"
1,"cent vs mage","39",8.36236226620517e-11,2.49526575741507e-13,10.0776710222907,12.6028831931939,3.56715845043747,4.37980894528569,0.423182830828189,0.415891161898084,"TSS_more_sig"
1,"cent vs mage","42",8.97505608306302e-11,1.74488557256494e-12,10.0469628289347,11.7582330482653,3.43892812612954,4.22250127229147,0.412163767256644,0.408992471982785,"TSS_more_sig"
1,"cent vs mage","44",4.98238094478223e-05,6.7740954714229e-07,4.30256307007692,6.16914868687356,1.77052141651187,2.58951099746975,0.292282776344381,0.300138644449504,"TSS_more_sig"
1,"cent vs mage","47",0.000751546084864696,2.27273063296233e-05,3.12404438328894,4.64345203438078,2.5068075799484,3.33098862860898,0.498064487136377,0.49204606631073,"TSS_more_sig"
1,"cent vs mage","50",0.00388980678834407,3.04259516419038e-05,2.41007197009844,4.51675582932258,1.25222909466005,2.07406842819465,0.243747593825026,0.248601630822596,"TSS_more_sig"
1,"cent vs mage","52",0.000148339424960565,1.91154473555318e-06,3.82874340886836,5.71861553380684,1.75660075239765,2.56212989477487,0.301866109831701,0.304454500479011,"TSS_more_sig"
1,"cent vs mage","54",0.00430510454988451,0.000246136507905463,2.36601629719834,3.60882396530581,1.81597466363328,2.54017745278713,0.41957834377106,0.429836089431425,"TSS_more_sig"
1,"cent vs mage","55",8.11042267778608e-07,5.14175460422069e-09,6.09095651177569,8.28888865437071,2.46235798692438,3.27635723955297,0.369474455900529,0.355147208790267,"TSS_more_sig"
1,"cent vs mage","56",2.39335569240299e-08,1.54088880173404e-10,7.62099275321752,9.81222870101927,2.94477403352319,3.79899750262637,0.369291908808422,0.376700972100125,"TSS_more_sig"
1,"cent vs mage","61",1.32112361901471e-05,8.58601975287118e-09,4.87905654306368,8.06620811672391,1.85957028996105,2.67506390727384,0.283645604142243,0.281289647855038,"TSS_more_sig"
1,"cent vs mage","62",0.0298428895522081,0.000851164094762177,1.52515912839028,3.06998670480413,1.17314345182553,1.99282036920476,0.285177390866449,0.298584031978398,"TSS_more_sig"
1,"cent vs mage","69",2.80581815626811e-07,3.76470233530324e-09,6.55194047881315,8.42426935658036,2.66714042137012,3.49262722084992,0.393326475333934,0.391683387038587,"TSS_more_sig"
1,"cent vs mage","76",0.0181184455541157,0.000143559853767825,1.7418790647292,3.84296699271731,1.97386734951644,2.9061070438974,0.529208955668208,0.523287856986601,"TSS_more_sig"
1,"cent vs mage","81",0.00950748257187264,8.51849812100955e-05,2.02193446201909,4.06963696805651,1.32906709737944,2.13323801410041,0.295064732905266,0.291253534932284,"TSS_more_sig"
1,"cent vs mage","90",3.60563579954917e-09,7.73389089942941e-12,8.44301814290317,11.1116019587318,2.3260253971216,3.14801567772362,0.28807810710626,0.280503815629092,"TSS_more_sig"
1,"cent vs mage","92",1.16666548705671e-07,8.23124998817876e-12,6.93305364948226,11.0845342083178,1.91081015294456,2.72963212280747,0.245654754337779,0.239938055799894,"TSS_more_sig"
1,"cent vs mage","95",0.000142754680692377,5.38860571316611e-06,3.84540964304327,5.26852359277451,2.07253120310688,2.86241136704156,0.369261126438816,0.371230028901341,"TSS_more_sig"
1,"cent vs mage","99",0.0302448935707395,0.000975009039488724,1.51934793940004,3.01099135785852,1.35343385935393,2.18394789606037,0.351463499754586,0.365188037124263,"TSS_more_sig"
1,"cent vs mage","106",1.09296785584544e-09,1.51777362055174e-12,8.96139261045124,11.8187929996374,2.74242658044768,3.55229430861448,0.329056982821474,0.337733684910104,"TSS_more_sig"
1,"cent vs mage","114",2.85834644096893e-09,0.039042321382979,8.54388513443841,1.40846436790479,-3.73251003444525,-2.85472669734692,0.474782993064812,0.483875837461949,"CLR_more_sig"
1,"cent vs mage","117",0.0409007601890861,0.0035422271997621,1.38826862004016,2.45072358644394,1.44613969437482,2.16918955169325,0.374821683235715,0.377481721084046,"TSS_more_sig"
1,"cent vs mage","118",0.0499450151078697,0.000854004126005938,1.3015078511653,3.06854003107062,1.36667523489032,2.16628717988292,0.364231614860625,0.366039315201762,"TSS_more_sig"
1,"cent vs mage","119",5.73480149950743e-07,3.51091201737494e-10,6.2414816098744,9.45458005371532,1.83741999824598,2.66465888913297,0.25013529780312,0.239842846176143,"TSS_more_sig"
1,"cent vs mage","120",0.000833009961729226,3.12556966075127e-05,3.07934980495796,4.5050708173682,2.31639999779807,3.04040455187727,0.480062898680853,0.506008536329252,"TSS_more_sig"
1,"cent vs mage","132",3.93578929863692e-11,0.0313837590577247,10.4049681594502,1.50329503907118,-4.41161337575742,-3.55624195607444,0.486168474597775,0.50083735775876,"CLR_more_sig"
1,"cent vs mage","141",0.0081439228843207,0.00041821638587425,2.08916634736888,3.37859895536494,2.36671279062855,3.12309295486109,0.552821067782349,0.559915859351426,"TSS_more_sig"
1,"cent vs mage","142",4.42356017406544e-06,4.95671160798232e-09,5.35422806060755,8.30480634853592,3.62597048607946,4.41767065196263,0.532336015222195,0.533749861823887,"TSS_more_sig"
1,"cent vs mage","143",1.68417458732391e-09,0.0319234945122023,8.77361289004465,1.49588957458013,-3.85705693634856,-3.04267672515368,0.455447320157922,0.453540608114665,"CLR_more_sig"
1,"cent vs mage","149",0.0350849396022951,0.00100777659341501,1.45487926675986,2.99663573277202,2.08770246751562,2.90616458726285,0.549554110980387,0.556560408572584,"TSS_more_sig"
1,"cent vs mage","155",0.00294068752781488,5.58200704100247e-05,2.53155112039445,4.25320962003897,2.58853958702878,3.45936834140935,0.480647989709411,0.4648435582648,"TSS_more_sig"
1,"cent vs mage","168",6.15005173371754e-07,7.82512653038321e-12,6.21112123096059,11.1065086312891,3.46988169857533,4.36370508957857,0.446794444129848,0.440206717723399,"TSS_more_sig"
1,"cent vs mage","180",0.023423285424938,0.00668152758578491,1.63035218945794,2.1751242341962,1.31688622217728,2.09932977328493,0.31481711147446,0.3383997455194,"TSS_more_sig"
1,"cent vs mage","184",0.00518739945983991,0.00035032568493297,2.28505030752513,3.45552802021663,2.4015628918032,3.26243670525473,0.534762081724933,0.554442964695673,"TSS_more_sig"
1,"cent vs mage","208",0.0145274912064473,5.04416479717989e-05,1.83780937876942,4.29721073309485,1.74568669628387,2.63766564805972,0.403265863573346,0.402713274112329,"TSS_more_sig"
1,"cent vs mage","210",3.09434884151102e-09,0.0350458841448164,8.50943072767502,1.45536297907118,-4.37416680617275,-3.53524005482922,0.476655753206586,0.469826848119022,"CLR_more_sig"
1,"cent vs mage","212",0.00060067688195795,9.72932106545376e-06,3.22135908227155,5.01191746474857,2.29835928449657,3.14878112582239,0.377291792302577,0.379774002475578,"TSS_more_sig"
1,"cent vs mage","219",1.83746239350566e-08,0.0332357017933616,7.73578154065743,1.47839514638385,-3.94394592378784,-3.02438510303785,0.463362566402802,0.455272504788913,"CLR_more_sig"
1,"cent vs mage","266",0.025059178718384,0.0154963162754276,1.60103316653894,1.80977152837108,1.84822631970079,2.55140472500974,0.463136938680639,0.476403473203271,"TSS_more_sig"
1,"cent vs mage","294",1.4276121800543e-05,5.54110361998944e-08,4.8453897554013,7.2564037283514,2.84665109862521,3.81286697775361,0.393900007158373,0.3841925682184,"TSS_more_sig"
1,"cent vs mage","329",0.0439665293691135,0.00104605327407859,1.35687781537488,2.98044619687487,1.56517249661835,2.35193000710941,0.386498003948594,0.385714541308795,"TSS_more_sig"
1,"cent vs mage","344",0.0207810988846761,0.000253247641168613,1.68233149109391,3.59645459110974,1.45293187790874,2.32013717202329,0.343485599101946,0.350490275466874,"TSS_more_sig"
1,"cent vs mage","392",0.0388111058210101,0.0317539579921077,1.41104398299766,1.49820213408859,1.61756024217167,2.41434547204965,0.413726794980311,0.402422620659374,"TSS_more_sig"
1,"cent vs mage","435",0.0127710993844692,0.000212369118128401,1.89377171541809,3.67290863637365,2.04299136520429,2.86006586911339,0.442138834373735,0.438681633132122,"TSS_more_sig"
1,"cent vs mage","652",1.81344609344972e-09,1.87821689509859e-09,8.74149534974182,8.72625425716821,2.33492319115877,3.15914148204509,0.298396800387515,0.309258154523741,"CLR_more_sig"
1,"cent vs mage","671",3.93453226597984e-07,2.79528083180738e-10,6.40510688881386,9.55357455358169,2.5055521095133,3.35562214282887,0.351494376692179,0.361487928085745,"TSS_more_sig"
1,"cent vs mage","728",2.6928699008656e-09,2.20662576135968e-12,8.56978462791081,11.6562713159357,2.48820396866834,3.29664582466672,0.305501925126937,0.302357076138934,"TSS_more_sig"
1,"cent vs mage","755",0.0151232290926802,0.0010612725293853,1.82035546892707,2.97417307716367,1.49898958008082,2.23529908087572,0.334427689928491,0.347609518990513,"TSS_more_sig"
1,"cent vs mage","762",1.34492359772035e-06,2.54449902843203e-07,5.87130238631653,6.59439771061764,2.52794155474993,3.37679985978084,0.379793279944438,0.384283062632845,"TSS_more_sig"
1,"cent vs mage","788",0.000519069372370286,4.98387341105593e-05,3.28477459586204,4.30243299716311,2.58368312969002,3.40205718292815,0.514984587701541,0.545154428517896,"TSS_more_sig"
1,"cent vs mage","798",0.000197275608174368,5.20299622414702e-05,3.70492660907189,4.28374648927458,2.22157052806165,3.01304476875268,0.400780686991221,0.440108295203652,"TSS_more_sig"
1,"cent vs mage","814",0.022679515492503,0.000360892028710899,1.64436622760894,3.44262271041792,2.11922178447344,3.08898562083918,0.458901498139292,0.473378556334215,"TSS_more_sig"
1,"cent vs mage","825",0.00896911926795548,1.65930243123933e-06,2.04725020086295,5.78007445047473,1.82705387335904,2.71994475845436,0.364039052805006,0.367552165273866,"TSS_more_sig"
1,"cent vs mage","829",9.19070105449573e-07,1.53292269959267e-07,6.03665135994287,6.81447974468038,2.56435406786424,3.38628110468777,0.382810553311782,0.393567839359933,"TSS_more_sig"
1,"cent vs mage","834",0.000437302757681609,1.37690972932091e-05,3.35921778393543,4.86109453130654,2.19848994732836,2.99833377146254,0.406478477723679,0.392055671971953,"TSS_more_sig"
1,"cent vs mage","836",0.00506411639177017,0.000599577305236274,2.29549632121293,3.22215481411126,1.4113912318498,2.22834817973117,0.289710159381389,0.305776027767663,"TSS_more_sig"
1,"cent vs mage","840",0.0481926813700173,0.0185432060043904,1.31701890951937,1.73181517689894,1.85164019438428,2.51481098595354,0.477895176134632,0.486968541279206,"TSS_more_sig"
1,"cent vs mage","848",2.13400841821814e-07,1.02817190222887e-09,6.67080387170702,8.9879342686597,2.36435150523976,3.1523578871011,0.321141532125428,0.345453229214139,"TSS_more_sig"
1,"cent vs mage","854",2.63720729369001e-08,1.9387074814244e-09,7.57885573180406,8.71248771376132,3.4005485255128,4.17666814455071,0.461950228885585,0.464772496357018,"TSS_more_sig"
1,"cent vs mage","857",3.61637481286561e-06,1.4872126205162e-08,5.44172656416916,7.82762693778882,2.4832440120111,3.30726014176244,0.330648177842156,0.350358237260671,"TSS_more_sig"
1,"cent vs mage","867",0.0130052143445974,2.09961733177921e-05,1.88588248561276,4.67785985090437,1.24834861918289,2.05689390417313,0.261745311231308,0.265089107916031,"TSS_more_sig"
1,"cent vs mage","886",4.6709789441813e-06,4.51518731570189e-06,5.33059209041859,5.34532422796659,3.33357663265878,4.0691462738758,0.526847969764636,0.528733468917398,"TSS_more_sig"
1,"cent vs mage","921",1.51367605185036e-08,0.0332198759494696,7.81996706007204,1.47860199363542,-3.78626083778736,-3.02300337659264,0.456798236673814,0.480417264162016,"CLR_more_sig"
1,"cent vs mage","944",0.000202533801869321,6.44982794567283e-07,3.69350248484314,6.19045187036342,1.67889855956878,2.47750101067323,0.298389840982252,0.281778940718029,"TSS_more_sig"
1,"cent vs mage","947",0.000160789374349219,1.33221277143449e-06,3.79374265467946,5.87542640723753,2.57349839149344,3.33362322092907,0.418908758046541,0.427779234968159,"TSS_more_sig"
1,"cent vs mage","978",3.75502901206036e-06,9.89448184778317e-10,5.425386703206,9.00460694390737,3.31661968291266,4.13216298827471,0.457942844780329,0.441931871897874,"TSS_more_sig"
1,"cent vs mage","979",0.0443113653037469,0.00242692660428901,1.35348486845748,2.61494335750995,1.47885874613313,2.28784661862936,0.36256852501027,0.383956601225359,"TSS_more_sig"
1,"cent vs mage","984",7.33217522529005e-05,5.39058457814314e-08,4.13476716475903,7.26836413550056,2.63890673632794,3.51477024573378,0.416950490385482,0.426230604851088,"TSS_more_sig"
1,"cent vs mage","989",5.90538449174373e-05,2.2603008654276e-05,4.2287518207928,4.64583374868519,2.38485999065438,3.26310632016126,0.375131165515777,0.382265678362168,"TSS_more_sig"
1,"cent vs mage","1017",0.00019553373902814,6.23134410432916e-05,3.70877829499688,4.20541826567911,2.22978865713029,3.10752290254808,0.389145825405699,0.402333683719878,"TSS_more_sig"
1,"cent vs mage","1021",0.0142720734589475,0.00174033828800367,1.84551292763069,2.75936632508896,1.99762304519848,2.82857180496211,0.519371816600653,0.520916710190944,"TSS_more_sig"
1,"cent vs mage","1022",0.0180447388239877,0.00620432228243633,1.74364939945218,2.20730565092155,1.53796955583845,2.34735547485704,0.358853192355947,0.36995360600363,"TSS_more_sig"
1,"cent vs mage","1030",5.16366260656101e-05,1.02276128834927e-05,4.28704214225685,4.99022571843849,2.48317378840875,3.25725162981607,0.403038715115892,0.416015934696874,"TSS_more_sig"
1,"cent vs mage","1043",1.41728560259732e-09,1.19483100252964e-11,8.84854262460522,10.9226935171921,2.8279279002392,3.6478247766888,0.312400658332886,0.321116302330409,"TSS_more_sig"
1,"cent vs mage","1047",0.00150573772788432,3.84760137097194e-05,2.82225066774486,4.41480992919011,1.46092865110108,2.28031295797558,0.282188041806341,0.297870784100918,"TSS_more_sig"
1,"cent vs mage","1074",2.21423018485364e-10,1.9936712592599e-12,9.65477723313418,11.7003464518717,3.30974562691487,4.11328324402249,0.375392839457438,0.376518071877517,"TSS_more_sig"
1,"cent vs mage","1076",0.000450216908768203,1.76049566573034e-07,3.34657819825858,6.75436503980806,2.569938984099,3.32862787010011,0.428762420906221,0.419073666917023,"TSS_more_sig"
1,"cent vs mage","1083",0.025272463140426,0.000146716010245924,1.59735242819628,3.83352249159594,1.62199439394052,2.3881374488944,0.383189329743205,0.390655157252958,"TSS_more_sig"
1,"cent vs mage","1087",5.55389686109559e-09,6.31242444452923e-12,8.2554021895971,11.1998038070547,3.89416531485058,4.69302328213833,0.488342539448851,0.493003261056302,"TSS_more_sig"
1,"cent vs mage","1089",7.28731861288525e-05,2.25048445630478e-07,4.137432242031,6.64772398230976,1.63628217729812,2.44715272132636,0.267363387328058,0.261352953836028,"TSS_more_sig"
1,"cent vs mage","1090",0.00577493382456089,0.0018588594659184,2.2384529880233,2.73075344265587,1.58235812217111,2.45158568366496,0.316844163981658,0.335214474951121,"TSS_more_sig"
1,"cent vs mage","1091",0.000151901298564427,1.42880460030407e-07,3.81843851345153,6.84502716016084,2.6703067122693,3.53118792884566,0.479049096653873,0.476928219034519,"TSS_more_sig"
1,"cent vs mage","1092",0.00795798166439252,0.000174721215569868,2.09919706582576,3.7576543574927,1.53798005687681,2.38216009234034,0.334293444760408,0.351144171966597,"TSS_more_sig"
1,"cent vs mage","1098",2.83445242465969e-15,6.17466504389446e-18,14.5475308281001,17.2093865965353,4.50247835108938,5.31960375016847,0.439106267870888,0.438518641201699,"TSS_more_sig"
1,"eld vs kin","3",2.6972590827512e-12,2.50476904104652e-06,11.5690773357847,5.60123231323917,-4.71322673201175,-3.75778654715448,0.431674121290626,0.446304068266239,"CLR_more_sig"
1,"eld vs kin","4",3.32713378713379e-11,4.64590985073999e-21,10.4779297353964,20.3329292215065,2.51064010007377,3.45966507042971,0.227994450725508,0.220246298289228,"TSS_more_sig"
1,"eld vs kin","7",1.11470812427725e-28,1.46474824122116e-31,27.9528388336112,30.834237014794,7.56945352340812,8.5078993463136,0.467398838440394,0.464348335917046,"TSS_more_sig"
1,"eld vs kin","8",0.00164087233245592,1.67179046186744e-06,2.78492520777494,5.77681815689546,2.02628730156238,2.9641816988449,0.381151892383854,0.395246064723867,"TSS_more_sig"
1,"eld vs kin","11",3.881228597475e-10,1.07602299638793e-15,9.41103077733258,14.9681784469804,3.20223967451113,4.15058349768044,0.346777929424465,0.347674536607996,"TSS_more_sig"
1,"eld vs kin","14",9.01416678902242e-11,1.58376835768365e-18,10.045074410445,17.8003083381104,2.83623861320775,3.78744129143512,0.280067547294368,0.276531297658281,"TSS_more_sig"
1,"eld vs kin","15",1.11267570738277e-05,4.37977965893328e-10,4.95363139363123,9.35854773774167,2.93809698825306,3.90203020872484,0.443426885662046,0.430896009636091,"TSS_more_sig"
1,"eld vs kin","16",1.64380194216471e-13,9.99466022797487e-21,12.784150510766,20.0002319652901,3.00374613966444,3.96048841268162,0.262544615008357,0.267702535082255,"TSS_more_sig"
1,"eld vs kin","21",1.68673255773905e-20,2.24608224861731e-27,19.7729537721268,26.648574344483,4.07477186420432,5.02554581372585,0.295779405213661,0.294011292648994,"TSS_more_sig"
1,"eld vs kin","23",7.26476395534737e-07,6.11189151978009e-12,6.13877849211001,11.213824362675,2.4131450863984,3.33957142476808,0.303982257054808,0.310320847010505,"TSS_more_sig"
1,"eld vs kin","25",5.34412945238601e-07,1.56858781322994e-10,6.27212303036485,9.80449116346054,3.0663314234678,3.98216643906733,0.420623099422518,0.420913490654346,"TSS_more_sig"
1,"eld vs kin","26",2.30837985341628e-05,8.84581850122202e-10,4.63669272468928,9.05326197574263,2.43154447014522,3.37018208779199,0.364911403915268,0.362422688752771,"TSS_more_sig"
1,"eld vs kin","29",3.2430432900735e-07,5.28826080037657e-13,6.48904725406691,12.2766871349575,2.42063674001578,3.37090843655114,0.289276531869738,0.292645991940192,"TSS_more_sig"
1,"eld vs kin","31",9.76552175616124e-07,1.15117313874032e-09,6.01030454809878,8.9388593526998,3.59612722917934,4.53245897503414,0.526515839959922,0.537803334126259,"TSS_more_sig"
1,"eld vs kin","32",0.000669995723648758,4.57457623141192e-08,3.17392796924197,7.33964913086168,1.75001841350927,2.6909007600291,0.278418245061402,0.290666686236715,"TSS_more_sig"
1,"eld vs kin","36",3.91454500316839e-06,1.28649322692172e-12,5.40731870974824,11.8905924959039,2.1033931202635,3.05001519811073,0.256602664969695,0.262560507320995,"TSS_more_sig"
1,"eld vs kin","47",0.00035702403785123,3.58313111931686e-06,3.44730254255811,5.44573729918698,2.85543753665051,3.78933013036955,0.540467166994158,0.535317918505981,"TSS_more_sig"
1,"eld vs kin","49",0.00131479620709221,3.52987927991269e-07,2.88114155743594,6.45224014700999,1.97718474518263,2.92179645257305,0.357696482539694,0.363559750170697,"TSS_more_sig"
1,"eld vs kin","55",9.2253239980956e-05,3.01084821522897e-08,4.0350183722568,7.52131113786155,2.47711708346111,3.46246412287606,0.416197112056019,0.412290535827792,"TSS_more_sig"
1,"eld vs kin","58",0.00424870835454649,5.85841851340546e-06,2.3717430793031,5.23221960643895,1.83381398974125,2.7700916720564,0.354714080266386,0.370596064476806,"TSS_more_sig"
1,"eld vs kin","61",0.000181888384941126,1.95599435895868e-08,3.74019503330064,7.70863240204159,2.18963630557249,3.17826473207164,0.354167238471642,0.36591452864475,"TSS_more_sig"
1,"eld vs kin","67",2.40931892492302e-11,4.7521684016424e-06,10.6181057080271,5.32310817774737,-5.40511317496801,-4.3915988710019,0.556902138733548,0.564344381705972,"CLR_more_sig"
1,"eld vs kin","70",0.00121732132731528,1.15792513849483e-06,2.91459476913213,5.93631951745621,2.60911122756322,3.54298289908675,0.518661993933098,0.507474410580246,"TSS_more_sig"
1,"eld vs kin","71",0.00488574854728925,1.54934597788352e-06,2.31106888843399,5.80985159095101,2.71831194370478,3.74319699598166,0.550841229240679,0.533247029454725,"TSS_more_sig"
1,"eld vs kin","74",7.43653266032044e-08,3.05046238030623e-11,7.1286295103535,10.5156343265563,3.78256911218612,4.70783093444822,0.495171445956854,0.498325608672565,"TSS_more_sig"
1,"eld vs kin","77",3.39854534587147e-05,2.86171444885936e-09,4.46870693102924,8.54337370372498,2.34126622637555,3.31722033472713,0.360547951675712,0.3686430243267,"TSS_more_sig"
1,"eld vs kin","79",1.01861673427435e-06,0.0378752261179376,5.99198919332447,1.4216447657113,-3.70802472664476,-2.78918335763292,0.466155101597912,0.488049396869942,"CLR_more_sig"
1,"eld vs kin","80",1.14790001976916e-05,1.67339976999264e-10,4.94009593663616,9.77640029504371,2.47417262141786,3.38844696029077,0.365207228766929,0.343497168759903,"TSS_more_sig"
1,"eld vs kin","84",1.32057228840645e-07,0.00455977261864646,6.87923782043453,2.3410568136797,-3.70630434281307,-2.85244252092769,0.450044571230999,0.473783332835718,"CLR_more_sig"
1,"eld vs kin","89",3.44201728131215e-17,9.94789475728608e-21,16.4631869535437,20.0022688179509,4.88611486587214,5.83098926230546,0.436506992448454,0.434739627495429,"TSS_more_sig"
1,"eld vs kin","91",4.52322396439279e-07,0.0140388938325624,6.34455190792248,1.85266711025037,-4.21480667583699,-3.3090189965911,0.568736750849164,0.576373040042679,"CLR_more_sig"
1,"eld vs kin","103",0.000952450636096403,7.71941013876582e-06,3.02115752381663,5.11241588402518,2.32641296020419,3.24464209527162,0.44591840834973,0.456211992842507,"TSS_more_sig"
1,"eld vs kin","119",3.88684260461701e-07,9.34438988445483e-12,6.4104030455098,11.029449049391,2.45337125417515,3.4444307258603,0.312516513119583,0.32044136077017,"TSS_more_sig"
1,"eld vs kin","121",3.18326321141773e-10,1.53895928609818e-16,9.49712744980495,15.8127728694842,4.5898408985569,5.60451717684322,0.47794924216393,0.506431408157302,"TSS_more_sig"
1,"eld vs kin","124",6.74736358202424e-05,2.5916622791092e-08,4.17086588723429,7.58642159225948,2.55393164972448,3.5484459108033,0.42788386658047,0.431564784779452,"TSS_more_sig"
1,"eld vs kin","125",0.00021823570641568,6.84141042774831e-06,3.66107419127912,5.16485435473558,3.05602209993056,3.87306811207763,0.530502897072711,0.538698253281442,"TSS_more_sig"
1,"eld vs kin","138",7.44570399560614e-11,8.21271808588644e-14,10.1280942331767,13.0855130847394,3.94609481149414,4.84336324365689,0.435684724322778,0.432877953830789,"TSS_more_sig"
1,"eld vs kin","139",2.61216762254936e-05,0.0160653302479665,4.58299895786692,1.79411034241901,-3.89094506905381,-2.8872217427176,0.532039823055018,0.535151057155295,"CLR_more_sig"
1,"eld vs kin","142",0.0234785139174524,0.000757544419088957,1.62932939540888,3.12059189695154,2.19142916463188,3.07942246015264,0.531256861974125,0.539257834039687,"TSS_more_sig"
1,"eld vs kin","151",1.56111465000682e-15,5.01207614142296e-19,14.8065652006936,18.2999823400026,5.43151068233003,6.33537849873701,0.481117557752239,0.478843437839396,"TSS_more_sig"
1,"eld vs kin","164",8.23989901598387e-07,1.75737706090733e-10,6.0840781107628,9.75513504675596,3.25251207083364,4.20417943489996,0.468810362309153,0.457732166837625,"TSS_more_sig"
1,"eld vs kin","169",9.43245462311841e-06,0.0468811930253786,5.02537527539033,1.32900134499026,-3.35158783083301,-2.50627987515804,0.500956485698558,0.531838024462718,"CLR_more_sig"
1,"eld vs kin","206",0.00059130373097471,2.29357668543893e-06,3.22818938070558,5.63948673470959,2.78522663080117,3.81232606281753,0.530964375966493,0.542876746303704,"TSS_more_sig"
1,"eld vs kin","207",2.91655763376458e-09,1.77005358620282e-12,8.53512943710517,11.752013585706,3.63419597355831,4.6468714876573,0.451834177519398,0.470310738948107,"TSS_more_sig"
1,"eld vs kin","217",0.0461847828994676,0.00197771937555687,1.33550109352179,2.70383533169396,1.931292342102,2.96223184867885,0.519611051785965,0.511021873592488,"TSS_more_sig"
1,"eld vs kin","222",2.76843722961935e-06,1.85311980314444e-08,5.55776531905073,7.7320965028815,3.31300578516749,4.19236756979207,0.499903521344853,0.511111108316151,"TSS_more_sig"
1,"eld vs kin","223",0.00521852211777266,1.99289268115331e-05,2.28245247151334,4.70051608777108,2.53738778515192,3.55456358688377,0.526943295180119,0.527059324756143,"TSS_more_sig"
1,"eld vs kin","246",0.000265192908725111,1.33859487316335e-08,3.57643809317348,7.87335084268313,2.90756329387288,3.93062734698024,0.47364959392845,0.477154092367757,"TSS_more_sig"
1,"eld vs kin","247",0.0141321582727826,0.000312062087407707,1.84979150733886,3.50575899080206,2.18707412853654,3.2035479827086,0.501594602100992,0.508811439338567,"TSS_more_sig"
1,"eld vs kin","265",0.000111038921753455,3.25170872428457e-05,3.95452476409742,4.48788836378566,2.77840885556513,3.7116013524225,0.483322027461143,0.46552120891014,"TSS_more_sig"
1,"eld vs kin","294",0.000475043291670558,4.83497125334407e-08,3.32326681042375,7.31560610370118,2.66968056985198,3.54932856140658,0.44789397913791,0.43773186655652,"TSS_more_sig"
1,"eld vs kin","329",0.000433843365204387,1.71745406280733e-09,3.36266703985596,8.76511487030107,2.68110492580192,3.80678443847881,0.429019918818165,0.447535456632312,"TSS_more_sig"
1,"eld vs kin","344",1.44291372560255e-06,5.66484729048102e-10,5.84075963537558,9.24681179309014,3.08953398730946,4.1138878395186,0.414699641347685,0.42044831605378,"TSS_more_sig"
1,"eld vs kin","435",0.00594992976266388,4.68988527418938e-06,2.22548816097188,5.32883778103671,2.94842411375754,3.59329479104825,0.569259113748855,0.546151295547002,"TSS_more_sig"
1,"eld vs kin","652",0.00340035950241267,2.62949101461579e-07,2.46847516482235,6.58012830890051,1.95135180011352,2.92760701480368,0.357373400899301,0.356928242379102,"TSS_more_sig"
1,"eld vs kin","666",1.34229456079151e-08,0.0136134609890418,7.87215216964475,1.86603144883345,-3.84654356495907,-2.82904862478737,0.414068823099769,0.415609692416856,"CLR_more_sig"
1,"eld vs kin","667",0.00838111001298809,2.62228788896633e-05,2.07669845862619,4.58131963082821,2.51437091396168,3.6551907499784,0.562797396682175,0.553927640204536,"TSS_more_sig"
1,"eld vs kin","670",0.0334336336971748,7.56299938278759e-06,1.47581642003106,5.12130593504643,2.06990434667307,3.15361560063685,0.451856604242016,0.426423727645062,"TSS_more_sig"
1,"eld vs kin","728",5.63295199297616e-14,1.81434370910358e-19,13.2492639500383,18.7412804367758,4.18612547334066,5.10922793248449,0.403640326139073,0.386738830406001,"TSS_more_sig"
1,"eld vs kin","744",4.08566906943332e-05,0.0490846915635058,4.38873681321493,1.30905393366376,-3.58091227052496,-2.65983276879658,0.515213690048094,0.527556092063555,"CLR_more_sig"
1,"eld vs kin","786",1.00441076365551e-06,0.0387333517984025,5.99808864186598,1.41191491962725,-3.71076147499653,-2.71980995075587,0.483258520201358,0.498793815914554,"CLR_more_sig"
1,"eld vs kin","825",0.00644725334317124,8.02840988540679e-06,2.190625263963,5.09537046298747,2.16114015763247,3.06506302500944,0.456699414499236,0.457218130535894,"TSS_more_sig"
1,"eld vs kin","854",9.48851511573695e-08,4.99156911626384e-10,7.02280174621321,9.30176291100702,3.37946565694917,4.25171364317691,0.464399409386774,0.459309337194044,"TSS_more_sig"
1,"eld vs kin","857",0.0241507714276863,0.000116855068720257,1.61706899238922,3.93235244485074,1.85739032696264,2.83998519267534,0.419487893484792,0.41539291805055,"TSS_more_sig"
1,"eld vs kin","886",2.14963328512173e-11,4.37703140100608e-14,10.6676356218667,13.358820337729,4.61050956290169,5.55280521916263,0.512353457401071,0.522952583827847,"TSS_more_sig"
1,"eld vs kin","888",1.08282910187892e-05,5.33214167703832e-09,4.96544008074085,8.27309831973483,2.83074535295299,3.77427929226431,0.441127205794779,0.438369569360607,"TSS_more_sig"
1,"eld vs kin","922",0.00625402163236366,2.64351847322258e-05,2.20384062088651,4.5778176503466,2.27160967471715,3.20419303604016,0.456556512309565,0.47435300602723,"TSS_more_sig"
1,"eld vs kin","926",0.00174572317655715,0.000181321230883912,2.75802462227146,3.74155134143181,2.09676430975269,3.18295249628669,0.434013794223203,0.431940707013004,"TSS_more_sig"
1,"eld vs kin","929",0.0443930892723838,0.00462002734588963,1.35268463178774,2.33535545385214,2.11228510637094,3.08622581351234,0.459242191484268,0.470776353808928,"TSS_more_sig"
1,"eld vs kin","944",0.000135014605732482,7.43095663899333e-10,3.86961924746122,9.12895527287575,2.00807843181723,2.95295477171202,0.298184011540326,0.292165337048632,"TSS_more_sig"
1,"eld vs kin","947",6.51030833861228e-11,2.90879188826738e-16,10.1863984420636,15.5362873495712,4.29330494011744,5.17535627664208,0.453559326084018,0.432372772820382,"TSS_more_sig"
1,"eld vs kin","977",0.0194139510200249,0.000278147881911653,1.71188607040365,3.5557242428509,2.28966199332035,3.05629982193854,0.522109928926824,0.513694337444865,"TSS_more_sig"
1,"eld vs kin","978",1.19374529723554e-24,8.97853074414921e-29,23.9230883263097,28.0467947259067,6.13031160124509,7.02229053983742,0.41180771502571,0.404571254520748,"TSS_more_sig"
1,"eld vs kin","984",5.72221090367972e-17,1.67960357842526e-18,16.2424361394325,17.774793208761,4.85996158974349,5.82684512635962,0.422045861383273,0.425831035302723,"TSS_more_sig"
1,"eld vs kin","988",2.35575066290923e-05,2.30058996464113e-07,4.62787067799913,6.63816077896808,3.22748831002345,4.02744280449947,0.537934584382134,0.530511798156265,"TSS_more_sig"
1,"eld vs kin","991",8.33544721226339e-05,0.0262734081540933,4.07907109450329,1.58048358741527,-3.70417469627258,-2.82253910928,0.573073127957201,0.566877076050207,"CLR_more_sig"
1,"eld vs kin","1014",1.69694780224932e-08,0.0134763919012191,7.77033151628205,1.87042636797423,-4.27750548707247,-3.30432321459264,0.50345123920417,0.528195577568546,"CLR_more_sig"
1,"eld vs kin","1019",0.0112214261946627,7.80529602589302e-06,1.94995194262445,5.10761062111228,1.99085121805762,3.07997687566349,0.432440609566694,0.446063147320645,"TSS_more_sig"
1,"eld vs kin","1020",0.000420926744429865,1.94771687242005e-05,3.3757934795993,4.71047417357765,2.3628145799913,3.33436767953244,0.433094112749071,0.422450454062975,"TSS_more_sig"
1,"eld vs kin","1021",1.16021198627915e-05,0.0440730445625727,4.93546265210062,1.35582694742396,-3.83878788324956,-2.87682482589234,0.556412313669983,0.557392718103227,"CLR_more_sig"
1,"eld vs kin","1023",0.0236712032580474,0.000840342013085326,1.62577966538953,3.07554392326504,2.06460576251347,2.9895610766578,0.48395237458918,0.478607585735785,"TSS_more_sig"
1,"eld vs kin","1027",0.00249273794928214,0.00113112859856186,2.60332337458991,2.9464880171162,2.46616069890644,3.39175203856491,0.519159101861664,0.508993159992453,"TSS_more_sig"
1,"eld vs kin","1030",4.9292652336416e-09,1.03034704326458e-16,8.30721781272216,15.9870164708393,4.1538792374391,5.13056559445843,0.437246166115502,0.427482417951551,"TSS_more_sig"
1,"eld vs kin","1043",0.00325279638328011,8.94588157168379e-08,2.4877431215892,7.04837685544848,2.30959031424716,3.33001209660776,0.410619898162757,0.434653079851879,"TSS_more_sig"
1,"eld vs kin","1059",0.00153929103129613,2.67265945915646e-05,2.81267926104134,4.57305637398979,2.61726002446565,3.63526095382146,0.575112286813826,0.583190283920191,"TSS_more_sig"
1,"eld vs kin","1074",4.07564396937005e-19,6.7460440090766e-25,18.3898037610963,24.1709508299365,4.92550779556404,5.98836132254928,0.387440614528486,0.388455902683445,"TSS_more_sig"
1,"eld vs kin","1076",1.55309458515342e-13,5.39644918951602e-18,12.8088020944586,17.2678919077012,4.48241862688663,5.51829619154493,0.433235101757108,0.432622731353281,"TSS_more_sig"
1,"eld vs kin","1082",5.35496681913586e-05,4.25951136110928e-07,4.27124321583322,6.37064021905354,2.9564392512344,3.8728249170796,0.497773974099676,0.485674200448162,"TSS_more_sig"
1,"eld vs kin","1089",2.57341134390289e-12,7.50455278387837e-19,11.5894907889514,18.1246751834048,3.00166219227256,3.94410193008926,0.281658045128279,0.289082151968841,"TSS_more_sig"
1,"eld vs kin","1098",2.65729014235569e-27,1.53506108183295e-32,26.5755610235556,31.8138743387697,7.00647599605586,7.93714717522438,0.450959931083318,0.445379156496996,"TSS_more_sig"
1,"eld vs kin","1105",2.34064988156031e-09,0.000401851378312354,8.63066354396168,3.39593453774441,-4.64126895527681,-3.6549239205763,0.498209927912004,0.51373186301982,"CLR_more_sig"
1,"eld vs kin","1108",5.50543106417218e-05,1.39554002985023e-06,4.25920867097704,5.85525770163774,2.5074604392825,3.45268023186953,0.428343047863925,0.436722615692707,"TSS_more_sig"
1,"eld vs kin","1112",5.16629422374414e-05,0.0498887865398045,4.28682086411123,1.30199705940971,-3.59408592806195,-2.5995353412432,0.524861435967161,0.531031616165448,"CLR_more_sig"
